"Cell1","Cell2","ligand","receptor","pathway","n_iv_L","n_iv_R","window_overlap","n_shared_candidates","n_shared_selected","n_cross_L_nom","n_cross_R_nom","n_cross_L_bonf","n_cross_R_bonf","F_L","F_R","max_abs_r_L","max_abs_r_R","max_abs_r_LR","F_L_k5","F_R_k5","n_iv_L_k5","n_iv_R_k5","n_shared_k5","n_cross_k5","F_L_k10","F_R_k10","n_iv_L_k10","n_iv_R_k10","n_shared_k10","n_cross_k10","F_L_k20","F_R_k20","n_iv_L_k20","n_iv_R_k20","n_shared_k20","n_cross_k20"
"CD4Cells","BCells","ICAM1","ITGAL","Adhesion by ICAM",2,1,FALSE,0,0,0,0,0,0,1.52800527147395,0.205244156382536,0.0570760357974681,NA,0.0638804426977462,1.52800527147395,0.205244156382536,2,1,0,0,1.52800527147395,0.205244156382536,2,1,0,0,1.52800527147395,0.205244156382536,2,1,0,0
"CD4Cells","BCells","ICAM1","ITGB2","Adhesion by ICAM",2,10,FALSE,0,0,0,1,0,0,1.52800527147395,1.75616098023708,0.0570760357974681,0.626273093751903,0.0653881379392256,1.52800527147395,2.75894583889619,2,5,0,1,1.52800527147395,1.75616098023708,2,10,0,1,1.52800527147395,1.07919670158026,2,20,0,1
"CD4Cells","BCells","ICAM1","ITGAM","Adhesion by ICAM",2,10,FALSE,0,0,0,1,0,0,1.52800527147395,1.35251098140741,0.0570760357974681,0.811274647432555,0.0853409620842956,1.52800527147395,0.814122216436782,2,5,0,0,1.52800527147395,1.35251098140741,2,10,0,1,1.52800527147395,1.0664611536416,2,19,0,1
"CD4Cells","BCells","ICAM1","ITGAX","Adhesion by ICAM",2,10,FALSE,0,0,0,0,0,0,1.52800527147395,1.18873744516816,0.0570760357974681,0.757883514435595,0.101785007112728,1.52800527147395,1.7981628223831,2,5,0,0,1.52800527147395,1.18873744516816,2,10,0,0,1.52800527147395,0.790907627727363,2,19,0,1
"CD4Cells","BCells","ICAM2","ITGAL","Adhesion by ICAM",10,1,FALSE,0,0,0,0,0,0,3.17312291444187,0.205244156382536,0.710827117764552,NA,0.0678280314630403,4.65626366985553,0.205244156382536,5,1,0,0,3.17312291444187,0.205244156382536,10,1,0,0,2.0681638749946,0.205244156382536,20,1,0,0
"CD4Cells","BCells","ICAM2","ITGB2","Adhesion by ICAM",10,10,FALSE,0,0,1,2,0,1,3.17312291444187,1.75616098023708,0.710827117764552,0.626273093751903,0.0669361010167184,4.65626366985553,2.75894583889619,5,5,0,1,3.17312291444187,1.75616098023708,10,10,0,3,2.0681638749946,1.07919670158026,20,20,0,6
"CD4Cells","BCells","ICAM3","ITGB2","Adhesion by ICAM",2,10,FALSE,0,0,0,0,0,0,1.20612500272612,1.75616098023708,0.0570760357974681,0.626273093751903,0.0653881379392256,1.20612500272612,2.75894583889619,2,5,0,0,1.20612500272612,1.75616098023708,2,10,0,0,1.20612500272612,1.07919670158026,2,20,0,0
"CD4Cells","BCells","ICAM3","ITGAL","Adhesion by ICAM",2,1,FALSE,0,0,0,0,0,0,1.20612500272612,0.205244156382536,0.0570760357974681,NA,0.0638804426977462,1.20612500272612,0.205244156382536,2,1,0,0,1.20612500272612,0.205244156382536,2,1,0,0,1.20612500272612,0.205244156382536,2,1,0,0
"CD4Cells","BCells","ICAM4","ITGAL","Adhesion by ICAM",2,1,FALSE,0,0,0,0,0,0,0.146892644010487,0.205244156382536,0.0570760357974681,NA,0.0638804426977462,0.146892644010487,0.205244156382536,2,1,0,0,0.146892644010487,0.205244156382536,2,1,0,0,0.146892644010487,0.205244156382536,2,1,0,0
"CD4Cells","BCells","ICAM4","ITGB2","Adhesion by ICAM",2,10,FALSE,0,0,0,1,0,0,0.146892644010487,1.75616098023708,0.0570760357974681,0.626273093751903,0.0653881379392256,0.146892644010487,2.75894583889619,2,5,0,1,0.146892644010487,1.75616098023708,2,10,0,1,0.146892644010487,1.07919670158026,2,20,0,1
"CD4Cells","BCells","CCL28","CCR10","Signaling by Chemokines",10,2,FALSE,0,0,1,0,0,0,2.75125128489541,0.456089138673736,0.779637278447889,0.0476282730359175,0.0887967436817022,4.82512418755334,0.456089138673736,5,2,0,0,2.75125128489541,0.456089138673736,10,2,0,1,2.75125128489541,0.456089138673736,10,2,0,1
"CD4Cells","BCells","PPBP","CXCR2","Signaling by Chemokines",6,8,FALSE,0,0,1,1,0,0,1.46438845811005,0.716442322205271,0.593566536928794,0.884902346738084,0.0967870009758909,1.700636693349,1.03386474020218,5,5,0,2,1.46438845811005,0.716442322205271,6,8,0,2,1.46438845811005,0.716442322205271,6,8,0,2
"CD4Cells","BCells","CXCL8","CXCR2","Signaling by Chemokines",10,8,FALSE,0,0,0,1,0,0,1.88792619878176,0.716442322205271,0.252035589474258,0.884902346738084,0.0947835166005891,3.5045856348804,1.03386474020218,5,5,0,1,1.88792619878176,0.716442322205271,10,8,0,1,1.71454999491348,0.716442322205271,11,8,0,1
"CD4Cells","BCells","LIPA","RORA","Signaling by Cholesterol",3,10,FALSE,0,0,0,0,0,0,1.71338048550647,0.965788381244709,0.674646104181194,0.69562893795273,0.0819092840348136,1.71338048550647,1.27552067723767,3,5,0,0,1.71338048550647,0.965788381244709,3,10,0,0,1.71338048550647,0.978342000549476,3,14,0,1
"CD4Cells","BCells","SLC6A6","GABBR1","Signaling by GABA",10,10,FALSE,0,0,0,0,0,0,1.66720834982316,1.50908433954388,0.873352069861347,0.89313336081004,0.0933795673868334,2.15107491516592,2.68164892501996,5,5,0,0,1.66720834982316,1.50908433954388,10,10,0,0,1.78444373670955,1.21944816073696,20,20,0,0
"CD4Cells","BCells","IFNG","IFNGR1","Signaling by Interferon",10,10,FALSE,0,0,0,0,0,0,1.63881951728106,1.2298943525855,0.752432734563779,0.702258229742965,0.0919738860789957,1.90555656796898,2.05552502513343,5,5,0,0,1.63881951728106,1.2298943525855,10,10,0,0,1.02047315655137,0.882876498325969,20,14,0,0
"CD4Cells","BCells","IFNG","IFNGR2","Signaling by Interferon",10,10,FALSE,0,0,0,0,0,0,1.63881951728106,1.63865322105325,0.752432734563779,0.416487486018798,0.0915391878534879,1.90555656796898,3.10796438957688,5,5,0,0,1.63881951728106,1.63865322105325,10,10,0,0,1.02047315655137,1.10356905946475,20,17,0,2
"CD4Cells","BCells","IL23A","IL12RB1","Signaling by Interleukin",1,10,FALSE,0,0,0,0,0,0,0.896987447511372,3.9533126129377,NA,0.846433861250938,0.0626915801371882,0.896987447511372,4.91048857474262,1,5,0,0,0.896987447511372,3.9533126129377,1,10,0,0,0.896987447511372,2.35244863258372,1,20,0,1
"CD4Cells","BCells","IL15","IL15RA","Signaling by Interleukin",4,10,FALSE,0,0,2,0,0,0,1.56535503613173,2.6319493048586,0.043146454898796,0.685177186183383,0.0600537796822417,1.56535503613173,3.56461718775961,4,5,0,2,1.56535503613173,2.6319493048586,4,10,0,2,1.56535503613173,2.07806456664147,4,20,0,2
"CD4Cells","BCells","IL15","IL2RB","Signaling by Interleukin",4,10,FALSE,0,0,0,0,0,0,1.56535503613173,1.58203951984177,0.043146454898796,0.796433799219299,0.0837257614339868,1.56535503613173,2.47970467919347,4,5,0,0,1.56535503613173,1.58203951984177,4,10,0,0,1.56535503613173,1.07115171771351,4,20,0,1
"CD4Cells","BCells","IL18","IL18R1","Signaling by Interleukin",10,10,FALSE,0,0,1,2,0,0,1.20720085318872,1.03657011378159,0.755946807940007,0.818913596244726,0.109562017601861,1.18938896410407,1.45762443522741,5,5,0,2,1.20720085318872,1.03657011378159,10,10,0,3,1.10650572583443,1.09896226671264,11,20,0,4
"CD4Cells","BCells","IL18","IL18RAP","Signaling by Interleukin",10,10,FALSE,0,0,0,2,0,0,1.20720085318872,1.50243815130328,0.755946807940007,0.818913596244726,0.109562017601861,1.18938896410407,2.63908110553827,5,5,0,1,1.20720085318872,1.50243815130328,10,10,0,2,1.10650572583443,1.08001212139333,11,20,0,4
"CD4Cells","BCells","IL1B","IL1RAP","Signaling by Interleukin",10,10,FALSE,0,0,0,1,0,0,1.30243891292269,2.04529198293765,0.885503411540428,0.179691008232216,0.0830542005195539,2.36772080473542,2.70824510795041,5,5,0,0,1.30243891292269,2.04529198293765,10,10,0,1,0.982187192314306,1.39062659210568,15,20,0,1
"CD4Cells","BCells","IL6","IL6R","Signaling by Interleukin",10,10,FALSE,0,0,0,0,0,0,2.3834307771846,1.55147903787655,0.86004610905168,0.89128052760147,0.0772091899971705,2.75953027201686,2.75920795547286,5,5,0,0,2.3834307771846,1.55147903787655,10,10,0,0,1.7560222395707,0.930196770275068,20,20,0,3
"CD4Cells","BCells","IL6","IL6ST","Signaling by Interleukin",10,10,FALSE,0,0,1,1,0,0,2.3834307771846,1.70932233258576,0.86004610905168,0.695535259669656,0.107049706976674,2.75953027201686,2.58808522531256,5,5,0,1,2.3834307771846,1.70932233258576,10,10,0,2,1.7560222395707,1.2178038718035,20,20,0,3
"CD4Cells","BCells","CLEC2B","KLRF1","Signaling by Leptin",10,10,TRUE,29,6,3,3,0,0,1.90498665641538,1.81015814953623,0.726197378304495,0.762676791930587,1,2.78181492871245,2.68409132925963,5,5,1,2,1.90498665641538,1.81015814953623,10,10,6,6,1.28279435846733,1.38628197213653,20,20,17,7
"CD4Cells","BCells","AKR1C3","PTGDR","Signaling by Prostaglandin",10,10,FALSE,0,0,1,3,0,0,3.19824225445335,1.14381809911824,0.806756277906672,0.751497169221654,0.0851752277461593,5.60423506943029,2.00780996360725,5,5,0,3,3.19824225445335,1.14381809911824,10,10,0,4,2.14197563203446,1.09105139249393,20,11,0,4
"CD4Cells","BCells","PTGES2","PTGER2","Signaling by Prostaglandin",8,10,FALSE,0,0,0,0,0,0,1.60151056271451,1.25276958076099,0.722443126853098,0.556446668363349,0.0727165684689221,2.23351339528049,2.19685914394079,5,5,0,0,1.60151056271451,1.25276958076099,8,10,0,0,1.60151056271451,1.08832487184902,8,12,0,0
"CD4Cells","BCells","PTGES2","PTGER4","Signaling by Prostaglandin",8,9,FALSE,0,0,0,1,0,0,1.60151056271451,0.260619060047471,0.722443126853098,0.54824958184163,0.0978298287784509,2.23351339528049,0.366262015257278,5,5,0,0,1.60151056271451,0.260619060047471,8,9,0,1,1.60151056271451,0.260619060047471,8,9,0,1
"CD4Cells","BCells","PTGES3","PTGER2","Signaling by Prostaglandin",3,10,FALSE,0,0,0,0,0,0,0.618799728988947,1.25276958076099,0.447686754361112,0.556446668363349,0.0696710643683757,0.618799728988947,2.19685914394079,3,5,0,0,0.618799728988947,1.25276958076099,3,10,0,0,0.618799728988947,1.08832487184902,3,12,0,0
"CD4Cells","BCells","PTGES3","PTGER4","Signaling by Prostaglandin",3,9,FALSE,0,0,0,1,0,0,0.618799728988947,0.260619060047471,0.447686754361112,0.54824958184163,0.0742897414115799,0.618799728988947,0.366262015257278,3,5,0,0,0.618799728988947,0.260619060047471,3,9,0,1,0.618799728988947,0.260619060047471,3,9,0,1
"CD4Cells","BCells","SEMA4A","PLXND1","Signaling by Semaphorin",2,10,FALSE,0,0,0,0,0,0,0.0528687473616495,2.68795985473625,0.0182408770809854,0.741033473569053,0.0546430059890656,0.0528687473616495,4.65653027188564,2,5,0,0,0.0528687473616495,2.68795985473625,2,10,0,0,0.0528687473616495,2.68795985473625,2,10,0,0
"CD4Cells","BCells","SEMA4C","PLXNB2","Signaling by Semaphorin",9,10,FALSE,0,0,0,0,0,0,0.808083631793894,1.62444304687971,0.876349407721221,0.572208299307419,0.105821697593373,1.42383626961456,2.43436561470841,5,5,0,0,0.808083631793894,1.62444304687971,9,10,0,0,0.808083631793894,1.47952434685482,9,11,0,0
"CD4Cells","BCells","SEMA4D","CD72","Signaling by Semaphorin",10,3,FALSE,0,0,1,0,0,0,4.96240035300621,1.80817656324595,0.883360302962156,0.822575701369025,0.0822095532258548,8.80515351512414,1.80817656324595,5,3,0,0,4.96240035300621,1.80817656324595,10,3,0,1,2.95363917024445,1.80817656324595,20,3,0,1
"CD4Cells","BCells","SEMA4D","PLXNB2","Signaling by Semaphorin",10,10,FALSE,0,0,1,0,0,0,4.96240035300621,1.62444304687971,0.883360302962156,0.572208299307419,0.0883069677788456,8.80515351512414,2.43436561470841,5,5,0,0,4.96240035300621,1.62444304687971,10,10,0,1,2.95363917024445,1.47952434685482,20,11,0,2
"CD4Cells","BCells","SEMA4D","PTPRC","Signaling by Semaphorin",10,10,FALSE,0,0,0,0,0,0,4.96240035300621,2.35467310904267,0.883360302962156,0.641157012361345,0.0915289844701463,8.80515351512414,2.56555366288152,5,5,0,0,4.96240035300621,2.35467310904267,10,10,0,0,2.95363917024445,1.52807330830709,20,19,0,1
"CD4Cells","BCells","TBXAS1","TBXA2R","Signaling by Thromboxane",1,1,FALSE,0,0,0,0,0,0,0.374038158969062,0.594468361135896,NA,NA,0.000153294970208636,0.374038158969062,0.594468361135896,1,1,0,0,0.374038158969062,0.594468361135896,1,1,0,0,0.374038158969062,0.594468361135896,1,1,0,0
"CD4Cells","BCells","WNT7A","FZD3","Signaling by WNT",10,10,FALSE,0,0,1,0,0,0,2.47858333896762,2.74281236429804,0.744282310511022,0.706982143251426,0.103019215006032,4.51540202007972,4.18363194198847,5,5,0,0,2.47858333896762,2.74281236429804,10,10,0,1,1.78597187609846,2.06240108917849,15,20,0,2
"CD4Cells","BCells","ITGAV","ADGRE2","Signaling by Integrin",10,10,FALSE,0,0,0,2,0,0,1.48481292919298,1.21597246618004,0.849722629409996,0.703456810516737,0.089421318740027,1.85818691261121,1.56122617938409,5,5,0,2,1.48481292919298,1.21597246618004,10,10,0,2,1.36019261155298,0.692545651424391,13,20,0,2
"CD4Cells","BCells","ITGB1","ADGRE2","Signaling by Integrin",10,10,FALSE,0,0,0,2,0,0,1.60195995981018,1.21597246618004,0.82060075869956,0.703456810516737,0.0797473428550584,2.44002863659018,1.56122617938409,5,5,0,0,1.60195995981018,1.21597246618004,10,10,0,2,1.35641953083959,0.692545651424391,17,20,0,3
"CD4Cells","BCells","ITGAV","ADGRE5","Signaling by Integrin",10,8,FALSE,0,0,0,0,0,0,1.48481292919298,0.857735380172041,0.849722629409996,0.554556050423018,0.0897069693981096,1.85818691261121,1.11305683631265,5,5,0,0,1.48481292919298,0.857735380172041,10,8,0,0,1.36019261155298,0.857735380172041,13,8,0,0
"CD4Cells","BCells","ITGB1","ADGRE5","Signaling by Integrin",10,8,FALSE,0,0,0,1,0,0,1.60195995981018,0.857735380172041,0.82060075869956,0.554556050423018,0.103334128751,2.44002863659018,1.11305683631265,5,5,0,1,1.60195995981018,0.857735380172041,10,8,0,1,1.35641953083959,0.857735380172041,17,8,0,1
"CD8Cells","BCells","ICAM1","ITGAL","Adhesion by ICAM",2,1,FALSE,0,0,0,0,0,0,0.162468102122871,0.0472601921881494,0.0563371506486234,NA,0.0593629413667957,0.162468102122871,0.0472601921881494,2,1,0,0,0.162468102122871,0.0472601921881494,2,1,0,0,0.162468102122871,0.0472601921881494,2,1,0,0
"CD8Cells","BCells","ICAM1","ITGB2","Adhesion by ICAM",2,10,FALSE,0,0,0,0,0,0,0.162468102122871,1.85040397131293,0.0563371506486234,0.618115878947924,0.0707456337166008,0.162468102122871,2.37170523171051,2,5,0,0,0.162468102122871,1.85040397131293,2,10,0,0,0.162468102122871,1.10453674830282,2,20,0,0
"CD8Cells","BCells","ICAM1","ITGAM","Adhesion by ICAM",2,10,FALSE,0,0,0,0,0,0,0.162468102122871,0.664112585042696,0.0563371506486234,0.862403454554198,0.0807143375744108,0.162468102122871,1.02056409773617,2,5,0,0,0.162468102122871,0.664112585042696,2,10,0,0,0.162468102122871,0.962410660750376,2,20,0,0
"CD8Cells","BCells","ICAM1","ITGAX","Adhesion by ICAM",2,10,FALSE,0,0,0,1,0,0,0.162468102122871,1.0110582888024,0.0563371506486234,0.764072139004415,0.0969245861847497,0.162468102122871,1.36990682393326,2,5,0,1,0.162468102122871,1.0110582888024,2,10,0,1,0.162468102122871,0.716326205613903,2,20,0,1
"CD8Cells","BCells","ICAM2","ITGAL","Adhesion by ICAM",10,1,FALSE,0,0,0,0,0,0,3.70766020222141,0.0472601921881494,0.827274433376528,NA,0.0615279372228853,5.65049985529084,0.0472601921881494,5,1,0,0,3.70766020222141,0.0472601921881494,10,1,0,0,2.51952796125337,0.0472601921881494,20,1,0,0
"CD8Cells","BCells","ICAM2","ITGB2","Adhesion by ICAM",10,10,FALSE,0,0,0,2,0,0,3.70766020222141,1.85040397131293,0.827274433376528,0.618115878947924,0.0965691305045778,5.65049985529084,2.37170523171051,5,5,0,2,3.70766020222141,1.85040397131293,10,10,0,2,2.51952796125337,1.10453674830282,20,20,0,5
"CD8Cells","BCells","ICAM3","ITGB2","Adhesion by ICAM",2,10,FALSE,0,0,0,2,0,0,0.24009738965927,1.85040397131293,0.0563371506486234,0.618115878947924,0.0707456337166008,0.24009738965927,2.37170523171051,2,5,0,0,0.24009738965927,1.85040397131293,2,10,0,2,0.24009738965927,1.10453674830282,2,20,0,3
"CD8Cells","BCells","ICAM3","ITGAL","Adhesion by ICAM",2,1,FALSE,0,0,0,0,0,0,0.24009738965927,0.0472601921881494,0.0563371506486234,NA,0.0593629413667957,0.24009738965927,0.0472601921881494,2,1,0,0,0.24009738965927,0.0472601921881494,2,1,0,0,0.24009738965927,0.0472601921881494,2,1,0,0
"CD8Cells","BCells","ICAM4","ITGAL","Adhesion by ICAM",2,1,FALSE,0,0,0,0,0,0,0.436610682392732,0.0472601921881494,0.0563371506486234,NA,0.0593629413667957,0.436610682392732,0.0472601921881494,2,1,0,0,0.436610682392732,0.0472601921881494,2,1,0,0,0.436610682392732,0.0472601921881494,2,1,0,0
"CD8Cells","BCells","ICAM4","ITGB2","Adhesion by ICAM",2,10,FALSE,0,0,0,0,0,0,0.436610682392732,1.85040397131293,0.0563371506486234,0.618115878947924,0.0707456337166008,0.436610682392732,2.37170523171051,2,5,0,0,0.436610682392732,1.85040397131293,2,10,0,0,0.436610682392732,1.10453674830282,2,20,0,0
"CD8Cells","BCells","CCL28","CCR10","Signaling by Chemokines",10,2,FALSE,0,0,2,0,0,0,0.236535635223437,0.383295678459459,0.778327898804943,0.0469156039220096,0.0940342721675114,0.290148923286438,0.383295678459459,5,2,0,1,0.236535635223437,0.383295678459459,10,2,0,2,0.236535635223437,0.383295678459459,10,2,0,2
"CD8Cells","BCells","PPBP","CXCR2","Signaling by Chemokines",5,8,FALSE,0,0,0,0,0,0,2.29608850364476,0.815831231818505,0.589148602347235,0.886104459681866,0.0963526252368546,2.29608850364476,1.27303817543548,5,5,0,0,2.29608850364476,0.815831231818505,5,8,0,0,2.29608850364476,0.815831231818505,5,8,0,0
"CD8Cells","BCells","CXCL8","CXCR2","Signaling by Chemokines",10,8,FALSE,0,0,0,2,0,0,2.25635462208923,0.815831231818505,0.264068953928853,0.886104459681866,0.105178206274684,4.19566154987342,1.27303817543548,5,5,0,1,2.25635462208923,0.815831231818505,10,8,0,2,2.06460644106978,0.815831231818505,11,8,0,2
"CD8Cells","BCells","LIPA","RORA","Signaling by Cholesterol",3,10,FALSE,0,0,0,1,0,0,0.742283633304734,0.994916812473088,0.665780624903876,0.668849878065367,0.0887389669538119,0.742283633304734,1.10932312095958,3,5,0,1,0.742283633304734,0.994916812473088,3,10,0,1,0.742283633304734,1.08913329063183,3,13,0,1
"CD8Cells","BCells","SLC6A6","GABBR1","Signaling by GABA",10,10,FALSE,0,0,0,1,0,0,3.12110687939362,2.03895351475126,0.870032043572333,0.804309187168903,0.109284095973676,4.21361865080353,3.46235326667595,5,5,0,0,3.12110687939362,2.03895351475126,10,10,0,1,1.79840144367427,1.33085224346067,20,20,0,3
"CD8Cells","BCells","IFNG","IFNGR1","Signaling by Interferon",10,10,FALSE,0,0,0,1,0,0,1.5750780589971,1.52313472904232,0.762552282286464,0.770018858933707,0.0972524418298085,2.2767483255382,2.35604794768069,5,5,0,0,1.5750780589971,1.52313472904232,10,10,0,1,1.00724346965983,1.06500522219477,20,14,0,1
"CD8Cells","BCells","IFNG","IFNGR2","Signaling by Interferon",10,10,FALSE,0,0,0,0,0,0,1.5750780589971,1.73928221593789,0.762552282286464,0.418205312647773,0.0916201558174413,2.2767483255382,3.04155666082521,5,5,0,0,1.5750780589971,1.73928221593789,10,10,0,0,1.00724346965983,1.21480461128413,20,16,0,2
"CD8Cells","BCells","IL23A","IL12RB1","Signaling by Interleukin",1,10,FALSE,0,0,1,1,1,1,1.31056434082016,3.57183430943517,NA,0.84368732081353,0.0714987521874866,1.31056434082016,5.00843892536171,1,5,0,2,1.31056434082016,3.57183430943517,1,10,0,2,1.31056434082016,2.06412500539001,1,20,0,2
"CD8Cells","BCells","IL15","IL15RA","Signaling by Interleukin",4,10,FALSE,0,0,1,0,0,0,3.07935400256543,2.13007940243426,0.0441824829880815,0.683571869476469,0.0683179529334801,3.07935400256543,3.04868870943718,4,5,0,1,3.07935400256543,2.13007940243426,4,10,0,1,3.07935400256543,1.36707915595562,4,20,0,2
"CD8Cells","BCells","IL15","IL2RB","Signaling by Interleukin",4,10,FALSE,0,0,0,0,0,0,3.07935400256543,1.825334153376,0.0441824829880815,0.795864040951543,0.06186788072701,3.07935400256543,2.48813273318427,4,5,0,0,3.07935400256543,1.825334153376,4,10,0,0,3.07935400256543,1.17225567523721,4,20,0,0
"CD8Cells","BCells","IL18","IL18R1","Signaling by Interleukin",10,10,FALSE,0,0,0,0,0,0,2.34825538126859,1.58453246828132,0.757691863555188,0.819805822761637,0.120880866644456,3.89303673225993,2.17226221463619,5,5,0,0,2.34825538126859,1.58453246828132,10,10,0,0,2.35607302054302,0.981436663502589,11,20,0,1
"CD8Cells","BCells","IL18","IL18RAP","Signaling by Interleukin",10,10,FALSE,0,0,0,0,0,0,2.34825538126859,1.50997678367829,0.757691863555188,0.819805822761637,0.120880866644456,3.89303673225993,2.70086962492403,5,5,0,0,2.34825538126859,1.50997678367829,10,10,0,0,2.35607302054302,1.11302256564339,11,20,0,0
"CD8Cells","BCells","IL1B","IL1RAP","Signaling by Interleukin",10,10,FALSE,0,0,0,0,0,0,2.03613268114988,2.48955206424257,0.892810544366617,0.744376489386672,0.0925320374108908,2.35035829097087,3.37384429831929,5,5,0,0,2.03613268114988,2.48955206424257,10,10,0,0,1.48251254953531,1.84145187298251,15,20,0,0
"CD8Cells","BCells","IL6","IL6R","Signaling by Interleukin",10,10,FALSE,0,0,1,0,0,0,1.21953522302213,1.56350505507197,0.85320926296205,0.892697551162422,0.0754059159885965,2.30032244875686,2.75820528052032,5,5,0,0,1.21953522302213,1.56350505507197,10,10,0,1,1.00259430079297,0.977385057602442,20,20,0,2
"CD8Cells","BCells","IL6","IL6ST","Signaling by Interleukin",10,10,FALSE,0,0,0,0,0,0,1.21953522302213,1.64771435761332,0.85320926296205,0.825941727755691,0.109804044845619,2.30032244875686,2.20073880753071,5,5,0,0,1.21953522302213,1.64771435761332,10,10,0,0,1.00259430079297,1.08942423142498,20,19,0,3
"CD8Cells","BCells","CLEC2B","KLRF1","Signaling by Leptin",10,10,TRUE,29,4,2,3,0,0,3.0866035932009,2.27700070040004,0.74143568078315,0.719219127179804,1,3.69208195343764,3.03111836913822,5,5,1,2,3.0866035932009,2.27700070040004,10,10,4,5,1.90176468683823,1.58865951940587,20,20,12,9
"CD8Cells","BCells","AKR1C3","PTGDR","Signaling by Prostaglandin",10,10,FALSE,0,0,0,0,0,0,1.65787257074249,1.36104379783756,0.808438831100711,0.745373330794323,0.0698980617526593,2.65477034178491,2.20611742883294,5,5,0,0,1.65787257074249,1.36104379783756,10,10,0,0,1.41460370547155,1.23893219547822,20,11,0,0
"CD8Cells","BCells","PTGES2","PTGER2","Signaling by Prostaglandin",8,10,FALSE,0,0,0,1,0,0,1.11773033021784,1.43267700065362,0.725854494815598,0.549801968424112,0.0859267745896199,1.72635300237533,2.37819217698353,5,5,0,1,1.11773033021784,1.43267700065362,8,10,0,1,1.11773033021784,1.23501013330518,8,12,0,1
"CD8Cells","BCells","PTGES2","PTGER4","Signaling by Prostaglandin",8,9,FALSE,0,0,1,0,0,0,1.11773033021784,0.18045124151928,0.725854494815598,0.55652550992512,0.0864967785981969,1.72635300237533,0.255154976594489,5,5,0,0,1.11773033021784,0.18045124151928,8,9,0,1,1.11773033021784,0.18045124151928,8,9,0,1
"CD8Cells","BCells","PTGES3","PTGER2","Signaling by Prostaglandin",3,10,FALSE,0,0,0,0,0,0,0.617614244862995,1.43267700065362,0.448872085968499,0.549801968424112,0.0656565908082704,0.617614244862995,2.37819217698353,3,5,0,0,0.617614244862995,1.43267700065362,3,10,0,0,0.617614244862995,1.23501013330518,3,12,0,0
"CD8Cells","BCells","PTGES3","PTGER4","Signaling by Prostaglandin",3,9,FALSE,0,0,1,1,1,0,0.617614244862995,0.18045124151928,0.448872085968499,0.55652550992512,0.0730149996052153,0.617614244862995,0.255154976594489,3,5,0,1,0.617614244862995,0.18045124151928,3,9,0,2,0.617614244862995,0.18045124151928,3,9,0,2
"CD8Cells","BCells","SEMA4A","PLXND1","Signaling by Semaphorin",2,10,FALSE,0,0,0,0,0,0,4.20684107673433,3.22574540653455,0.0169917203618353,0.734884297757909,0.0517745193222527,4.20684107673433,5.79128209472865,2,5,0,0,4.20684107673433,3.22574540653455,2,10,0,0,4.20684107673433,3.22574540653455,2,10,0,0
"CD8Cells","BCells","SEMA4C","PLXNB2","Signaling by Semaphorin",8,10,FALSE,0,0,0,0,0,0,1.40151472294869,1.7162894906753,0.876874202145551,0.568794912679138,0.0998811981087232,1.38082808404024,2.46869071965927,5,5,0,0,1.40151472294869,1.7162894906753,8,10,0,0,1.40151472294869,1.43131608803614,8,12,0,0
"CD8Cells","BCells","SEMA4D","CD72","Signaling by Semaphorin",10,2,FALSE,0,0,1,0,0,0,2.00432070320686,1.50854196931196,0.781264336227754,0.81765979051121,0.0662585247284223,2.70367052171975,1.50854196931196,5,2,0,0,2.00432070320686,1.50854196931196,10,2,0,1,1.17651340470908,1.50854196931196,20,2,0,1
"CD8Cells","BCells","SEMA4D","PLXNB2","Signaling by Semaphorin",10,10,FALSE,0,0,2,1,0,0,2.00432070320686,1.7162894906753,0.781264336227754,0.568794912679138,0.0953615195493389,2.70367052171975,2.46869071965927,5,5,0,2,2.00432070320686,1.7162894906753,10,10,0,3,1.17651340470908,1.43131608803614,20,12,0,3
"CD8Cells","BCells","SEMA4D","PTPRC","Signaling by Semaphorin",10,10,FALSE,0,0,1,1,0,0,2.00432070320686,1.41195068866059,0.781264336227754,0.640902583604178,0.0926328987654477,2.70367052171975,2.5759782605345,5,5,0,2,2.00432070320686,1.41195068866059,10,10,0,2,1.17651340470908,1.45558946026298,20,18,0,2
"CD8Cells","BCells","TBXAS1","TBXA2R","Signaling by Thromboxane",1,1,FALSE,0,0,0,0,0,0,0.21766615962177,1.81565335914779,NA,NA,0.00712330061850234,0.21766615962177,1.81565335914779,1,1,0,0,0.21766615962177,1.81565335914779,1,1,0,0,0.21766615962177,1.81565335914779,1,1,0,0
"CD8Cells","BCells","WNT7A","FZD3","Signaling by WNT",10,10,FALSE,0,0,1,2,0,0,2.26034703375955,2.57422296416041,0.820084343005109,0.701737345993273,0.0970550581471736,3.34611839118916,3.44820430202518,5,5,0,2,2.26034703375955,2.57422296416041,10,10,0,3,1.83488765322696,2.06694708570235,15,20,0,3
"CD8Cells","BCells","ITGAV","ADGRE2","Signaling by Integrin",10,10,FALSE,0,0,0,2,0,0,1.10382555421469,0.904046318188062,0.887340643717378,0.689646207812733,0.0744642353208063,2.10151681471373,1.54727392795171,5,5,0,1,1.10382555421469,0.904046318188062,10,10,0,2,1.15721345603199,0.679228440563499,13,20,0,3
"CD8Cells","BCells","ITGB1","ADGRE2","Signaling by Integrin",10,10,FALSE,0,0,0,1,0,0,0.867048982726134,0.904046318188062,0.82212063063311,0.689646207812733,0.0921373579455552,1.45104812224269,1.54727392795171,5,5,0,0,0.867048982726134,0.904046318188062,10,10,0,1,1.03710657728563,0.679228440563499,18,20,0,1
"CD8Cells","BCells","ITGAV","ADGRE5","Signaling by Integrin",10,8,FALSE,0,0,0,0,0,0,1.10382555421469,0.953174481839723,0.887340643717378,0.561799484709255,0.0908887314256684,2.10151681471373,1.29814503758437,5,5,0,0,1.10382555421469,0.953174481839723,10,8,0,0,1.15721345603199,0.953174481839723,13,8,0,0
"CD8Cells","BCells","ITGB1","ADGRE5","Signaling by Integrin",10,8,FALSE,0,0,1,1,0,0,0.867048982726134,0.953174481839723,0.82212063063311,0.561799484709255,0.0845422940750094,1.45104812224269,1.29814503758437,5,5,0,1,0.867048982726134,0.953174481839723,10,8,0,2,1.03710657728563,0.953174481839723,18,8,0,2
"NKCells","BCells","ICAM1","ITGAL","Adhesion by ICAM",2,1,FALSE,0,0,0,0,0,0,0.832066434819297,0.243711350832695,0.0540396344388751,NA,0.0618491359300707,0.832066434819297,0.243711350832695,2,1,0,0,0.832066434819297,0.243711350832695,2,1,0,0,0.832066434819297,0.243711350832695,2,1,0,0
"NKCells","BCells","ICAM1","ITGB2","Adhesion by ICAM",2,10,FALSE,0,0,0,1,0,0,0.832066434819297,1.55550255681084,0.0540396344388751,0.596052640402323,0.0669831921153812,0.832066434819297,2.83315329504208,2,5,0,1,0.832066434819297,1.55550255681084,2,10,0,1,0.832066434819297,0.985417308470604,2,20,0,2
"NKCells","BCells","ICAM1","ITGAM","Adhesion by ICAM",2,10,FALSE,0,0,0,0,0,0,0.832066434819297,0.784910022550943,0.0540396344388751,0.863186413593714,0.0804860906521559,0.832066434819297,0.976466696292965,2,5,0,0,0.832066434819297,0.784910022550943,2,10,0,0,0.832066434819297,0.800625768524814,2,19,0,0
"NKCells","BCells","ICAM1","ITGAX","Adhesion by ICAM",2,10,FALSE,0,0,0,2,0,0,0.832066434819297,1.1490246988804,0.0540396344388751,0.766258792333997,0.0984225507296275,0.832066434819297,1.83021168460927,2,5,0,1,0.832066434819297,1.1490246988804,2,10,0,2,0.832066434819297,0.891661071305826,2,19,0,2
"NKCells","BCells","ICAM2","ITGAL","Adhesion by ICAM",10,1,FALSE,0,0,0,0,0,0,1.80865383474084,0.243711350832695,0.851331894524865,NA,0.075474412268228,2.42812778310121,0.243711350832695,5,1,0,0,1.80865383474084,0.243711350832695,10,1,0,0,1.35928143466007,0.243711350832695,20,1,0,0
"NKCells","BCells","ICAM2","ITGB2","Adhesion by ICAM",10,10,FALSE,0,0,2,1,0,1,1.80865383474084,1.55550255681084,0.851331894524865,0.596052640402323,0.0913303174279741,2.42812778310121,2.83315329504208,5,5,0,1,1.80865383474084,1.55550255681084,10,10,0,3,1.35928143466007,0.985417308470604,20,20,0,4
"NKCells","BCells","ICAM3","ITGB2","Adhesion by ICAM",2,10,FALSE,0,0,0,1,0,0,2.4699513662437,1.55550255681084,0.0540396344388751,0.596052640402323,0.0669831921153812,2.4699513662437,2.83315329504208,2,5,0,1,2.4699513662437,1.55550255681084,2,10,0,1,2.4699513662437,0.985417308470604,2,20,0,2
"NKCells","BCells","ICAM3","ITGAL","Adhesion by ICAM",2,1,FALSE,0,0,0,0,0,0,2.4699513662437,0.243711350832695,0.0540396344388751,NA,0.0618491359300707,2.4699513662437,0.243711350832695,2,1,0,0,2.4699513662437,0.243711350832695,2,1,0,0,2.4699513662437,0.243711350832695,2,1,0,0
"NKCells","BCells","ICAM4","ITGAL","Adhesion by ICAM",2,1,FALSE,0,0,0,0,0,0,0.225935064566403,0.243711350832695,0.0540396344388751,NA,0.0618491359300707,0.225935064566403,0.243711350832695,2,1,0,0,0.225935064566403,0.243711350832695,2,1,0,0,0.225935064566403,0.243711350832695,2,1,0,0
"NKCells","BCells","ICAM4","ITGB2","Adhesion by ICAM",2,10,FALSE,0,0,0,3,0,1,0.225935064566403,1.55550255681084,0.0540396344388751,0.596052640402323,0.0669831921153812,0.225935064566403,2.83315329504208,2,5,0,2,0.225935064566403,1.55550255681084,2,10,0,3,0.225935064566403,0.985417308470604,2,20,0,4
"NKCells","BCells","CCL28","CCR10","Signaling by Chemokines",10,2,FALSE,0,0,2,0,0,0,0.952942011912498,0.395365922009273,0.778530798781355,0.0494040124024424,0.0760355373498269,1.28625396771968,0.395365922009273,5,2,0,0,0.952942011912498,0.395365922009273,10,2,0,2,0.952942011912498,0.395365922009273,10,2,0,2
"NKCells","BCells","PPBP","CXCR2","Signaling by Chemokines",6,8,FALSE,0,0,1,1,0,0,1.46771667082698,0.458555773835131,0.596877632192345,0.886687128365998,0.0927634027198873,1.70747654683462,0.653203320596205,5,5,0,2,1.46771667082698,0.458555773835131,6,8,0,2,1.46771667082698,0.458555773835131,6,8,0,2
"NKCells","BCells","CXCL8","CXCR2","Signaling by Chemokines",10,8,FALSE,0,0,0,0,0,0,1.56912091892987,0.458555773835131,0.690408825115892,0.886687128365998,0.0996492517224808,2.40391767078927,0.653203320596205,5,5,0,0,1.56912091892987,0.458555773835131,10,8,0,0,1.43797774364369,0.458555773835131,11,8,0,0
"NKCells","BCells","LIPA","RORA","Signaling by Cholesterol",3,10,FALSE,0,0,0,1,0,0,1.86324582928541,1.07458697590143,0.679800993592622,0.712262767384045,0.0818351662775796,1.86324582928541,1.33801051293129,3,5,0,0,1.86324582928541,1.07458697590143,3,10,0,1,1.86324582928541,1.01407054404298,3,14,0,2
"NKCells","BCells","SLC6A6","GABBR1","Signaling by GABA",10,10,FALSE,0,0,1,1,0,0,1.52685116946397,1.74543967783381,0.87695403826371,0.887208161933415,0.0817460612707958,2.2459837886933,2.43258950123305,5,5,0,1,1.52685116946397,1.74543967783381,10,10,0,2,1.20384633767211,1.08305267060632,20,20,0,2
"NKCells","BCells","IFNG","IFNGR1","Signaling by Interferon",10,10,FALSE,0,0,0,0,0,0,1.28981561019806,1.21614814961106,0.482919457751725,0.623743662637564,0.0925758803711372,1.42154418245452,2.23242392410595,5,5,0,0,1.28981561019806,1.21614814961106,10,10,0,0,1.06197823559707,0.96657252203885,20,14,0,1
"NKCells","BCells","IFNG","IFNGR2","Signaling by Interferon",10,10,FALSE,0,0,1,1,1,0,1.28981561019806,2.2198120169014,0.482919457751725,0.745548414379669,0.103098425486767,1.42154418245452,3.60512930521107,5,5,0,0,1.28981561019806,2.2198120169014,10,10,0,2,1.06197823559707,1.23728667599345,20,19,0,3
"NKCells","BCells","IL23A","IL12RB1","Signaling by Interleukin",1,10,FALSE,0,0,0,2,0,0,0.134924768279508,2.76369964984849,NA,0.709918206634182,0.051433271392965,0.134924768279508,4.56627488270938,1,5,0,2,0.134924768279508,2.76369964984849,1,10,0,2,0.134924768279508,2.10558886554161,1,20,0,2
"NKCells","BCells","IL15","IL15RA","Signaling by Interleukin",5,10,FALSE,0,0,3,1,0,0,0.846736360802376,2.55420434612562,0.0611044665085841,0.748356577135867,0.07720665894256,0.846736360802376,2.7997887998138,5,5,0,3,0.846736360802376,2.55420434612562,5,10,0,4,0.846736360802376,1.83591681695748,5,20,0,4
"NKCells","BCells","IL15","IL2RB","Signaling by Interleukin",5,10,FALSE,0,0,0,0,0,0,0.846736360802376,1.78819299604399,0.0611044665085841,0.794106340653545,0.0711980841550908,0.846736360802376,2.96230068343768,5,5,0,0,0.846736360802376,1.78819299604399,5,10,0,0,0.846736360802376,1.37317647748347,5,20,0,1
"NKCells","BCells","IL18","IL18R1","Signaling by Interleukin",10,10,FALSE,0,0,1,0,0,0,4.70332163068695,1.54340883311627,0.755097150692633,0.82173294434631,0.0980075340914971,7.46622705622142,1.49679447677059,5,5,0,0,4.70332163068695,1.54340883311627,10,10,0,1,4.27250020871116,1.11882910360948,11,20,0,2
"NKCells","BCells","IL18","IL18RAP","Signaling by Interleukin",10,10,FALSE,0,0,0,1,0,0,4.70332163068695,1.43341087844718,0.755097150692633,0.82173294434631,0.0824591776632574,7.46622705622142,2.59801708094218,5,5,0,0,4.70332163068695,1.43341087844718,10,10,0,1,4.27250020871116,1.52273275244075,11,20,0,1
"NKCells","BCells","IL1B","IL1RAP","Signaling by Interleukin",10,10,FALSE,0,0,0,0,0,0,0.561771856444445,1.65524749973616,0.871140638598131,0.533621682412253,0.0936120860731689,1.0146010007332,2.22632227954862,5,5,0,0,0.561771856444445,1.65524749973616,10,10,0,0,0.720370647023518,1.21089791271212,15,20,0,0
"NKCells","BCells","IL6","IL6R","Signaling by Interleukin",10,10,FALSE,0,0,1,1,0,0,2.38181237968564,1.85680518042471,0.849142110586228,0.835767340296889,0.0871724550260371,3.31939750099703,2.70833122700657,5,5,0,2,2.38181237968564,1.85680518042471,10,10,0,2,1.28212710876415,1.09629978263135,20,20,0,3
"NKCells","BCells","IL6","IL6ST","Signaling by Interleukin",10,10,FALSE,0,0,0,0,0,0,2.38181237968564,1.32773486446366,0.849142110586228,0.681966513798115,0.104533171646207,3.31939750099703,1.95224951833835,5,5,0,0,2.38181237968564,1.32773486446366,10,10,0,0,1.28212710876415,0.985895058830889,20,20,0,3
"NKCells","BCells","CLEC2B","KLRF1","Signaling by Leptin",10,10,TRUE,31,3,2,2,0,1,3.10833680979593,1.45263253955366,0.769826167817382,0.769826167817382,1,4.34578638634418,2.15947228727499,5,5,1,2,3.10833680979593,1.45263253955366,10,10,3,4,1.98728870123202,0.944238847649051,20,20,14,8
"NKCells","BCells","AKR1C3","PTGDR","Signaling by Prostaglandin",10,10,FALSE,0,0,0,1,0,0,3.11315143486325,0.688875899031503,0.460362990976911,0.750597493357923,0.10224770028488,5.19535186554359,1.04306936513768,5,5,0,1,3.11315143486325,0.688875899031503,10,10,0,1,1.94435647317455,0.630113806946913,20,11,0,1
"NKCells","BCells","PTGES2","PTGER2","Signaling by Prostaglandin",8,10,FALSE,0,0,0,0,0,0,0.425811565922304,1.31976179964284,0.722210314362211,0.750597493357923,0.0666154281979933,0.635626321778027,2.16519689446766,5,5,0,0,0.425811565922304,1.31976179964284,8,10,0,0,0.425811565922304,1.14525686275722,8,12,0,0
"NKCells","BCells","PTGES2","PTGER4","Signaling by Prostaglandin",8,10,FALSE,0,0,0,2,0,0,0.425811565922304,0.799001194275814,0.722210314362211,0.544412323961853,0.103180491586304,0.635626321778027,1.41825266124374,5,5,0,0,0.425811565922304,0.799001194275814,8,10,0,2,0.425811565922304,0.799001194275814,8,10,0,2
"NKCells","BCells","PTGES3","PTGER2","Signaling by Prostaglandin",3,10,FALSE,0,0,0,0,0,0,0.919285278891537,1.31976179964284,0.440906640479775,0.750597493357923,0.0464256880150074,0.919285278891537,2.16519689446766,3,5,0,0,0.919285278891537,1.31976179964284,3,10,0,0,0.919285278891537,1.14525686275722,3,12,0,0
"NKCells","BCells","PTGES3","PTGER4","Signaling by Prostaglandin",3,10,FALSE,0,0,0,3,0,1,0.919285278891537,0.799001194275814,0.440906640479775,0.544412323961853,0.0904887885489422,0.919285278891537,1.41825266124374,3,5,0,2,0.919285278891537,0.799001194275814,3,10,0,3,0.919285278891537,0.799001194275814,3,10,0,3
"NKCells","BCells","SEMA4A","PLXND1","Signaling by Semaphorin",2,10,FALSE,0,0,0,0,0,0,0.800604652597646,2.89241068066118,0.014220479740044,0.734357944896471,0.060020938675937,0.800604652597646,5.04509155182079,2,5,0,0,0.800604652597646,2.89241068066118,2,10,0,0,0.800604652597646,2.89241068066118,2,10,0,0
"NKCells","BCells","SEMA4C","PLXNB2","Signaling by Semaphorin",9,10,FALSE,0,0,0,0,0,0,1.00946168879623,1.99551491490921,0.885928425089193,0.572009338672672,0.0919773465060856,1.38274008328192,2.96152240966952,5,5,0,0,1.00946168879623,1.99551491490921,9,10,0,0,1.00946168879623,1.66423336852722,9,12,0,1
"NKCells","BCells","SEMA4D","CD72","Signaling by Semaphorin",10,2,FALSE,0,0,0,0,0,0,4.12159806705535,1.23072143782717,0.854511277361174,0.82257099853864,0.100113179308294,6.8709473795256,1.23072143782717,5,2,0,0,4.12159806705535,1.23072143782717,10,2,0,0,2.46737769360233,1.23072143782717,20,2,0,0
"NKCells","BCells","SEMA4D","PLXNB2","Signaling by Semaphorin",10,10,FALSE,0,0,2,0,0,0,4.12159806705535,1.99551491490921,0.854511277361174,0.572009338672672,0.0857471767245074,6.8709473795256,2.96152240966952,5,5,0,2,4.12159806705535,1.99551491490921,10,10,0,2,2.46737769360233,1.66423336852722,20,12,0,4
"NKCells","BCells","SEMA4D","PTPRC","Signaling by Semaphorin",10,10,FALSE,0,0,1,1,0,0,4.12159806705535,2.04722535745822,0.854511277361174,0.633219377945224,0.100647681464893,6.8709473795256,3.15849941140333,5,5,0,0,4.12159806705535,2.04722535745822,10,10,0,2,2.46737769360233,1.40500364360086,20,18,0,4
"NKCells","BCells","TBXAS1","TBXA2R","Signaling by Thromboxane",1,1,FALSE,0,0,0,0,0,0,0.508558055720232,0.562514316478469,NA,NA,0.0157687780612478,0.508558055720232,0.562514316478469,1,1,0,0,0.508558055720232,0.562514316478469,1,1,0,0,0.508558055720232,0.562514316478469,1,1,0,0
"NKCells","BCells","WNT7A","FZD3","Signaling by WNT",10,10,FALSE,0,0,0,2,0,0,0.947179340773136,2.53871997101622,0.815986985751525,0.734372551881992,0.111820126507553,1.41976012622091,3.81480727477376,5,5,0,1,0.947179340773136,2.53871997101622,10,10,0,2,0.718878237039465,2.14194203926227,15,20,0,2
"NKCells","BCells","ITGAV","ADGRE2","Signaling by Integrin",10,10,FALSE,0,0,0,0,0,0,1.1080229923285,0.991401062213895,0.726466142179724,0.532700373991545,0.0884381639261119,1.65086885392256,1.2355732179588,5,5,0,0,1.1080229923285,0.991401062213895,10,10,0,0,0.959806676348711,0.603118458444499,13,20,0,0
"NKCells","BCells","ITGB1","ADGRE2","Signaling by Integrin",10,10,FALSE,0,0,0,1,0,0,2.24899284109283,0.991401062213895,0.836626132182442,0.532700373991545,0.0757094250264115,3.72356495674581,1.2355732179588,5,5,0,0,2.24899284109283,0.991401062213895,10,10,0,1,1.53125555817333,0.603118458444499,18,20,0,2
"NKCells","BCells","ITGAV","ADGRE5","Signaling by Integrin",10,8,FALSE,0,0,0,0,0,0,1.1080229923285,1.0227263242952,0.726466142179724,0.56608697972346,0.0885008163778423,1.65086885392256,1.24015185922254,5,5,0,0,1.1080229923285,1.0227263242952,10,8,0,0,0.959806676348711,1.0227263242952,13,8,0,1
"NKCells","BCells","ITGB1","ADGRE5","Signaling by Integrin",10,8,FALSE,0,0,0,0,0,0,2.24899284109283,1.0227263242952,0.836626132182442,0.56608697972346,0.0925163732290056,3.72356495674581,1.24015185922254,5,5,0,0,2.24899284109283,1.0227263242952,10,8,0,0,1.53125555817333,1.0227263242952,18,8,0,1
"MonocytesCells","BCells","ICAM1","ITGAL","Adhesion by ICAM",2,1,FALSE,0,0,0,0,0,0,1.28127200664647,0.310649409815735,0.0489015256874604,NA,0.0553726442725718,1.28127200664647,0.310649409815735,2,1,0,0,1.28127200664647,0.310649409815735,2,1,0,0,1.28127200664647,0.310649409815735,2,1,0,0
"MonocytesCells","BCells","ICAM1","ITGB2","Adhesion by ICAM",2,10,FALSE,0,0,0,1,0,1,1.28127200664647,1.88505034191616,0.0489015256874604,0.596962133434869,0.0638095664411086,1.28127200664647,3.45833653189426,2,5,0,1,1.28127200664647,1.88505034191616,2,10,0,1,1.28127200664647,1.05520795060253,2,20,0,2
"MonocytesCells","BCells","ICAM1","ITGAM","Adhesion by ICAM",2,10,FALSE,0,0,0,0,0,0,1.28127200664647,1.20732806888154,0.0489015256874604,0.868562882317167,0.0974675705382642,1.28127200664647,1.25780169404825,2,5,0,0,1.28127200664647,1.20732806888154,2,10,0,0,1.28127200664647,1.07623817711326,2,19,0,3
"MonocytesCells","BCells","ICAM1","ITGAX","Adhesion by ICAM",2,10,FALSE,0,0,0,3,0,0,1.28127200664647,0.976707695649994,0.0489015256874604,0.862158580904074,0.0974675705382642,1.28127200664647,1.83232537386725,2,5,0,0,1.28127200664647,0.976707695649994,2,10,0,3,1.28127200664647,0.93419846490106,2,19,0,3
"MonocytesCells","BCells","ICAM2","ITGAL","Adhesion by ICAM",10,1,FALSE,0,0,0,0,0,0,2.1054557220031,0.310649409815735,0.514104864335133,NA,0.0894040006624063,2.6720729051904,0.310649409815735,5,1,0,0,2.1054557220031,0.310649409815735,10,1,0,0,1.3111854634539,0.310649409815735,20,1,0,0
"MonocytesCells","BCells","ICAM2","ITGB2","Adhesion by ICAM",10,10,FALSE,0,0,0,1,0,1,2.1054557220031,1.88505034191616,0.514104864335133,0.596962133434869,0.0858562550351605,2.6720729051904,3.45833653189426,5,5,0,1,2.1054557220031,1.88505034191616,10,10,0,1,1.3111854634539,1.05520795060253,20,20,0,4
"MonocytesCells","BCells","ICAM3","ITGB2","Adhesion by ICAM",2,10,FALSE,0,0,0,0,0,0,0.403959330005936,1.88505034191616,0.0489015256874604,0.596962133434869,0.0638095664411086,0.403959330005936,3.45833653189426,2,5,0,0,0.403959330005936,1.88505034191616,2,10,0,0,0.403959330005936,1.05520795060253,2,20,0,0
"MonocytesCells","BCells","ICAM3","ITGAL","Adhesion by ICAM",2,1,FALSE,0,0,0,0,0,0,0.403959330005936,0.310649409815735,0.0489015256874604,NA,0.0553726442725718,0.403959330005936,0.310649409815735,2,1,0,0,0.403959330005936,0.310649409815735,2,1,0,0,0.403959330005936,0.310649409815735,2,1,0,0
"MonocytesCells","BCells","ICAM4","ITGAL","Adhesion by ICAM",2,1,FALSE,0,0,0,0,0,0,2.29450075887305,0.310649409815735,0.0489015256874604,NA,0.0553726442725718,2.29450075887305,0.310649409815735,2,1,0,0,2.29450075887305,0.310649409815735,2,1,0,0,2.29450075887305,0.310649409815735,2,1,0,0
"MonocytesCells","BCells","ICAM4","ITGB2","Adhesion by ICAM",2,10,FALSE,0,0,0,0,0,0,2.29450075887305,1.88505034191616,0.0489015256874604,0.596962133434869,0.0638095664411086,2.29450075887305,3.45833653189426,2,5,0,0,2.29450075887305,1.88505034191616,2,10,0,0,2.29450075887305,1.05520795060253,2,20,0,0
"MonocytesCells","BCells","CCL28","CCR10","Signaling by Chemokines",10,2,FALSE,0,0,0,0,0,0,0.346424939973985,0.382382208008693,0.770168885522874,0.0386698016256604,0.113412303899422,0.66991582163682,0.382382208008693,5,2,0,0,0.346424939973985,0.382382208008693,10,2,0,0,0.346424939973985,0.382382208008693,10,2,0,0
"MonocytesCells","BCells","PPBP","CXCR2","Signaling by Chemokines",6,7,FALSE,0,0,1,0,0,0,1.87410664436747,0.654121513792734,0.591910105297052,0.816888553977928,0.142256381165404,2.21748988367498,0.815353647780263,5,5,0,1,1.87410664436747,0.654121513792734,6,7,0,1,1.87410664436747,0.654121513792734,6,7,0,1
"MonocytesCells","BCells","CXCL8","CXCR2","Signaling by Chemokines",10,7,FALSE,0,0,0,0,0,0,0.328138488839516,0.654121513792734,0.445850814593366,0.816888553977928,0.142256381165404,0.572897240544606,0.815353647780263,5,5,0,0,0.328138488839516,0.654121513792734,10,7,0,0,0.298053629728961,0.654121513792734,11,7,0,0
"MonocytesCells","BCells","LIPA","RORA","Signaling by Cholesterol",3,10,FALSE,0,0,0,1,0,0,7.36762461485538,0.870999699621461,0.689786551899639,0.615563828452208,0.0729108258545076,7.36762461485538,0.835162474355216,3,5,0,0,7.36762461485538,0.870999699621461,3,10,0,1,7.36762461485538,0.822123196595852,3,13,0,1
"MonocytesCells","BCells","SLC6A6","GABBR1","Signaling by GABA",10,10,FALSE,0,0,0,0,0,0,2.05040741610621,1.70271634807095,0.876945750490411,0.890490173155467,0.0744382929761484,3.17043797328464,2.25228440106968,5,5,0,0,2.05040741610621,1.70271634807095,10,10,0,0,1.29051977825739,1.4667830616426,20,20,0,2
"MonocytesCells","BCells","IFNG","IFNGR1","Signaling by Interferon",10,10,FALSE,0,0,0,0,0,0,2.15645318695925,0.760691289626476,0.848810950932618,0.780050086868516,0.125594182089489,3.45494420773186,1.31686925498229,5,5,0,0,2.15645318695925,0.760691289626476,10,10,0,0,1.41817775235805,0.676390454207951,20,14,0,0
"MonocytesCells","BCells","IFNG","IFNGR2","Signaling by Interferon",10,10,FALSE,0,0,0,0,0,0,2.15645318695925,1.71194694086427,0.848810950932618,0.418600111282774,0.098475491508795,3.45494420773186,3.09520823350535,5,5,0,0,2.15645318695925,1.71194694086427,10,10,0,0,1.41817775235805,1.36082832490463,20,18,0,0
"MonocytesCells","BCells","IL23A","IL12RB1","Signaling by Interleukin",1,10,FALSE,0,0,0,1,0,1,0.349013701560513,2.09914611976657,NA,0.694109597525477,0.0771183104303111,0.349013701560513,3.40207332443939,1,5,0,0,0.349013701560513,2.09914611976657,1,10,0,1,0.349013701560513,1.87843124701574,1,20,0,3
"MonocytesCells","BCells","IL15","IL15RA","Signaling by Interleukin",3,10,FALSE,0,0,2,1,1,0,0.100268704370655,2.4462295325184,0.0412908070710695,0.762614962862373,0.0904924367035781,0.100268704370655,3.11847979910245,3,5,0,2,0.100268704370655,2.4462295325184,3,10,0,3,0.100268704370655,1.84153961490746,3,20,0,3
"MonocytesCells","BCells","IL15","IL2RB","Signaling by Interleukin",3,10,FALSE,0,0,0,0,0,0,0.100268704370655,1.53483831384443,0.0412908070710695,0.710471085537683,0.0693706734933389,0.100268704370655,1.94439673770025,3,5,0,0,0.100268704370655,1.53483831384443,3,10,0,0,0.100268704370655,1.20023802378389,3,20,0,0
"MonocytesCells","BCells","IL18","IL18R1","Signaling by Interleukin",10,10,FALSE,0,0,0,3,0,2,0.866910220551496,1.6305566128694,0.755070577834408,0.761777436656006,0.116659064024489,1.27735627992914,2.75649561196215,5,5,0,1,0.866910220551496,1.6305566128694,10,10,0,3,0.866910220551496,0.99184886009137,10,20,0,6
"MonocytesCells","BCells","IL18","IL18RAP","Signaling by Interleukin",10,10,FALSE,0,0,0,7,0,4,0.866910220551496,1.37853421640428,0.755070577834408,0.809748660394354,0.128701721883948,1.27735627992914,2.49426504262341,5,5,0,4,0.866910220551496,1.37853421640428,10,10,0,7,0.866910220551496,0.917879515522835,10,20,0,7
"MonocytesCells","BCells","IL1B","IL1RAP","Signaling by Interleukin",10,10,FALSE,0,0,1,2,0,0,1.09153276518603,2.00116865293661,0.880650066695012,0.433240272296741,0.0835484331308343,0.941136549359789,2.84349823972414,5,5,0,2,1.09153276518603,2.00116865293661,10,10,0,3,0.823117565445312,1.19186818737976,14,20,0,3
"MonocytesCells","BCells","IL6","IL6R","Signaling by Interleukin",10,10,FALSE,0,0,0,0,0,0,2.18430928735434,1.59032633123696,0.483851348605663,0.891065966382879,0.117319487564609,4.00475139314469,2.48539257547632,5,5,0,0,2.18430928735434,1.59032633123696,10,10,0,0,1.63680690455134,0.973256266511173,20,20,0,1
"MonocytesCells","BCells","IL6","IL6ST","Signaling by Interleukin",10,10,FALSE,0,0,1,0,0,0,2.18430928735434,1.6509213812539,0.483851348605663,0.307253011418037,0.097475199198118,4.00475139314469,2.20192306598542,5,5,0,1,2.18430928735434,1.6509213812539,10,10,0,1,1.63680690455134,1.12305816830696,20,20,0,2
"MonocytesCells","BCells","CLEC2B","KLRF1","Signaling by Leptin",10,10,TRUE,28,6,3,3,1,1,2.08963816532998,1.65713382984353,0.733226644938205,0.885489079035366,1,2.55444091730899,3.04564375015318,5,5,1,2,2.08963816532998,1.65713382984353,10,10,6,6,1.37032091553195,1.2881760368884,20,20,14,9
"MonocytesCells","BCells","AKR1C3","PTGDR","Signaling by Prostaglandin",10,10,FALSE,0,0,0,0,0,0,1.5102856355199,1.44960112273279,0.640636556695585,0.726420556861447,0.117127317586861,2.18558665653087,2.10588603142498,5,5,0,0,1.5102856355199,1.44960112273279,10,10,0,0,1.16942375542991,1.31578977382438,20,11,0,0
"MonocytesCells","BCells","PTGES2","PTGER2","Signaling by Prostaglandin",8,10,FALSE,0,0,0,1,0,0,1.42281891748033,1.36554037113136,0.743211403291509,0.726420556861447,0.113787921530073,1.62518584697999,2.25707027085848,5,5,0,0,1.42281891748033,1.36554037113136,8,10,0,1,1.42281891748033,1.20293324878953,8,12,0,1
"MonocytesCells","BCells","PTGES2","PTGER4","Signaling by Prostaglandin",8,7,FALSE,0,0,0,0,0,0,1.42281891748033,0.504399562651236,0.743211403291509,0.542692526354827,0.0808031211396209,1.62518584697999,0.681384676853278,5,5,0,0,1.42281891748033,0.504399562651236,8,7,0,0,1.42281891748033,0.504399562651236,8,7,0,0
"MonocytesCells","BCells","PTGES3","PTGER2","Signaling by Prostaglandin",3,10,FALSE,0,0,0,0,0,0,2.51542385516873,1.36554037113136,0.456038959827776,0.726420556861447,0.0541508249459477,2.51542385516873,2.25707027085848,3,5,0,0,2.51542385516873,1.36554037113136,3,10,0,0,2.51542385516873,1.20293324878953,3,12,0,0
"MonocytesCells","BCells","PTGES3","PTGER4","Signaling by Prostaglandin",3,7,FALSE,0,0,1,0,0,0,2.51542385516873,0.504399562651236,0.456038959827776,0.542692526354827,0.0945791071644818,2.51542385516873,0.681384676853278,3,5,0,1,2.51542385516873,0.504399562651236,3,7,0,1,2.51542385516873,0.504399562651236,3,7,0,1
"MonocytesCells","BCells","SEMA4A","PLXND1","Signaling by Semaphorin",2,10,FALSE,0,0,0,1,0,0,0.570727937652873,2.0561421149425,0.0181078060358627,0.776022754840801,0.0921310711717543,0.570727937652873,3.163359882949,2,5,0,0,0.570727937652873,2.0561421149425,2,10,0,1,0.570727937652873,2.0561421149425,2,10,0,1
"MonocytesCells","BCells","SEMA4C","PLXNB2","Signaling by Semaphorin",9,10,FALSE,0,0,0,0,0,0,0.401185992203546,1.06958309349355,0.886612415530035,0.622973933421607,0.123644303949103,0.573351896199584,1.43845728921233,5,5,0,0,0.401185992203546,1.06958309349355,9,10,0,0,0.401185992203546,0.972224121650729,9,11,0,0
"MonocytesCells","BCells","SEMA4D","CD72","Signaling by Semaphorin",10,3,FALSE,0,0,0,0,0,0,0.942926265992501,2.24860994094499,0.838199336968265,0.826441544312203,0.0960068338415726,1.52132595992269,2.24860994094499,5,3,0,0,0.942926265992501,2.24860994094499,10,3,0,0,0.543292413961161,2.24860994094499,20,3,0,0
"MonocytesCells","BCells","SEMA4D","PLXNB2","Signaling by Semaphorin",10,10,FALSE,0,0,2,0,0,0,0.942926265992501,1.06958309349355,0.838199336968265,0.622973933421607,0.087116487673963,1.52132595992269,1.43845728921233,5,5,0,2,0.942926265992501,1.06958309349355,10,10,0,2,0.543292413961161,0.972224121650729,20,11,0,4
"MonocytesCells","BCells","SEMA4D","PTPRC","Signaling by Semaphorin",10,10,FALSE,0,0,0,0,0,0,0.942926265992501,1.11889036551787,0.838199336968265,0.752308672175436,0.070814068027313,1.52132595992269,1.54410857353932,5,5,0,0,0.942926265992501,1.11889036551787,10,10,0,0,0.543292413961161,1.01221041180826,20,20,0,2
"MonocytesCells","BCells","WNT7A","FZD3","Signaling by WNT",10,10,FALSE,0,0,1,3,0,1,0.562017123317366,3.15134451562832,0.741499129245755,0.701526260615549,0.114267733594128,1.00439616784047,4.96452457882354,5,5,0,1,0.562017123317366,3.15134451562832,10,10,0,4,0.46038732644641,1.99389232802808,16,20,0,4
"MonocytesCells","BCells","ITGAV","ADGRE2","Signaling by Integrin",10,10,FALSE,0,0,0,0,0,0,0.943653935059178,0.967711747886443,0.846956299787927,0.447745291545993,0.0804510416160551,1.69249404921467,1.13237124177603,5,5,0,0,0.943653935059178,0.967711747886443,10,10,0,0,0.816418040706785,0.634640999005515,13,20,0,0
"MonocytesCells","BCells","ITGB1","ADGRE2","Signaling by Integrin",10,10,FALSE,0,0,1,0,0,0,1.39219234783844,0.967711747886443,0.826677817415502,0.447745291545993,0.0864545229213758,2.45527737809196,1.13237124177603,5,5,0,0,1.39219234783844,0.967711747886443,10,10,0,1,1.27005006743462,0.634640999005515,19,20,0,1
"MonocytesCells","BCells","ITGAV","ADGRE5","Signaling by Integrin",10,8,FALSE,0,0,0,0,0,0,0.943653935059178,0.90024362981859,0.846956299787927,0.590615068608251,0.110671187733766,1.69249404921467,1.29414631912391,5,5,0,0,0.943653935059178,0.90024362981859,10,8,0,0,0.816418040706785,0.90024362981859,13,8,0,0
"MonocytesCells","BCells","ITGB1","ADGRE5","Signaling by Integrin",10,8,FALSE,0,0,0,0,0,0,1.39219234783844,0.90024362981859,0.826677817415502,0.590615068608251,0.0890201718170137,2.45527737809196,1.29414631912391,5,5,0,0,1.39219234783844,0.90024362981859,10,8,0,0,1.27005006743462,0.90024362981859,19,8,0,0
"BCells","CD4Cells","ICAM1","ITGAL","Adhesion by ICAM",2,1,FALSE,0,0,1,0,0,0,1.38168329540561,1.72190879786681,0.0570760357974681,NA,0.0638804426977462,1.38168329540561,1.72190879786681,2,1,0,1,1.38168329540561,1.72190879786681,2,1,0,1,1.38168329540561,1.72190879786681,2,1,0,1
"BCells","CD4Cells","ICAM1","ITGB2","Adhesion by ICAM",2,10,FALSE,0,0,0,0,0,0,1.38168329540561,2.05935047413773,0.0570760357974681,0.700997056250288,0.0689398856359965,1.38168329540561,2.37519712020945,2,5,0,0,1.38168329540561,2.05935047413773,2,10,0,0,1.38168329540561,1.56140205694051,2,20,0,0
"BCells","CD4Cells","ICAM1","ITGAM","Adhesion by ICAM",2,10,FALSE,0,0,0,0,0,0,1.38168329540561,0.488812187254745,0.0570760357974681,0.844464144475365,0.101785007112728,1.38168329540561,0.897575813379452,2,5,0,0,1.38168329540561,0.488812187254745,2,10,0,0,1.38168329540561,0.808413484147064,2,19,0,0
"BCells","CD4Cells","ICAM1","ITGAX","Adhesion by ICAM",2,10,FALSE,0,0,1,0,1,0,1.38168329540561,1.41630625188093,0.0570760357974681,0.8843567019502,0.0879808521088336,1.38168329540561,2.16312347558607,2,5,0,1,1.38168329540561,1.41630625188093,2,10,0,1,1.38168329540561,0.98079816325,2,19,0,1
"BCells","CD4Cells","ICAM2","ITGAL","Adhesion by ICAM",10,1,FALSE,0,0,0,0,0,0,2.3047373073983,1.72190879786681,0.828356052064613,NA,0.0678280314630403,3.42482746398128,1.72190879786681,5,1,0,0,2.3047373073983,1.72190879786681,10,1,0,0,1.58050982021524,1.72190879786681,20,1,0,0
"BCells","CD4Cells","ICAM2","ITGB2","Adhesion by ICAM",10,10,FALSE,0,0,0,0,0,0,2.3047373073983,2.05935047413773,0.828356052064613,0.700997056250288,0.0697809773458592,3.42482746398128,2.37519712020945,5,5,0,0,2.3047373073983,2.05935047413773,10,10,0,0,1.58050982021524,1.56140205694051,20,20,0,2
"BCells","CD4Cells","ICAM3","ITGB2","Adhesion by ICAM",2,10,FALSE,0,0,0,0,0,0,3.39643539340182,2.05935047413773,0.0570760357974681,0.700997056250288,0.0689398856359965,3.39643539340182,2.37519712020945,2,5,0,0,3.39643539340182,2.05935047413773,2,10,0,0,3.39643539340182,1.56140205694051,2,20,0,0
"BCells","CD4Cells","ICAM3","ITGAL","Adhesion by ICAM",2,1,FALSE,0,0,1,0,0,0,3.39643539340182,1.72190879786681,0.0570760357974681,NA,0.0638804426977462,3.39643539340182,1.72190879786681,2,1,0,1,3.39643539340182,1.72190879786681,2,1,0,1,3.39643539340182,1.72190879786681,2,1,0,1
"BCells","CD4Cells","ICAM4","ITGAL","Adhesion by ICAM",2,1,FALSE,0,0,1,0,0,0,0.811735967490206,1.72190879786681,0.0570760357974681,NA,0.0638804426977462,0.811735967490206,1.72190879786681,2,1,0,1,0.811735967490206,1.72190879786681,2,1,0,1,0.811735967490206,1.72190879786681,2,1,0,1
"BCells","CD4Cells","ICAM4","ITGB2","Adhesion by ICAM",2,10,FALSE,0,0,0,0,0,0,0.811735967490206,2.05935047413773,0.0570760357974681,0.700997056250288,0.0689398856359965,0.811735967490206,2.37519712020945,2,5,0,0,0.811735967490206,2.05935047413773,2,10,0,0,0.811735967490206,1.56140205694051,2,20,0,0
"BCells","CD4Cells","CCL28","CCR10","Signaling by Chemokines",10,2,FALSE,0,0,1,0,0,0,1.55633241539032,1.00764804630983,0.779637278447889,0.0476282730359175,0.0887967436817022,2.97424375416871,1.00764804630983,5,2,0,1,1.55633241539032,1.00764804630983,10,2,0,1,1.55633241539032,1.00764804630983,10,2,0,1
"BCells","CD4Cells","PPBP","CXCR2","Signaling by Chemokines",6,8,FALSE,0,0,0,0,0,0,2.48717279947533,0.89087910137252,0.535522907818299,0.831160896150466,0.0967870009758909,2.85721774757877,1.03252956902886,5,5,0,0,2.48717279947533,0.89087910137252,6,8,0,0,2.48717279947533,0.89087910137252,6,8,0,0
"BCells","CD4Cells","CXCL8","CXCR2","Signaling by Chemokines",10,8,FALSE,0,0,0,0,0,0,0.783287584127201,0.89087910137252,0.504862648222834,0.831160896150466,0.0947835166005891,1.36877688678821,1.03252956902886,5,5,0,0,0.783287584127201,0.89087910137252,10,8,0,0,0.714643080084886,0.89087910137252,11,8,0,0
"BCells","CD4Cells","LIPA","RORA","Signaling by Cholesterol",3,10,FALSE,0,0,0,0,0,0,0.798504446975872,1.64923424509942,0.674646104181194,0.666514675848832,0.0819092840348136,0.798504446975872,2.87713281104106,3,5,0,0,0.798504446975872,1.64923424509942,3,10,0,0,0.798504446975872,1.29780704067387,3,14,0,0
"BCells","CD4Cells","SLC6A6","GABBR1","Signaling by GABA",10,10,FALSE,0,0,0,1,0,0,1.9590997480606,1.83227748362154,0.536482870307649,0.818856622383125,0.0700636867428433,2.8144054898335,3.15240137922821,5,5,0,0,1.9590997480606,1.83227748362154,10,10,0,1,1.34899577302054,1.80958461751483,20,20,0,3
"BCells","CD4Cells","IFNG","IFNGR1","Signaling by Interferon",10,10,FALSE,0,0,0,1,0,0,1.74330576880222,1.30296049290805,0.54611381882721,0.76786237991133,0.0885488338239982,2.94903337945183,2.24977176792179,5,5,0,0,1.74330576880222,1.30296049290805,10,10,0,1,1.08300533669579,1.01915804283507,20,14,0,2
"BCells","CD4Cells","IFNG","IFNGR2","Signaling by Interferon",10,10,FALSE,0,0,0,0,0,0,1.74330576880222,0.8086567375128,0.54611381882721,0.744874218843812,0.104405971387762,2.94903337945183,0.97511235849687,5,5,0,0,1.74330576880222,0.8086567375128,10,10,0,0,1.08300533669579,0.541062866452961,20,17,0,0
"BCells","CD4Cells","IL23A","IL12RB1","Signaling by Interleukin",1,10,FALSE,0,0,0,1,0,0,0.0178517834154929,1.70023288747891,NA,0.621437702022179,0.0661420991667091,0.0178517834154929,2.38316557347032,1,5,0,1,0.0178517834154929,1.70023288747891,1,10,0,1,0.0178517834154929,1.2031923411985,1,20,0,1
"BCells","CD4Cells","IL15","IL15RA","Signaling by Interleukin",4,10,FALSE,0,0,0,1,0,1,0.415213419049689,4.0925301856553,0.043146454898796,0.563346179343799,0.0632655154884206,0.415213419049689,6.06429758670288,4,5,0,1,0.415213419049689,4.0925301856553,4,10,0,1,0.415213419049689,2.83495141356083,4,20,0,1
"BCells","CD4Cells","IL15","IL2RB","Signaling by Interleukin",4,10,FALSE,0,0,1,0,0,0,0.415213419049689,1.99506241968245,0.043146454898796,0.774771050123249,0.0749221100620988,0.415213419049689,2.49160854525227,4,5,0,1,0.415213419049689,1.99506241968245,4,10,0,1,0.415213419049689,1.45389426097639,4,20,0,1
"BCells","CD4Cells","IL18","IL18R1","Signaling by Interleukin",10,10,FALSE,0,0,0,0,0,0,2.36735836329005,8.52384307259044,0.755946807940007,0.883186715728265,0.0804498124183436,2.72531721289941,15.4149227908303,5,5,0,0,2.36735836329005,8.52384307259044,10,10,0,0,2.1587533580823,5.08416933785644,11,20,0,3
"BCells","CD4Cells","IL18","IL18RAP","Signaling by Interleukin",10,10,FALSE,0,0,0,1,0,0,2.36735836329005,0.487690462754255,0.755946807940007,0.786309622899006,0.115341360484445,2.72531721289941,0.707007094129687,5,5,0,1,2.36735836329005,0.487690462754255,10,10,0,1,2.1587533580823,0.644892571563862,11,20,0,3
"BCells","CD4Cells","IL1B","IL1RAP","Signaling by Interleukin",10,10,FALSE,0,0,0,0,0,0,1.53845142389377,2.58065856125518,0.893440597639736,0.874885744834723,0.102078251432262,2.49682790270623,4.01519115305213,5,5,0,0,1.53845142389377,2.58065856125518,10,10,0,0,1.43707878026811,1.58585252401168,15,20,0,0
"BCells","CD4Cells","IL6","IL6R","Signaling by Interleukin",10,10,FALSE,0,0,1,1,0,0,4.18965427691039,1.61871739723552,0.89425499896196,0.89128052760147,0.0814777300499871,5.80683861559445,2.68852552543746,5,5,0,1,4.18965427691039,1.61871739723552,10,10,0,2,3.39823620323742,1.11477948184748,20,20,0,2
"BCells","CD4Cells","IL6","IL6ST","Signaling by Interleukin",10,10,FALSE,0,0,0,0,0,0,4.18965427691039,1.90853002246741,0.89425499896196,0.674937496538476,0.0848613361310314,5.80683861559445,1.83389254177393,5,5,0,0,4.18965427691039,1.90853002246741,10,10,0,0,3.39823620323742,1.27856669724751,20,20,0,0
"BCells","CD4Cells","CLEC2B","KLRF1","Signaling by Leptin",10,10,TRUE,29,6,2,4,0,0,1.8307651214022,1.35696029155973,0.762676791930587,0.575196587711086,1,2.86768035495186,1.88405909953924,5,5,2,2,1.8307651214022,1.35696029155973,10,10,6,6,1.09670762957382,1.1160504821199,20,20,15,6
"BCells","CD4Cells","AKR1C3","PTGDR","Signaling by Prostaglandin",10,10,FALSE,0,0,0,0,0,0,1.49446205199447,0.214057324585245,0.574259924844322,0.751497169221654,0.0977340799207793,2.19546303845279,0.335840459586429,5,5,0,0,1.49446205199447,0.214057324585245,10,10,0,0,0.863117734975293,0.194688992672191,20,11,0,0
"BCells","CD4Cells","PTGES2","PTGER2","Signaling by Prostaglandin",8,10,FALSE,0,0,1,0,0,0,0.730828956059768,4.39602747694092,0.722443126853098,0.751497169221654,0.0727165684689221,0.748031793929092,8.15979034010054,5,5,0,1,0.730828956059768,4.39602747694092,8,10,0,1,0.730828956059768,3.71838258012868,8,12,0,1
"BCells","CD4Cells","PTGES2","PTGER4","Signaling by Prostaglandin",8,9,FALSE,0,0,0,0,0,0,0.730828956059768,0.612618823001083,0.722443126853098,0.54824958184163,0.0978298287784509,0.748031793929092,0.693954768743877,5,5,0,0,0.730828956059768,0.612618823001083,8,9,0,0,0.730828956059768,0.612618823001083,8,9,0,0
"BCells","CD4Cells","PTGES3","PTGER2","Signaling by Prostaglandin",3,10,FALSE,0,0,1,0,0,0,1.71596069723479,4.39602747694092,0.447686754361112,0.751497169221654,0.0696710643683757,1.71596069723479,8.15979034010054,3,5,0,1,1.71596069723479,4.39602747694092,3,10,0,1,1.71596069723479,3.71838258012868,3,12,0,1
"BCells","CD4Cells","PTGES3","PTGER4","Signaling by Prostaglandin",3,9,FALSE,0,0,1,2,0,0,1.71596069723479,0.612618823001083,0.447686754361112,0.54824958184163,0.0742897414115799,1.71596069723479,0.693954768743877,3,5,0,2,1.71596069723479,0.612618823001083,3,9,0,3,1.71596069723479,0.612618823001083,3,9,0,3
"BCells","CD4Cells","SEMA4A","PLXND1","Signaling by Semaphorin",2,10,FALSE,0,0,0,0,0,0,0.115389083471762,0.814540248802661,0.0182408770809854,0.741033473569053,0.0546430059890656,0.115389083471762,0.780863042281402,2,5,0,0,0.115389083471762,0.814540248802661,2,10,0,0,0.115389083471762,0.814540248802661,2,10,0,0
"BCells","CD4Cells","SEMA4C","PLXNB2","Signaling by Semaphorin",9,10,FALSE,0,0,0,0,0,0,1.2038648099236,1.08961624481855,0.876349407721221,0.572208299307419,0.105821697593373,2.02181685421632,1.85790560818438,5,5,0,0,1.2038648099236,1.08961624481855,9,10,0,0,1.2038648099236,0.990447498044918,9,11,0,0
"BCells","CD4Cells","SEMA4D","CD72","Signaling by Semaphorin",10,3,FALSE,0,0,2,1,1,0,2.48255575264591,1.18476370211591,0.77441087291846,0.822575701369025,0.0822095532258548,3.93924087598635,1.18476370211591,5,3,0,3,2.48255575264591,1.18476370211591,10,3,0,3,1.61507251323888,1.18476370211591,20,3,0,5
"BCells","CD4Cells","SEMA4D","PLXNB2","Signaling by Semaphorin",10,10,FALSE,0,0,1,1,0,0,2.48255575264591,1.08961624481855,0.77441087291846,0.572208299307419,0.0741807614683055,3.93924087598635,1.85790560818438,5,5,0,1,2.48255575264591,1.08961624481855,10,10,0,2,1.61507251323888,0.990447498044918,20,11,0,2
"BCells","CD4Cells","SEMA4D","PTPRC","Signaling by Semaphorin",10,10,FALSE,0,0,0,1,0,0,2.48255575264591,2.47276947003269,0.77441087291846,0.641157012361345,0.0980923905488156,3.93924087598635,4.49213962447568,5,5,0,1,2.48255575264591,2.47276947003269,10,10,0,1,1.61507251323888,1.59375616750873,20,19,0,1
"BCells","CD4Cells","TBXAS1","TBXA2R","Signaling by Thromboxane",1,1,FALSE,0,0,0,0,0,0,1.13002345767469,1.28659931140247,NA,NA,0.000153294970208636,1.13002345767469,1.28659931140247,1,1,0,0,1.13002345767469,1.28659931140247,1,1,0,0,1.13002345767469,1.28659931140247,1,1,0,0
"BCells","CD4Cells","WNT7A","FZD3","Signaling by WNT",10,10,FALSE,0,0,2,0,1,0,1.13043322276587,3.24572514506173,0.812979354139724,0.842903639381417,0.0974008299292534,1.72012131311474,4.97510753086759,5,5,0,1,1.13043322276587,3.24572514506173,10,10,0,2,0.905880236385515,2.59907750278469,15,20,0,4
"BCells","CD4Cells","ITGAV","ADGRE2","Signaling by Integrin",10,10,FALSE,0,0,0,0,0,0,0.800805351916474,1.72564332131859,0.849722629409996,0.419099902649278,0.0781778247611568,0.990903635925007,2.51760813006751,5,5,0,0,0.800805351916474,1.72564332131859,10,10,0,0,0.62643922338657,1.19968154294227,13,20,0,1
"BCells","CD4Cells","ITGB1","ADGRE2","Signaling by Integrin",10,10,FALSE,0,0,1,1,0,0,0.975566051982461,1.72564332131859,0.82060075869956,0.419099902649278,0.101454161802598,0.866577246488796,2.51760813006751,5,5,0,1,0.975566051982461,1.72564332131859,10,10,0,2,0.813728249782233,1.19968154294227,17,20,0,5
"BCells","CD4Cells","ITGAV","ADGRE5","Signaling by Integrin",10,8,FALSE,0,0,0,1,0,0,0.800805351916474,1.18072981212288,0.849722629409996,0.554556050423018,0.0897069693981096,0.990903635925007,1.23065018477287,5,5,0,1,0.800805351916474,1.18072981212288,10,8,0,1,0.62643922338657,1.18072981212288,13,8,0,1
"BCells","CD4Cells","ITGB1","ADGRE5","Signaling by Integrin",10,8,FALSE,0,0,1,2,0,0,0.975566051982461,1.18072981212288,0.82060075869956,0.554556050423018,0.103334128751,0.866577246488796,1.23065018477287,5,5,0,1,0.975566051982461,1.18072981212288,10,8,0,3,0.813728249782233,1.18072981212288,17,8,0,3
"CD8Cells","CD4Cells","ICAM1","ITGAL","Adhesion by ICAM",2,1,FALSE,0,0,1,0,0,0,0.219996145675855,0.793523961778996,0.062062246769513,NA,0.0602886267878683,0.219996145675855,0.793523961778996,2,1,0,1,0.219996145675855,0.793523961778996,2,1,0,1,0.219996145675855,0.793523961778996,2,1,0,1
"CD8Cells","CD4Cells","ICAM1","ITGB2","Adhesion by ICAM",2,10,FALSE,0,0,0,0,0,0,0.219996145675855,2.07944732470119,0.062062246769513,0.702459285038147,0.066653724382261,0.219996145675855,2.53527242436199,2,5,0,0,0.219996145675855,2.07944732470119,2,10,0,0,0.219996145675855,1.80464669289388,2,20,0,0
"CD8Cells","CD4Cells","ICAM1","ITGAM","Adhesion by ICAM",2,10,FALSE,0,0,0,1,0,0,0.219996145675855,0.990422431468038,0.062062246769513,0.813318515047239,0.0841349638218082,0.219996145675855,1.03258357643867,2,5,0,1,0.219996145675855,0.990422431468038,2,10,0,1,0.219996145675855,0.911305066666251,2,20,0,1
"CD8Cells","CD4Cells","ICAM1","ITGAX","Adhesion by ICAM",2,10,FALSE,0,0,1,0,1,0,0.219996145675855,1.35469756454722,0.062062246769513,0.732790911247391,0.0711038108326,0.219996145675855,2.04408333361299,2,5,0,1,0.219996145675855,1.35469756454722,2,10,0,1,0.219996145675855,0.921406937983532,2,20,0,2
"CD8Cells","CD4Cells","ICAM2","ITGAL","Adhesion by ICAM",10,1,FALSE,0,0,1,0,0,0,4.42075189845089,0.793523961778996,0.709741826819162,NA,0.0313582160166414,6.77562323583336,0.793523961778996,5,1,0,1,4.42075189845089,0.793523961778996,10,1,0,1,2.98477224094219,0.793523961778996,20,1,0,3
"CD8Cells","CD4Cells","ICAM2","ITGB2","Adhesion by ICAM",10,10,FALSE,0,0,1,0,1,0,4.42075189845089,2.07944732470119,0.709741826819162,0.702459285038147,0.104773845583217,6.77562323583336,2.53527242436199,5,5,0,1,4.42075189845089,2.07944732470119,10,10,0,1,2.98477224094219,1.80464669289388,20,20,0,3
"CD8Cells","CD4Cells","ICAM3","ITGB2","Adhesion by ICAM",2,10,FALSE,0,0,0,2,0,0,0.274819339778401,2.07944732470119,0.062062246769513,0.702459285038147,0.066653724382261,0.274819339778401,2.53527242436199,2,5,0,2,0.274819339778401,2.07944732470119,2,10,0,2,0.274819339778401,1.80464669289388,2,20,0,2
"CD8Cells","CD4Cells","ICAM3","ITGAL","Adhesion by ICAM",2,1,FALSE,0,0,1,0,0,0,0.274819339778401,0.793523961778996,0.062062246769513,NA,0.0602886267878683,0.274819339778401,0.793523961778996,2,1,0,1,0.274819339778401,0.793523961778996,2,1,0,1,0.274819339778401,0.793523961778996,2,1,0,1
"CD8Cells","CD4Cells","ICAM4","ITGAL","Adhesion by ICAM",2,1,FALSE,0,0,1,0,0,0,0.39332373093839,0.793523961778996,0.062062246769513,NA,0.0602886267878683,0.39332373093839,0.793523961778996,2,1,0,1,0.39332373093839,0.793523961778996,2,1,0,1,0.39332373093839,0.793523961778996,2,1,0,1
"CD8Cells","CD4Cells","ICAM4","ITGB2","Adhesion by ICAM",2,10,FALSE,0,0,0,0,0,0,0.39332373093839,2.07944732470119,0.062062246769513,0.702459285038147,0.066653724382261,0.39332373093839,2.53527242436199,2,5,0,0,0.39332373093839,2.07944732470119,2,10,0,0,0.39332373093839,1.80464669289388,2,20,0,0
"CD8Cells","CD4Cells","CCL28","CCR10","Signaling by Chemokines",10,2,FALSE,0,0,0,0,0,0,0.309168087832126,1.77970420342995,0.780122816899127,0.0312759892768037,0.0935574908068742,0.347165502142651,1.77970420342995,5,2,0,0,0.309168087832126,1.77970420342995,10,2,0,0,0.309168087832126,1.77970420342995,10,2,0,0
"CD8Cells","CD4Cells","PPBP","CXCR2","Signaling by Chemokines",5,8,FALSE,0,0,0,0,0,0,2.3039618250811,0.838846705851566,0.594976211580946,0.849739348077631,0.107846853767625,2.3039618250811,1.21937758641323,5,5,0,0,2.3039618250811,0.838846705851566,5,8,0,0,2.3039618250811,0.838846705851566,5,8,0,0
"CD8Cells","CD4Cells","CXCL8","CXCR2","Signaling by Chemokines",10,8,FALSE,0,0,0,2,0,0,2.35816508684706,0.838846705851566,0.406836223095149,0.849739348077631,0.101164627294771,4.28865564351992,1.21937758641323,5,5,0,1,2.35816508684706,0.838846705851566,10,8,0,2,2.14303695978537,0.838846705851566,11,8,0,2
"CD8Cells","CD4Cells","LIPA","RORA","Signaling by Cholesterol",3,10,FALSE,0,0,0,0,0,0,1.22053006751941,1.6522439989791,0.652032391048269,0.600559476584565,0.0839736281619401,1.22053006751941,2.89149446610397,3,5,0,0,1.22053006751941,1.6522439989791,3,10,0,0,1.22053006751941,1.39388672999079,3,13,0,0
"CD8Cells","CD4Cells","SLC6A6","GABBR1","Signaling by GABA",10,10,FALSE,0,0,0,0,0,0,2.2391025689851,1.68071595310329,0.870054252364597,0.817364421822471,0.113825566478667,2.98330081362383,2.60854858982808,5,5,0,0,2.2391025689851,1.68071595310329,10,10,0,0,1.42564088973343,1.56811474550598,20,20,0,4
"CD8Cells","CD4Cells","IFNG","IFNGR1","Signaling by Interferon",10,10,FALSE,0,0,0,0,0,0,1.62838271215291,1.51517501679504,0.76460717325111,0.770770165828514,0.0947602147655023,2.17526599911798,2.60926932938147,5,5,0,0,1.62838271215291,1.51517501679504,10,10,0,0,0.975200894235356,1.10319874345956,20,14,0,1
"CD8Cells","CD4Cells","IFNG","IFNGR2","Signaling by Interferon",10,10,FALSE,0,0,0,1,0,0,1.62838271215291,1.12884578746877,0.76460717325111,0.738987884793164,0.099359464999005,2.17526599911798,1.57109842694481,5,5,0,1,1.62838271215291,1.12884578746877,10,10,0,1,0.975200894235356,0.816508418062646,20,16,0,1
"CD8Cells","CD4Cells","IL23A","IL12RB1","Signaling by Interleukin",1,10,FALSE,0,0,0,1,0,1,1.17107634935421,1.82206986432404,NA,0.700173169466573,0.0617789823611864,1.17107634935421,2.25364336707994,1,5,0,0,1.17107634935421,1.82206986432404,1,10,0,1,1.17107634935421,1.16278524248025,1,20,0,1
"CD8Cells","CD4Cells","IL15","IL15RA","Signaling by Interleukin",5,10,FALSE,0,0,0,0,0,0,2.36999263071791,4.0440229076614,0.063765005911065,0.581025856490577,0.114493354317786,2.36999263071791,4.94829225504315,5,5,0,0,2.36999263071791,4.0440229076614,5,10,0,0,2.36999263071791,3.25174914409972,5,20,0,0
"CD8Cells","CD4Cells","IL15","IL2RB","Signaling by Interleukin",5,10,FALSE,0,0,0,0,0,0,2.36999263071791,2.40652364828757,0.063765005911065,0.790182298180405,0.0928176578898609,2.36999263071791,3.06405212906544,5,5,0,0,2.36999263071791,2.40652364828757,5,10,0,0,2.36999263071791,1.51223973810648,5,20,0,0
"CD8Cells","CD4Cells","IL18","IL18R1","Signaling by Interleukin",10,10,FALSE,0,0,0,0,0,0,2.67426549501233,8.72288595790157,0.74571427155694,0.785659764684273,0.0893773848580203,4.8260314476127,15.618052163665,5,5,0,0,2.67426549501233,8.72288595790157,10,10,0,0,2.62252939594051,5.03921728142588,11,20,0,0
"CD8Cells","CD4Cells","IL18","IL18RAP","Signaling by Interleukin",10,10,FALSE,0,0,0,0,0,0,2.67426549501233,0.989908658954139,0.74571427155694,0.77131066774517,0.110864743681443,4.8260314476127,1.63322524264612,5,5,0,0,2.67426549501233,0.989908658954139,10,10,0,0,2.62252939594051,0.802750223981912,11,20,0,0
"CD8Cells","CD4Cells","IL1B","IL1RAP","Signaling by Interleukin",10,10,FALSE,0,0,0,0,0,0,1.47858750238963,2.21583298797416,0.881563359778117,0.875099763920257,0.0914305302706784,1.83717744421392,3.06130949130875,5,5,0,0,1.47858750238963,2.21583298797416,10,10,0,0,1.33401044754224,1.43995183408072,14,20,0,0
"CD8Cells","CD4Cells","IL6","IL6R","Signaling by Interleukin",10,10,FALSE,0,0,0,0,0,0,1.3855715007903,2.16151558551049,0.854666640376225,0.851276899338204,0.0689306086170068,2.03313965515044,3.60927043589506,5,5,0,0,1.3855715007903,2.16151558551049,10,10,0,0,0.786253530669926,1.39655146875714,20,20,0,0
"CD8Cells","CD4Cells","IL6","IL6ST","Signaling by Interleukin",10,10,FALSE,0,0,1,0,0,0,1.3855715007903,1.08773332320612,0.854666640376225,0.824477334235067,0.0945126623396138,2.03313965515044,1.43549800046267,5,5,0,0,1.3855715007903,1.08773332320612,10,10,0,1,0.786253530669926,0.997000722366242,20,19,0,2
"CD8Cells","CD4Cells","CLEC2B","KLRF1","Signaling by Leptin",10,10,TRUE,29,4,0,2,0,0,2.6178552521404,1.43686608275288,0.745095621828149,0.746426483656678,1,3.64380890760937,1.05964536561531,5,5,1,1,2.6178552521404,1.43686608275288,10,10,4,2,1.80779171686014,0.964918271748148,20,20,15,7
"CD8Cells","CD4Cells","AKR1C3","PTGDR","Signaling by Prostaglandin",10,10,FALSE,0,0,1,1,0,0,1.39509437858993,0.52358517330309,0.810291140154047,0.754222899394297,0.0733923019551546,2.52958717652898,0.862810285225576,5,5,0,2,1.39509437858993,0.52358517330309,10,10,0,2,1.24453572633075,0.479300467714213,20,11,0,3
"CD8Cells","CD4Cells","PTGES2","PTGER2","Signaling by Prostaglandin",8,10,FALSE,0,0,0,0,0,0,1.21719635546908,3.37522006140947,0.719769809117184,0.701410802842545,0.0825628608274715,1.56705187947318,6.22616541382985,5,5,0,0,1.21719635546908,3.37522006140947,8,10,0,0,1.21719635546908,2.86141325320849,8,12,0,0
"CD8Cells","CD4Cells","PTGES2","PTGER4","Signaling by Prostaglandin",8,9,FALSE,0,0,0,0,0,0,1.21719635546908,0.642076150192443,0.719769809117184,0.542252471040872,0.090038546726037,1.56705187947318,0.900745094369168,5,5,0,0,1.21719635546908,0.642076150192443,8,9,0,0,1.21719635546908,0.642076150192443,8,9,0,0
"CD8Cells","CD4Cells","PTGES3","PTGER2","Signaling by Prostaglandin",3,10,FALSE,0,0,0,0,0,0,0.461955460033921,3.37522006140947,0.441639400451597,0.701410802842545,0.057998167002257,0.461955460033921,6.22616541382985,3,5,0,0,0.461955460033921,3.37522006140947,3,10,0,0,0.461955460033921,2.86141325320849,3,12,0,0
"CD8Cells","CD4Cells","PTGES3","PTGER4","Signaling by Prostaglandin",3,9,FALSE,0,0,1,1,0,0,0.461955460033921,0.642076150192443,0.441639400451597,0.542252471040872,0.0747389431527593,0.461955460033921,0.900745094369168,3,5,0,2,0.461955460033921,0.642076150192443,3,9,0,2,0.461955460033921,0.642076150192443,3,9,0,2
"CD8Cells","CD4Cells","SEMA4A","PLXND1","Signaling by Semaphorin",2,9,FALSE,0,0,0,0,0,0,4.00994210284902,0.88523014803602,0.00838947941770755,0.776912955542905,0.0495714845215561,4.00994210284902,0.896563189131932,2,5,0,0,4.00994210284902,0.88523014803602,2,9,0,0,4.00994210284902,0.88523014803602,2,9,0,0
"CD8Cells","CD4Cells","SEMA4C","PLXNB2","Signaling by Semaphorin",9,10,FALSE,0,0,0,0,0,0,1.20762345646732,1.16054238857503,0.874198322900977,0.573683890258681,0.11110614661024,1.72021703322137,1.8675782200555,5,5,0,0,1.20762345646732,1.16054238857503,9,10,0,0,1.20762345646732,0.970078488780929,9,12,0,0
"CD8Cells","CD4Cells","SEMA4D","CD72","Signaling by Semaphorin",10,3,FALSE,0,0,3,0,0,0,1.86792526932649,1.06715166466795,0.885736374234773,0.822235260877079,0.0979165336820533,3.01176663453343,1.06715166466795,5,3,0,2,1.86792526932649,1.06715166466795,10,3,0,3,1.32547101076686,1.06715166466795,20,3,0,4
"CD8Cells","CD4Cells","SEMA4D","PLXNB2","Signaling by Semaphorin",10,10,FALSE,0,0,0,1,0,0,1.86792526932649,1.16054238857503,0.885736374234773,0.573683890258681,0.0949144834073186,3.01176663453343,1.8675782200555,5,5,0,1,1.86792526932649,1.16054238857503,10,10,0,1,1.32547101076686,0.970078488780929,20,12,0,1
"CD8Cells","CD4Cells","SEMA4D","PTPRC","Signaling by Semaphorin",10,10,FALSE,0,0,0,0,0,0,1.86792526932649,2.17047689969321,0.885736374234773,0.636115335776607,0.0746984411962424,3.01176663453343,3.79978762317196,5,5,0,0,1.86792526932649,2.17047689969321,10,10,0,0,1.32547101076686,1.41949893308252,20,19,0,3
"CD8Cells","CD4Cells","TBXAS1","TBXA2R","Signaling by Thromboxane",1,1,FALSE,0,0,0,0,0,0,0.0500273267903853,0.0159763374019702,NA,NA,0.00663895888468243,0.0500273267903853,0.0159763374019702,1,1,0,0,0.0500273267903853,0.0159763374019702,1,1,0,0,0.0500273267903853,0.0159763374019702,1,1,0,0
"CD8Cells","CD4Cells","WNT7A","FZD3","Signaling by WNT",10,10,FALSE,0,0,3,0,1,0,2.09114076657739,2.93814241650314,0.812123472065323,0.831730117531712,0.0851070318901157,3.34595641601333,4.40072720538533,5,5,0,3,2.09114076657739,2.93814241650314,10,10,0,3,1.72332864045653,2.71363128316913,15,20,0,3
"CD8Cells","CD4Cells","ITGAV","ADGRE2","Signaling by Integrin",10,10,FALSE,0,0,1,2,0,0,1.22165495919457,2.00238828724062,0.726225260806197,0.429725016853682,0.0724375265128849,2.28673739664819,2.98526398111867,5,5,0,1,1.22165495919457,2.00238828724062,10,10,0,3,1.25462811060546,1.38977173449431,13,20,0,3
"CD8Cells","CD4Cells","ITGB1","ADGRE2","Signaling by Integrin",10,10,FALSE,0,0,1,1,1,0,1.15646121066529,2.00238828724062,0.826332709702604,0.429725016853682,0.0802939438907013,1.61046923961515,2.98526398111867,5,5,0,2,1.15646121066529,2.00238828724062,10,10,0,2,1.23885621356653,1.38977173449431,19,20,0,2
"CD8Cells","CD4Cells","ITGAV","ADGRE5","Signaling by Integrin",10,8,FALSE,0,0,1,0,0,0,1.22165495919457,0.910583926106653,0.726225260806197,0.551716939113101,0.0885324721739448,2.28673739664819,1.14571449282556,5,5,0,1,1.22165495919457,0.910583926106653,10,8,0,1,1.25462811060546,0.910583926106653,13,8,0,1
"CD8Cells","CD4Cells","ITGB1","ADGRE5","Signaling by Integrin",10,8,FALSE,0,0,1,0,1,0,1.15646121066529,0.910583926106653,0.826332709702604,0.551716939113101,0.0896099752065864,1.61046923961515,1.14571449282556,5,5,0,1,1.15646121066529,0.910583926106653,10,8,0,1,1.23885621356653,0.910583926106653,19,8,0,1
"NKCells","CD4Cells","ICAM1","ITGAL","Adhesion by ICAM",2,1,FALSE,0,0,1,0,0,0,0.397401457856095,1.65187884774137,0.0576504149994992,NA,0.0625105206698873,0.397401457856095,1.65187884774137,2,1,0,1,0.397401457856095,1.65187884774137,2,1,0,1,0.397401457856095,1.65187884774137,2,1,0,1
"NKCells","CD4Cells","ICAM1","ITGB2","Adhesion by ICAM",2,10,FALSE,0,0,0,1,0,0,0.397401457856095,2.53993780872567,0.0576504149994992,0.799030412334276,0.0578691261757943,0.397401457856095,3.05469914722008,2,5,0,1,0.397401457856095,2.53993780872567,2,10,0,1,0.397401457856095,1.58377469443026,2,20,0,2
"NKCells","CD4Cells","ICAM1","ITGAM","Adhesion by ICAM",2,10,FALSE,0,0,0,1,0,0,0.397401457856095,0.930554456458626,0.0576504149994992,0.865623043532895,0.0688172032197328,0.397401457856095,0.762355953831475,2,5,0,0,0.397401457856095,0.930554456458626,2,10,0,1,0.397401457856095,0.876872585373425,2,18,0,2
"NKCells","CD4Cells","ICAM1","ITGAX","Adhesion by ICAM",2,10,FALSE,0,0,1,1,1,0,0.397401457856095,1.17045449012944,0.0576504149994992,0.848183940010562,0.0650420941605412,0.397401457856095,1.76966055782249,2,5,0,1,0.397401457856095,1.17045449012944,2,10,0,2,0.397401457856095,1.13805302972639,2,18,0,3
"NKCells","CD4Cells","ICAM2","ITGAL","Adhesion by ICAM",10,1,FALSE,0,0,2,0,0,0,2.14394048777826,1.65187884774137,0.707090766401698,NA,0.0608040040148663,2.71258074691034,1.65187884774137,5,1,0,1,2.14394048777826,1.65187884774137,10,1,0,2,1.32925276767616,1.65187884774137,20,1,0,2
"NKCells","CD4Cells","ICAM2","ITGB2","Adhesion by ICAM",10,10,FALSE,0,0,1,0,0,0,2.14394048777826,2.53993780872567,0.707090766401698,0.799030412334276,0.0999853960826456,2.71258074691034,3.05469914722008,5,5,0,0,2.14394048777826,2.53993780872567,10,10,0,1,1.32925276767616,1.58377469443026,20,20,0,3
"NKCells","CD4Cells","ICAM3","ITGB2","Adhesion by ICAM",2,10,FALSE,0,0,0,0,0,0,2.8109904434469,2.53993780872567,0.0576504149994992,0.799030412334276,0.0578691261757943,2.8109904434469,3.05469914722008,2,5,0,0,2.8109904434469,2.53993780872567,2,10,0,0,2.8109904434469,1.58377469443026,2,20,0,1
"NKCells","CD4Cells","ICAM3","ITGAL","Adhesion by ICAM",2,1,FALSE,0,0,1,0,0,0,2.8109904434469,1.65187884774137,0.0576504149994992,NA,0.0625105206698873,2.8109904434469,1.65187884774137,2,1,0,1,2.8109904434469,1.65187884774137,2,1,0,1,2.8109904434469,1.65187884774137,2,1,0,1
"NKCells","CD4Cells","ICAM4","ITGAL","Adhesion by ICAM",2,1,FALSE,0,0,1,1,0,1,0.308467604353904,1.65187884774137,0.0576504149994992,NA,0.0625105206698873,0.308467604353904,1.65187884774137,2,1,0,2,0.308467604353904,1.65187884774137,2,1,0,2,0.308467604353904,1.65187884774137,2,1,0,2
"NKCells","CD4Cells","ICAM4","ITGB2","Adhesion by ICAM",2,10,FALSE,0,0,0,3,0,1,0.308467604353904,2.53993780872567,0.0576504149994992,0.799030412334276,0.0578691261757943,0.308467604353904,3.05469914722008,2,5,0,1,0.308467604353904,2.53993780872567,2,10,0,3,0.308467604353904,1.58377469443026,2,20,0,5
"NKCells","CD4Cells","CCL28","CCR10","Signaling by Chemokines",10,2,FALSE,0,0,0,0,0,0,0.894365521466315,1.14784860888211,0.780709011949811,0.0489177771146595,0.0746199571488198,1.16964158144654,1.14784860888211,5,2,0,0,0.894365521466315,1.14784860888211,10,2,0,0,0.894365521466315,1.14784860888211,10,2,0,0
"NKCells","CD4Cells","PPBP","CXCR2","Signaling by Chemokines",6,8,FALSE,0,0,0,0,0,0,1.41788407047511,0.706684515242833,0.605764526637691,0.874391486279432,0.0928698806626364,1.65537402781996,0.925974099050821,5,5,0,0,1.41788407047511,0.706684515242833,6,8,0,0,1.41788407047511,0.706684515242833,6,8,0,0
"NKCells","CD4Cells","CXCL8","CXCR2","Signaling by Chemokines",10,8,FALSE,0,0,0,0,0,0,1.43557114452394,0.706684515242833,0.892899307653221,0.874391486279432,0.0938127816073715,2.04115942345271,0.925974099050821,5,5,0,0,1.43557114452394,0.706684515242833,10,8,0,0,1.33881498263248,0.706684515242833,11,8,0,0
"NKCells","CD4Cells","LIPA","RORA","Signaling by Cholesterol",3,10,FALSE,0,0,0,1,0,0,1.94470059164215,1.86169229480649,0.66762881912535,0.594158124791749,0.0859223535675172,1.94470059164215,3.46486854667392,3,5,0,0,1.94470059164215,1.86169229480649,3,10,0,1,1.94470059164215,1.58865868508437,3,13,0,2
"NKCells","CD4Cells","SLC6A6","GABBR1","Signaling by GABA",10,10,FALSE,0,0,1,1,0,0,1.72729514932026,1.43209712495844,0.680320609792075,0.822835486341843,0.0926916763473377,2.39854353999303,2.42865019188263,5,5,0,1,1.72729514932026,1.43209712495844,10,10,0,2,1.23080253695497,1.1687602127717,20,20,0,4
"NKCells","CD4Cells","IFNG","IFNGR1","Signaling by Interferon",10,10,FALSE,0,0,0,0,0,0,1.32946386295648,1.77010573305032,0.428819723144851,0.784094099107504,0.0812456060366658,1.93143553645711,2.81530804733397,5,5,0,0,1.32946386295648,1.77010573305032,10,10,0,0,1.06898408040645,1.26768412569133,20,14,0,1
"NKCells","CD4Cells","IFNG","IFNGR2","Signaling by Interferon",10,10,FALSE,0,0,0,0,0,0,1.32946386295648,0.903235591233971,0.428819723144851,0.73573296818162,0.11162780347068,1.93143553645711,1.41589377181493,5,5,0,0,1.32946386295648,0.903235591233971,10,10,0,0,1.06898408040645,0.701241411521449,20,17,0,0
"NKCells","CD4Cells","IL23A","IL12RB1","Signaling by Interleukin",1,10,FALSE,0,0,0,0,0,0,0.0518779153923412,1.99159529813922,NA,0.709722216377731,0.0270816449028882,0.0518779153923412,2.54203381272012,1,5,0,0,0.0518779153923412,1.99159529813922,1,10,0,0,0.0518779153923412,1.23235699111831,1,20,0,1
"NKCells","CD4Cells","IL15","IL15RA","Signaling by Interleukin",5,10,FALSE,0,0,0,0,0,0,0.815018353417493,3.38414570470763,0.0628182491925175,0.587055988535633,0.0633921945221457,0.815018353417493,4.42158993634188,5,5,0,0,0.815018353417493,3.38414570470763,5,10,0,0,0.815018353417493,2.25948183270839,5,20,0,0
"NKCells","CD4Cells","IL15","IL2RB","Signaling by Interleukin",5,10,FALSE,0,0,0,0,0,0,0.815018353417493,1.68924964195537,0.0628182491925175,0.782363858882089,0.0819705462643594,0.815018353417493,2.03009335254185,5,5,0,0,0.815018353417493,1.68924964195537,5,10,0,0,0.815018353417493,1.15193594965649,5,20,0,1
"NKCells","CD4Cells","IL18","IL18R1","Signaling by Interleukin",10,10,FALSE,0,0,0,1,0,0,4.89432327502221,8.89379350674429,0.741899820408259,0.89242883970241,0.074254167103179,8.53145189964973,16.1502257883896,5,5,0,1,4.89432327502221,8.89379350674429,10,10,0,1,4.45388348711731,5.26605939929517,11,20,0,3
"NKCells","CD4Cells","IL18","IL18RAP","Signaling by Interleukin",10,10,FALSE,0,0,0,1,0,0,4.89432327502221,0.656641239481109,0.741899820408259,0.776773422403056,0.0806303948249043,8.53145189964973,1.26098733451061,5,5,0,1,4.89432327502221,0.656641239481109,10,10,0,1,4.45388348711731,0.642395311553227,11,20,0,4
"NKCells","CD4Cells","IL1B","IL1RAP","Signaling by Interleukin",10,10,FALSE,0,0,0,0,0,0,0.669752160758918,2.23154238499876,0.867117068771192,0.876236023962497,0.0744712056688356,1.11351211544902,3.18619307183695,5,5,0,0,0.669752160758918,2.23154238499876,10,10,0,0,0.621019384386328,1.32070463421927,14,20,0,0
"NKCells","CD4Cells","IL6","IL6R","Signaling by Interleukin",10,10,FALSE,0,0,0,2,0,0,2.28524742669174,1.66533725606272,0.893963877875547,0.854671057293653,0.0732383730228744,3.26965576885745,2.74894740153761,5,5,0,2,2.28524742669174,1.66533725606272,10,10,0,2,1.29348271106913,1.28184769580866,20,20,0,2
"NKCells","CD4Cells","IL6","IL6ST","Signaling by Interleukin",10,10,FALSE,0,0,0,0,0,0,2.28524742669174,1.46902343418956,0.893963877875547,0.586483775004907,0.105479338201217,3.26965576885745,2.15794376614385,5,5,0,0,2.28524742669174,1.46902343418956,10,10,0,0,1.29348271106913,1.23091180459488,20,20,0,1
"NKCells","CD4Cells","CLEC2B","KLRF1","Signaling by Leptin",10,10,TRUE,31,2,1,2,0,0,2.78027090962011,1.79629753412329,0.769798914050284,0.749415309391874,1,4.30843561794609,1.57922276445899,5,5,1,2,2.78027090962011,1.79629753412329,10,10,2,3,1.76909509623341,1.25867524874655,20,20,11,5
"NKCells","CD4Cells","AKR1C3","PTGDR","Signaling by Prostaglandin",10,10,FALSE,0,0,0,1,0,0,3.16264223212414,0.285635616423021,0.664888452230815,0.704591264116219,0.103057924811136,5.16718054669828,0.491328971836095,5,5,0,1,3.16264223212414,0.285635616423021,10,10,0,1,1.95071422681744,0.266281694975408,20,11,0,1
"NKCells","CD4Cells","PTGES2","PTGER2","Signaling by Prostaglandin",8,10,FALSE,0,0,1,0,0,0,0.462611608011334,3.99412184610023,0.729032069103298,0.704591264116219,0.0779581588449933,0.552867375610221,7.58928618628423,5,5,0,1,0.462611608011334,3.99412184610023,8,10,0,1,0.462611608011334,3.41938847740442,8,12,0,1
"NKCells","CD4Cells","PTGES2","PTGER4","Signaling by Prostaglandin",8,10,FALSE,0,0,0,0,0,0,0.462611608011334,0.858351035329041,0.729032069103298,0.530412871057095,0.0981012612338826,0.552867375610221,1.22519019520557,5,5,0,0,0.462611608011334,0.858351035329041,8,10,0,0,0.462611608011334,0.858351035329041,8,10,0,0
"NKCells","CD4Cells","PTGES3","PTGER2","Signaling by Prostaglandin",3,10,FALSE,0,0,0,0,0,0,0.517764278399426,3.99412184610023,0.43212417044043,0.704591264116219,0.0621790491971946,0.517764278399426,7.58928618628423,3,5,0,0,0.517764278399426,3.99412184610023,3,10,0,0,0.517764278399426,3.41938847740442,3,12,0,0
"NKCells","CD4Cells","PTGES3","PTGER4","Signaling by Prostaglandin",3,10,FALSE,0,0,0,4,0,1,0.517764278399426,0.858351035329041,0.43212417044043,0.530412871057095,0.0782037756774883,0.517764278399426,1.22519019520557,3,5,0,4,0.517764278399426,0.858351035329041,3,10,0,4,0.517764278399426,0.858351035329041,3,10,0,4
"NKCells","CD4Cells","SEMA4A","PLXND1","Signaling by Semaphorin",2,10,FALSE,0,0,0,0,0,0,0.335127435279538,0.938938326558228,0.0155521817208214,0.779951081807712,0.049164667629519,0.335127435279538,0.986663621544519,2,5,0,0,0.335127435279538,0.938938326558228,2,10,0,0,0.335127435279538,0.938938326558228,2,10,0,0
"NKCells","CD4Cells","SEMA4C","PLXNB2","Signaling by Semaphorin",9,10,FALSE,0,0,0,0,0,0,0.599832964806351,0.840218883100669,0.882598982518476,0.557067596706532,0.0907223969659736,0.733691445469072,1.34736953368813,5,5,0,0,0.599832964806351,0.840218883100669,9,10,0,0,0.599832964806351,0.781250374850364,9,12,0,2
"NKCells","CD4Cells","SEMA4D","CD72","Signaling by Semaphorin",10,3,FALSE,0,0,2,1,1,0,4.14296602065439,0.866249888844879,0.854811580184786,0.824781493545523,0.0987663543966817,5.95951144794947,0.866249888844879,5,3,0,1,4.14296602065439,0.866249888844879,10,3,0,3,2.44703430676188,0.866249888844879,20,3,0,6
"NKCells","CD4Cells","SEMA4D","PLXNB2","Signaling by Semaphorin",10,10,FALSE,0,0,0,0,0,0,4.14296602065439,0.840218883100669,0.854811580184786,0.557067596706532,0.0932119485215529,5.95951144794947,1.34736953368813,5,5,0,0,4.14296602065439,0.840218883100669,10,10,0,0,2.44703430676188,0.781250374850364,20,12,0,1
"NKCells","CD4Cells","SEMA4D","PTPRC","Signaling by Semaphorin",10,10,FALSE,0,0,0,0,0,0,4.14296602065439,2.57762889412994,0.854811580184786,0.627739253062954,0.0961443929150909,5.95951144794947,4.44328136156236,5,5,0,0,4.14296602065439,2.57762889412994,10,10,0,0,2.44703430676188,1.7594323217824,20,18,0,2
"NKCells","CD4Cells","TBXAS1","TBXA2R","Signaling by Thromboxane",1,1,FALSE,0,0,0,0,0,0,0.47023052957356,0.190027555620682,NA,NA,0.0151839155466443,0.47023052957356,0.190027555620682,1,1,0,0,0.47023052957356,0.190027555620682,1,1,0,0,0.47023052957356,0.190027555620682,1,1,0,0
"NKCells","CD4Cells","WNT7A","FZD3","Signaling by WNT",10,10,FALSE,0,0,0,0,0,0,1.08108337938535,2.66898029329343,0.806178624585524,0.870523212446,0.0887053140940796,1.69690018994333,4.42240346645427,5,5,0,0,1.08108337938535,2.66898029329343,10,10,0,0,0.794165056117882,2.78290491787108,15,20,0,2
"NKCells","CD4Cells","ITGAV","ADGRE2","Signaling by Integrin",10,10,FALSE,0,0,1,1,0,0,0.948450802737478,1.59907038739173,0.72989763036968,0.423603551386079,0.0947032452348511,1.30741792809484,2.28894665626018,5,5,0,0,0.948450802737478,1.59907038739173,10,10,0,2,1.00418667516724,1.12280541356776,13,20,0,2
"NKCells","CD4Cells","ITGB1","ADGRE2","Signaling by Integrin",10,10,FALSE,0,0,1,1,0,0,2.19658653100883,1.59907038739173,0.892889101071786,0.423603551386079,0.0896730659618534,3.20049640752502,2.28894665626018,5,5,0,1,2.19658653100883,1.59907038739173,10,10,0,2,1.45039939319817,1.12280541356776,19,20,0,3
"NKCells","CD4Cells","ITGAV","ADGRE5","Signaling by Integrin",10,8,FALSE,0,0,2,0,0,0,0.948450802737478,1.04934985339,0.72989763036968,0.556224202353363,0.0807181718642295,1.30741792809484,1.16197744554915,5,5,0,1,0.948450802737478,1.04934985339,10,8,0,2,1.00418667516724,1.04934985339,13,8,0,2
"NKCells","CD4Cells","ITGB1","ADGRE5","Signaling by Integrin",10,8,FALSE,0,0,1,0,1,0,2.19658653100883,1.04934985339,0.892889101071786,0.556224202353363,0.0938662687227565,3.20049640752502,1.16197744554915,5,5,0,0,2.19658653100883,1.04934985339,10,8,0,1,1.45039939319817,1.04934985339,19,8,0,2
"MonocytesCells","CD4Cells","ICAM1","ITGAL","Adhesion by ICAM",2,1,FALSE,0,0,1,0,0,0,1.5827461686175,1.93773177014128,0.0557842964232885,NA,0.0548973637914027,1.5827461686175,1.93773177014128,2,1,0,1,1.5827461686175,1.93773177014128,2,1,0,1,1.5827461686175,1.93773177014128,2,1,0,1
"MonocytesCells","CD4Cells","ICAM1","ITGB2","Adhesion by ICAM",2,10,FALSE,0,0,0,1,0,1,1.5827461686175,2.09690940861949,0.0557842964232885,0.686365584819897,0.0652124425120427,1.5827461686175,2.38031475263133,2,5,0,0,1.5827461686175,2.09690940861949,2,10,0,1,1.5827461686175,1.8121895724257,2,20,0,1
"MonocytesCells","CD4Cells","ICAM1","ITGAM","Adhesion by ICAM",2,10,FALSE,0,0,0,0,0,0,1.5827461686175,1.23364546859848,0.0557842964232885,0.811073983704118,0.0819241257948419,1.5827461686175,1.30152737420476,2,5,0,0,1.5827461686175,1.23364546859848,2,10,0,0,1.5827461686175,0.944040641676406,2,19,0,0
"MonocytesCells","CD4Cells","ICAM1","ITGAX","Adhesion by ICAM",2,10,FALSE,0,0,1,0,1,0,1.5827461686175,1.16815967231752,0.0557842964232885,0.811073983704118,0.0819241257948419,1.5827461686175,1.45768387173006,2,5,0,1,1.5827461686175,1.16815967231752,2,10,0,1,1.5827461686175,0.765991806993186,2,19,0,1
"MonocytesCells","CD4Cells","ICAM2","ITGAL","Adhesion by ICAM",10,1,FALSE,0,0,0,0,0,0,2.16155688807729,1.93773177014128,0.844127781122191,NA,0.0834513515922943,3.54970784841012,1.93773177014128,5,1,0,0,2.16155688807729,1.93773177014128,10,1,0,0,1.73924120221992,1.93773177014128,20,1,0,2
"MonocytesCells","CD4Cells","ICAM2","ITGB2","Adhesion by ICAM",10,10,FALSE,0,0,0,3,0,1,2.16155688807729,2.09690940861949,0.844127781122191,0.686365584819897,0.107821102329434,3.54970784841012,2.38031475263133,5,5,0,1,2.16155688807729,2.09690940861949,10,10,0,3,1.73924120221992,1.8121895724257,20,20,0,6
"MonocytesCells","CD4Cells","ICAM3","ITGB2","Adhesion by ICAM",2,10,FALSE,0,0,0,0,0,0,0.529712575534506,2.09690940861949,0.0557842964232885,0.686365584819897,0.0652124425120427,0.529712575534506,2.38031475263133,2,5,0,0,0.529712575534506,2.09690940861949,2,10,0,0,0.529712575534506,1.8121895724257,2,20,0,0
"MonocytesCells","CD4Cells","ICAM3","ITGAL","Adhesion by ICAM",2,1,FALSE,0,0,1,0,0,0,0.529712575534506,1.93773177014128,0.0557842964232885,NA,0.0548973637914027,0.529712575534506,1.93773177014128,2,1,0,1,0.529712575534506,1.93773177014128,2,1,0,1,0.529712575534506,1.93773177014128,2,1,0,1
"MonocytesCells","CD4Cells","ICAM4","ITGAL","Adhesion by ICAM",2,1,FALSE,0,0,1,0,0,0,2.44377311125891,1.93773177014128,0.0557842964232885,NA,0.0548973637914027,2.44377311125891,1.93773177014128,2,1,0,1,2.44377311125891,1.93773177014128,2,1,0,1,2.44377311125891,1.93773177014128,2,1,0,1
"MonocytesCells","CD4Cells","ICAM4","ITGB2","Adhesion by ICAM",2,10,FALSE,0,0,0,0,0,0,2.44377311125891,2.09690940861949,0.0557842964232885,0.686365584819897,0.0652124425120427,2.44377311125891,2.38031475263133,2,5,0,0,2.44377311125891,2.09690940861949,2,10,0,0,2.44377311125891,1.8121895724257,2,20,0,0
"MonocytesCells","CD4Cells","CCL28","CCR10","Signaling by Chemokines",10,2,FALSE,0,0,1,0,0,0,0.609258475844588,3.24487385310804,0.775406222857698,0.0222081924365618,0.0992554042556628,1.1451128611894,3.24487385310804,5,2,0,1,0.609258475844588,3.24487385310804,10,2,0,1,0.553749375238248,3.24487385310804,11,2,0,1
"MonocytesCells","CD4Cells","PPBP","CXCR2","Signaling by Chemokines",6,7,FALSE,0,0,0,0,0,0,1.46666373154672,1.04296759695628,0.575720161148853,0.808871756270128,0.127103985394369,1.7563827570489,1.19796677959862,5,5,0,0,1.46666373154672,1.04296759695628,6,7,0,0,1.46666373154672,1.04296759695628,6,7,0,0
"MonocytesCells","CD4Cells","CXCL8","CXCR2","Signaling by Chemokines",10,7,FALSE,0,0,0,0,0,0,0.769196942694062,1.04296759695628,0.468074081930988,0.808871756270128,0.127103985394369,1.40262264292583,1.19796677959862,5,5,0,0,0.769196942694062,1.04296759695628,10,7,0,0,0.708016657160059,1.04296759695628,11,7,0,0
"MonocytesCells","CD4Cells","LIPA","RORA","Signaling by Cholesterol",3,10,FALSE,0,0,0,2,0,0,7.18523407726041,2.05030720972371,0.688808214616704,0.606078677760779,0.0844511537311788,7.18523407726041,3.43057952842151,3,5,0,1,7.18523407726041,2.05030720972371,3,10,0,2,7.18523407726041,1.62720046543973,3,13,0,2
"MonocytesCells","CD4Cells","SLC6A6","GABBR1","Signaling by GABA",10,10,FALSE,0,0,0,0,0,0,2.84351920517382,1.77202750858916,0.878247145816235,0.694541735458692,0.0831634266190493,4.26549907395719,2.0536648456669,5,5,0,0,2.84351920517382,1.77202750858916,10,10,0,0,1.57963181765496,1.23602810399601,20,20,0,0
"MonocytesCells","CD4Cells","IFNG","IFNGR1","Signaling by Interferon",10,10,FALSE,0,0,0,0,0,0,2.14935757127433,1.22875180730386,0.851341472044715,0.786149633601193,0.107499238407529,2.73997298836755,2.0479409990462,5,5,0,0,2.14935757127433,1.22875180730386,10,10,0,0,1.40678242807277,1.01920251456959,20,14,0,0
"MonocytesCells","CD4Cells","IFNG","IFNGR2","Signaling by Interferon",10,10,FALSE,0,0,1,0,0,0,2.14935757127433,1.33706480232665,0.851341472044715,0.644791479153868,0.114935138629557,2.73997298836755,1.92444288750737,5,5,0,0,2.14935757127433,1.33706480232665,10,10,0,1,1.40678242807277,0.83138842614394,20,17,0,2
"MonocytesCells","CD4Cells","IL23A","IL12RB1","Signaling by Interleukin",1,10,FALSE,0,0,0,2,0,1,0.0515882309109845,2.02233389617287,NA,0.60865112684982,0.0576330075503106,0.0515882309109845,3.49218549980883,1,5,0,1,0.0515882309109845,2.02233389617287,1,10,0,2,0.0515882309109845,1.28819614671573,1,20,0,2
"MonocytesCells","CD4Cells","IL15","IL15RA","Signaling by Interleukin",2,10,FALSE,0,0,1,0,1,0,0.106966131115329,2.55245205213793,0.0331193683843771,0.661462754540104,0.0627442888586611,0.106966131115329,2.51446462984512,2,5,0,1,0.106966131115329,2.55245205213793,2,10,0,1,0.106966131115329,1.74620018678287,2,20,0,1
"MonocytesCells","CD4Cells","IL15","IL2RB","Signaling by Interleukin",2,10,FALSE,0,0,0,0,0,0,0.106966131115329,2.49977912089061,0.0331193683843771,0.796900546603037,0.0579045632957563,0.106966131115329,3.50492400855686,2,5,0,0,0.106966131115329,2.49977912089061,2,10,0,0,0.106966131115329,1.73008778960121,2,20,0,1
"MonocytesCells","CD4Cells","IL18","IL18R1","Signaling by Interleukin",10,10,FALSE,0,0,0,5,0,3,1.08826915405221,8.42444460544811,0.744628229781866,0.776368270521951,0.108379984639773,1.65842317136146,13.0128862266034,5,5,0,3,1.08826915405221,8.42444460544811,10,10,0,5,1.08826915405221,4.99322075991509,10,20,0,8
"MonocytesCells","CD4Cells","IL18","IL18RAP","Signaling by Interleukin",10,10,FALSE,0,0,0,2,0,1,1.08826915405221,1.70933170050446,0.744628229781866,0.788355594951335,0.086598706772604,1.65842317136146,2.95874738447399,5,5,0,0,1.08826915405221,1.70933170050446,10,10,0,2,1.08826915405221,0.991906110510305,10,20,0,5
"MonocytesCells","CD4Cells","IL1B","IL1RAP","Signaling by Interleukin",10,10,FALSE,0,0,0,0,0,0,0.825025003080679,1.90696950245414,0.715448198967425,0.872089698965102,0.130724941154243,0.742568307602508,3.31393172938815,5,5,0,0,0.825025003080679,1.90696950245414,10,10,0,0,0.660839537442173,1.22439158051794,14,20,0,0
"MonocytesCells","CD4Cells","IL6","IL6R","Signaling by Interleukin",10,10,FALSE,0,0,0,0,0,0,2.28461425956355,1.52056315098808,0.565703214921655,0.889253506344339,0.108623939816312,3.52807106818584,2.059105823791,5,5,0,0,2.28461425956355,1.52056315098808,10,10,0,0,1.59357941679378,0.929495445604048,20,20,0,2
"MonocytesCells","CD4Cells","IL6","IL6ST","Signaling by Interleukin",10,10,FALSE,0,0,0,0,0,0,2.28461425956355,2.12178772795966,0.565703214921655,0.813401784504528,0.0903361677853925,3.52807106818584,2.49492136767517,5,5,0,0,2.28461425956355,2.12178772795966,10,10,0,0,1.59357941679378,1.69118018860376,20,20,0,2
"MonocytesCells","CD4Cells","CLEC2B","KLRF1","Signaling by Leptin",10,10,TRUE,28,5,2,3,0,0,1.8642519982246,1.59522461508663,0.749308668155152,0.749308668155152,1,2.3459132177358,2.72163755354899,5,5,2,4,1.8642519982246,1.59522461508663,10,10,5,5,1.09370143489913,1.22135453043989,20,20,14,6
"MonocytesCells","CD4Cells","AKR1C3","PTGDR","Signaling by Prostaglandin",10,10,FALSE,0,0,2,0,0,0,1.13813831477096,0.697109802188308,0.650150849847651,0.734350040914643,0.114560016004,1.97641467534037,1.24426271751216,5,5,0,1,1.13813831477096,0.697109802188308,10,10,0,2,1.21960691992492,0.632933885626471,20,11,0,2
"MonocytesCells","CD4Cells","PTGES2","PTGER2","Signaling by Prostaglandin",8,10,FALSE,0,0,1,1,0,0,1.33012142785176,2.59162439709552,0.732938031130922,0.734350040914643,0.108623176259393,1.61400709436242,4.92425712250309,5,5,0,0,1.33012142785176,2.59162439709552,8,10,0,2,1.33012142785176,2.21499810218218,8,12,0,2
"MonocytesCells","CD4Cells","PTGES2","PTGER4","Signaling by Prostaglandin",8,7,FALSE,0,0,0,1,0,0,1.33012142785176,0.783468653516364,0.732938031130922,0.562247543639161,0.100321474400169,1.61400709436242,1.08935473300656,5,5,0,1,1.33012142785176,0.783468653516364,8,7,0,1,1.33012142785176,0.783468653516364,8,7,0,1
"MonocytesCells","CD4Cells","PTGES3","PTGER2","Signaling by Prostaglandin",3,10,FALSE,0,0,0,1,0,0,2.02600302572827,2.59162439709552,0.448044653709567,0.734350040914643,0.0549228527736574,2.02600302572827,4.92425712250309,3,5,0,1,2.02600302572827,2.59162439709552,3,10,0,1,2.02600302572827,2.21499810218218,3,12,0,1
"MonocytesCells","CD4Cells","PTGES3","PTGER4","Signaling by Prostaglandin",3,7,FALSE,0,0,1,1,0,0,2.02600302572827,0.783468653516364,0.448044653709567,0.562247543639161,0.0937038958424483,2.02600302572827,1.08935473300656,3,5,0,1,2.02600302572827,0.783468653516364,3,7,0,2,2.02600302572827,0.783468653516364,3,7,0,2
"MonocytesCells","CD4Cells","SEMA4A","PLXND1","Signaling by Semaphorin",2,10,FALSE,0,0,0,1,0,0,0.621511136349997,1.2040595085522,0.00854620320782283,0.777345922259387,0.099454398917457,0.621511136349997,1.18094544030203,2,5,0,1,0.621511136349997,1.2040595085522,2,10,0,1,0.621511136349997,1.2040595085522,2,10,0,1
"MonocytesCells","CD4Cells","SEMA4C","PLXNB2","Signaling by Semaphorin",9,10,FALSE,0,0,0,0,0,0,0.532439760264318,1.13715881353483,0.882740811219784,0.621629921503865,0.133052563286554,0.774173990935573,1.65852114350416,5,5,0,0,0.532439760264318,1.13715881353483,9,10,0,0,0.532439760264318,1.03225767028455,9,11,0,0
"MonocytesCells","CD4Cells","SEMA4D","CD72","Signaling by Semaphorin",10,3,FALSE,0,0,0,0,0,0,1.2108888918367,1.43511548520061,0.73549327811411,0.829082384421349,0.100711240850593,1.93543925004745,1.43511548520061,5,3,0,0,1.2108888918367,1.43511548520061,10,3,0,0,0.896008552259951,1.43511548520061,20,3,0,1
"MonocytesCells","CD4Cells","SEMA4D","PLXNB2","Signaling by Semaphorin",10,10,FALSE,0,0,0,1,0,0,1.2108888918367,1.13715881353483,0.73549327811411,0.621629921503865,0.105691431896476,1.93543925004745,1.65852114350416,5,5,0,0,1.2108888918367,1.13715881353483,10,10,0,1,0.896008552259951,1.03225767028455,20,11,0,1
"MonocytesCells","CD4Cells","SEMA4D","PTPRC","Signaling by Semaphorin",10,10,FALSE,0,0,0,0,0,0,1.2108888918367,2.84563550994346,0.73549327811411,0.686315624089275,0.102663180960095,1.93543925004745,4.00577717931974,5,5,0,0,1.2108888918367,2.84563550994346,10,10,0,0,0.896008552259951,1.59718202139478,20,20,0,3
"MonocytesCells","CD4Cells","TBXAS1","TBXA2R","Signaling by Thromboxane",1,1,FALSE,0,0,0,0,0,0,0.0704969774186022,0.54075121900315,NA,NA,0.00373578521008319,0.0704969774186022,0.54075121900315,1,1,0,0,0.0704969774186022,0.54075121900315,1,1,0,0,0.0704969774186022,0.54075121900315,1,1,0,0
"MonocytesCells","CD4Cells","WNT7A","FZD3","Signaling by WNT",10,10,FALSE,0,0,2,0,0,0,0.819840498642922,3.16294034181933,0.735232401489847,0.831424861802291,0.0969188074332064,1.36195276098993,4.64701678273078,5,5,0,0,0.819840498642922,3.16294034181933,10,10,0,2,0.567829471601068,1.98862164384172,16,20,0,5
"MonocytesCells","CD4Cells","ITGAV","ADGRE2","Signaling by Integrin",10,10,FALSE,0,0,0,0,0,0,1.14155088164359,2.28360713487336,0.836767675998767,0.714637822156406,0.0921125270350551,1.93117727616684,2.56542306136197,5,5,0,0,1.14155088164359,2.28360713487336,10,10,0,0,0.92730890054444,1.27141588900565,13,20,0,0
"MonocytesCells","CD4Cells","ITGB1","ADGRE2","Signaling by Integrin",10,10,FALSE,0,0,0,0,0,0,1.36515532601986,2.28360713487336,0.825184242505757,0.714637822156406,0.101030553192653,2.19062200470326,2.56542306136197,5,5,0,0,1.36515532601986,2.28360713487336,10,10,0,0,1.12945322583698,1.27141588900565,18,20,0,1
"MonocytesCells","CD4Cells","ITGAV","ADGRE5","Signaling by Integrin",10,8,FALSE,0,0,4,0,1,0,1.14155088164359,0.690305163874395,0.836767675998767,0.58760484196451,0.0990732753356886,1.93117727616684,0.897530206813413,5,5,0,2,1.14155088164359,0.690305163874395,10,8,0,4,0.92730890054444,0.690305163874395,13,8,0,4
"MonocytesCells","CD4Cells","ITGB1","ADGRE5","Signaling by Integrin",10,8,FALSE,0,0,1,0,0,0,1.36515532601986,0.690305163874395,0.825184242505757,0.58760484196451,0.0902401225230909,2.19062200470326,0.897530206813413,5,5,0,0,1.36515532601986,0.690305163874395,10,8,0,1,1.12945322583698,0.690305163874395,18,8,0,2
"BCells","CD8Cells","ICAM1","ITGAL","Adhesion by ICAM",2,1,FALSE,0,0,0,0,0,0,2.13637119837963,0.137778009940708,0.0563371506486234,NA,0.0593629413667957,2.13637119837963,0.137778009940708,2,1,0,0,2.13637119837963,0.137778009940708,2,1,0,0,2.13637119837963,0.137778009940708,2,1,0,0
"BCells","CD8Cells","ICAM1","ITGB2","Adhesion by ICAM",2,10,FALSE,0,0,0,0,0,0,2.13637119837963,1.70486006066873,0.0563371506486234,0.668870653602701,0.0732103387591855,2.13637119837963,2.04029309583708,2,5,0,0,2.13637119837963,1.70486006066873,2,10,0,0,2.13637119837963,1.34603024426088,2,20,0,0
"BCells","CD8Cells","ICAM1","ITGAM","Adhesion by ICAM",2,10,FALSE,0,0,0,0,0,0,2.13637119837963,0.752175119746871,0.0563371506486234,0.821955910296592,0.0969245861847497,2.13637119837963,0.600748023251922,2,5,0,0,2.13637119837963,0.752175119746871,2,10,0,0,2.13637119837963,0.851081454523802,2,20,0,0
"BCells","CD8Cells","ICAM1","ITGAX","Adhesion by ICAM",2,10,FALSE,0,0,0,0,0,0,2.13637119837963,2.13686597621981,0.0563371506486234,0.743427011235926,0.0711493807382199,2.13637119837963,3.04508569406054,2,5,0,0,2.13637119837963,2.13686597621981,2,10,0,0,2.13637119837963,1.32106429877527,2,20,0,0
"BCells","CD8Cells","ICAM2","ITGAL","Adhesion by ICAM",10,1,FALSE,0,0,0,0,0,0,2.17921014360942,0.137778009940708,0.785090038716899,NA,0.0577426418077325,3.03806667547677,0.137778009940708,5,1,0,0,2.17921014360942,0.137778009940708,10,1,0,0,1.40370129074038,0.137778009940708,20,1,0,0
"BCells","CD8Cells","ICAM2","ITGB2","Adhesion by ICAM",10,10,FALSE,0,0,0,1,0,0,2.17921014360942,1.70486006066873,0.785090038716899,0.668870653602701,0.0938325484637154,3.03806667547677,2.04029309583708,5,5,0,1,2.17921014360942,1.70486006066873,10,10,0,1,1.40370129074038,1.34603024426088,20,20,0,2
"BCells","CD8Cells","ICAM3","ITGB2","Adhesion by ICAM",2,10,FALSE,0,0,0,1,0,0,2.80190882714013,1.70486006066873,0.0563371506486234,0.668870653602701,0.0732103387591855,2.80190882714013,2.04029309583708,2,5,0,1,2.80190882714013,1.70486006066873,2,10,0,1,2.80190882714013,1.34603024426088,2,20,0,1
"BCells","CD8Cells","ICAM3","ITGAL","Adhesion by ICAM",2,1,FALSE,0,0,0,0,0,0,2.80190882714013,0.137778009940708,0.0563371506486234,NA,0.0593629413667957,2.80190882714013,0.137778009940708,2,1,0,0,2.80190882714013,0.137778009940708,2,1,0,0,2.80190882714013,0.137778009940708,2,1,0,0
"BCells","CD8Cells","ICAM4","ITGAL","Adhesion by ICAM",2,1,FALSE,0,0,0,0,0,0,0.804908170761652,0.137778009940708,0.0563371506486234,NA,0.0593629413667957,0.804908170761652,0.137778009940708,2,1,0,0,0.804908170761652,0.137778009940708,2,1,0,0,0.804908170761652,0.137778009940708,2,1,0,0
"BCells","CD8Cells","ICAM4","ITGB2","Adhesion by ICAM",2,10,FALSE,0,0,0,0,0,0,0.804908170761652,1.70486006066873,0.0563371506486234,0.668870653602701,0.0732103387591855,0.804908170761652,2.04029309583708,2,5,0,0,0.804908170761652,1.70486006066873,2,10,0,0,0.804908170761652,1.34603024426088,2,20,0,1
"BCells","CD8Cells","CCL28","CCR10","Signaling by Chemokines",10,2,FALSE,0,0,2,0,0,0,1.69820324213288,1.34268155574775,0.778327898804943,0.0469156039220096,0.0940342721675114,3.17179550579841,1.34268155574775,5,2,0,1,1.69820324213288,1.34268155574775,10,2,0,2,1.69820324213288,1.34268155574775,10,2,0,2
"BCells","CD8Cells","PPBP","CXCR2","Signaling by Chemokines",5,8,FALSE,0,0,0,0,0,0,2.56658349282621,1.04782547349348,0.528635129060196,0.827433133462288,0.0963526252368546,2.56658349282621,1.4132260666051,5,5,0,0,2.56658349282621,1.04782547349348,5,8,0,0,2.56658349282621,1.04782547349348,5,8,0,0
"BCells","CD8Cells","CXCL8","CXCR2","Signaling by Chemokines",10,8,FALSE,0,0,0,0,0,0,0.752543840170895,1.04782547349348,0.527625437671742,0.827433133462288,0.100787701977162,1.31557545986771,1.4132260666051,5,5,0,0,0.752543840170895,1.04782547349348,10,8,0,0,0.684411869905253,1.04782547349348,11,8,0,0
"BCells","CD8Cells","LIPA","RORA","Signaling by Cholesterol",3,10,FALSE,0,0,0,0,0,0,0.847072597769576,1.36357521824266,0.665780624903876,0.668849878065367,0.0990309412745728,0.847072597769576,2.49528446137783,3,5,0,0,0.847072597769576,1.36357521824266,3,10,0,0,0.847072597769576,1.29113530246634,3,13,0,0
"BCells","CD8Cells","SLC6A6","GABBR1","Signaling by GABA",10,10,FALSE,0,0,0,0,0,0,2.35238760131921,2.51836005362733,0.543771674712347,0.840960072695881,0.0980338320998826,3.64313863162858,3.44116153228153,5,5,0,0,2.35238760131921,2.51836005362733,10,10,0,0,1.47482280610431,1.54487031392911,20,20,0,2
"BCells","CD8Cells","IFNG","IFNGR1","Signaling by Interferon",10,10,FALSE,0,0,2,1,0,0,1.87324894904484,0.467261038016106,0.543305523570183,0.770018858933707,0.0797079220256839,3.03339498763143,0.630499561848498,5,5,0,1,1.87324894904484,0.467261038016106,10,10,0,3,1.13405474346414,0.391155170545155,20,14,0,3
"BCells","CD8Cells","IFNG","IFNGR2","Signaling by Interferon",10,10,FALSE,0,0,0,0,0,0,1.87324894904484,0.950378259930712,0.543305523570183,0.48020178676717,0.0981458484641699,3.03339498763143,1.58546839395193,5,5,0,0,1.87324894904484,0.950378259930712,10,10,0,0,1.13405474346414,0.691766720071293,20,16,0,0
"BCells","CD8Cells","IL23A","IL12RB1","Signaling by Interleukin",1,10,FALSE,0,0,0,1,0,0,0.0947610351692667,1.77726466330679,NA,0.541232565553134,0.0560842935562376,0.0947610351692667,3.07958470415366,1,5,0,1,0.0947610351692667,1.77726466330679,1,10,0,1,0.0947610351692667,1.03573540614377,1,20,0,1
"BCells","CD8Cells","IL15","IL15RA","Signaling by Interleukin",4,10,FALSE,0,0,0,1,0,1,0.485711378854465,2.37085567424898,0.0441824829880815,0.424922321682164,0.0664823700523269,0.485711378854465,3.31775463289806,4,5,0,1,0.485711378854465,2.37085567424898,4,10,0,1,0.485711378854465,1.63473701083411,4,20,0,2
"BCells","CD8Cells","IL15","IL2RB","Signaling by Interleukin",4,10,FALSE,0,0,0,0,0,0,0.485711378854465,1.5034281156753,0.0441824829880815,0.644882910374264,0.0883880886916375,0.485711378854465,2.75829105393316,4,5,0,0,0.485711378854465,1.5034281156753,4,10,0,0,0.485711378854465,1.00974972259015,4,20,0,1
"BCells","CD8Cells","IL18","IL18R1","Signaling by Interleukin",10,10,FALSE,0,0,0,1,0,0,2.63503836518504,3.99431392068716,0.757691863555188,0.790540401383761,0.111537602406933,2.97502870604801,6.99691830803226,5,5,0,0,2.63503836518504,3.99431392068716,10,10,0,1,2.42920244764579,2.54422861672416,11,20,0,4
"BCells","CD8Cells","IL18","IL18RAP","Signaling by Interleukin",10,10,FALSE,0,0,0,1,0,0,2.63503836518504,1.55464255156185,0.757691863555188,0.789871076839962,0.0888184110608051,2.97502870604801,1.72215800061254,5,5,0,1,2.63503836518504,1.55464255156185,10,10,0,1,2.42920244764579,1.41408495187287,11,20,0,3
"BCells","CD8Cells","IL1B","IL1RAP","Signaling by Interleukin",10,10,FALSE,0,0,0,0,0,0,1.54475652389169,1.90377266154969,0.892574092083544,0.720528700433263,0.0968791623955461,2.48794154937185,2.74219337667705,5,5,0,0,1.54475652389169,1.90377266154969,10,10,0,0,1.39587644998112,1.20819409489902,15,20,0,0
"BCells","CD8Cells","IL6","IL6R","Signaling by Interleukin",10,10,FALSE,0,0,0,1,0,1,4.37266255119149,1.27364835831121,0.844184690179219,0.846144734777911,0.0748823996339745,6.7352781236671,1.49730418069244,5,5,0,1,4.37266255119149,1.27364835831121,10,10,0,1,3.68120750754758,0.922385982330276,20,20,0,2
"BCells","CD8Cells","IL6","IL6ST","Signaling by Interleukin",10,10,FALSE,0,0,1,1,0,0,4.37266255119149,1.79000218523134,0.844184690179219,0.677149730405093,0.109804044845619,6.7352781236671,1.70841356672726,5,5,0,1,4.37266255119149,1.79000218523134,10,10,0,2,3.68120750754758,1.33766597016076,20,19,0,2
"BCells","CD8Cells","CLEC2B","KLRF1","Signaling by Leptin",10,10,TRUE,29,5,5,3,0,2,1.94128512919042,2.13762709526514,0.762991373086673,0.762991373086673,1,3.33633042761191,2.73581799339831,5,5,1,4,1.94128512919042,2.13762709526514,10,10,5,8,1.19123279710768,1.52259980988737,20,20,17,11
"BCells","CD8Cells","AKR1C3","PTGDR","Signaling by Prostaglandin",10,10,FALSE,0,0,0,0,0,0,1.65499866539808,2.17080313826012,0.564550734088047,0.745373330794323,0.104498728695454,2.65888937596332,3.82492416967158,5,5,0,0,1.65499866539808,2.17080313826012,10,10,0,0,1.02666525770064,1.97115608388724,20,11,0,0
"BCells","CD8Cells","PTGES2","PTGER2","Signaling by Prostaglandin",8,10,FALSE,0,0,0,0,0,0,0.57048832435745,2.2074193715453,0.725854494815598,0.745373330794323,0.0859267745896199,0.913016159970737,4.12739218450074,5,5,0,0,0.57048832435745,2.2074193715453,8,10,0,0,0.57048832435745,1.88968499234798,8,12,0,0
"BCells","CD8Cells","PTGES2","PTGER4","Signaling by Prostaglandin",8,9,FALSE,0,0,0,0,0,0,0.57048832435745,0.531446633843545,0.725854494815598,0.55652550992512,0.0864967785981969,0.913016159970737,0.684064379340194,5,5,0,0,0.57048832435745,0.531446633843545,8,9,0,0,0.57048832435745,0.531446633843545,8,9,0,0
"BCells","CD8Cells","PTGES3","PTGER2","Signaling by Prostaglandin",3,10,FALSE,0,0,0,0,0,0,1.951956955995,2.2074193715453,0.448872085968499,0.745373330794323,0.0656565908082704,1.951956955995,4.12739218450074,3,5,0,0,1.951956955995,2.2074193715453,3,10,0,0,1.951956955995,1.88968499234798,3,12,0,0
"BCells","CD8Cells","PTGES3","PTGER4","Signaling by Prostaglandin",3,9,FALSE,0,0,1,2,1,0,1.951956955995,0.531446633843545,0.448872085968499,0.55652550992512,0.0730149996052153,1.951956955995,0.684064379340194,3,5,0,2,1.951956955995,0.531446633843545,3,9,0,3,1.951956955995,0.531446633843545,3,9,0,3
"BCells","CD8Cells","SEMA4A","PLXND1","Signaling by Semaphorin",2,10,FALSE,0,0,0,0,0,0,0.144658383320097,0.975783495590653,0.0169917203618353,0.801886026158272,0.0517745193222527,0.144658383320097,1.39681701044454,2,5,0,0,0.144658383320097,0.975783495590653,2,10,0,0,0.144658383320097,0.975783495590653,2,10,0,0
"BCells","CD8Cells","SEMA4C","PLXNB2","Signaling by Semaphorin",8,10,FALSE,0,0,0,0,0,0,1.14078084584204,0.882602661946512,0.876874202145551,0.608999802435192,0.0993096009703404,1.685894091057,1.52943794197545,5,5,0,0,1.14078084584204,0.882602661946512,8,10,0,0,1.14078084584204,0.741624030880406,8,12,0,0
"BCells","CD8Cells","SEMA4D","CD72","Signaling by Semaphorin",10,2,FALSE,0,0,0,0,0,0,2.13858515913292,2.74091085800316,0.781264336227754,0.81765979051121,0.0663341359081436,3.65099338148353,2.74091085800316,5,2,0,0,2.13858515913292,2.74091085800316,10,2,0,0,1.47767828889198,2.74091085800316,20,2,0,0
"BCells","CD8Cells","SEMA4D","PLXNB2","Signaling by Semaphorin",10,10,FALSE,0,0,0,0,0,0,2.13858515913292,0.882602661946512,0.781264336227754,0.608999802435192,0.0761107263474094,3.65099338148353,1.52943794197545,5,5,0,0,2.13858515913292,0.882602661946512,10,10,0,0,1.47767828889198,0.741624030880406,20,12,0,0
"BCells","CD8Cells","SEMA4D","PTPRC","Signaling by Semaphorin",10,10,FALSE,0,0,0,1,0,0,2.13858515913292,1.3239587931215,0.781264336227754,0.711784765445562,0.0664977374349816,3.65099338148353,1.85963601229125,5,5,0,1,2.13858515913292,1.3239587931215,10,10,0,1,1.47767828889198,0.833182397647615,20,18,0,1
"BCells","CD8Cells","TBXAS1","TBXA2R","Signaling by Thromboxane",1,1,FALSE,0,0,0,0,0,0,1.1163853665068,0.998847051685828,NA,NA,0.00712330061850234,1.1163853665068,0.998847051685828,1,1,0,0,1.1163853665068,0.998847051685828,1,1,0,0,1.1163853665068,0.998847051685828,1,1,0,0
"BCells","CD8Cells","WNT7A","FZD3","Signaling by WNT",10,10,FALSE,0,0,0,1,0,0,1.24471489826802,2.65038018415859,0.820084343005109,0.638703192382924,0.0970550581471736,1.84735378210214,4.44978520370798,5,5,0,1,1.24471489826802,2.65038018415859,10,10,0,1,1.10379617656387,1.56427094793133,15,20,0,1
"BCells","CD8Cells","ITGAV","ADGRE2","Signaling by Integrin",10,10,FALSE,0,0,0,0,0,0,0.604369840514151,1.68243557538039,0.847897776098009,0.828450532294417,0.0761699126901655,0.708665781061022,2.77898594960546,5,5,0,0,0.604369840514151,1.68243557538039,10,10,0,0,0.530534848915222,1.1544676977493,13,20,0,1
"BCells","CD8Cells","ITGB1","ADGRE2","Signaling by Integrin",10,10,FALSE,0,0,1,4,0,0,0.773700610029343,1.68243557538039,0.846459648632535,0.828450532294417,0.0876519789969571,1.21765698342167,2.77898594960546,5,5,0,3,0.773700610029343,1.68243557538039,10,10,0,5,0.694417063959801,1.1544676977493,18,20,0,5
"BCells","CD8Cells","ITGAV","ADGRE5","Signaling by Integrin",10,8,FALSE,0,0,1,1,0,0,0.604369840514151,1.43831940402695,0.847897776098009,0.561799484709255,0.0908887314256684,0.708665781061022,2.05149320008162,5,5,0,2,0.604369840514151,1.43831940402695,10,8,0,2,0.530534848915222,1.43831940402695,13,8,0,2
"BCells","CD8Cells","ITGB1","ADGRE5","Signaling by Integrin",10,8,FALSE,0,0,0,1,0,0,0.773700610029343,1.43831940402695,0.846459648632535,0.561799484709255,0.10249486883893,1.21765698342167,2.05149320008162,5,5,0,0,0.773700610029343,1.43831940402695,10,8,0,1,0.694417063959801,1.43831940402695,18,8,0,2
"CD4Cells","CD8Cells","ICAM1","ITGAL","Adhesion by ICAM",2,1,FALSE,0,0,0,0,0,0,2.10763317702203,0.0762957934601335,0.062062246769513,NA,0.0602886267878683,2.10763317702203,0.0762957934601335,2,1,0,0,2.10763317702203,0.0762957934601335,2,1,0,0,2.10763317702203,0.0762957934601335,2,1,0,0
"CD4Cells","CD8Cells","ICAM1","ITGB2","Adhesion by ICAM",2,10,FALSE,0,0,0,1,0,0,2.10763317702203,1.27370008712184,0.062062246769513,0.66730053244538,0.066653724382261,2.10763317702203,1.88195978117863,2,5,0,0,2.10763317702203,1.27370008712184,2,10,0,1,2.10763317702203,1.1838570241003,2,20,0,1
"CD4Cells","CD8Cells","ICAM1","ITGAM","Adhesion by ICAM",2,10,FALSE,0,0,0,0,0,0,2.10763317702203,0.690398844602305,0.062062246769513,0.813318515047239,0.0841349638218082,2.10763317702203,0.562885310282739,2,5,0,0,2.10763317702203,0.690398844602305,2,10,0,0,2.10763317702203,0.8438799562117,2,20,0,2
"CD4Cells","CD8Cells","ICAM1","ITGAX","Adhesion by ICAM",2,10,FALSE,0,0,0,1,0,0,2.10763317702203,1.9967340569628,0.062062246769513,0.740366539923406,0.0610338191458929,2.10763317702203,3.07167137721813,2,5,0,0,2.10763317702203,1.9967340569628,2,10,0,1,2.10763317702203,1.19905488333882,2,20,0,2
"CD4Cells","CD8Cells","ICAM2","ITGAL","Adhesion by ICAM",10,1,FALSE,0,0,0,0,0,0,3.13418782206122,0.0762957934601335,0.709741826819162,NA,0.0582153251453007,4.19124789227879,0.0762957934601335,5,1,0,0,3.13418782206122,0.0762957934601335,10,1,0,0,2.05769587648012,0.0762957934601335,20,1,0,0
"CD4Cells","CD8Cells","ICAM2","ITGB2","Adhesion by ICAM",10,10,FALSE,0,0,0,0,0,0,3.13418782206122,1.27370008712184,0.709741826819162,0.66730053244538,0.104773845583217,4.19124789227879,1.88195978117863,5,5,0,0,3.13418782206122,1.27370008712184,10,10,0,0,2.05769587648012,1.1838570241003,20,20,0,0
"CD4Cells","CD8Cells","ICAM3","ITGB2","Adhesion by ICAM",2,10,FALSE,0,0,0,0,0,0,1.48989208550749,1.27370008712184,0.062062246769513,0.66730053244538,0.066653724382261,1.48989208550749,1.88195978117863,2,5,0,0,1.48989208550749,1.27370008712184,2,10,0,0,1.48989208550749,1.1838570241003,2,20,0,1
"CD4Cells","CD8Cells","ICAM3","ITGAL","Adhesion by ICAM",2,1,FALSE,0,0,0,0,0,0,1.48989208550749,0.0762957934601335,0.062062246769513,NA,0.0602886267878683,1.48989208550749,0.0762957934601335,2,1,0,0,1.48989208550749,0.0762957934601335,2,1,0,0,1.48989208550749,0.0762957934601335,2,1,0,0
"CD4Cells","CD8Cells","ICAM4","ITGAL","Adhesion by ICAM",2,1,FALSE,0,0,0,0,0,0,0.0983136309898235,0.0762957934601335,0.062062246769513,NA,0.0602886267878683,0.0983136309898235,0.0762957934601335,2,1,0,0,0.0983136309898235,0.0762957934601335,2,1,0,0,0.0983136309898235,0.0762957934601335,2,1,0,0
"CD4Cells","CD8Cells","ICAM4","ITGB2","Adhesion by ICAM",2,10,FALSE,0,0,0,1,0,0,0.0983136309898235,1.27370008712184,0.062062246769513,0.66730053244538,0.066653724382261,0.0983136309898235,1.88195978117863,2,5,0,1,0.0983136309898235,1.27370008712184,2,10,0,1,0.0983136309898235,1.1838570241003,2,20,0,1
"CD4Cells","CD8Cells","CCL28","CCR10","Signaling by Chemokines",10,2,FALSE,0,0,2,0,0,0,2.8654259187336,1.30968200490619,0.780122816899127,0.0312759892768037,0.0935574908068742,3.91749355572532,1.30968200490619,5,2,0,0,2.8654259187336,1.30968200490619,10,2,0,2,2.8654259187336,1.30968200490619,10,2,0,2
"CD4Cells","CD8Cells","PPBP","CXCR2","Signaling by Chemokines",5,8,FALSE,0,0,0,1,0,0,1.73852083058026,0.761176890278465,0.594976211580946,0.849739348077631,0.107846853767625,1.73852083058026,1.05054881098387,5,5,0,0,1.73852083058026,0.761176890278465,5,8,0,1,1.73852083058026,0.761176890278465,5,8,0,1
"CD4Cells","CD8Cells","CXCL8","CXCR2","Signaling by Chemokines",10,8,FALSE,0,0,0,1,0,0,1.55841873910128,0.761176890278465,0.243648370432588,0.849739348077631,0.0972290530637307,2.89910419552836,1.05054881098387,5,5,0,0,1.55841873910128,0.761176890278465,10,8,0,1,1.41546816645426,0.761176890278465,11,8,0,1
"CD4Cells","CD8Cells","LIPA","RORA","Signaling by Cholesterol",3,10,FALSE,0,0,0,1,0,0,2.08561888530848,0.73713758651014,0.652032391048269,0.600559476584565,0.0839736281619401,2.08561888530848,1.36157643148539,3,5,0,0,2.08561888530848,0.73713758651014,3,10,0,1,2.08561888530848,0.880575178016694,3,13,0,1
"CD4Cells","CD8Cells","SLC6A6","GABBR1","Signaling by GABA",10,10,FALSE,0,0,0,0,0,0,1.31265777962283,2.41818082334514,0.712310643619325,0.88609342069262,0.0970987622326232,1.83871508770261,4.41394948474742,5,5,0,0,1.31265777962283,2.41818082334514,10,10,0,0,1.12000362999136,1.54238782053777,20,20,0,2
"CD4Cells","CD8Cells","IFNG","IFNGR1","Signaling by Interferon",10,10,FALSE,0,0,0,1,0,0,1.45770534646107,0.602195004398539,0.76460717325111,0.770770165828514,0.0981447723124273,2.1423237430515,0.583296704101623,5,5,0,0,1.45770534646107,0.602195004398539,10,10,0,1,0.974574829475113,0.474190435551896,20,14,0,2
"CD4Cells","CD8Cells","IFNG","IFNGR2","Signaling by Interferon",10,10,FALSE,0,0,0,1,0,0,1.45770534646107,1.19290436291173,0.76460717325111,0.434242062832234,0.0703985634255423,2.1423237430515,1.67376424815518,5,5,0,1,1.45770534646107,1.19290436291173,10,10,0,1,0.974574829475113,0.820256930785105,20,16,0,1
"CD4Cells","CD8Cells","IL23A","IL12RB1","Signaling by Interleukin",1,10,FALSE,0,0,0,0,0,0,0.980323899856773,1.57391305397592,NA,0.814001632759816,0.0522506563354548,0.980323899856773,2.40135101393737,1,5,0,0,0.980323899856773,1.57391305397592,1,10,0,0,0.980323899856773,1.13790765774249,1,20,0,0
"CD4Cells","CD8Cells","IL15","IL15RA","Signaling by Interleukin",5,10,FALSE,0,0,0,0,0,0,0.917799184964888,2.19642529249627,0.063765005911065,0.423545464089794,0.0661919646982388,0.917799184964888,3.60649640358492,5,5,0,0,0.917799184964888,2.19642529249627,5,10,0,0,0.917799184964888,1.45922011661384,5,20,0,1
"CD4Cells","CD8Cells","IL15","IL2RB","Signaling by Interleukin",5,10,FALSE,0,0,0,0,0,0,0.917799184964888,1.63904726574496,0.063765005911065,0.647351608744744,0.0928176578898609,0.917799184964888,3.05314059017898,5,5,0,0,0.917799184964888,1.63904726574496,5,10,0,0,0.917799184964888,0.953534824252063,5,20,0,0
"CD4Cells","CD8Cells","IL18","IL18R1","Signaling by Interleukin",10,10,FALSE,0,0,0,2,0,0,0.974401815888365,5.23469849945695,0.74571427155694,0.788481416329163,0.0989892217232641,1.33906048927263,9.13333792445022,5,5,0,1,0.974401815888365,5.23469849945695,10,10,0,2,0.940373200458454,3.06563866698762,11,20,0,3
"CD4Cells","CD8Cells","IL18","IL18RAP","Signaling by Interleukin",10,10,FALSE,0,0,0,3,0,0,0.974401815888365,2.09550180067298,0.74571427155694,0.788481416329163,0.0778009327264396,1.33906048927263,1.66992741886981,5,5,0,1,0.974401815888365,2.09550180067298,10,10,0,3,0.940373200458454,1.53961321534843,11,20,0,3
"CD4Cells","CD8Cells","IL1B","IL1RAP","Signaling by Interleukin",10,10,FALSE,0,0,0,0,0,0,1.08461644171753,1.96745370395936,0.878418406618806,0.715943141307032,0.104172993117838,1.74308942650258,2.2019252030567,5,5,0,0,1.08461644171753,1.96745370395936,10,10,0,0,0.882600359038365,1.22084883932232,14,20,0,1
"CD4Cells","CD8Cells","IL6","IL6R","Signaling by Interleukin",10,10,FALSE,0,0,1,1,0,0,2.27751911529625,0.827046372926004,0.854666640376225,0.851276899338204,0.0722667300934339,2.43916337159751,0.98104962128225,5,5,0,1,2.27751911529625,0.827046372926004,10,10,0,2,1.65351692678825,0.736592333785286,20,20,0,2
"CD4Cells","CD8Cells","IL6","IL6ST","Signaling by Interleukin",10,10,FALSE,0,0,1,2,0,0,2.27751911529625,1.69548148239905,0.854666640376225,0.681165127557299,0.0814795026912273,2.43916337159751,2.60063802718161,5,5,0,0,2.27751911529625,1.69548148239905,10,10,0,3,1.65351692678825,1.25419214063593,20,19,0,3
"CD4Cells","CD8Cells","CLEC2B","KLRF1","Signaling by Leptin",10,10,TRUE,29,5,4,0,0,0,1.66362928358726,2.37245127148078,0.719605282054629,0.766470554859838,1,2.82997913799106,3.43835645096907,5,5,1,2,1.66362928358726,2.37245127148078,10,10,5,4,1.19270917343038,1.72505686925601,20,20,15,7
"CD4Cells","CD8Cells","AKR1C3","PTGDR","Signaling by Prostaglandin",10,10,FALSE,0,0,0,2,0,0,2.71916093056446,1.92518160213614,0.810291140154047,0.754222899394297,0.0944767114389196,4.51259012994344,3.80712086575635,5,5,0,1,2.71916093056446,1.92518160213614,10,10,0,2,1.7197770085178,1.75144581257625,20,11,0,2
"CD4Cells","CD8Cells","PTGES2","PTGER2","Signaling by Prostaglandin",8,10,FALSE,0,0,0,1,0,0,1.24529321442038,2.16109491110748,0.719769809117184,0.754222899394297,0.0825628608274715,1.61299417474482,4.10807766535699,5,5,0,0,1.24529321442038,2.16109491110748,8,10,0,1,1.24529321442038,1.79842977066182,8,12,0,1
"CD4Cells","CD8Cells","PTGES2","PTGER4","Signaling by Prostaglandin",8,9,FALSE,0,0,0,0,0,0,1.24529321442038,0.784069686791114,0.719769809117184,0.542252471040872,0.090038546726037,1.61299417474482,1.17499924574601,5,5,0,0,1.24529321442038,0.784069686791114,8,9,0,0,1.24529321442038,0.784069686791114,8,9,0,0
"CD4Cells","CD8Cells","PTGES3","PTGER2","Signaling by Prostaglandin",3,10,FALSE,0,0,0,0,0,0,0.772286139122252,2.16109491110748,0.441639400451597,0.754222899394297,0.057998167002257,0.772286139122252,4.10807766535699,3,5,0,0,0.772286139122252,2.16109491110748,3,10,0,0,0.772286139122252,1.79842977066182,3,12,0,0
"CD4Cells","CD8Cells","PTGES3","PTGER4","Signaling by Prostaglandin",3,9,FALSE,0,0,1,1,1,0,0.772286139122252,0.784069686791114,0.441639400451597,0.542252471040872,0.0747389431527593,0.772286139122252,1.17499924574601,3,5,0,1,0.772286139122252,0.784069686791114,3,9,0,2,0.772286139122252,0.784069686791114,3,9,0,2
"CD4Cells","CD8Cells","SEMA4A","PLXND1","Signaling by Semaphorin",2,9,FALSE,0,0,0,0,0,0,0.127307989228841,0.899821853987172,0.0107900109154647,0.799093762574048,0.0495714845215561,0.127307989228841,1.16432592660265,2,5,0,0,0.127307989228841,0.899821853987172,2,9,0,0,0.127307989228841,0.899821853987172,2,9,0,0
"CD4Cells","CD8Cells","SEMA4C","PLXNB2","Signaling by Semaphorin",9,10,FALSE,0,0,0,0,0,0,0.743789177078698,0.980283963373955,0.874198322900977,0.609186421570592,0.11110614661024,1.00997640703602,1.67044256361084,5,5,0,0,0.743789177078698,0.980283963373955,9,10,0,0,0.743789177078698,0.821525559094918,9,12,0,0
"CD4Cells","CD8Cells","SEMA4D","CD72","Signaling by Semaphorin",10,3,FALSE,0,0,0,0,0,0,4.45043596113441,2.50408807102209,0.885118255914782,0.822235260877079,0.0909017574271653,8.13784838592258,2.50408807102209,5,3,0,0,4.45043596113441,2.50408807102209,10,3,0,0,2.68286768886495,2.50408807102209,20,3,0,0
"CD4Cells","CD8Cells","SEMA4D","PLXNB2","Signaling by Semaphorin",10,10,FALSE,0,0,0,1,0,0,4.45043596113441,0.980283963373955,0.885118255914782,0.609186421570592,0.0845550253806599,8.13784838592258,1.67044256361084,5,5,0,1,4.45043596113441,0.980283963373955,10,10,0,1,2.68286768886495,0.821525559094918,20,12,0,1
"CD4Cells","CD8Cells","SEMA4D","PTPRC","Signaling by Semaphorin",10,10,FALSE,0,0,1,1,0,0,4.45043596113441,1.56641629696725,0.885118255914782,0.839885393032365,0.0746238127527151,8.13784838592258,2.45449179432908,5,5,0,2,4.45043596113441,1.56641629696725,10,10,0,2,2.68286768886495,0.909238167238628,20,19,0,2
"CD4Cells","CD8Cells","TBXAS1","TBXA2R","Signaling by Thromboxane",1,1,FALSE,0,0,0,0,0,0,0.991821746962235,1.61972201954582,NA,NA,0.00663895888468243,0.991821746962235,1.61972201954582,1,1,0,0,0.991821746962235,1.61972201954582,1,1,0,0,0.991821746962235,1.61972201954582,1,1,0,0
"CD4Cells","CD8Cells","WNT7A","FZD3","Signaling by WNT",10,10,FALSE,0,0,0,0,0,0,2.35487354465234,3.95562009735173,0.742785155435152,0.276501614696161,0.0898851335303643,3.424355919879,6.33740187546182,5,5,0,0,2.35487354465234,3.95562009735173,10,10,0,0,1.65232439445121,2.24388241297437,15,20,0,0
"CD4Cells","CD8Cells","ITGAV","ADGRE2","Signaling by Integrin",10,10,FALSE,0,0,0,0,0,0,2.09102524842438,1.8690953870859,0.844398278138217,0.829174054568143,0.113645891669285,2.70604933074669,2.59076824217318,5,5,0,0,2.09102524842438,1.8690953870859,10,10,0,0,1.83054242817262,1.05360527923175,13,20,0,0
"CD4Cells","CD8Cells","ITGB1","ADGRE2","Signaling by Integrin",10,10,FALSE,0,0,0,1,0,0,1.32091647694619,1.8690953870859,0.891616090468779,0.829174054568143,0.0799392595577898,1.62803509390241,2.59076824217318,5,5,0,0,1.32091647694619,1.8690953870859,10,10,0,1,1.16476394962638,1.05360527923175,19,20,0,4
"CD4Cells","CD8Cells","ITGAV","ADGRE5","Signaling by Integrin",10,8,FALSE,0,0,0,0,0,0,2.09102524842438,1.33768971723756,0.844398278138217,0.551716939113101,0.0885324721739448,2.70604933074669,1.69047188112776,5,5,0,0,2.09102524842438,1.33768971723756,10,8,0,0,1.83054242817262,1.33768971723756,13,8,0,0
"CD4Cells","CD8Cells","ITGB1","ADGRE5","Signaling by Integrin",10,8,FALSE,0,0,1,0,0,0,1.32091647694619,1.33768971723756,0.891616090468779,0.551716939113101,0.0952126854311189,1.62803509390241,1.69047188112776,5,5,0,0,1.32091647694619,1.33768971723756,10,8,0,1,1.16476394962638,1.33768971723756,19,8,0,2
"NKCells","CD8Cells","ICAM1","ITGAL","Adhesion by ICAM",2,1,FALSE,0,0,1,0,0,0,0.389115217783817,0.0226049184673794,0.0582728371052071,NA,0.0573959359477493,0.389115217783817,0.0226049184673794,2,1,0,1,0.389115217783817,0.0226049184673794,2,1,0,1,0.389115217783817,0.0226049184673794,2,1,0,1
"NKCells","CD8Cells","ICAM1","ITGB2","Adhesion by ICAM",2,10,FALSE,0,0,0,1,0,0,0.389115217783817,1.37612568590933,0.0582728371052071,0.710003042320491,0.067045616367493,0.389115217783817,1.47807526292549,2,5,0,1,0.389115217783817,1.37612568590933,2,10,0,1,0.389115217783817,1.19713961775879,2,20,0,1
"NKCells","CD8Cells","ICAM1","ITGAM","Adhesion by ICAM",2,10,FALSE,0,0,0,0,0,0,0.389115217783817,0.311549050031054,0.0582728371052071,0.864984723315905,0.0814301966918683,0.389115217783817,0.51322133020737,2,5,0,0,0.389115217783817,0.311549050031054,2,10,0,0,0.389115217783817,0.646325736538686,2,19,0,1
"NKCells","CD8Cells","ICAM1","ITGAX","Adhesion by ICAM",2,10,FALSE,0,0,0,1,0,0,0.389115217783817,1.25201756789433,0.0582728371052071,0.714560997219927,0.0814301966918683,0.389115217783817,1.68125488299435,2,5,0,1,0.389115217783817,1.25201756789433,2,10,0,1,0.389115217783817,1.01828247958101,2,19,0,2
"NKCells","CD8Cells","ICAM2","ITGAL","Adhesion by ICAM",10,1,FALSE,0,0,0,0,0,0,1.85871555408946,0.0226049184673794,0.862830914308912,NA,0.0654578459557185,2.76593440317568,0.0226049184673794,5,1,0,0,1.85871555408946,0.0226049184673794,10,1,0,0,1.24053033492919,0.0226049184673794,20,1,0,0
"NKCells","CD8Cells","ICAM2","ITGB2","Adhesion by ICAM",10,10,FALSE,0,0,0,1,0,1,1.85871555408946,1.37612568590933,0.862830914308912,0.710003042320491,0.0934811904081694,2.76593440317568,1.47807526292549,5,5,0,0,1.85871555408946,1.37612568590933,10,10,0,1,1.24053033492919,1.19713961775879,20,20,0,2
"NKCells","CD8Cells","ICAM3","ITGB2","Adhesion by ICAM",2,10,FALSE,0,0,0,3,0,0,3.34283540317382,1.37612568590933,0.0582728371052071,0.710003042320491,0.067045616367493,3.34283540317382,1.47807526292549,2,5,0,2,3.34283540317382,1.37612568590933,2,10,0,3,3.34283540317382,1.19713961775879,2,20,0,3
"NKCells","CD8Cells","ICAM3","ITGAL","Adhesion by ICAM",2,1,FALSE,0,0,1,0,0,0,3.34283540317382,0.0226049184673794,0.0582728371052071,NA,0.0573959359477493,3.34283540317382,0.0226049184673794,2,1,0,1,3.34283540317382,0.0226049184673794,2,1,0,1,3.34283540317382,0.0226049184673794,2,1,0,1
"NKCells","CD8Cells","ICAM4","ITGAL","Adhesion by ICAM",2,1,FALSE,0,0,1,0,0,0,0.225856129980117,0.0226049184673794,0.0582728371052071,NA,0.0573959359477493,0.225856129980117,0.0226049184673794,2,1,0,1,0.225856129980117,0.0226049184673794,2,1,0,1,0.225856129980117,0.0226049184673794,2,1,0,1
"NKCells","CD8Cells","ICAM4","ITGB2","Adhesion by ICAM",2,10,FALSE,0,0,0,0,0,0,0.225856129980117,1.37612568590933,0.0582728371052071,0.710003042320491,0.067045616367493,0.225856129980117,1.47807526292549,2,5,0,0,0.225856129980117,1.37612568590933,2,10,0,0,0.225856129980117,1.19713961775879,2,20,0,4
"NKCells","CD8Cells","CCL28","CCR10","Signaling by Chemokines",10,2,FALSE,0,0,1,0,0,0,1.12064746875709,1.82179408957112,0.778623158683615,0.0489278938984945,0.0768080349479031,1.33089403684276,1.82179408957112,5,2,0,0,1.12064746875709,1.82179408957112,10,2,0,1,1.04807065485553,1.82179408957112,11,2,0,1
"NKCells","CD8Cells","PPBP","CXCR2","Signaling by Chemokines",5,8,FALSE,0,0,0,0,0,0,2.01020592486673,1.09254356452146,0.600671465025909,0.86679921205912,0.097200079378102,2.01020592486673,1.70319304151702,5,5,0,0,2.01020592486673,1.09254356452146,5,8,0,0,2.01020592486673,1.09254356452146,5,8,0,0
"NKCells","CD8Cells","CXCL8","CXCR2","Signaling by Chemokines",10,8,FALSE,0,0,0,0,0,0,0.993530760250572,1.09254356452146,0.421159517681348,0.86679921205912,0.103814271551667,1.38541854625581,1.70319304151702,5,5,0,0,0.993530760250572,1.09254356452146,10,8,0,0,0.993530760250572,1.09254356452146,10,8,0,0
"NKCells","CD8Cells","LIPA","RORA","Signaling by Cholesterol",3,10,FALSE,0,0,0,2,0,1,1.41544825095588,1.08753556008366,0.65953987660517,0.683390169824891,0.0937506261262013,1.41544825095588,1.9248651780187,3,5,0,2,1.41544825095588,1.08753556008366,3,10,0,2,1.41544825095588,1.22442888266019,3,13,0,3
"NKCells","CD8Cells","SLC6A6","GABBR1","Signaling by GABA",10,10,FALSE,0,0,0,0,0,0,1.85674535783588,2.3665435772611,0.864741642632802,0.887646504294606,0.0982245568385754,2.872323621288,3.63087278038866,5,5,0,0,1.85674535783588,2.3665435772611,10,10,0,0,1.13098809154511,1.87738905726175,20,20,0,1
"NKCells","CD8Cells","IFNG","IFNGR1","Signaling by Interferon",10,10,FALSE,0,0,3,0,0,0,1.29108838735254,0.550365861458065,0.855172257257438,0.775215385720995,0.0996791610241361,2.46913488667124,0.61858748106902,5,5,0,3,1.29108838735254,0.550365861458065,10,10,0,3,1.06362236423129,0.491266870177699,20,14,0,3
"NKCells","CD8Cells","IFNG","IFNGR2","Signaling by Interferon",10,10,FALSE,0,0,0,0,0,0,1.29108838735254,1.15582042931358,0.855172257257438,0.472026566383429,0.0861295747700623,2.46913488667124,1.57464811279016,5,5,0,0,1.29108838735254,1.15582042931358,10,10,0,0,1.06362236423129,0.782746320812658,20,17,0,1
"NKCells","CD8Cells","IL23A","IL12RB1","Signaling by Interleukin",1,10,FALSE,0,0,0,0,0,0,0.00213440632304234,1.85267757626034,NA,0.715221266879087,0.0504282981344003,0.00213440632304234,3.23159771696332,1,5,0,0,0.00213440632304234,1.85267757626034,1,10,0,0,0.00213440632304234,1.1804450677155,1,20,0,0
"NKCells","CD8Cells","IL15","IL15RA","Signaling by Interleukin",5,10,FALSE,0,0,0,0,0,0,0.853611416015774,2.28743858920155,0.0642159560630259,0.436874371672602,0.0689116508370608,0.853611416015774,3.33790899833374,5,5,0,0,0.853611416015774,2.28743858920155,5,10,0,0,0.853611416015774,1.52228528725086,5,20,0,0
"NKCells","CD8Cells","IL15","IL2RB","Signaling by Interleukin",5,10,FALSE,0,0,0,2,0,0,0.853611416015774,1.88664577678032,0.0642159560630259,0.655725001741382,0.0780954487840205,0.853611416015774,2.16942732619507,5,5,0,1,0.853611416015774,1.88664577678032,5,10,0,2,0.853611416015774,1.11495938559763,5,20,0,2
"NKCells","CD8Cells","IL18","IL18R1","Signaling by Interleukin",10,10,FALSE,0,0,0,2,0,0,5.14911418892555,6.77359811465783,0.746302756901672,0.780811246325883,0.0798408707139806,8.78788763122362,10.9915764783872,5,5,0,2,5.14911418892555,6.77359811465783,10,10,0,2,4.68513120567312,3.71059159375936,11,20,0,3
"NKCells","CD8Cells","IL18","IL18RAP","Signaling by Interleukin",10,10,FALSE,0,0,0,2,0,0,5.14911418892555,2.55732607848246,0.746302756901672,0.788140050596616,0.0738566388357961,8.78788763122362,2.09828347523508,5,5,0,1,5.14911418892555,2.55732607848246,10,10,0,2,4.68513120567312,1.76603370114133,11,20,0,2
"NKCells","CD8Cells","IL1B","IL1RAP","Signaling by Interleukin",10,10,FALSE,0,0,0,2,0,0,1.17514236252391,1.77333608510465,0.870615490587206,0.673398201348516,0.0847325388925335,0.990168807216054,1.97695235090511,5,5,0,1,1.17514236252391,1.77333608510465,10,10,0,2,1.0009901962954,1.04693508759155,14,20,0,2
"NKCells","CD8Cells","IL6","IL6R","Signaling by Interleukin",10,10,FALSE,0,0,1,1,0,0,2.14789477673898,1.04490172133044,0.844116913302934,0.852787233801693,0.0908690671648554,3.3502413961391,1.3008289208906,5,5,0,2,2.14789477673898,1.04490172133044,10,10,0,2,1.26284053182624,0.914711757641479,20,20,0,3
"NKCells","CD8Cells","IL6","IL6ST","Signaling by Interleukin",10,10,FALSE,0,0,2,0,0,0,2.14789477673898,1.73448112770803,0.844116913302934,0.70436763393687,0.0833799533752928,3.3502413961391,1.78530909068441,5,5,0,0,2.14789477673898,1.73448112770803,10,10,0,2,1.26284053182624,1.20981392399738,20,20,0,3
"NKCells","CD8Cells","CLEC2B","KLRF1","Signaling by Leptin",10,10,TRUE,30,4,2,4,1,2,3.54440538835106,1.83843147542449,0.754805756840456,0.770245854916465,1,5.12913743019427,2.79855151527629,5,5,2,4,3.54440538835106,1.83843147542449,10,10,4,6,2.00901688067625,1.42259451018887,20,20,12,8
"NKCells","CD8Cells","AKR1C3","PTGDR","Signaling by Prostaglandin",10,10,FALSE,0,0,0,1,0,0,3.13050905719692,1.87854976664581,0.640671099194659,0.753151905727345,0.107997425441729,4.88636782986002,3.35458229180694,5,5,0,1,3.13050905719692,1.87854976664581,10,10,0,1,1.95245338948201,1.72744919559754,20,11,0,1
"NKCells","CD8Cells","PTGES2","PTGER2","Signaling by Prostaglandin",8,10,FALSE,0,0,0,0,0,0,0.228693836360947,1.92427315931125,0.723226067156979,0.753151905727345,0.070737604403729,0.272563312078571,3.16632576417158,5,5,0,0,0.228693836360947,1.92427315931125,8,10,0,0,0.228693836360947,1.61003204132495,8,12,0,0
"NKCells","CD8Cells","PTGES2","PTGER4","Signaling by Prostaglandin",8,9,FALSE,0,0,0,0,0,0,0.228693836360947,0.76682412151293,0.723226067156979,0.53920919086908,0.0870354552868404,0.272563312078571,1.18999893539054,5,5,0,0,0.228693836360947,0.76682412151293,8,9,0,0,0.228693836360947,0.76682412151293,8,9,0,0
"NKCells","CD8Cells","PTGES3","PTGER2","Signaling by Prostaglandin",3,10,FALSE,0,0,0,0,0,0,0.9663317825271,1.92427315931125,0.427891342179931,0.753151905727345,0.0564395500920901,0.9663317825271,3.16632576417158,3,5,0,0,0.9663317825271,1.92427315931125,3,10,0,0,0.9663317825271,1.61003204132495,3,12,0,0
"NKCells","CD8Cells","PTGES3","PTGER4","Signaling by Prostaglandin",3,9,FALSE,0,0,1,1,0,0,0.9663317825271,0.76682412151293,0.427891342179931,0.53920919086908,0.0839786799092958,0.9663317825271,1.18999893539054,3,5,0,1,0.9663317825271,0.76682412151293,3,9,0,2,0.9663317825271,0.76682412151293,3,9,0,2
"NKCells","CD8Cells","SEMA4A","PLXND1","Signaling by Semaphorin",2,10,FALSE,0,0,0,0,0,0,0.490248681828327,0.803756945027987,0.0138376338729667,0.797202119742095,0.0608779355220499,0.490248681828327,1.35346669285476,2,5,0,0,0.490248681828327,0.803756945027987,2,10,0,0,0.490248681828327,0.803756945027987,2,10,0,0
"NKCells","CD8Cells","SEMA4C","PLXNB2","Signaling by Semaphorin",9,10,FALSE,0,0,0,2,0,0,0.919178943485799,1.37045549512731,0.881518792738365,0.611260276057743,0.102271987956203,1.33296502286834,2.06857621734205,5,5,0,2,0.919178943485799,1.37045549512731,9,10,0,2,0.919178943485799,1.15969455036527,9,12,0,2
"NKCells","CD8Cells","SEMA4D","CD72","Signaling by Semaphorin",10,3,FALSE,0,0,0,0,0,0,4.47154426630522,2.55611472313228,0.854677732417896,0.81929890620005,0.0915477192573422,6.57924901569111,2.55611472313228,5,3,0,0,4.47154426630522,2.55611472313228,10,3,0,0,2.69760624312494,2.55611472313228,20,3,0,1
"NKCells","CD8Cells","SEMA4D","PLXNB2","Signaling by Semaphorin",10,10,FALSE,0,0,0,0,0,0,4.47154426630522,1.37045549512731,0.854677732417896,0.611260276057743,0.0834880554967919,6.57924901569111,2.06857621734205,5,5,0,0,4.47154426630522,1.37045549512731,10,10,0,0,2.69760624312494,1.15969455036527,20,12,0,0
"NKCells","CD8Cells","SEMA4D","PTPRC","Signaling by Semaphorin",10,10,FALSE,0,0,1,0,0,0,4.47154426630522,1.40264228966336,0.854677732417896,0.833417295246035,0.076128792718847,6.57924901569111,1.55883249295955,5,5,0,1,4.47154426630522,1.40264228966336,10,10,0,1,2.69760624312494,1.01967597390151,20,18,0,2
"NKCells","CD8Cells","TBXAS1","TBXA2R","Signaling by Thromboxane",1,1,FALSE,0,0,0,0,0,0,0.328761500197353,0.638009702611155,NA,NA,0.0232660624012249,0.328761500197353,0.638009702611155,1,1,0,0,0.328761500197353,0.638009702611155,1,1,0,0,0.328761500197353,0.638009702611155,1,1,0,0
"NKCells","CD8Cells","WNT7A","FZD3","Signaling by WNT",10,10,FALSE,0,0,0,0,0,0,0.928042038649263,3.42421091989013,0.815090299825262,0.835043998310427,0.0799100574811039,1.29176519288574,4.67122102570163,5,5,0,0,0.928042038649263,3.42421091989013,10,10,0,0,0.721297268398903,2.21649850569704,15,20,0,0
"NKCells","CD8Cells","ITGAV","ADGRE2","Signaling by Integrin",10,10,FALSE,0,0,0,0,0,0,1.39449178032589,1.25319973923021,0.853395021941113,0.83198210547606,0.121456349438198,1.52573172626004,1.77193747934242,5,5,0,0,1.39449178032589,1.25319973923021,10,10,0,0,1.11511703141179,0.92410310365385,13,20,0,0
"NKCells","CD8Cells","ITGB1","ADGRE2","Signaling by Integrin",10,10,FALSE,0,0,0,0,0,0,2.18677519181901,1.25319973923021,0.817485044925988,0.83198210547606,0.0864302562145697,3.39064981619755,1.77193747934242,5,5,0,0,2.18677519181901,1.25319973923021,10,10,0,0,1.53861951661882,0.92410310365385,18,20,0,0
"NKCells","CD8Cells","ITGAV","ADGRE5","Signaling by Integrin",10,8,FALSE,0,0,1,0,0,0,1.39449178032589,1.73432865790586,0.853395021941113,0.555425816461352,0.0853226549523195,1.52573172626004,2.61185379836771,5,5,0,1,1.39449178032589,1.73432865790586,10,8,0,1,1.11511703141179,1.73432865790586,13,8,0,2
"NKCells","CD8Cells","ITGB1","ADGRE5","Signaling by Integrin",10,8,FALSE,0,0,0,0,0,0,2.18677519181901,1.73432865790586,0.817485044925988,0.555425816461352,0.0939185634508217,3.39064981619755,2.61185379836771,5,5,0,0,2.18677519181901,1.73432865790586,10,8,0,0,1.53861951661882,1.73432865790586,18,8,0,1
"MonocytesCells","CD8Cells","ICAM1","ITGAL","Adhesion by ICAM",2,1,FALSE,0,0,0,0,0,0,1.42387396412236,0.0808992668492712,0.0541757711360299,NA,0.0507019893074637,1.42387396412236,0.0808992668492712,2,1,0,0,1.42387396412236,0.0808992668492712,2,1,0,0,1.42387396412236,0.0808992668492712,2,1,0,0
"MonocytesCells","CD8Cells","ICAM1","ITGB2","Adhesion by ICAM",2,10,FALSE,0,0,0,2,0,1,1.42387396412236,1.66345848539574,0.0541757711360299,0.693479566624263,0.0792833436073988,1.42387396412236,1.74879920789633,2,5,0,1,1.42387396412236,1.66345848539574,2,10,0,2,1.42387396412236,1.21889986429179,2,20,0,3
"MonocytesCells","CD8Cells","ICAM1","ITGAM","Adhesion by ICAM",2,10,FALSE,0,0,0,0,0,0,1.42387396412236,0.803623628898899,0.0541757711360299,0.866849366258366,0.0848778244147163,1.42387396412236,1.19308801162844,2,5,0,0,1.42387396412236,0.803623628898899,2,10,0,0,1.42387396412236,0.90217169193345,2,20,0,1
"MonocytesCells","CD8Cells","ICAM1","ITGAX","Adhesion by ICAM",2,10,FALSE,0,0,0,1,0,0,1.42387396412236,1.86434151804404,0.0541757711360299,0.815060314629035,0.0824834075403864,1.42387396412236,3.07230313102299,2,5,0,1,1.42387396412236,1.86434151804404,2,10,0,1,1.42387396412236,1.28988412110056,2,20,0,1
"MonocytesCells","CD8Cells","ICAM2","ITGAL","Adhesion by ICAM",10,1,FALSE,0,0,0,0,0,0,2.08910637460781,0.0808992668492712,0.429053403410497,NA,0.0851321347196629,2.83219507285185,0.0808992668492712,5,1,0,0,2.08910637460781,0.0808992668492712,10,1,0,0,1.27120110621942,0.0808992668492712,20,1,0,0
"MonocytesCells","CD8Cells","ICAM2","ITGB2","Adhesion by ICAM",10,10,FALSE,0,0,0,3,0,0,2.08910637460781,1.66345848539574,0.429053403410497,0.693479566624263,0.109907656259573,2.83219507285185,1.74879920789633,5,5,0,2,2.08910637460781,1.66345848539574,10,10,0,3,1.27120110621942,1.21889986429179,20,20,0,3
"MonocytesCells","CD8Cells","ICAM3","ITGB2","Adhesion by ICAM",2,10,FALSE,0,0,0,0,0,0,0.542211969058178,1.66345848539574,0.0541757711360299,0.693479566624263,0.0792833436073988,0.542211969058178,1.74879920789633,2,5,0,0,0.542211969058178,1.66345848539574,2,10,0,0,0.542211969058178,1.21889986429179,2,20,0,0
"MonocytesCells","CD8Cells","ICAM3","ITGAL","Adhesion by ICAM",2,1,FALSE,0,0,0,0,0,0,0.542211969058178,0.0808992668492712,0.0541757711360299,NA,0.0507019893074637,0.542211969058178,0.0808992668492712,2,1,0,0,0.542211969058178,0.0808992668492712,2,1,0,0,0.542211969058178,0.0808992668492712,2,1,0,0
"MonocytesCells","CD8Cells","ICAM4","ITGAL","Adhesion by ICAM",2,1,FALSE,0,0,0,0,0,0,3.04460213227563,0.0808992668492712,0.0541757711360299,NA,0.0507019893074637,3.04460213227563,0.0808992668492712,2,1,0,0,3.04460213227563,0.0808992668492712,2,1,0,0,3.04460213227563,0.0808992668492712,2,1,0,0
"MonocytesCells","CD8Cells","ICAM4","ITGB2","Adhesion by ICAM",2,10,FALSE,0,0,0,0,0,0,3.04460213227563,1.66345848539574,0.0541757711360299,0.693479566624263,0.0792833436073988,3.04460213227563,1.74879920789633,2,5,0,0,3.04460213227563,1.66345848539574,2,10,0,0,3.04460213227563,1.21889986429179,2,20,0,0
"MonocytesCells","CD8Cells","CCL28","CCR10","Signaling by Chemokines",10,2,FALSE,0,0,0,0,0,0,0.609336112577489,0.679037316972745,0.77777787619092,0.0209464703624178,0.114724102901895,1.0863614548237,0.679037316972745,5,2,0,0,0.609336112577489,0.679037316972745,10,2,0,0,0.556656194020938,0.679037316972745,11,2,0,0
"MonocytesCells","CD8Cells","PPBP","CXCR2","Signaling by Chemokines",6,9,FALSE,0,0,0,0,0,0,1.87538493894185,0.651069229460572,0.589371360737104,0.88446091275702,0.131426981395264,2.23386230289785,1.11135583891,5,5,0,0,1.87538493894185,0.651069229460572,6,9,0,0,1.87538493894185,0.651069229460572,6,9,0,0
"MonocytesCells","CD8Cells","CXCL8","CXCR2","Signaling by Chemokines",10,9,FALSE,0,0,0,0,0,0,0.85831229011814,0.651069229460572,0.449824678533933,0.88446091275702,0.131426981395264,1.44489839792774,1.11135583891,5,5,0,0,0.85831229011814,0.651069229460572,10,9,0,0,0.801886158044171,0.651069229460572,11,9,0,0
"MonocytesCells","CD8Cells","LIPA","RORA","Signaling by Cholesterol",3,10,FALSE,0,0,0,1,0,0,7.61271249868119,0.794557935507933,0.671111232970953,0.669700502192606,0.0935401750153257,7.61271249868119,1.16224491671916,3,5,0,0,7.61271249868119,0.794557935507933,3,10,0,1,7.61271249868119,0.762349716378604,3,13,0,2
"MonocytesCells","CD8Cells","SLC6A6","GABBR1","Signaling by GABA",10,10,FALSE,0,0,0,0,0,0,2.16991330994115,2.1981052874009,0.600728777971917,0.850785457072454,0.0779292328692121,3.01075134083931,3.71277670102087,5,5,0,0,2.16991330994115,2.1981052874009,10,10,0,0,1.32730388337401,1.85785364613539,20,20,0,0
"MonocytesCells","CD8Cells","IFNG","IFNGR1","Signaling by Interferon",10,10,FALSE,0,0,0,0,0,0,2.00895827777385,0.642449058136605,0.854395824777552,0.776187359150707,0.108156429597407,2.56849880413433,1.11018932790233,5,5,0,0,2.00895827777385,0.642449058136605,10,10,0,0,1.39437915121077,0.59887718708224,20,14,0,2
"MonocytesCells","CD8Cells","IFNG","IFNGR2","Signaling by Interferon",10,10,FALSE,0,0,0,0,0,0,2.00895827777385,1.69805274845524,0.854395824777552,0.502384847880869,0.0907901204690072,2.56849880413433,2.16469616911396,5,5,0,0,2.00895827777385,1.69805274845524,10,10,0,0,1.39437915121077,1.07824033180739,20,18,0,0
"MonocytesCells","CD8Cells","IL23A","IL12RB1","Signaling by Interleukin",1,10,FALSE,0,0,0,3,0,1,0.0789153693436375,1.50819319740896,NA,0.827540154369778,0.0607704038227293,0.0789153693436375,2.21401016247265,1,5,0,3,0.0789153693436375,1.50819319740896,1,10,0,3,0.0789153693436375,1.03377262529819,1,20,0,3
"MonocytesCells","CD8Cells","IL15","IL15RA","Signaling by Interleukin",4,10,FALSE,0,0,0,0,0,0,0.606087465223009,2.78967061773894,0.0630136748272231,0.439973520606906,0.064263187343774,0.606087465223009,4.20367700025591,4,5,0,0,0.606087465223009,2.78967061773894,4,10,0,0,0.606087465223009,1.66475398382775,4,20,0,0
"MonocytesCells","CD8Cells","IL15","IL2RB","Signaling by Interleukin",4,10,FALSE,0,0,0,1,0,0,0.606087465223009,1.53976308979648,0.0630136748272231,0.671012269576883,0.133234669617453,0.606087465223009,2.42264920651998,4,5,0,0,0.606087465223009,1.53976308979648,4,10,0,1,0.606087465223009,0.967529790532835,4,20,0,1
"MonocytesCells","CD8Cells","IL18","IL18R1","Signaling by Interleukin",10,10,FALSE,0,0,1,6,0,2,1.18010733594183,3.71318287526194,0.74283332425067,0.789130508273264,0.122672630946348,1.76879550410864,6.63714232108819,5,5,0,1,1.18010733594183,3.71318287526194,10,10,0,7,1.18010733594183,2.3920682122808,10,20,0,7
"MonocytesCells","CD8Cells","IL18","IL18RAP","Signaling by Interleukin",10,10,FALSE,0,0,0,1,0,0,1.18010733594183,2.09855825426486,0.74283332425067,0.789270368977879,0.105505895162977,1.76879550410864,2.60942511575785,5,5,0,0,1.18010733594183,2.09855825426486,10,10,0,1,1.18010733594183,1.76797611223352,10,20,0,4
"MonocytesCells","CD8Cells","IL1B","IL1RAP","Signaling by Interleukin",10,10,FALSE,0,0,0,0,0,0,1.88215472283562,1.9199017859524,0.876899304316501,0.691888286780873,0.128738270253332,0.396026921732522,2.57813212739668,5,5,0,0,1.88215472283562,1.9199017859524,10,10,0,0,1.37675525635186,1.3471639319328,14,20,0,0
"MonocytesCells","CD8Cells","IL6","IL6R","Signaling by Interleukin",10,10,FALSE,0,0,0,0,0,0,2.6244843182543,0.997686692016548,0.350977960108036,0.842123579980493,0.0791902873976806,3.08356319661394,1.75024716388132,5,5,0,0,2.6244843182543,0.997686692016548,10,10,0,0,1.53114309305265,0.641992477242032,20,20,0,0
"MonocytesCells","CD8Cells","IL6","IL6ST","Signaling by Interleukin",10,10,FALSE,0,0,1,0,0,0,2.6244843182543,1.21306570940969,0.350977960108036,0.825313941058109,0.103212092551956,3.08356319661394,2.04242779248344,5,5,0,0,2.6244843182543,1.21306570940969,10,10,0,1,1.53114309305265,0.969435202594082,20,20,0,2
"MonocytesCells","CD8Cells","CLEC2B","KLRF1","Signaling by Leptin",10,10,TRUE,29,2,1,1,0,0,1.73853901506792,1.68538303797433,0.75437232153547,0.751055757098365,1,2.39631524366096,2.89291460227214,5,5,0,0,1.73853901506792,1.68538303797433,10,10,2,2,1.1282359321628,1.27675953703394,20,20,12,6
"MonocytesCells","CD8Cells","AKR1C3","PTGDR","Signaling by Prostaglandin",10,10,FALSE,0,0,0,0,0,0,1.40260515103975,2.08601899785223,0.630955273295243,0.728945274762237,0.126468377737487,2.06626114732795,3.91077614674758,5,5,0,0,1.40260515103975,2.08601899785223,10,10,0,0,1.10340371667035,1.90156127812062,20,11,0,0
"MonocytesCells","CD8Cells","PTGES2","PTGER2","Signaling by Prostaglandin",8,10,FALSE,0,0,0,1,0,0,1.27489026047822,1.7369105341429,0.734129297778229,0.728945274762237,0.104095149106709,1.90328870542871,3.2858929764426,5,5,0,0,1.27489026047822,1.7369105341429,8,10,0,1,1.27489026047822,1.49860619329562,8,12,0,1
"MonocytesCells","CD8Cells","PTGES2","PTGER4","Signaling by Prostaglandin",8,7,FALSE,0,0,1,0,0,0,1.27489026047822,1.01330601542441,0.734129297778229,0.570184099533805,0.0814742184069376,1.90328870542871,1.22501664468236,5,5,0,1,1.27489026047822,1.01330601542441,8,7,0,1,1.27489026047822,1.01330601542441,8,7,0,1
"MonocytesCells","CD8Cells","PTGES3","PTGER2","Signaling by Prostaglandin",3,10,FALSE,0,0,0,0,0,0,2.2536742234915,1.7369105341429,0.442392862331724,0.728945274762237,0.0543668893960669,2.2536742234915,3.2858929764426,3,5,0,0,2.2536742234915,1.7369105341429,3,10,0,0,2.2536742234915,1.49860619329562,3,12,0,0
"MonocytesCells","CD8Cells","PTGES3","PTGER4","Signaling by Prostaglandin",3,7,FALSE,0,0,1,1,1,0,2.2536742234915,1.01330601542441,0.442392862331724,0.570184099533805,0.0932687270547234,2.2536742234915,1.22501664468236,3,5,0,2,2.2536742234915,1.01330601542441,3,7,0,2,2.2536742234915,1.01330601542441,3,7,0,2
"MonocytesCells","CD8Cells","SEMA4A","PLXND1","Signaling by Semaphorin",2,10,FALSE,0,0,0,1,0,0,0.570489796904296,0.951292879297346,0.00860959703787447,0.79427628967391,0.0988645970703107,0.570489796904296,1.12734816904201,2,5,0,1,0.570489796904296,0.951292879297346,2,10,0,1,0.570489796904296,0.951292879297346,2,10,0,1
"MonocytesCells","CD8Cells","SEMA4C","PLXNB2","Signaling by Semaphorin",9,10,FALSE,0,0,0,0,0,0,0.569890357457997,0.848005269011067,0.880497593383007,0.623731189662702,0.142969175407821,0.899604033412415,1.426896823011,5,5,0,0,0.569890357457997,0.848005269011067,9,10,0,0,0.569890357457997,0.751868130033019,9,12,0,0
"MonocytesCells","CD8Cells","SEMA4D","CD72","Signaling by Semaphorin",10,3,FALSE,0,0,0,0,0,0,0.936742015861487,1.29301202994011,0.830907522663613,0.823855320623223,0.0947140610457566,1.84832921121104,1.29301202994011,5,3,0,0,0.936742015861487,1.29301202994011,10,3,0,0,0.745703130877932,1.29301202994011,20,3,0,0
"MonocytesCells","CD8Cells","SEMA4D","PLXNB2","Signaling by Semaphorin",10,10,FALSE,0,0,0,1,0,0,0.936742015861487,0.848005269011067,0.830907522663613,0.623731189662702,0.0866607607636456,1.84832921121104,1.426896823011,5,5,0,0,0.936742015861487,0.848005269011067,10,10,0,1,0.745703130877932,0.751868130033019,20,12,0,1
"MonocytesCells","CD8Cells","SEMA4D","PTPRC","Signaling by Semaphorin",10,10,FALSE,0,0,0,0,0,0,0.936742015861487,1.39573295961648,0.830907522663613,0.685799026750724,0.0777542201462202,1.84832921121104,1.85215307186487,5,5,0,0,0.936742015861487,1.39573295961648,10,10,0,0,0.745703130877932,1.06668881271383,20,20,0,0
"MonocytesCells","CD8Cells","TBXAS1","TBXA2R","Signaling by Thromboxane",1,1,FALSE,0,0,0,0,0,0,0.007953314973705,0.0813411497524276,NA,NA,0.00449215587495623,0.007953314973705,0.0813411497524276,1,1,0,0,0.007953314973705,0.0813411497524276,1,1,0,0,0.007953314973705,0.0813411497524276,1,1,0,0
"MonocytesCells","CD8Cells","WNT7A","FZD3","Signaling by WNT",10,10,FALSE,0,0,0,0,0,0,0.816580053120211,3.52213325361218,0.737290549536695,0.581205006255958,0.082520962525776,1.39113171480114,5.33542855911453,5,5,0,0,0.816580053120211,3.52213325361218,10,10,0,0,0.573394182418346,2.21147051082108,16,20,0,0
"MonocytesCells","CD8Cells","ITGAV","ADGRE2","Signaling by Integrin",10,10,FALSE,0,0,1,0,0,0,1.08315006405733,1.73126523396698,0.839276705053528,0.8364188585597,0.0863491632076377,1.77529465389607,2.3645218214647,5,5,0,0,1.08315006405733,1.73126523396698,10,10,0,1,0.867794793878839,1.14675449262613,13,20,0,1
"MonocytesCells","CD8Cells","ITGB1","ADGRE2","Signaling by Integrin",10,10,FALSE,0,0,2,0,0,0,1.48425527729764,1.73126523396698,0.884056998005691,0.8364188585597,0.0709011321730564,2.32554013262772,2.3645218214647,5,5,0,2,1.48425527729764,1.73126523396698,10,10,0,2,1.15810164849799,1.14675449262613,18,20,0,4
"MonocytesCells","CD8Cells","ITGAV","ADGRE5","Signaling by Integrin",10,8,FALSE,0,0,0,0,0,0,1.08315006405733,1.31556504214431,0.839276705053528,0.591411189721631,0.111201638481552,1.77529465389607,1.46597172006622,5,5,0,0,1.08315006405733,1.31556504214431,10,8,0,0,0.867794793878839,1.31556504214431,13,8,0,0
"MonocytesCells","CD8Cells","ITGB1","ADGRE5","Signaling by Integrin",10,8,FALSE,0,0,0,0,0,0,1.48425527729764,1.31556504214431,0.884056998005691,0.591411189721631,0.096869094644459,2.32554013262772,1.46597172006622,5,5,0,0,1.48425527729764,1.31556504214431,10,8,0,0,1.15810164849799,1.31556504214431,18,8,0,0
"BCells","NKCells","ICAM1","ITGAL","Adhesion by ICAM",2,1,FALSE,0,0,1,0,1,0,1.07405883182206,0.120374620051495,0.0540396344388751,NA,0.0618491359300707,1.07405883182206,0.120374620051495,2,1,0,1,1.07405883182206,0.120374620051495,2,1,0,1,1.07405883182206,0.120374620051495,2,1,0,1
"BCells","NKCells","ICAM1","ITGB2","Adhesion by ICAM",2,10,FALSE,0,0,0,0,0,0,1.07405883182206,2.42374670080317,0.0540396344388751,0.793550535150018,0.076827504818577,1.07405883182206,2.615058669354,2,5,0,0,1.07405883182206,2.42374670080317,2,10,0,0,1.07405883182206,1.37758753402178,2,20,0,0
"BCells","NKCells","ICAM1","ITGAM","Adhesion by ICAM",2,10,FALSE,0,0,0,0,0,0,1.07405883182206,0.911772781659684,0.0540396344388751,0.802498673070027,0.0687039174579172,1.07405883182206,1.30790591460183,2,5,0,0,1.07405883182206,0.911772781659684,2,10,0,0,1.07405883182206,1.08188398443467,2,19,0,0
"BCells","NKCells","ICAM1","ITGAX","Adhesion by ICAM",2,10,FALSE,0,0,0,0,0,0,1.07405883182206,3.04031995139057,0.0540396344388751,0.826568905525953,0.0984225507296275,1.07405883182206,5.69044900995726,2,5,0,0,1.07405883182206,3.04031995139057,2,10,0,0,1.07405883182206,1.80742361658723,2,19,0,0
"BCells","NKCells","ICAM2","ITGAL","Adhesion by ICAM",10,1,FALSE,0,0,0,0,0,0,1.84181784842526,0.120374620051495,0.822067383909813,NA,0.075474412268228,2.68562773298623,0.120374620051495,5,1,0,0,1.84181784842526,0.120374620051495,10,1,0,0,1.5819540362331,0.120374620051495,20,1,0,0
"BCells","NKCells","ICAM2","ITGB2","Adhesion by ICAM",10,10,FALSE,0,0,1,0,0,0,1.84181784842526,2.42374670080317,0.822067383909813,0.793550535150018,0.0805342105471795,2.68562773298623,2.615058669354,5,5,0,1,1.84181784842526,2.42374670080317,10,10,0,1,1.5819540362331,1.37758753402178,20,20,0,4
"BCells","NKCells","ICAM3","ITGB2","Adhesion by ICAM",2,10,FALSE,0,0,0,0,0,0,3.46549361097307,2.42374670080317,0.0540396344388751,0.793550535150018,0.076827504818577,3.46549361097307,2.615058669354,2,5,0,0,3.46549361097307,2.42374670080317,2,10,0,0,3.46549361097307,1.37758753402178,2,20,0,0
"BCells","NKCells","ICAM3","ITGAL","Adhesion by ICAM",2,1,FALSE,0,0,1,0,1,0,3.46549361097307,0.120374620051495,0.0540396344388751,NA,0.0618491359300707,3.46549361097307,0.120374620051495,2,1,0,1,3.46549361097307,0.120374620051495,2,1,0,1,3.46549361097307,0.120374620051495,2,1,0,1
"BCells","NKCells","ICAM4","ITGAL","Adhesion by ICAM",2,1,FALSE,0,0,1,0,1,0,1.24883019727686,0.120374620051495,0.0540396344388751,NA,0.0618491359300707,1.24883019727686,0.120374620051495,2,1,0,1,1.24883019727686,0.120374620051495,2,1,0,1,1.24883019727686,0.120374620051495,2,1,0,1
"BCells","NKCells","ICAM4","ITGB2","Adhesion by ICAM",2,10,FALSE,0,0,0,0,0,0,1.24883019727686,2.42374670080317,0.0540396344388751,0.793550535150018,0.076827504818577,1.24883019727686,2.615058669354,2,5,0,0,1.24883019727686,2.42374670080317,2,10,0,0,1.24883019727686,1.37758753402178,2,20,0,0
"BCells","NKCells","CCL28","CCR10","Signaling by Chemokines",10,2,FALSE,0,0,0,0,0,0,1.87521278447773,0.00895602830673915,0.778530798781355,0.0494040124024424,0.0760355373498269,3.28211583375515,0.00895602830673915,5,2,0,0,1.87521278447773,0.00895602830673915,10,2,0,0,1.87521278447773,0.00895602830673915,10,2,0,0
"BCells","NKCells","PPBP","CXCR2","Signaling by Chemokines",6,8,FALSE,0,0,0,0,0,0,2.41393003617963,0.927583526686578,0.541931100513626,0.881087594841587,0.0927634027198873,2.84313926855486,0.740259337431075,5,5,0,0,2.41393003617963,0.927583526686578,6,8,0,0,2.41393003617963,0.927583526686578,6,8,0,0
"BCells","NKCells","CXCL8","CXCR2","Signaling by Chemokines",10,8,FALSE,0,0,2,0,0,0,0.987439907281697,0.927583526686578,0.690408825115892,0.881087594841587,0.095356422659205,1.74642805740037,0.740259337431075,5,5,0,1,0.987439907281697,0.927583526686578,10,8,0,2,0.896766017022965,0.927583526686578,11,8,0,2
"BCells","NKCells","LIPA","RORA","Signaling by Cholesterol",3,10,FALSE,0,0,0,0,0,0,0.612751035507326,1.72163487481194,0.679800993592622,0.712262767384045,0.0818351662775796,0.612751035507326,3.08471503129392,3,5,0,0,0.612751035507326,1.72163487481194,3,10,0,0,0.612751035507326,1.23963195459402,3,14,0,0
"BCells","NKCells","SLC6A6","GABBR1","Signaling by GABA",10,10,FALSE,0,0,0,0,0,0,2.34314443337657,1.16545310298476,0.534390301369079,0.887208161933415,0.0953263443053108,3.35763849403252,1.70959602932873,5,5,0,0,2.34314443337657,1.16545310298476,10,10,0,0,1.46019503085415,0.809097975514187,20,20,0,1
"BCells","NKCells","IFNG","IFNGR1","Signaling by Interferon",10,10,FALSE,0,0,1,1,0,0,1.70177328201498,0.970445005862513,0.718523811107543,0.53104193124089,0.0802934817941052,2.86888893889843,1.32633068629324,5,5,0,2,1.70177328201498,0.970445005862513,10,10,0,2,1.06284635028046,0.904388199580948,20,14,0,2
"BCells","NKCells","IFNG","IFNGR2","Signaling by Interferon",10,10,FALSE,0,0,0,0,0,0,1.70177328201498,1.04122604971721,0.718523811107543,0.745548414379669,0.106704600125748,2.86888893889843,1.3949675042016,5,5,0,0,1.70177328201498,1.04122604971721,10,10,0,0,1.06284635028046,0.779217339576266,20,19,0,1
"BCells","NKCells","IL23A","IL12RB1","Signaling by Interleukin",1,10,FALSE,0,0,0,0,0,0,0.172788862256428,3.46711502671634,NA,0.709918206634182,0.0398237868055207,0.172788862256428,5.42536007026527,1,5,0,0,0.172788862256428,3.46711502671634,1,10,0,0,0.172788862256428,2.1306453141651,1,20,0,1
"BCells","NKCells","IL15","IL15RA","Signaling by Interleukin",5,10,FALSE,0,0,1,0,0,0,0.782539998320272,2.2403106950207,0.0611044665085841,0.433144889196585,0.0691782792270537,0.782539998320272,3.69560602734623,5,5,0,1,0.782539998320272,2.2403106950207,5,10,0,1,0.782539998320272,1.59086177840932,5,20,0,3
"BCells","NKCells","IL15","IL2RB","Signaling by Interleukin",5,10,FALSE,0,0,0,0,0,0,0.782539998320272,2.93491210644287,0.0611044665085841,0.795788417819314,0.0911519164123097,0.782539998320272,3.71747260436559,5,5,0,0,0.782539998320272,2.93491210644287,5,10,0,0,0.782539998320272,2.08324264286241,5,20,0,0
"BCells","NKCells","IL18","IL18R1","Signaling by Interleukin",10,10,FALSE,0,0,0,0,0,0,1.88055225141131,3.98354422678857,0.755097150692633,0.89241757540538,0.117573272461292,2.71013878042325,6.66057009523003,5,5,0,0,1.88055225141131,3.98354422678857,10,10,0,0,1.720169778608,2.66514479539025,11,20,0,2
"BCells","NKCells","IL18","IL18RAP","Signaling by Interleukin",10,10,FALSE,0,0,1,1,0,0,1.88055225141131,6.29378691687868,0.755097150692633,0.89241757540538,0.117573272461292,2.71013878042325,11.787319256956,5,5,0,0,1.88055225141131,6.29378691687868,10,10,0,2,1.720169778608,3.51968102731028,11,20,0,3
"BCells","NKCells","IL1B","IL1RAP","Signaling by Interleukin",10,10,FALSE,0,0,0,0,0,0,1.59584901592616,1.84669176996551,0.892953226559743,0.882817630057492,0.0936120860731689,2.33050384689801,2.62622995336653,5,5,0,0,1.59584901592616,1.84669176996551,10,10,0,0,1.41619570423408,1.40363046824221,15,20,0,1
"BCells","NKCells","IL6","IL6R","Signaling by Interleukin",10,10,FALSE,0,0,3,1,3,0,3.84917317410652,1.69666573963466,0.849142110586228,0.544405807763701,0.0952033342079486,7.28891613205427,2.32975513234881,5,5,0,2,3.84917317410652,1.69666573963466,10,10,0,4,2.92292109639936,0.978181492566053,20,20,0,5
"BCells","NKCells","IL6","IL6ST","Signaling by Interleukin",10,10,FALSE,0,0,0,0,0,0,3.84917317410652,2.60010360327467,0.849142110586228,0.427937852367675,0.104533171646207,7.28891613205427,3.82069801034902,5,5,0,0,3.84917317410652,2.60010360327467,10,10,0,0,2.92292109639936,1.97065220331424,20,20,0,1
"BCells","NKCells","CLEC2B","KLRF1","Signaling by Leptin",10,10,TRUE,31,3,1,2,0,1,1.8990771163809,1.30853157070248,0.769826167817382,0.769826167817382,1,2.90703893864754,2.04814134058969,5,5,2,3,1.8990771163809,1.30853157070248,10,10,3,3,1.09822721033326,0.896701273480078,20,20,14,4
"BCells","NKCells","AKR1C3","PTGDR","Signaling by Prostaglandin",10,10,FALSE,0,0,0,0,0,0,1.54792516319646,4.97536798401979,0.567991345305253,0.750597493357923,0.103519580616414,2.24956966534219,8.01789645229397,5,5,0,0,1.54792516319646,4.97536798401979,10,10,0,0,0.911180715922908,4.53172121450728,20,11,0,0
"BCells","NKCells","PTGES2","PTGER2","Signaling by Prostaglandin",8,10,FALSE,0,0,3,0,2,0,0.359784442144562,1.7024135563536,0.722210314362211,0.750597493357923,0.0746750377511165,0.458637627945756,3.0376735667753,5,5,0,2,0.359784442144562,1.7024135563536,8,10,0,3,0.359784442144562,1.50082956367937,8,12,0,3
"BCells","NKCells","PTGES2","PTGER4","Signaling by Prostaglandin",8,10,FALSE,0,0,1,0,0,0,0.359784442144562,2.03186667174184,0.722210314362211,0.544412323961853,0.103180491586304,0.458637627945756,3.96148313561071,5,5,0,0,0.359784442144562,2.03186667174184,8,10,0,1,0.359784442144562,2.03186667174184,8,10,0,1
"BCells","NKCells","PTGES3","PTGER2","Signaling by Prostaglandin",3,10,FALSE,0,0,0,0,0,0,1.94283868220821,1.7024135563536,0.440906640479775,0.750597493357923,0.0615303480553006,1.94283868220821,3.0376735667753,3,5,0,0,1.94283868220821,1.7024135563536,3,10,0,0,1.94283868220821,1.50082956367937,3,12,0,0
"BCells","NKCells","PTGES3","PTGER4","Signaling by Prostaglandin",3,10,FALSE,0,0,0,0,0,0,1.94283868220821,2.03186667174184,0.440906640479775,0.544412323961853,0.0904887885489422,1.94283868220821,3.96148313561071,3,5,0,0,1.94283868220821,2.03186667174184,3,10,0,0,1.94283868220821,2.03186667174184,3,10,0,0
"BCells","NKCells","SEMA4A","PLXND1","Signaling by Semaphorin",2,10,FALSE,0,0,0,0,0,0,0.61090287942676,4.14757281369414,0.014220479740044,0.734357944896471,0.060020938675937,0.61090287942676,6.71233593975739,2,5,0,0,0.61090287942676,4.14757281369414,2,10,0,0,0.61090287942676,4.14757281369414,2,10,0,0
"BCells","NKCells","SEMA4C","PLXNB2","Signaling by Semaphorin",9,10,FALSE,0,0,0,0,0,0,1.02608920190253,0.90317997357391,0.885928425089193,0.607531464215681,0.0919773465060856,1.64831983985469,1.69227869255645,5,5,0,0,1.02608920190253,0.90317997357391,9,10,0,0,1.02608920190253,0.813398213856077,9,12,0,0
"BCells","NKCells","SEMA4D","CD72","Signaling by Semaphorin",10,2,FALSE,0,0,1,0,0,0,1.92916047387157,1.59317645629778,0.773852627866955,0.82257099853864,0.100113179308294,3.69109737017727,1.59317645629778,5,2,0,0,1.92916047387157,1.59317645629778,10,2,0,1,1.95636639356868,1.59317645629778,20,2,0,2
"BCells","NKCells","SEMA4D","PLXNB2","Signaling by Semaphorin",10,10,FALSE,0,0,0,1,0,0,1.92916047387157,0.90317997357391,0.773852627866955,0.607531464215681,0.08957304961633,3.69109737017727,1.69227869255645,5,5,0,1,1.92916047387157,0.90317997357391,10,10,0,1,1.95636639356868,0.813398213856077,20,12,0,2
"BCells","NKCells","SEMA4D","PTPRC","Signaling by Semaphorin",10,10,FALSE,0,0,0,1,0,1,1.92916047387157,1.98231781694346,0.773852627866955,0.700353172236689,0.0683762340409709,3.69109737017727,3.38353456025847,5,5,0,0,1.92916047387157,1.98231781694346,10,10,0,1,1.95636639356868,1.49275945277059,20,18,0,1
"BCells","NKCells","TBXAS1","TBXA2R","Signaling by Thromboxane",1,1,FALSE,0,0,0,0,0,0,1.7036869663004,0.0176661573485286,NA,NA,0.0157687780612478,1.7036869663004,0.0176661573485286,1,1,0,0,1.7036869663004,0.0176661573485286,1,1,0,0,1.7036869663004,0.0176661573485286,1,1,0,0
"BCells","NKCells","WNT7A","FZD3","Signaling by WNT",10,10,FALSE,0,0,0,0,0,0,1.17057653610705,1.32889966828003,0.815986985751525,0.811923342590466,0.0838058365234824,2.02370146063511,1.99104846552789,5,5,0,0,1.17057653610705,1.32889966828003,10,10,0,0,0.974514651419702,1.05227945536425,15,20,0,1
"BCells","NKCells","ITGAV","ADGRE2","Signaling by Integrin",10,10,FALSE,0,0,0,0,0,0,0.616608042469891,0.941662938089327,0.854949437716307,0.632247700925282,0.0884381639261119,0.979245541262524,1.50796509817393,5,5,0,0,0.616608042469891,0.941662938089327,10,10,0,0,0.553606615210203,0.576160679737207,13,20,0,0
"BCells","NKCells","ITGB1","ADGRE2","Signaling by Integrin",10,10,FALSE,0,0,1,0,0,0,0.949660672025501,0.941662938089327,0.708270768601964,0.632247700925282,0.105381092210758,1.19007950500699,1.50796509817393,5,5,0,0,0.949660672025501,0.941662938089327,10,10,0,1,0.723224847922805,0.576160679737207,18,20,0,2
"BCells","NKCells","ITGAV","ADGRE5","Signaling by Integrin",10,8,FALSE,0,0,2,1,0,0,0.616608042469891,0.755506603285434,0.854949437716307,0.56608697972346,0.0885008163778423,0.979245541262524,1.1226467256623,5,5,0,1,0.616608042469891,0.755506603285434,10,8,0,3,0.553606615210203,0.755506603285434,13,8,0,3
"BCells","NKCells","ITGB1","ADGRE5","Signaling by Integrin",10,8,FALSE,0,0,0,0,0,0,0.949660672025501,0.755506603285434,0.708270768601964,0.56608697972346,0.0925163732290056,1.19007950500699,1.1226467256623,5,5,0,0,0.949660672025501,0.755506603285434,10,8,0,0,0.723224847922805,0.755506603285434,18,8,0,1
"CD4Cells","NKCells","ICAM1","ITGAL","Adhesion by ICAM",2,1,FALSE,0,0,1,0,1,0,1.30331001683146,0.0761351655582011,0.0576504149994992,NA,0.0625105206698873,1.30331001683146,0.0761351655582011,2,1,0,1,1.30331001683146,0.0761351655582011,2,1,0,1,1.30331001683146,0.0761351655582011,2,1,0,1
"CD4Cells","NKCells","ICAM1","ITGB2","Adhesion by ICAM",2,10,FALSE,0,0,0,0,0,0,1.30331001683146,2.824351349265,0.0576504149994992,0.799030412334276,0.0638953073588319,1.30331001683146,3.46465543548729,2,5,0,0,1.30331001683146,2.824351349265,2,10,0,0,1.30331001683146,1.54661086903772,2,20,0,0
"CD4Cells","NKCells","ICAM1","ITGAM","Adhesion by ICAM",2,10,FALSE,0,0,0,0,0,0,1.30331001683146,0.998397618611204,0.0576504149994992,0.867088196088695,0.0650420941605412,1.30331001683146,1.64189646980246,2,5,0,0,1.30331001683146,0.998397618611204,2,10,0,0,1.30331001683146,1.24180814752675,2,18,0,0
"CD4Cells","NKCells","ICAM1","ITGAX","Adhesion by ICAM",2,10,FALSE,0,0,0,0,0,0,1.30331001683146,2.87951767155294,0.0576504149994992,0.81889920644669,0.0834170692216805,1.30331001683146,5.58180567609558,2,5,0,0,1.30331001683146,2.87951767155294,2,10,0,0,1.30331001683146,1.76808229605094,2,18,0,0
"CD4Cells","NKCells","ICAM2","ITGAL","Adhesion by ICAM",10,1,FALSE,0,0,1,0,0,0,3.21227207387618,0.0761351655582011,0.707090766401698,NA,0.0608040040148663,4.54955779389449,0.0761351655582011,5,1,0,0,3.21227207387618,0.0761351655582011,10,1,0,1,2.18919915238869,0.0761351655582011,20,1,0,1
"CD4Cells","NKCells","ICAM2","ITGB2","Adhesion by ICAM",10,10,FALSE,0,0,1,1,0,0,3.21227207387618,2.824351349265,0.707090766401698,0.799030412334276,0.0999853960826456,4.54955779389449,3.46465543548729,5,5,0,0,3.21227207387618,2.824351349265,10,10,0,2,2.18919915238869,1.54661086903772,20,20,0,6
"CD4Cells","NKCells","ICAM3","ITGB2","Adhesion by ICAM",2,10,FALSE,0,0,0,1,0,0,1.42096689617111,2.824351349265,0.0576504149994992,0.799030412334276,0.0638953073588319,1.42096689617111,3.46465543548729,2,5,0,1,1.42096689617111,2.824351349265,2,10,0,1,1.42096689617111,1.54661086903772,2,20,0,2
"CD4Cells","NKCells","ICAM3","ITGAL","Adhesion by ICAM",2,1,FALSE,0,0,1,0,1,0,1.42096689617111,0.0761351655582011,0.0576504149994992,NA,0.0625105206698873,1.42096689617111,0.0761351655582011,2,1,0,1,1.42096689617111,0.0761351655582011,2,1,0,1,1.42096689617111,0.0761351655582011,2,1,0,1
"CD4Cells","NKCells","ICAM4","ITGAL","Adhesion by ICAM",2,1,FALSE,0,0,1,0,1,0,0.615166998832947,0.0761351655582011,0.0576504149994992,NA,0.0625105206698873,0.615166998832947,0.0761351655582011,2,1,0,1,0.615166998832947,0.0761351655582011,2,1,0,1,0.615166998832947,0.0761351655582011,2,1,0,1
"CD4Cells","NKCells","ICAM4","ITGB2","Adhesion by ICAM",2,10,FALSE,0,0,0,0,0,0,0.615166998832947,2.824351349265,0.0576504149994992,0.799030412334276,0.0638953073588319,0.615166998832947,3.46465543548729,2,5,0,0,0.615166998832947,2.824351349265,2,10,0,0,0.615166998832947,1.54661086903772,2,20,0,0
"CD4Cells","NKCells","CCL28","CCR10","Signaling by Chemokines",10,2,FALSE,0,0,0,0,0,0,2.58792047119929,0.0492282734585531,0.780709011949811,0.0489177771146595,0.0746199571488198,3.76615023745931,0.0492282734585531,5,2,0,0,2.58792047119929,0.0492282734585531,10,2,0,0,2.58792047119929,0.0492282734585531,10,2,0,0
"CD4Cells","NKCells","PPBP","CXCR2","Signaling by Chemokines",6,8,FALSE,0,0,1,0,0,0,1.56178495436597,0.822217784538114,0.605764526637691,0.886762650955737,0.0906813026047734,1.85996739144784,0.839348329222277,5,5,0,1,1.56178495436597,0.822217784538114,6,8,0,1,1.56178495436597,0.822217784538114,6,8,0,1
"CD4Cells","NKCells","CXCL8","CXCR2","Signaling by Chemokines",10,8,FALSE,0,0,2,0,0,0,1.87913439712876,0.822217784538114,0.892899307653221,0.886762650955737,0.0900101193358333,3.50902736924759,0.839348329222277,5,5,0,0,1.87913439712876,0.822217784538114,10,8,0,2,1.70654575385394,0.822217784538114,11,8,0,2
"CD4Cells","NKCells","LIPA","RORA","Signaling by Cholesterol",3,10,FALSE,0,0,0,0,0,0,1.36466129846849,1.59561763547993,0.66762881912535,0.71480973345012,0.0859223535675172,1.36466129846849,2.73244072289609,3,5,0,0,1.36466129846849,1.59561763547993,3,10,0,0,1.36466129846849,1.30003633995605,3,13,0,0
"CD4Cells","NKCells","SLC6A6","GABBR1","Signaling by GABA",10,10,FALSE,0,0,1,0,0,0,1.30963684305173,1.46966433247531,0.602671035535208,0.891535298564159,0.139590285210658,1.70955480777779,2.38716708915288,5,5,0,1,1.30963684305173,1.46966433247531,10,10,0,1,1.0783192806595,0.968886812760389,20,20,0,2
"CD4Cells","NKCells","IFNG","IFNGR1","Signaling by Interferon",10,10,FALSE,0,0,0,0,0,0,1.44658406052449,1.01893055782329,0.74624625065669,0.701252688855791,0.0977401969273557,1.9971654120706,1.33120210724313,5,5,0,0,1.44658406052449,1.01893055782329,10,10,0,0,0.957554642976861,0.931203559253826,20,14,0,1
"CD4Cells","NKCells","IFNG","IFNGR2","Signaling by Interferon",10,10,FALSE,0,0,1,1,0,0,1.44658406052449,0.880630170629517,0.74624625065669,0.73573296818162,0.0998978259107329,1.9971654120706,1.12521241990349,5,5,0,1,1.44658406052449,0.880630170629517,10,10,0,2,0.957554642976861,0.601799067712248,20,17,0,5
"CD4Cells","NKCells","IL23A","IL12RB1","Signaling by Interleukin",1,10,FALSE,0,0,0,0,0,0,0.873872220950215,3.23894396896462,NA,0.709722216377731,0.0395651221005004,0.873872220950215,4.74202062374059,1,5,0,0,0.873872220950215,3.23894396896462,1,10,0,0,0.873872220950215,2.36438874693398,1,20,0,0
"CD4Cells","NKCells","IL15","IL15RA","Signaling by Interleukin",5,10,FALSE,0,0,1,1,0,0,0.505697204161101,2.16136331249323,0.0628182491925175,0.587055988535633,0.0816050170048352,0.505697204161101,2.91166551611376,5,5,0,1,0.505697204161101,2.16136331249323,5,10,0,2,0.505697204161101,1.52734595996764,5,20,0,2
"CD4Cells","NKCells","IL15","IL2RB","Signaling by Interleukin",5,10,FALSE,0,0,0,1,0,0,0.505697204161101,3.2170335396545,0.0628182491925175,0.782363858882089,0.0819705462643594,0.505697204161101,4.2352580987513,5,5,0,0,0.505697204161101,3.2170335396545,5,10,0,1,0.505697204161101,2.21432699884903,5,20,0,1
"CD4Cells","NKCells","IL18","IL18R1","Signaling by Interleukin",10,10,FALSE,0,0,3,2,0,0,0.558627357124476,4.24902488702951,0.741899820408259,0.89242883970241,0.0860333854400161,1.03137741471303,7.3671149140143,5,5,0,4,0.558627357124476,4.24902488702951,10,10,0,5,0.995289665271011,2.74441427636583,11,20,0,6
"CD4Cells","NKCells","IL18","IL18RAP","Signaling by Interleukin",10,10,FALSE,0,0,1,3,0,0,0.558627357124476,6.23148869074941,0.741899820408259,0.89242883970241,0.0806303948249043,1.03137741471303,11.6291922635749,5,5,0,3,0.558627357124476,6.23148869074941,10,10,0,4,0.995289665271011,3.42324997444284,11,20,0,4
"CD4Cells","NKCells","IL1B","IL1RAP","Signaling by Interleukin",10,10,FALSE,0,0,2,1,0,0,1.36569917600826,2.40722039048687,0.887351302496771,0.876236023962497,0.102430222143563,2.25345393959658,3.07837402188007,5,5,0,1,1.36569917600826,2.40722039048687,10,10,0,3,1.1762486699033,1.79467260960852,14,20,0,3
"CD4Cells","NKCells","IL6","IL6R","Signaling by Interleukin",10,10,FALSE,0,0,2,0,0,0,1.81020604214822,1.39502424673834,0.864215198945147,0.515739642178446,0.0685459177581421,3.27609019167525,2.34458114979144,5,5,0,1,1.81020604214822,1.39502424673834,10,10,0,2,1.62993263789345,1.08978868552241,20,20,0,5
"CD4Cells","NKCells","IL6","IL6ST","Signaling by Interleukin",10,10,FALSE,0,0,0,0,0,0,1.81020604214822,2.17616797378197,0.864215198945147,0.79804234001737,0.093690757664799,3.27609019167525,3.32617060330284,5,5,0,0,1.81020604214822,2.17616797378197,10,10,0,0,1.62993263789345,1.70468534956956,20,20,0,1
"CD4Cells","NKCells","CLEC2B","KLRF1","Signaling by Leptin",10,10,TRUE,31,3,2,0,0,0,2.44821192140896,1.83854223698379,0.729629222224299,0.769798914050284,1,4.42225787243886,2.97620522286993,5,5,0,0,2.44821192140896,1.83854223698379,10,10,3,2,1.74916029832669,1.2291215635409,20,20,13,2
"CD4Cells","NKCells","AKR1C3","PTGDR","Signaling by Prostaglandin",10,10,FALSE,0,0,0,2,0,0,2.13874286663975,4.668042781599,0.664888452230815,0.704591264116219,0.110927861296728,3.92490846153288,6.77082804178604,5,5,0,1,2.13874286663975,4.668042781599,10,10,0,2,1.47346278705475,4.28483394891894,20,11,0,2
"CD4Cells","NKCells","PTGES2","PTGER2","Signaling by Prostaglandin",8,10,FALSE,0,0,3,0,2,0,1.09091711971373,1.91207183692753,0.729032069103298,0.757485770698784,0.0779581588449933,1.61331957107545,3.51596955222492,5,5,0,3,1.09091711971373,1.91207183692753,8,10,0,3,1.09091711971373,1.61056884645398,8,12,0,4
"CD4Cells","NKCells","PTGES2","PTGER4","Signaling by Prostaglandin",8,10,FALSE,0,0,1,0,0,0,1.09091711971373,1.77584896118274,0.729032069103298,0.537688264031537,0.0981012612338826,1.61331957107545,3.46789883017873,5,5,0,1,1.09091711971373,1.77584896118274,8,10,0,1,1.09091711971373,1.77584896118274,8,10,0,1
"CD4Cells","NKCells","PTGES3","PTGER2","Signaling by Prostaglandin",3,10,FALSE,0,0,0,0,0,0,0.974813654047491,1.91207183692753,0.43212417044043,0.757485770698784,0.0571930564468966,0.974813654047491,3.51596955222492,3,5,0,0,0.974813654047491,1.91207183692753,3,10,0,0,0.974813654047491,1.61056884645398,3,12,0,0
"CD4Cells","NKCells","PTGES3","PTGER4","Signaling by Prostaglandin",3,10,FALSE,0,0,0,0,0,0,0.974813654047491,1.77584896118274,0.43212417044043,0.537688264031537,0.0782037756774883,0.974813654047491,3.46789883017873,3,5,0,0,0.974813654047491,1.77584896118274,3,10,0,0,0.974813654047491,1.77584896118274,3,10,0,0
"CD4Cells","NKCells","SEMA4A","PLXND1","Signaling by Semaphorin",2,10,FALSE,0,0,0,0,0,0,0.122916155370274,4.94266922701101,0.0155521817208214,0.738360518106602,0.049164667629519,0.122916155370274,8.03485038088514,2,5,0,0,0.122916155370274,4.94266922701101,2,10,0,0,0.122916155370274,4.94266922701101,2,10,0,0
"CD4Cells","NKCells","SEMA4C","PLXNB2","Signaling by Semaphorin",9,10,FALSE,0,0,0,0,0,0,0.904089584462243,0.89466618708469,0.882598982518476,0.606421799077735,0.0907223969659736,1.49187590922353,1.69108909171928,5,5,0,0,0.904089584462243,0.89466618708469,9,10,0,0,0.904089584462243,0.824227134329893,9,12,0,0
"CD4Cells","NKCells","SEMA4D","CD72","Signaling by Semaphorin",10,3,FALSE,0,0,1,0,0,0,5.9259687648686,0.694188205407615,0.87671704222089,0.824781493545523,0.0987663543966817,9.54563491752311,0.694188205407615,5,3,0,0,5.9259687648686,0.694188205407615,10,3,0,1,3.21693691660941,0.694188205407615,20,3,0,1
"CD4Cells","NKCells","SEMA4D","PLXNB2","Signaling by Semaphorin",10,10,FALSE,0,0,0,1,0,0,5.9259687648686,0.89466618708469,0.87671704222089,0.606421799077735,0.0932119485215529,9.54563491752311,1.69108909171928,5,5,0,0,5.9259687648686,0.89466618708469,10,10,0,1,3.21693691660941,0.824227134329893,20,12,0,1
"CD4Cells","NKCells","SEMA4D","PTPRC","Signaling by Semaphorin",10,10,FALSE,0,0,1,0,0,0,5.9259687648686,1.52683557787122,0.87671704222089,0.74838721425868,0.0822166372205514,9.54563491752311,2.57342276505723,5,5,0,1,5.9259687648686,1.52683557787122,10,10,0,1,3.21693691660941,1.15009566979125,20,18,0,1
"CD4Cells","NKCells","TBXAS1","TBXA2R","Signaling by Thromboxane",1,1,FALSE,0,0,0,0,0,0,0.849980468077254,0.00998660392795071,NA,NA,0.0151839155466443,0.849980468077254,0.00998660392795071,1,1,0,0,0.849980468077254,0.00998660392795071,1,1,0,0,0.849980468077254,0.00998660392795071,1,1,0,0
"CD4Cells","NKCells","WNT7A","FZD3","Signaling by WNT",10,10,FALSE,0,0,1,0,0,0,2.76086898524435,1.51814147012166,0.728151691592035,0.801920205569999,0.0889562995889423,5.18335428008203,2.24862897733719,5,5,0,0,2.76086898524435,1.51814147012166,10,10,0,1,1.99876782493973,1.14932055685862,15,20,0,1
"CD4Cells","NKCells","ITGAV","ADGRE2","Signaling by Integrin",10,10,FALSE,0,0,0,0,0,0,1.44895775822981,1.19233827093412,0.852404307948299,0.635405534725837,0.0746375416884082,2.23368288582476,1.90828506714979,5,5,0,0,1.44895775822981,1.19233827093412,10,10,0,0,1.33037635488676,0.753767461392568,13,20,0,1
"CD4Cells","NKCells","ITGB1","ADGRE2","Signaling by Integrin",10,10,FALSE,0,0,1,1,0,0,1.37478797488871,1.19233827093412,0.892889101071786,0.635405534725837,0.0950727809475694,1.88602291823389,1.90828506714979,5,5,0,2,1.37478797488871,1.19233827093412,10,10,0,2,1.1391494725016,0.753767461392568,19,20,0,3
"CD4Cells","NKCells","ITGAV","ADGRE5","Signaling by Integrin",10,8,FALSE,0,0,2,0,0,0,1.44895775822981,0.882293538809809,0.852404307948299,0.556224202353363,0.0807181718642295,2.23368288582476,1.32632064299315,5,5,0,1,1.44895775822981,0.882293538809809,10,8,0,2,1.33037635488676,0.882293538809809,13,8,0,2
"CD4Cells","NKCells","ITGB1","ADGRE5","Signaling by Integrin",10,8,FALSE,0,0,1,0,0,0,1.37478797488871,0.882293538809809,0.892889101071786,0.556224202353363,0.0938662687227565,1.88602291823389,1.32632064299315,5,5,0,0,1.37478797488871,0.882293538809809,10,8,0,1,1.1391494725016,0.882293538809809,19,8,0,1
"CD8Cells","NKCells","ICAM1","ITGAL","Adhesion by ICAM",2,1,FALSE,0,0,1,0,1,0,0.122731479460828,0.0350890672092663,0.0582728371052071,NA,0.0573959359477493,0.122731479460828,0.0350890672092663,2,1,0,1,0.122731479460828,0.0350890672092663,2,1,0,1,0.122731479460828,0.0350890672092663,2,1,0,1
"CD8Cells","NKCells","ICAM1","ITGB2","Adhesion by ICAM",2,10,FALSE,0,0,0,0,0,0,0.122731479460828,3.23741208265494,0.0582728371052071,0.803456327298464,0.067045616367493,0.122731479460828,2.93684404673603,2,5,0,0,0.122731479460828,3.23741208265494,2,10,0,0,0.122731479460828,1.8086667426508,2,20,0,0
"CD8Cells","NKCells","ICAM1","ITGAM","Adhesion by ICAM",2,10,FALSE,0,0,0,0,0,0,0.122731479460828,1.02933323596717,0.0582728371052071,0.869652275489845,0.0814301966918683,0.122731479460828,1.65527597397778,2,5,0,0,0.122731479460828,1.02933323596717,2,10,0,0,0.122731479460828,1.0930548628744,2,19,0,0
"CD8Cells","NKCells","ICAM1","ITGAX","Adhesion by ICAM",2,10,FALSE,0,0,0,1,0,0,0.122731479460828,2.53192063222107,0.0582728371052071,0.869652275489845,0.079846661936709,0.122731479460828,4.84544344924016,2,5,0,0,0.122731479460828,2.53192063222107,2,10,0,1,0.122731479460828,1.56181475052524,2,19,0,1
"CD8Cells","NKCells","ICAM2","ITGAL","Adhesion by ICAM",10,1,FALSE,0,0,0,0,0,0,3.8278542967068,0.0350890672092663,0.862830914308912,NA,0.0654578459557185,5.60134151313262,0.0350890672092663,5,1,0,0,3.8278542967068,0.0350890672092663,10,1,0,0,2.54073619660401,0.0350890672092663,20,1,0,0
"CD8Cells","NKCells","ICAM2","ITGB2","Adhesion by ICAM",10,10,FALSE,0,0,0,0,0,0,3.8278542967068,3.23741208265494,0.862830914308912,0.803456327298464,0.103630524401512,5.60134151313262,2.93684404673603,5,5,0,0,3.8278542967068,3.23741208265494,10,10,0,0,2.54073619660401,1.8086667426508,20,20,0,1
"CD8Cells","NKCells","ICAM3","ITGB2","Adhesion by ICAM",2,10,FALSE,0,0,0,4,0,2,0.195839431246722,3.23741208265494,0.0582728371052071,0.803456327298464,0.067045616367493,0.195839431246722,2.93684404673603,2,5,0,4,0.195839431246722,3.23741208265494,2,10,0,4,0.195839431246722,1.8086667426508,2,20,0,4
"CD8Cells","NKCells","ICAM3","ITGAL","Adhesion by ICAM",2,1,FALSE,0,0,1,0,1,0,0.195839431246722,0.0350890672092663,0.0582728371052071,NA,0.0573959359477493,0.195839431246722,0.0350890672092663,2,1,0,1,0.195839431246722,0.0350890672092663,2,1,0,1,0.195839431246722,0.0350890672092663,2,1,0,1
"CD8Cells","NKCells","ICAM4","ITGAL","Adhesion by ICAM",2,1,FALSE,0,0,1,0,1,0,0.421216512755607,0.0350890672092663,0.0582728371052071,NA,0.0573959359477493,0.421216512755607,0.0350890672092663,2,1,0,1,0.421216512755607,0.0350890672092663,2,1,0,1,0.421216512755607,0.0350890672092663,2,1,0,1
"CD8Cells","NKCells","ICAM4","ITGB2","Adhesion by ICAM",2,10,FALSE,0,0,0,0,0,0,0.421216512755607,3.23741208265494,0.0582728371052071,0.803456327298464,0.067045616367493,0.421216512755607,2.93684404673603,2,5,0,0,0.421216512755607,3.23741208265494,2,10,0,0,0.421216512755607,1.8086667426508,2,20,0,0
"CD8Cells","NKCells","CCL28","CCR10","Signaling by Chemokines",10,2,FALSE,0,0,2,0,0,0,0.358948191694126,0.258257897465694,0.778623158683615,0.0489278938984945,0.0768080349479031,0.482072063524922,0.258257897465694,5,2,0,1,0.358948191694126,0.258257897465694,10,2,0,2,0.338995081205601,0.258257897465694,11,2,0,2
"CD8Cells","NKCells","PPBP","CXCR2","Signaling by Chemokines",5,8,FALSE,0,0,1,0,0,0,2.45183462097762,1.12064168500592,0.600671465025909,0.883938936312785,0.097200079378102,2.45183462097762,1.28528687901531,5,5,0,1,2.45183462097762,1.12064168500592,5,8,0,1,2.45183462097762,1.12064168500592,5,8,0,1
"CD8Cells","NKCells","CXCL8","CXCR2","Signaling by Chemokines",10,8,FALSE,0,0,2,2,0,1,2.08480979980975,1.12064168500592,0.421159517681348,0.883938936312785,0.103814271551667,3.9301815430275,1.28528687901531,5,5,0,2,2.08480979980975,1.12064168500592,10,8,0,4,2.08480979980975,1.12064168500592,10,8,0,4
"CD8Cells","NKCells","LIPA","RORA","Signaling by Cholesterol",3,10,FALSE,0,0,0,0,0,0,0.709598568968547,1.62416412905936,0.65953987660517,0.683390169824891,0.0937506261262013,0.709598568968547,2.82260152488046,3,5,0,0,0.709598568968547,1.62416412905936,3,10,0,0,0.709598568968547,1.50944695040556,3,13,0,1
"CD8Cells","NKCells","SLC6A6","GABBR1","Signaling by GABA",10,10,FALSE,0,0,0,3,0,0,2.43228466809633,1.40873747727761,0.869756818325386,0.887255464587143,0.122603082459313,3.19984256295925,2.35848244254875,5,5,0,3,2.43228466809633,1.40873747727761,10,10,0,3,1.43429474404073,0.923988136191594,20,20,0,5
"CD8Cells","NKCells","IFNG","IFNGR1","Signaling by Interferon",10,10,FALSE,0,0,0,0,0,0,2.01075816738516,1.11767174145049,0.753677366273995,0.695509947652643,0.109996647119595,3.07955052791024,1.73965171167134,5,5,0,0,2.01075816738516,1.11767174145049,10,10,0,0,1.16577786062495,1.23419196201179,20,14,0,1
"CD8Cells","NKCells","IFNG","IFNGR2","Signaling by Interferon",10,10,FALSE,0,0,0,0,0,0,2.01075816738516,1.05130682520179,0.753677366273995,0.733282945343781,0.0734546475784271,3.07955052791024,1.88356234677501,5,5,0,0,2.01075816738516,1.05130682520179,10,10,0,0,1.16577786062495,0.899543194405787,20,17,0,2
"CD8Cells","NKCells","IL23A","IL12RB1","Signaling by Interleukin",1,10,FALSE,0,0,0,1,0,0,0.903473474074627,3.60892003628477,NA,0.715221266879087,0.0883345463598502,0.903473474074627,4.71536222784467,1,5,0,0,0.903473474074627,3.60892003628477,1,10,0,1,0.903473474074627,2.11608409113607,1,20,0,2
"CD8Cells","NKCells","IL15","IL15RA","Signaling by Interleukin",5,10,FALSE,0,0,1,1,0,0,2.22840853299943,2.43822821010258,0.0642159560630259,0.596952995547237,0.0609639163717392,2.22840853299943,3.2039369370909,5,5,0,1,2.22840853299943,2.43822821010258,5,10,0,2,2.22840853299943,1.58758867880576,5,20,0,2
"CD8Cells","NKCells","IL15","IL2RB","Signaling by Interleukin",5,10,FALSE,0,0,0,0,0,0,2.22840853299943,2.61136239972713,0.0642159560630259,0.793102988432764,0.0883646209511248,2.22840853299943,3.45813614326974,5,5,0,0,2.22840853299943,2.61136239972713,5,10,0,0,2.22840853299943,1.82376285082969,5,20,0,0
"CD8Cells","NKCells","IL18","IL18R1","Signaling by Interleukin",10,10,FALSE,0,0,3,0,0,0,2.23161925925258,3.76754051774145,0.746302756901672,0.892927403218356,0.10917068665991,3.07297665093353,6.67114149834031,5,5,0,2,2.23161925925258,3.76754051774145,10,10,0,3,2.21705418280494,2.57361990551169,11,20,0,3
"CD8Cells","NKCells","IL18","IL18RAP","Signaling by Interleukin",10,10,FALSE,0,0,0,0,0,0,2.23161925925258,5.57300793624321,0.746302756901672,0.892927403218356,0.10917068665991,3.07297665093353,10.3454245845657,5,5,0,0,2.23161925925258,5.57300793624321,10,10,0,0,2.21705418280494,3.14321194478615,11,20,0,1
"CD8Cells","NKCells","IL1B","IL1RAP","Signaling by Interleukin",10,10,FALSE,0,0,1,0,0,0,1.59661643471737,2.31250436825811,0.87574483174639,0.888899927469363,0.106618816020734,2.04332975941858,3.33079897249314,5,5,0,0,1.59661643471737,2.31250436825811,10,10,0,1,1.33603513377646,1.80634597805409,14,20,0,3
"CD8Cells","NKCells","IL6","IL6R","Signaling by Interleukin",10,10,FALSE,0,0,3,0,2,0,1.3064237049197,1.3229936406628,0.859207219826872,0.50552991831607,0.0717818499794916,2.20750494724372,1.84095222602017,5,5,0,1,1.3064237049197,1.3229936406628,10,10,0,3,0.920500826695404,1.0005729045113,20,20,0,4
"CD8Cells","NKCells","IL6","IL6ST","Signaling by Interleukin",10,10,FALSE,0,0,1,0,0,0,1.3064237049197,2.39142175716089,0.859207219826872,0.417153307675103,0.104139095595304,2.20750494724372,3.46950790179019,5,5,0,0,1.3064237049197,2.39142175716089,10,10,0,1,0.920500826695404,1.6524874819754,20,20,0,1
"CD8Cells","NKCells","CLEC2B","KLRF1","Signaling by Leptin",10,10,TRUE,30,4,2,3,0,0,2.77652525727427,1.67289723280631,0.748477673683443,0.770245854916465,1,3.73089681139729,2.82549952756167,5,5,1,2,2.77652525727427,1.67289723280631,10,10,4,5,1.91061581412839,1.0022168876343,20,20,13,7
"CD8Cells","NKCells","AKR1C3","PTGDR","Signaling by Prostaglandin",10,10,FALSE,0,0,0,1,0,0,1.40335362077159,5.20212047415458,0.80226532686638,0.703182134604012,0.10921413804294,1.84261401607914,7.70530607051937,5,5,0,1,1.40335362077159,5.20212047415458,10,10,0,1,1.16880685019318,4.80651022947004,20,11,0,1
"CD8Cells","NKCells","PTGES2","PTGER2","Signaling by Prostaglandin",8,10,FALSE,0,0,3,1,2,0,1.71146201934216,1.62800040856689,0.723226067156979,0.753151905727345,0.072910735126333,2.30924407338836,2.95553825522993,5,5,0,4,1.71146201934216,1.62800040856689,8,10,0,4,1.71146201934216,1.43902964906485,8,12,0,4
"CD8Cells","NKCells","PTGES2","PTGER4","Signaling by Prostaglandin",8,9,FALSE,0,0,1,0,0,0,1.71146201934216,1.35786238214086,0.723226067156979,0.541267859911505,0.0930403921295209,2.30924407338836,2.19238060930862,5,5,0,1,1.71146201934216,1.35786238214086,8,9,0,1,1.71146201934216,1.35786238214086,8,9,0,1
"CD8Cells","NKCells","PTGES3","PTGER2","Signaling by Prostaglandin",3,10,FALSE,0,0,0,0,0,0,0.639232587139666,1.62800040856689,0.427891342179931,0.753151905727345,0.0523835400135596,0.639232587139666,2.95553825522993,3,5,0,0,0.639232587139666,1.62800040856689,3,10,0,0,0.639232587139666,1.43902964906485,3,12,0,0
"CD8Cells","NKCells","PTGES3","PTGER4","Signaling by Prostaglandin",3,9,FALSE,0,0,0,1,0,0,0.639232587139666,1.35786238214086,0.427891342179931,0.541267859911505,0.0839786799092958,0.639232587139666,2.19238060930862,3,5,0,0,0.639232587139666,1.35786238214086,3,9,0,1,0.639232587139666,1.35786238214086,3,9,0,1
"CD8Cells","NKCells","SEMA4A","PLXND1","Signaling by Semaphorin",2,10,FALSE,0,0,0,0,0,0,2.80135005400574,5.10053923873478,0.0138376338729667,0.73119901125277,0.0608779355220499,2.80135005400574,8.30347976590556,2,5,0,0,2.80135005400574,5.10053923873478,2,10,0,0,2.80135005400574,5.10053923873478,2,10,0,0
"CD8Cells","NKCells","SEMA4C","PLXNB2","Signaling by Semaphorin",9,10,FALSE,0,0,0,0,0,0,1.18264761511545,1.01944612164063,0.881518792738365,0.611260276057743,0.102271987956203,0.919569867359678,1.74487789701537,5,5,0,0,1.18264761511545,1.01944612164063,9,10,0,0,1.18264761511545,0.849375800271306,9,12,0,0
"CD8Cells","NKCells","SEMA4D","CD72","Signaling by Semaphorin",10,3,FALSE,0,0,0,1,0,0,2.26271605100112,0.769592288103742,0.880478899604209,0.81929890620005,0.0915477192573422,3.41296906383881,0.769592288103742,5,3,0,1,2.26271605100112,0.769592288103742,10,3,0,1,1.59623675839438,0.769592288103742,20,3,0,2
"CD8Cells","NKCells","SEMA4D","PLXNB2","Signaling by Semaphorin",10,10,FALSE,0,0,1,2,0,0,2.26271605100112,1.01944612164063,0.880478899604209,0.611260276057743,0.0953894705571966,3.41296906383881,1.74487789701537,5,5,0,1,2.26271605100112,1.01944612164063,10,10,0,3,1.59623675839438,0.849375800271306,20,12,0,4
"CD8Cells","NKCells","SEMA4D","PTPRC","Signaling by Semaphorin",10,10,FALSE,0,0,0,0,0,0,2.26271605100112,1.49311476845853,0.880478899604209,0.706333631136368,0.076128792718847,3.41296906383881,2.32832397053105,5,5,0,0,2.26271605100112,1.49311476845853,10,10,0,0,1.59623675839438,1.04472761152773,20,18,0,2
"CD8Cells","NKCells","TBXAS1","TBXA2R","Signaling by Thromboxane",1,1,FALSE,0,0,0,0,0,0,0.881147085488804,0.147205378889131,NA,NA,0.0232660624012249,0.881147085488804,0.147205378889131,1,1,0,0,0.881147085488804,0.147205378889131,1,1,0,0,0.881147085488804,0.147205378889131,1,1,0,0
"CD8Cells","NKCells","WNT7A","FZD3","Signaling by WNT",10,10,FALSE,0,0,1,0,0,0,2.95111497164431,1.63301823805491,0.728750607390524,0.835043998310427,0.0840128337374132,4.4147091220395,1.82113703680132,5,5,0,0,2.95111497164431,1.63301823805491,10,10,0,1,2.17149092898317,1.19357789102636,15,20,0,1
"CD8Cells","NKCells","ITGAV","ADGRE2","Signaling by Integrin",10,10,FALSE,0,0,0,0,0,0,1.22743534941796,1.08589469404836,0.853395021941113,0.62651805434157,0.0767249258542905,1.23261419242721,1.41115679435723,5,5,0,0,1.22743534941796,1.08589469404836,10,10,0,0,1.03237935651923,0.885353391039144,13,20,0,0
"CD8Cells","NKCells","ITGB1","ADGRE2","Signaling by Integrin",10,10,FALSE,0,0,1,0,0,0,1.31926612786246,1.08589469404836,0.808136619684695,0.62651805434157,0.0960046962624112,1.99755185613281,1.41115679435723,5,5,0,0,1.31926612786246,1.08589469404836,10,10,0,1,1.3387568063524,0.885353391039144,18,20,0,2
"CD8Cells","NKCells","ITGAV","ADGRE5","Signaling by Integrin",10,8,FALSE,0,0,2,0,1,0,1.22743534941796,0.937809917877962,0.853395021941113,0.555425816461352,0.0853226549523195,1.23261419242721,1.37407203385564,5,5,0,1,1.22743534941796,0.937809917877962,10,8,0,2,1.03237935651923,0.937809917877962,13,8,0,3
"CD8Cells","NKCells","ITGB1","ADGRE5","Signaling by Integrin",10,8,FALSE,0,0,1,1,0,0,1.31926612786246,0.937809917877962,0.808136619684695,0.555425816461352,0.0939185634508217,1.99755185613281,1.37407203385564,5,5,0,1,1.31926612786246,0.937809917877962,10,8,0,2,1.3387568063524,0.937809917877962,18,8,0,2
"MonocytesCells","NKCells","ICAM1","ITGAL","Adhesion by ICAM",2,1,FALSE,0,0,1,0,0,0,1.25803913849587,1.06455660186973,0.0484651097193053,NA,0.0525345483295265,1.25803913849587,1.06455660186973,2,1,0,1,1.25803913849587,1.06455660186973,2,1,0,1,1.25803913849587,1.06455660186973,2,1,0,1
"MonocytesCells","NKCells","ICAM1","ITGB2","Adhesion by ICAM",2,10,FALSE,0,0,0,1,0,0,1.25803913849587,2.27223445094105,0.0484651097193053,0.80473612409117,0.0591189513885877,1.25803913849587,3.05786894994502,2,5,0,1,1.25803913849587,2.27223445094105,2,10,0,1,1.25803913849587,1.84288350112563,2,20,0,1
"MonocytesCells","NKCells","ICAM1","ITGAM","Adhesion by ICAM",2,10,FALSE,0,0,0,1,0,0,1.25803913849587,1.11665539631537,0.0484651097193053,0.864395012398357,0.0635125954555185,1.25803913849587,1.94033093635461,2,5,0,0,1.25803913849587,1.11665539631537,2,10,0,1,1.25803913849587,1.11329223541947,2,19,0,1
"MonocytesCells","NKCells","ICAM1","ITGAX","Adhesion by ICAM",2,10,FALSE,0,0,0,1,0,0,1.25803913849587,2.18245430847008,0.0484651097193053,0.814515602013356,0.0814148590221226,1.25803913849587,3.83720809237433,2,5,0,0,1.25803913849587,2.18245430847008,2,10,0,1,1.25803913849587,1.39638675976968,2,19,0,1
"MonocytesCells","NKCells","ICAM2","ITGAL","Adhesion by ICAM",10,1,FALSE,0,0,0,0,0,0,2.06352094124754,1.06455660186973,0.486382384798279,NA,0.0836575308620346,2.56872145910698,1.06455660186973,5,1,0,0,2.06352094124754,1.06455660186973,10,1,0,0,1.30539222508778,1.06455660186973,20,1,0,0
"MonocytesCells","NKCells","ICAM2","ITGB2","Adhesion by ICAM",10,10,FALSE,0,0,0,5,0,4,2.06352094124754,2.27223445094105,0.486382384798279,0.80473612409117,0.107471276802583,2.56872145910698,3.05786894994502,5,5,0,3,2.06352094124754,2.27223445094105,10,10,0,5,1.30539222508778,1.84288350112563,20,20,0,6
"MonocytesCells","NKCells","ICAM3","ITGB2","Adhesion by ICAM",2,10,FALSE,0,0,0,0,0,0,0.860050879346265,2.27223445094105,0.0484651097193053,0.80473612409117,0.0591189513885877,0.860050879346265,3.05786894994502,2,5,0,0,0.860050879346265,2.27223445094105,2,10,0,0,0.860050879346265,1.84288350112563,2,20,0,0
"MonocytesCells","NKCells","ICAM3","ITGAL","Adhesion by ICAM",2,1,FALSE,0,0,1,0,0,0,0.860050879346265,1.06455660186973,0.0484651097193053,NA,0.0525345483295265,0.860050879346265,1.06455660186973,2,1,0,1,0.860050879346265,1.06455660186973,2,1,0,1,0.860050879346265,1.06455660186973,2,1,0,1
"MonocytesCells","NKCells","ICAM4","ITGAL","Adhesion by ICAM",2,1,FALSE,0,0,1,0,0,0,1.14953063120619,1.06455660186973,0.0484651097193053,NA,0.0525345483295265,1.14953063120619,1.06455660186973,2,1,0,1,1.14953063120619,1.06455660186973,2,1,0,1,1.14953063120619,1.06455660186973,2,1,0,1
"MonocytesCells","NKCells","ICAM4","ITGB2","Adhesion by ICAM",2,10,FALSE,0,0,0,2,0,0,1.14953063120619,2.27223445094105,0.0484651097193053,0.80473612409117,0.0591189513885877,1.14953063120619,3.05786894994502,2,5,0,2,1.14953063120619,2.27223445094105,2,10,0,2,1.14953063120619,1.84288350112563,2,20,0,2
"MonocytesCells","NKCells","CCL28","CCR10","Signaling by Chemokines",10,2,FALSE,0,0,0,0,0,0,0.563799107727239,0.329550911991112,0.777911099138274,0.0412069570308631,0.100729139196153,0.70809277866038,0.329550911991112,5,2,0,0,0.563799107727239,0.329550911991112,10,2,0,0,0.563799107727239,0.329550911991112,10,2,0,0
"MonocytesCells","NKCells","PPBP","CXCR2","Signaling by Chemokines",6,6,FALSE,0,0,1,0,0,0,1.16445834007361,0.530172699694904,0.597344211236436,0.825725457332405,0.12393981783949,1.3949033148197,0.630482367094681,5,5,0,1,1.16445834007361,0.530172699694904,6,6,0,1,1.16445834007361,0.530172699694904,6,6,0,1
"MonocytesCells","NKCells","CXCL8","CXCR2","Signaling by Chemokines",10,6,FALSE,0,0,1,0,0,0,0.934260252862471,0.530172699694904,0.467397902425147,0.825725457332405,0.12393981783949,1.52000768290665,0.630482367094681,5,5,0,0,0.934260252862471,0.530172699694904,10,6,0,1,0.934260252862471,0.530172699694904,10,6,0,1
"MonocytesCells","NKCells","LIPA","RORA","Signaling by Cholesterol",3,10,FALSE,0,0,0,0,0,0,8.33404410871137,1.80415064863594,0.696873661117494,0.617737081945209,0.0768813470647428,8.33404410871137,3.01547852515458,3,5,0,0,8.33404410871137,1.80415064863594,3,10,0,0,8.33404410871137,1.64881374323933,3,13,0,0
"MonocytesCells","NKCells","SLC6A6","GABBR1","Signaling by GABA",10,10,FALSE,0,0,0,0,0,0,2.07700795002171,1.48990996165853,0.612191908520434,0.877341567680112,0.0928809443179723,2.86911879071383,1.8854804842921,5,5,0,0,2.07700795002171,1.48990996165853,10,10,0,0,1.32030254867453,1.05385102518427,20,20,0,1
"MonocytesCells","NKCells","IFNG","IFNGR1","Signaling by Interferon",10,10,FALSE,0,0,1,0,0,0,1.93287764198801,2.34308750260623,0.772672580034446,0.796752051027409,0.0968965321737047,3.28062544566767,3.20177124940418,5,5,0,0,1.93287764198801,2.34308750260623,10,10,0,1,1.29322772151467,1.87088134256635,20,14,0,1
"MonocytesCells","NKCells","IFNG","IFNGR2","Signaling by Interferon",10,10,FALSE,0,0,1,0,0,0,1.93287764198801,1.17574343935027,0.772672580034446,0.403957204396825,0.120271567780453,3.28062544566767,1.7274918603613,5,5,0,0,1.93287764198801,1.17574343935027,10,10,0,1,1.29322772151467,0.678539723319599,20,19,0,1
"MonocytesCells","NKCells","IL23A","IL12RB1","Signaling by Interleukin",1,10,FALSE,0,0,0,3,0,1,0.085150173514662,3.47862049584289,NA,0.707709693538641,0.101596107256233,0.085150173514662,5.33111348850953,1,5,0,1,0.085150173514662,3.47862049584289,1,10,0,3,0.085150173514662,2.09681317750891,1,20,0,4
"MonocytesCells","NKCells","IL15","IL15RA","Signaling by Interleukin",3,10,FALSE,0,0,0,0,0,0,0.153507773956832,2.36542045808321,0.0492877312404407,0.594572114567341,0.0967336352030352,0.153507773956832,3.62569369381481,3,5,0,0,0.153507773956832,2.36542045808321,3,10,0,0,0.153507773956832,1.84040043990516,3,20,0,0
"MonocytesCells","NKCells","IL15","IL2RB","Signaling by Interleukin",3,10,FALSE,0,0,0,1,0,0,0.153507773956832,4.35746319416959,0.0492877312404407,0.789939627235688,0.0709834667139349,0.153507773956832,5.38412001871798,3,5,0,1,0.153507773956832,4.35746319416959,3,10,0,1,0.153507773956832,2.46336629384604,3,20,0,1
"MonocytesCells","NKCells","IL18","IL18R1","Signaling by Interleukin",10,10,FALSE,0,0,2,2,0,1,1.12683538810749,3.25295471200008,0.738505794533232,0.7842042764389,0.134631522231878,1.33289732065275,6.2495246369099,5,5,0,2,1.12683538810749,3.25295471200008,10,10,0,4,1.12683538810749,2.01379787271626,10,20,0,6
"MonocytesCells","NKCells","IL18","IL18RAP","Signaling by Interleukin",10,10,FALSE,0,0,1,1,0,0,1.12683538810749,5.11963556535356,0.738505794533232,0.851077110229738,0.134631522231878,1.33289732065275,8.88040713466949,5,5,0,2,1.12683538810749,5.11963556535356,10,10,0,2,1.12683538810749,2.8173949655372,10,20,0,5
"MonocytesCells","NKCells","IL1B","IL1RAP","Signaling by Interleukin",10,10,FALSE,0,0,0,0,0,0,1.94181881050442,2.3494524505948,0.884275811585844,0.860285135491196,0.103950009017949,1.34435119181529,3.14194103512831,5,5,0,0,1.94181881050442,2.3494524505948,10,10,0,0,1.51251402671532,1.67297306278925,14,20,0,0
"MonocytesCells","NKCells","IL6","IL6R","Signaling by Interleukin",10,10,FALSE,0,0,1,0,1,0,1.68527179611285,1.48845396627786,0.500252542048758,0.762315954572978,0.117155372155777,2.44394538610214,1.85867948025539,5,5,0,0,1.68527179611285,1.48845396627786,10,10,0,1,1.4632242062322,1.58502257689395,20,20,0,1
"MonocytesCells","NKCells","IL6","IL6ST","Signaling by Interleukin",10,10,FALSE,0,0,0,0,0,0,1.68527179611285,3.29831681138373,0.500252542048758,0.376859040796416,0.115362060826201,2.44394538610214,4.59299928382759,5,5,0,0,1.68527179611285,3.29831681138373,10,10,0,0,1.4632242062322,1.81945810710177,20,20,0,1
"MonocytesCells","NKCells","CLEC2B","KLRF1","Signaling by Leptin",10,10,TRUE,29,5,0,3,0,0,1.86465615601394,1.05727136432656,0.722999069933513,0.752136449729296,1,3.08276441799288,1.77368117643057,5,5,1,1,1.86465615601394,1.05727136432656,10,10,5,3,1.1623123162804,0.879972223390378,20,20,14,6
"MonocytesCells","NKCells","AKR1C3","PTGDR","Signaling by Prostaglandin",10,10,FALSE,0,0,0,0,0,0,1.38935951432175,3.38765035375712,0.632526135390549,0.732476757194041,0.124916563535881,1.94196563332717,4.45584690457128,5,5,0,0,1.38935951432175,3.38765035375712,10,10,0,0,0.974361041805565,3.13148969643398,20,11,0,0
"MonocytesCells","NKCells","PTGES2","PTGER2","Signaling by Prostaglandin",8,10,FALSE,0,0,3,1,1,0,1.14548308216343,1.65254226771943,0.737721323297775,0.732476757194041,0.104179539753434,1.36591101453943,2.90192827169714,5,5,0,2,1.14548308216343,1.65254226771943,8,10,0,4,1.14548308216343,1.37539307230769,8,12,0,4
"MonocytesCells","NKCells","PTGES2","PTGER4","Signaling by Prostaglandin",8,9,FALSE,0,0,1,1,0,0,1.14548308216343,1.82536211639772,0.737721323297775,0.55748153440547,0.108629262770356,1.36591101453943,2.96288217292957,5,5,0,1,1.14548308216343,1.82536211639772,8,9,0,2,1.14548308216343,1.82536211639772,8,9,0,2
"MonocytesCells","NKCells","PTGES3","PTGER2","Signaling by Prostaglandin",3,10,FALSE,0,0,0,0,0,0,3.28299358344074,1.65254226771943,0.441525089855148,0.732476757194041,0.0575262139165696,3.28299358344074,2.90192827169714,3,5,0,0,3.28299358344074,1.65254226771943,3,10,0,0,3.28299358344074,1.37539307230769,3,12,0,0
"MonocytesCells","NKCells","PTGES3","PTGER4","Signaling by Prostaglandin",3,9,FALSE,0,0,1,0,0,0,3.28299358344074,1.82536211639772,0.441525089855148,0.55748153440547,0.105796747303674,3.28299358344074,2.96288217292957,3,5,0,1,3.28299358344074,1.82536211639772,3,9,0,1,3.28299358344074,1.82536211639772,3,9,0,1
"MonocytesCells","NKCells","SEMA4A","PLXND1","Signaling by Semaphorin",2,10,FALSE,0,0,0,0,0,0,0.696011816860958,4.70649816601273,0.0199480463933777,0.751340442519781,0.08881304361667,0.696011816860958,7.75925205264868,2,5,0,0,0.696011816860958,4.70649816601273,2,10,0,0,0.696011816860958,4.70649816601273,2,10,0,0
"MonocytesCells","NKCells","SEMA4C","PLXNB2","Signaling by Semaphorin",9,10,FALSE,0,0,0,0,0,0,0.418172850695646,0.541913332030593,0.884096061376814,0.622247172944682,0.133529829816563,0.708595947702597,1.028034245209,5,5,0,0,0.418172850695646,0.541913332030593,9,10,0,0,0.418172850695646,0.461194650591086,9,12,0,0
"MonocytesCells","NKCells","SEMA4D","CD72","Signaling by Semaphorin",10,3,FALSE,0,0,0,0,0,0,0.756478698082446,1.00780150533293,0.890071715715006,0.823004802359852,0.0838810306058807,1.07543439994977,1.00780150533293,5,3,0,0,0.756478698082446,1.00780150533293,10,3,0,0,0.726708496755251,1.00780150533293,20,3,0,0
"MonocytesCells","NKCells","SEMA4D","PLXNB2","Signaling by Semaphorin",10,10,FALSE,0,0,0,1,0,0,0.756478698082446,0.541913332030593,0.890071715715006,0.622247172944682,0.0922968820263797,1.07543439994977,1.028034245209,5,5,0,1,0.756478698082446,0.541913332030593,10,10,0,1,0.726708496755251,0.461194650591086,20,12,0,1
"MonocytesCells","NKCells","SEMA4D","PTPRC","Signaling by Semaphorin",10,10,FALSE,0,0,0,0,0,0,0.756478698082446,2.28041090549361,0.890071715715006,0.682244614236225,0.0852811956068813,1.07543439994977,3.20493478982299,5,5,0,0,0.756478698082446,2.28041090549361,10,10,0,0,0.726708496755251,1.47885662674229,20,20,0,0
"MonocytesCells","NKCells","WNT7A","FZD3","Signaling by WNT",10,10,FALSE,0,0,1,0,0,0,0.775897459533756,1.94027640544803,0.720598845775045,0.76065104866204,0.09489459323608,1.23410027957898,2.52024323623074,5,5,0,0,0.775897459533756,1.94027640544803,10,10,0,1,0.533061467067669,1.34139196963399,16,20,0,2
"MonocytesCells","NKCells","ITGAV","ADGRE2","Signaling by Integrin",10,10,FALSE,0,0,1,1,0,0,0.946659328012857,1.00535880481275,0.844705009822569,0.801014466009339,0.105859200166856,1.63944384346368,1.77475723040726,5,5,0,1,0.946659328012857,1.00535880481275,10,10,0,2,0.767562006908854,0.736316816211755,13,20,0,3
"MonocytesCells","NKCells","ITGB1","ADGRE2","Signaling by Integrin",10,10,FALSE,0,0,0,0,0,0,1.31771500148357,1.00535880481275,0.85901177398409,0.801014466009339,0.105243660667676,2.3920158883814,1.77475723040726,5,5,0,0,1.31771500148357,1.00535880481275,10,10,0,0,1.30541217058936,0.736316816211755,19,20,0,2
"MonocytesCells","NKCells","ITGAV","ADGRE5","Signaling by Integrin",10,8,FALSE,0,0,2,0,1,0,0.946659328012857,0.906687481720063,0.844705009822569,0.587680817585595,0.104686328943729,1.63944384346368,1.16479742439052,5,5,0,1,0.946659328012857,0.906687481720063,10,8,0,2,0.767562006908854,0.906687481720063,13,8,0,2
"MonocytesCells","NKCells","ITGB1","ADGRE5","Signaling by Integrin",10,8,FALSE,0,0,0,0,0,0,1.31771500148357,0.906687481720063,0.85901177398409,0.587680817585595,0.0935116068126148,2.3920158883814,1.16479742439052,5,5,0,0,1.31771500148357,0.906687481720063,10,8,0,0,1.30541217058936,0.906687481720063,19,8,0,1
"BCells","MonocytesCells","ICAM1","ITGAL","Adhesion by ICAM",2,1,FALSE,0,0,0,0,0,0,0.321593876520215,0.185809676652092,0.0489015256874604,NA,0.0553726442725718,0.321593876520215,0.185809676652092,2,1,0,0,0.321593876520215,0.185809676652092,2,1,0,0,0.321593876520215,0.185809676652092,2,1,0,0
"BCells","MonocytesCells","ICAM1","ITGB2","Adhesion by ICAM",2,10,FALSE,0,0,0,0,0,0,0.321593876520215,2.35470538003471,0.0489015256874604,0.798205582084004,0.0859928661286593,0.321593876520215,3.34288748946868,2,5,0,0,0.321593876520215,2.35470538003471,2,10,0,0,0.321593876520215,1.96482659332402,2,20,0,0
"BCells","MonocytesCells","ICAM1","ITGAM","Adhesion by ICAM",2,10,FALSE,0,0,0,0,0,0,0.321593876520215,2.36580746267425,0.0489015256874604,0.712138078184488,0.0796666380472789,0.321593876520215,3.71521769052187,2,5,0,0,0.321593876520215,2.36580746267425,2,10,0,0,0.321593876520215,1.46081050165233,2,19,0,0
"BCells","MonocytesCells","ICAM1","ITGAX","Adhesion by ICAM",2,10,FALSE,0,0,0,0,0,0,0.321593876520215,1.98025724699823,0.0489015256874604,0.868562882317167,0.0974675705382642,0.321593876520215,3.22222271725686,2,5,0,0,0.321593876520215,1.98025724699823,2,10,0,0,0.321593876520215,1.16984659867659,2,19,0,0
"BCells","MonocytesCells","ICAM2","ITGAL","Adhesion by ICAM",10,1,FALSE,0,0,0,0,0,0,2.07109202121694,0.185809676652092,0.705689956798829,NA,0.0894040006624063,2.66220824229661,0.185809676652092,5,1,0,0,2.07109202121694,0.185809676652092,10,1,0,0,1.49387637428603,0.185809676652092,20,1,0,0
"BCells","MonocytesCells","ICAM2","ITGB2","Adhesion by ICAM",10,10,FALSE,0,0,0,0,0,0,2.07109202121694,2.35470538003471,0.705689956798829,0.798205582084004,0.0881448813410204,2.66220824229661,3.34288748946868,5,5,0,0,2.07109202121694,2.35470538003471,10,10,0,0,1.49387637428603,1.96482659332402,20,20,0,1
"BCells","MonocytesCells","ICAM3","ITGB2","Adhesion by ICAM",2,10,FALSE,0,0,0,1,0,0,1.40672835558561,2.35470538003471,0.0489015256874604,0.798205582084004,0.0859928661286593,1.40672835558561,3.34288748946868,2,5,0,1,1.40672835558561,2.35470538003471,2,10,0,1,1.40672835558561,1.96482659332402,2,20,0,1
"BCells","MonocytesCells","ICAM3","ITGAL","Adhesion by ICAM",2,1,FALSE,0,0,0,0,0,0,1.40672835558561,0.185809676652092,0.0489015256874604,NA,0.0553726442725718,1.40672835558561,0.185809676652092,2,1,0,0,1.40672835558561,0.185809676652092,2,1,0,0,1.40672835558561,0.185809676652092,2,1,0,0
"BCells","MonocytesCells","ICAM4","ITGAL","Adhesion by ICAM",2,1,FALSE,0,0,0,0,0,0,0.600819185122169,0.185809676652092,0.0489015256874604,NA,0.0553726442725718,0.600819185122169,0.185809676652092,2,1,0,0,0.600819185122169,0.185809676652092,2,1,0,0,0.600819185122169,0.185809676652092,2,1,0,0
"BCells","MonocytesCells","ICAM4","ITGB2","Adhesion by ICAM",2,10,FALSE,0,0,0,0,0,0,0.600819185122169,2.35470538003471,0.0489015256874604,0.798205582084004,0.0859928661286593,0.600819185122169,3.34288748946868,2,5,0,0,0.600819185122169,2.35470538003471,2,10,0,0,0.600819185122169,1.96482659332402,2,20,0,1
"BCells","MonocytesCells","CCL28","CCR10","Signaling by Chemokines",10,2,FALSE,0,0,0,0,0,0,1.28393552385024,0.215081601576664,0.770168885522874,0.0386698016256604,0.113412303899422,1.90293422620864,0.215081601576664,5,2,0,0,1.28393552385024,0.215081601576664,10,2,0,0,1.28393552385024,0.215081601576664,10,2,0,0
"BCells","MonocytesCells","PPBP","CXCR2","Signaling by Chemokines",6,7,FALSE,0,0,0,1,0,0,1.09137357700388,1.19089388270265,0.569625824909853,0.883354879273995,0.142256381165404,1.30067467758435,1.58863695667306,5,5,0,0,1.09137357700388,1.19089388270265,6,7,0,1,1.09137357700388,1.19089388270265,6,7,0,1
"BCells","MonocytesCells","CXCL8","CXCR2","Signaling by Chemokines",10,7,FALSE,0,0,1,0,0,0,0.515835284951039,1.19089388270265,0.282441690135865,0.883354879273995,0.142256381165404,0.936071638654268,1.58863695667306,5,5,0,0,0.515835284951039,1.19089388270265,10,7,0,1,0.471429244119238,1.19089388270265,11,7,0,1
"BCells","MonocytesCells","LIPA","RORA","Signaling by Cholesterol",3,10,FALSE,0,0,0,0,0,0,0.694987786823986,1.3303209368553,0.689786551899639,0.699329668679044,0.0971683733771335,0.694987786823986,2.28628421455888,3,5,0,0,0.694987786823986,1.3303209368553,3,10,0,0,0.694987786823986,1.60265987089675,3,13,0,0
"BCells","MonocytesCells","SLC6A6","GABBR1","Signaling by GABA",10,10,FALSE,0,0,0,0,0,0,2.78056106831413,1.34039611012593,0.554287160606428,0.749709131100907,0.0985830181083591,2.61618983867008,2.15923640927959,5,5,0,0,2.78056106831413,1.34039611012593,10,10,0,0,1.55825607352934,1.00029896248492,20,20,0,2
"BCells","MonocytesCells","IFNG","IFNGR1","Signaling by Interferon",10,10,FALSE,0,0,0,0,0,0,1.1147466590089,1.4511568454723,0.736587392566325,0.780050086868516,0.105445424000486,2.02359649506787,2.39954875632736,5,5,0,0,1.1147466590089,1.4511568454723,10,10,0,0,0.841316027337219,1.48215924641912,20,14,0,1
"BCells","MonocytesCells","IFNG","IFNGR2","Signaling by Interferon",10,10,FALSE,0,0,0,0,0,0,1.1147466590089,4.50300049899066,0.736587392566325,0.741548356427537,0.115895946466431,2.02359649506787,8.12678918331414,5,5,0,0,1.1147466590089,4.50300049899066,10,10,0,0,0.841316027337219,2.76362279642445,20,18,0,1
"BCells","MonocytesCells","IL23A","IL12RB1","Signaling by Interleukin",1,10,FALSE,0,0,0,0,0,0,0.1317861279028,2.2490926886226,NA,0.48195955353306,0.0799786260893708,0.1317861279028,3.0692478847538,1,5,0,0,0.1317861279028,2.2490926886226,1,10,0,0,0.1317861279028,1.36854999660026,1,20,0,0
"BCells","MonocytesCells","IL15","IL15RA","Signaling by Interleukin",3,10,FALSE,0,0,0,2,0,1,1.02664801135154,2.35521135764867,0.0412908070710695,0.333221936051737,0.0784286249519057,1.02664801135154,3.24971223517754,3,5,0,1,1.02664801135154,2.35521135764867,3,10,0,2,1.02664801135154,1.47760210261325,3,20,0,2
"BCells","MonocytesCells","IL15","IL2RB","Signaling by Interleukin",3,10,FALSE,0,0,0,0,0,0,1.02664801135154,2.77896745268056,0.0412908070710695,0.483741476485965,0.0728596959645511,1.02664801135154,3.69152603486894,3,5,0,0,1.02664801135154,2.77896745268056,3,10,0,0,1.02664801135154,1.81454354398301,3,20,0,0
"BCells","MonocytesCells","IL18","IL18R1","Signaling by Interleukin",10,10,FALSE,0,0,0,2,0,0,2.27686669955498,2.09602283890315,0.755070577834408,0.782440725534695,0.113805285228002,3.1131590683983,2.76314471142817,5,5,0,1,2.27686669955498,2.09602283890315,10,10,0,2,2.27686669955498,1.60430048962509,10,20,0,4
"BCells","MonocytesCells","IL18","IL18RAP","Signaling by Interleukin",10,10,FALSE,0,0,0,1,0,0,2.27686669955498,1.5311988660071,0.755070577834408,0.886449761190021,0.132309642214294,3.1131590683983,1.86707062355945,5,5,0,0,2.27686669955498,1.5311988660071,10,10,0,1,2.27686669955498,1.03059314197464,10,20,0,3
"BCells","MonocytesCells","IL1B","IL1RAP","Signaling by Interleukin",10,10,FALSE,0,0,1,1,0,0,1.30164537721525,1.72878409251428,0.886856374453141,0.697992916569255,0.134569092049509,1.99010961522081,3.01794814868507,5,5,0,1,1.30164537721525,1.72878409251428,10,10,0,2,1.15718523899853,1.15791954955914,14,20,0,2
"BCells","MonocytesCells","IL6","IL6R","Signaling by Interleukin",10,10,FALSE,0,0,0,1,0,0,4.13745742898174,0.811827321825843,0.853601874987702,0.759821787328879,0.0907385844377643,5.65227471429961,1.11234156087898,5,5,0,0,4.13745742898174,0.811827321825843,10,10,0,1,2.48333291965958,0.61959673755397,20,20,0,2
"BCells","MonocytesCells","IL6","IL6ST","Signaling by Interleukin",10,10,FALSE,0,0,0,0,0,0,4.13745742898174,1.83865701010272,0.853601874987702,0.813677517725885,0.122496412898612,5.65227471429961,2.38865845320224,5,5,0,0,4.13745742898174,1.83865701010272,10,10,0,0,2.48333291965958,1.12605601969677,20,20,0,0
"BCells","MonocytesCells","CLEC2B","KLRF1","Signaling by Leptin",10,10,TRUE,28,2,0,1,0,1,1.91942375675987,1.45789295485957,0.885489079035366,0.733226644938205,1,2.90615301785074,2.45261480247519,5,5,0,0,1.91942375675987,1.45789295485957,10,10,2,1,1.27027893325338,0.988076739905914,20,20,14,3
"BCells","MonocytesCells","AKR1C3","PTGDR","Signaling by Prostaglandin",10,10,FALSE,0,0,0,1,0,0,2.45853533161958,2.12457528456376,0.573286787758621,0.726420556861447,0.131086752361281,2.62478686662991,2.20458928189237,5,5,0,1,2.45853533161958,2.12457528456376,10,10,0,1,1.40695428381288,1.94571638739,20,11,0,1
"BCells","MonocytesCells","PTGES2","PTGER2","Signaling by Prostaglandin",8,10,FALSE,0,0,0,0,0,0,1.13006143704752,1.79965070084678,0.743211403291509,0.692248606557657,0.113787921530073,1.10574453033578,2.59346048980231,5,5,0,0,1.13006143704752,1.79965070084678,8,10,0,0,1.13006143704752,1.56404145475567,8,12,0,0
"BCells","MonocytesCells","PTGES2","PTGER4","Signaling by Prostaglandin",8,7,FALSE,0,0,2,0,1,0,1.13006143704752,1.39703093931654,0.743211403291509,0.542692526354827,0.0808031211396209,1.10574453033578,1.77314644544715,5,5,0,0,1.13006143704752,1.39703093931654,8,7,0,2,1.13006143704752,1.39703093931654,8,7,0,2
"BCells","MonocytesCells","PTGES3","PTGER2","Signaling by Prostaglandin",3,10,FALSE,0,0,0,0,0,0,0.917872228380762,1.79965070084678,0.456038959827776,0.692248606557657,0.0562961805698519,0.917872228380762,2.59346048980231,3,5,0,0,0.917872228380762,1.79965070084678,3,10,0,0,0.917872228380762,1.56404145475567,3,12,0,0
"BCells","MonocytesCells","PTGES3","PTGER4","Signaling by Prostaglandin",3,7,FALSE,0,0,2,1,0,0,0.917872228380762,1.39703093931654,0.456038959827776,0.542692526354827,0.0945791071644818,0.917872228380762,1.77314644544715,3,5,0,2,0.917872228380762,1.39703093931654,3,7,0,3,0.917872228380762,1.39703093931654,3,7,0,3
"BCells","MonocytesCells","SEMA4A","PLXND1","Signaling by Semaphorin",2,10,FALSE,0,0,1,0,0,0,0.555130088346431,1.63563661850203,0.0162402496673106,0.782097511326889,0.0921310711717543,0.555130088346431,3.0640674931572,2,5,0,1,0.555130088346431,1.63563661850203,2,10,0,1,0.555130088346431,1.63563661850203,2,10,0,1
"BCells","MonocytesCells","SEMA4C","PLXNB2","Signaling by Semaphorin",9,10,FALSE,0,0,1,0,0,0,0.939464271168725,1.8942060039093,0.886612415530035,0.622973933421607,0.123644303949103,1.49599769232208,2.52152503099432,5,5,0,0,0.939464271168725,1.8942060039093,9,10,0,1,0.939464271168725,1.72500374493589,9,11,0,1
"BCells","MonocytesCells","SEMA4D","CD72","Signaling by Semaphorin",10,3,FALSE,0,0,0,1,0,0,2.93479262567865,0.0829257081069397,0.775711754055573,0.826441544312203,0.0946612116692794,3.80818924200802,0.0829257081069397,5,3,0,1,2.93479262567865,0.0829257081069397,10,3,0,1,2.61166900804937,0.0829257081069397,20,3,0,1
"BCells","MonocytesCells","SEMA4D","PLXNB2","Signaling by Semaphorin",10,10,FALSE,0,0,2,1,0,0,2.93479262567865,1.8942060039093,0.775711754055573,0.622973933421607,0.0999885263723767,3.80818924200802,2.52152503099432,5,5,0,2,2.93479262567865,1.8942060039093,10,10,0,3,2.61166900804937,1.72500374493589,20,11,0,3
"BCells","MonocytesCells","SEMA4D","PTPRC","Signaling by Semaphorin",10,10,FALSE,0,0,1,3,1,0,2.93479262567865,2.47542432173018,0.775711754055573,0.697850399098505,0.075548454191574,3.80818924200802,4.10274289461566,5,5,0,2,2.93479262567865,2.47542432173018,10,10,0,4,2.61166900804937,1.57662595597134,20,20,0,6
"BCells","MonocytesCells","WNT7A","FZD3","Signaling by WNT",10,10,FALSE,0,0,2,0,0,0,1.37406773972531,1.76958340635613,0.813390040488907,0.701526260615549,0.12238324345969,2.40649626234567,2.86703881955495,5,5,0,1,1.37406773972531,1.76958340635613,10,10,0,2,1.09462195963156,1.19849023346819,16,20,0,4
"BCells","MonocytesCells","ITGAV","ADGRE2","Signaling by Integrin",10,10,FALSE,0,0,0,0,0,0,1.40154520362602,4.76635596798522,0.846956299787927,0.799438946607937,0.0804510416160551,2.50883201212808,9.31882088538239,5,5,0,0,1.40154520362602,4.76635596798522,10,10,0,0,1.10500681017068,3.18832788236946,13,20,0,1
"BCells","MonocytesCells","ITGB1","ADGRE2","Signaling by Integrin",10,10,FALSE,0,0,1,0,0,0,1.18363013266887,4.76635596798522,0.890334341380968,0.799438946607937,0.0855983023014569,1.18314307455605,9.31882088538239,5,5,0,1,1.18363013266887,4.76635596798522,10,10,0,1,1.02165648224899,3.18832788236946,19,20,0,1
"BCells","MonocytesCells","ITGAV","ADGRE5","Signaling by Integrin",10,8,FALSE,0,0,0,1,0,1,1.40154520362602,1.39936694988879,0.846956299787927,0.590615068608251,0.110671187733766,2.50883201212808,2.08300898870134,5,5,0,1,1.40154520362602,1.39936694988879,10,8,0,1,1.10500681017068,1.39936694988879,13,8,0,1
"BCells","MonocytesCells","ITGB1","ADGRE5","Signaling by Integrin",10,8,FALSE,0,0,0,2,0,0,1.18363013266887,1.39936694988879,0.890334341380968,0.590615068608251,0.0970587114155657,1.18314307455605,2.08300898870134,5,5,0,2,1.18363013266887,1.39936694988879,10,8,0,2,1.02165648224899,1.39936694988879,19,8,0,4
"CD4Cells","MonocytesCells","ICAM1","ITGAL","Adhesion by ICAM",2,1,FALSE,0,0,0,1,0,1,1.70572504023603,0.0257699748779839,0.0557842964232885,NA,0.0548973637914027,1.70572504023603,0.0257699748779839,2,1,0,1,1.70572504023603,0.0257699748779839,2,1,0,1,1.70572504023603,0.0257699748779839,2,1,0,1
"CD4Cells","MonocytesCells","ICAM1","ITGB2","Adhesion by ICAM",2,10,FALSE,0,0,0,0,0,0,1.70572504023603,2.54385787642955,0.0557842964232885,0.793851896931886,0.0797527697321724,1.70572504023603,3.85385576137102,2,5,0,0,1.70572504023603,2.54385787642955,2,10,0,0,1.70572504023603,1.93338459065264,2,20,0,0
"CD4Cells","MonocytesCells","ICAM1","ITGAM","Adhesion by ICAM",2,10,FALSE,0,0,0,0,0,0,1.70572504023603,1.86221735469113,0.0557842964232885,0.711390464192298,0.0783499002635208,1.70572504023603,2.92792507349129,2,5,0,0,1.70572504023603,1.86221735469113,2,10,0,0,1.70572504023603,1.19052228203576,2,19,0,1
"CD4Cells","MonocytesCells","ICAM1","ITGAX","Adhesion by ICAM",2,10,FALSE,0,0,1,1,0,0,1.70572504023603,1.53164297928695,0.0557842964232885,0.770266122328994,0.0783499002635208,1.70572504023603,2.5512399909346,2,5,0,1,1.70572504023603,1.53164297928695,2,10,0,2,1.70572504023603,0.967163412888458,2,19,0,2
"CD4Cells","MonocytesCells","ICAM2","ITGAL","Adhesion by ICAM",10,1,FALSE,0,0,0,0,0,0,2.9775148861748,0.0257699748779839,0.709285112524421,NA,0.0770012883829311,4.45290964583993,0.0257699748779839,5,1,0,0,2.9775148861748,0.0257699748779839,10,1,0,0,2.37801424615822,0.0257699748779839,20,1,0,0
"CD4Cells","MonocytesCells","ICAM2","ITGB2","Adhesion by ICAM",10,10,FALSE,0,0,0,0,0,0,2.9775148861748,2.54385787642955,0.709285112524421,0.793851896931886,0.120601567196276,4.45290964583993,3.85385576137102,5,5,0,0,2.9775148861748,2.54385787642955,10,10,0,0,2.37801424615822,1.93338459065264,20,20,0,3
"CD4Cells","MonocytesCells","ICAM3","ITGB2","Adhesion by ICAM",2,10,FALSE,0,0,0,0,0,0,1.31666781709913,2.54385787642955,0.0557842964232885,0.793851896931886,0.0797527697321724,1.31666781709913,3.85385576137102,2,5,0,0,1.31666781709913,2.54385787642955,2,10,0,0,1.31666781709913,1.93338459065264,2,20,0,1
"CD4Cells","MonocytesCells","ICAM3","ITGAL","Adhesion by ICAM",2,1,FALSE,0,0,0,0,0,0,1.31666781709913,0.0257699748779839,0.0557842964232885,NA,0.0548973637914027,1.31666781709913,0.0257699748779839,2,1,0,0,1.31666781709913,0.0257699748779839,2,1,0,0,1.31666781709913,0.0257699748779839,2,1,0,0
"CD4Cells","MonocytesCells","ICAM4","ITGAL","Adhesion by ICAM",2,1,FALSE,0,0,0,0,0,0,0.340696283303038,0.0257699748779839,0.0557842964232885,NA,0.0548973637914027,0.340696283303038,0.0257699748779839,2,1,0,0,0.340696283303038,0.0257699748779839,2,1,0,0,0.340696283303038,0.0257699748779839,2,1,0,0
"CD4Cells","MonocytesCells","ICAM4","ITGB2","Adhesion by ICAM",2,10,FALSE,0,0,0,0,0,0,0.340696283303038,2.54385787642955,0.0557842964232885,0.793851896931886,0.0797527697321724,0.340696283303038,3.85385576137102,2,5,0,0,0.340696283303038,2.54385787642955,2,10,0,0,0.340696283303038,1.93338459065264,2,20,0,1
"CD4Cells","MonocytesCells","CCL28","CCR10","Signaling by Chemokines",10,2,FALSE,0,0,0,1,0,0,2.98507331972659,0.306707376237189,0.775406222857698,0.0222081924365618,0.102507371492795,3.96180916869614,0.306707376237189,5,2,0,1,2.98507331972659,0.306707376237189,10,2,0,1,2.73538054951682,0.306707376237189,11,2,0,1
"CD4Cells","MonocytesCells","PPBP","CXCR2","Signaling by Chemokines",6,7,FALSE,0,0,0,1,0,0,1.27578032048307,1.08153010080927,0.597637410932069,0.877928531875916,0.127103985394369,1.53273281831987,1.45720243110091,5,5,0,1,1.27578032048307,1.08153010080927,6,7,0,1,1.27578032048307,1.08153010080927,6,7,0,1
"CD4Cells","MonocytesCells","CXCL8","CXCR2","Signaling by Chemokines",10,7,FALSE,0,0,1,0,0,0,0.777484323186559,1.08153010080927,0.362105087455887,0.877928531875916,0.127103985394369,1.32269053764314,1.45720243110091,5,5,0,0,0.777484323186559,1.08153010080927,10,7,0,1,0.706645765932309,1.08153010080927,11,7,0,1
"CD4Cells","MonocytesCells","LIPA","RORA","Signaling by Cholesterol",3,10,FALSE,0,0,0,0,0,0,0.278693881797957,1.11452036973372,0.688808214616704,0.716141208143349,0.0777873534745736,0.278693881797957,1.70825673262443,3,5,0,0,0.278693881797957,1.11452036973372,3,10,0,0,0.278693881797957,1.3388641798426,3,13,0,0
"CD4Cells","MonocytesCells","SLC6A6","GABBR1","Signaling by GABA",10,10,FALSE,0,0,1,0,0,0,1.90430430084819,1.37780893372094,0.674752307742798,0.887458690109788,0.10024878013784,1.6656832062982,2.04946073712584,5,5,0,1,1.90430430084819,1.37780893372094,10,10,0,1,1.37097926606853,1.21215602875491,20,20,0,4
"CD4Cells","MonocytesCells","IFNG","IFNGR1","Signaling by Interferon",10,10,FALSE,0,0,0,0,0,0,1.3299165472019,1.58170830843372,0.543275696152042,0.786149633601193,0.137352586855512,2.09092199868619,2.68079023716906,5,5,0,0,1.3299165472019,1.58170830843372,10,10,0,0,0.842690889464577,1.51091018955665,20,14,0,1
"CD4Cells","MonocytesCells","IFNG","IFNGR2","Signaling by Interferon",10,10,FALSE,0,0,1,0,0,0,1.3299165472019,4.29484656095203,0.543275696152042,0.735609089046131,0.125124977249341,2.09092199868619,8.00031762305021,5,5,0,0,1.3299165472019,4.29484656095203,10,10,0,1,0.842690889464577,2.84702158146452,20,17,0,2
"CD4Cells","MonocytesCells","IL23A","IL12RB1","Signaling by Interleukin",1,10,FALSE,0,0,0,0,0,0,0.311907635719226,2.43119566915789,NA,0.841767844949271,0.0576330075503106,0.311907635719226,3.81151422753964,1,5,0,0,0.311907635719226,2.43119566915789,1,10,0,0,0.311907635719226,1.50213614605548,1,20,0,0
"CD4Cells","MonocytesCells","IL15","IL15RA","Signaling by Interleukin",2,10,FALSE,0,0,0,1,0,1,3.07515205634465,3.11213351405072,0.0331193683843771,0.270649520314128,0.066408685360852,3.07515205634465,4.23588835284615,2,5,0,1,3.07515205634465,3.11213351405072,2,10,0,1,3.07515205634465,1.79686890914948,2,20,0,1
"CD4Cells","MonocytesCells","IL15","IL2RB","Signaling by Interleukin",2,10,FALSE,0,0,0,1,0,0,3.07515205634465,2.45423783497222,0.0331193683843771,0.483735390752681,0.0633206026137481,3.07515205634465,3.74890295896545,2,5,0,0,3.07515205634465,2.45423783497222,2,10,0,1,3.07515205634465,1.66348132822951,2,20,0,1
"CD4Cells","MonocytesCells","IL18","IL18R1","Signaling by Interleukin",10,10,FALSE,0,0,1,0,0,0,1.07144125575415,1.71526259725175,0.744628229781866,0.778200468075979,0.115060773180736,1.35100651972131,2.0320906122238,5,5,0,0,1.07144125575415,1.71526259725175,10,10,0,1,1.07144125575415,1.31737546282067,10,20,0,1
"CD4Cells","MonocytesCells","IL18","IL18RAP","Signaling by Interleukin",10,10,FALSE,0,0,0,0,0,0,1.07144125575415,1.00967185949509,0.744628229781866,0.891379911845665,0.0999530734624783,1.35100651972131,1.91199999665385,5,5,0,0,1.07144125575415,1.00967185949509,10,10,0,0,1.07144125575415,0.869225858825374,10,20,0,0
"CD4Cells","MonocytesCells","IL1B","IL1RAP","Signaling by Interleukin",10,10,FALSE,0,0,0,0,0,0,0.705640737699069,1.99228846562023,0.870766904848454,0.693548668666946,0.128135319063049,1.02117700948616,3.2023473399357,5,5,0,0,0.705640737699069,1.99228846562023,10,10,0,0,0.589631558833049,1.31218802782841,14,20,0,1
"CD4Cells","MonocytesCells","IL6","IL6R","Signaling by Interleukin",10,10,FALSE,0,0,0,2,0,0,1.6964568298285,0.636715674864219,0.856995142325217,0.754570999888769,0.118347120678674,2.7998623139987,0.908890733547767,5,5,0,0,1.6964568298285,0.636715674864219,10,10,0,2,1.04191223821136,0.395129487648979,20,20,0,3
"CD4Cells","MonocytesCells","IL6","IL6ST","Signaling by Interleukin",10,10,FALSE,0,0,0,0,0,0,1.6964568298285,1.82689517678883,0.856995142325217,0.813401784504528,0.109245471820981,2.7998623139987,2.95013091043515,5,5,0,0,1.6964568298285,1.82689517678883,10,10,0,0,1.04191223821136,1.17378030922731,20,20,0,0
"CD4Cells","MonocytesCells","CLEC2B","KLRF1","Signaling by Leptin",10,10,TRUE,28,2,0,1,0,0,1.57976812869479,1.57583899486017,0.730360312421679,0.589030982234318,1,2.10381904146403,2.66515671720599,5,5,0,0,1.57976812869479,1.57583899486017,10,10,2,1,1.06154451492791,1.09472658964098,20,20,13,1
"CD4Cells","MonocytesCells","AKR1C3","PTGDR","Signaling by Prostaglandin",10,10,FALSE,0,0,0,0,0,0,2.54019416231907,1.95504549343423,0.823823833235249,0.734350040914643,0.114560016004,4.64755014082472,2.1503135875732,5,5,0,0,2.54019416231907,1.95504549343423,10,10,0,0,1.68499780977769,1.78755374727453,20,11,0,0
"CD4Cells","MonocytesCells","PTGES2","PTGER2","Signaling by Prostaglandin",8,10,FALSE,0,0,0,0,0,0,0.864859783622009,1.8200640771037,0.732938031130922,0.688857207827161,0.108623176259393,1.31871295738861,2.53214263361565,5,5,0,0,0.864859783622009,1.8200640771037,8,10,0,0,0.864859783622009,1.53409567708945,8,12,0,1
"CD4Cells","MonocytesCells","PTGES2","PTGER4","Signaling by Prostaglandin",8,7,FALSE,0,0,1,1,1,0,0.864859783622009,1.32370598702248,0.732938031130922,0.531176750698095,0.100321474400169,1.31871295738861,1.78434300771772,5,5,0,2,0.864859783622009,1.32370598702248,8,7,0,2,0.864859783622009,1.32370598702248,8,7,0,2
"CD4Cells","MonocytesCells","PTGES3","PTGER2","Signaling by Prostaglandin",3,10,FALSE,0,0,0,0,0,0,0.149793477627988,1.8200640771037,0.448044653709567,0.688857207827161,0.0549228527736574,0.149793477627988,2.53214263361565,3,5,0,0,0.149793477627988,1.8200640771037,3,10,0,0,0.149793477627988,1.53409567708945,3,12,0,0
"CD4Cells","MonocytesCells","PTGES3","PTGER4","Signaling by Prostaglandin",3,7,FALSE,0,0,2,0,1,0,0.149793477627988,1.32370598702248,0.448044653709567,0.531176750698095,0.0937038958424483,0.149793477627988,1.78434300771772,3,5,0,2,0.149793477627988,1.32370598702248,3,7,0,2,0.149793477627988,1.32370598702248,3,7,0,2
"CD4Cells","MonocytesCells","SEMA4A","PLXND1","Signaling by Semaphorin",2,10,FALSE,0,0,1,0,1,0,0.88620989912801,1.68092079120266,0.00666154802369345,0.78058133624101,0.099454398917457,0.88620989912801,3.18066761565246,2,5,0,1,0.88620989912801,1.68092079120266,2,10,0,1,0.88620989912801,1.68092079120266,2,10,0,1
"CD4Cells","MonocytesCells","SEMA4C","PLXNB2","Signaling by Semaphorin",9,10,FALSE,0,0,1,0,0,0,1.40475040942353,1.664950924675,0.882740811219784,0.621629921503865,0.133052563286554,1.85839151165972,2.45635985302298,5,5,0,1,1.40475040942353,1.664950924675,9,10,0,1,1.40475040942353,1.52233249199638,9,11,0,1
"CD4Cells","MonocytesCells","SEMA4D","CD72","Signaling by Semaphorin",10,3,FALSE,0,0,0,0,0,0,5.98676193573,0.00975979865581314,0.88924787027137,0.829082384421349,0.109919070110233,8.48226106056634,0.00975979865581314,5,3,0,0,5.98676193573,0.00975979865581314,10,3,0,0,3.21938105605963,0.00975979865581314,20,3,0,0
"CD4Cells","MonocytesCells","SEMA4D","PLXNB2","Signaling by Semaphorin",10,10,FALSE,0,0,2,3,0,0,5.98676193573,1.664950924675,0.88924787027137,0.621629921503865,0.0731795491969457,8.48226106056634,2.45635985302298,5,5,0,4,5.98676193573,1.664950924675,10,10,0,5,3.21938105605963,1.52233249199638,20,11,0,6
"CD4Cells","MonocytesCells","SEMA4D","PTPRC","Signaling by Semaphorin",10,10,FALSE,0,0,2,0,0,0,5.98676193573,2.23818079331978,0.88924787027137,0.66659493464041,0.0901332817290747,8.48226106056634,4.10170567347492,5,5,0,2,5.98676193573,2.23818079331978,10,10,0,2,3.21938105605963,1.46345710997096,20,20,0,3
"CD4Cells","MonocytesCells","TBXAS1","TBXA2R","Signaling by Thromboxane",1,1,FALSE,0,0,0,0,0,0,0.0716121058490438,0.113173891578587,NA,NA,0.00373578521008319,0.0716121058490438,0.113173891578587,1,1,0,0,0.0716121058490438,0.113173891578587,1,1,0,0,0.0716121058490438,0.113173891578587,1,1,0,0
"CD4Cells","MonocytesCells","WNT7A","FZD3","Signaling by WNT",10,10,FALSE,0,0,5,1,0,0,1.74191591004738,2.5321087320568,0.89401771197552,0.574942881783997,0.102070575598845,3.21649140486869,3.69439277824808,5,5,0,4,1.74191591004738,2.5321087320568,10,10,0,6,1.28647381450043,1.78289026796977,16,20,0,6
"CD4Cells","MonocytesCells","ITGAV","ADGRE2","Signaling by Integrin",10,10,FALSE,0,0,1,0,0,0,0.990399605926059,4.72323845525652,0.871573771911895,0.801224926388,0.0956927345593865,1.43865378423288,9.21064764355353,5,5,0,1,0.990399605926059,4.72323845525652,10,10,0,1,1.21313488744468,3.26149531374512,13,20,0,1
"CD4Cells","MonocytesCells","ITGB1","ADGRE2","Signaling by Integrin",10,10,FALSE,0,0,0,0,0,0,1.64723339281538,4.72323845525652,0.881624039342207,0.801224926388,0.101030553192653,1.68795285154787,9.21064764355353,5,5,0,0,1.64723339281538,4.72323845525652,10,10,0,0,1.44777016360879,3.26149531374512,18,20,0,0
"CD4Cells","MonocytesCells","ITGAV","ADGRE5","Signaling by Integrin",10,8,FALSE,0,0,0,0,0,0,0.990399605926059,1.00124851210285,0.871573771911895,0.58760484196451,0.0990732753356886,1.43865378423288,1.56623973929198,5,5,0,0,0.990399605926059,1.00124851210285,10,8,0,0,1.21313488744468,1.00124851210285,13,8,0,0
"CD4Cells","MonocytesCells","ITGB1","ADGRE5","Signaling by Integrin",10,8,FALSE,0,0,1,0,0,0,1.64723339281538,1.00124851210285,0.881624039342207,0.58760484196451,0.0902401225230909,1.68795285154787,1.56623973929198,5,5,0,0,1.64723339281538,1.00124851210285,10,8,0,1,1.44777016360879,1.00124851210285,18,8,0,1
"CD8Cells","MonocytesCells","ICAM1","ITGAL","Adhesion by ICAM",2,1,FALSE,0,0,0,0,0,0,0.211549526467627,0.614809201062674,0.0541757711360299,NA,0.0507019893074637,0.211549526467627,0.614809201062674,2,1,0,0,0.211549526467627,0.614809201062674,2,1,0,0,0.211549526467627,0.614809201062674,2,1,0,0
"CD8Cells","MonocytesCells","ICAM1","ITGB2","Adhesion by ICAM",2,10,FALSE,0,0,0,0,0,0,0.211549526467627,2.2990404489169,0.0541757711360299,0.803952396793174,0.0792833436073988,0.211549526467627,3.22365363301692,2,5,0,0,0.211549526467627,2.2990404489169,2,10,0,0,0.211549526467627,1.7653555172163,2,20,0,1
"CD8Cells","MonocytesCells","ICAM1","ITGAM","Adhesion by ICAM",2,10,FALSE,0,0,1,0,0,0,0.211549526467627,1.61103898168051,0.0541757711360299,0.703804666156447,0.0824834075403864,0.211549526467627,2.60619910321607,2,5,0,1,0.211549526467627,1.61103898168051,2,10,0,1,0.211549526467627,0.97472798000886,2,20,0,1
"CD8Cells","MonocytesCells","ICAM1","ITGAX","Adhesion by ICAM",2,10,FALSE,0,0,0,0,0,0,0.211549526467627,1.45383989483265,0.0541757711360299,0.762954090164531,0.0824834075403864,0.211549526467627,1.92431713898445,2,5,0,0,0.211549526467627,1.45383989483265,2,10,0,0,0.211549526467627,0.853858496863179,2,20,0,0
"CD8Cells","MonocytesCells","ICAM2","ITGAL","Adhesion by ICAM",10,1,FALSE,0,0,1,0,0,0,3.74533656807887,0.614809201062674,0.82827331518968,NA,0.0813017149299733,5.04745780311205,0.614809201062674,5,1,0,0,3.74533656807887,0.614809201062674,10,1,0,1,2.47386144414341,0.614809201062674,20,1,0,1
"CD8Cells","MonocytesCells","ICAM2","ITGB2","Adhesion by ICAM",10,10,FALSE,0,0,0,2,0,0,3.74533656807887,2.2990404489169,0.82827331518968,0.803952396793174,0.114934663843278,5.04745780311205,3.22365363301692,5,5,0,1,3.74533656807887,2.2990404489169,10,10,0,2,2.47386144414341,1.7653555172163,20,20,0,6
"CD8Cells","MonocytesCells","ICAM3","ITGB2","Adhesion by ICAM",2,10,FALSE,0,0,0,3,0,0,0.0487000866056707,2.2990404489169,0.0541757711360299,0.803952396793174,0.0792833436073988,0.0487000866056707,3.22365363301692,2,5,0,2,0.0487000866056707,2.2990404489169,2,10,0,3,0.0487000866056707,1.7653555172163,2,20,0,3
"CD8Cells","MonocytesCells","ICAM3","ITGAL","Adhesion by ICAM",2,1,FALSE,0,0,0,0,0,0,0.0487000866056707,0.614809201062674,0.0541757711360299,NA,0.0507019893074637,0.0487000866056707,0.614809201062674,2,1,0,0,0.0487000866056707,0.614809201062674,2,1,0,0,0.0487000866056707,0.614809201062674,2,1,0,0
"CD8Cells","MonocytesCells","ICAM4","ITGAL","Adhesion by ICAM",2,1,FALSE,0,0,0,0,0,0,0.0888941162089586,0.614809201062674,0.0541757711360299,NA,0.0507019893074637,0.0888941162089586,0.614809201062674,2,1,0,0,0.0888941162089586,0.614809201062674,2,1,0,0,0.0888941162089586,0.614809201062674,2,1,0,0
"CD8Cells","MonocytesCells","ICAM4","ITGB2","Adhesion by ICAM",2,10,FALSE,0,0,0,0,0,0,0.0888941162089586,2.2990404489169,0.0541757711360299,0.803952396793174,0.0792833436073988,0.0888941162089586,3.22365363301692,2,5,0,0,0.0888941162089586,2.2990404489169,2,10,0,0,0.0888941162089586,1.7653555172163,2,20,0,0
"CD8Cells","MonocytesCells","CCL28","CCR10","Signaling by Chemokines",10,2,FALSE,0,0,0,0,0,0,0.816868482195418,0.296047413595129,0.77777787619092,0.0209464703624178,0.114724102901895,1.27683034434694,0.296047413595129,5,2,0,0,0.816868482195418,0.296047413595129,10,2,0,0,0.783949026617491,0.296047413595129,11,2,0,0
"CD8Cells","MonocytesCells","PPBP","CXCR2","Signaling by Chemokines",6,9,FALSE,0,0,0,0,0,0,1.67459314616308,1.01860066203851,0.524234979476656,0.88446091275702,0.131426981395264,2.00499543459737,1.77886819131463,5,5,0,0,1.67459314616308,1.01860066203851,6,9,0,0,1.67459314616308,1.01860066203851,6,9,0,0
"CD8Cells","MonocytesCells","CXCL8","CXCR2","Signaling by Chemokines",10,9,FALSE,0,0,0,2,0,1,0.888796449363663,1.01860066203851,0.360563741160046,0.88446091275702,0.131426981395264,1.55965634060522,1.77886819131463,5,5,0,1,0.888796449363663,1.01860066203851,10,9,0,2,0.808962666881263,1.01860066203851,11,9,0,2
"CD8Cells","MonocytesCells","LIPA","RORA","Signaling by Cholesterol",3,10,FALSE,0,0,0,0,0,0,1.33030087458515,1.41550441332336,0.671111232970953,0.622542419047321,0.0935401750153257,1.33030087458515,1.78034788662094,3,5,0,0,1.33030087458515,1.41550441332336,3,10,0,0,1.33030087458515,1.32166098793915,3,13,0,0
"CD8Cells","MonocytesCells","SLC6A6","GABBR1","Signaling by GABA",10,10,FALSE,0,0,1,1,0,0,1.81801544421945,1.64888963286165,0.570435732961764,0.75641249777922,0.102670388753858,2.38374134031295,1.90590992378716,5,5,0,0,1.81801544421945,1.64888963286165,10,10,0,2,1.04144029153508,1.01306269110394,20,20,0,3
"CD8Cells","MonocytesCells","IFNG","IFNGR1","Signaling by Interferon",10,10,FALSE,0,0,1,0,0,0,1.40063612494975,1.57768200441885,0.548631640552986,0.776187359150707,0.143984000094409,2.49148116029625,2.39454198692422,5,5,0,0,1.40063612494975,1.57768200441885,10,10,0,1,0.93279705615936,1.51147150714662,20,14,0,2
"CD8Cells","MonocytesCells","IFNG","IFNGR2","Signaling by Interferon",10,10,FALSE,0,0,0,0,0,0,1.40063612494975,4.60393247113567,0.548631640552986,0.733301615935727,0.100545531998343,2.49148116029625,8.11723881926906,5,5,0,0,1.40063612494975,4.60393247113567,10,10,0,0,0.93279705615936,2.82403528648792,20,18,0,2
"CD8Cells","MonocytesCells","IL23A","IL12RB1","Signaling by Interleukin",1,10,FALSE,0,0,0,0,0,0,0.0894276830648657,2.24972382801373,NA,0.839023232299086,0.0648567695190176,0.0894276830648657,3.97594194644022,1,5,0,0,0.0894276830648657,2.24972382801373,1,10,0,0,0.0894276830648657,1.419696562503,1,20,0,1
"CD8Cells","MonocytesCells","IL15","IL15RA","Signaling by Interleukin",4,10,FALSE,0,0,0,0,0,0,1.39709614075934,3.04735352709375,0.0630136748272231,0.277673955627391,0.0652719390826966,1.39709614075934,4.08646709060435,4,5,0,0,1.39709614075934,3.04735352709375,4,10,0,0,1.39709614075934,1.72446315370962,4,20,0,0
"CD8Cells","MonocytesCells","IL15","IL2RB","Signaling by Interleukin",4,10,FALSE,0,0,0,0,0,0,1.39709614075934,2.39782931095081,0.0630136748272231,0.476577636967368,0.0797998123058385,1.39709614075934,3.91765183087823,4,5,0,0,1.39709614075934,2.39782931095081,4,10,0,0,1.39709614075934,1.62250325921601,4,20,0,0
"CD8Cells","MonocytesCells","IL18","IL18R1","Signaling by Interleukin",10,10,FALSE,0,0,1,0,0,0,1.70918357444518,1.29327031697349,0.74283332425067,0.889645655988005,0.122672630946348,3.24589260285113,2.16992598084999,5,5,0,0,1.70918357444518,1.29327031697349,10,10,0,1,1.70918357444518,1.43548014374243,10,20,0,1
"CD8Cells","MonocytesCells","IL18","IL18RAP","Signaling by Interleukin",10,10,FALSE,0,0,0,0,0,0,1.70918357444518,1.01200573240919,0.74283332425067,0.889645655988005,0.0918086552293803,3.24589260285113,1.51715829178406,5,5,0,0,1.70918357444518,1.01200573240919,10,10,0,0,1.70918357444518,0.798516527087884,10,20,0,0
"CD8Cells","MonocytesCells","IL1B","IL1RAP","Signaling by Interleukin",10,10,FALSE,0,0,3,0,1,0,1.31729131908683,2.45030090898289,0.876899304316501,0.691888286780873,0.125028759694404,2.11426453979327,3.0933837978662,5,5,0,1,1.31729131908683,2.45030090898289,10,10,0,3,1.4218858622525,1.44472605520167,14,20,0,3
"CD8Cells","MonocytesCells","IL6","IL6R","Signaling by Interleukin",10,10,FALSE,0,0,0,0,0,0,1.65843302082779,0.650088718850643,0.843539848038146,0.766172894325428,0.100501421246032,3.05846278237882,1.04332163013675,5,5,0,0,1.65843302082779,0.650088718850643,10,10,0,0,1.28567825834416,0.644049154229147,20,20,0,0
"CD8Cells","MonocytesCells","IL6","IL6ST","Signaling by Interleukin",10,10,FALSE,0,0,0,0,0,0,1.65843302082779,1.98534017914812,0.843539848038146,0.825313941058109,0.140724874236357,3.05846278237882,2.2888524770131,5,5,0,0,1.65843302082779,1.98534017914812,10,10,0,0,1.28567825834416,1.24446243815437,20,20,0,0
"CD8Cells","MonocytesCells","CLEC2B","KLRF1","Signaling by Leptin",10,10,TRUE,29,3,0,0,0,0,1.91704220089585,1.35260183870496,0.689856989127658,0.718365544847667,1,2.94640655456756,2.21893345845036,5,5,2,0,1.91704220089585,1.35260183870496,10,10,3,0,1.41486923606864,0.975126671649708,20,20,13,0
"CD8Cells","MonocytesCells","AKR1C3","PTGDR","Signaling by Prostaglandin",10,10,FALSE,0,0,0,1,0,0,2.37201851279896,1.92939418088532,0.630955273295243,0.702578028390263,0.126468377737487,3.91465923640777,2.31922348852526,5,5,0,1,2.37201851279896,1.92939418088532,10,10,0,1,1.46643776296332,1.94683825590398,20,11,0,1
"CD8Cells","MonocytesCells","PTGES2","PTGER2","Signaling by Prostaglandin",8,10,FALSE,0,0,0,2,0,0,0.832239852898319,1.74262061046319,0.734129297778229,0.728945274762237,0.112470896902029,1.19075979800749,2.37201030472635,5,5,0,2,0.832239852898319,1.74262061046319,8,10,0,2,0.832239852898319,1.50956936114541,8,12,0,2
"CD8Cells","MonocytesCells","PTGES2","PTGER4","Signaling by Prostaglandin",8,7,FALSE,0,0,1,0,1,0,0.832239852898319,1.48692215818004,0.734129297778229,0.535946950517469,0.0794546634659149,1.19075979800749,2.04550690583086,5,5,0,0,0.832239852898319,1.48692215818004,8,7,0,1,0.832239852898319,1.48692215818004,8,7,0,1
"CD8Cells","MonocytesCells","PTGES3","PTGER2","Signaling by Prostaglandin",3,10,FALSE,0,0,0,0,0,0,0.0323292127476989,1.74262061046319,0.442392862331724,0.728945274762237,0.0543668893960669,0.0323292127476989,2.37201030472635,3,5,0,0,0.0323292127476989,1.74262061046319,3,10,0,0,0.0323292127476989,1.50956936114541,3,12,0,0
"CD8Cells","MonocytesCells","PTGES3","PTGER4","Signaling by Prostaglandin",3,7,FALSE,0,0,2,1,1,0,0.0323292127476989,1.48692215818004,0.442392862331724,0.535946950517469,0.0932687270547234,0.0323292127476989,2.04550690583086,3,5,0,3,0.0323292127476989,1.48692215818004,3,7,0,3,0.0323292127476989,1.48692215818004,3,7,0,3
"CD8Cells","MonocytesCells","SEMA4A","PLXND1","Signaling by Semaphorin",2,10,FALSE,0,0,1,0,1,0,1.83825899844538,1.96405394615992,0.00860959703787447,0.778047927511317,0.0988645970703107,1.83825899844538,3.57610573889522,2,5,0,1,1.83825899844538,1.96405394615992,2,10,0,1,1.83825899844538,1.96405394615992,2,10,0,1
"CD8Cells","MonocytesCells","SEMA4C","PLXNB2","Signaling by Semaphorin",9,10,FALSE,0,0,1,0,0,0,1.29076503761542,1.16360432087534,0.880497593383007,0.623731189662702,0.142969175407821,2.01072550054879,2.19961368344391,5,5,0,1,1.29076503761542,1.16360432087534,9,10,0,1,1.29076503761542,1.1657332415281,9,12,0,1
"CD8Cells","MonocytesCells","SEMA4D","CD72","Signaling by Semaphorin",10,3,FALSE,0,0,0,0,0,0,1.6391208493203,0.0250589393216002,0.720533275673692,0.823855320623223,0.0981285636276611,2.71232656020007,0.0250589393216002,5,3,0,0,1.6391208493203,0.0250589393216002,10,3,0,0,1.22814508231059,0.0250589393216002,20,3,0,0
"CD8Cells","MonocytesCells","SEMA4D","PLXNB2","Signaling by Semaphorin",10,10,FALSE,0,0,1,2,0,0,1.6391208493203,1.16360432087534,0.720533275673692,0.623731189662702,0.10500913944328,2.71232656020007,2.19961368344391,5,5,0,1,1.6391208493203,1.16360432087534,10,10,0,3,1.22814508231059,1.1657332415281,20,12,0,4
"CD8Cells","MonocytesCells","SEMA4D","PTPRC","Signaling by Semaphorin",10,10,FALSE,0,0,2,3,1,1,1.6391208493203,2.34861549816632,0.720533275673692,0.660265807522329,0.091143551570473,2.71232656020007,4.12014367463324,5,5,0,2,1.6391208493203,2.34861549816632,10,10,0,5,1.22814508231059,1.53942784818081,20,20,0,5
"CD8Cells","MonocytesCells","TBXAS1","TBXA2R","Signaling by Thromboxane",1,1,FALSE,0,0,0,0,0,0,0.016571846104943,0.329861977414918,NA,NA,0.00449215587495623,0.016571846104943,0.329861977414918,1,1,0,0,0.016571846104943,0.329861977414918,1,1,0,0,0.016571846104943,0.329861977414918,1,1,0,0
"CD8Cells","MonocytesCells","WNT7A","FZD3","Signaling by WNT",10,10,FALSE,0,0,3,3,0,0,1.7706517522015,2.28681447207802,0.892162834247999,0.887405430055117,0.108897491924753,2.55185234213623,3.17060492993263,5,5,0,4,1.7706517522015,2.28681447207802,10,10,0,6,1.56007128057944,1.54997138948458,16,20,0,8
"CD8Cells","MonocytesCells","ITGAV","ADGRE2","Signaling by Integrin",10,10,FALSE,0,0,2,0,0,0,2.23411994440138,4.70047346917722,0.838592949999167,0.802671094661599,0.0831146677537516,3.07444486649922,8.88300805510187,5,5,0,1,2.23411994440138,4.70047346917722,10,10,0,2,1.89707383483282,3.24998301568705,13,20,0,2
"CD8Cells","MonocytesCells","ITGB1","ADGRE2","Signaling by Integrin",10,10,FALSE,0,0,0,0,0,0,0.785078834838467,4.70047346917722,0.82568525130491,0.802671094661599,0.0954079440149189,1.24563449197371,8.88300805510187,5,5,0,0,0.785078834838467,4.70047346917722,10,10,0,0,0.783883182680452,3.24998301568705,18,20,0,1
"CD8Cells","MonocytesCells","ITGAV","ADGRE5","Signaling by Integrin",10,8,FALSE,0,0,0,1,0,0,2.23411994440138,0.957396440752443,0.838592949999167,0.591411189721631,0.101298850924677,3.07444486649922,1.47722355009588,5,5,0,0,2.23411994440138,0.957396440752443,10,8,0,1,1.89707383483282,0.957396440752443,13,8,0,1
"CD8Cells","MonocytesCells","ITGB1","ADGRE5","Signaling by Integrin",10,8,FALSE,0,0,1,1,0,0,0.785078834838467,0.957396440752443,0.82568525130491,0.591411189721631,0.096869094644459,1.24563449197371,1.47722355009588,5,5,0,2,0.785078834838467,0.957396440752443,10,8,0,2,0.783883182680452,0.957396440752443,18,8,0,2
"NKCells","MonocytesCells","ICAM1","ITGAL","Adhesion by ICAM",2,1,FALSE,0,0,0,0,0,0,1.53904162175233,0.0886155084915291,0.0484651097193053,NA,0.0525345483295265,1.53904162175233,0.0886155084915291,2,1,0,0,1.53904162175233,0.0886155084915291,2,1,0,0,1.53904162175233,0.0886155084915291,2,1,0,0
"NKCells","MonocytesCells","ICAM1","ITGB2","Adhesion by ICAM",2,10,FALSE,0,0,0,1,0,0,1.53904162175233,2.28839183875656,0.0484651097193053,0.80473612409117,0.0849012711157595,1.53904162175233,3.16922321724007,2,5,0,1,1.53904162175233,2.28839183875656,2,10,0,1,1.53904162175233,1.53461006756185,2,20,0,1
"NKCells","MonocytesCells","ICAM1","ITGAM","Adhesion by ICAM",2,10,FALSE,0,0,0,2,0,0,1.53904162175233,1.6940322126465,0.0484651097193053,0.707560011124729,0.0803121063309208,1.53904162175233,2.49192812208138,2,5,0,1,1.53904162175233,1.6940322126465,2,10,0,2,1.53904162175233,1.07868741920263,2,19,0,4
"NKCells","MonocytesCells","ICAM1","ITGAX","Adhesion by ICAM",2,10,FALSE,0,0,1,2,0,0,1.53904162175233,1.79149341392631,0.0484651097193053,0.84725969937727,0.0803121063309208,1.53904162175233,2.77428714531742,2,5,0,2,1.53904162175233,1.79149341392631,2,10,0,3,1.53904162175233,1.12842479013529,2,19,0,5
"NKCells","MonocytesCells","ICAM2","ITGAL","Adhesion by ICAM",10,1,FALSE,0,0,0,0,0,0,2.49633999956493,0.0886155084915291,0.69355267963551,NA,0.0766029519906385,3.38618105065864,0.0886155084915291,5,1,0,0,2.49633999956493,0.0886155084915291,10,1,0,0,1.55608469378178,0.0886155084915291,20,1,0,0
"NKCells","MonocytesCells","ICAM2","ITGB2","Adhesion by ICAM",10,10,FALSE,0,0,0,0,0,0,2.49633999956493,2.28839183875656,0.69355267963551,0.80473612409117,0.112872880111629,3.38618105065864,3.16922321724007,5,5,0,0,2.49633999956493,2.28839183875656,10,10,0,0,1.55608469378178,1.53461006756185,20,20,0,2
"NKCells","MonocytesCells","ICAM3","ITGB2","Adhesion by ICAM",2,10,FALSE,0,0,0,4,0,0,1.52233547066817,2.28839183875656,0.0484651097193053,0.80473612409117,0.0849012711157595,1.52233547066817,3.16922321724007,2,5,0,3,1.52233547066817,2.28839183875656,2,10,0,4,1.52233547066817,1.53461006756185,2,20,0,5
"NKCells","MonocytesCells","ICAM3","ITGAL","Adhesion by ICAM",2,1,FALSE,0,0,0,0,0,0,1.52233547066817,0.0886155084915291,0.0484651097193053,NA,0.0525345483295265,1.52233547066817,0.0886155084915291,2,1,0,0,1.52233547066817,0.0886155084915291,2,1,0,0,1.52233547066817,0.0886155084915291,2,1,0,0
"NKCells","MonocytesCells","ICAM4","ITGAL","Adhesion by ICAM",2,1,FALSE,0,0,0,0,0,0,0.172239426174737,0.0886155084915291,0.0484651097193053,NA,0.0525345483295265,0.172239426174737,0.0886155084915291,2,1,0,0,0.172239426174737,0.0886155084915291,2,1,0,0,0.172239426174737,0.0886155084915291,2,1,0,0
"NKCells","MonocytesCells","ICAM4","ITGB2","Adhesion by ICAM",2,10,FALSE,0,0,0,3,0,0,0.172239426174737,2.28839183875656,0.0484651097193053,0.80473612409117,0.0849012711157595,0.172239426174737,3.16922321724007,2,5,0,3,0.172239426174737,2.28839183875656,2,10,0,3,0.172239426174737,1.53461006756185,2,20,0,5
"NKCells","MonocytesCells","CCL28","CCR10","Signaling by Chemokines",10,2,FALSE,0,0,1,0,0,0,0.658152213403988,0.480863538071983,0.777911099138274,0.0412069570308631,0.100729139196153,1.11729793162991,0.480863538071983,5,2,0,0,0.658152213403988,0.480863538071983,10,2,0,1,0.658152213403988,0.480863538071983,10,2,0,1
"NKCells","MonocytesCells","PPBP","CXCR2","Signaling by Chemokines",6,6,FALSE,0,0,0,0,0,0,1.22978820027038,0.999530175628108,0.607387925798823,0.886453092466223,0.12393981783949,1.30088954563076,1.15472795784375,5,5,0,0,1.22978820027038,0.999530175628108,6,6,0,0,1.22978820027038,0.999530175628108,6,6,0,0
"NKCells","MonocytesCells","CXCL8","CXCR2","Signaling by Chemokines",10,6,FALSE,0,0,1,0,0,0,1.00180912492512,0.999530175628108,0.467397902425147,0.886453092466223,0.12393981783949,1.48958712085647,1.15472795784375,5,5,0,1,1.00180912492512,0.999530175628108,10,6,0,1,1.00180912492512,0.999530175628108,10,6,0,1
"NKCells","MonocytesCells","LIPA","RORA","Signaling by Cholesterol",3,10,FALSE,0,0,0,1,0,0,1.25148393742573,1.49340209686293,0.696873661117494,0.717896086641885,0.0768813470647428,1.25148393742573,2.36101263165776,3,5,0,0,1.25148393742573,1.49340209686293,3,10,0,1,1.25148393742573,1.41564303106524,3,13,0,1
"NKCells","MonocytesCells","SLC6A6","GABBR1","Signaling by GABA",10,10,FALSE,0,0,2,1,0,0,1.54761329859525,1.08302453627649,0.670402616139585,0.885554825936695,0.131897862301304,2.42869958437798,1.68905472186912,5,5,0,2,1.54761329859525,1.08302453627649,10,10,0,3,0.985991690585967,0.908160676559065,20,20,0,5
"NKCells","MonocytesCells","IFNG","IFNGR1","Signaling by Interferon",10,10,FALSE,0,0,0,0,0,0,0.931068506597488,1.56565375021438,0.72928029931187,0.796752051027409,0.10310987234618,0.806641739709916,2.85430293988225,5,5,0,0,0.931068506597488,1.56565375021438,10,10,0,0,0.517369275898158,1.60996977100674,20,14,0,0
"NKCells","MonocytesCells","IFNG","IFNGR2","Signaling by Interferon",10,10,FALSE,0,0,0,1,0,0,0.931068506597488,3.458181230446,0.72928029931187,0.723433097102274,0.105870713024708,0.806641739709916,6.26767719791897,5,5,0,1,0.931068506597488,3.458181230446,10,10,0,1,0.517369275898158,2.11334366178406,20,19,0,4
"NKCells","MonocytesCells","IL23A","IL12RB1","Signaling by Interleukin",1,10,FALSE,0,0,0,0,0,0,0.898930297873927,2.49149563695195,NA,0.423917471668701,0.108751856637194,0.898930297873927,4.15757595672893,1,5,0,0,0.898930297873927,2.49149563695195,1,10,0,0,0.898930297873927,1.45506719397557,1,20,0,0
"NKCells","MonocytesCells","IL15","IL15RA","Signaling by Interleukin",3,10,FALSE,0,0,0,0,0,0,0.246013161520918,2.80735801108885,0.0492877312404407,0.270742685713163,0.0604905638382383,0.246013161520918,3.76009237613945,3,5,0,0,0.246013161520918,2.80735801108885,3,10,0,0,0.246013161520918,1.7109468225201,3,20,0,0
"NKCells","MonocytesCells","IL15","IL2RB","Signaling by Interleukin",3,10,FALSE,0,0,0,1,0,0,0.246013161520918,2.37095785256495,0.0492877312404407,0.479723613412594,0.088763977486889,0.246013161520918,3.38376280656817,3,5,0,1,0.246013161520918,2.37095785256495,3,10,0,1,0.246013161520918,1.59074094895392,3,20,0,1
"NKCells","MonocytesCells","IL18","IL18R1","Signaling by Interleukin",10,10,FALSE,0,0,1,0,0,0,4.1439635598313,2.59139653784549,0.738505794533232,0.780088603102271,0.120755259310832,6.90317645092712,3.59673505087483,5,5,0,0,4.1439635598313,2.59139653784549,10,10,0,1,4.1439635598313,1.41223374820314,10,20,0,2
"NKCells","MonocytesCells","IL18","IL18RAP","Signaling by Interleukin",10,10,FALSE,0,0,0,1,0,0,4.1439635598313,1.26998114710775,0.738505794533232,0.780088603102271,0.105592237550326,6.90317645092712,2.00115349837625,5,5,0,1,4.1439635598313,1.26998114710775,10,10,0,1,4.1439635598313,0.943116511581437,10,20,0,1
"NKCells","MonocytesCells","IL1B","IL1RAP","Signaling by Interleukin",10,10,FALSE,0,0,0,2,0,1,0.783886979769222,2.27784724289175,0.880083633087521,0.69704497528854,0.111199382598059,0.885229932691626,3.87430347557549,5,5,0,2,0.783886979769222,2.27784724289175,10,10,0,2,0.689669226866486,1.5136400017985,14,20,0,3
"NKCells","MonocytesCells","IL6","IL6R","Signaling by Interleukin",10,10,FALSE,0,0,0,0,0,0,2.64273841712663,0.884519175537716,0.865380383898506,0.762315954572978,0.0784184616544314,3.99807461164465,1.38528533019379,5,5,0,0,2.64273841712663,0.884519175537716,10,10,0,0,1.63562005012995,0.621742141317818,20,20,0,0
"NKCells","MonocytesCells","IL6","IL6ST","Signaling by Interleukin",10,10,FALSE,0,0,1,1,0,0,2.64273841712663,2.01823863270044,0.865380383898506,0.799726270016539,0.109478701767887,3.99807461164465,3.01000207511136,5,5,0,2,2.64273841712663,2.01823863270044,10,10,0,2,1.63562005012995,1.17455137845472,20,20,0,3
"NKCells","MonocytesCells","CLEC2B","KLRF1","Signaling by Leptin",10,10,TRUE,29,4,1,3,0,0,2.48720655909484,2.21960513717201,0.870851065729343,0.761956511206161,1,3.83574246922929,3.63564046113531,5,5,0,1,2.48720655909484,2.21960513717201,10,10,4,4,1.66153589631296,1.64445124893684,20,20,13,5
"NKCells","MonocytesCells","AKR1C3","PTGDR","Signaling by Prostaglandin",10,10,FALSE,0,0,0,0,0,0,2.46577129793782,1.46972960495799,0.573002732918172,0.732476757194041,0.124916563535881,3.75046831098689,1.60058833452366,5,5,0,0,2.46577129793782,1.46972960495799,10,10,0,0,1.69606019783229,1.33965347196764,20,11,0,0
"NKCells","MonocytesCells","PTGES2","PTGER2","Signaling by Prostaglandin",8,10,FALSE,0,0,0,0,0,0,0.179117647070796,1.64623147012753,0.737721323297775,0.687563058798069,0.104179539753434,0.244456634253853,2.17228017667135,5,5,0,0,0.179117647070796,1.64623147012753,8,10,0,0,0.179117647070796,1.37564221494995,8,12,0,0
"NKCells","MonocytesCells","PTGES2","PTGER4","Signaling by Prostaglandin",8,9,FALSE,0,0,2,1,1,0,0.179117647070796,1.04681854570709,0.737721323297775,0.532904806848915,0.0932084922349295,0.244456634253853,1.33248120087782,5,5,0,1,0.179117647070796,1.04681854570709,8,9,0,3,0.179117647070796,1.04681854570709,8,9,0,3
"NKCells","MonocytesCells","PTGES3","PTGER2","Signaling by Prostaglandin",3,10,FALSE,0,0,0,0,0,0,0.265649959550661,1.64623147012753,0.441525089855148,0.687563058798069,0.0575262139165696,0.265649959550661,2.17228017667135,3,5,0,0,0.265649959550661,1.64623147012753,3,10,0,0,0.265649959550661,1.37564221494995,3,12,0,0
"NKCells","MonocytesCells","PTGES3","PTGER4","Signaling by Prostaglandin",3,9,FALSE,0,0,2,2,1,0,0.265649959550661,1.04681854570709,0.441525089855148,0.532904806848915,0.105796747303674,0.265649959550661,1.33248120087782,3,5,0,3,0.265649959550661,1.04681854570709,3,9,0,4,0.265649959550661,1.04681854570709,3,9,0,4
"NKCells","MonocytesCells","SEMA4A","PLXND1","Signaling by Semaphorin",2,10,FALSE,0,0,1,0,1,0,1.38363727063925,1.88943471031003,0.0181732402897203,0.785737148603256,0.08881304361667,1.38363727063925,3.56588489230975,2,5,0,1,1.38363727063925,1.88943471031003,2,10,0,1,1.38363727063925,1.88943471031003,2,10,0,1
"NKCells","MonocytesCells","SEMA4C","PLXNB2","Signaling by Semaphorin",9,10,FALSE,0,0,1,4,0,0,0.438244800285894,2.24399517395348,0.884096061376814,0.622247172944682,0.117051647089595,0.243957273364067,3.24301635331008,5,5,0,4,0.438244800285894,2.24399517395348,9,10,0,5,0.438244800285894,2.01731028404693,9,12,0,5
"NKCells","MonocytesCells","SEMA4D","CD72","Signaling by Semaphorin",10,3,FALSE,0,0,0,1,0,0,4.37168548810905,0.202233517991522,0.847819644605567,0.823004802359852,0.122088259603394,6.91710729833926,0.202233517991522,5,3,0,1,4.37168548810905,0.202233517991522,10,3,0,1,2.62766051124631,0.202233517991522,20,3,0,1
"NKCells","MonocytesCells","SEMA4D","PLXNB2","Signaling by Semaphorin",10,10,FALSE,0,0,1,1,0,0,4.37168548810905,2.24399517395348,0.847819644605567,0.622247172944682,0.122579111852658,6.91710729833926,3.24301635331008,5,5,0,1,4.37168548810905,2.24399517395348,10,10,0,2,2.62766051124631,2.01731028404693,20,12,0,3
"NKCells","MonocytesCells","SEMA4D","PTPRC","Signaling by Semaphorin",10,10,FALSE,0,0,1,1,0,0,4.37168548810905,2.61168315864948,0.847819644605567,0.682244614236225,0.0909330498328317,6.91710729833926,4.64171848570364,5,5,0,1,4.37168548810905,2.61168315864948,10,10,0,2,2.62766051124631,1.54087761458004,20,20,0,4
"NKCells","MonocytesCells","WNT7A","FZD3","Signaling by WNT",10,10,FALSE,0,0,4,0,0,0,1.6979235967646,2.29549391052743,0.893980296449126,0.33976873288412,0.0901482234141012,2.67645245559833,3.32236775684707,5,5,0,1,1.6979235967646,2.29549391052743,10,10,0,4,1.23700510442355,1.40463756391168,16,20,0,5
"NKCells","MonocytesCells","ITGAV","ADGRE2","Signaling by Integrin",10,10,FALSE,0,0,1,0,0,0,0.947632671952149,4.92721058541427,0.876285070447218,0.801014466009339,0.104327517275412,1.48341892497959,9.03605272031726,5,5,0,0,0.947632671952149,4.92721058541427,10,10,0,1,0.810974039098893,2.97953621491095,13,20,0,1
"NKCells","MonocytesCells","ITGB1","ADGRE2","Signaling by Integrin",10,10,FALSE,0,0,0,0,0,0,2.32743244588334,4.92721058541427,0.885706139613203,0.801014466009339,0.0958362008340082,4.41305122554246,9.03605272031726,5,5,0,0,2.32743244588334,4.92721058541427,10,10,0,0,1.42955349609667,2.97953621491095,19,20,0,2
"NKCells","MonocytesCells","ITGAV","ADGRE5","Signaling by Integrin",10,8,FALSE,0,0,0,0,0,0,0.947632671952149,0.729751948729949,0.876285070447218,0.587680817585595,0.104686328943729,1.48341892497959,1.17109640621339,5,5,0,0,0.947632671952149,0.729751948729949,10,8,0,0,0.810974039098893,0.729751948729949,13,8,0,0
"NKCells","MonocytesCells","ITGB1","ADGRE5","Signaling by Integrin",10,8,FALSE,0,0,0,0,0,0,2.32743244588334,0.729751948729949,0.885706139613203,0.587680817585595,0.0935116068126148,4.41305122554246,1.17109640621339,5,5,0,0,2.32743244588334,0.729751948729949,10,8,0,0,1.42955349609667,0.729751948729949,19,8,0,1
