"OLS_beta_X","OLS_beta_XZ","OLS_score","OLS_reject","MVMR_beta_X","MVMR_beta_XZ","MVMR_score","MVMR_reject","MRBMA_beta_X","MRBMA_beta_XZ","MRBMA_score","MRBMA_reject","MR_beta_X","MR_beta_XZ","MR_pip_mcse","MR_score","MR_reject","scenario","arm","n","target_F","pi_val","F_observed","iv_corr","pleio_frac","pleio_delta","nl_form","nl_coef","rep_id","gamma_true"
0.160073199592878,0.0659539752195334,0.999999984651189,1,0.00881595701533856,NA,0.119332771882055,0,0.000779345272992882,NA,0.0344312828787861,0,0.00110338255624899,0.0169421866120267,0.00756671608192855,0.200673366834171,0,"S7","null",500,70,0.500915658514495,96.1627362135569,0,0,0,"quadratic",0.05,1,0
0.182137802216054,0.0368681190400343,0.999999983417801,1,0.0852073407523144,NA,0.855888118702655,0,0.0139299557830241,NA,0.131608006499102,0,0.0132059208827149,-0.00288369746499972,0.00573143794957307,0.136015075376884,0,"S7","null",500,70,0.500915658514495,100.928863886064,0,0,0,"quadratic",0.05,2,0
0.142460390582315,0.000555656537636854,0.999882697656007,1,-0.045835922588987,NA,0.534443042010996,0,-0.00111921681020135,NA,0.0355391510138144,0,-0.00465146258264885,-0.0040121815572094,0.00361761660933603,0.077962311557789,0,"S7","null",500,70,0.500915658514495,83.656851830671,0,0,0,"quadratic",0.05,3,0
0.178557124373539,0.0299085182764267,0.999999941969238,1,0.0631406115076812,NA,0.719687101077839,0,0.00299310858131381,NA,0.04984182617442,0,0.00934203446991567,-0.00787104033051203,0.00456712190452967,0.126751256281407,0,"S7","null",500,70,0.500915658514495,85.9066095900789,0,0,0,"quadratic",0.05,4,0
0.177769121634267,0.0148767498144816,0.999998685438476,1,0.0137697744051169,NA,0.177324134402588,0,0.00245582189112609,NA,0.0449659535759394,0,0.00102436878556671,0.00171924152509569,0.00150398574757788,0.04678391959799,0,"S7","null",500,70,0.500915658514495,88.7358676901481,0,0,0,"quadratic",0.05,5,0
0.115382635288004,0.0365398230641044,0.999974845829544,1,-0.00972247931038676,NA,0.140591998634706,0,-0.00120969026997043,NA,0.0371133406967228,0,-0.000163060948214649,0.000638392465308435,0.001254074308206,0.0306658291457286,0,"S7","null",500,70,0.500915658514495,95.1579436416889,0,0,0,"quadratic",0.05,6,0
0.0809248532073117,0.0228544278638844,0.964210761250658,1,-0.0473127584300465,NA,0.529237650463842,0,-0.000832959621084227,NA,0.0343792615064997,0,-0.0120296160917997,0.0211952727443095,0.0097238013477078,0.234434673366834,0,"S7","null",500,70,0.500915658514495,89.0737723471775,0,0,0,"quadratic",0.05,7,0
0.0785719835743171,0.0225651237745466,0.983642519740504,1,-0.00434122654246163,NA,0.0624006117459533,0,-0.00024062378119605,NA,0.0326281130321856,0,-0.000466321334383309,0.00158845754463798,0.00197152879874581,0.0453316582914573,0,"S7","null",500,70,0.500915658514495,94.2390225208053,0,0,0,"quadratic",0.05,8,0
0.148347853852408,0.0187084247773308,0.999988882947214,1,-0.000807702559959146,NA,0.0101706918224933,0,-0.000463685129931596,NA,0.033035705775385,0,-0.000984350284574872,4.86530192168682e-06,0.00175402795131072,0.0343542713567839,0,"S7","null",500,70,0.500915658514495,81.8209929022876,0,0,0,"quadratic",0.05,9,0
0.190387673682221,0.0490187793846641,0.999999994598918,1,-0.0208156177525321,NA,0.258078330804861,0,-0.00108322876136648,NA,0.0355698739747733,0,-0.00120150185144183,0.00599475517807298,0.00331048949984054,0.0834949748743719,0,"S7","null",500,70,0.500915658514495,77.2811585871903,0,0,0,"quadratic",0.05,10,0
0.146374891564525,0.0227354795961926,0.999996994856751,1,-0.0347455920087652,NA,0.446953381336118,0,-0.000883712974885532,NA,0.03489420704861,0,-0.0010137662039506,0.00297360639909876,0.00240849567965363,0.0605402010050251,0,"S7","null",500,70,0.500915658514495,83.0669903486735,0,0,0,"quadratic",0.05,11,0
0.201013495113541,0.0279697276663013,0.999999999978457,1,0.064258792009985,NA,0.738358872593615,0,0.00615928274671612,NA,0.0732209851150994,0,0.00959960578988407,0.00448054636412881,0.00390641183648138,0.116881909547739,0,"S7","null",500,70,0.500915658514495,90.9315066580606,0,0,0,"quadratic",0.05,12,0
0.0797874780473566,-0.00458296122900079,0.961450834963783,1,-0.0587290006099218,NA,0.679846735739995,0,-0.00101576366455612,NA,0.0354618340662113,0,-0.0111895961491195,-0.0277962579678023,0.0127133006408161,0.308517587939698,0,"S7","null",500,70,0.500915658514495,86.0758440577146,0,0,0,"quadratic",0.05,13,0
0.195064968977643,0.000238643300532511,0.999999978654793,1,0.0899272170152906,NA,0.864115024676978,0,0.0211467884582259,NA,0.167329676928443,0,0.0333243980481476,-0.00582455413562634,0.00907501720868914,0.257633165829146,0,"S7","null",500,70,0.500915658514495,97.7907669507463,0,0,0,"quadratic",0.05,14,0
0.174231259177261,0.0184403115453339,0.99999950413587,1,0.12449763388822,NA,0.964224559390223,1,0.0408631693697213,NA,0.28751408904797,0,0.0767507362374669,0.0171401022373668,0.0149553558131668,0.515819095477387,1,"S7","null",500,70,0.500915658514495,98.5443370797354,0,0,0,"quadratic",0.05,15,0
0.150487479987244,0.0142949075643943,0.999976315195386,1,-0.0217579908553906,NA,0.278981115583919,0,-0.000822360531207038,NA,0.0342927890684306,0,-0.00109098549535314,-0.0021394100806109,0.00181678667734468,0.0460804020100503,0,"S7","null",500,70,0.500915658514495,85.7591859000586,0,0,0,"quadratic",0.05,16,0
0.130764077906623,0.0294086680283577,0.999976750931888,1,0.00645643695237832,NA,0.092273284914785,0,0.000981621643262072,NA,0.0358013969010375,0,0.000401412009563124,0.00445337435395361,0.0038411117576082,0.0710477386934673,0,"S7","null",500,70,0.500915658514495,108.004753534505,0,0,0,"quadratic",0.05,17,0
0.120711589999024,0.0532705606122979,0.999976662697056,1,0.042584383208,NA,0.533659439452466,0,0.00110046208582796,NA,0.0363784508142111,0,0.0209998299772388,0.013613722631576,0.00966385680888636,0.21444472361809,0,"S7","null",500,70,0.500915658514495,85.468442669022,0,0,0,"quadratic",0.05,18,0
0.12055339765509,0.042147772883562,0.999990247037528,1,0.0477476875512294,NA,0.617174534851106,0,0.00361058078670773,NA,0.0553486239714886,0,0.0103413887600532,-0.00277985539670766,0.00585841825074801,0.11570351758794,0,"S7","null",500,70,0.500915658514495,107.40390957523,0,0,0,"quadratic",0.05,19,0
0.132363559350102,0.0114976501670187,0.999953199527067,1,0.0381757298465635,NA,0.511568897302367,0,0.000855424602406816,NA,0.03478212802891,0,0.0138247434260468,0.011141734786514,0.00756413116952387,0.186211055276382,0,"S7","null",500,70,0.500915658514495,95.5102711448906,0,0,0,"quadratic",0.05,20,0
0.172551571593666,0.0187232851131298,0.999999933908427,1,0.0311276872295381,NA,0.4187819734703,0,0.000676020652522059,NA,0.0340115723118986,0,0.000663147665893862,-0.00304363731846805,0.00272687667386962,0.0550452261306533,0,"S7","null",500,70,0.500915658514495,83.3808286708566,0,0,0,"quadratic",0.05,21,0
0.0869750034118903,-0.00176107826769021,0.979587457654397,1,-0.0696061410467257,NA,0.777887938779127,0,-0.00210697058895712,NA,0.0428082656990281,0,-0.0185056854741053,-0.0055077919849387,0.00800463308559252,0.17458040201005,0,"S7","null",500,70,0.500915658514495,96.4562679614123,0,0,0,"quadratic",0.05,22,0
0.128869709972182,0.0305153395779951,0.999910786243159,1,0.0287530763840881,NA,0.349985678889045,0,0.000784988117948038,NA,0.0341406799434616,0,0.00084120758876404,0.000805817786435574,0.0020913363147708,0.0386909547738694,0,"S7","null",500,70,0.500915658514495,75.9892368027459,0,0,0,"quadratic",0.05,23,0
0.116893695639876,0.0273054671140986,0.999841943387464,1,0.00163656489668215,NA,0.0228571619930733,0,0.000468860124693623,NA,0.0332314765150795,0,-0.0031022932876404,-0.00539963517753263,0.00413495478035952,0.0928015075376884,0,"S7","null",500,70,0.500915658514495,105.156516265257,0,0,0,"quadratic",0.05,24,0
0.138423472110444,0.041552282959119,0.999998328542662,1,-0.0380694504500931,NA,0.484230741620325,0,-0.00165967048669304,NA,0.0404748515177473,0,-0.0111158279729021,0.00946267792398988,0.00697174563855143,0.152482412060301,0,"S7","null",500,70,0.500915658514495,79.227462351112,0,0,0,"quadratic",0.05,25,0
0.160542225917523,0.0153942339524741,0.999997601856178,1,0.0350597816551864,NA,0.462696728949076,0,0.0016034082161663,NA,0.0401347434963648,0,0.00207679020739837,-0.00112770406579258,0.00176140517059248,0.0451381909547739,0,"S7","null",500,70,0.500915658514495,98.3131446375445,0,0,0,"quadratic",0.05,26,0
0.158653936593897,0.0158043816415725,0.999997981821973,1,0.0667570081149848,NA,0.748860471419213,0,0.00211309048124575,NA,0.042806608547065,0,0.00415921544157262,0.000879899727897207,0.00273922391060941,0.0589748743718593,0,"S7","null",500,70,0.500915658514495,88.8546722785184,0,0,0,"quadratic",0.05,27,0
0.101656843426577,0.0130746798096571,0.988711484398651,1,-0.0627779463436536,NA,0.70306304074314,0,-0.00119810624838025,NA,0.0369393656652564,0,-0.00357656338567296,0.000329174250461323,0.00225548333425567,0.0528718592964824,0,"S7","null",500,70,0.500915658514495,111.578344450597,0,0,0,"quadratic",0.05,28,0
0.170582112587544,0.0489520165115916,0.999999318258564,1,-0.0262663485297323,NA,0.314805305402933,0,0.00111365141782077,NA,0.0359231391590368,0,0.000599064068326809,-0.000609547325029461,0.00154812755836816,0.037143216080402,0,"S7","null",500,70,0.500915658514495,81.5983511252774,0,0,0,"quadratic",0.05,29,0
0.148555825826016,0.0245609670532394,0.999969764140443,1,-0.00389221248267683,NA,0.0492488568275553,0,-0.000365233862148195,NA,0.0328362388056879,0,0.00118140470164358,0.000312155495688463,0.00189788843344369,0.0345125628140703,0,"S7","null",500,70,0.500915658514495,89.1966029155966,0,0,0,"quadratic",0.05,30,0
0.13299801573301,0.042656625722516,0.999995983080753,1,-0.0192503162680408,NA,0.268751836910563,0,0.000108798626193686,NA,0.0324684392460404,0,0.000428981158033854,-5.02725640085087e-05,0.00153392320963226,0.0367964824120603,0,"S7","null",500,70,0.500915658514495,106.083229408296,0,0,0,"quadratic",0.05,31,0
0.114788478766044,0.0236951141402846,0.998879368693617,1,-0.0417245637275054,NA,0.504829083499159,0,-0.00536480604189692,NA,0.0623345887953,0,-0.00357558433364032,-0.00460273551369196,0.00318516257006283,0.078929648241206,0,"S7","null",500,70,0.500915658514495,81.2837212737989,0,0,0,"quadratic",0.05,32,0
0.164498690380018,0.0212527127633185,0.999999264780089,1,0.0479462287829871,NA,0.586044329384228,0,0.00152967793393154,NA,0.0385315753320579,0,0.00434041247260668,0.00880528034032364,0.00475074195581636,0.126027638190955,0,"S7","null",500,70,0.500915658514495,82.7307751173163,0,0,0,"quadratic",0.05,33,0
0.15990915644924,0.0415313256585097,0.999999746625966,1,0.0332921096538549,NA,0.432397114228461,0,0.00348718163157053,NA,0.0544515030983516,0,0.00173459116454441,0.00151395898890292,0.00248240747907751,0.0453291457286432,0,"S7","null",500,70,0.500915658514495,95.5905369408752,0,0,0,"quadratic",0.05,34,0
0.204534050885628,0.021780331313111,0.999999999102721,1,0.0787050351452345,NA,0.785587591069494,0,0.00265239113888468,NA,0.0445710647401304,0,0.00383059726848099,0.000407135035454622,0.00256760973529822,0.0516407035175879,0,"S7","null",500,70,0.500915658514495,76.2316338987778,0,0,0,"quadratic",0.05,35,0
0.165025621599158,0.0402591148305424,0.999999486161103,1,0.0365596956154488,NA,0.436079131275786,0,0.000629668737357214,NA,0.0335088162825354,0,0.00429237675900658,0.00666692786763098,0.00440931192812352,0.0930251256281407,0,"S7","null",500,70,0.500915658514495,79.049110815502,0,0,0,"quadratic",0.05,36,0
0.167013199060697,0.0391258834394467,0.999999870884224,1,0.0362467474453862,NA,0.418212648316901,0,0.000271923706385466,NA,0.0326011099141885,0,0.00459380049997685,0.000189658212108606,0.00338990897569934,0.0571306532663317,0,"S7","null",500,70,0.500915658514495,70.2115977931383,0,0,0,"quadratic",0.05,37,0
0.159587762352923,0.0114095403378528,0.999977001264886,1,-0.00402219679037695,NA,0.0534647700181405,0,0.000655910537284657,NA,0.0337588425415987,0,0.00161919350149416,0.0106565344812758,0.00530770010764815,0.131603015075377,0,"S7","null",500,70,0.500915658514495,100.006745863845,0,0,0,"quadratic",0.05,38,0
0.154466434885027,-0.00474028162210617,0.999947796315017,1,-0.035359681729203,NA,0.413544536340655,0,-0.00183384518623767,NA,0.0395958312206906,0,-0.00242001641216802,-0.00289577200393955,0.00224124316021302,0.0542035175879397,0,"S7","null",500,70,0.500915658514495,78.4989842797778,0,0,0,"quadratic",0.05,39,0
0.14609432489932,0.0177527903855829,0.999992312035335,1,0.00165713163380027,NA,0.0227475246984128,0,0.00019585513403421,NA,0.032565723203934,0,-0.00185181164436878,0.00185394176452239,0.00198649421344292,0.047321608040201,0,"S7","null",500,70,0.500915658514495,91.4316570373934,0,0,0,"quadratic",0.05,40,0
0.146808154230187,0.028881434533506,0.999984860622928,1,-0.0508194010435822,NA,0.598523348341303,0,-0.00575358229075174,NA,0.0672398422409632,0,-0.00117153006948064,0.000684053721929754,0.00132499824328399,0.0391005025125628,0,"S7","null",500,70,0.500915658514495,83.2088530191829,0,0,0,"quadratic",0.05,41,0
0.1847957017226,0.0459868792023053,0.999999949480552,1,-0.0595793345485864,NA,0.5792610571404,0,-0.0018191713115776,NA,0.037013088342257,0,-0.00282857128551793,0.00534118822044303,0.00281076311671891,0.0830829145728643,0,"S7","null",500,70,0.500915658514495,58.3855049641423,0,0,0,"quadratic",0.05,42,0
0.16682788624772,0.0133964103681383,0.999996441493731,1,-0.0142256466151474,NA,0.174647030196511,0,4.0552335949297e-05,NA,0.0324198749300003,0,-0.00185030346581837,0.00267711203680993,0.00296023024598717,0.0592035175879397,0,"S7","null",500,70,0.500915658514495,76.3625195056049,0,0,0,"quadratic",0.05,43,0
0.111605938694236,0.0369135686365405,0.999835124816978,1,0.0613841214277424,NA,0.694602836323491,0,0.0015957044038404,NA,0.0377059192731923,0,0.00970212702501376,0.0183954139981078,0.0120246367931109,0.238384422110553,0,"S7","null",500,70,0.500915658514495,87.0313906105098,0,0,0,"quadratic",0.05,44,0
0.175001561136584,0.0301645792257305,0.999999890091142,1,0.0377176726045366,NA,0.4544418558211,0,0.00308386681954489,NA,0.0487248020413674,0,0.00189883877489092,0.00310383032995348,0.00277885587399731,0.060105527638191,0,"S7","null",500,70,0.500915658514495,81.9482375202406,0,0,0,"quadratic",0.05,45,0
0.16341647374446,0.0151329429302216,0.999998252303556,1,0.032531770470449,NA,0.431338188228099,0,0.000889801467899498,NA,0.0351009660786596,0,-0.000335224363533922,0.00279350078259802,0.00328092888352685,0.0576005025125628,0,"S7","null",500,70,0.500915658514495,96.3916349646828,0,0,0,"quadratic",0.05,46,0
0.161711239916696,0.0082121986660696,0.999994839385261,1,0.0070813214648382,NA,0.0931892681757458,0,-0.000191554531680415,NA,0.0325254503549887,0,0.00152355117887594,0.0137183196547244,0.00788297975389728,0.159396984924623,0,"S7","null",500,70,0.500915658514495,83.4692414144812,0,0,0,"quadratic",0.05,47,0
0.161592243818227,0.012111278670242,0.999999661094768,1,-0.025121322321246,NA,0.325120310701575,0,-0.00140267232648411,NA,0.0372261397180514,0,-0.00256177979556568,0.00198937539587707,0.0023594653324741,0.0512964824120603,0,"S7","null",500,70,0.500915658514495,82.6766152471498,0,0,0,"quadratic",0.05,48,0
0.16423280590216,0.0268241922135,0.999996465932462,1,-0.0130693220195771,NA,0.169207482309068,0,-3.03378090394248e-05,NA,0.0324181408280573,0,0.00120397502737856,0.000553520917701874,0.00207111766671444,0.0395854271356784,0,"S7","null",500,70,0.500915658514495,89.5486434985814,0,0,0,"quadratic",0.05,49,0
0.183225457460432,0.0392501551949304,0.999999982923038,1,0.0314857222079634,NA,0.402911646337109,0,0.00108516918950987,NA,0.03592651765199,0,0.00197037156943703,0.000393672445842944,0.00166756006241348,0.0413668341708543,0,"S7","null",500,70,0.500915658514495,87.6467148450291,0,0,0,"quadratic",0.05,50,0
0.10866066315072,0.0331015567308518,0.999201674462312,1,-0.0644419636678012,NA,0.700336926398512,0,-0.0017085669106372,NA,0.0397160516049155,0,-0.00206306734859515,0.00107959907430048,0.00193585727811447,0.0457914572864322,0,"S7","null",500,70,0.500915658514495,84.976859435505,0,0,0,"quadratic",0.05,51,0
0.162803156451359,0.0274093629634508,0.999999451215132,1,0.0264571587463718,NA,0.349856017974326,0,0.00138631769450342,NA,0.0380047813159258,0,-0.000766252924358083,0.00846839662803628,0.00391965229376812,0.105856783919598,0,"S7","null",500,70,0.500915658514495,105.682188409983,0,0,0,"quadratic",0.05,52,0
0.12684532974321,0.0337678377415967,0.999777386386934,1,-0.0363574255731603,NA,0.403400815214377,0,-0.0018095776549932,NA,0.0389050436530882,0,-0.00227537182601195,-0.00139501026432919,0.00234947761123831,0.0477010050251256,0,"S7","null",500,70,0.500915658514495,73.3439319610001,0,0,0,"quadratic",0.05,53,0
0.124447281375508,0.0082942301119138,0.999130100833863,1,-0.00659210906506814,NA,0.0839000330129869,0,-0.000622008604719031,NA,0.0335418311618103,0,-0.00159401032985159,0.000366369196151053,0.00216531524034188,0.0433140703517588,0,"S7","null",500,70,0.500915658514495,73.5031246358044,0,0,0,"quadratic",0.05,54,0
0.214822890231675,0.0268314534647681,0.999999999641349,1,0.107031729934145,NA,0.905060229154092,0,0.0183174138475873,NA,0.141727662593575,0,0.0109250651381262,-0.0051095959202086,0.0053252435187516,0.123311557788945,0,"S7","null",500,70,0.500915658514495,79.845766476084,0,0,0,"quadratic",0.05,55,0
0.177367854850974,0.0378093693747574,0.999999680046668,1,0.0697225358547338,NA,0.756374652462023,0,0.0039454536291592,NA,0.0550463330582922,0,0.0660559920614599,0.0586720397944702,0.0141707829869021,0.588879396984925,1,"S7","null",500,70,0.500915658514495,91.2717893134764,0,0,0,"quadratic",0.05,56,0
0.185136824630631,0.0165888176709275,0.999999971456523,1,0.0697042361859712,NA,0.77116278937029,0,0.00310948393606765,NA,0.0497311779175996,0,0.00373557425639124,0.000478247062705098,0.00256539732825599,0.0520150753768844,0,"S7","null",500,70,0.500915658514495,85.4859791923184,0,0,0,"quadratic",0.05,57,0
0.124346617807203,0.0100658339871149,0.99887916821171,1,-0.023711992336688,NA,0.295592123071792,0,-0.00174383206284862,NA,0.0390486379266433,0,-0.00230104631851647,-0.000961988807439261,0.00179401856599255,0.0442311557788945,0,"S7","null",500,70,0.500915658514495,77.1085496015471,0,0,0,"quadratic",0.05,58,0
0.180876511584536,-0.00386575553799035,0.999999604429595,1,0.059627187796605,NA,0.658479421781975,0,0.00271503957278536,NA,0.044375383082853,0,0.0189591034668543,0.00292602898596029,0.00656482148644989,0.162201005025126,0,"S7","null",500,70,0.500915658514495,82.7997052035235,0,0,0,"quadratic",0.05,59,0
0.188496088947398,0.0351434681552513,0.999999990081974,1,0.0620018941722091,NA,0.664399763899497,0,0.000714175231500444,NA,0.0336258644850951,0,0.00522693169527269,0.00695484212565605,0.00411454929348791,0.101281407035176,0,"S7","null",500,70,0.500915658514495,79.2313812959111,0,0,0,"quadratic",0.05,60,0
0.176507833447635,0.0268228370225334,0.999999911531761,1,0.0753499188225556,NA,0.811272388094809,0,0.00971820358227163,NA,0.105167648047457,0,0.0100313318609398,-0.00459198225230449,0.005803043228252,0.115150753768844,0,"S7","null",500,70,0.500915658514495,101.792872358325,0,0,0,"quadratic",0.05,61,0
0.164225894723398,0.0185228640718006,0.999997883027572,1,0.0256964248321019,NA,0.318389516437548,0,-0.000522170650465884,NA,0.0331764167691579,0,0.00121343633907651,0.000674596905617656,0.00182475684546618,0.0375125628140704,0,"S7","null",500,70,0.500915658514495,78.1101322887437,0,0,0,"quadratic",0.05,62,0
0.137374820837733,-0.00959130101280875,0.999924757282887,1,-0.00573384665084652,NA,0.0712882223388153,0,0.000653009361114783,NA,0.0335196629852798,0,-0.0150606267031932,-0.011371246609061,0.00634302825293902,0.170095477386935,0,"S7","null",500,70,0.500915658514495,72.8852602234774,0,0,0,"quadratic",0.05,63,0
0.139295803214766,-0.00854124904406251,0.999943996114052,1,0.00222402001887988,NA,0.0297899960462257,0,0.000242561040377075,NA,0.0325997327549706,0,-0.000941263369056045,0.00112426834084675,0.00175543112069721,0.04171608040201,0,"S7","null",500,70,0.500915658514495,85.6248789440698,0,0,0,"quadratic",0.05,64,0
0.181759653191724,0.0268625809395573,0.999999977637178,1,0.0140347698575099,NA,0.192876891216186,0,0.00119133897774608,NA,0.0368543295490907,0,0.00141479047336087,0.00248737607333991,0.00230325030159759,0.053678391959799,0,"S7","null",500,70,0.500915658514495,99.5393687490353,0,0,0,"quadratic",0.05,65,0
0.15908204146693,0.024516894546217,0.999997035076756,1,-0.0580580038914914,NA,0.637030984324135,0,-0.00408912745497946,NA,0.0549456778768838,0,-0.0231014869976039,0.0228424783776399,0.0101279057590268,0.25836432160804,0,"S7","null",500,70,0.500915658514495,80.1428481372521,0,0,0,"quadratic",0.05,66,0
0.131351487573093,0.0479454201225892,0.999964783425204,1,-0.126339247386563,NA,0.952857503811955,1,-0.00782268459591479,NA,0.0818520259065436,0,-0.0581941181234275,0.00753262352564769,0.0149063280436738,0.381869346733668,0,"S7","null",500,70,0.500915658514495,76.5276676568312,0,0,0,"quadratic",0.05,67,0
0.163203166463903,0.0320403636613005,0.999999043325409,1,0.0213679777606003,NA,0.265572842844142,0,0.000921139297477017,NA,0.0346010798935767,0,0.00373409963758768,-0.000953704818534342,0.00250174019674501,0.0526733668341709,0,"S7","null",500,70,0.500915658514495,66.642813316287,0,0,0,"quadratic",0.05,68,0
0.197405357827478,0.033662781735905,0.999999896816097,1,0.0388372581599231,NA,0.42933114978714,0,0.00149906578592032,NA,0.0375043841270239,0,0.00058552937477206,0.00260939743121021,0.00211773087394673,0.0489472361809045,0,"S7","null",500,70,0.500915658514495,74.4416933306204,0,0,0,"quadratic",0.05,69,0
0.134566740927524,0.00428931862032211,0.999932530475041,1,0.0435228487909805,NA,0.572308472623354,0,0.00298215022779526,NA,0.0490613017495527,0,0.00768550634213951,0.000779346958361081,0.00388533370619263,0.0879120603015075,0,"S7","null",500,70,0.500915658514495,106.552708978478,0,0,0,"quadratic",0.05,70,0
0.112245990973895,0.0296467963076209,0.999220963351451,1,0.00515625288461252,NA,0.0702564931068996,0,-0.000780476953633166,NA,0.0343218093926827,0,-4.18619911447882e-05,0.00137206431238792,0.00246506145118759,0.040108040201005,0,"S7","null",500,70,0.500915658514495,100.301373536438,0,0,0,"quadratic",0.05,71,0
0.1552619703129,0.0138332346382559,0.999968344590868,1,0.0127048794646857,NA,0.157370905807217,0,-9.42719505960867e-05,NA,0.0324405700041152,0,0.000698392657949075,0.00179257311704521,0.00243674977251202,0.0436030150753769,0,"S7","null",500,70,0.500915658514495,84.8097059419161,0,0,0,"quadratic",0.05,72,0
0.245065946898945,-0.0118641883045835,0.999999999998427,1,0.117948291358625,NA,0.924460689600525,0,0.00444489943145064,NA,0.0550484254480707,0,0.0225249481822863,0.0199791065909037,0.00842286403021042,0.245040201005025,0,"S7","null",500,70,0.500915658514495,71.3879091559211,0,0,0,"quadratic",0.05,73,0
0.18490529867244,0.064410849060821,0.999999999957947,1,0.0177479150809542,NA,0.240798937533315,0,-0.000195979971917869,NA,0.0325515634751866,0,0.00510636527511867,0.0016973229814735,0.0030446479339485,0.0704698492462312,0,"S7","null",500,70,0.500915658514495,93.6269315516205,0,0,0,"quadratic",0.05,74,0
0.224647531480894,-0.00123529094856295,0.99999999993653,1,0.128386581488959,NA,0.957708072419668,1,0.00804759047832815,NA,0.0774204243414978,0,0.0435531532951693,-0.0159310620775774,0.0114247345190057,0.32229648241206,0,"S7","null",500,70,0.500915658514495,82.0047930927505,0,0,0,"quadratic",0.05,75,0
0.121793068534081,0.0260005925453868,0.998965186887689,1,-0.0615151653466817,NA,0.645581317637758,0,-0.0026886865182168,NA,0.0441437536038499,0,-0.00638905278840867,0.000554265648189629,0.00329150281907408,0.0711105527638191,0,"S7","null",500,70,0.500915658514495,72.5734621771276,0,0,0,"quadratic",0.05,76,0
0.122455938835016,0.0150567992091787,0.998675202894186,1,-0.0676953393065228,NA,0.737490766598016,0,-0.00231177010686395,NA,0.0445251587983413,0,-0.00484470432413008,0.00137147918533469,0.00373103770264969,0.0653417085427136,0,"S7","null",500,70,0.500915658514495,97.0023144862433,0,0,0,"quadratic",0.05,77,0
0.165839253365466,0.0294697494180619,0.999999813715159,1,0.0528200992031652,NA,0.635387194594265,0,0.00432369376832554,NA,0.0619128889944932,0,0.00266855303197994,0.00226936564897368,0.0027462771310872,0.0557788944723618,0,"S7","null",500,70,0.500915658514495,86.5830289849923,0,0,0,"quadratic",0.05,78,0
0.155025766678719,0.0213955844216361,0.999983896335219,1,0.0375619570070954,NA,0.457492301085013,0,0.00219008211488493,NA,0.043101362083423,0,0.00993818214819395,0.00294447527170961,0.00446149727782811,0.102741206030151,0,"S7","null",500,70,0.500915658514495,93.7733163820781,0,0,0,"quadratic",0.05,79,0
0.155577820259575,0.0139138268371363,0.999991173825339,1,0.0275618954279908,NA,0.361366587043929,0,0.000602767803566656,NA,0.0335980876405454,0,0.00471265034246456,0.00237235510606347,0.00297962588327423,0.0721758793969849,0,"S7","null",500,70,0.500915658514495,99.4685278793513,0,0,0,"quadratic",0.05,80,0
0.139667186390264,0.00678698129625588,0.9998200412096,1,0.00474728983829537,NA,0.055673383331263,0,0.000602542029717844,NA,0.0333052774106992,0,-0.00116717936570027,-0.0116957121270832,0.00504849945390628,0.130223618090452,0,"S7","null",500,70,0.500915658514495,70.7885062430358,0,0,0,"quadratic",0.05,81,0
0.172358423762488,0.0566995477678765,0.999999999851886,1,0.076679592564512,NA,0.791624190604784,0,0.0111416534028374,NA,0.10667635428828,0,0.0185298263335918,0.00887414344013675,0.00834143788916441,0.187618090452261,0,"S7","null",500,70,0.500915658514495,89.2052071175727,0,0,0,"quadratic",0.05,82,0
0.129766879406204,0.0160379832213828,0.999530761893944,1,0.00716764012187819,NA,0.104542494414277,0,0.000922253154437111,NA,0.0355844578711942,0,-0.000737576734993337,-0.00154357066901455,0.00183295627779581,0.0427989949748744,0,"S7","null",500,70,0.500915658514495,106.376610261769,0,0,0,"quadratic",0.05,83,0
0.0977153083632809,0.0226411309341513,0.995275500125564,1,-0.0583508915045467,NA,0.63569825489304,0,-0.0094117829970347,NA,0.0899578375588891,0,-0.00408420290195842,0.000331364166260503,0.0025814557458573,0.0546959798994975,0,"S7","null",500,70,0.500915658514495,83.9337750232848,0,0,0,"quadratic",0.05,84,0
0.191653710891583,0.0226552851453932,0.999999992200271,1,0.0978598506343075,NA,0.918304040394651,0,0.00785347893130215,NA,0.0863457072251235,0,0.0399361060216258,0.0157568987450019,0.0141059605936729,0.358263819095477,0,"S7","null",500,70,0.500915658514495,105.2529072477,0,0,0,"quadratic",0.05,85,0
0.137914287306587,0.00270739480321271,0.999946261461057,1,0.00126798337819575,NA,0.0174714248543032,0,0.00107781334456511,NA,0.0358500166703386,0,0.00134719162908239,-0.00238086262806761,0.00296241593671457,0.0533768844221106,0,"S7","null",500,70,0.500915658514495,76.8199801695086,0,0,0,"quadratic",0.05,86,0
0.170997268851576,0.00515954512695512,0.999998247994137,1,0.0857088417702616,NA,0.850218564370139,0,0.00461322301539019,NA,0.0602121651630866,0,0.00927878134545435,0.000791592429470247,0.00530240661290635,0.0942336683417085,0,"S7","null",500,70,0.500915658514495,99.6930767401948,0,0,0,"quadratic",0.05,87,0
0.112762019730354,0.00951964018299988,0.998880503460423,1,-0.0371082951497633,NA,0.478126186064547,0,-0.000922781353416451,NA,0.0354370115805218,0,-0.00346085057499673,0.00288058796111562,0.00270081754729536,0.0653542713567839,0,"S7","null",500,70,0.500915658514495,89.2548937282261,0,0,0,"quadratic",0.05,88,0
0.116738017124724,0.0352884243076466,0.999498272122045,1,-0.0689927074443128,NA,0.742592945701496,0,-0.00482670809800694,NA,0.0602483952364626,0,-0.00337639385013123,0.0017312952354796,0.00334693825723597,0.0565402010050251,0,"S7","null",500,70,0.500915658514495,79.174768487063,0,0,0,"quadratic",0.05,89,0
0.158261849354558,0.0277206167054139,0.9999971639111,1,-0.00172358116029967,NA,0.0226446588838858,0,-0.000637367199764541,NA,0.0335584875325403,0,0.000652102173004156,0.000842294061215901,0.00179012740440571,0.0366155778894472,0,"S7","null",500,70,0.500915658514495,83.0081828818631,0,0,0,"quadratic",0.05,90,0
0.166533839213312,0.0148132238658726,0.999998169535977,1,-0.018790128041391,NA,0.245309600913638,0,-0.00151359652706909,NA,0.0386712750963205,0,-0.00137195031263287,-0.00299510063437703,0.00209954104133738,0.0522663316582915,0,"S7","null",500,70,0.500915658514495,81.5511777314785,0,0,0,"quadratic",0.05,91,0
0.14523378586582,0.0319027186627149,0.999995947453878,1,0.00997136766086774,NA,0.12896647304551,0,0.00132085303952804,NA,0.0373520406772324,0,-0.00122783891418867,0.00616365343518728,0.00357618679048953,0.0864773869346734,0,"S7","null",500,70,0.500915658514495,79.1705939165826,0,0,0,"quadratic",0.05,92,0
0.122518640469671,0.0643289110132244,0.999999098582728,1,0.0426104189805709,NA,0.520050051277968,0,0.00291181660840657,NA,0.0470677204907874,0,0.00981802932058805,0.01919786995693,0.0101137710824227,0.236459798994975,0,"S7","null",500,70,0.500915658514495,83.0091185991884,0,0,0,"quadratic",0.05,93,0
0.0855734403908838,0.0084548356163636,0.967170330306173,1,-0.108568573659867,NA,0.907086875734807,0,-0.00591517726541018,NA,0.0647084542925339,0,-0.0212517421900489,0.00398938600107764,0.00854097299950559,0.169082914572864,0,"S7","null",500,70,0.500915658514495,78.4407788687627,0,0,0,"quadratic",0.05,94,0
0.154146098048097,0.0395017891381896,0.999997460077033,1,0.00580711354610496,NA,0.0730863646928012,0,0.00338240925627728,NA,0.0509686050506753,0,0.0013111207188571,-0.000176898837900539,0.0018478825737174,0.0398291457286432,0,"S7","null",500,70,0.500915658514495,73.5071543426635,0,0,0,"quadratic",0.05,95,0
0.142346814790975,0.0393330295736983,0.999998117010338,1,0.070795758849259,NA,0.748438413402081,0,0.00258520267490102,NA,0.0440556765083335,0,0.020223023197006,0.00926742957736182,0.0085546224752346,0.191804020100503,0,"S7","null",500,70,0.500915658514495,80.1188051487855,0,0,0,"quadratic",0.05,96,0
0.130187082154788,0.0111869744205744,0.999926784445413,1,0.00948182166760141,NA,0.130267814993338,0,0.000220949352571331,NA,0.0325846123186204,0,0.00101959271381653,-9.70604749546482e-05,0.001389213264815,0.0366356783919598,0,"S7","null",500,70,0.500915658514495,94.5193791020284,0,0,0,"quadratic",0.05,97,0
0.137543897521006,0.0201822276012042,0.999939144775131,1,-0.0224671691884503,NA,0.288974661866452,0,-0.00116497499950912,NA,0.035928288512442,0,0.000317353004890967,0.00871722591143369,0.00492620428458156,0.121655778894472,0,"S7","null",500,70,0.500915658514495,81.3936236567521,0,0,0,"quadratic",0.05,98,0
0.12066235712498,0.0398776996833945,0.999925152197805,1,-0.0213091495887482,NA,0.280951241949527,0,-0.000398275086418483,NA,0.0329990844576519,0,0.00242935480328412,0.0266636036555124,0.00910018830703654,0.279726130653266,0,"S7","null",500,70,0.500915658514495,101.940393496669,0,0,0,"quadratic",0.05,99,0
0.219327958216198,0.00937400166151534,0.999999999567359,1,0.101506902568553,NA,0.911596487075279,0,0.00827438207082913,NA,0.0857503756373152,0,0.0651345452951882,-0.0288983941748882,0.0157391516676328,0.51991959798995,1,"S7","null",500,70,0.500915658514495,86.7769212227293,0,0,0,"quadratic",0.05,100,0
0.156393203934442,0.0381032071187187,0.999998746936217,1,0.0635569094148986,NA,0.675769946752562,0,0.0016551712970678,NA,0.0379349745776401,0,0.0140181773694666,-0.00514847370369254,0.00560029494378366,0.133414572864322,0,"S7","null",500,70,0.500915658514495,78.985611673389,0,0,0,"quadratic",0.1,1,0
0.109616427265598,0.0497183378403386,0.999896207457561,1,-0.0439205964641447,NA,0.527406919525982,0,-0.00271889770998001,NA,0.0468488582329431,0,-0.0142489539843987,0.00185301713452539,0.00569173318578096,0.130826633165829,0,"S7","null",500,70,0.500915658514495,103.937620502554,0,0,0,"quadratic",0.1,2,0
0.181719741957681,0.0707000392935442,0.99999999768209,1,-0.0140092274185205,NA,0.178766974134072,0,-0.000775159567463945,NA,0.0341528635921556,0,0.00128533632576378,0.00655261255962403,0.00396077394315599,0.0917788944723618,0,"S7","null",500,70,0.500915658514495,86.9810823239048,0,0,0,"quadratic",0.1,3,0
0.163606307080833,0.0563094610939038,0.999999994655183,1,0.0245606419648729,NA,0.32641667531439,0,0.000765822285460615,NA,0.0343825254702051,0,0.00459567271636792,0.00912162625842547,0.00689660765094516,0.129170854271357,0,"S7","null",500,70,0.500915658514495,89.5836626976614,0,0,0,"quadratic",0.1,4,0
0.107652515691645,0.0386188636501177,0.999379449044648,1,-0.0275080882400992,NA,0.345882082332586,0,-0.00062480885024325,NA,0.033739103449187,0,0.000990585761072495,-0.00710117090555896,0.00408749288866562,0.0876658291457286,0,"S7","null",500,70,0.500915658514495,103.046047365285,0,0,0,"quadratic",0.1,5,0
0.220753538962793,0.031193057945208,0.999999999520829,1,0.00515103943063096,NA,0.0577913205545602,0,-0.000105314023123519,NA,0.0324424836672037,0,-0.000475366579360668,0.00296504234911978,0.00258664938543487,0.0503668341708543,0,"S7","null",500,70,0.500915658514495,68.463221989977,0,0,0,"quadratic",0.1,6,0
0.166501032356531,0.106564738819634,0.99999999999985,1,0.0263753065411164,NA,0.320650018391902,0,0.00148452254154171,NA,0.0381570937101271,0,-0.00225485489237474,0.0260207477296392,0.0114402696148046,0.262281407035176,0,"S7","null",500,70,0.500915658514495,92.9112620376059,0,0,0,"quadratic",0.1,7,0
0.154676788370411,0.0610560620904789,0.999999950775291,1,0.0396531111432374,NA,0.485852548116791,0,0.00163362215536858,NA,0.0394033674975317,0,0.0240598275057511,0.0295831762264833,0.0131502538404452,0.323507537688442,0,"S7","null",500,70,0.500915658514495,86.689725460296,0,0,0,"quadratic",0.1,8,0
0.132025398066835,0.0646417453792955,0.999999872107385,1,0.0169145369593936,NA,0.23289583623614,0,0.00134291829272153,NA,0.0378379713687702,0,0.00513739174975616,0.00941498289133682,0.00762285734719144,0.139937185929648,0,"S7","null",500,70,0.500915658514495,101.442481363169,0,0,0,"quadratic",0.1,9,0
0.209841293238032,0.0749336443812626,0.999999999988365,1,0.0294154994273235,NA,0.34003944779603,0,0.000518553192795865,NA,0.0330471600189548,0,0.00371097882944514,0.00568949467587613,0.00468001152763721,0.0870477386934673,0,"S7","null",500,70,0.500915658514495,79.3385917396212,0,0,0,"quadratic",0.1,10,0
0.0630498837273415,0.0511457125031427,0.999243045634834,1,-0.145465176405367,NA,0.988308074436193,1,-0.0552796368874196,NA,0.357922111906938,0,-0.0591297970253267,-0.0169286177153507,0.016551725110322,0.435396984924623,0,"S7","null",500,70,0.500915658514495,87.3624373413341,0,0,0,"quadratic",0.1,11,0
0.132608598756627,0.0857026867352196,0.999999973200775,1,-0.0506273618674344,NA,0.541060988506217,0,-0.00381106137747011,NA,0.0494647920834238,0,0.0227697506264505,0.162834753028061,0.00910000663744838,0.937821608040201,1,"S7","null",500,70,0.500915658514495,76.6090295190233,0,0,0,"quadratic",0.1,12,0
0.164306576993284,0.0445106629798339,0.999999205294893,1,0.0346076944344932,NA,0.414568381381065,0,0.00177645504927267,NA,0.0396400492686019,0,0.0162783924219439,0.0348456950013588,0.0151484204556021,0.345434673366834,0,"S7","null",500,70,0.500915658514495,73.9539765673471,0,0,0,"quadratic",0.1,13,0
0.0577158770494053,0.0507430027221779,0.99478740439112,1,-0.116972284072425,NA,0.955355928837135,1,-0.00685488615295771,NA,0.0783141571705519,0,-0.0656805558904243,-0.0267610148224258,0.0159165168607914,0.484253768844221,0,"S7","null",500,70,0.500915658514495,97.3379686980584,0,0,0,"quadratic",0.1,14,0
0.0845143803695023,0.0367626521050281,0.992817941763163,1,-0.030024772572628,NA,0.373302106480298,0,-0.00051720832961924,NA,0.0331942648282052,0,-0.00100565585788864,0.00443784960219772,0.00403428772150057,0.0723492462311558,0,"S7","null",500,70,0.500915658514495,87.8573504139466,0,0,0,"quadratic",0.1,15,0
0.206473908586929,0.0399370541095131,0.999999999867665,1,0.0117425849636504,NA,0.139471110636284,0,0.000295284797390138,NA,0.0326377960403089,0,0.00134512516849728,0.00372819845668213,0.00307219470969704,0.0673819095477387,0,"S7","null",500,70,0.500915658514495,66.6397347541635,0,0,0,"quadratic",0.1,16,0
0.176117759791545,0.0446908802195679,0.999999936433362,1,-0.0249670645498148,NA,0.289847857243584,0,-0.00062659003374741,NA,0.0334299987915128,0,-0.00149047568526175,-6.11677669466698e-05,0.00206003182907863,0.0378190954773869,0,"S7","null",500,70,0.500915658514495,71.6643030527653,0,0,0,"quadratic",0.1,17,0
0.0855285027440948,0.0750773610725398,0.999997580989787,1,-0.0300322413935873,NA,0.361000400706699,0,-5.11551717043565e-05,NA,0.0324233137025179,0,-9.9598040022511e-05,0.00121882643301438,0.0016187111991525,0.0389673366834171,0,"S7","null",500,70,0.500915658514495,79.5947443923822,0,0,0,"quadratic",0.1,18,0
0.1683783327342,0.0720623790434066,0.999999969760116,1,0.028090012424629,NA,0.337800829756945,0,0.00195039735894228,NA,0.0404870369856419,0,0.000132252046382659,0.00199754894914872,0.00202878502286064,0.0429070351758794,0,"S7","null",500,70,0.500915658514495,72.7870700823965,0,0,0,"quadratic",0.1,19,0
0.123764239263877,0.050469379747813,0.999998173394628,1,-0.0781147453958599,NA,0.783663177283486,0,-0.00758564671152316,NA,0.0735991708754215,0,-0.00503264719996987,-0.00053606127631178,0.00304825195276604,0.0616608040201005,0,"S7","null",500,70,0.500915658514495,68.1676689507412,0,0,0,"quadratic",0.1,20,0
0.15377878354824,0.0432337263891293,0.999994312445545,1,-0.0120668262706209,NA,0.153714583731108,0,0.0004779186883006,NA,0.0331732087263314,0,0.00118429969330674,-0.00123695409628389,0.00243620942795665,0.0429120603015075,0,"S7","null",500,70,0.500915658514495,81.8191922549643,0,0,0,"quadratic",0.1,21,0
0.146790018032182,0.0771010425078811,0.99999999566783,1,-0.0209432431818967,NA,0.248564932874278,0,-0.00140026717909186,NA,0.0368295774178866,0,-0.00597217639731773,0.0140511892593149,0.00572159011168443,0.159477386934673,0,"S7","null",500,70,0.500915658514495,81.0847986021972,0,0,0,"quadratic",0.1,22,0
0.149542911100084,0.0667471081068432,0.999999922736883,1,-0.0133951222664515,NA,0.171851635808179,0,0.000492613433484157,NA,0.0332172279172055,0,0.00095555216384813,-0.000501318200022353,0.00176572813784396,0.0393492462311558,0,"S7","null",500,70,0.500915658514495,101.867096693152,0,0,0,"quadratic",0.1,23,0
0.178437496503194,0.0640234689775414,0.999999994678055,1,0.0274135049677472,NA,0.346020995258608,0,0.0014453991459958,NA,0.0381369085323192,0,-0.00221004746261197,0.0116483073039567,0.00607897355954468,0.141429648241206,0,"S7","null",500,70,0.500915658514495,84.8375564557984,0,0,0,"quadratic",0.1,24,0
0.0838520188772305,0.0670079741419448,0.999872881319523,1,-0.0558115082028706,NA,0.621456421715116,0,-0.00327599564425527,NA,0.0493799165540702,0,-0.00620542522601144,-0.00483304510892214,0.00468087610390427,0.0911482412060302,0,"S7","null",500,70,0.500915658514495,95.1701339815348,0,0,0,"quadratic",0.1,25,0
0.147309859455958,0.0674403363134632,0.999999944979372,1,0.028272937580739,NA,0.365120655541509,0,0.00304944249980017,NA,0.0504338725657186,0,0.000969948253855949,-0.000421273701720776,0.00142886623342099,0.0382638190954774,0,"S7","null",500,70,0.500915658514495,94.0403668731349,0,0,0,"quadratic",0.1,26,0
0.17415629686923,0.0855639581728193,0.99999999999898,1,0.0822066053749377,NA,0.816843212752396,0,0.00611926690918931,NA,0.0707259095342075,0,0.0286111169370411,0.137717004617874,0.0133074679063388,0.900565326633166,1,"S7","null",500,70,0.500915658514495,99.0191814840719,0,0,0,"quadratic",0.1,27,0
0.113476523260717,0.0392259248591281,0.999874262975924,1,-0.019439720392434,NA,0.259920696205647,0,-0.000521632960169578,NA,0.0333110718684756,0,-0.000961212236649416,0.002947591888332,0.00255868290395219,0.0563266331658291,0,"S7","null",500,70,0.500915658514495,79.995987440977,0,0,0,"quadratic",0.1,28,0
0.11696543787211,0.045113532928659,0.999858847591726,1,0.0491848291437308,NA,0.563595713963644,0,0.00179002525536616,NA,0.0404148132739627,0,0.0114472097955311,0.00439689191833861,0.00554468262742844,0.109618090452261,0,"S7","null",500,70,0.500915658514495,94.5904839058864,0,0,0,"quadratic",0.1,29,0
0.172675454608806,0.0519620691188027,0.999999763360147,1,-0.0422947734487652,NA,0.480941050573235,0,-0.000770444081413572,NA,0.0341420245908964,0,-0.00269956074478884,-0.000163332283359796,0.00183224809555739,0.0476206030150754,0,"S7","null",500,70,0.500915658514495,77.0746747508052,0,0,0,"quadratic",0.1,30,0
0.132820794818407,0.0380522371505094,0.999979286673314,1,0.0504278672687957,NA,0.587579905586171,0,0.001843028381173,NA,0.0404799650122424,0,0.00403209194724676,-0.000462556192235612,0.00345843353123607,0.0581281407035176,0,"S7","null",500,70,0.500915658514495,82.3546768142332,0,0,0,"quadratic",0.1,31,0
0.125369198206517,0.0532954938846173,0.999999158070242,1,-0.0259596326034269,NA,0.32693008344255,0,-0.00044552150413444,NA,0.0331145943304522,0,-0.00170250261032958,0.000138767123519511,0.00189499017496129,0.0417035175879397,0,"S7","null",500,70,0.500915658514495,88.3565303775228,0,0,0,"quadratic",0.1,32,0
0.116228228802944,0.0797732385844869,0.999999885882279,1,0.0257973655444914,NA,0.3305389628059,0,0.00140490576422192,NA,0.0375100085866863,0,-0.000246720636366918,0.00533854605218272,0.00365144795078917,0.0791733668341709,0,"S7","null",500,70,0.500915658514495,101.336663746139,0,0,0,"quadratic",0.1,33,0
0.208752052653954,0.0505316363737001,0.999999999820042,1,0.0953410150824184,NA,0.86054096395608,0,0.00349592600412029,NA,0.0508668692623101,0,0.00807832777467366,0.002530532975458,0.00363750286509629,0.0896331658291457,0,"S7","null",500,70,0.500915658514495,83.5640415109763,0,0,0,"quadratic",0.1,34,0
0.156634439127485,0.0294159569770466,0.999994488469396,1,-0.0223291023894492,NA,0.259289570741422,0,-0.00121889498028515,NA,0.0354412222529447,0,-0.00592431494662345,0.010249394822943,0.00557717187360638,0.13444472361809,0,"S7","null",500,70,0.500915658514495,66.2614670247189,0,0,0,"quadratic",0.1,35,0
0.109410698180212,0.0686474877458577,0.999987955121215,1,-0.0541385948599685,NA,0.58900636980844,0,-0.00235167944434921,NA,0.0422846283737744,0,-0.0244362760006318,0.00539715031241387,0.00999389746514732,0.197879396984925,0,"S7","null",500,70,0.500915658514495,82.6156126275898,0,0,0,"quadratic",0.1,36,0
0.210036751892999,0.0296720594440305,0.999999967929415,1,0.0405982401467538,NA,0.448146498536953,0,0.00193011502741308,NA,0.0399739418418098,0,0.0032532884531667,0.00113325188375917,0.0023884627839121,0.052927135678392,0,"S7","null",500,70,0.500915658514495,80.5710861899785,0,0,0,"quadratic",0.1,37,0
0.117188021830579,0.0186840182393374,0.999119873646666,1,-0.0686824845509744,NA,0.745702191715993,0,-0.00294491779070418,NA,0.0489740255732478,0,-0.00576733330013307,-0.000822607989264091,0.00282591124365273,0.0693165829145729,0,"S7","null",500,70,0.500915658514495,88.6193829200759,0,0,0,"quadratic",0.1,38,0
0.143170261634325,0.0859865298873062,0.999999996517479,1,0.0288961831184193,NA,0.353568150857658,0,0.000657831540321982,NA,0.033599249725306,0,0.00240824812083856,0.000662455648955181,0.00216898659382617,0.044356783919598,0,"S7","null",500,70,0.500915658514495,82.2932987070553,0,0,0,"quadratic",0.1,39,0
0.0947753999579813,0.0101433154956928,0.979296141407002,1,-0.120825369657541,NA,0.944573324201912,0,-0.00759695176483093,NA,0.0828781263809034,0,-0.0455114429411586,-0.00131575195230825,0.0132942905515915,0.310670854271357,0,"S7","null",500,70,0.500915658514495,83.1903302658105,0,0,0,"quadratic",0.1,40,0
0.170610186651507,0.0551142744753891,0.99999996879671,1,0.009643938216629,NA,0.122624919260294,0,0.000402845766971358,NA,0.0329390601721682,0,-0.00448088318558581,0.00971128212601243,0.00671189091077814,0.12278391959799,0,"S7","null",500,70,0.500915658514495,76.6603817840484,0,0,0,"quadratic",0.1,41,0
0.13558900998217,0.0482651982369125,0.999985945987384,1,-0.0034521862044127,NA,0.0453257982176561,0,3.78369662327016e-05,NA,0.0324209298992809,0,-0.000681165416521297,0.00516022486115321,0.00371297838207161,0.0775527638190955,0,"S7","null",500,70,0.500915658514495,103.107823025157,0,0,0,"quadratic",0.1,42,0
0.168044570524642,0.00730921526094957,0.9999892469645,1,0.0184871439117129,NA,0.223921257013909,0,0.00177513048888217,NA,0.0388714418758552,0,0.0003474351087334,0.00240258230313424,0.00268674398790463,0.0500502512562814,0,"S7","null",500,70,0.500915658514495,87.2533558899823,0,0,0,"quadratic",0.1,43,0
0.197588015166557,0.0629652738126784,0.999999999750168,1,0.0189250398421459,NA,0.218697737207896,0,0.000477139514377599,NA,0.0329529660475092,0,-0.00756038037113816,0.0660542784926396,0.0158251870173386,0.485103015075377,0,"S7","null",500,70,0.500915658514495,67.5287928615979,0,0,0,"quadratic",0.1,44,0
0.116793633295107,0.0826080041664116,0.999999997418667,1,-0.0742053970088749,NA,0.7521071737049,0,-0.00301841706082081,NA,0.0476546888742387,0,-0.0445826027447973,0.02018893792389,0.0114177729461423,0.337037688442211,0,"S7","null",500,70,0.500915658514495,72.7962512274412,0,0,0,"quadratic",0.1,45,0
0.164113080885441,0.0514912184283746,0.99999956557865,1,0.0139985627474512,NA,0.169340895934888,0,0.00202905768593592,NA,0.0405387868382951,0,-0.000766425556726129,8.15541299961841e-05,0.00158743662001378,0.035748743718593,0,"S7","null",500,70,0.500915658514495,76.8135438398697,0,0,0,"quadratic",0.1,46,0
0.208108817637709,0.0416780100953,0.999999999494006,1,0.08379628555573,NA,0.83296140511013,0,0.00620151886445586,NA,0.0743124639851887,0,0.0128320191678398,-0.00444089297658204,0.00574093998230111,0.128804020100503,0,"S7","null",500,70,0.500915658514495,99.8168100975616,0,0,0,"quadratic",0.1,47,0
0.20364278691626,0.0376528205043036,0.999999993334795,1,0.0677348901138303,NA,0.659742372425777,0,0.00266070485359831,NA,0.0436050345060983,0,0.00265584549102545,-0.000830735169684147,0.00135738916815386,0.0441608040201005,0,"S7","null",500,70,0.500915658514495,64.2407335291622,0,0,0,"quadratic",0.1,48,0
0.147508774867059,0.0496478154655206,0.999996072288576,1,-0.0752104724237303,NA,0.783750997833449,0,-0.00287599837182206,NA,0.0475411326897272,0,-0.00647309499317358,0.00442727758981543,0.00336694993307715,0.0958643216080402,0,"S7","null",500,70,0.500915658514495,88.3529584576228,0,0,0,"quadratic",0.1,49,0
0.168071109367447,0.0446743930555002,0.999999974096805,1,0.00602654375608235,NA,0.0805273529512526,0,7.14012711641821e-05,NA,0.0324309137562155,0,-0.00705593726884929,0.0409199623109175,0.0128578654662097,0.37078391959799,0,"S7","null",500,70,0.500915658514495,80.5758123766727,0,0,0,"quadratic",0.1,50,0
0.192851776717524,0.0135833743136655,0.999999906510587,1,0.0855185528618136,NA,0.810487396277014,0,0.00869348709006681,NA,0.087863040114822,0,0.0809683625215125,-0.12648229390996,0.0163593946502416,0.846723618090452,1,"S7","null",500,70,0.500915658514495,78.4160622704586,0,0,0,"quadratic",0.1,51,0
0.178096997870448,0.0459615958755922,0.99999996615975,1,0.0351190290601959,NA,0.429509066275741,0,0.000836405901361438,NA,0.0343574943901398,0,0.00584339113919448,0.00904877169378924,0.00641378037863511,0.12764824120603,0,"S7","null",500,70,0.500915658514495,99.0224666990575,0,0,0,"quadratic",0.1,52,0
0.141176648034382,0.0397177123399065,0.999963192833278,1,0.0149145596837597,NA,0.187271033296071,0,0.000918855595165304,NA,0.03467722463166,0,0.00611629505618414,0.0381600279716149,0.00996992106402366,0.332992462311558,0,"S7","null",500,70,0.500915658514495,86.6131489639695,0,0,0,"quadratic",0.1,53,0
0.158808950392301,0.0567662493166466,0.999999765842018,1,-0.0161761577524534,NA,0.197104932082226,0,-0.000809595431142535,NA,0.033944648254559,0,-0.000564397278204562,-0.000553215139282033,0.00176481134933421,0.0379472361809045,0,"S7","null",500,70,0.500915658514495,95.3689294814149,0,0,0,"quadratic",0.1,54,0
0.0966201618410844,0.0331641129707714,0.998837057254143,1,-0.0443726622881753,NA,0.553421437731963,0,-0.00375450622686341,NA,0.0553741135812969,0,-0.00297880449711448,0.0030710268122663,0.00255755445863895,0.0638492462311558,0,"S7","null",500,70,0.500915658514495,101.669725099246,0,0,0,"quadratic",0.1,55,0
0.132814182723481,0.0552681203158638,0.999992141816841,1,-0.0426165984907667,NA,0.495755505976388,0,-0.00219923241086683,NA,0.041141726900875,0,-0.0127234678840467,0.0144787948501725,0.00723593589388371,0.186042713567839,0,"S7","null",500,70,0.500915658514495,85.3568306646447,0,0,0,"quadratic",0.1,56,0
0.100977840503423,0.0213038117764919,0.989751182717856,1,-0.0905953400778119,NA,0.831900860793224,0,-0.00330361729349883,NA,0.0493038852994922,0,-0.0161016921588996,-0.00843117823942002,0.00550231009774137,0.154997487437186,0,"S7","null",500,70,0.500915658514495,72.1360707687377,0,0,0,"quadratic",0.1,57,0
0.10669572739496,0.0775373282042517,0.999999952096544,1,0.00281138941321764,NA,0.038964875200471,0,0.00134005381495524,NA,0.039285151939497,0,0.0277164095243039,0.164144622254411,0.00709741065131325,0.97612311557789,1,"S7","null",500,70,0.500915658514495,109.621653430895,0,0,0,"quadratic",0.1,58,0
0.162548087403044,0.0230389263824529,0.999974747534841,1,0.0333297614504803,NA,0.404037551040039,0,0.00205089479991425,NA,0.0415831141540995,0,0.00366934208538186,-0.00509947875728701,0.00348533600325708,0.0762085427135678,0,"S7","null",500,70,0.500915658514495,83.6213729761991,0,0,0,"quadratic",0.1,59,0
0.0717739086535939,0.0337914848093247,0.974175244831475,1,-0.0182781020080537,NA,0.225331019479022,0,-0.000646474388490402,NA,0.0335630709614367,0,0.000709882872514161,0.00057170065705357,0.00187860244243554,0.0363165829145729,0,"S7","null",500,70,0.500915658514495,85.6651824359411,0,0,0,"quadratic",0.1,60,0
0.032675089772327,0.0581064847052617,0.997556780883829,1,-0.158433158096019,NA,0.982279119235817,1,-0.0431455040246165,NA,0.270030035710999,0,-0.0343937195642851,0.00163496940157136,0.00970125479217514,0.238077889447236,0,"S7","null",500,70,0.500915658514495,75.8345044729895,0,0,0,"quadratic",0.1,61,0
0.147580801812881,0.0104350103033298,0.999948482387405,1,-0.0250807857980615,NA,0.314258701434365,0,-8.83750925117961e-05,NA,0.0324441101765937,0,0.000586466789468001,0.00358199567990204,0.00212416999635267,0.0560502512562814,0,"S7","null",500,70,0.500915658514495,90.9827080533616,0,0,0,"quadratic",0.1,62,0
0.1968631496376,0.0506329016202588,0.999999997910494,1,-0.00479379194822105,NA,0.0596087105940093,0,-0.00129946882239743,NA,0.0361765366064703,0,0.00159749523732996,-0.00635971015375501,0.00362653297394221,0.0837663316582915,0,"S7","null",500,70,0.500915658514495,78.4987290662469,0,0,0,"quadratic",0.1,63,0
0.0968105751076371,0.0492635271316279,0.999815735656476,1,-0.0177086454687218,NA,0.233577336288616,0,-0.000853538317625526,NA,0.0347084229488303,0,0.000373881600492508,0.00018265752287425,0.00170744719236085,0.0326834170854271,0,"S7","null",500,70,0.500915658514495,91.3045277515523,0,0,0,"quadratic",0.1,64,0
0.162054003816602,0.0584028702526644,0.999999966800621,1,0.0275154594550686,NA,0.334741647541217,0,0.00135312449503155,NA,0.0371633521409869,0,0.00865292423313859,0.0316091584282744,0.0112054989334546,0.314962311557789,0,"S7","null",500,70,0.500915658514495,82.3989576784677,0,0,0,"quadratic",0.1,65,0
0.184075802886793,0.0545433300996956,0.999999993164256,1,0.0509737725013833,NA,0.588035940459855,0,0.00370343509692207,NA,0.0562188593048074,0,0.0043100537768034,0.00183222677720516,0.00247869248634596,0.0632386934673367,0,"S7","null",500,70,0.500915658514495,98.3402605930167,0,0,0,"quadratic",0.1,66,0
0.151714430777913,0.0365468925901332,0.999997660175672,1,-0.00459369255434229,NA,0.0557476860307804,0,-0.00139955842722065,NA,0.0370207159033362,0,-0.000223695830514381,0.00947195540034149,0.00462042417321724,0.115927135678392,0,"S7","null",500,70,0.500915658514495,74.7388325000948,0,0,0,"quadratic",0.1,67,0
0.138622298097611,0.0614591350464545,0.999999907382086,1,-0.0672651438625233,NA,0.7150128105293,0,-0.0016743596190076,NA,0.0386751119275218,0,-0.0335528120799068,0.0169330885166115,0.00919385356486193,0.288542713567839,0,"S7","null",500,70,0.500915658514495,82.2585659973384,0,0,0,"quadratic",0.1,68,0
0.206195551194859,0.0288107662256123,0.999999936475293,1,-0.0291975234754372,NA,0.319016322122923,0,-0.000426803157909409,NA,0.0328806562356333,0,-0.00331039260264536,0.000465226253223828,0.00247237726351101,0.0485829145728643,0,"S7","null",500,70,0.500915658514495,68.4977770834113,0,0,0,"quadratic",0.1,69,0
0.125280223265605,0.0496081103680386,0.999932804782986,1,-0.0573344030094633,NA,0.633048130777732,0,-0.00168696710540157,NA,0.0395757342886091,0,-0.00364305933608443,0.00094058598358836,0.00223288575961491,0.0525201005025126,0,"S7","null",500,70,0.500915658514495,101.464741041184,0,0,0,"quadratic",0.1,70,0
0.100208590121557,0.0398672057787466,0.999369189337385,1,-0.0287944077887161,NA,0.377294372552974,0,-0.001215802219963,NA,0.0362026132150794,0,-0.00490568078575551,0.00680585324973232,0.00533680977956671,0.110665829145729,0,"S7","null",500,70,0.500915658514495,97.3811911796298,0,0,0,"quadratic",0.1,71,0
0.0852807091731348,0.05245966508332,0.999672436200779,1,-0.040566033545246,NA,0.502619002736783,0,-0.00189478067868636,NA,0.0408810463153517,0,-0.00154723637075156,0.00107852800607032,0.00199121608896398,0.0405276381909548,0,"S7","null",500,70,0.500915658514495,94.1611964372577,0,0,0,"quadratic",0.1,72,0
0.101631034350165,0.00905511447774087,0.988864484240795,1,-0.0401311165241243,NA,0.486244666761794,0,-0.00196467530008102,NA,0.0410391989791646,0,-0.00714043052681029,-0.00137400508119473,0.00356337551028969,0.0765678391959799,0,"S7","null",500,70,0.500915658514495,89.6939974749085,0,0,0,"quadratic",0.1,73,0
0.0974958975891751,0.073861179924646,0.999999694619035,1,-0.122034256800024,NA,0.945603251462754,0,-0.00966304016741057,NA,0.0900431593997516,0,-0.087799574124677,0.0357726101249564,0.0202873629703104,0.582050251256281,1,"S7","null",500,70,0.500915658514495,72.6860998989537,0,0,0,"quadratic",0.1,74,0
0.166172619430714,0.0472857315024834,0.999997708977448,1,-0.0241174538525437,NA,0.275517144439054,0,0.00140485353594349,NA,0.0375343526636216,0,-0.00536670117834877,0.00547861374147247,0.00381251600174089,0.0932286432160804,0,"S7","null",500,70,0.500915658514495,78.9656216723195,0,0,0,"quadratic",0.1,75,0
0.157164467128676,0.0278763031919462,0.999994020990671,1,0.0265709331666836,NA,0.335275373891488,0,0.00242240357268181,NA,0.0450715689395829,0,0.00211652884868983,0.00261829916014593,0.00263142279527298,0.0588341708542714,0,"S7","null",500,70,0.500915658514495,98.4564645362453,0,0,0,"quadratic",0.1,76,0
0.194043540542768,0.051270573422116,0.999999999861449,1,0.0886856165142721,NA,0.874890797035004,0,0.00387055979308558,NA,0.0563178740946243,0,0.076558210603602,0.0528018624387024,0.0198454759250087,0.643125628140704,1,"S7","null",500,70,0.500915658514495,100.397810868525,0,0,0,"quadratic",0.1,77,0
0.141368031342943,0.0742634999998699,0.999999933882806,1,-0.071794673217283,NA,0.696398425296666,0,-0.00586366737024464,NA,0.0619745741122749,0,-0.00971098134876201,-0.00117508452965123,0.00302087596786202,0.0906758793969849,0,"S7","null",500,70,0.500915658514495,78.0207783161664,0,0,0,"quadratic",0.1,78,0
0.197124454161097,0.019080375717367,0.999999934963287,1,0.0499200883323732,NA,0.555699662406835,0,0.00158975593215159,NA,0.0378216276516093,0,0.00232503192958285,0.000644725973837858,0.00215292449381113,0.0440427135678392,0,"S7","null",500,70,0.500915658514495,79.084168836792,0,0,0,"quadratic",0.1,79,0
0.125137196311526,0.0295492143028,0.999161921624028,1,-0.0961081711135322,NA,0.863253243878461,0,-0.0154018024722911,NA,0.123575979944312,0,-0.0207115164125567,-0.000920133866741758,0.00495331977070329,0.164997487437186,0,"S7","null",500,70,0.500915658514495,90.2725516660945,0,0,0,"quadratic",0.1,80,0
0.107300824241684,0.0685974992916859,0.99994765582481,1,-0.0823363949146013,NA,0.735256099653324,0,-0.00397272260290551,NA,0.0504777100846892,0,-0.0312724116024559,0.0210078252650721,0.0108907343721994,0.26428391959799,0,"S7","null",500,70,0.500915658514495,67.5241343828973,0,0,0,"quadratic",0.1,81,0
0.118960226176574,0.0499074238266836,0.999925395433365,1,-0.0330492956208969,NA,0.438338669457161,0,-0.00182607827166678,NA,0.041074419429666,0,-0.00367123468799048,-0.00857209550431613,0.00441997826742094,0.108650753768844,0,"S7","null",500,70,0.500915658514495,89.6876379956768,0,0,0,"quadratic",0.1,82,0
0.192840131226228,0.107389268131994,1,1,0.104787437949673,NA,0.901248453980827,0,0.0159682146716687,NA,0.134453423288209,0,0.0544859079456812,0.148291946676178,0.00811955863775865,0.974412060301508,1,"S7","null",500,70,0.500915658514495,78.2561415009862,0,0,0,"quadratic",0.1,83,0
0.185564421389288,0.0463165582719766,0.999999999815295,1,0.100057389420826,NA,0.88905191094149,0,0.0100117085530904,NA,0.0977568039046803,0,0.0169994055896973,-0.0051981808965876,0.006062147955005,0.157155778894472,0,"S7","null",500,70,0.500915658514495,82.4106563582391,0,0,0,"quadratic",0.1,84,0
0.0870418100576449,0.0598630404111553,0.999958396079457,1,-0.082502264370164,NA,0.833290889962767,0,-0.00123956210860311,NA,0.0373210177329559,0,-0.0472883308448561,0.0339600530079681,0.0145907123603384,0.41591959798995,0,"S7","null",500,70,0.500915658514495,82.4152418508977,0,0,0,"quadratic",0.1,85,0
0.141026436904306,0.0185843058637181,0.999894875743116,1,0.0409771052861811,NA,0.517668119483473,0,0.00172376622847964,NA,0.0407294114798751,0,0.00612701915620626,0.00121399723182276,0.00231589321867416,0.0749824120603015,0,"S7","null",500,70,0.500915658514495,91.5288791668983,0,0,0,"quadratic",0.1,86,0
0.199356561804142,0.0554775390264523,0.999999994915284,1,0.104302894174572,NA,0.882300228803501,0,0.00550622022508401,NA,0.0604582723421088,0,0.0117754358379765,0.00213869211009774,0.00483282584413382,0.106145728643216,0,"S7","null",500,70,0.500915658514495,83.4271189404529,0,0,0,"quadratic",0.1,87,0
0.166904988410801,0.0544198577771898,0.999998121483551,1,-0.0152172569227567,NA,0.18468144003089,0,0.000140247878135596,NA,0.0324698920253609,0,-0.000270356202000134,-0.000527713457545221,0.00134473213872662,0.0351758793969849,0,"S7","null",500,70,0.500915658514495,80.4098934985,0,0,0,"quadratic",0.1,88,0
0.205380571658615,0.0678661159488849,0.999999998195915,1,0.00281742670307085,NA,0.030988908982841,0,0.000229774396313606,NA,0.0325320871195748,0,0.00679793694660106,0.0126550989097594,0.00645387405243849,0.148437185929648,0,"S7","null",500,70,0.500915658514495,63.5990565903553,0,0,0,"quadratic",0.1,89,0
0.155402587695859,0.0461588051024532,0.999999904747943,1,-0.00999382302771968,NA,0.119122255085893,0,-0.000459750909969539,NA,0.0329820477762067,0,-0.00929887430804379,0.0137541428880299,0.00543918970024326,0.15301256281407,0,"S7","null",500,70,0.500915658514495,67.1353208961382,0,0,0,"quadratic",0.1,90,0
0.109413007718461,0.0238500214060782,0.998078928607376,1,-0.00495161985186903,NA,0.0624701866370667,0,-0.000618814081207918,NA,0.0335159204704967,0,0.00259821994184577,-0.00374157294418671,0.00273352141067378,0.0670427135678392,0,"S7","null",500,70,0.500915658514495,83.4023640231295,0,0,0,"quadratic",0.1,91,0
0.196572841764749,0.0480589691799196,0.999999999515085,1,0.0559894034227722,NA,0.657404771090896,0,0.000491138962898815,NA,0.033053490063498,0,0.00593261319339597,-0.00244166833150549,0.00333192577134324,0.0755050251256281,0,"S7","null",500,70,0.500915658514495,95.8553068653597,0,0,0,"quadratic",0.1,92,0
0.188003926000996,0.0189648028148665,0.999999798486517,1,0.0725967267040873,NA,0.73639129736433,0,0.00454269647542929,NA,0.0568160412158773,0,0.00605366278252839,-0.00130310164022098,0.00374158534895028,0.0711608040201005,0,"S7","null",500,70,0.500915658514495,93.8035717697514,0,0,0,"quadratic",0.1,93,0
0.114649618204692,0.0413067188869918,0.999745090950888,1,-0.112338944643675,NA,0.90546722118356,0,-0.00717115262608307,NA,0.0720864958705415,0,-0.0894581147854051,0.058829927372677,0.0220182336517408,0.696178391959799,1,"S7","null",500,70,0.500915658514495,80.61180615342,0,0,0,"quadratic",0.1,94,0
0.132558964836626,0.0617678148194158,0.999962915985041,1,-0.0127309813231001,NA,0.163890570999594,0,-0.000666834145966511,NA,0.0337478060230395,0,0.00135366191053289,0.00528338681968259,0.00330685406866044,0.0795829145728643,0,"S7","null",500,70,0.500915658514495,100.582713796817,0,0,0,"quadratic",0.1,95,0
0.110756463254604,0.0933216311430416,0.999999990811213,1,-0.0722196431644791,NA,0.740933610576521,0,-0.00277820751508216,NA,0.0462319323739917,0,-0.08114281272087,0.166328542365592,0.00673093432905396,0.975532663316583,1,"S7","null",500,70,0.500915658514495,83.2864085868993,0,0,0,"quadratic",0.1,96,0
0.14403890129888,0.0868654033325658,0.999999997311681,1,0.00889693749351075,NA,0.109246273955776,0,-0.00198856658651747,NA,0.0404227759457496,0,0.00575288566053945,0.00626818684091653,0.00397278294058149,0.0934723618090452,0,"S7","null",500,70,0.500915658514495,86.229521360192,0,0,0,"quadratic",0.1,97,0
0.233751123798874,0.0379930039291352,0.999999999999111,1,0.135330024765977,NA,0.964170533898588,1,0.00667322503043581,NA,0.0678409442094181,0,0.0737009390429662,0.0541874172962695,0.0152763660529859,0.58835175879397,1,"S7","null",500,70,0.500915658514495,81.5304582617913,0,0,0,"quadratic",0.1,98,0
0.141024734075869,0.0179503971052965,0.999703432233193,1,0.0775487826986477,NA,0.754611138028752,0,0.00408127178689667,NA,0.0542427849421523,0,0.0020865433557103,-0.0011060298763576,0.00180475149846614,0.0410829145728643,0,"S7","null",500,70,0.500915658514495,83.9363444070296,0,0,0,"quadratic",0.1,99,0
0.26452958297073,0.0334076379245961,1,1,0.199519147504158,NA,0.999376564512347,1,0.100017113981453,NA,0.554596927805471,1,0.141274954682146,0.0286561857899049,0.0134034595207552,0.830447236180905,1,"S7","null",500,70,0.500915658514495,104.733955453449,0,0,0,"quadratic",0.1,100,0
0.221515623851623,0.067394003111322,0.999999999352197,1,0.0602562949393493,NA,0.604362406807914,0,0.00326248108973476,NA,0.0484511940879097,0,0.00672927726971026,0.000352301695709794,0.00322924900650618,0.0686206030150754,0,"S7","null",500,70,0.500915658514495,78.7972270023154,0,0,0,"quadratic",0.2,1,0
0.11899418594036,0.082331999878651,0.999992287069074,1,-0.0325062133469395,NA,0.354983152444334,0,-0.0012598778366778,NA,0.0361875803173561,0,-0.00567848521706439,0.0110531863715244,0.00481681292966602,0.123733668341709,0,"S7","null",500,70,0.500915658514495,89.2303244374629,0,0,0,"quadratic",0.2,2,0
0.147668178542009,0.116691869264664,0.999999999996764,1,0.0294801256092275,NA,0.34506008690204,0,0.000450966507530115,NA,0.032925491195834,0,-0.00775484466383431,0.127790608377068,0.0112940649216993,0.895263819095477,1,"S7","null",500,70,0.500915658514495,88.090144633683,0,0,0,"quadratic",0.2,3,0
0.222324220285218,0.109849048223844,0.999999999997261,1,0.0499391285413429,NA,0.506403050946534,0,0.0033976099464109,NA,0.0486364855056165,0,0.00109522778823179,-0.00150992569563356,0.00196983862174993,0.0421658291457286,0,"S7","null",500,70,0.500915658514495,74.6260399445437,0,0,0,"quadratic",0.2,4,0
0.129233272116566,0.11824743874671,0.999999994049227,1,0.0262920390999835,NA,0.284391369779734,0,0.0011676178263551,NA,0.0359222494233947,0,0.00203454733396991,0.0119986027553144,0.00449838211652355,0.116439698492462,0,"S7","null",500,70,0.500915658514495,76.3194519309491,0,0,0,"quadratic",0.2,5,0
0.189180873777479,0.0541303437059913,0.999999950969771,1,0.0765341241788046,NA,0.728066588700233,0,0.000768592380507079,NA,0.0337814797068116,0,0.00305831753734409,-0.000652242387059492,0.00230658306804549,0.0461256281407035,0,"S7","null",500,70,0.500915658514495,69.2029772255234,0,0,0,"quadratic",0.2,6,0
0.0593415310678052,0.114009113806592,0.999999966222668,1,-0.0514925097686694,NA,0.565034853352076,0,-0.00187450483998504,NA,0.0401140771384269,0,-0.00945146223986692,0.0495167495308401,0.0168910557978632,0.364922110552764,0,"S7","null",500,70,0.500915658514495,105.151673816522,0,0,0,"quadratic",0.2,7,0
0.190339913614047,0.143617816201665,1,1,-0.0213252547470751,NA,0.229521543829583,0,-0.000312723738401445,NA,0.0326357860829888,0,-0.00250155473227621,0.0370013118860315,0.00978802908604782,0.269211055276382,0,"S7","null",500,70,0.500915658514495,74.7480889949244,0,0,0,"quadratic",0.2,8,0
0.175571235656584,0.116345266780353,0.999999999999324,1,-0.00838503071481823,NA,0.0980474645506837,0,-0.000393017360707873,NA,0.0328191204324544,0,0.000821845470568002,0.00593441142923454,0.00282370358041472,0.0802412060301508,0,"S7","null",500,70,0.500915658514495,84.851684436319,0,0,0,"quadratic",0.2,9,0
0.121846711310822,0.105795577644504,0.999999892306595,1,-0.0573901689956842,NA,0.580940455269094,0,-0.00073271484197471,NA,0.0338262395624283,0,-0.00855030982176497,0.00490447470522099,0.00358010841628023,0.0893994974874372,0,"S7","null",500,70,0.500915658514495,77.9474897323424,0,0,0,"quadratic",0.2,10,0
0.102626707160879,0.0948576828737875,0.999996793050925,1,-0.0624362436391268,NA,0.654914884786413,0,-0.00360310566288708,NA,0.0489655796503268,0,-0.00135893539781939,0.000596914239819418,0.00180196965314798,0.0391884422110553,0,"S7","null",500,70,0.500915658514495,83.570786916352,0,0,0,"quadratic",0.2,11,0
0.151571666926538,0.0913144640326785,0.999999879157644,1,0.0416352798599934,NA,0.418354471350019,0,0.0019661651744274,NA,0.0393052278697674,0,0.000914056344260244,0.00483887003865156,0.00288470741041702,0.0689145728643216,0,"S7","null",500,70,0.500915658514495,74.9388291645576,0,0,0,"quadratic",0.2,12,0
0.173012768759926,0.0756658027373837,0.999998577011548,1,-0.0549971885363951,NA,0.558432523083076,0,-0.0016011989972961,NA,0.0380543801341273,0,-0.00396275004016119,0.000808658460749798,0.0019887874822535,0.0519095477386935,0,"S7","null",500,70,0.500915658514495,77.4907440673039,0,0,0,"quadratic",0.2,13,0
0.161627450921658,0.115144215714311,0.999999999996356,1,0.0237810992796272,NA,0.253547172636327,0,0.00110099533612212,NA,0.0348361151188399,0,0.00790504712036867,0.0805566851096934,0.0151952554818004,0.584866834170854,1,"S7","null",500,70,0.500915658514495,72.8717998235213,0,0,0,"quadratic",0.2,14,0
0.165113431264557,0.0986229613747731,0.99999999782841,1,-0.00041523206407027,NA,0.00484816159376056,0,-0.000405392935595459,NA,0.032855428860968,0,0.000611433075486718,0.000566021649225186,0.00157969220382701,0.0374396984924623,0,"S7","null",500,70,0.500915658514495,93.5874763921123,0,0,0,"quadratic",0.2,15,0
0.16536041021335,0.110786818373751,0.99999999998484,1,0.0427226311076985,NA,0.447136516012303,0,0.00184906990422127,NA,0.0382865489535017,0,0.00606032486599031,0.0112339826721422,0.00651057448046468,0.135829145728643,0,"S7","null",500,70,0.500915658514495,82.1409041979575,0,0,0,"quadratic",0.2,16,0
0.164828709677479,0.163718267085982,0.999999999997682,1,0.0580067502465865,NA,0.580888506010301,0,0.00576177767506471,NA,0.0662733471116106,0,0.0031744660797034,0.000175747624719787,0.00216119860970243,0.0482964824120603,0,"S7","null",500,70,0.500915658514495,78.2593028903536,0,0,0,"quadratic",0.2,17,0
0.230866970157528,0.0757567376595876,0.999999999538619,1,0.0980120134146438,NA,0.850640646265736,0,0.00379270045397378,NA,0.0514290582442173,0,0.0277764252375345,0.011202243940121,0.00690662743559219,0.23227135678392,0,"S7","null",500,70,0.500915658514495,96.4658132805347,0,0,0,"quadratic",0.2,18,0
0.140100208381382,0.0918510196871948,0.999999905220709,1,0.00265320819430491,NA,0.0336625021782202,0,0.00060290624865954,NA,0.0335651893520245,0,0.000878518861582942,0.000836457484497828,0.0022028901335643,0.0375628140703518,0,"S7","null",500,70,0.500915658514495,103.642589547065,0,0,0,"quadratic",0.2,19,0
0.177347448461869,0.10262759959201,0.999999999960731,1,-0.00740300952935224,NA,0.0833994939680537,0,0.00180713981907373,NA,0.0392348875023967,0,-0.0111510035482549,0.0483651053116034,0.0150155746721104,0.40205527638191,0,"S7","null",500,70,0.500915658514495,83.9277681914227,0,0,0,"quadratic",0.2,20,0
0.122309686582309,0.110886373388996,0.999999993145193,1,-0.0198413341738172,NA,0.23105608371992,0,-0.00106976685269046,NA,0.0353203526320472,0,-0.00483187662398921,0.0504938517360806,0.0131598031133203,0.410276381909548,0,"S7","null",500,70,0.500915658514495,82.6164505299288,0,0,0,"quadratic",0.2,21,0
0.035345462066641,0.0879726792179339,0.99997950270787,1,-0.122841372567812,NA,0.922586839159914,0,-0.0119407456471654,NA,0.100817330902149,0,-0.175415834274796,0.171120641875709,0.000766668299469011,0.998969849246231,1,"S7","null",500,70,0.500915658514495,78.824353333456,0,0,0,"quadratic",0.2,22,0
0.188699936125987,0.0722928170108293,0.999999998722986,1,0.0864431429556313,NA,0.792802315785571,0,0.00865311317085732,NA,0.0854427103927774,0,0.062264896825189,0.0679544820054021,0.0209437945042596,0.598809045226131,1,"S7","null",500,70,0.500915658514495,76.262438617661,0,0,0,"quadratic",0.2,23,0
0.111769244364052,0.0505250644582348,0.999393520777427,1,-0.0866444234884682,NA,0.761317443147226,0,-0.0048990013930241,NA,0.056126706956374,0,-0.021971684579217,0.0120939803308579,0.00841691854305692,0.180811557788945,0,"S7","null",500,70,0.500915658514495,64.824386923273,0,0,0,"quadratic",0.2,24,0
0.0989867998456489,0.0851837726183164,0.999996216391457,1,-0.00989127135570207,NA,0.095481587452034,0,0.00029898318206418,NA,0.0325520857222448,0,-0.00851840655958109,0.0114855389690372,0.00623730282405001,0.131582914572864,0,"S7","null",500,70,0.500915658514495,56.0438811752607,0,0,0,"quadratic",0.2,25,0
0.133569928910322,0.126349595345535,0.999999998794764,1,0.00210343639664863,NA,0.0228951722173936,0,0.000772935818187346,NA,0.0339351488763924,0,0.0331988717681396,0.121878472896182,0.0168880069904886,0.813153266331658,1,"S7","null",500,70,0.500915658514495,99.7331813802797,0,0,0,"quadratic",0.2,26,0
0.127425390201811,0.0791833385258542,0.99999147596198,1,0.017683306283153,NA,0.197283858206476,0,0.000846509228337752,NA,0.0342277513566356,0,0.00377997918556783,0.0111845309970699,0.00412030142634023,0.117698492462312,0,"S7","null",500,70,0.500915658514495,84.0945857695752,0,0,0,"quadratic",0.2,27,0
0.223253067070238,0.106746472283852,0.999999999999978,1,0.107169979183548,NA,0.910753753223149,0,0.0197208118684368,NA,0.163376168928138,0,0.0493415865496575,0.0415064587650781,0.012897089884417,0.447655778894472,0,"S7","null",500,70,0.500915658514495,113.932675927258,0,0,0,"quadratic",0.2,28,0
0.158015477087578,0.0932736085934679,0.999999583646306,1,-0.0275374766370671,NA,0.290743447665064,0,-0.000292812776510513,NA,0.0326291392427062,0,-0.00396995466213297,-0.000583587363092202,0.00221602630545111,0.0523793969849246,0,"S7","null",500,70,0.500915658514495,75.8997871909364,0,0,0,"quadratic",0.2,29,0
0.183037251797804,0.106957569110067,0.999999998865809,1,0.0212323197264026,NA,0.23792630308796,0,0.000852032462950032,NA,0.0342791091410525,0,0.00386214859884755,0.00534294090006753,0.00394497935070297,0.076964824120603,0,"S7","null",500,70,0.500915658514495,81.6047224322403,0,0,0,"quadratic",0.2,30,0
0.135392916328423,0.0976996100898901,0.999999998233395,1,-0.0111396318955046,NA,0.123635340696879,0,-0.000494628865071426,NA,0.0329642827601712,0,0.000954895291662669,0.0158400327079818,0.00659335370499431,0.163354271356784,0,"S7","null",500,70,0.500915658514495,75.0311480376456,0,0,0,"quadratic",0.2,31,0
0.165148856957428,0.0486353299919753,0.999998721620508,1,-0.00236475676895874,NA,0.0281730951433394,0,0.000660568858861274,NA,0.0335807286756428,0,0.000679263168699992,-0.00589466684185723,0.00370337081295383,0.0847286432160804,0,"S7","null",500,70,0.500915658514495,69.8037882845085,0,0,0,"quadratic",0.2,32,0
0.135309267937161,0.0667725168845781,0.999996021271804,1,0.0882981955790942,NA,0.854565256941892,0,0.0121746810383179,NA,0.117512522485011,0,0.022556418937729,0.0165005974652866,0.00849140539654957,0.253673366834171,0,"S7","null",500,70,0.500915658514495,126.917254034473,0,0,0,"quadratic",0.2,33,0
0.159762881517992,0.0873025193839787,0.999999893721199,1,0.0654316482720115,NA,0.660712323556483,0,0.00545457742355065,NA,0.0665488968148174,0,0.00385578077642944,0.000164549080505791,0.00237955809549421,0.0543015075376884,0,"S7","null",500,70,0.500915658514495,83.1371465092442,0,0,0,"quadratic",0.2,34,0
0.0890780162478619,0.123130812664439,0.999999996693014,1,-0.059358442361835,NA,0.633569122635464,0,-0.00161154225185526,NA,0.0384113643401088,0,-0.00626756370831312,0.0131058019073878,0.00574262174007479,0.145924623115578,0,"S7","null",500,70,0.500915658514495,84.654808500435,0,0,0,"quadratic",0.2,35,0
0.171875175608044,0.104155644214501,0.999999977680415,1,0.0403235741385419,NA,0.449407117390465,0,0.000861514135978788,NA,0.0343346132706841,0,0.00194568348494781,0.000967261103722003,0.00191322918576894,0.0411155778894472,0,"S7","null",500,70,0.500915658514495,95.3485427143543,0,0,0,"quadratic",0.2,36,0
0.145385139136697,0.0598472554659127,0.999905901825589,1,-0.0905755746443312,NA,0.776180578421905,0,-0.00365828638912322,NA,0.049119220298952,0,-0.0154261398980448,0.00152979149390046,0.00443593539257559,0.120198492462312,0,"S7","null",500,70,0.500915658514495,74.076355274477,0,0,0,"quadratic",0.2,37,0
0.169016578416391,0.168563823379636,1,1,-0.00521332653118451,NA,0.0672003585478107,0,0.000658183284957757,NA,0.0337909215450387,0,0.00655552888115623,0.167471298214817,0.00614085448003972,0.981939698492462,1,"S7","null",500,70,0.500915658514495,107.609430532834,0,0,0,"quadratic",0.2,38,0
0.158609282197938,0.0890347151588885,0.999999989765598,1,0.0131932521230317,NA,0.154368070456939,0,0.00022507094948428,NA,0.0325477044221732,0,0.012859775050264,0.0775326737826166,0.0180087634947176,0.562477386934673,1,"S7","null",500,70,0.500915658514495,84.7099354689832,0,0,0,"quadratic",0.2,39,0
0.148227839925285,0.0560913515523939,0.999958822179356,1,-0.0116952480031064,NA,0.130829932481443,0,-0.000631926722222842,NA,0.0334235460646179,0,-0.00236225997816587,0.00145407868934652,0.0021168381889428,0.0489070351758794,0,"S7","null",500,70,0.500915658514495,89.0955642939232,0,0,0,"quadratic",0.2,40,0
0.145314374568715,0.100613973421717,0.999999980556997,1,-0.0309450341386014,NA,0.352913245904826,0,-2.68388391807396e-06,NA,0.0324153327208275,0,-0.0146024139275085,0.0605777119179986,0.0131369827962761,0.460062814070352,0,"S7","null",500,70,0.500915658514495,94.4219116079738,0,0,0,"quadratic",0.2,41,0
0.0421594637210464,0.10302060528536,0.999993783814393,1,-0.0803182240300112,NA,0.830747588686766,0,-0.00320743468234448,NA,0.0527249925537702,0,-0.0163934538195825,0.0197592516765476,0.0100366466738212,0.23656783919598,0,"S7","null",500,70,0.500915658514495,112.169888789878,0,0,0,"quadratic",0.2,42,0
0.180594029324601,0.112022111796244,0.999999999174949,1,0.0753254903795653,NA,0.72365224693536,0,0.00414737569437326,NA,0.0536460863154792,0,0.0089658615490392,-0.00123634203583773,0.00383845201442643,0.0873316582914573,0,"S7","null",500,70,0.500915658514495,84.5886541764986,0,0,0,"quadratic",0.2,43,0
0.157247728976207,0.138366061535655,0.999999999999081,1,-0.0239842004789334,NA,0.255489428366099,0,-0.000781102890455596,NA,0.033710525734434,0,-0.00467861596238694,0.00645566412484507,0.00394927432646537,0.0833492462311558,0,"S7","null",500,70,0.500915658514495,79.663336029454,0,0,0,"quadratic",0.2,44,0
0.135652907959615,0.0970047274350306,0.99999994046737,1,-0.054885045155932,NA,0.571906072165143,0,-0.00122255899641573,NA,0.0362281520118339,0,-0.00493491262590992,0.00266881896375405,0.0026134884006073,0.0657964824120603,0,"S7","null",500,70,0.500915658514495,95.0481034292322,0,0,0,"quadratic",0.2,45,0
0.188396185654566,0.0866355474087356,0.99999999926484,1,0.0264937955602276,NA,0.285821685893653,0,0.000932179418963743,NA,0.0342222036935156,0,0.00174985994200987,0.00093075966946296,0.00189866598240037,0.0411959798994975,0,"S7","null",500,70,0.500915658514495,74.256131772634,0,0,0,"quadratic",0.2,46,0
0.232457663771353,0.0972399837331012,0.999999999971596,1,0.0126540377109474,NA,0.135721408603974,0,0.000702920025422557,NA,0.0334513278943044,0,0.00567664990771247,0.0156363616196883,0.00713042644447246,0.140474874371859,0,"S7","null",500,70,0.500915658514495,85.6523651391592,0,0,0,"quadratic",0.2,47,0
0.116548766511748,0.0839476199038173,0.999995773853948,1,-0.0556763159485609,NA,0.559466396058271,0,-0.000661468924096285,NA,0.0335775614380642,0,-0.00607919580292401,0.00359954077057724,0.00318293381499371,0.0760326633165829,0,"S7","null",500,70,0.500915658514495,95.3305925835431,0,0,0,"quadratic",0.2,48,0
0.117748023324594,0.113373840001168,0.999999999101527,1,-0.0427847803847225,NA,0.451524094597021,0,-0.00144579721411492,NA,0.0367108742943081,0,-0.0034887255277988,0.00494321914999506,0.00321291254959843,0.0750678391959799,0,"S7","null",500,70,0.500915658514495,76.860201495963,0,0,0,"quadratic",0.2,49,0
0.0339544878554011,0.0673613062724737,0.994826496187409,1,-0.165520595864224,NA,0.981074785774725,1,-0.0360589859733684,NA,0.229990538102019,0,-0.0805926611172835,-0.0177823236029257,0.0162750316504631,0.453052763819095,0,"S7","null",500,70,0.500915658514495,82.8996210871935,0,0,0,"quadratic",0.2,50,0
0.0315304356992846,0.0773380936230046,0.999484560315106,1,-0.181971974604368,NA,0.986155755881672,1,-0.0519840386745202,NA,0.287404412732459,0,-0.205939085584045,-0.0129596466453087,0.013975959538124,0.853793969849246,1,"S7","null",500,70,0.500915658514495,63.519898898111,0,0,0,"quadratic",0.2,51,0
0.205020618063586,0.0781198681415466,0.999999998325698,1,0.0133788297480107,NA,0.157148455592371,0,7.24741092477512e-05,NA,0.0324314183867241,0,0.000360877300454105,-0.000280595474343124,0.00211481967450006,0.0363542713567839,0,"S7","null",500,70,0.500915658514495,86.0254450920493,0,0,0,"quadratic",0.2,52,0
0.164135978735697,0.0936179156749,0.999999772201677,1,0.0582285814345571,NA,0.618758684876376,0,0.00185308564737354,NA,0.0387820378354532,0,0.0614270236285249,0.0806232421163263,0.0173796114571622,0.684113065326633,1,"S7","null",500,70,0.500915658514495,93.8335049666369,0,0,0,"quadratic",0.2,53,0
0.103482176732632,0.173641882918369,1,1,-0.0698008111479329,NA,0.696691337495573,0,-0.00201544947163564,NA,0.0403524954357113,0,-0.0406622308249152,0.0847090241172206,0.017597021919209,0.630356783919598,1,"S7","null",500,70,0.500915658514495,86.9628819569965,0,0,0,"quadratic",0.2,54,0
0.0750651405011566,0.059682855925801,0.998232460286379,1,0.000597669014427401,NA,0.00792347089396761,0,-0.00182616215870458,NA,0.040509653214588,0,0.00154287357667211,0.00215463096114242,0.0024149991892702,0.0483341708542714,0,"S7","null",500,70,0.500915658514495,95.010847849065,0,0,0,"quadratic",0.2,55,0
0.241074423734033,0.10602556540958,0.999999999999987,1,0.110657298448799,NA,0.825822193065235,0,0.00985124020417432,NA,0.0815273305364396,0,0.0386922502683123,0.0533188483755727,0.0144504939880069,0.461572864321608,0,"S7","null",500,70,0.500915658514495,72.4375544845424,0,0,0,"quadratic",0.2,56,0
0.115985447496711,0.0964403439824368,0.999999656379113,1,-0.0516129255849417,NA,0.565638099103568,0,-0.00121726330999273,NA,0.0368122661551091,0,-0.0493074363460725,0.105229211566133,0.0191594387860459,0.814087939698492,1,"S7","null",500,70,0.500915658514495,88.4936767648767,0,0,0,"quadratic",0.2,57,0
0.21128207998565,0.0650735141406023,0.999999999477718,1,0.0420948404450925,NA,0.452379606864158,0,0.00184935828551187,NA,0.0387058009373062,0,0.00101319938351187,0.00362493803476729,0.00296352821374589,0.0623291457286432,0,"S7","null",500,70,0.500915658514495,79.6870250959063,0,0,0,"quadratic",0.2,58,0
0.113858728852132,0.0985223419305859,0.999999090838525,1,-0.141024490915888,NA,0.95210923162268,1,-0.0100322594429501,NA,0.0881162722444596,0,-0.0589604061825114,0.0104629102868732,0.0136725211096779,0.348175879396985,0,"S7","null",500,70,0.500915658514495,80.6494859257926,0,0,0,"quadratic",0.2,59,0
0.274987865241249,0.073515002182968,0.99999999999992,1,0.0787622828470162,NA,0.687235316701388,0,0.00512004591618098,NA,0.0561656949322736,0,-0.00079124520265715,0.0101824540318396,0.00414146941551119,0.110773869346734,0,"S7","null",500,70,0.500915658514495,71.3689453616968,0,0,0,"quadratic",0.2,60,0
0.209864682695022,0.0932286142729944,0.999999999958143,1,0.0922222540124185,NA,0.820832532638157,0,0.00373090175988824,NA,0.0507522142703388,0,0.0145744552200597,-0.00318729054579561,0.00693468721149111,0.122972361809045,0,"S7","null",500,70,0.500915658514495,75.3766288335642,0,0,0,"quadratic",0.2,61,0
0.152209877899696,0.1330174323493,0.999999999963236,1,-0.0893826778116491,NA,0.772231230781959,0,-0.00376922813949758,NA,0.0489339775992416,0,-0.0207596440738278,0.0353882497976708,0.010793302651416,0.301685929648241,0,"S7","null",500,70,0.500915658514495,76.7260775365395,0,0,0,"quadratic",0.2,62,0
0.164856339659897,0.132185904546292,0.999999999999588,1,0.046497334968761,NA,0.520157164743203,0,0.002134071862214,NA,0.0415109220549039,0,0.0139932328712454,0.0160380081173484,0.00933866235650517,0.180517587939698,0,"S7","null",500,70,0.500915658514495,91.357600044387,0,0,0,"quadratic",0.2,63,0
0.171418645494668,0.155797050144844,0.999999999999957,1,-0.00169621248083158,NA,0.0186232004480387,0,0.000481626366816309,NA,0.0330447283481864,0,-0.00284261845274719,0.00294525134019353,0.00259475502792868,0.0560452261306533,0,"S7","null",500,70,0.500915658514495,80.8763090529292,0,0,0,"quadratic",0.2,64,0
0.164149551467499,0.148121659459212,0.999999999999994,1,0.0245499365475199,NA,0.257469808457582,0,0.00104104558619063,NA,0.0346167781528527,0,-0.00714248634268013,0.126907381382425,0.0180586191859383,0.755917085427136,1,"S7","null",500,70,0.500915658514495,72.8510075613325,0,0,0,"quadratic",0.2,65,0
0.177642622124187,0.145896544129917,0.999999999999894,1,-0.0163946839149638,NA,0.166148772791967,0,-8.3117728604943e-05,NA,0.0324298529649123,0,-0.0043859782003965,0.0166560649541348,0.00609758552231864,0.160193467336683,0,"S7","null",500,70,0.500915658514495,66.5084593996209,0,0,0,"quadratic",0.2,66,0
0.114529483635949,0.136172502033136,0.999999999999911,1,-0.00329485481855005,NA,0.0407736555312405,0,-0.00126230799488573,NA,0.03639098241866,0,0.0291640094095983,0.202730218707837,0.00494391716248824,0.989447236180905,1,"S7","null",500,70,0.500915658514495,91.8205727016036,0,0,0,"quadratic",0.2,67,0
0.193990162313088,0.125852135835184,0.999999999999182,1,-0.0124720077916,NA,0.137036844292051,0,-4.31448601325503e-05,NA,0.0324205075476462,0,-0.00142688981122184,0.00189036361763985,0.00195145757826367,0.0462336683417085,0,"S7","null",500,70,0.500915658514495,83.5154415551046,0,0,0,"quadratic",0.2,68,0
0.168067370506929,0.127786266633698,0.999999999999986,1,-0.0420654604269889,NA,0.410846001102207,0,-0.000260522587770008,NA,0.0325673846753576,0,-0.0108251037090392,0.206386041435764,0.00428769218864571,0.992334170854271,1,"S7","null",500,70,0.500915658514495,76.8332894649258,0,0,0,"quadratic",0.2,69,0
0.120790123635493,0.126721752656966,0.999999999996925,1,-0.0311940869840743,NA,0.369492951233641,0,-0.000419982304278429,NA,0.0329428475369277,0,0.00368061811668392,0.0311937594030272,0.0117409514308417,0.313422110552764,0,"S7","null",500,70,0.500915658514495,104.396252930958,0,0,0,"quadratic",0.2,70,0
0.125015886697069,0.0839457820255293,0.999997453273621,1,-0.0586676052654218,NA,0.623929155991682,0,-0.00144514948096037,NA,0.0371384716633672,0,-0.0113027410677934,0.011038334403517,0.00664595155996418,0.144045226130653,0,"S7","null",500,70,0.500915658514495,75.670958843792,0,0,0,"quadratic",0.2,71,0
0.0705204141279299,0.0739092599655617,0.999807575365211,1,-0.034249472655784,NA,0.381337734051739,0,-0.00115220248387628,NA,0.0355309266401633,0,-0.00337620794497546,0.00749872133664366,0.00524446058795005,0.0907361809045226,0,"S7","null",500,70,0.500915658514495,75.4512307008897,0,0,0,"quadratic",0.2,72,0
0.124382379338368,0.148885912424036,0.999999999999999,1,-0.133599385828097,NA,0.934247762382799,0,-0.00952729845092174,NA,0.0834580940891513,0,-0.145671415735205,0.132521581589754,0.0127103805743936,0.90641959798995,1,"S7","null",500,70,0.500915658514495,73.7033661716348,0,0,0,"quadratic",0.2,73,0
0.187799528423462,0.0994607210140096,0.999999997782585,1,-0.00838461687349645,NA,0.0873029877454106,0,-0.000458214138580666,NA,0.0328827433578616,0,0.00263130179085113,0.0178456552024126,0.00732205818793807,0.149223618090452,0,"S7","null",500,70,0.500915658514495,68.8467085483648,0,0,0,"quadratic",0.2,74,0
0.17019599360692,0.0514760488117803,0.99999929878913,1,0.021510386467761,NA,0.242099535431662,0,0.00230173563554212,NA,0.0409129198243516,0,-0.000385471449606605,-0.00237525304540326,0.00202300698249797,0.0466658291457286,0,"S7","null",500,70,0.500915658514495,66.8839949722004,0,0,0,"quadratic",0.2,75,0
0.0557005725844301,0.107861071057937,0.999999840162385,1,-0.128588121945298,NA,0.940968834194874,0,-0.0246005579454786,NA,0.169788201627046,0,-0.0348146906633829,0.0495756085379332,0.0166126934959159,0.47364824120603,0,"S7","null",500,70,0.500915658514495,93.4105793182045,0,0,0,"quadratic",0.2,76,0
0.167830272035734,0.0595721979904435,0.999999643271513,1,0.0673132718345566,NA,0.67690112379592,0,0.00145145163471687,NA,0.03693038879457,0,0.00109695204887917,-0.00481814797349944,0.00301912427889235,0.0655753768844221,0,"S7","null",500,70,0.500915658514495,89.8364111266718,0,0,0,"quadratic",0.2,77,0
0.122814998141115,0.0768920697285544,0.999952970931782,1,-0.088166118147488,NA,0.783829273473128,0,-0.00430415117069576,NA,0.0538384388343422,0,-0.00870333632845672,0.00414154932540399,0.00532157797793161,0.091786432160804,0,"S7","null",500,70,0.500915658514495,82.740885467617,0,0,0,"quadratic",0.2,78,0
0.148256679487968,0.126539923782107,0.999999999984013,1,-0.0442603338293566,NA,0.448142203364496,0,-0.00169071593602031,NA,0.0372401155498291,0,-0.0194194583461765,0.0252042936552438,0.0106104290834408,0.254804020100503,0,"S7","null",500,70,0.500915658514495,68.2039348594986,0,0,0,"quadratic",0.2,79,0
0.274336833814383,0.0759529178428365,0.999999999957059,1,0.133984759868128,NA,0.93833300735684,0,0.012002957461408,NA,0.103614591205552,0,0.0234194281577834,0.00315393201098129,0.00688240448105555,0.165600502512563,0,"S7","null",500,70,0.500915658514495,78.4140888193608,0,0,0,"quadratic",0.2,80,0
0.116826941018163,0.0837211124695625,0.999997253789235,1,0.0143173756630284,NA,0.167450723086614,0,0.00152884683968741,NA,0.0379301493467532,0,0.00321422466641747,0.0859547845335291,0.0166311721589498,0.610065326633166,1,"S7","null",500,70,0.500915658514495,88.0612951522021,0,0,0,"quadratic",0.2,81,0
0.0980057180936738,0.071302813052488,0.999900832295955,1,-0.0349223558015595,NA,0.359812593529115,0,-0.00184952078636811,NA,0.0380219496598436,0,-0.00200786280099498,0.00228212781075438,0.00223398544978371,0.0485804020100503,0,"S7","null",500,70,0.500915658514495,74.2279968569078,0,0,0,"quadratic",0.2,82,0
0.0673649736958296,0.10329116394248,0.999997000392456,1,-0.113651027437022,NA,0.901714665911714,0,-0.00540467095894547,NA,0.061388074717914,0,-0.0716186722311137,0.0602039681290092,0.017021105611226,0.59572864321608,1,"S7","null",500,70,0.500915658514495,90.2294469071261,0,0,0,"quadratic",0.2,83,0
0.192219845960538,0.0966348211715158,0.999999999980749,1,0.00338657440365516,NA,0.0400933993765491,0,0.00210449997418403,NA,0.0422238785931382,0,0.000769993701283318,0.00317262279897955,0.00313515132062015,0.0618190954773869,0,"S7","null",500,70,0.500915658514495,97.0502106324967,0,0,0,"quadratic",0.2,84,0
0.229504789536664,0.103433703591278,0.999999999977394,1,0.0904226417555123,NA,0.783942699510093,0,0.00323629321798104,NA,0.0465200522197928,0,0.00676523304702868,0.0028778846208897,0.003683349971888,0.0758718592964824,0,"S7","null",500,70,0.500915658514495,79.812688193232,0,0,0,"quadratic",0.2,85,0
0.219102162024459,0.0626205614284296,0.999999999583706,1,0.121440803916248,NA,0.918744214398219,0,0.00989392337988934,NA,0.0888988436501939,0,0.0366287453344151,0.0201660028106472,0.0143481831409483,0.289590452261307,0,"S7","null",500,70,0.500915658514495,84.0388688763621,0,0,0,"quadratic",0.2,86,0
0.153066945053844,0.0442215732194195,0.999857005012626,1,-0.0120278030849632,NA,0.129676488150505,0,0.000632039231714344,NA,0.0334545629402663,0,-0.00237588026573365,0.00198609387787968,0.00222829961786287,0.0458793969849246,0,"S7","null",500,70,0.500915658514495,84.8626217090071,0,0,0,"quadratic",0.2,87,0
0.139655478782893,0.100140025054231,0.99999948136381,1,-0.0096181712080427,NA,0.111811433895963,0,-0.000632122281819128,NA,0.0334717594961163,0,0.000702675745104251,0.0031859885009749,0.00238384156924288,0.0502587939698492,0,"S7","null",500,70,0.500915658514495,99.4542846047095,0,0,0,"quadratic",0.2,88,0
0.152041883197072,0.0536750016025848,0.999938579100256,1,0.0087315030053285,NA,0.0987077872900142,0,0.000275286345221376,NA,0.0326030447658778,0,0.000603711372512212,0.0028184176473803,0.00228686019092959,0.0517964824120603,0,"S7","null",500,70,0.500915658514495,92.9020067596466,0,0,0,"quadratic",0.2,89,0
0.0903469939233273,0.125158434643946,0.999999964312169,1,-0.0803519930889652,NA,0.728226213006489,0,-0.00482083075501843,NA,0.0554255643997087,0,-0.0366090476882911,0.030955096519635,0.0129604353243302,0.32628391959799,0,"S7","null",500,70,0.500915658514495,74.9200707056833,0,0,0,"quadratic",0.2,90,0
0.089729943606574,0.0669331877425699,0.9998795619353,1,-0.0517294436497646,NA,0.579648400609834,0,-0.00150870714281028,NA,0.0380623789212493,0,-0.0676021221775295,0.133709251315998,0.0176492047879116,0.856457286432161,1,"S7","null",500,70,0.500915658514495,89.0047233087439,0,0,0,"quadratic",0.2,91,0
0.198956991453047,0.0725045461708933,0.999999969389171,1,0.0800678771435797,NA,0.756423864686776,0,0.00515540327874785,NA,0.0621268223714208,0,0.00498862783966946,0.00269921058932391,0.00303128441042742,0.0687211055276382,0,"S7","null",500,70,0.500915658514495,88.9350281679383,0,0,0,"quadratic",0.2,92,0
0.0932147786396084,0.0991014902967152,0.999993347808743,1,-0.0843201290993948,NA,0.793705830927152,0,-0.00227766791620605,NA,0.042963412694599,0,-0.0185263164839839,0.0308320557619309,0.0133224514084681,0.281610552763819,0,"S7","null",500,70,0.500915658514495,90.8338664908398,0,0,0,"quadratic",0.2,93,0
0.148551734623447,0.0616271146230671,0.999987918365835,1,0.0538622442406841,NA,0.532483224367314,0,0.00241321421565298,NA,0.0412116403398262,0,0.02314929903746,0.0314721152820146,0.0120418646014512,0.277964824120603,0,"S7","null",500,70,0.500915658514495,70.6229200005404,0,0,0,"quadratic",0.2,94,0
0.202105984114393,0.135646983810629,1,1,-0.0205505111254278,NA,0.231606368383317,0,-0.000425848433402411,NA,0.0328328154785502,0,-0.033914800966646,0.136402091748685,0.0115683709239205,0.920412060301508,1,"S7","null",500,70,0.500915658514495,84.2457383919998,0,0,0,"quadratic",0.2,95,0
0.250156948743849,0.132437063727836,1,1,0.157258765309594,NA,0.960010606700916,1,0.0218040316783041,NA,0.146971457393601,0,0.109794437710658,0.0993049774289343,0.0182395179968267,0.748869346733668,1,"S7","null",500,70,0.500915658514495,76.620123679414,0,0,0,"quadratic",0.2,96,0
0.121406713971589,0.134897779816072,0.999999999965021,1,-0.0432728532471601,NA,0.45231596076423,0,-0.00171327327920024,NA,0.0382297392881327,0,-0.00220751625866995,0.0324430553987617,0.00966258649548722,0.264467336683417,0,"S7","null",500,70,0.500915658514495,83.4645909809047,0,0,0,"quadratic",0.2,97,0
0.110746338645037,0.0552529888119956,0.999872146132081,1,-0.0237653271002131,NA,0.279943287140914,0,-0.00124133365195025,NA,0.035710948802691,0,-0.00206230556816421,0.00713263442557938,0.004311804769231,0.0927085427135678,0,"S7","null",500,70,0.500915658514495,92.7044970809226,0,0,0,"quadratic",0.2,98,0
0.117135986455274,0.117054302721831,0.99999999516005,1,-0.0322463740689917,NA,0.366619391327324,0,7.870357210047e-05,NA,0.0324329072455999,0,-0.000764159892602954,-4.33312399107455e-05,0.00156835754905599,0.0341306532663317,0,"S7","null",500,70,0.500915658514495,71.1736462893283,0,0,0,"quadratic",0.2,99,0
0.117326243717514,0.12391324528452,0.999999999989226,1,-0.0127737864364689,NA,0.152688315787746,0,0.000599562864342245,NA,0.0336539279064179,0,-0.00267629015284251,0.00700678654306654,0.00544599459332968,0.100125628140704,0,"S7","null",500,70,0.500915658514495,103.095416466598,0,0,0,"quadratic",0.2,100,0
0.356770006519792,0.123953213423709,1,1,0.278390808044343,NA,0.998843432001792,1,0.101154566002277,NA,0.437163831459005,0,0.291653160977365,0.151521646324963,0.00160342666378525,0.997449748743719,1,"S7","null",500,70,0.500915658514495,74.8366270527251,0,0,0,"quadratic",0.3,1,0
0.188420105281567,0.176908779837385,0.999999999999999,1,0.0538363930019342,NA,0.470496342515592,0,0.00185211725260914,NA,0.0374149827164004,0,0.0250115270610979,0.0947929534678047,0.016586185861948,0.514748743718593,1,"S7","null",500,70,0.500915658514495,71.6392759633598,0,0,0,"quadratic",0.3,2,0
0.188534478269544,0.0577786148254832,0.999976230202601,1,0.0426105606003241,NA,0.398620752064108,0,-6.96705504982031e-05,NA,0.0324239662793636,0,-0.000445013599339396,-0.000382649499072137,0.00133079691021124,0.0315778894472362,0,"S7","null",500,70,0.500915658514495,76.7381637016275,0,0,0,"quadratic",0.3,3,0
0.0999392136899989,0.140367020434271,0.999999978017725,1,-0.0238629813281707,NA,0.248435574217559,0,-0.000808990985756424,NA,0.0339335327782993,0,-0.00263015573530199,0.0212534223657052,0.00699037920025437,0.173261306532663,0,"S7","null",500,70,0.500915658514495,90.1127594312592,0,0,0,"quadratic",0.3,4,0
0.100442949148706,0.12850535039098,0.999999775564039,1,-0.0491265651799779,NA,0.464560260433606,0,-0.000465784033400101,NA,0.0329028036841073,0,-0.0149135698723467,0.0305760549541144,0.00878380721448745,0.286291457286432,0,"S7","null",500,70,0.500915658514495,85.1518588295773,0,0,0,"quadratic",0.3,5,0
0.112294871928565,0.136481537820305,0.999999913160571,1,0.0249315921350829,NA,0.224952800112272,0,0.00260174832392712,NA,0.0411702805620028,0,0.0111545283911296,0.00367368280474494,0.00501562798377064,0.0993969849246231,0,"S7","null",500,70,0.500915658514495,62.6724934032292,0,0,0,"quadratic",0.3,6,0
0.201505992974736,0.179875297348829,0.999999999999999,1,0.0922725203261019,NA,0.742118011371491,0,0.00307015366665852,NA,0.0441728511656738,0,0.00639897806122223,0.00288510734336336,0.00345682283409628,0.0686608040201005,0,"S7","null",500,70,0.500915658514495,78.8458323541073,0,0,0,"quadratic",0.3,7,0
0.0841495666125942,0.122107770888801,0.999998779969183,1,0.0423658198132546,NA,0.419718448749785,0,0.00222753343451503,NA,0.0404836992403114,0,0.00799240759558908,0.015946044679881,0.0071518523520204,0.156311557788945,0,"S7","null",500,70,0.500915658514495,95.8597397202778,0,0,0,"quadratic",0.3,8,0
0.16225488086941,0.124554566317747,0.99999993613037,1,0.0113743181125799,NA,0.111867872644323,0,0.000890338747458022,NA,0.0340175150154419,0,0.00202955242148735,0.137198750070042,0.0153124829187618,0.730989949748744,1,"S7","null",500,70,0.500915658514495,84.3084756611324,0,0,0,"quadratic",0.3,9,0
0.0718107230793742,0.125558315643754,0.99999968794945,1,-0.117973301168298,NA,0.878415387925312,0,-0.0117953769124917,NA,0.0939864963987584,0,-0.0358521568086524,0.0347752891600587,0.0135560412390374,0.334238693467337,0,"S7","null",500,70,0.500915658514495,88.1101888564983,0,0,0,"quadratic",0.3,10,0
0.260868262686476,0.0978500904608363,0.999999999965785,1,0.0862885023458506,NA,0.691250015526996,0,0.00497876430386212,NA,0.0540029304740786,0,0.0110145683133067,0.00531976059937982,0.00513868167806051,0.0968140703517588,0,"S7","null",500,70,0.500915658514495,78.4296153252657,0,0,0,"quadratic",0.3,11,0
0.15145365847694,0.160975116407641,0.999999999999476,1,0.0110714009087887,NA,0.12095514494711,0,0.000698486664603408,NA,0.0335209026030888,0,0.00100311627038409,0.00266286480296107,0.002326343159638,0.0488140703517588,0,"S7","null",500,70,0.500915658514495,86.852425107849,0,0,0,"quadratic",0.3,12,0
0.15033501909387,0.170214140345492,0.999999999997506,1,0.0214164648422565,NA,0.222402210277742,0,0.000623479507641442,NA,0.0332993703884339,0,0.00321436937094869,0.0171062832058479,0.00707823157659625,0.157929648241206,0,"S7","null",500,70,0.500915658514495,95.836561619618,0,0,0,"quadratic",0.3,13,0
0.113488726246173,0.20211796597551,1,1,0.0443022561567968,NA,0.391053381933943,0,0.00242647391348717,NA,0.0407722709872286,0,0.011286446901819,0.00397082802163156,0.00490114872643976,0.0944020100502513,0,"S7","null",500,70,0.500915658514495,77.6522151569817,0,0,0,"quadratic",0.3,14,0
0.0993907230261715,0.15722252050568,0.999999999991586,1,-0.0816382919976307,NA,0.689030372696591,0,-0.00200253503104729,NA,0.0388420669450082,0,-0.00543328485535782,0.0164835921699354,0.00600757050404374,0.148595477386935,0,"S7","null",500,70,0.500915658514495,73.3378127261388,0,0,0,"quadratic",0.3,15,0
0.275423106251154,0.14125910732915,1,1,0.131392690973797,NA,0.893772012204828,0,0.0125017204106166,NA,0.0939974439926728,0,0.0740055154605767,0.0361574392714097,0.0196775130735791,0.429396984924623,0,"S7","null",500,70,0.500915658514495,81.0201781493964,0,0,0,"quadratic",0.3,16,0
0.298368529123162,0.10680996468548,0.999999999999736,1,0.0294396075603631,NA,0.263091944711728,0,0.00194730437168444,NA,0.0380053077339302,0,0.0110106078759559,0.0306404339952055,0.00826659057121703,0.227786432160804,0,"S7","null",500,70,0.500915658514495,80.5414049629355,0,0,0,"quadratic",0.3,17,0
0.117093151335904,0.196610415104326,0.999999999999998,1,-0.0468569635203808,NA,0.501347577398336,0,-0.00182733169133123,NA,0.0397509431956761,0,-0.0160053319013238,0.0847659374738132,0.0193172597922905,0.592150753768844,1,"S7","null",500,70,0.500915658514495,109.246691400404,0,0,0,"quadratic",0.3,18,0
0.0916340504452214,0.147806555738295,0.999999997744067,1,-0.0639943690966379,NA,0.580850718737574,0,-0.000826208823241306,NA,0.0338856214982327,0,-0.0660925675743614,0.114826741147654,0.0141726554066842,0.657120603015075,1,"S7","null",500,70,0.500915658514495,84.9644589836434,0,0,0,"quadratic",0.3,19,0
0.0964323766784365,0.13775184462127,0.99999998257129,1,-0.10003533300497,NA,0.808792603084159,0,-0.00542568923070861,NA,0.06092471826723,0,-0.0105370207586472,0.00396119003263306,0.00316452156179595,0.0960904522613065,0,"S7","null",500,70,0.500915658514495,93.1767415813158,0,0,0,"quadratic",0.3,20,0
0.188836071779775,0.0985293803310007,0.999999945140885,1,-0.0478628854753119,NA,0.415498599917314,0,-0.000770455388992389,NA,0.0334710713218414,0,-0.0087739336490997,0.0511111157361826,0.0144004905809425,0.363532663316583,0,"S7","null",500,70,0.500915658514495,78.6798476712143,0,0,0,"quadratic",0.3,21,0
0.298409827149475,0.147682835214555,1,1,0.251264549396175,NA,0.998797708853644,1,0.144374359834779,NA,0.639608717336504,1,0.274384257688539,0.086885823230712,0.00487321382680266,0.986572864321608,1,"S7","null",500,70,0.500915658514495,94.859782147692,0,0,0,"quadratic",0.3,22,0
0.170554322844962,0.127404844351578,0.999999999628788,1,-0.0250855459271135,NA,0.248080105483289,0,-0.00049164420196329,NA,0.032942892408138,0,-0.0582120500240642,0.155734865914849,0.0117887027644981,0.936736180904523,1,"S7","null",500,70,0.500915658514495,93.5755169880944,0,0,0,"quadratic",0.3,23,0
0.193502661669667,0.195247829004239,1,1,0.120235676579992,NA,0.86010233286942,0,0.0093507891683461,NA,0.0787810877997464,0,0.125010344793888,0.0844812171737883,0.0151613551125102,0.720417085427136,1,"S7","null",500,70,0.500915658514495,86.8162102825142,0,0,0,"quadratic",0.3,24,0
0.0710897348779191,0.123865802698112,0.999985896734253,1,-0.12503808282964,NA,0.89351286011673,0,-0.00989754034605204,NA,0.0859724850697773,0,-0.090158550969989,0.108013896581423,0.0191347505630816,0.749324120603015,1,"S7","null",500,70,0.500915658514495,97.6026542177496,0,0,0,"quadratic",0.3,25,0
0.292406497970317,0.195819625485759,1,1,0.28388123357314,NA,0.999751789856765,1,0.206897369431656,NA,0.834140644529062,1,0.248220577025625,0.292390927232997,NA,1,1,"S7","null",500,70,0.500915658514495,96.778575346252,0,0,0,"quadratic",0.3,26,0
0.231781211937179,0.133769625664537,0.999999999987362,1,0.126517086579943,NA,0.90806807288548,0,0.0139828705024836,NA,0.116089955514072,0,0.0251439191586492,0.00989627051317443,0.00716126004130493,0.179889447236181,0,"S7","null",500,70,0.500915658514495,106.559120681667,0,0,0,"quadratic",0.3,27,0
0.066794896424096,0.166120386584517,0.999999999998258,1,-0.0139009670443189,NA,0.140473716561352,0,7.03014184317546e-06,NA,0.0324154301344208,0,-0.0172399196872274,0.118743336434499,0.0139825404074019,0.722379396984925,1,"S7","null",500,70,0.500915658514495,98.6364261110648,0,0,0,"quadratic",0.3,28,0
0.106445501210217,0.164927740862191,0.999999996781392,1,-0.00994905262929441,NA,0.10554070224345,0,4.52790150006238e-06,NA,0.0324173740591826,0,-0.000292484826185822,0.00450946044788752,0.0029288166880375,0.05928391959799,0,"S7","null",500,70,0.500915658514495,85.3682031411303,0,0,0,"quadratic",0.3,29,0
0.0790828460278867,0.171438617584334,0.999999999999702,1,-0.13407183843227,NA,0.929745961346263,0,-0.0248890754775239,NA,0.164090905770583,0,-0.0882160399045302,0.0759267408783179,0.0177893843869015,0.629384422110553,1,"S7","null",500,70,0.500915658514495,79.9993862499499,0,0,0,"quadratic",0.3,30,0
0.146800748052285,0.161264044676916,0.99999999999994,1,0.0417730936516573,NA,0.403727406508238,0,0.00141600358200986,NA,0.0358831248775817,0,0.067977058593881,0.170951468521594,0.00865934009278488,0.949829145728643,1,"S7","null",500,70,0.500915658514495,81.8760264459162,0,0,0,"quadratic",0.3,31,0
0.22706072869076,0.057373921036298,0.999999521912282,1,0.126757817407585,NA,0.913431007679142,0,0.00577858117623924,NA,0.0630292242957627,0,0.0203353659074075,0.00635346361916345,0.00669694403775894,0.153821608040201,0,"S7","null",500,70,0.500915658514495,93.3964577172516,0,0,0,"quadratic",0.3,32,0
0.128577731674564,0.172042901666873,0.999999999999997,1,-0.0486542946159815,NA,0.503650016248227,0,-0.00156622107889974,NA,0.0375655428517008,0,-0.031019881821354,0.158406761892534,0.00961748722080082,0.917947236180905,1,"S7","null",500,70,0.500915658514495,102.139360556898,0,0,0,"quadratic",0.3,33,0
0.23502456642973,0.139797716202865,0.999999999999965,1,0.1744318058558,NA,0.963052024946391,1,0.0342457026080812,NA,0.19838447035783,0,0.0192909669991246,-0.00255984872572921,0.0051761650874156,0.127278894472362,0,"S7","null",500,70,0.500915658514495,74.1275444981291,0,0,0,"quadratic",0.3,34,0
0.0826852951324994,0.118657406412274,0.999964630917965,1,-0.0937792001015602,NA,0.744947631923697,0,-0.0044026959382813,NA,0.0527248178109996,0,-0.135245439050317,0.263698461101704,0.000643796523275551,0.999070351758794,1,"S7","null",500,70,0.500915658514495,84.5986223332131,0,0,0,"quadratic",0.3,35,0
0.23287081854469,0.159508192159719,1,1,0.0288080650413016,NA,0.274728645573833,0,0.000497457189044959,NA,0.0328725619579845,0,0.00197440850605549,0.0865586896798246,0.0168239596093286,0.568736180904523,1,"S7","null",500,70,0.500915658514495,84.5631687008592,0,0,0,"quadratic",0.3,36,0
0.171014719110609,0.136553906041358,0.999999999999976,1,0.0803859440360433,NA,0.712761754567285,0,0.00309099816577709,NA,0.0455040519681199,0,0.0329093106757574,0.0357373194211505,0.0146172874341339,0.345952261306533,0,"S7","null",500,70,0.500915658514495,82.5837183975635,0,0,0,"quadratic",0.3,37,0
0.161719948796057,0.116515774514482,0.999998847766362,1,0.108906196032517,NA,0.812115743843473,0,0.00678321719169768,NA,0.0651941332026111,0,0.0159004573258304,0.321276668555965,NA,1,1,"S7","null",500,70,0.500915658514495,87.9169061809851,0,0,0,"quadratic",0.3,38,0
0.114718532008175,0.124093279077605,0.99999865982517,1,-0.110557786827119,NA,0.815517850624389,0,-0.00646957572308061,NA,0.0626940699622995,0,-0.0590246574269291,0.0309994767523954,0.0156360274057774,0.385208542713568,0,"S7","null",500,70,0.500915658514495,81.8349481257095,0,0,0,"quadratic",0.3,39,0
0.0586537168803703,0.170385558181713,0.999999999888352,1,-0.0656768786177865,NA,0.593685597904657,0,-0.00377491910559905,NA,0.0487926368101441,0,-0.0137775660239673,0.0194322937577872,0.00568405666352499,0.16829648241206,0,"S7","null",500,70,0.500915658514495,80.4612471170394,0,0,0,"quadratic",0.3,40,0
0.279247005297848,0.132133504124847,0.999999999999941,1,0.0685552859749757,NA,0.595547130269643,0,0.00257520620138116,NA,0.0417507635172418,0,0.00503263520315812,0.0041252005395062,0.00305011849407061,0.0670804020100502,0,"S7","null",500,70,0.500915658514495,73.6011454548909,0,0,0,"quadratic",0.3,41,0
0.21718019723129,0.129029074462525,0.999999999943099,1,0.102288167881293,NA,0.818826996281218,0,0.001700171762673,NA,0.0373448740073032,0,0.0304025074269428,0.0234466092609135,0.0116755157114527,0.24898743718593,0,"S7","null",500,70,0.500915658514495,87.6893335928274,0,0,0,"quadratic",0.3,42,0
0.0633544363412348,0.138019999294315,0.999988695641184,1,-0.214892177945439,NA,0.995390753786176,1,-0.102894114378954,NA,0.516420750743842,1,-0.117738570062547,-0.0564829665734316,0.0195487277917856,0.637623115577889,1,"S7","null",500,70,0.500915658514495,99.215316379367,0,0,0,"quadratic",0.3,43,0
0.193892974922023,0.048847295662031,0.999942791967612,1,0.0350182363766954,NA,0.322985499164903,0,7.91462379393014e-06,NA,0.0326721907085244,0,0.000462373501980088,-0.00118959617983962,0.00155635027464543,0.034748743718593,0,"S7","null",500,70,0.500915658514495,64.2068078189688,0,0,0,"quadratic",0.3,44,0
0.0711006979349468,0.115148953060167,0.99999713698562,1,-0.0224810965789696,NA,0.232213495762284,0,-0.00162051497676671,NA,0.0370790299771509,0,-0.000568681808887115,0.00114083565626192,0.00165605003862481,0.037821608040201,0,"S7","null",500,70,0.500915658514495,84.5945458413579,0,0,0,"quadratic",0.3,45,0
0.21280296853114,0.195719695122589,1,1,0.0565399421963908,NA,0.518877023921763,0,0.00406331736028237,NA,0.0493861426866442,0,0.0957103820887229,0.18452399902748,0.00689618258331783,0.964600502512563,1,"S7","null",500,70,0.500915658514495,88.201083679032,0,0,0,"quadratic",0.3,46,0
0.216332884095874,0.115888714373027,0.999999999660708,1,0.141125210324989,NA,0.913742075864244,0,0.0151208555131963,NA,0.111567420876155,0,0.0696512193191865,0.0337413008759255,0.0126838251386626,0.414695979899497,0,"S7","null",500,70,0.500915658514495,78.5950824727509,0,0,0,"quadratic",0.3,47,0
0.0781927625361575,0.130495454561485,0.999999832160691,1,-0.0408675918992109,NA,0.415794869974415,0,-0.00124315384243772,NA,0.0357844273680734,0,-0.0136691249703751,0.0305591063037151,0.011774365165581,0.279,0,"S7","null",500,70,0.500915658514495,91.0555345196531,0,0,0,"quadratic",0.3,48,0
0.120160791477034,0.0899113093413709,0.999915475299745,1,0.00200692119264012,NA,0.0236096390534051,0,-4.18392073737224e-05,NA,0.0324249572185496,0,0.00192862122221009,0.00348513913937066,0.00236318811712452,0.0581256281407035,0,"S7","null",500,70,0.500915658514495,102.80049136218,0,0,0,"quadratic",0.3,49,0
0.174706989594206,0.126375939537153,0.99999999152442,1,0.0307098709411795,NA,0.306768884679035,0,0.0011961799356568,NA,0.0352256136738643,0,-0.00709980767968362,0.0185286513572287,0.00628660673931083,0.168623115577889,0,"S7","null",500,70,0.500915658514495,86.481495452301,0,0,0,"quadratic",0.3,50,0
0.113671590242837,0.141755213905795,0.999999991926042,1,-0.0048855910753118,NA,0.0506080800200477,0,-3.54459314134883e-05,NA,0.0324181423711471,0,0.0142676772660729,0.0755315239483281,0.0115061981177483,0.451952261306533,0,"S7","null",500,70,0.500915658514495,98.9122012945988,0,0,0,"quadratic",0.3,51,0
0.16245439071118,0.176610932879272,1,1,0.0479933843225396,NA,0.483459017865682,0,0.000833900152917772,NA,0.0339285025180882,0,0.00670857796016973,0.0681329584639731,0.0171857014387963,0.473344221105528,0,"S7","null",500,70,0.500915658514495,85.3663255893037,0,0,0,"quadratic",0.3,52,0
0.187246312668493,0.144783041577986,0.999999998907901,1,-0.000544730809385921,NA,0.00533394690428146,0,9.79842206580896e-05,NA,0.0324418494020031,0,0.00579363386724021,0.22783375392306,0.00202536956733567,0.996713567839196,1,"S7","null",500,70,0.500915658514495,90.587970395706,0,0,0,"quadratic",0.3,53,0
0.242365558878985,0.150796044677355,0.999999999996752,1,0.111132410048204,NA,0.835961183224943,0,0.0124704320976726,NA,0.105707094179792,0,0.0265570713412967,-0.0103816441980226,0.0081078686084666,0.193407035175879,0,"S7","null",500,70,0.500915658514495,103.70646373405,0,0,0,"quadratic",0.3,54,0
0.0940437467830941,0.152749635005297,0.999999999891209,1,-0.125708898992083,NA,0.866026406098343,0,-0.00421022297898917,NA,0.0509444213511443,0,-0.144722349520782,0.226147064892861,0.00285648986713586,0.993241206030151,1,"S7","null",500,70,0.500915658514495,67.259200881375,0,0,0,"quadratic",0.3,55,0
0.186148482646592,0.0633998828932529,0.999997636303154,1,0.110125914007802,NA,0.846618260333492,0,0.00782136920829411,NA,0.0697255344201941,0,0.020319109919641,-0.0114496059310402,0.00801806552608082,0.163163316582915,0,"S7","null",500,70,0.500915658514495,89.462109091428,0,0,0,"quadratic",0.3,56,0
0.166631055508079,0.122818673748781,0.999999996352128,1,-0.0291555168533548,NA,0.279738318193317,0,-0.000671667104083752,NA,0.0333115864542632,0,-0.0337642189921376,0.0644001948127396,0.0193101971131601,0.460879396984925,0,"S7","null",500,70,0.500915658514495,81.845986600498,0,0,0,"quadratic",0.3,57,0
0.205142345028526,0.161558117095193,0.999999999999367,1,0.0241883818031653,NA,0.239435902312563,0,-5.62055441603337e-05,NA,0.0324219502850928,0,0.00115105864430255,2.03605797124472e-05,0.00214889926423356,0.0410527638190955,0,"S7","null",500,70,0.500915658514495,81.1673802648779,0,0,0,"quadratic",0.3,58,0
0.148884533306008,0.135520927890435,0.999999999994262,1,0.0917786030202328,NA,0.780548925282423,0,0.00498991160513556,NA,0.0580006303606856,0,0.00893626182891011,0.00402811730012907,0.00381412123819919,0.0921934673366834,0,"S7","null",500,70,0.500915658514495,81.4245020200853,0,0,0,"quadratic",0.3,59,0
0.217708394630788,0.110240316760354,0.999999995219348,1,0.11094375922013,NA,0.852971000811681,0,0.00373857172382164,NA,0.0500421236794828,0,0.00461706753823359,0.000610442245160767,0.00302939167664445,0.0524673366834171,0,"S7","null",500,70,0.500915658514495,88.2316237689467,0,0,0,"quadratic",0.3,60,0
0.312779539841801,0.142436822370191,0.999999999999993,1,0.122884502652054,NA,0.872047257889281,0,0.00842366715224616,NA,0.0744570412534429,0,0.0462874066512377,0.0603294681017116,0.0157144520902023,0.465452261306533,0,"S7","null",500,70,0.500915658514495,96.2543254800795,0,0,0,"quadratic",0.3,61,0
-0.0785575449735775,0.228257127788828,0.99999999999997,1,-0.278279725837922,NA,0.999522479154756,1,-0.259256605726938,NA,0.920216739279591,1,-0.294802748230093,0.168926474189446,0.00232417900020616,0.997675879396985,1,"S7","null",500,70,0.500915658514495,84.0087594089295,0,0,0,"quadratic",0.3,62,0
0.0345578731637215,0.14159008366722,0.999999997630793,1,-0.108605243988096,NA,0.808020608249293,0,-0.0120862396980304,NA,0.0867083724927413,0,-0.0821747138834127,0.167083081106995,0.00789391688254111,0.927050251256281,1,"S7","null",500,70,0.500915658514495,72.1424097126663,0,0,0,"quadratic",0.3,63,0
0.105610131018918,0.160771242769611,0.999999999818621,1,-0.052789425506707,NA,0.48069975396257,0,-0.00163621869306022,NA,0.0369258883728752,0,-0.00389661980358011,0.00388558661811667,0.0022057441166468,0.0684874371859296,0,"S7","null",500,70,0.500915658514495,76.4273922919943,0,0,0,"quadratic",0.3,64,0
0.214754437652186,0.102649062428331,0.999999988718925,1,0.135426380785557,NA,0.9185670757213,0,0.0136629624617611,NA,0.108619330382268,0,0.0699860355370427,0.238087085178624,0.00426644173956687,0.983791457286432,1,"S7","null",500,70,0.500915658514495,96.4238922075684,0,0,0,"quadratic",0.3,65,0
0.0387987128275446,0.142344435519163,0.999999995954151,1,-0.207789848981741,NA,0.995796851744286,1,-0.049834834224197,NA,0.285320213351443,0,-0.232301619945164,0.124110060749723,0.00380727232346595,0.992183417085427,1,"S7","null",500,70,0.500915658514495,92.4498753070372,0,0,0,"quadratic",0.3,66,0
0.217248504237244,0.185149730478565,1,1,0.0823044795645152,NA,0.662304639682454,0,0.00247157140058408,NA,0.0406030597830367,0,0.075795603722272,0.165244726669486,0.0141563076258386,0.884520100502513,1,"S7","null",500,70,0.500915658514495,78.7891656211569,0,0,0,"quadratic",0.3,67,0
0.168056012281078,0.0932436623306874,0.999997644208586,1,0.112470707132434,NA,0.899023185355674,0,0.00736447432052294,NA,0.0783482503176351,0,0.0108825485082701,-0.00212819029105886,0.00404255039245133,0.104140703517588,0,"S7","null",500,70,0.500915658514495,113.369221495477,0,0,0,"quadratic",0.3,68,0
0.0600221516098283,0.17939829280635,0.999999999973587,1,-0.0111969657966086,NA,0.121253019836906,0,2.1405418224602e-05,NA,0.0324166942274323,0,0.0258601086248266,0.202264218358111,0.00640736178324211,0.975178391959799,1,"S7","null",500,70,0.500915658514495,100.632904979157,0,0,0,"quadratic",0.3,69,0
0.165383658577402,0.178184310041393,0.999999999999977,1,-0.0574354353254682,NA,0.522445808967096,0,-0.00142900575466022,NA,0.0358807931357444,0,-0.00316276423341536,-7.80132674382699e-05,0.00193554546751147,0.0425376884422111,0,"S7","null",500,70,0.500915658514495,70.998924344659,0,0,0,"quadratic",0.3,70,0
-0.0102720730176459,0.152269007540193,0.999999999261089,1,-0.15011523499121,NA,0.944594608148367,0,-0.020122887160602,NA,0.142927964361906,0,-0.1287266700106,0.117146199212311,0.01186097296167,0.856515075376884,1,"S7","null",500,70,0.500915658514495,91.6213157299727,0,0,0,"quadratic",0.3,71,0
0.238119414881945,0.137005769911111,0.999999999997705,1,0.127635018118474,NA,0.838617420208317,0,0.0204991386976315,NA,0.127253688637804,0,0.105386097328837,0.218635543188623,0.00837695477883724,0.961482412060301,1,"S7","null",500,70,0.500915658514495,65.7079158269493,0,0,0,"quadratic",0.3,72,0
0.234629888616043,0.142704403856083,0.999999999999988,1,0.135300313602219,NA,0.934660213300137,0,0.01501018125443,NA,0.117261787446059,0,0.138206180633159,0.212677409502687,NA,1,1,"S7","null",500,70,0.500915658514495,105.048611869954,0,0,0,"quadratic",0.3,73,0
0.16859667793318,0.176451683374825,0.999999999999997,1,0.0234928564914414,NA,0.231860278348156,0,-0.000462177277482824,NA,0.0328459869086438,0,-0.0166749726352753,0.0664528274190467,0.0150157276859109,0.44872864321608,0,"S7","null",500,70,0.500915658514495,79.622050422677,0,0,0,"quadratic",0.3,74,0
-0.00776809259691661,0.110505589403928,0.999839573255655,1,-0.179560713630912,NA,0.977200082795351,1,-0.028922925519433,NA,0.180385494665855,0,-0.126385235800982,0.0184265476914434,0.0154384457957387,0.598874371859296,1,"S7","null",500,70,0.500915658514495,78.5702916666203,0,0,0,"quadratic",0.3,75,0
0.215388197926463,0.144823460746159,0.999999999999518,1,0.0606512980765353,NA,0.542181642539005,0,0.00179789630495724,NA,0.0371757056163082,0,-0.00398656559176928,0.0197090843105369,0.00772163948253444,0.162356783919598,0,"S7","null",500,70,0.500915658514495,75.1283044826356,0,0,0,"quadratic",0.3,76,0
0.226982712278257,0.224029862489731,1,1,0.248465372635015,NA,0.997613456788391,1,0.132119396185546,NA,0.574687557519811,1,0.26033882630548,0.210304543672845,0.000706047890873466,0.999293969849246,1,"S7","null",500,70,0.500915658514495,93.6765467154866,0,0,0,"quadratic",0.3,77,0
0.148481602373516,0.151536568829293,0.999999999998197,1,0.0649755817441147,NA,0.597142293360736,0,0.000806316035534635,NA,0.0336701523529345,0,0.0159285610514913,0.0127229117391841,0.00630847370171432,0.152934673366834,0,"S7","null",500,70,0.500915658514495,76.1500167591812,0,0,0,"quadratic",0.3,78,0
0.181555703282154,0.0446313746856566,0.99991260430197,1,0.00847020613922542,NA,0.083096588501061,0,0.000287962951396708,NA,0.0325764325825587,0,0.000334063242075842,-0.00529493036503248,0.00281253961727331,0.0694497487437186,0,"S7","null",500,70,0.500915658514495,74.752583272746,0,0,0,"quadratic",0.3,79,0
0.112709424344833,0.190671043630785,0.999999999999999,1,-0.0789860409961,NA,0.674080395680918,0,-0.00286685512404269,NA,0.043101168953666,0,-0.0573573310926547,0.244645232175457,0.00108811989854174,0.997912060301508,1,"S7","null",500,70,0.500915658514495,81.0227296243517,0,0,0,"quadratic",0.3,80,0
0.26650956631118,0.191942750985486,1,1,0.150260081643314,NA,0.946398161793605,0,0.0104141174482771,NA,0.0854005336479512,0,0.102158584274641,0.0810318587481137,0.0173689262660477,0.679155778894472,1,"S7","null",500,70,0.500915658514495,84.1414031051865,0,0,0,"quadratic",0.3,81,0
0.00792139921375334,0.10113220618379,0.999420031901985,1,-0.202121886689874,NA,0.987790317638446,1,-0.150917047204645,NA,0.637915186259154,1,-0.096847838261834,-0.00361731395374279,0.0163176484820157,0.469615577889447,0,"S7","null",500,70,0.500915658514495,91.4747052278974,0,0,0,"quadratic",0.3,82,0
0.168233240601253,0.0657169908896221,0.999878552198171,1,-0.00623533030314141,NA,0.0611429482376442,0,-0.000407215750969465,NA,0.0327410133090762,0,-0.0325411602598718,0.0975651519028962,0.0170018999298074,0.669743718592965,1,"S7","null",500,70,0.500915658514495,67.6438366261845,0,0,0,"quadratic",0.3,83,0
0.250317200413699,0.140570240581443,0.999999999999999,1,0.0714821126377143,NA,0.605187709594098,0,0.0044949762603697,NA,0.0512742304036068,0,0.0676050400216475,0.147019981619522,0.0125246228968289,0.904557788944724,1,"S7","null",500,70,0.500915658514495,78.6641964980917,0,0,0,"quadratic",0.3,84,0
0.00529654576701872,0.132261899451374,0.99999052518273,1,-0.242608058521427,NA,0.996271688163376,1,-0.13540140349655,NA,0.533981929805111,1,-0.249332961311663,0.0346303454946135,0.0111451291242753,0.904138190954774,1,"S7","null",500,70,0.500915658514495,73.5672101178341,0,0,0,"quadratic",0.3,85,0
0.271971669277207,0.080153862947034,0.999999999318004,1,0.120597314096046,NA,0.859306091420098,0,0.0095883223074596,NA,0.0799438799918529,0,0.0388982793933266,0.0311849576979119,0.0125415202725002,0.308683417085427,0,"S7","null",500,70,0.500915658514495,82.5926286807685,0,0,0,"quadratic",0.3,86,0
0.267243108062596,0.125252616318516,0.999999999999886,1,0.204592818275656,NA,0.976749008163308,1,0.0175242120674781,NA,0.108965244049992,0,0.186873405143461,0.143844627238552,0.0126457876454213,0.882670854271357,1,"S7","null",500,70,0.500915658514495,65.9223655026513,0,0,0,"quadratic",0.3,87,0
0.259431951024092,0.133790965531149,0.999999999999997,1,0.156613771032231,NA,0.964380090742271,1,0.0268529679455728,NA,0.176131743446938,0,0.058924800042938,0.0251503898570097,0.0109426451137893,0.380206030150754,0,"S7","null",500,70,0.500915658514495,86.9976036942467,0,0,0,"quadratic",0.3,88,0
0.23251375267429,0.0804548501795567,0.999999989464006,1,0.197783992473325,NA,0.988707973102548,1,0.0705597707949555,NA,0.373506561230333,0,0.0692684499030146,0.0418626582170464,0.0132849171894286,0.452793969849246,0,"S7","null",500,70,0.500915658514495,79.1723259710262,0,0,0,"quadratic",0.3,89,0
0.0406429737084703,0.164978186689943,0.999999999996839,1,-0.105027916111201,NA,0.792937064432872,0,-0.00758456965675405,NA,0.0697681541554241,0,-0.0401370582022648,0.0478132932495188,0.0121571618460804,0.405457286432161,0,"S7","null",500,70,0.500915658514495,79.1290507435262,0,0,0,"quadratic",0.3,90,0
0.300750817524192,0.151885334404985,0.999999999999999,1,0.164126625082764,NA,0.948507973760805,0,0.0132565456537041,NA,0.0936903579556572,0,0.17516565081628,0.177556887551596,0.00833556238822898,0.944698492462312,1,"S7","null",500,70,0.500915658514495,77.2933657468492,0,0,0,"quadratic",0.3,91,0
0.204631245355137,0.166451918394414,1,1,0.117590701223749,NA,0.894021794503687,0,0.0187886572771733,NA,0.142539859492161,0,0.130500524470151,0.122392027049734,0.0137176766059929,0.916233668341708,1,"S7","null",500,70,0.500915658514495,103.770829994835,0,0,0,"quadratic",0.3,92,0
0.175153562782294,0.0909577109793278,0.999999633479065,1,0.0797675647616847,NA,0.704032778645987,0,0.00160550225128953,NA,0.0372218720806248,0,0.00251588509655343,-0.000805117743480272,0.00193763726380209,0.0402814070351759,0,"S7","null",500,70,0.500915658514495,88.2735340697597,0,0,0,"quadratic",0.3,93,0
0.133630151913447,0.196519288774265,1,1,-0.0579916252660792,NA,0.522533767471769,0,-0.00162674475741819,NA,0.0366277641465822,0,-0.0486777723879219,0.340247004310313,NA,1,1,"S7","null",500,70,0.500915658514495,91.0481307949422,0,0,0,"quadratic",0.3,94,0
0.165691999046247,0.196973108009844,1,1,0.0343535946712117,NA,0.326579912092672,0,0.0019969307857306,NA,0.0389561907959353,0,0.0211177954648131,0.289335645949616,0.00312943035538526,0.996085427135678,1,"S7","null",500,70,0.500915658514495,87.1544061358989,0,0,0,"quadratic",0.3,95,0
0.0534109755872083,0.124693209683776,0.999995401940636,1,-0.158103420417401,NA,0.950911364686715,1,-0.0324664787529766,NA,0.194610687995429,0,-0.0470964584914622,-0.0210673980292344,0.0119236981846195,0.308371859296482,0,"S7","null",500,70,0.500915658514495,83.938929657697,0,0,0,"quadratic",0.3,96,0
0.0938187290894613,0.0638323203586552,0.995199697438541,1,-0.0758306072176328,NA,0.684410744754408,0,-0.00245097633480117,NA,0.0420250281585064,0,-0.00690411207185657,0.00173136872997098,0.00332021894393067,0.0707261306532663,0,"S7","null",500,70,0.500915658514495,91.2514408146936,0,0,0,"quadratic",0.3,97,0
0.305045197602588,0.123554454263203,0.999999999999999,1,0.138463719163545,NA,0.907398954125449,0,0.012455051007323,NA,0.096339142568099,0,0.0229207378739656,0.0069163607578391,0.006250938771106,0.154917085427136,0,"S7","null",500,70,0.500915658514495,86.3732733044906,0,0,0,"quadratic",0.3,98,0
0.170133546809206,0.159284426090369,0.999999999977811,1,-0.0066882317786593,NA,0.0722093368450709,0,-0.000961473775294035,NA,0.0346561807861232,0,0.000650389176121703,0.00121201348354072,0.00197528866226428,0.0379723618090452,0,"S7","null",500,70,0.500915658514495,101.117726969012,0,0,0,"quadratic",0.3,99,0
0.183685312932332,0.163320495075586,0.99999999999969,1,0.0297682996019066,NA,0.300271689169902,0,-0.000333456052705981,NA,0.0326472843610006,0,0.00523430580313854,0.0107541984572165,0.0047844940375564,0.115505025125628,0,"S7","null",500,70,0.500915658514495,89.4446681106637,0,0,0,"quadratic",0.3,100,0
0.422839371512397,0.316781763977478,1,1,0.259043765468078,NA,0.997333685439392,1,0.16157099883293,NA,0.644160526904784,1,0.260703938942837,0.295138343813219,NA,1,1,"S7","signal",500,70,0.500915658514495,72.8074337038787,0,0,0,"quadratic",0.05,1,1
0.478720063310967,0.357394225079176,1,1,0.328231801187644,NA,0.999941761232562,1,0.299075129374724,NA,0.948919085865306,1,0.364702554033369,0.431460986793318,NA,1,1,"S7","signal",500,70,0.500915658514495,86.5085165873416,0,0,0,"quadratic",0.05,2,1
0.42243609607321,0.31134049331431,1,1,0.230668266623277,NA,0.996901596104787,1,0.110216514952132,NA,0.510747035235952,1,0.310970517474753,0.364024757836107,NA,1,1,"S7","signal",500,70,0.500915658514495,77.6979393595027,0,0,0,"quadratic",0.05,3,1
0.447798114660131,0.321924071212582,1,1,0.33228040905846,NA,0.999977150293456,1,0.275889586249709,NA,0.910492347279021,1,0.351596512928444,0.364629796004832,NA,1,1,"S7","signal",500,70,0.500915658514495,87.792066328269,0,0,0,"quadratic",0.05,4,1
0.473050837423106,0.379805888827702,1,1,0.261520646454111,NA,0.996592956943161,1,0.0823260394306677,NA,0.366885856184094,0,0.340456979732254,0.401204778393113,NA,1,1,"S7","signal",500,70,0.500915658514495,83.2758764128564,0,0,0,"quadratic",0.05,5,1
0.402690289123011,0.343680555750263,1,1,0.314114586730096,NA,0.999964487590596,1,0.275396677391472,NA,0.942304668532754,1,0.307264973460195,0.304515678883847,NA,1,1,"S7","signal",500,70,0.500915658514495,79.8077123235721,0,0,0,"quadratic",0.05,6,1
0.426620920119817,0.307153010803249,1,1,0.269846377421432,NA,0.999853141184578,1,0.204014787692313,NA,0.857901847742773,1,0.286511364007211,0.331423330525997,NA,1,1,"S7","signal",500,70,0.500915658514495,90.0502905980835,0,0,0,"quadratic",0.05,7,1
0.431087580841878,0.327501948029794,1,1,0.314797576538873,NA,0.999838413677822,1,0.274694006624933,NA,0.924330357751184,1,0.267831945946508,0.321756090835238,NA,1,1,"S7","signal",500,70,0.500915658514495,67.8307745848344,0,0,0,"quadratic",0.05,8,1
0.482695978724724,0.326720143492509,1,1,0.412515925795209,NA,0.99999993793442,1,0.362748292265712,NA,0.999181158548034,1,0.400249660150146,0.399186674481876,NA,1,1,"S7","signal",500,70,0.500915658514495,96.0293485022803,0,0,0,"quadratic",0.05,9,1
0.426147598229856,0.343018262038584,1,1,0.284837423205899,NA,0.999810643608985,1,0.245159105384361,NA,0.898050050116258,1,0.235275757667159,0.414358837379131,NA,1,1,"S7","signal",500,70,0.500915658514495,95.4383149084589,0,0,0,"quadratic",0.05,10,1
0.420151287523435,0.310858701481951,1,1,0.295384515212943,NA,0.99935874940538,1,0.242469448553832,NA,0.826562357708956,1,0.280969616371051,0.311789631516897,NA,1,1,"S7","signal",500,70,0.500915658514495,67.6946776187083,0,0,0,"quadratic",0.05,11,1
0.472405905084708,0.326849958860665,1,1,0.365867919499577,NA,0.999959594674625,1,0.339351280075711,NA,0.968390496918173,1,0.287917997235786,0.413690457698008,NA,1,1,"S7","signal",500,70,0.500915658514495,72.4550608168798,0,0,0,"quadratic",0.05,12,1
0.391246773355742,0.325302315842298,1,1,0.229603632689701,NA,0.996290759936544,1,0.0555490505223269,NA,0.289630151099487,0,0.249790433114898,0.396543260399202,NA,1,1,"S7","signal",500,70,0.500915658514495,86.9728807655875,0,0,0,"quadratic",0.05,13,1
0.448441554497115,0.261102767570796,1,1,0.312592868747539,NA,0.999926327623947,1,0.290450427188565,NA,0.961920625417009,1,0.279884441248441,0.280238412981529,NA,1,1,"S7","signal",500,70,0.500915658514495,73.5077209733611,0,0,0,"quadratic",0.05,14,1
0.388531141063056,0.312844887865585,1,1,0.315142473842535,NA,0.999990944072719,1,0.236709523606272,NA,0.894525370408669,1,0.289120874924701,0.356914192224659,NA,1,1,"S7","signal",500,70,0.500915658514495,100.51190535078,0,0,0,"quadratic",0.05,15,1
0.419580279048866,0.296756052175701,1,1,0.268608321755509,NA,0.999691496973753,1,0.246452874748221,NA,0.923536812158922,1,0.352081904251959,0.281983594346107,NA,1,1,"S7","signal",500,70,0.500915658514495,89.0438981850135,0,0,0,"quadratic",0.05,16,1
0.470085492150151,0.325859098549781,1,1,0.329369029216896,NA,0.999942177243641,1,0.239916665675748,NA,0.858104322607222,1,0.417233812519713,0.332819768885181,NA,1,1,"S7","signal",500,70,0.500915658514495,84.3204651998828,0,0,0,"quadratic",0.05,17,1
0.436363824544375,0.322386788161229,1,1,0.247929319295426,NA,0.998520580422594,1,0.157361707839582,NA,0.687898670682276,1,0.323533341727518,0.244578761309208,NA,1,1,"S7","signal",500,70,0.500915658514495,97.7714175739565,0,0,0,"quadratic",0.05,18,1
0.599683763575035,0.315817227342743,1,1,0.444384167787806,NA,0.999999961322561,1,0.391091128060021,NA,0.9990117608142,1,0.470186414267119,0.312415211203707,NA,1,1,"S7","signal",500,70,0.500915658514495,97.5268645364624,0,0,0,"quadratic",0.05,19,1
0.459827647405421,0.332495884251203,1,1,0.299816518683409,NA,0.999578148586596,1,0.230543182020224,NA,0.819145148329461,1,0.326423348943309,0.330350091384385,NA,1,1,"S7","signal",500,70,0.500915658514495,74.0510463618794,0,0,0,"quadratic",0.05,20,1
0.458574139968221,0.356620218690882,1,1,0.294058431282482,NA,0.999653386660919,1,0.227528891707369,NA,0.827328759657211,1,0.298976772024148,0.390857516316294,NA,1,1,"S7","signal",500,70,0.500915658514495,93.5521833650622,0,0,0,"quadratic",0.05,21,1
0.403005985358938,0.317232009651605,1,1,0.363695651733695,NA,0.999997509161368,1,0.338871341417015,NA,0.988116691262263,1,0.392480954618787,0.313677995678841,NA,1,1,"S7","signal",500,70,0.500915658514495,92.2625710917459,0,0,0,"quadratic",0.05,22,1
0.462548375389437,0.29658285718272,1,1,0.272354577851239,NA,0.999664786651432,1,0.181849781167262,NA,0.742410035755471,1,0.317091582438025,0.380343847742781,NA,1,1,"S7","signal",500,70,0.500915658514495,82.6066252354592,0,0,0,"quadratic",0.05,23,1
0.463575906632752,0.314685162876284,1,1,0.422786697547758,NA,0.999999923241432,1,0.379889473106249,NA,0.996999912839714,1,0.424137624892032,0.324807577268988,NA,1,1,"S7","signal",500,70,0.500915658514495,101.958636185502,0,0,0,"quadratic",0.05,24,1
0.403944383708743,0.278553849566225,1,1,0.297315418510657,NA,0.999934217304092,1,0.233928889126947,NA,0.89182847105895,1,0.243208870731268,0.214454858905038,NA,1,1,"S7","signal",500,70,0.500915658514495,93.4260696456837,0,0,0,"quadratic",0.05,25,1
0.472264676295648,0.333859437027765,1,1,0.268462545213536,NA,0.999134386910077,1,0.233448903948984,NA,0.850111229493628,1,0.219756662895974,0.353358586593368,NA,1,1,"S7","signal",500,70,0.500915658514495,97.8176664698573,0,0,0,"quadratic",0.05,26,1
0.447325173993188,0.298300436837255,1,1,0.251973099532578,NA,0.999754043828611,1,0.214097563820108,NA,0.88653719971037,1,0.299037616405763,0.299360151156642,NA,1,1,"S7","signal",500,70,0.500915658514495,111.787103760801,0,0,0,"quadratic",0.05,27,1
0.452425849322043,0.321604598894064,1,1,0.280329507173362,NA,0.999664265326524,1,0.252180225306736,NA,0.928848653947683,1,0.31972681719481,0.185852539709655,NA,1,1,"S7","signal",500,70,0.500915658514495,91.2502670709672,0,0,0,"quadratic",0.05,28,1
0.456488389265335,0.319755779125071,1,1,0.387096943004169,NA,0.999999480244606,1,0.352973783323798,NA,0.997994756830828,1,0.339941557317124,0.50593184162951,NA,1,1,"S7","signal",500,70,0.500915658514495,99.4297559200742,0,0,0,"quadratic",0.05,29,1
0.447430089727927,0.318846999138825,1,1,0.294864709376883,NA,0.999926517795877,1,0.291348769360579,NA,0.990097786013344,1,0.343341110318172,0.333506395055378,NA,1,1,"S7","signal",500,70,0.500915658514495,100.57607055627,0,0,0,"quadratic",0.05,30,1
0.470724291520331,0.338303039656789,1,1,0.370899493633205,NA,0.999985570976581,1,0.361157437540794,NA,0.993097735944727,1,0.328311419936784,0.416094231804844,NA,1,1,"S7","signal",500,70,0.500915658514495,66.1776008550461,0,0,0,"quadratic",0.05,31,1
0.537007027617851,0.34135212065934,1,1,0.380650407160185,NA,0.99999776387241,1,0.306413736188319,NA,0.939302637964642,1,0.420344780055131,0.344207485541148,NA,1,1,"S7","signal",500,70,0.500915658514495,87.8949816455167,0,0,0,"quadratic",0.05,32,1
0.473128220569123,0.303172432780845,1,1,0.165276158935421,NA,0.96249684693609,1,0.0235449835479307,NA,0.155165599176472,0,0.164999405847784,0.20267591583711,0.007043434887239,0.964507537688442,1,"S7","signal",500,70,0.500915658514495,76.353432585932,0,0,0,"quadratic",0.05,33,1
0.530700600206289,0.309898416710095,1,1,0.361736030138018,NA,0.999997157846722,1,0.321471254624672,NA,0.97511244635448,1,0.437815106544063,0.336693396813618,NA,1,1,"S7","signal",500,70,0.500915658514495,88.0667043770866,0,0,0,"quadratic",0.05,34,1
0.495505930732888,0.34334019921571,1,1,0.403530064308499,NA,0.999998822623763,1,0.396128519478952,NA,0.99820873080945,1,0.340564781109739,0.390237058173141,NA,1,1,"S7","signal",500,70,0.500915658514495,94.2679637057941,0,0,0,"quadratic",0.05,35,1
0.424974896339749,0.300696820548101,1,1,0.280409318743446,NA,0.999670391375359,1,0.157028740288912,NA,0.640947469243849,1,0.256472051390104,0.353617379555102,NA,1,1,"S7","signal",500,70,0.500915658514495,96.9717515647186,0,0,0,"quadratic",0.05,36,1
0.427028749304467,0.346170975956665,1,1,0.28231082888662,NA,0.999471385334112,1,0.166651561884065,NA,0.689154658453989,1,0.24149162187568,0.230460270693176,NA,1,1,"S7","signal",500,70,0.500915658514495,93.2437311978764,0,0,0,"quadratic",0.05,37,1
0.388348624148912,0.341237514722649,1,1,0.23997266458462,NA,0.997274851062703,1,0.0903378694766568,NA,0.420682440955318,0,0.167929502278093,0.363720465115697,NA,1,1,"S7","signal",500,70,0.500915658514495,80.1358810085076,0,0,0,"quadratic",0.05,38,1
0.478935395431501,0.336499943865796,1,1,0.268881091029648,NA,0.996958226014071,1,0.0266960153078872,NA,0.145845288315077,0,0.258928037120503,0.309761266605717,NA,1,1,"S7","signal",500,70,0.500915658514495,71.1824233524975,0,0,0,"quadratic",0.05,39,1
0.488460584921606,0.308595594854517,1,1,0.372725559550567,NA,0.999996322871471,1,0.335038864962157,NA,0.992838980373933,1,0.360444721398057,0.367839275254588,NA,1,1,"S7","signal",500,70,0.500915658514495,90.8110726856359,0,0,0,"quadratic",0.05,40,1
0.480947140843994,0.312765581152376,1,1,0.386885622351261,NA,0.999996377560946,1,0.346000078257315,NA,0.976247693280346,1,0.387471503308295,0.254132875414602,NA,1,1,"S7","signal",500,70,0.500915658514495,75.9784901839355,0,0,0,"quadratic",0.05,41,1
0.490876294434806,0.349980344121622,1,1,0.387423071609031,NA,0.999999304280232,1,0.339782041371357,NA,0.990357403208053,1,0.317784098350833,0.346830551922062,NA,1,1,"S7","signal",500,70,0.500915658514495,85.5983499439287,0,0,0,"quadratic",0.05,42,1
0.432732113172452,0.322146612793238,1,1,0.303665209363222,NA,0.99992274296163,1,0.187898676463742,NA,0.743170147546856,1,0.35226647109536,0.345964751747201,NA,1,1,"S7","signal",500,70,0.500915658514495,100.455184522438,0,0,0,"quadratic",0.05,43,1
0.48548903908428,0.344956362629478,1,1,0.27422832662829,NA,0.999792608732679,1,0.253984999082756,NA,0.951285447518123,1,0.316539834498718,0.329864495256747,NA,1,1,"S7","signal",500,70,0.500915658514495,98.7203804114633,0,0,0,"quadratic",0.05,44,1
0.452250959682981,0.349344275622863,1,1,0.386894082832093,NA,0.999992547004156,1,0.35356419437411,NA,0.974317634485352,1,0.407226039652945,0.420414937182027,NA,1,1,"S7","signal",500,70,0.500915658514495,80.7433681643382,0,0,0,"quadratic",0.05,45,1
0.393502897290772,0.304526050224454,1,1,0.204735031067981,NA,0.989463183246777,1,0.0593322176532461,NA,0.304318145615855,0,0.13166280103274,0.338599254968215,NA,1,1,"S7","signal",500,70,0.500915658514495,89.2384691739298,0,0,0,"quadratic",0.05,46,1
0.533168743569631,0.307586020233355,1,1,0.381568493546215,NA,0.999996419442928,1,0.338830311132778,NA,0.980027695465649,1,0.31870115586731,0.238146213362165,NA,1,1,"S7","signal",500,70,0.500915658514495,76.4334968290765,0,0,0,"quadratic",0.05,47,1
0.408042547353928,0.294162852610778,1,1,0.193471250645356,NA,0.993289982974472,1,0.019251948602471,NA,0.139885987449205,0,0.221954462435605,0.327485982856039,NA,1,1,"S7","signal",500,70,0.500915658514495,73.3111327208595,0,0,0,"quadratic",0.05,48,1
0.450008021057751,0.312288283444715,1,1,0.368587553190436,NA,0.999999402422718,1,0.296070738823469,NA,0.955221865856445,1,0.358375550596906,0.371669083177731,NA,1,1,"S7","signal",500,70,0.500915658514495,87.3655433859303,0,0,0,"quadratic",0.05,49,1
0.437451147841462,0.314589062495838,1,1,0.27839756488913,NA,0.999909748323722,1,0.201820733650158,NA,0.812789674787294,1,0.252153317925289,0.33212387383685,NA,1,1,"S7","signal",500,70,0.500915658514495,101.659995409047,0,0,0,"quadratic",0.05,50,1
0.402289626727048,0.312892456263397,1,1,0.261290517330325,NA,0.998880601532508,1,0.137467801756525,NA,0.565742293107155,1,0.353935368504604,0.278429112204111,NA,1,1,"S7","signal",500,70,0.500915658514495,73.0437120769095,0,0,0,"quadratic",0.05,51,1
0.378283525894914,0.317793833509548,1,1,0.130869777659639,NA,0.896845195158786,0,0.0103547061016547,NA,0.0861739752551231,0,0.116352129744772,0.386563786487576,NA,1,1,"S7","signal",500,70,0.500915658514495,68.1288462445731,0,0,0,"quadratic",0.05,52,1
0.462043506179238,0.296824845699449,1,1,0.282000098325492,NA,0.999853600163265,1,0.284547856857901,NA,0.965648202832308,1,0.31740736441226,0.242581540684087,NA,1,1,"S7","signal",500,70,0.500915658514495,88.9687592236655,0,0,0,"quadratic",0.05,53,1
0.423216801183761,0.310460894521591,1,1,0.173660135687392,NA,0.970174350422313,1,0.0133829580259113,NA,0.101149984651376,0,0.206488102419934,0.327185779809103,NA,1,1,"S7","signal",500,70,0.500915658514495,71.6010092869245,0,0,0,"quadratic",0.05,54,1
0.494425165977333,0.313762378424413,1,1,0.310896085124058,NA,0.99995914189682,1,0.269875676732952,NA,0.950042802940681,1,0.317560869847257,0.273868026829802,NA,1,1,"S7","signal",500,70,0.500915658514495,94.6986203921794,0,0,0,"quadratic",0.05,55,1
0.387079463011883,0.35435029343967,1,1,0.242135269734387,NA,0.998226865945912,1,0.109412656005727,NA,0.487102814502388,0,0.245953847404257,0.328665337776339,NA,1,1,"S7","signal",500,70,0.500915658514495,81.6669661412858,0,0,0,"quadratic",0.05,56,1
0.451549320927722,0.327083609719182,1,1,0.32196796481596,NA,0.999948127070488,1,0.325901913995233,NA,0.996851014192385,1,0.296803067661511,0.277920584123329,NA,1,1,"S7","signal",500,70,0.500915658514495,88.6352435897757,0,0,0,"quadratic",0.05,57,1
0.384151963576211,0.328202968464726,1,1,0.169061680212376,NA,0.974212323553941,1,0.0551029734184235,NA,0.302448259262464,0,0.187733076306106,0.288699589241625,NA,1,1,"S7","signal",500,70,0.500915658514495,89.7931709892984,0,0,0,"quadratic",0.05,58,1
0.402647829239428,0.343621018886378,1,1,0.276564769407011,NA,0.999851063345223,1,0.13830958628719,NA,0.620552882897923,1,0.316954670373524,0.354284150161352,NA,1,1,"S7","signal",500,70,0.500915658514495,92.8416392469886,0,0,0,"quadratic",0.05,59,1
0.496031871548377,0.312219339722704,1,1,0.307392611152092,NA,0.9999791677112,1,0.242248753879142,NA,0.898122073556706,1,0.39121199503976,0.322178402307001,NA,1,1,"S7","signal",500,70,0.500915658514495,92.3579340902685,0,0,0,"quadratic",0.05,60,1
0.492876040090898,0.298140086943109,1,1,0.353832921912628,NA,0.999989055446586,1,0.341877990702772,NA,0.990043209219726,1,0.392077071970057,0.375106552088941,NA,1,1,"S7","signal",500,70,0.500915658514495,85.6464173431293,0,0,0,"quadratic",0.05,61,1
0.488822302537853,0.316604221054503,1,1,0.386563785500486,NA,0.99998820342432,1,0.386294207227911,NA,0.99497777569092,1,0.35405933054178,0.27356693880813,NA,1,1,"S7","signal",500,70,0.500915658514495,77.7662906428509,0,0,0,"quadratic",0.05,62,1
0.438457307742603,0.313521988734874,1,1,0.26317187362761,NA,0.999294997931962,1,0.0610650884028377,NA,0.289593913782151,0,0.251763319374507,0.302861003694931,NA,1,1,"S7","signal",500,70,0.500915658514495,81.1865469525112,0,0,0,"quadratic",0.05,63,1
0.388901749033735,0.355787070325479,1,1,0.223851936725053,NA,0.997615607158547,1,0.0466753554786972,NA,0.258479024440971,0,0.240432208653547,0.362853386682549,NA,1,1,"S7","signal",500,70,0.500915658514495,78.0597902616407,0,0,0,"quadratic",0.05,64,1
0.475551977697726,0.328325802076702,1,1,0.220257324811314,NA,0.992850568220268,1,0.0660238860444655,NA,0.323992647879629,0,0.274122909606693,0.368111139570534,NA,1,1,"S7","signal",500,70,0.500915658514495,74.0694938573507,0,0,0,"quadratic",0.05,65,1
0.466729057622916,0.318643588059047,1,1,0.18554427167316,NA,0.961752261511388,1,0.0463197483480368,NA,0.234408035877804,0,0.243660007799577,0.315633948553305,NA,1,1,"S7","signal",500,70,0.500915658514495,66.1310702733202,0,0,0,"quadratic",0.05,66,1
0.424643795091723,0.326269113833993,1,1,0.317556060434818,NA,0.999963420238012,1,0.291470166057441,NA,0.9677865688508,1,0.318274719493442,0.319896219936215,NA,1,1,"S7","signal",500,70,0.500915658514495,96.725374243135,0,0,0,"quadratic",0.05,67,1
0.375798505001157,0.290976980511049,1,1,0.199735863742368,NA,0.993180613342423,1,0.0557117397462197,NA,0.308248878501479,0,0.265997981129555,0.250972712332353,NA,1,1,"S7","signal",500,70,0.500915658514495,86.2635704731541,0,0,0,"quadratic",0.05,68,1
0.425957897972508,0.297900436344633,1,1,0.301391896126602,NA,0.999934790735388,1,0.185376357617206,NA,0.731657772791638,1,0.342126095615611,0.277239650332403,NA,1,1,"S7","signal",500,70,0.500915658514495,86.2806171520976,0,0,0,"quadratic",0.05,69,1
0.430965223709043,0.326606893744955,1,1,0.244745684009234,NA,0.995461632060599,1,0.207310828246718,NA,0.753100797857022,1,0.26661281669251,0.37894042129361,NA,1,1,"S7","signal",500,70,0.500915658514495,73.231735888631,0,0,0,"quadratic",0.05,70,1
0.422632576876112,0.332661103612991,1,1,0.256910812107912,NA,0.999143890117264,1,0.0927442585848179,NA,0.441744817959966,0,0.248681128015287,0.322287744599703,NA,1,1,"S7","signal",500,70,0.500915658514495,80.8820195954202,0,0,0,"quadratic",0.05,71,1
0.491292353029316,0.306015416424844,1,1,0.341185168672051,NA,0.99994138307394,1,0.305347253982819,NA,0.953563313067603,1,0.332020058338601,0.345591236974294,NA,1,1,"S7","signal",500,70,0.500915658514495,79.4098781230021,0,0,0,"quadratic",0.05,72,1
0.462397216383052,0.301709207819154,1,1,0.363176769687839,NA,0.999996485984137,1,0.335235098434871,NA,0.987584126327911,1,0.344368530904882,0.361826280843556,NA,1,1,"S7","signal",500,70,0.500915658514495,93.1907535852409,0,0,0,"quadratic",0.05,73,1
0.374863708014997,0.351181346395341,1,1,0.285648466962341,NA,0.999851160020351,1,0.191346048353645,NA,0.773210465450972,1,0.270626243956523,0.284279693792703,NA,1,1,"S7","signal",500,70,0.500915658514495,94.5392309863141,0,0,0,"quadratic",0.05,74,1
0.42828390603548,0.331089786940706,1,1,0.32345571286535,NA,0.999994139200089,1,0.224453995859553,NA,0.861263704099643,1,0.37561108625489,0.405787642603867,NA,1,1,"S7","signal",500,70,0.500915658514495,92.5142262044836,0,0,0,"quadratic",0.05,75,1
0.537507516418327,0.311824673425201,1,1,0.270093108484094,NA,0.996796971696904,1,0.286850441680983,NA,0.928000040523531,1,0.334740880200546,0.344379212544278,NA,1,1,"S7","signal",500,70,0.500915658514495,74.2002756589167,0,0,0,"quadratic",0.05,76,1
0.480304053017512,0.319374175403433,1,1,0.297642755653283,NA,0.999554591061878,1,0.255265252753984,NA,0.881443851883861,1,0.320853633267909,0.322600869898979,NA,1,1,"S7","signal",500,70,0.500915658514495,82.6948799601508,0,0,0,"quadratic",0.05,77,1
0.50954180576297,0.349039287069452,1,1,0.519308447578033,NA,0.999999978878596,1,0.513944485255645,NA,0.99997896817648,1,0.520779537769023,0.429434916369292,NA,1,1,"S7","signal",500,70,0.500915658514495,72.9876590867187,0,0,0,"quadratic",0.05,78,1
0.467044246809557,0.340607510794747,1,1,0.265375765589762,NA,0.999384418598118,1,0.219651439771727,NA,0.841817502629529,1,0.285605925540494,0.311966122071354,NA,1,1,"S7","signal",500,70,0.500915658514495,94.2571240085655,0,0,0,"quadratic",0.05,79,1
0.42900938105658,0.339248715169447,1,1,0.269227086657258,NA,0.998227343772454,1,0.102527291565844,NA,0.429993931389065,0,0.258225229161426,0.334259722104935,NA,1,1,"S7","signal",500,70,0.500915658514495,74.1806111899745,0,0,0,"quadratic",0.05,80,1
0.439639952636294,0.352704661786201,1,1,0.275812329297605,NA,0.99970450958271,1,0.211853580220235,NA,0.855880337925395,1,0.307489080384406,0.215448458234872,NA,1,1,"S7","signal",500,70,0.500915658514495,92.5858296166954,0,0,0,"quadratic",0.05,81,1
0.43247754521686,0.322284928167529,1,1,0.266946017196312,NA,0.999801789214252,1,0.189878857646509,NA,0.828608104062561,1,0.306388232110222,0.286888527885411,NA,1,1,"S7","signal",500,70,0.500915658514495,108.230378551319,0,0,0,"quadratic",0.05,82,1
0.477066323663383,0.348412582416762,1,1,0.361530189743032,NA,0.999985979335226,1,0.273339426992071,NA,0.882341667474323,1,0.390453620920601,0.33809725841402,NA,1,1,"S7","signal",500,70,0.500915658514495,89.7286602698241,0,0,0,"quadratic",0.05,83,1
0.497293662580536,0.328648812502236,1,1,0.266094768545373,NA,0.998738952912096,1,0.141268111405379,NA,0.588501941087124,1,0.288365973774395,0.3297166540411,NA,1,1,"S7","signal",500,70,0.500915658514495,74.5521986969528,0,0,0,"quadratic",0.05,84,1
0.427197265134027,0.315059425685588,1,1,0.298489367691936,NA,0.999558537369789,1,0.296983073243029,NA,0.949963557816354,1,0.32890057044939,0.359949075816414,NA,1,1,"S7","signal",500,70,0.500915658514495,80.7415944531289,0,0,0,"quadratic",0.05,85,1
0.526070629673228,0.296559679884588,1,1,0.435673934251835,NA,0.999999977827864,1,0.393679920470467,NA,0.998574128506313,1,0.48177747328425,0.311573636505793,NA,1,1,"S7","signal",500,70,0.500915658514495,96.7099635321982,0,0,0,"quadratic",0.05,86,1
0.396461749199968,0.325550584392686,1,1,0.354850407557892,NA,0.999992947220607,1,0.275438277280775,NA,0.920537454821382,1,0.384252805957053,0.337357345319244,NA,1,1,"S7","signal",500,70,0.500915658514495,91.8959804681608,0,0,0,"quadratic",0.05,87,1
0.400369543597711,0.345719860558792,1,1,0.236756588412248,NA,0.997123877220817,1,0.0392496117965431,NA,0.21476090803154,0,0.220121536295238,0.405954537759831,NA,1,1,"S7","signal",500,70,0.500915658514495,86.4470758856075,0,0,0,"quadratic",0.05,88,1
0.41276970756845,0.319191805914787,1,1,0.216689776151912,NA,0.992197062572376,1,0.101345012865963,NA,0.461807674005625,0,0.276289628756871,0.402474682730253,NA,1,1,"S7","signal",500,70,0.500915658514495,82.5142228367065,0,0,0,"quadratic",0.05,89,1
0.413736529550787,0.347245146195061,1,1,0.18241827418004,NA,0.970429483148195,1,0.0197520493942869,NA,0.126318163682816,0,0.214023078104972,0.298070496781545,NA,1,1,"S7","signal",500,70,0.500915658514495,91.47620649916,0,0,0,"quadratic",0.05,90,1
0.469532738916738,0.336654295413345,1,1,0.29368853812177,NA,0.999267079546465,1,0.145342983148242,NA,0.5719448277091,1,0.280986008161807,0.34484421154444,NA,1,1,"S7","signal",500,70,0.500915658514495,68.2694054210437,0,0,0,"quadratic",0.05,91,1
0.373032364408372,0.331181684801006,1,1,0.31074923408951,NA,0.999897230574073,1,0.313930614894745,NA,0.970778694793723,1,0.266819435633896,0.380197230256869,NA,1,1,"S7","signal",500,70,0.500915658514495,85.8970103377174,0,0,0,"quadratic",0.05,92,1
0.440491657458105,0.334240957656638,1,1,0.375750584007058,NA,0.999978103056679,1,0.265171794464122,NA,0.849032192719173,1,0.366252120565431,0.296190503552924,NA,1,1,"S7","signal",500,70,0.500915658514495,64.0305133170517,0,0,0,"quadratic",0.05,93,1
0.49380608148688,0.305224619658569,1,1,0.338601066259445,NA,0.999977225620555,1,0.295376935644617,NA,0.947401777729842,1,0.323662629630182,0.242126636546954,NA,1,1,"S7","signal",500,70,0.500915658514495,82.2092668213135,0,0,0,"quadratic",0.05,94,1
0.473586000315275,0.338534065786461,1,1,0.358339286611881,NA,0.999978867018757,1,0.247181819035242,NA,0.815653054891503,1,0.332017319797299,0.313747127302874,NA,1,1,"S7","signal",500,70,0.500915658514495,72.8158510996663,0,0,0,"quadratic",0.05,95,1
0.461122457986732,0.327064949942813,1,1,0.392882582738404,NA,0.999999809385865,1,0.349001342682363,NA,0.99445778548402,1,0.422583819906706,0.383536210678465,NA,1,1,"S7","signal",500,70,0.500915658514495,111.888729361165,0,0,0,"quadratic",0.05,96,1
0.429838607383418,0.320740691357321,1,1,0.253649633539547,NA,0.996861150018975,1,0.136542025047807,NA,0.567407950047336,1,0.236335594298679,0.368920860312803,NA,1,1,"S7","signal",500,70,0.500915658514495,71.8915752977924,0,0,0,"quadratic",0.05,97,1
0.487890158898055,0.354226592543991,1,1,0.361077420822337,NA,0.999994829755101,1,0.32327050254977,NA,0.968774774684287,1,0.355481091781756,0.445614174211976,NA,1,1,"S7","signal",500,70,0.500915658514495,83.6955968316823,0,0,0,"quadratic",0.05,98,1
0.485814334438012,0.327308415353724,1,1,0.361024102349352,NA,0.999994843531312,1,0.297217502771366,NA,0.958368621572404,1,0.323179589023639,0.383292083442084,NA,1,1,"S7","signal",500,70,0.500915658514495,77.3257791364954,0,0,0,"quadratic",0.05,99,1
0.427088836956916,0.329654421936469,1,1,0.241974608709619,NA,0.998033873605982,1,0.10256272324091,NA,0.472667225044761,0,0.134422610764519,0.34077436119043,NA,1,1,"S7","signal",500,70,0.500915658514495,85.1678414223198,0,0,0,"quadratic",0.05,100,1
0.423056030277767,0.347395638767061,1,1,0.268823695748129,NA,0.999014789664125,1,0.0813468188927744,NA,0.371862520997638,0,0.297187933586575,0.42097760450813,NA,1,1,"S7","signal",500,70,0.500915658514495,76.6307526366523,0,0,0,"quadratic",0.1,1,1
0.434591125378538,0.353825568193669,1,1,0.353063811581165,NA,0.999958299619546,1,0.282100263784392,NA,0.909847969258701,1,0.352457000745461,0.36083942327033,NA,1,1,"S7","signal",500,70,0.500915658514495,78.4192630235069,0,0,0,"quadratic",0.1,2,1
0.450249185634429,0.338726581122149,1,1,0.359948994337629,NA,0.999988852840252,1,0.329686851021592,NA,0.983064941308155,1,0.272099640930401,0.339312538770291,NA,1,1,"S7","signal",500,70,0.500915658514495,85.6028780521303,0,0,0,"quadratic",0.1,3,1
0.487779411629463,0.321535392829044,1,1,0.325831214076682,NA,0.999975275933723,1,0.29081080010306,NA,0.97011932256267,1,0.363685644999991,0.335227402197829,NA,1,1,"S7","signal",500,70,0.500915658514495,93.3610860960238,0,0,0,"quadratic",0.1,4,1
0.49148953315192,0.337803074001133,1,1,0.401422494266709,NA,0.999999411784088,1,0.370841938185536,NA,0.997648276330427,1,0.376008829097438,0.31629501991091,NA,1,1,"S7","signal",500,70,0.500915658514495,75.9224293264929,0,0,0,"quadratic",0.1,5,1
0.447202440615545,0.372820892836353,1,1,0.349729584895521,NA,0.999693970029566,1,0.313714054805409,NA,0.922540520145716,1,0.275084198311889,0.520184091147689,NA,1,1,"S7","signal",500,70,0.500915658514495,65.4072395657593,0,0,0,"quadratic",0.1,6,1
0.455148583627799,0.369805817621705,1,1,0.31971396304619,NA,0.999964149866982,1,0.273605958801136,NA,0.957159441582089,1,0.283953761236947,0.293442473262273,NA,1,1,"S7","signal",500,70,0.500915658514495,90.1524188957723,0,0,0,"quadratic",0.1,7,1
0.507004961680925,0.351908678841608,1,1,0.325864042311576,NA,0.999761607923504,1,0.204813838194152,NA,0.686835527698984,1,0.378295944043436,0.418432387344884,NA,1,1,"S7","signal",500,70,0.500915658514495,81.2963328011667,0,0,0,"quadratic",0.1,8,1
0.356524981067271,0.366719511408959,1,1,0.256567672493334,NA,0.99794233334195,1,0.059988180795013,NA,0.276043747957434,0,0.262387823516047,0.312837335063268,NA,1,1,"S7","signal",500,70,0.500915658514495,81.0976094091017,0,0,0,"quadratic",0.1,9,1
0.483316629183983,0.343747831811594,1,1,0.334917570716577,NA,0.999971990362579,1,0.282614599789137,NA,0.917381617977011,1,0.286905700988346,0.324591267464711,NA,1,1,"S7","signal",500,70,0.500915658514495,93.1951391170616,0,0,0,"quadratic",0.1,10,1
0.499015990629637,0.344063335015411,1,1,0.234790959129124,NA,0.990210439057864,1,0.0432726616314989,NA,0.206303568910346,0,0.24582495125549,0.487877151343145,NA,1,1,"S7","signal",500,70,0.500915658514495,67.3397252849657,0,0,0,"quadratic",0.1,11,1
0.408538758355436,0.310714916655402,1,1,0.317582916392628,NA,0.999977376258775,1,0.187966681494731,NA,0.737831627566311,1,0.26897552150561,0.234166711338092,NA,1,1,"S7","signal",500,70,0.500915658514495,84.552832852606,0,0,0,"quadratic",0.1,12,1
0.43797003088105,0.341901548492852,1,1,0.240114853930553,NA,0.998348780535802,1,0.186777258731987,NA,0.782385696199203,1,0.278615557450871,0.297956253962517,NA,1,1,"S7","signal",500,70,0.500915658514495,92.8394911177629,0,0,0,"quadratic",0.1,13,1
0.487921474554059,0.356689203660377,1,1,0.244199526277873,NA,0.997231206292905,1,0.137146183940814,NA,0.588309940312588,1,0.301882413348063,0.378688212270497,NA,1,1,"S7","signal",500,70,0.500915658514495,87.6250350734373,0,0,0,"quadratic",0.1,14,1
0.480032523067623,0.370060321852558,1,1,0.368262599992589,NA,0.999997305324281,1,0.331072880425851,NA,0.988966243011318,1,0.370289619348887,0.352491849214327,NA,1,1,"S7","signal",500,70,0.500915658514495,102.852396018752,0,0,0,"quadratic",0.1,15,1
0.510509184345008,0.35172308980811,1,1,0.323066071598596,NA,0.999890727385882,1,0.235705057553299,NA,0.820659403703334,1,0.349565874319668,0.345983342739639,NA,1,1,"S7","signal",500,70,0.500915658514495,80.1018637648293,0,0,0,"quadratic",0.1,16,1
0.604541878595219,0.346569012183523,1,1,0.543361922090647,NA,0.999999997623861,1,0.479153575113911,NA,0.999357179837583,1,0.482759708935911,0.465798182548343,NA,1,1,"S7","signal",500,70,0.500915658514495,81.1632743719844,0,0,0,"quadratic",0.1,17,1
0.414840919828057,0.330289912467276,1,1,0.329157462253074,NA,0.999948728771622,1,0.14840688448895,NA,0.59382075862697,1,0.333680606389181,0.303588765410475,NA,1,1,"S7","signal",500,70,0.500915658514495,76.3209168119313,0,0,0,"quadratic",0.1,18,1
0.452722924555494,0.319343778542588,1,1,0.225443794083657,NA,0.995950582437895,1,0.149704174504598,NA,0.657657450874492,1,0.146023271433516,0.318256541295015,NA,1,1,"S7","signal",500,70,0.500915658514495,88.5169735618118,0,0,0,"quadratic",0.1,19,1
0.38254102916371,0.344290970767774,1,1,0.211260753448936,NA,0.99522038287073,1,0.0496709017596319,NA,0.282443356488188,0,0.26801692849391,0.284889912997237,NA,1,1,"S7","signal",500,70,0.500915658514495,97.7638621765205,0,0,0,"quadratic",0.1,20,1
0.496338304997053,0.358325294346174,1,1,0.352362819341349,NA,0.99997166139662,1,0.348071297472615,NA,0.985806115415464,1,0.272067061839553,0.280260194538151,NA,1,1,"S7","signal",500,70,0.500915658514495,87.266893571919,0,0,0,"quadratic",0.1,21,1
0.49093534597232,0.335534589855771,1,1,0.316460614584747,NA,0.999953518441924,1,0.298071389292718,NA,0.936306815658302,1,0.37894003590231,0.364234833666486,NA,1,1,"S7","signal",500,70,0.500915658514495,96.483177847823,0,0,0,"quadratic",0.1,22,1
0.479714085510463,0.303978209674885,1,1,0.273099603932762,NA,0.999855039639128,1,0.103910710456755,NA,0.471816061410915,0,0.276639822075136,0.353619802947264,NA,1,1,"S7","signal",500,70,0.500915658514495,103.12928462313,0,0,0,"quadratic",0.1,23,1
0.419275898847876,0.334956917654993,1,1,0.269673645813257,NA,0.999577152398843,1,0.11938118552439,NA,0.52816995624684,1,0.247970801625897,0.346919652379344,NA,1,1,"S7","signal",500,70,0.500915658514495,90.5064013384643,0,0,0,"quadratic",0.1,24,1
0.403372281055554,0.360424680787603,1,1,0.232868298575404,NA,0.997891525729386,1,0.107604597015144,NA,0.508924074135896,1,0.293219924393184,0.421305682394989,NA,1,1,"S7","signal",500,70,0.500915658514495,91.0579598934845,0,0,0,"quadratic",0.1,25,1
0.567932831048083,0.387432865897111,1,1,0.450622402750924,NA,0.999999932802155,1,0.396698235186441,NA,0.998019628924466,1,0.542263898008462,0.279909290169161,NA,1,1,"S7","signal",500,70,0.500915658514495,98.9858357972649,0,0,0,"quadratic",0.1,26,1
0.431971327668354,0.329937630211981,1,1,0.221848253720405,NA,0.992199524416373,1,0.133200411729541,NA,0.577080987933593,1,0.245769715324167,0.380410621365407,NA,1,1,"S7","signal",500,70,0.500915658514495,78.8669357676696,0,0,0,"quadratic",0.1,27,1
0.478211714745056,0.298768518145469,1,1,0.274005386291614,NA,0.998920114909349,1,0.208430979018208,NA,0.760865115178492,1,0.191704178455919,0.263416097939145,0.000311565617324846,0.999688442211055,1,"S7","signal",500,70,0.500915658514495,74.6328875117763,0,0,0,"quadratic",0.1,28,1
0.402364215301145,0.332475666330258,1,1,0.24834471850895,NA,0.998880194328078,1,0.129107262136404,NA,0.599357414817665,1,0.277462085111316,0.17729480333549,NA,1,1,"S7","signal",500,70,0.500915658514495,87.7704584177807,0,0,0,"quadratic",0.1,29,1
0.487085152070292,0.342512446028846,1,1,0.339582740341878,NA,0.999943759509863,1,0.286540828809435,NA,0.925715730179359,1,0.349608012985489,0.370637945539313,NA,1,1,"S7","signal",500,70,0.500915658514495,70.4960721817495,0,0,0,"quadratic",0.1,30,1
0.474956889390237,0.296220621194512,1,1,0.346078707199359,NA,0.999995341500877,1,0.324766780865485,NA,0.9908913589796,1,0.387132206096875,0.340313924470268,NA,1,1,"S7","signal",500,70,0.500915658514495,98.4749370402116,0,0,0,"quadratic",0.1,31,1
0.443246256659433,0.389664968899157,1,1,0.291243407173201,NA,0.999869510944776,1,0.197674316802997,NA,0.76588537373067,1,0.312809197951118,0.364925370964628,NA,1,1,"S7","signal",500,70,0.500915658514495,101.891776477194,0,0,0,"quadratic",0.1,32,1
0.437550048182987,0.312019215420194,1,1,0.272319608040302,NA,0.998897182958549,1,0.271917126082992,NA,0.937417037446152,1,0.270050762560217,0.393332327665198,NA,1,1,"S7","signal",500,70,0.500915658514495,80.8686152763068,0,0,0,"quadratic",0.1,33,1
0.491894298927957,0.317662658195897,1,1,0.362176765054869,NA,0.999997944528128,1,0.379906720065715,NA,0.999613648090067,1,0.399415682907401,0.402833046908784,NA,1,1,"S7","signal",500,70,0.500915658514495,90.6410583625355,0,0,0,"quadratic",0.1,34,1
0.361122014591932,0.333215730524446,1,1,0.176960838106433,NA,0.97982032220593,1,0.0271739796521056,NA,0.170668886589598,0,0.142150260552555,0.328020300393812,NA,1,1,"S7","signal",500,70,0.500915658514495,98.8855856261137,0,0,0,"quadratic",0.1,35,1
0.441467987302137,0.351772812254768,1,1,0.422286234565763,NA,0.999990297964274,1,0.377775859696149,NA,0.969621564217792,1,0.30900825557182,0.325684250925874,NA,1,1,"S7","signal",500,70,0.500915658514495,60.216141495996,0,0,0,"quadratic",0.1,36,1
0.416638743343028,0.337263583294455,1,1,0.21096994146216,NA,0.993864010655908,1,0.103557880996042,NA,0.496540866894086,0,0.243960972032134,0.327087357271017,NA,1,1,"S7","signal",500,70,0.500915658514495,87.0979264923855,0,0,0,"quadratic",0.1,37,1
0.349915898833241,0.342244750478925,1,1,0.15428262495738,NA,0.947152285455563,0,0.017650932548738,NA,0.126406158600548,0,0.195584502866157,0.331113686262261,NA,1,1,"S7","signal",500,70,0.500915658514495,88.3272839961165,0,0,0,"quadratic",0.1,38,1
0.438621864982431,0.375060058440873,1,1,0.186945093671078,NA,0.9768974377349,1,0.0358317922117957,NA,0.210178178979211,0,0.236637797968041,0.425418671296844,NA,1,1,"S7","signal",500,70,0.500915658514495,87.1637911121188,0,0,0,"quadratic",0.1,39,1
0.453574736135734,0.323298757493574,1,1,0.216995169694878,NA,0.996907909274751,1,0.0816396388210613,NA,0.432937039389612,0,0.192300217492476,0.217205256630542,0.00081667420951065,0.998849246231156,1,"S7","signal",500,70,0.500915658514495,94.5576809241965,0,0,0,"quadratic",0.1,40,1
0.390255245639984,0.333567202499722,1,1,0.257564378213192,NA,0.999457805375054,1,0.0845011983950471,NA,0.437130063242115,0,0.289448083615774,0.280907634318849,NA,1,1,"S7","signal",500,70,0.500915658514495,96.1667520882211,0,0,0,"quadratic",0.1,41,1
0.531149412575038,0.375311385883443,1,1,0.366118774448668,NA,0.999991511904278,1,0.371333460747969,NA,0.997278514880113,1,0.355238354689684,0.364499271664727,NA,1,1,"S7","signal",500,70,0.500915658514495,90.4284482562423,0,0,0,"quadratic",0.1,42,1
0.394093908269916,0.343463331703809,1,1,0.34923405487584,NA,0.999995787189511,1,0.322963368598301,NA,0.988418856403691,1,0.376429204203058,0.420650478284744,NA,1,1,"S7","signal",500,70,0.500915658514495,93.0113184977761,0,0,0,"quadratic",0.1,43,1
0.444328147552645,0.334737067138477,1,1,0.239543706888314,NA,0.997449902521155,1,0.0667204731213861,NA,0.345487884796083,0,0.222957964976122,0.305301643068623,NA,1,1,"S7","signal",500,70,0.500915658514495,89.4530710025929,0,0,0,"quadratic",0.1,44,1
0.457055473583966,0.357861869372554,1,1,0.366296457700761,NA,0.999992184597712,1,0.292199114897028,NA,0.941837713992095,1,0.345328555675244,0.174473985460055,NA,1,1,"S7","signal",500,70,0.500915658514495,88.3982774894222,0,0,0,"quadratic",0.1,45,1
0.484552115634202,0.37555762594086,1,1,0.348051451425363,NA,0.999906833013351,1,0.168908370023975,NA,0.605871857425415,1,0.29257357486218,0.296840537583673,NA,1,1,"S7","signal",500,70,0.500915658514495,75.8258404406583,0,0,0,"quadratic",0.1,46,1
0.444779099443432,0.354987156308837,1,1,0.305596051553524,NA,0.999903150430703,1,0.202419333508146,NA,0.761704293587256,1,0.30298810041244,0.338913700707251,NA,1,1,"S7","signal",500,70,0.500915658514495,83.9638011171012,0,0,0,"quadratic",0.1,47,1
0.470835667565877,0.354065122216066,1,1,0.391777622723231,NA,0.999999133870584,1,0.352207465656095,NA,0.989077159148723,1,0.377727950082003,0.32353220067885,NA,1,1,"S7","signal",500,70,0.500915658514495,84.993212068044,0,0,0,"quadratic",0.1,48,1
0.5012526418905,0.36049758664052,1,1,0.389842963640034,NA,0.999995741888569,1,0.333635321556303,NA,0.969200036320499,1,0.407779140301681,0.274230875650174,NA,1,1,"S7","signal",500,70,0.500915658514495,83.8322777210953,0,0,0,"quadratic",0.1,49,1
0.481422861512993,0.349340944945891,1,1,0.294597274069267,NA,0.999852280424062,1,0.261039506711428,NA,0.904562612606973,1,0.292082420720822,0.360572177817567,NA,1,1,"S7","signal",500,70,0.500915658514495,86.4460435652196,0,0,0,"quadratic",0.1,50,1
0.419690752844939,0.357407648061234,1,1,0.306076870864892,NA,0.999576627161585,1,0.28255933795157,NA,0.911741028486851,1,0.306168354750885,0.515086772389201,NA,1,1,"S7","signal",500,70,0.500915658514495,71.1583615340037,0,0,0,"quadratic",0.1,51,1
0.54915225804036,0.313897443449571,1,1,0.432776529011647,NA,0.999999534068985,1,0.413468228957309,NA,0.999414464733945,1,0.399605837531258,0.259948467884802,NA,1,1,"S7","signal",500,70,0.500915658514495,77.9588464646608,0,0,0,"quadratic",0.1,52,1
0.440850352657738,0.35807923541714,1,1,0.279849067356555,NA,0.999557963583846,1,0.264867648411569,NA,0.912370696147018,1,0.235408189624049,0.305190179962995,NA,1,1,"S7","signal",500,70,0.500915658514495,101.914797105653,0,0,0,"quadratic",0.1,53,1
0.507317271518854,0.32036171874135,1,1,0.413388525809716,NA,0.999997993700053,1,0.405827357529278,NA,0.997207716024043,1,0.355061211217727,0.371076684860351,NA,1,1,"S7","signal",500,70,0.500915658514495,76.2036935286313,0,0,0,"quadratic",0.1,54,1
0.44452845593635,0.364601619374561,1,1,0.272127440876233,NA,0.999349604073717,1,0.0958117000805811,NA,0.430784903539144,0,0.273073226011136,0.388674080274187,NA,1,1,"S7","signal",500,70,0.500915658514495,103.911508704681,0,0,0,"quadratic",0.1,55,1
0.444539896595507,0.335729555691978,1,1,0.416962104785039,NA,0.999999894954808,1,0.396297601127316,NA,0.999815572664257,1,0.375384738608496,0.376957068255243,NA,1,1,"S7","signal",500,70,0.500915658514495,110.299067562574,0,0,0,"quadratic",0.1,56,1
0.42362491301941,0.361994953778605,1,1,0.238541462943527,NA,0.994905157245371,1,0.141256829041569,NA,0.559746744569107,1,0.196002399872707,0.387132070066028,NA,1,1,"S7","signal",500,70,0.500915658514495,66.02322387382,0,0,0,"quadratic",0.1,57,1
0.474640143868086,0.344958283374196,1,1,0.388879799031324,NA,0.999999319817946,1,0.332484883525034,NA,0.987566670517936,1,0.399211720299014,0.369206544151651,NA,1,1,"S7","signal",500,70,0.500915658514495,91.6306189713045,0,0,0,"quadratic",0.1,58,1
0.529655428442191,0.342879294093938,1,1,0.385432957886621,NA,0.999925524562184,1,0.305970629638275,NA,0.891374886225247,1,0.410558670129419,0.355190591911794,NA,1,1,"S7","signal",500,70,0.500915658514495,69.0786573868802,0,0,0,"quadratic",0.1,59,1
0.576217329822339,0.334652166686241,1,1,0.441359669683416,NA,0.999999828201282,1,0.354500185729077,NA,0.968843563779701,1,0.413077219451583,0.331604024823774,NA,1,1,"S7","signal",500,70,0.500915658514495,84.3236195278612,0,0,0,"quadratic",0.1,60,1
0.502946684902054,0.358354828244536,1,1,0.328449560950393,NA,0.999894344052979,1,0.249944538275334,NA,0.861666085660153,1,0.311749670502576,0.4311057652179,NA,1,1,"S7","signal",500,70,0.500915658514495,79.5028441951535,0,0,0,"quadratic",0.1,61,1
0.511269599729451,0.344483170130596,1,1,0.422791228046147,NA,0.999999622766867,1,0.386229131978623,NA,0.997164540251215,1,0.413251970809703,0.394316046032242,NA,1,1,"S7","signal",500,70,0.500915658514495,96.1990268543167,0,0,0,"quadratic",0.1,62,1
0.478793867963976,0.349224510185833,1,1,0.286234755607079,NA,0.999741048476845,1,0.244411664563898,NA,0.89999380534512,1,0.241868645358844,0.275033078560736,NA,1,1,"S7","signal",500,70,0.500915658514495,89.5262837883747,0,0,0,"quadratic",0.1,63,1
0.528685124097094,0.308762823166451,1,1,0.394204042930042,NA,0.999998296974077,1,0.342273105860356,NA,0.980219081202482,1,0.347997587073388,0.30335610369374,NA,1,1,"S7","signal",500,70,0.500915658514495,84.4387386561054,0,0,0,"quadratic",0.1,64,1
0.425961965536712,0.366374988384338,1,1,0.341212588230627,NA,0.999993844105923,1,0.279403007713226,NA,0.94852745214099,1,0.363656215056657,0.381126439137149,NA,1,1,"S7","signal",500,70,0.500915658514495,89.8405378496545,0,0,0,"quadratic",0.1,65,1
0.441787920331081,0.375709449666419,1,1,0.404835944720004,NA,0.999997495205492,1,0.354101325635968,NA,0.980334306081129,1,0.403507278383154,0.429287404814021,NA,1,1,"S7","signal",500,70,0.500915658514495,88.5959542234554,0,0,0,"quadratic",0.1,66,1
0.483129361944202,0.372837197056661,1,1,0.442811746629143,NA,0.999999007680238,1,0.388491828259382,NA,0.985109455838133,1,0.455816091101169,0.241280529607962,NA,1,1,"S7","signal",500,70,0.500915658514495,81.7044108808456,0,0,0,"quadratic",0.1,67,1
0.519820457566713,0.347470810089932,1,1,0.425384129554372,NA,0.999999581788888,1,0.353933610989303,NA,0.9864936573939,1,0.400460037488609,0.352203103274513,NA,1,1,"S7","signal",500,70,0.500915658514495,77.2767381304491,0,0,0,"quadratic",0.1,68,1
0.445252078893711,0.339002064518348,1,1,0.310585331942575,NA,0.999576535872959,1,0.236722273790438,NA,0.808180617323303,1,0.277776477010997,0.301914361422286,NA,1,1,"S7","signal",500,70,0.500915658514495,74.271782168898,0,0,0,"quadratic",0.1,69,1
0.515674142111127,0.379489601496156,1,1,0.255528790361032,NA,0.997565930427187,1,0.154075730393391,NA,0.631582818322369,1,0.283081228733897,0.205074739483883,0.0007990150508816,0.999201005025126,1,"S7","signal",500,70,0.500915658514495,81.945387243792,0,0,0,"quadratic",0.1,70,1
0.554712614781973,0.392428761306795,1,1,0.334960587740471,NA,0.999943258129922,1,0.292463144475317,NA,0.92688262844207,1,0.401481264654898,0.348097431661887,NA,1,1,"S7","signal",500,70,0.500915658514495,89.6362599719764,0,0,0,"quadratic",0.1,71,1
0.462914649394246,0.332606784098445,1,1,0.185346243229528,NA,0.978070997897988,1,0.0172293985887641,NA,0.121241270011758,0,0.233286320598393,0.270565310834953,NA,1,1,"S7","signal",500,70,0.500915658514495,87.8661481260728,0,0,0,"quadratic",0.1,72,1
0.489964509374564,0.354483532987923,1,1,0.291248247859745,NA,0.999968734004984,1,0.26208827104653,NA,0.966460371478732,1,0.287754711126108,0.327336000513686,NA,1,1,"S7","signal",500,70,0.500915658514495,104.864875807478,0,0,0,"quadratic",0.1,73,1
0.372110847466058,0.372629674394127,1,1,0.249223652949399,NA,0.997474340753428,1,0.0514985250580968,NA,0.254782635967728,0,0.295590255588838,0.384512585051424,NA,1,1,"S7","signal",500,70,0.500915658514495,98.2158051898016,0,0,0,"quadratic",0.1,74,1
0.507906301796555,0.348450407526948,1,1,0.421965243882007,NA,0.999999883802266,1,0.391049829480895,NA,0.997646303754857,1,0.408126383609937,0.383445982576929,NA,1,1,"S7","signal",500,70,0.500915658514495,93.5918614078807,0,0,0,"quadratic",0.1,75,1
0.516894760648745,0.35740004300726,1,1,0.312088739525494,NA,0.999307314466096,1,0.212157154487768,NA,0.725172149826791,1,0.353921654423475,0.295195262128003,NA,1,1,"S7","signal",500,70,0.500915658514495,67.9456411545661,0,0,0,"quadratic",0.1,76,1
0.532174626486786,0.351446015184611,1,1,0.439410085185584,NA,0.99999966563092,1,0.356155292773346,NA,0.974980808653612,1,0.471882787756568,0.284550596354325,NA,1,1,"S7","signal",500,70,0.500915658514495,79.0842505399964,0,0,0,"quadratic",0.1,77,1
0.491214819467592,0.37074452128667,1,1,0.433005890346352,NA,0.999999487249799,1,0.410945862659246,NA,0.999070470464655,1,0.424202186534313,0.339691604034282,NA,1,1,"S7","signal",500,70,0.500915658514495,89.6030134887767,0,0,0,"quadratic",0.1,78,1
0.369265038032331,0.363540583734178,1,1,0.272652879437573,NA,0.999110094684866,1,0.181497114623777,NA,0.684417937742228,1,0.284669280014685,0.321813634449571,NA,1,1,"S7","signal",500,70,0.500915658514495,79.6743433726068,0,0,0,"quadratic",0.1,79,1
0.442853177805932,0.354261351921185,1,1,0.334850929453193,NA,0.999960732706982,1,0.215927974093545,NA,0.755792692201754,1,0.293730430737057,0.17269869243905,NA,1,1,"S7","signal",500,70,0.500915658514495,81.719623457899,0,0,0,"quadratic",0.1,80,1
0.480783333322365,0.347479744485269,1,1,0.278389313234882,NA,0.999366301657649,1,0.207860073189228,NA,0.809525554382858,1,0.303775498598924,0.351385498914197,NA,1,1,"S7","signal",500,70,0.500915658514495,91.3282456922534,0,0,0,"quadratic",0.1,81,1
0.404391418143184,0.33455778586509,1,1,0.350694401113352,NA,0.999993700830878,1,0.301391026528949,NA,0.964047862808072,1,0.328111109769879,0.361471809123864,NA,1,1,"S7","signal",500,70,0.500915658514495,85.2461453769683,0,0,0,"quadratic",0.1,82,1
0.477356326468039,0.357129717503018,1,1,0.299072522186254,NA,0.999662937716232,1,0.289627018203107,NA,0.951998107290294,1,0.259689136211708,0.410716128140872,NA,1,1,"S7","signal",500,70,0.500915658514495,79.7552546469708,0,0,0,"quadratic",0.1,83,1
0.428228672878132,0.306911633624234,1,1,0.30729416659969,NA,0.999939747598279,1,0.241446214951906,NA,0.896521619520259,1,0.316185314940568,0.296397782412005,NA,1,1,"S7","signal",500,70,0.500915658514495,87.0870275873295,0,0,0,"quadratic",0.1,84,1
0.435068142113099,0.335357488988328,1,1,0.230132477674528,NA,0.996336108701682,1,0.174025967955858,NA,0.717672848506648,1,0.228107933601498,0.254986394606981,NA,1,1,"S7","signal",500,70,0.500915658514495,86.1372321251144,0,0,0,"quadratic",0.1,85,1
0.439570946988641,0.354453313521123,1,1,0.339542416954548,NA,0.999920785931171,1,0.295232643531711,NA,0.927323968432926,1,0.348382191661084,0.303162950439776,NA,1,1,"S7","signal",500,70,0.500915658514495,76.1214615925947,0,0,0,"quadratic",0.1,86,1
0.464616565660488,0.338840965227976,1,1,0.299936612142943,NA,0.999895171844055,1,0.179242722584231,NA,0.717843540685065,1,0.292749354530369,0.338795477187827,NA,1,1,"S7","signal",500,70,0.500915658514495,88.9549429182536,0,0,0,"quadratic",0.1,87,1
0.469511000988533,0.353592164239447,1,1,0.335972680764766,NA,0.999971121369596,1,0.330313713783916,NA,0.986273967198185,1,0.409583895667745,0.397598318119504,NA,1,1,"S7","signal",500,70,0.500915658514495,98.2003977897901,0,0,0,"quadratic",0.1,88,1
0.387893130241854,0.354163349484025,1,1,0.189875283935204,NA,0.983856627946032,1,0.0206604755904756,NA,0.133887774646159,0,0.15683526436936,0.237578854660572,NA,1,1,"S7","signal",500,70,0.500915658514495,86.516878165176,0,0,0,"quadratic",0.1,89,1
0.456425357716548,0.344133106046402,1,1,0.291472263215795,NA,0.999479134725636,1,0.120859741313569,NA,0.500586424787709,1,0.323004061948543,0.247949082578213,NA,1,1,"S7","signal",500,70,0.500915658514495,75.5346491166494,0,0,0,"quadratic",0.1,90,1
0.386154738482689,0.335364476000177,1,1,0.302891021843485,NA,0.999899630286752,1,0.261943598580909,NA,0.938124505132482,1,0.316346266409304,0.38310650712789,NA,1,1,"S7","signal",500,70,0.500915658514495,86.0978205691572,0,0,0,"quadratic",0.1,91,1
0.396155895172987,0.338289845536898,1,1,0.320174228386379,NA,0.999730072589454,1,0.298609737117147,NA,0.93754245260994,1,0.260302999792543,0.397034110893332,NA,1,1,"S7","signal",500,70,0.500915658514495,69.0587637871744,0,0,0,"quadratic",0.1,92,1
0.48916777538544,0.342390301741323,1,1,0.394440466694723,NA,0.999998062675708,1,0.340893837394236,NA,0.98507743118611,1,0.392109902934499,0.358633431666152,NA,1,1,"S7","signal",500,70,0.500915658514495,82.7079816552324,0,0,0,"quadratic",0.1,93,1
0.437618961032078,0.31961974682138,1,1,0.292342196121755,NA,0.999660027702385,1,0.14014051245237,NA,0.575609403626433,1,0.361042003802257,0.364698922006184,NA,1,1,"S7","signal",500,70,0.500915658514495,82.2691756764888,0,0,0,"quadratic",0.1,94,1
0.384973265767508,0.331235462583738,1,1,0.296247188503651,NA,0.999897253627732,1,0.272221165424316,NA,0.952768403997269,1,0.315347454179998,0.342191427203736,NA,1,1,"S7","signal",500,70,0.500915658514495,95.3147091686825,0,0,0,"quadratic",0.1,95,1
0.472493226541864,0.326587565551286,1,1,0.205886102278227,NA,0.992498885423616,1,0.100422815517693,NA,0.48949919259666,0,0.206114312125586,0.313405749699939,NA,1,1,"S7","signal",500,70,0.500915658514495,93.0224199894435,0,0,0,"quadratic",0.1,96,1
0.531324849295737,0.334599684776317,1,1,0.375685352156885,NA,0.999993481489903,1,0.236006345824772,NA,0.810844714243089,1,0.42152789025713,0.302315343226566,NA,1,1,"S7","signal",500,70,0.500915658514495,90.8229314085906,0,0,0,"quadratic",0.1,97,1
0.477295519207691,0.32338561194943,1,1,0.298313400770299,NA,0.999728656021706,1,0.180270325269362,NA,0.691760467715637,1,0.198727678954831,0.395390367821793,NA,1,1,"S7","signal",500,70,0.500915658514495,77.7295872877333,0,0,0,"quadratic",0.1,98,1
0.465146610742401,0.365790684965875,1,1,0.292503440228687,NA,0.999549179753262,1,0.160251667519889,NA,0.617284720936619,1,0.277867481040411,0.279606930331877,NA,1,1,"S7","signal",500,70,0.500915658514495,72.8116367928672,0,0,0,"quadratic",0.1,99,1
0.499442694141567,0.316782063020438,1,1,0.329116091161292,NA,0.999799708264185,1,0.11190300910888,NA,0.429713255802428,0,0.272452272995765,0.424256289751614,NA,1,1,"S7","signal",500,70,0.500915658514495,80.0640952403803,0,0,0,"quadratic",0.1,100,1
0.341337754808617,0.410690719344455,1,1,0.152636915906238,NA,0.884006332615449,0,0.012525026176841,NA,0.0844757606187756,0,0.0918461139749893,0.430750764301162,NA,1,1,"S7","signal",500,70,0.500915658514495,63.8715467971527,0,0,0,"quadratic",0.2,1,1
0.455616651773124,0.380491624540005,1,1,0.333743435158014,NA,0.999726875673435,1,0.178964331817649,NA,0.626609362698179,1,0.245714797043371,0.330934235176046,NA,1,1,"S7","signal",500,70,0.500915658514495,77.2210129865495,0,0,0,"quadratic",0.2,2,1
0.379355341927066,0.388003180983559,1,1,0.215723657993898,NA,0.980517378086723,1,0.0423424860303203,NA,0.203069156603202,0,0.232753864119416,0.264310465776525,0.00527117453828655,0.990070351758794,1,"S7","signal",500,70,0.500915658514495,72.0960565893888,0,0,0,"quadratic",0.2,3,1
0.514020962207362,0.384220265182106,1,1,0.400714869462549,NA,0.999994171851753,1,0.352223988798955,NA,0.983471021942449,1,0.354419641119051,0.55396141868997,NA,1,1,"S7","signal",500,70,0.500915658514495,103.212374395977,0,0,0,"quadratic",0.2,4,1
0.536914560993781,0.393712223076506,1,1,0.384502859046089,NA,0.999576577862012,1,0.257155700311445,NA,0.722152415616927,1,0.361971998581011,0.339654312249169,NA,1,1,"S7","signal",500,70,0.500915658514495,58.7355958731158,0,0,0,"quadratic",0.2,5,1
0.511828324226735,0.410758328513657,1,1,0.338380987792018,NA,0.999935754939416,1,0.285130774621194,NA,0.920978624916504,1,0.360465050685034,0.356844097490731,NA,1,1,"S7","signal",500,70,0.500915658514495,88.0143826859116,0,0,0,"quadratic",0.2,6,1
0.480502439131698,0.42623610361385,1,1,0.28904227103783,NA,0.999330334280385,1,0.262526631838885,NA,0.90779895701109,1,0.228602160686578,0.343140588297748,NA,1,1,"S7","signal",500,70,0.500915658514495,96.3452370615957,0,0,0,"quadratic",0.2,7,1
0.55858475496276,0.418038157855909,1,1,0.338899923747503,NA,0.999534674012872,1,0.254722928842917,NA,0.78933608651718,1,0.34843134774184,0.446466629576161,NA,1,1,"S7","signal",500,70,0.500915658514495,75.0951076750402,0,0,0,"quadratic",0.2,8,1
0.505211418149256,0.411022661967573,1,1,0.519537917479734,NA,0.999999041095526,1,0.471504234649637,NA,0.99740435799923,1,0.580369955990703,0.433815558121754,NA,1,1,"S7","signal",500,70,0.500915658514495,71.6726765168683,0,0,0,"quadratic",0.2,9,1
0.581211584401403,0.37427879178726,1,1,0.406333522036472,NA,0.99997164547054,1,0.432502081872843,NA,0.992396106415449,1,0.312538909331011,0.291283692648678,NA,1,1,"S7","signal",500,70,0.500915658514495,72.8882265912449,0,0,0,"quadratic",0.2,10,1
0.450040580065314,0.336326136438492,1,1,0.310541829248315,NA,0.999075343175114,1,0.285784566134095,NA,0.915689170640108,1,0.276900008060455,0.306492220431096,NA,1,1,"S7","signal",500,70,0.500915658514495,73.2147583687427,0,0,0,"quadratic",0.2,11,1
0.441683598829919,0.436381451245867,1,1,0.332991656208958,NA,0.999747630410564,1,0.217853048159492,NA,0.749227970221161,1,0.293654885228038,0.395165411852114,NA,1,1,"S7","signal",500,70,0.500915658514495,77.9170140038024,0,0,0,"quadratic",0.2,12,1
0.532417947753496,0.362573369638641,1,1,0.308264211276709,NA,0.999561272714497,1,0.258356387055818,NA,0.89985418348814,1,0.280175569148868,0.468715017007349,NA,1,1,"S7","signal",500,70,0.500915658514495,96.9285435658319,0,0,0,"quadratic",0.2,13,1
0.464538311044256,0.411870584580608,1,1,0.25253647128201,NA,0.998489468938134,1,0.110030495775388,NA,0.518010975823866,1,0.245040545725819,0.286080739311537,NA,1,1,"S7","signal",500,70,0.500915658514495,102.516923676649,0,0,0,"quadratic",0.2,14,1
0.517329352741014,0.398895127476312,1,1,0.271003439653627,NA,0.998765515657459,1,0.150269509127049,NA,0.608409531388604,1,0.305040523062594,0.319743880214154,NA,1,1,"S7","signal",500,70,0.500915658514495,89.5900214134731,0,0,0,"quadratic",0.2,15,1
0.442562008548434,0.368038060199222,1,1,0.270375729897476,NA,0.996283657785345,1,0.0985456858175242,NA,0.399674154365117,0,0.212692979850761,0.404378460228462,NA,1,1,"S7","signal",500,70,0.500915658514495,76.8601360738443,0,0,0,"quadratic",0.2,16,1
0.398833856736283,0.428493274391078,1,1,0.26592775045021,NA,0.994606977831529,1,0.0335813059627319,NA,0.171844262417646,0,0.363775928000244,0.403824250103674,NA,1,1,"S7","signal",500,70,0.500915658514495,76.371887495759,0,0,0,"quadratic",0.2,17,1
0.442587507218444,0.392684963781191,1,1,0.365873154838301,NA,0.999975852381734,1,0.337147580595543,NA,0.975421890722567,1,0.32529536488317,0.412970627722388,NA,1,1,"S7","signal",500,70,0.500915658514495,96.310579203546,0,0,0,"quadratic",0.2,18,1
0.463708514299138,0.397922128508664,1,1,0.290639456124731,NA,0.998874304208618,1,0.120350785564834,NA,0.480276082250863,0,0.274407752567058,0.429847126942369,NA,1,1,"S7","signal",500,70,0.500915658514495,92.8086209670932,0,0,0,"quadratic",0.2,19,1
0.432998461081274,0.417206748642485,1,1,0.161036766584717,NA,0.941292666524787,0,0.0379916778401491,NA,0.216286974709042,0,0.157421129559847,0.35514115601212,NA,1,1,"S7","signal",500,70,0.500915658514495,93.2286225421158,0,0,0,"quadratic",0.2,20,1
0.48171598658392,0.349097922312635,1,1,0.314163930219728,NA,0.99835710478746,1,0.133201789838971,NA,0.455504933747394,0,0.283845773433784,0.329767617929766,NA,1,1,"S7","signal",500,70,0.500915658514495,74.3644058823304,0,0,0,"quadratic",0.2,21,1
0.420511589613586,0.400255968718271,1,1,0.207499251578517,NA,0.975624312166313,1,0.0354592123533689,NA,0.184658313662542,0,0.245003903142131,0.297574523441681,0.00037186864003303,0.999628140703518,1,"S7","signal",500,70,0.500915658514495,73.5412920584005,0,0,0,"quadratic",0.2,22,1
0.4418036529252,0.372418235363059,1,1,0.306972487125464,NA,0.999036044536949,1,0.259991428517452,NA,0.851298829347994,1,0.282316912238932,0.262075378993414,NA,1,1,"S7","signal",500,70,0.500915658514495,76.4845070886049,0,0,0,"quadratic",0.2,23,1
0.500985921494506,0.411426401497576,1,1,0.461515884051288,NA,0.999999723501415,1,0.429132240104109,NA,0.998782782592856,1,0.498850655319629,0.491005899432193,NA,1,1,"S7","signal",500,70,0.500915658514495,95.0174678164763,0,0,0,"quadratic",0.2,24,1
0.31916958141491,0.373334479018579,1,1,0.147274797018949,NA,0.910375619895356,0,0.0167984559515451,NA,0.112005901971731,0,0.210933744450165,0.421195039870509,NA,1,1,"S7","signal",500,70,0.500915658514495,82.588023386529,0,0,0,"quadratic",0.2,25,1
0.4347485571066,0.394637730493996,1,1,0.13065108646596,NA,0.870200019117171,0,0.00376528240562755,NA,0.047626292901093,0,0.147518728398473,0.384720779860807,NA,1,1,"S7","signal",500,70,0.500915658514495,79.3036795680169,0,0,0,"quadratic",0.2,26,1
0.570296674746853,0.368445381024631,1,1,0.495115143891345,NA,0.999999873201519,1,0.451201684757405,NA,0.998353148993858,1,0.436198062698006,0.47918417302218,NA,1,1,"S7","signal",500,70,0.500915658514495,82.9816280632696,0,0,0,"quadratic",0.2,27,1
0.464511828734827,0.330690128680893,1,1,0.382537003695704,NA,0.999997370604056,1,0.336912813178446,NA,0.978845754932287,1,0.328654140419421,0.430207541866095,NA,1,1,"S7","signal",500,70,0.500915658514495,83.9399968163925,0,0,0,"quadratic",0.2,28,1
0.552003651105718,0.343888951916524,1,1,0.44162789906156,NA,0.999999400285596,1,0.369803324543336,NA,0.980584565558915,1,0.425605138768613,0.237602811697551,NA,1,1,"S7","signal",500,70,0.500915658514495,95.9185803908782,0,0,0,"quadratic",0.2,29,1
0.568678567977703,0.41736240362378,1,1,0.371025036218975,NA,0.999975360889847,1,0.250034103310404,NA,0.832471818041649,1,0.378020954072841,0.340548524121932,NA,1,1,"S7","signal",500,70,0.500915658514495,94.0198533868424,0,0,0,"quadratic",0.2,30,1
0.409703375331112,0.38548711935017,1,1,0.258572204424087,NA,0.999087478684808,1,0.161089897943433,NA,0.672279089714486,1,0.290904377325667,0.305627521529821,NA,1,1,"S7","signal",500,70,0.500915658514495,97.1007166297288,0,0,0,"quadratic",0.2,31,1
0.458011697318376,0.436810238962401,1,1,0.328741357411164,NA,0.999754991670885,1,0.301397770364639,NA,0.947061498234508,1,0.305149761274096,0.433948358203058,NA,1,1,"S7","signal",500,70,0.500915658514495,84.2383364390148,0,0,0,"quadratic",0.2,32,1
0.450952017908181,0.393519845141758,1,1,0.301209730825883,NA,0.999844885610039,1,0.230645193143798,NA,0.863011793785588,1,0.286045512679728,0.414377567722506,NA,1,1,"S7","signal",500,70,0.500915658514495,89.0711165515906,0,0,0,"quadratic",0.2,33,1
0.40705632064308,0.367405150093998,1,1,0.333274449357743,NA,0.9999155897229,1,0.304619812254505,NA,0.96107051507392,1,0.332716491972891,0.309705282659134,NA,1,1,"S7","signal",500,70,0.500915658514495,84.7064361823319,0,0,0,"quadratic",0.2,34,1
0.410015545191331,0.378775873907648,1,1,0.140117698302323,NA,0.897070196196717,0,0.021655853874998,NA,0.133597522354403,0,0.141251825829326,0.362316198643091,NA,1,1,"S7","signal",500,70,0.500915658514495,97.5156723173478,0,0,0,"quadratic",0.2,35,1
0.371807129740924,0.412176801177287,1,1,0.284660900277896,NA,0.998032487370494,1,0.0892326462502448,NA,0.371149031045104,0,0.313582221520021,0.426317265485879,NA,1,1,"S7","signal",500,70,0.500915658514495,82.2968027659575,0,0,0,"quadratic",0.2,36,1
0.397437413574314,0.367708993079299,1,1,0.236710641243513,NA,0.995463186259217,1,0.0769818745498097,NA,0.369172946927068,0,0.198727558270391,0.288773405552044,NA,1,1,"S7","signal",500,70,0.500915658514495,100.614323770984,0,0,0,"quadratic",0.2,37,1
0.43472923847611,0.375152736270248,1,1,0.223734400631164,NA,0.99315172439095,1,0.0691911421335092,NA,0.343171338774481,0,0.247629023995175,0.373498354514876,NA,1,1,"S7","signal",500,70,0.500915658514495,95.2455302213324,0,0,0,"quadratic",0.2,38,1
0.408228391028206,0.362711407176907,1,1,0.173512263419968,NA,0.942156151095798,0,0.0251801390493772,NA,0.149475049029342,0,0.125434174958699,0.296059213006931,NA,1,1,"S7","signal",500,70,0.500915658514495,67.2847305107992,0,0,0,"quadratic",0.2,39,1
0.514088988271762,0.332628644750085,1,1,0.322150029141221,NA,0.999714683534112,1,0.105603234619187,NA,0.423593457187551,0,0.341477863025975,0.270970345862521,NA,1,1,"S7","signal",500,70,0.500915658514495,89.1837714819441,0,0,0,"quadratic",0.2,40,1
0.477908893057409,0.383162789769698,1,1,0.441672572599523,NA,0.999999301914554,1,0.420826255070039,NA,0.998967422135543,1,0.463051856742213,0.377953262316316,NA,1,1,"S7","signal",500,70,0.500915658514495,98.9033358686082,0,0,0,"quadratic",0.2,41,1
0.452292137796043,0.395545350482864,1,1,0.339369815545714,NA,0.999926242696081,1,0.288674466547886,NA,0.944133084986253,1,0.342395812011751,0.356655129199976,NA,1,1,"S7","signal",500,70,0.500915658514495,90.707123025678,0,0,0,"quadratic",0.2,42,1
0.374908942412198,0.375909933350642,1,1,0.207074138849494,NA,0.992127728216509,1,0.0325922458680013,NA,0.199802964170424,0,0.219891360211779,0.204481669329383,0.00298475923311008,0.994356783919598,1,"S7","signal",500,70,0.500915658514495,99.1353041499167,0,0,0,"quadratic",0.2,43,1
0.587913757965541,0.395876080893423,1,1,0.438200864518785,NA,0.99998693222656,1,0.40047972083048,NA,0.992432856134629,1,0.313823741633219,0.43741382250399,NA,1,1,"S7","signal",500,70,0.500915658514495,73.3064320722044,0,0,0,"quadratic",0.2,44,1
0.482319749417264,0.404324354505269,1,1,0.335645739610842,NA,0.999865421051445,1,0.220445958006161,NA,0.782689931353367,1,0.341759025919604,0.420254075983445,NA,1,1,"S7","signal",500,70,0.500915658514495,92.3396632313365,0,0,0,"quadratic",0.2,45,1
0.460415481392484,0.381159715075622,1,1,0.408571920117244,NA,0.999991883879668,1,0.382605418925067,NA,0.988247592879578,1,0.453495876231101,0.425827855491915,NA,1,1,"S7","signal",500,70,0.500915658514495,83.0678251514662,0,0,0,"quadratic",0.2,46,1
0.530276648273149,0.373491185254246,1,1,0.416854359600882,NA,0.999996312239014,1,0.369872845776892,NA,0.98345035170027,1,0.389770581510984,0.317654400841035,NA,1,1,"S7","signal",500,70,0.500915658514495,89.1269456235861,0,0,0,"quadratic",0.2,47,1
0.426200382876277,0.417855467627055,1,1,0.324319656857216,NA,0.999787876075415,1,0.211632788277079,NA,0.742678591735408,1,0.319505232631185,0.353826749335975,NA,1,1,"S7","signal",500,70,0.500915658514495,93.4187934519443,0,0,0,"quadratic",0.2,48,1
0.437672298227537,0.35451367143245,1,1,0.281220242494139,NA,0.997816699607799,1,0.158878509838661,NA,0.597973068546841,1,0.238262245708877,0.252689540408517,0.00038945702165612,0.999610552763819,1,"S7","signal",500,70,0.500915658514495,71.9716888463343,0,0,0,"quadratic",0.2,49,1
0.481530192512715,0.3429650495107,1,1,0.245331105944859,NA,0.995451277581591,1,0.126825419989357,NA,0.532970433107927,1,0.22601270403267,0.306399102576543,NA,1,1,"S7","signal",500,70,0.500915658514495,76.929668986513,0,0,0,"quadratic",0.2,50,1
0.483185562563095,0.410146455961384,1,1,0.396194591968786,NA,0.999982125136949,1,0.335439251324901,NA,0.949550807818704,1,0.31828933384214,0.407038270160212,NA,1,1,"S7","signal",500,70,0.500915658514495,75.0018015465682,0,0,0,"quadratic",0.2,51,1
0.604446068557847,0.37164598172857,1,1,0.600963566292739,NA,0.999999998968425,1,0.492640575295406,NA,0.996867608299668,1,0.5404807878526,0.387186654696515,NA,1,1,"S7","signal",500,70,0.500915658514495,72.7602562761371,0,0,0,"quadratic",0.2,52,1
0.496214956774063,0.434097433208319,1,1,0.319105730395093,NA,0.999042079041044,1,0.242723536182067,NA,0.792687789804285,1,0.291940421277507,0.480090617471931,NA,1,1,"S7","signal",500,70,0.500915658514495,100.552288541174,0,0,0,"quadratic",0.2,53,1
0.428796885088868,0.395017081450461,1,1,0.355061712771264,NA,0.999883780476641,1,0.219504615074201,NA,0.728177490192479,1,0.289389681075291,0.503214479048037,NA,1,1,"S7","signal",500,70,0.500915658514495,92.1868344531918,0,0,0,"quadratic",0.2,54,1
0.440029484539104,0.360442229166827,1,1,0.28742223846521,NA,0.997026837852676,1,0.0628787189710018,NA,0.26628565885722,0,0.380913335430045,0.454435591547046,NA,1,1,"S7","signal",500,70,0.500915658514495,74.2209381343262,0,0,0,"quadratic",0.2,55,1
0.341321447125017,0.415305521704836,1,1,0.20402650954415,NA,0.958770190333291,1,0.0416808913732993,NA,0.190597505676244,0,0.170391103093186,0.496628105145029,NA,1,1,"S7","signal",500,70,0.500915658514495,73.6982957148931,0,0,0,"quadratic",0.2,56,1
0.464724152603177,0.364872065141565,1,1,0.350352637918046,NA,0.9998667648465,1,0.284282896098082,NA,0.894270538147587,1,0.325466208591247,0.479921100360115,NA,1,1,"S7","signal",500,70,0.500915658514495,80.5903875158617,0,0,0,"quadratic",0.2,57,1
0.39624193514405,0.399550315078977,1,1,0.443384246368088,NA,0.999999931894296,1,0.417291563343248,NA,0.999924406701425,1,0.317258764523411,0.463823190365552,NA,1,1,"S7","signal",500,70,0.500915658514495,110.649223744144,0,0,0,"quadratic",0.2,58,1
0.431717203647468,0.399121476395774,1,1,0.127682138070385,NA,0.837102683559533,0,0.00247864585659861,NA,0.0398051879661456,0,0.142935958064085,0.295069740152997,0.000145732304877789,0.999854271356784,1,"S7","signal",500,70,0.500915658514495,82.4006933464921,0,0,0,"quadratic",0.2,59,1
0.449747921301659,0.391632073710868,1,1,0.369360874533109,NA,0.999945480583043,1,0.326144126935111,NA,0.944357264924844,1,0.365591437058772,0.380928642737143,NA,1,1,"S7","signal",500,70,0.500915658514495,85.5714837433948,0,0,0,"quadratic",0.2,60,1
0.452392295205414,0.401795753074894,1,1,0.348913828421773,NA,0.999885018017154,1,0.301488513537973,NA,0.909336939215086,1,0.313828861643686,0.431880711115738,NA,1,1,"S7","signal",500,70,0.500915658514495,81.2014195336789,0,0,0,"quadratic",0.2,61,1
0.471644706343631,0.439540913630279,1,1,0.342238447424977,NA,0.999526857387337,1,0.245837796067613,NA,0.781639931468534,1,0.364306270384963,0.340237529886344,NA,1,1,"S7","signal",500,70,0.500915658514495,82.9406470249764,0,0,0,"quadratic",0.2,62,1
0.331397072901785,0.382369098408152,1,1,0.185791009576349,NA,0.97247063792027,1,0.0677725420035114,NA,0.350925751901092,0,0.244977111206683,0.388371152466335,NA,1,1,"S7","signal",500,70,0.500915658514495,98.3867414548174,0,0,0,"quadratic",0.2,63,1
0.385285786937518,0.385840043366249,1,1,0.097374950770702,NA,0.763337578512369,0,0.00391512076419771,NA,0.0495493443809259,0,0.165266127088314,0.352225278013485,NA,1,1,"S7","signal",500,70,0.500915658514495,79.9644843141757,0,0,0,"quadratic",0.2,64,1
0.421663234954965,0.416464549386215,1,1,0.370793289514245,NA,0.999968143652494,1,0.312243541327825,NA,0.930407957699414,1,0.396737714756317,0.264101071542358,NA,1,1,"S7","signal",500,70,0.500915658514495,94.4888674805594,0,0,0,"quadratic",0.2,65,1
0.559119685450552,0.383684067523572,1,1,0.344426896187052,NA,0.999873159604754,1,0.290193140219963,NA,0.919692579404063,1,0.294850849468154,0.321598817700704,NA,1,1,"S7","signal",500,70,0.500915658514495,92.0050106347635,0,0,0,"quadratic",0.2,66,1
0.454099607340286,0.387551554272698,1,1,0.275396428403353,NA,0.99713222203701,1,0.25213363993049,NA,0.849283551966594,1,0.333710438209533,0.411736230716364,NA,1,1,"S7","signal",500,70,0.500915658514495,77.8066286295512,0,0,0,"quadratic",0.2,67,1
0.418635613248591,0.42112415043101,1,1,0.214905077796709,NA,0.98233173125917,1,0.0219881471552951,NA,0.133884013885488,0,0.306998226623158,0.382736734754156,NA,1,1,"S7","signal",500,70,0.500915658514495,83.4378075226768,0,0,0,"quadratic",0.2,68,1
0.431105357639304,0.373378637636309,1,1,0.264568662392296,NA,0.992356848400761,1,0.0772695434347849,NA,0.31063286206279,0,0.251952647748952,0.36933216507803,NA,1,1,"S7","signal",500,70,0.500915658514495,63.1567253855051,0,0,0,"quadratic",0.2,69,1
0.449390848187716,0.339003721648836,1,1,0.379817730340334,NA,0.999994225318319,1,0.298061876339124,NA,0.94536784388285,1,0.343825588803064,0.435603359428785,NA,1,1,"S7","signal",500,70,0.500915658514495,89.2900024457207,0,0,0,"quadratic",0.2,70,1
0.415863107562833,0.347136372550556,1,1,0.277964411759498,NA,0.999366523107669,1,0.176775233070826,NA,0.711483140806739,1,0.323462388605268,0.361178250771693,NA,1,1,"S7","signal",500,70,0.500915658514495,98.908320762251,0,0,0,"quadratic",0.2,71,1
0.428999546968977,0.395729392059957,1,1,0.235858001265306,NA,0.99560765310839,1,0.0312380859932975,NA,0.181387517453671,0,0.271400294543284,0.338135143179276,NA,1,1,"S7","signal",500,70,0.500915658514495,93.3857315116071,0,0,0,"quadratic",0.2,72,1
0.571016912784631,0.388088675809144,1,1,0.419934337103686,NA,0.999996529893806,1,0.398908559090093,NA,0.997062506453345,1,0.382356773637856,0.479404268625533,NA,1,1,"S7","signal",500,70,0.500915658514495,99.1997513461675,0,0,0,"quadratic",0.2,73,1
0.360247389315218,0.347813047841071,1,1,0.116598306084581,NA,0.816025162287608,0,0.00720401382771435,NA,0.061223635770805,0,0.0814722248346308,0.323757198829679,NA,1,1,"S7","signal",500,70,0.500915658514495,72.7649163408361,0,0,0,"quadratic",0.2,74,1
0.439040459978543,0.429532671409049,1,1,0.339498087825523,NA,0.999971236400876,1,0.293196841060378,NA,0.972382278977544,1,0.32218552575577,0.430375935290256,NA,1,1,"S7","signal",500,70,0.500915658514495,105.282380189494,0,0,0,"quadratic",0.2,75,1
0.414103926760204,0.416176185325092,1,1,0.15881360176123,NA,0.946901183203722,0,0.019868048943024,NA,0.135736814107639,0,0.215542406408187,0.362495718397874,NA,1,1,"S7","signal",500,70,0.500915658514495,91.6005300156452,0,0,0,"quadratic",0.2,76,1
0.468263911544131,0.363232250519662,1,1,0.276612022334691,NA,0.999014590054491,1,0.0769651500573623,NA,0.358107751921302,0,0.270503048029685,0.1901866003402,0.00143900323871321,0.996962311557789,1,"S7","signal",500,70,0.500915658514495,79.156205999879,0,0,0,"quadratic",0.2,77,1
0.405375259469507,0.385162000734107,1,1,0.304710437156118,NA,0.99969871456057,1,0.3041138407257,NA,0.959889046474524,1,0.364160573372327,0.333715177081802,NA,1,1,"S7","signal",500,70,0.500915658514495,78.6368797394439,0,0,0,"quadratic",0.2,78,1
0.387173756654321,0.344005306550821,1,1,0.114402634304957,NA,0.837015159423737,0,0.00377152446310952,NA,0.0490881126718741,0,0.109004942757739,0.296663340813491,0.00202441163723199,0.997105527638191,1,"S7","signal",500,70,0.500915658514495,82.6739613114076,0,0,0,"quadratic",0.2,79,1
0.45472131482731,0.462255674266657,1,1,0.29660740267555,NA,0.998150666403805,1,0.198673720898418,NA,0.691454600125977,1,0.328999865872166,0.489762058551811,NA,1,1,"S7","signal",500,70,0.500915658514495,85.3641916637393,0,0,0,"quadratic",0.2,80,1
0.35867912662284,0.414476846886884,1,1,0.198337423595622,NA,0.983565262637323,1,0.0233487148966562,NA,0.149807777342323,0,0.266945681334391,0.35746280740552,NA,1,1,"S7","signal",500,70,0.500915658514495,88.489373262199,0,0,0,"quadratic",0.2,81,1
0.418182896317258,0.351604437986186,1,1,0.210202574412908,NA,0.97144676948636,1,0.0438231844846655,NA,0.216808645782164,0,0.148071540220131,0.401914000755977,NA,1,1,"S7","signal",500,70,0.500915658514495,63.2859691572945,0,0,0,"quadratic",0.2,82,1
0.433501354964704,0.411160879560423,1,1,0.251790633891148,NA,0.990375793523717,1,0.133831473135483,NA,0.488827291309823,0,0.199363429011849,0.46487617381462,NA,1,1,"S7","signal",500,70,0.500915658514495,67.0476056582231,0,0,0,"quadratic",0.2,83,1
0.443849909702729,0.404351324809324,1,1,0.346018079010826,NA,0.999887540667992,1,0.28832539911815,NA,0.914748788776448,1,0.337265105339578,0.310030222069451,NA,1,1,"S7","signal",500,70,0.500915658514495,88.947516948316,0,0,0,"quadratic",0.2,84,1
0.453461720922853,0.39974460982117,1,1,0.244661719184429,NA,0.993838235709324,1,0.180581427210499,NA,0.713982872680059,1,0.216318138280935,0.306078472352069,NA,1,1,"S7","signal",500,70,0.500915658514495,82.4338033708062,0,0,0,"quadratic",0.2,85,1
0.495478848730404,0.380240100954649,1,1,0.431170425774687,NA,0.99999950603664,1,0.395336330067094,NA,0.999085760774848,1,0.440146151974151,0.356788516682187,NA,1,1,"S7","signal",500,70,0.500915658514495,94.7144221256187,0,0,0,"quadratic",0.2,86,1
0.365983393256464,0.39452166048104,1,1,0.272177447594255,NA,0.999255613916738,1,0.220228453920288,NA,0.856854780779473,1,0.287537150436087,0.347170382772449,NA,1,1,"S7","signal",500,70,0.500915658514495,108.083921350414,0,0,0,"quadratic",0.2,87,1
0.424378246599688,0.415109479411894,1,1,0.293269803967773,NA,0.996677833465493,1,0.200474033974687,NA,0.679437906035955,1,0.259708772723773,0.427392456198803,NA,1,1,"S7","signal",500,70,0.500915658514495,83.0329536028184,0,0,0,"quadratic",0.2,88,1
0.497466696426103,0.399501985005573,1,1,0.426147205811848,NA,0.999995799194966,1,0.387694590566724,NA,0.984164510328502,1,0.36882300600496,0.472736347512613,NA,1,1,"S7","signal",500,70,0.500915658514495,75.4878077132947,0,0,0,"quadratic",0.2,89,1
0.420099284352947,0.339718130968679,1,1,0.239057838158385,NA,0.992703445545855,1,0.0885719028810596,NA,0.41978074677106,0,0.304246520243621,0.336939570517754,NA,1,1,"S7","signal",500,70,0.500915658514495,74.0662814962815,0,0,0,"quadratic",0.2,90,1
0.594505156045304,0.380286122817942,1,1,0.446296627096462,NA,0.999999251220636,1,0.390349551687012,NA,0.993678296989056,1,0.467334946542968,0.294469457311431,NA,1,1,"S7","signal",500,70,0.500915658514495,99.6453853559474,0,0,0,"quadratic",0.2,91,1
0.50412162590978,0.413167965180343,1,1,0.46333874573116,NA,0.999998281884902,1,0.409958820673627,NA,0.989644853816714,1,0.492133173153062,0.398311595864785,NA,1,1,"S7","signal",500,70,0.500915658514495,83.9548258825083,0,0,0,"quadratic",0.2,92,1
0.524757491842175,0.380879147373203,1,1,0.360062989189531,NA,0.999983356341816,1,0.276690163041189,NA,0.919137305063246,1,0.429965615563079,0.345812293158663,NA,1,1,"S7","signal",500,70,0.500915658514495,112.505505772898,0,0,0,"quadratic",0.2,93,1
0.403455870051806,0.425231818040241,1,1,0.236352007718346,NA,0.994433055346711,1,0.0432987818209391,NA,0.235323107267864,0,0.221600614564006,0.425593827469333,NA,1,1,"S7","signal",500,70,0.500915658514495,92.8077681293311,0,0,0,"quadratic",0.2,94,1
0.500662391503021,0.440237669427892,1,1,0.360885033795063,NA,0.999920827591031,1,0.279927530104907,NA,0.868478163861536,1,0.359488023455274,0.426968660278786,NA,1,1,"S7","signal",500,70,0.500915658514495,77.8742319668098,0,0,0,"quadratic",0.2,95,1
0.476907944826801,0.385250061253389,1,1,0.438890759456153,NA,0.999999794545001,1,0.417669924764253,NA,0.999838319837449,1,0.416359030262697,0.389273230660689,NA,1,1,"S7","signal",500,70,0.500915658514495,90.3844987518252,0,0,0,"quadratic",0.2,96,1
0.391571102303869,0.395692870651652,1,1,0.231257401924742,NA,0.985238696361664,1,0.0489301344933143,NA,0.23089631180431,0,0.245538047599386,0.395132589576713,NA,1,1,"S7","signal",500,70,0.500915658514495,63.662835836279,0,0,0,"quadratic",0.2,97,1
0.428642754413732,0.413395219155682,1,1,0.213646718991774,NA,0.98261097878116,1,0.0451703174131621,NA,0.224381695596663,0,0.246820725070936,0.410716992288666,NA,1,1,"S7","signal",500,70,0.500915658514495,82.2068257316991,0,0,0,"quadratic",0.2,98,1
0.53938627983565,0.371868519353006,1,1,0.482212408006229,NA,0.999999880828236,1,0.432920390947777,NA,0.997880292933689,1,0.521753718840737,0.481577308490601,NA,1,1,"S7","signal",500,70,0.500915658514495,77.8977792946303,0,0,0,"quadratic",0.2,99,1
0.388069309031667,0.37734569843483,1,1,0.302698578541676,NA,0.999397097387738,1,0.267155787006178,NA,0.913523728252559,1,0.257361753975824,0.344698107711846,NA,1,1,"S7","signal",500,70,0.500915658514495,91.9957950444476,0,0,0,"quadratic",0.2,100,1
0.601611816258685,0.4356075558847,1,1,0.448220165302194,NA,0.999991824795457,1,0.409827094732147,NA,0.987539025700466,1,0.387837864451499,0.303067951512183,NA,1,1,"S7","signal",500,70,0.500915658514495,80.6691653058173,0,0,0,"quadratic",0.3,1,1
0.474685656252854,0.455101867554573,1,1,0.151821038036414,NA,0.874143423963109,0,0.0258052082279179,NA,0.15042882209765,0,0.149837997201044,0.472889461809493,NA,1,1,"S7","signal",500,70,0.500915658514495,86.2389140959196,0,0,0,"quadratic",0.3,2,1
0.49737819451274,0.336555762226021,1,1,0.387652271904112,NA,0.999858452302274,1,0.161542310948519,NA,0.521259509780604,1,0.397917461252367,0.305845663071738,NA,1,1,"S7","signal",500,70,0.500915658514495,62.0461729481654,0,0,0,"quadratic",0.3,3,1
0.324473457274786,0.399117331232101,1,1,0.167667277344464,NA,0.90201972565693,0,0.0234782635390553,NA,0.134097801828137,0,0.126244467039563,0.436636747405203,NA,1,1,"S7","signal",500,70,0.500915658514495,78.14814214019,0,0,0,"quadratic",0.3,4,1
0.530425706715019,0.474140663797325,1,1,0.360216942251983,NA,0.999920394521927,1,0.318796325230135,NA,0.953138314891902,1,0.337729489038652,0.408800305653468,NA,1,1,"S7","signal",500,70,0.500915658514495,106.857513358739,0,0,0,"quadratic",0.3,5,1
0.304687772948557,0.382190369265319,1,1,0.0704479707596419,NA,0.535308324376917,0,0.000797986814640724,NA,0.0338440338473918,0,0.126432209919896,0.381821712685506,0.00317863315051807,0.995447236180904,1,"S7","signal",500,70,0.500915658514495,72.8989521088796,0,0,0,"quadratic",0.3,6,1
0.520842567605224,0.476088281377902,1,1,0.494741375818891,NA,0.999995721663319,1,0.409355579354053,NA,0.960830942532008,1,0.486855256817072,0.341542573969368,NA,1,1,"S7","signal",500,70,0.500915658514495,81.986670084428,0,0,0,"quadratic",0.3,7,1
0.53586123403387,0.429220308377453,1,1,0.342741621083465,NA,0.997635581991671,1,0.158312683706425,NA,0.510038049719646,1,0.310100465807343,0.304564924690494,NA,1,1,"S7","signal",500,70,0.500915658514495,72.415624176133,0,0,0,"quadratic",0.3,8,1
0.479521899696955,0.438247556684875,1,1,0.37569660679767,NA,0.999823852502336,1,0.351646059848436,NA,0.976653448653057,1,0.378344648172568,0.236040990235268,0.00290829921341265,0.996,1,"S7","signal",500,70,0.500915658514495,76.2987689445627,0,0,0,"quadratic",0.3,9,1
0.470309902526788,0.445634751517131,1,1,0.211426393447825,NA,0.958359934156787,1,0.0456019386835025,NA,0.205397673072006,0,0.326856465794726,0.507288565266141,NA,1,1,"S7","signal",500,70,0.500915658514495,70.820307214045,0,0,0,"quadratic",0.3,10,1
0.443394195936722,0.398114121007426,1,1,0.219643433623632,NA,0.979947248613033,1,0.0519916184930473,NA,0.251545057602775,0,0.325465604757052,0.295561468143352,NA,1,1,"S7","signal",500,70,0.500915658514495,80.5853580446365,0,0,0,"quadratic",0.3,11,1
0.474648628885967,0.424930491174383,1,1,0.303174302672506,NA,0.994607131997376,1,0.0655452791525346,NA,0.262011872799911,0,0.314171934044235,0.20406558904895,0.00544596239396525,0.976781407035176,1,"S7","signal",500,70,0.500915658514495,77.156554997605,0,0,0,"quadratic",0.3,12,1
0.54651201231776,0.394413226714467,1,1,0.399516749617119,NA,0.999965079114839,1,0.319541058410515,NA,0.889591759352367,1,0.301035348043621,0.284857276280726,NA,1,1,"S7","signal",500,70,0.500915658514495,88.5225774131548,0,0,0,"quadratic",0.3,13,1
0.516179980668958,0.416457548139765,1,1,0.45615051101342,NA,0.999986818781592,1,0.423283876864249,NA,0.984674492934045,1,0.445436110933901,0.40860996054603,NA,1,1,"S7","signal",500,70,0.500915658514495,79.3098968287352,0,0,0,"quadratic",0.3,14,1
0.601497230887231,0.500759290542604,1,1,0.584886820267469,NA,0.999999955690335,1,0.545996420574897,NA,0.999939080420116,1,0.583089523292313,0.33115097830592,NA,1,1,"S7","signal",500,70,0.500915658514495,82.0632172968113,0,0,0,"quadratic",0.3,15,1
0.491953809969692,0.491708493888591,1,1,0.454968720935748,NA,0.999991102111573,1,0.417262376251094,NA,0.994161883587357,1,0.402600416228676,0.563441284454703,NA,1,1,"S7","signal",500,70,0.500915658514495,104.618932166461,0,0,0,"quadratic",0.3,16,1
0.545338028751131,0.447836267767569,1,1,0.232234610219231,NA,0.962724850114069,1,0.043256563944833,NA,0.194631436392838,0,0.243417016706719,0.429258732498906,NA,1,1,"S7","signal",500,70,0.500915658514495,78.6911596901604,0,0,0,"quadratic",0.3,17,1
0.461909386493365,0.419999785941993,1,1,0.337042483805478,NA,0.99904727768036,1,0.206458149822911,NA,0.682974265581557,1,0.307132476424946,0.290673754349121,NA,1,1,"S7","signal",500,70,0.500915658514495,79.6049743123104,0,0,0,"quadratic",0.3,18,1
0.448544596735971,0.453346319085935,1,1,0.329354113406564,NA,0.998351609399824,1,0.121101788281416,NA,0.439952363555543,0,0.379839181513866,0.278921602423123,NA,1,1,"S7","signal",500,70,0.500915658514495,77.0573196691958,0,0,0,"quadratic",0.3,19,1
0.521639728385393,0.369819956417552,1,1,0.25569423685765,NA,0.99070113516128,1,0.0777028968732896,NA,0.330371264328856,0,0.203555255799105,0.27113365395361,0.00238442299770518,0.996688442211055,1,"S7","signal",500,70,0.500915658514495,72.3614056489648,0,0,0,"quadratic",0.3,20,1
0.552706789778811,0.447781586481479,1,1,0.338743045638363,NA,0.998948257640311,1,0.239950935753976,NA,0.741939542984337,1,0.344574257520621,0.430669541897108,NA,1,1,"S7","signal",500,70,0.500915658514495,70.6572328198189,0,0,0,"quadratic",0.3,21,1
0.36751344907895,0.417856294757747,1,1,0.257426938072826,NA,0.994423068728818,1,0.118944777742372,NA,0.481432368936325,0,0.199542996238259,0.45328871160883,NA,1,1,"S7","signal",500,70,0.500915658514495,87.6300880537215,0,0,0,"quadratic",0.3,22,1
0.483431169997938,0.461523153096437,1,1,0.446368298786295,NA,0.999970747712371,1,0.408223754079398,NA,0.967244747733322,1,0.46027148571737,0.368653060055444,NA,1,1,"S7","signal",500,70,0.500915658514495,80.6681350221036,0,0,0,"quadratic",0.3,23,1
0.500272285628105,0.480328058224805,1,1,0.368821000010916,NA,0.99959051411042,1,0.333438205902657,NA,0.911777100303202,1,0.355460289568837,0.341192403386134,NA,1,1,"S7","signal",500,70,0.500915658514495,75.8088776419447,0,0,0,"quadratic",0.3,24,1
0.527719076735788,0.457638954761634,1,1,0.362020886024625,NA,0.999744004753113,1,0.290120254817994,NA,0.879883265265147,1,0.316238694638293,0.424667615268533,NA,1,1,"S7","signal",500,70,0.500915658514495,76.8951562952778,0,0,0,"quadratic",0.3,25,1
0.446184037173824,0.43624853254273,1,1,0.286210039857986,NA,0.994523688222882,1,0.0647852636247435,NA,0.26794461924312,0,0.311219028859796,0.425289207401341,NA,1,1,"S7","signal",500,70,0.500915658514495,70.5667764442829,0,0,0,"quadratic",0.3,26,1
0.53039637587099,0.486483980697892,1,1,0.480920954756275,NA,0.999993936917203,1,0.431043591859287,NA,0.977353918239231,1,0.485812062972452,0.582754384151405,NA,1,1,"S7","signal",500,70,0.500915658514495,71.4331411001002,0,0,0,"quadratic",0.3,27,1
0.4770926228454,0.442576440077507,1,1,0.346309096281406,NA,0.999753318225582,1,0.279960128174666,NA,0.90209978113281,1,0.362606914562543,0.285620163604313,NA,1,1,"S7","signal",500,70,0.500915658514495,99.7319192775929,0,0,0,"quadratic",0.3,28,1
0.339964523172681,0.377966660202195,1,1,0.314710744835665,NA,0.999574561074646,1,0.248750148971747,NA,0.823852171905981,1,0.310793158949657,0.351930144035513,NA,1,1,"S7","signal",500,70,0.500915658514495,107.47802601502,0,0,0,"quadratic",0.3,29,1
0.352115279668788,0.408075295293853,1,1,0.109218531652507,NA,0.730352925009205,0,0.00991979935492217,NA,0.0751354688724892,0,0.0570944737459371,0.329917654256109,0.000542418252773821,0.999236180904523,1,"S7","signal",500,70,0.500915658514495,85.2074679116768,0,0,0,"quadratic",0.3,30,1
0.522095404382695,0.382000059924775,1,1,0.336531514690559,NA,0.99966810638738,1,0.168089853044702,NA,0.633069194825019,1,0.326311046185075,0.250651398787758,NA,1,1,"S7","signal",500,70,0.500915658514495,84.9279139416885,0,0,0,"quadratic",0.3,31,1
0.394366767639029,0.404459011941486,1,1,0.192627355922938,NA,0.966076690915236,1,0.0470222681841544,NA,0.240031764234485,0,0.230594637297061,0.228093697511195,0.00421997479620582,0.985010050251256,1,"S7","signal",500,70,0.500915658514495,97.915492441209,0,0,0,"quadratic",0.3,32,1
0.587432061420935,0.484900385521241,1,1,0.378020652222017,NA,0.999940000935818,1,0.350684488569629,NA,0.971569592250903,1,0.361525797187062,0.486125938836648,NA,1,1,"S7","signal",500,70,0.500915658514495,94.1728205949207,0,0,0,"quadratic",0.3,33,1
0.616206628973362,0.43509119218899,1,1,0.319407211051596,NA,0.996098265832168,1,0.123454741897442,NA,0.423817423227326,0,0.201787627155256,0.184401438798727,0.0129143093624112,0.900472361809045,1,"S7","signal",500,70,0.500915658514495,63.8769054659781,0,0,0,"quadratic",0.3,34,1
0.33995498625163,0.43487458917942,1,1,0.267987819682249,NA,0.993155851566071,1,0.0603171038651006,NA,0.254438241126724,0,0.27564931305994,0.314989678945566,NA,1,1,"S7","signal",500,70,0.500915658514495,69.5090335941254,0,0,0,"quadratic",0.3,35,1
0.568094252581571,0.410182410586501,1,1,0.345488215103211,NA,0.998633879253409,1,0.262589441018936,NA,0.784259046177582,1,0.322970866872459,0.401101001484996,NA,1,1,"S7","signal",500,70,0.500915658514495,81.9057838438325,0,0,0,"quadratic",0.3,36,1
0.591872934188853,0.395537127062047,1,1,0.425236611254644,NA,0.999974669904959,1,0.378750096095817,NA,0.969914850695032,1,0.380884550965529,0.452670038869786,NA,1,1,"S7","signal",500,70,0.500915658514495,80.0683129072576,0,0,0,"quadratic",0.3,37,1
0.485505453683234,0.438598206118862,1,1,0.275492569125715,NA,0.990048362764911,1,0.212649420372997,NA,0.694824873603052,1,0.289887969790529,0.287067463995978,NA,1,1,"S7","signal",500,70,0.500915658514495,69.4554166315262,0,0,0,"quadratic",0.3,38,1
0.452350444507188,0.427676572936746,1,1,0.358383975537586,NA,0.999850491220748,1,0.299952309694776,NA,0.924956647365814,1,0.393277032507344,0.412785711973299,NA,1,1,"S7","signal",500,70,0.500915658514495,98.4957234799592,0,0,0,"quadratic",0.3,39,1
0.504398397868509,0.421592757574799,1,1,0.164953884647307,NA,0.905450092219591,0,0.0331773833548045,NA,0.164031580267249,0,0.197565807358968,0.19969874344203,0.00937284025638735,0.957917085427136,1,"S7","signal",500,70,0.500915658514495,74.5419540977327,0,0,0,"quadratic",0.3,40,1
0.45914442772673,0.478535313182205,1,1,0.3972281552205,NA,0.999917839396382,1,0.296529383737705,NA,0.881935169556039,1,0.416114674796283,0.522164412310144,NA,1,1,"S7","signal",500,70,0.500915658514495,73.58664046053,0,0,0,"quadratic",0.3,41,1
0.506635571001075,0.389618319287612,1,1,0.406797534523623,NA,0.999983767077746,1,0.361508150573234,NA,0.975371202440129,1,0.424347222837222,0.282726182631989,NA,1,1,"S7","signal",500,70,0.500915658514495,94.517391786225,0,0,0,"quadratic",0.3,42,1
0.376400868928096,0.423581187483472,1,1,0.207115350852789,NA,0.975321963239949,1,0.105359822822677,NA,0.48343434966134,0,0.221986242072261,0.46084100237329,NA,1,1,"S7","signal",500,70,0.500915658514495,89.465104220965,0,0,0,"quadratic",0.3,43,1
0.228616525503742,0.475114094395695,1,1,0.156501770012354,NA,0.896265519577752,0,0.00704347608230129,NA,0.0612637451784518,0,0.195850411063981,0.437347921800826,NA,1,1,"S7","signal",500,70,0.500915658514495,78.4188239240037,0,0,0,"quadratic",0.3,44,1
0.437859607755387,0.490588662178795,1,1,0.231432165882855,NA,0.963967753350303,1,0.0211662012515629,NA,0.114725868416697,0,0.315182369272913,0.401895152648187,NA,1,1,"S7","signal",500,70,0.500915658514495,65.3871798166913,0,0,0,"quadratic",0.3,45,1
0.457811508495643,0.441085541623455,1,1,0.281899382061997,NA,0.983424309635142,1,0.0466778391505374,NA,0.185729256126595,0,0.302536139867187,0.414885281738821,NA,1,1,"S7","signal",500,70,0.500915658514495,56.3837870860832,0,0,0,"quadratic",0.3,46,1
0.405881270313674,0.428157877310258,1,1,0.277773935136159,NA,0.994888676692951,1,0.193653560877875,NA,0.68515499744245,1,0.263049687911181,0.363701754763159,NA,1,1,"S7","signal",500,70,0.500915658514495,75.8833403907235,0,0,0,"quadratic",0.3,47,1
0.305746771125501,0.445047867771598,1,1,0.223977175994959,NA,0.976836462745145,1,0.0331987256802683,NA,0.167559967381263,0,0.133739684764547,0.341599529804228,NA,1,1,"S7","signal",500,70,0.500915658514495,89.6065406196082,0,0,0,"quadratic",0.3,48,1
0.361921981008586,0.433657893374415,1,1,0.168899551989599,NA,0.892438637893885,0,0.0100341066099561,NA,0.0706344718326813,0,0.0554353705233505,0.493892362535149,NA,1,1,"S7","signal",500,70,0.500915658514495,76.363693571551,0,0,0,"quadratic",0.3,49,1
0.389371187409596,0.337430375660666,1,1,0.203906876698955,NA,0.971867910184638,1,0.040370408254755,NA,0.208204555489748,0,0.235636626130273,0.349668290142341,NA,1,1,"S7","signal",500,70,0.500915658514495,94.7447996157394,0,0,0,"quadratic",0.3,50,1
0.376187534655892,0.417057401868004,1,1,0.247757103112473,NA,0.990427122423246,1,0.0544172041378999,NA,0.250770034276021,0,0.185725778172893,0.399085354234544,NA,1,1,"S7","signal",500,70,0.500915658514495,86.1442489978865,0,0,0,"quadratic",0.3,51,1
0.439054201658613,0.456991986659931,1,1,0.293679797039794,NA,0.995318669989214,1,0.115678865568194,NA,0.43613917865375,0,0.336282481269351,0.38919701902276,NA,1,1,"S7","signal",500,70,0.500915658514495,72.7880087264479,0,0,0,"quadratic",0.3,52,1
0.38984592186575,0.418368286789071,1,1,0.209931606051569,NA,0.975676404338065,1,0.0361618576696475,NA,0.187140944433756,0,0.280292273096605,0.402358538150042,NA,1,1,"S7","signal",500,70,0.500915658514495,96.0606678658778,0,0,0,"quadratic",0.3,53,1
0.571171075745444,0.480358117903725,1,1,0.61401117384782,NA,0.999998518354641,1,0.529279282670538,NA,0.987486360042071,1,0.359754698750153,0.704033613471578,NA,1,1,"S7","signal",500,70,0.500915658514495,78.8375434501926,0,0,0,"quadratic",0.3,54,1
0.431267870695134,0.443338067127615,1,1,0.41352005974019,NA,0.999890844340344,1,0.375237743698118,NA,0.950633941515916,1,0.384932000721177,0.293771569822555,NA,1,1,"S7","signal",500,70,0.500915658514495,67.7473327891307,0,0,0,"quadratic",0.3,55,1
0.591728817053054,0.401273752851028,1,1,0.4236780068691,NA,0.999995357670041,1,0.337236312543547,NA,0.969070134364609,1,0.412125981650878,0.27964057453781,NA,1,1,"S7","signal",500,70,0.500915658514495,91.9175876755014,0,0,0,"quadratic",0.3,56,1
0.530119773140594,0.47009351840039,1,1,0.18598157899399,NA,0.925750193696776,0,0.0340840341035247,NA,0.174279034427259,0,0.191239949418223,0.41132283293042,NA,1,1,"S7","signal",500,70,0.500915658514495,88.7037197455948,0,0,0,"quadratic",0.3,57,1
0.546280482517647,0.454764099903135,1,1,0.322561755694169,NA,0.998287521640935,1,0.139501405016683,NA,0.509868949235284,1,0.255362748459104,0.440930327393066,NA,1,1,"S7","signal",500,70,0.500915658514495,75.0970508378389,0,0,0,"quadratic",0.3,58,1
0.490103519733794,0.440727519940581,1,1,0.515343159731685,NA,0.999999406701099,1,0.459130729649736,NA,0.996114532600337,1,0.43028404255601,0.335286501445239,NA,1,1,"S7","signal",500,70,0.500915658514495,81.549659533311,0,0,0,"quadratic",0.3,59,1
0.477321728991117,0.409739582637388,1,1,0.336862595632717,NA,0.999076237897173,1,0.167893154483015,NA,0.555486938629474,1,0.340098175044566,0.358510758997342,NA,1,1,"S7","signal",500,70,0.500915658514495,69.4179978202914,0,0,0,"quadratic",0.3,60,1
0.43228275331489,0.386663860069251,1,1,0.283521081864921,NA,0.998037068673436,1,0.0921150103561914,NA,0.375538500248425,0,0.236186829446635,0.41042733064038,NA,1,1,"S7","signal",500,70,0.500915658514495,95.4005929320359,0,0,0,"quadratic",0.3,61,1
0.519516771319393,0.446491294991156,1,1,0.367309840299943,NA,0.999713380145411,1,0.295234073768654,NA,0.881506464397894,1,0.36243371100874,0.438015649367868,NA,1,1,"S7","signal",500,70,0.500915658514495,80.7358187035233,0,0,0,"quadratic",0.3,62,1
0.391562448972004,0.495599756787457,1,1,0.0915502355349984,NA,0.609126103171264,0,0.00338633087035025,NA,0.0417287359820744,0,0.14924404942312,0.536306579331123,NA,1,1,"S7","signal",500,70,0.500915658514495,85.6290308792633,0,0,0,"quadratic",0.3,63,1
0.328669117945252,0.409181464604175,1,1,0.232044918462966,NA,0.992660498481645,1,0.0867401659942723,NA,0.4148049457263,0,0.262284090523641,0.377694870455994,NA,1,1,"S7","signal",500,70,0.500915658514495,106.69512331016,0,0,0,"quadratic",0.3,64,1
0.482717784832711,0.487129238822489,1,1,0.313465750198953,NA,0.996114079183548,1,0.164889708272036,NA,0.53551182354442,1,0.332634267439864,0.357885810787841,NA,1,1,"S7","signal",500,70,0.500915658514495,71.4422699635633,0,0,0,"quadratic",0.3,65,1
0.54981483718085,0.512752901448212,1,1,0.382951062029954,NA,0.999170132478677,1,0.213580245952215,NA,0.638365894104066,1,0.400697686833925,0.384175355812732,NA,1,1,"S7","signal",500,70,0.500915658514495,73.0760815100786,0,0,0,"quadratic",0.3,66,1
0.561978621891014,0.43437871391419,1,1,0.308224136179881,NA,0.998025304904479,1,0.121268741044495,NA,0.456557939136056,0,0.375067402054611,0.414078416053218,NA,1,1,"S7","signal",500,70,0.500915658514495,91.7294870640749,0,0,0,"quadratic",0.3,67,1
0.348370702842251,0.483199486980191,1,1,0.00978271750258719,NA,0.0754796901633428,0,-0.000619179892523985,NA,0.0330163791382615,0,-0.0169657520442782,0.41994015985164,NA,1,1,"S7","signal",500,70,0.500915658514495,78.9176903171352,0,0,0,"quadratic",0.3,68,1
0.449882778912713,0.536667148287381,1,1,0.377320205298847,NA,0.999828148580734,1,0.366764865104319,NA,0.979759111760399,1,0.45932086621765,0.516654087327278,NA,1,1,"S7","signal",500,70,0.500915658514495,82.4862829025772,0,0,0,"quadratic",0.3,69,1
0.608384741751534,0.388297641549681,1,1,0.463770463547675,NA,0.999998594206866,1,0.322453969892785,NA,0.899711445327362,1,0.532588721233485,0.393918900218021,NA,1,1,"S7","signal",500,70,0.500915658514495,89.1234064686379,0,0,0,"quadratic",0.3,70,1
0.349315557414033,0.344404534216305,1,1,0.164089297910474,NA,0.936044290144648,0,0.025681333694208,NA,0.153600899620982,0,0.178727396679267,0.370464959973882,NA,1,1,"S7","signal",500,70,0.500915658514495,84.3917895769489,0,0,0,"quadratic",0.3,71,1
0.394989731857813,0.377256170874665,1,1,0.28787712861259,NA,0.998289796977102,1,0.0894990352116036,NA,0.361348801100278,0,0.323319959731363,0.255185468541353,0.000188446945962636,0.999811557788945,1,"S7","signal",500,70,0.500915658514495,87.092560319006,0,0,0,"quadratic",0.3,72,1
0.493018750718084,0.453282105722927,1,1,0.386485412426614,NA,0.999941531208965,1,0.311662924581684,NA,0.918549762753325,1,0.372379846663376,0.357843359511567,NA,1,1,"S7","signal",500,70,0.500915658514495,97.4139179917266,0,0,0,"quadratic",0.3,73,1
0.371287088814006,0.411097549583078,1,1,0.288541060288191,NA,0.994410783989392,1,0.039079870478664,NA,0.17028145047886,0,0.280499832798637,0.358055099674824,NA,1,1,"S7","signal",500,70,0.500915658514495,69.6024719200412,0,0,0,"quadratic",0.3,74,1
0.567090726747826,0.491853265751055,1,1,0.35796549391245,NA,0.998831116270258,1,0.373726020618803,NA,0.967435213893088,1,0.382034997090621,0.35827093917814,NA,1,1,"S7","signal",500,70,0.500915658514495,69.7571005985716,0,0,0,"quadratic",0.3,75,1
0.476816049385966,0.412123679541568,1,1,0.334694005241552,NA,0.999496945726701,1,0.172124495676954,NA,0.618430150350721,1,0.342672646318961,0.296766841483025,NA,1,1,"S7","signal",500,70,0.500915658514495,86.64874219809,0,0,0,"quadratic",0.3,76,1
0.429933978569439,0.441810535518665,1,1,0.275383592692633,NA,0.996047819012496,1,0.111303861870754,NA,0.457220428969656,0,0.275145880132986,0.448433562767053,NA,1,1,"S7","signal",500,70,0.500915658514495,88.695742213519,0,0,0,"quadratic",0.3,77,1
0.444316734040097,0.504230615874695,1,1,0.328500597493664,NA,0.996792830467739,1,0.123995650195961,NA,0.418535910761283,0,0.291452787324453,0.560830573375894,NA,1,1,"S7","signal",500,70,0.500915658514495,77.0918118904152,0,0,0,"quadratic",0.3,78,1
0.629277408910426,0.444210309131683,1,1,0.404165357420399,NA,0.999880535742706,1,0.359083397241544,NA,0.947762274797765,1,0.459638199075708,0.392454822988141,NA,1,1,"S7","signal",500,70,0.500915658514495,82.8379426563907,0,0,0,"quadratic",0.3,79,1
0.512263655735453,0.484925806435601,1,1,0.388982062144731,NA,0.99986794756877,1,0.293232690722595,NA,0.859263793626627,1,0.291157123490581,0.585499908882458,NA,1,1,"S7","signal",500,70,0.500915658514495,86.9886469270626,0,0,0,"quadratic",0.3,80,1
0.498184413705606,0.424061741160284,1,1,0.285882297845817,NA,0.996079599867148,1,0.145387370795704,NA,0.529888966431988,1,0.269834464777569,0.37293713063199,NA,1,1,"S7","signal",500,70,0.500915658514495,80.8008068742878,0,0,0,"quadratic",0.3,81,1
0.564059523618996,0.398777297579665,1,1,0.432274652054115,NA,0.999997107825881,1,0.378757782463083,NA,0.990284702151981,1,0.439044128382951,0.374658927813312,NA,1,1,"S7","signal",500,70,0.500915658514495,92.8573925477256,0,0,0,"quadratic",0.3,82,1
0.454484691668004,0.425537206297728,1,1,0.303185421156797,NA,0.998496293367724,1,0.216550984867773,NA,0.77774762906329,1,0.283593321973418,0.284683641812933,NA,1,1,"S7","signal",500,70,0.500915658514495,86.6755709149353,0,0,0,"quadratic",0.3,83,1
0.521050627891051,0.442470387416968,1,1,0.337380998475267,NA,0.999147234838339,1,0.258707331309723,NA,0.83880202619859,1,0.321029039663117,0.478777683739355,NA,1,1,"S7","signal",500,70,0.500915658514495,81.4086706704034,0,0,0,"quadratic",0.3,84,1
0.486098487618496,0.481332865352819,1,1,0.343196498168651,NA,0.999067326612675,1,0.278099616620311,NA,0.866449408381065,1,0.346505998747256,0.5134405736344,NA,1,1,"S7","signal",500,70,0.500915658514495,87.6924735508485,0,0,0,"quadratic",0.3,85,1
0.296382424157701,0.531132351617644,1,1,0.11725015846777,NA,0.743286943633313,0,0.0127606181313279,NA,0.0837059897535442,0,0.211135425878936,0.536104465641134,NA,1,1,"S7","signal",500,70,0.500915658514495,73.3031550036744,0,0,0,"quadratic",0.3,86,1
0.549489375826925,0.441566348514369,1,1,0.397130395407359,NA,0.999914269863613,1,0.296879741870361,NA,0.855258187294813,1,0.421765435636443,0.461715741627984,NA,1,1,"S7","signal",500,70,0.500915658514495,95.9576548261453,0,0,0,"quadratic",0.3,87,1
0.370366144391733,0.448992721414962,1,1,0.318489291200438,NA,0.998734350872021,1,0.130244965477166,NA,0.465097663475968,0,0.258723864259569,0.374881948521751,NA,1,1,"S7","signal",500,70,0.500915658514495,73.3984376843443,0,0,0,"quadratic",0.3,88,1
0.42039936757186,0.439753152487652,1,1,0.257779658907597,NA,0.991254128571658,1,0.0682107191758429,NA,0.29655660577427,0,0.24431292937234,0.322117016528915,0.000319103495163364,0.999680904522613,1,"S7","signal",500,70,0.500915658514495,82.4229613925361,0,0,0,"quadratic",0.3,89,1
0.441125743368247,0.439501058404065,1,1,0.218067243225541,NA,0.972558390099893,1,0.0221123486613353,NA,0.126035041888761,0,0.246471147892862,0.338699201652464,NA,1,1,"S7","signal",500,70,0.500915658514495,87.1638723637188,0,0,0,"quadratic",0.3,90,1
0.381187899114403,0.522871806095485,1,1,0.199785895245866,NA,0.941491564536571,0,0.0340226115617858,NA,0.174834623812339,0,0.20243043902617,0.544872109535382,NA,1,1,"S7","signal",500,70,0.500915658514495,115.446430244313,0,0,0,"quadratic",0.3,91,1
0.447442457020291,0.49257615691096,1,1,0.192590854119038,NA,0.899156843843455,0,0.0223848667702809,NA,0.1148875711895,0,0.190120122057531,0.606485439997248,NA,1,1,"S7","signal",500,70,0.500915658514495,63.1288952734239,0,0,0,"quadratic",0.3,92,1
0.510400507557211,0.472023625906562,1,1,0.30750007109723,NA,0.995913060153629,1,0.0888474957454238,NA,0.323290113758892,0,0.317591456901323,0.396769071353527,NA,1,1,"S7","signal",500,70,0.500915658514495,77.0093383883096,0,0,0,"quadratic",0.3,93,1
0.540241011154228,0.477415634893056,1,1,0.318778834677739,NA,0.993164702154753,1,0.083457064541427,NA,0.29584588766514,0,0.298186880112301,0.432451360551661,NA,1,1,"S7","signal",500,70,0.500915658514495,60.3791549354304,0,0,0,"quadratic",0.3,94,1
0.442482980361365,0.414759599971975,1,1,0.368170650727991,NA,0.9998947299736,1,0.257512845437581,NA,0.829101438925982,1,0.377684262904333,0.373312041506534,NA,1,1,"S7","signal",500,70,0.500915658514495,83.3661328473676,0,0,0,"quadratic",0.3,95,1
0.48071503009146,0.420568202933804,1,1,0.395791059772294,NA,0.999980235795068,1,0.258173790106576,NA,0.822737053381902,1,0.405176141577692,0.390173083144813,NA,1,1,"S7","signal",500,70,0.500915658514495,96.5414536192753,0,0,0,"quadratic",0.3,96,1
0.526631345367326,0.511615013608892,1,1,0.54142538644562,NA,0.999999694872432,1,0.446903769689289,NA,0.991398916936487,1,0.483315408728223,0.515528027877762,NA,1,1,"S7","signal",500,70,0.500915658514495,80.0120262234422,0,0,0,"quadratic",0.3,97,1
0.52107496282251,0.486191602500227,1,1,0.446887109182389,NA,0.999983673608536,1,0.383678014623535,NA,0.978966959326723,1,0.416323775547394,0.422622520521595,NA,1,1,"S7","signal",500,70,0.500915658514495,88.3896750843196,0,0,0,"quadratic",0.3,98,1
0.447499008573859,0.367524004330223,1,1,0.200254966958236,NA,0.972017424172129,1,0.0561528436820868,NA,0.280418192098697,0,0.0837234588018287,0.0706871359311525,0.0184020383674112,0.532846733668342,1,"S7","signal",500,70,0.500915658514495,101.99828693346,0,0,0,"quadratic",0.3,99,1
0.366721612293413,0.382320621439931,1,1,0.373478042799755,NA,0.999803504935652,1,0.221776707364153,NA,0.673153366899107,1,0.216160852579019,0.491121171575535,NA,1,1,"S7","signal",500,70,0.500915658514495,70.8667632143223,0,0,0,"quadratic",0.3,100,1
0.401534862888083,0.0246268216470833,1,1,0.276783998472061,NA,0.999989086763055,1,0.189450774249379,NA,0.799596656364147,1,0.294580722026649,0.0587069979454392,NA,1,1,"S7","main",500,70,0.500915658514495,98.3320851906428,0,0,0,"quadratic",0.05,1,1
0.449088977350226,0.0141395677145657,1,1,0.341775597405357,NA,0.999999828284897,1,0.32860204046004,NA,0.99943789751969,1,0.385275820468105,0.0167561568427045,NA,1,1,"S7","main",500,70,0.500915658514495,86.9307833224799,0,0,0,"quadratic",0.05,2,1
0.405837958537931,0.0235361882357556,1,1,0.203536386670738,NA,0.996666968672962,1,0.174082828627901,NA,0.750217799880405,1,0.168017728518592,-0.000300242839694864,0.018247350181891,0.785223618090452,1,"S7","main",500,70,0.500915658514495,87.9326007065075,0,0,0,"quadratic",0.05,3,1
0.443532656825662,0.01861232205467,1,1,0.317778581965441,NA,0.999998836417789,1,0.296384560913168,NA,0.995663278156317,1,0.343902831641337,0.00926647233292476,NA,1,1,"S7","main",500,70,0.500915658514495,88.688020489112,0,0,0,"quadratic",0.05,4,1
0.514081135115931,0.0291690231056651,1,1,0.377972749117045,NA,0.999999107621282,1,0.355422433608365,NA,0.993259646712203,1,0.394882356843949,0.0178928722784033,NA,1,1,"S7","main",500,70,0.500915658514495,68.8846672705839,0,0,0,"quadratic",0.05,5,1
0.425079643066407,-0.00582301459930513,1,1,0.318948913835752,NA,0.99999645161655,1,0.320541393973308,NA,0.997482563098393,1,0.351552324973684,-0.044119652785235,NA,1,1,"S7","main",500,70,0.500915658514495,73.6636226331836,0,0,0,"quadratic",0.05,6,1
0.414825263716,0.0357494335124897,1,1,0.243361964453994,NA,0.999802930509835,1,0.0997664449164659,NA,0.501862542739191,1,0.154409292350804,0.0308032482069388,0.0161776422986919,0.814751256281407,1,"S7","main",500,70,0.500915658514495,97.4655516439019,0,0,0,"quadratic",0.05,7,1
0.413650581640697,0.0601449273852302,1,1,0.230498438645665,NA,0.998254093873926,1,0.0684859141849316,NA,0.350358370683223,0,0.218915352854,0.0064957562750159,0.0150576124160721,0.889655778894472,1,"S7","main",500,70,0.500915658514495,68.9915628944438,0,0,0,"quadratic",0.05,8,1
0.426106616492803,-0.00156984324848055,1,1,0.29788416295432,NA,0.999983304617261,1,0.226991417472569,NA,0.864909350444911,1,0.270246800376657,0.0535646403238611,0.00331164050401781,0.99063567839196,1,"S7","main",500,70,0.500915658514495,91.5100896334514,0,0,0,"quadratic",0.05,9,1
0.389811604508319,-0.0270745109321837,1,1,0.221155304881829,NA,0.99894600219476,1,0.201265476016566,NA,0.853334349430583,1,0.177160530032149,0.0430744516638002,0.0123557660518908,0.848859296482412,1,"S7","main",500,70,0.500915658514495,92.1846582555508,0,0,0,"quadratic",0.05,10,1
0.429254919488573,0.0135840373871689,1,1,0.295940696864963,NA,0.999998617810788,1,0.27093031339449,NA,0.991194583791615,1,0.294526539471888,-0.0405095258179102,NA,1,1,"S7","main",500,70,0.500915658514495,98.3623274720757,0,0,0,"quadratic",0.05,11,1
0.44634339466079,0.0192349923975483,1,1,0.316368250464919,NA,0.999997453258394,1,0.280759438500694,NA,0.979904581810266,1,0.32151943766181,-0.0122500947979779,0.000992487248736521,0.999007537688442,1,"S7","main",500,70,0.500915658514495,86.8439702753007,0,0,0,"quadratic",0.05,12,1
0.447859179541794,-0.00134930012471859,1,1,0.268822635522149,NA,0.999982826167951,1,0.264110304837804,NA,0.989350521575327,1,0.322941568670509,0.0765149585977963,NA,1,1,"S7","main",500,70,0.500915658514495,95.3923450362097,0,0,0,"quadratic",0.05,13,1
0.404717088095783,0.037006732999662,1,1,0.227908969638753,NA,0.999232060779537,1,0.0745945602491902,NA,0.39059642739539,0,0.161579151241621,0.0425850938316255,0.0156312541893444,0.795394472361809,1,"S7","main",500,70,0.500915658514495,91.6845267873062,0,0,0,"quadratic",0.05,14,1
0.410399700732585,0.0398004627964647,1,1,0.300315076395801,NA,0.999985518017085,1,0.203693503073518,NA,0.804355385309659,1,0.349823096693163,-0.000656361440720671,NA,1,1,"S7","main",500,70,0.500915658514495,79.7034886103878,0,0,0,"quadratic",0.05,15,1
0.423354586245447,0.0268141353531809,1,1,0.276030637874342,NA,0.999951022994918,1,0.227311523276945,NA,0.890446290499818,1,0.314835044784939,0.110431584182471,NA,1,1,"S7","main",500,70,0.500915658514495,83.5052759514039,0,0,0,"quadratic",0.05,16,1
0.475791256724433,0.0324953319027205,1,1,0.321467271446178,NA,0.999987749096816,1,0.312833439645142,NA,0.996497944212835,1,0.27336191704137,-0.156045947602067,NA,1,1,"S7","main",500,70,0.500915658514495,74.2659441882376,0,0,0,"quadratic",0.05,17,1
0.475905420004192,0.00549420494349155,1,1,0.352610284383234,NA,0.999999233838384,1,0.320085344670123,NA,0.988147781870146,1,0.326193978434889,-0.0446952043438426,0.000402659982784516,0.999434673366834,1,"S7","main",500,70,0.500915658514495,72.4538241550373,0,0,0,"quadratic",0.05,18,1
0.458526549051796,0.0435867166460302,1,1,0.287649968042293,NA,0.999967621650841,1,0.250498515630521,NA,0.938113437293741,1,0.270646751875932,0.152082465750152,NA,1,1,"S7","main",500,70,0.500915658514495,87.5733850240237,0,0,0,"quadratic",0.05,19,1
0.459175859345868,0.0213326734302063,1,1,0.330505457866775,NA,0.999999005099987,1,0.316147988775236,NA,0.997433749617333,1,0.314174367732335,0.101812329409365,NA,1,1,"S7","main",500,70,0.500915658514495,95.3075265983741,0,0,0,"quadratic",0.05,20,1
0.463442450568164,0.0135744791915443,1,1,0.253655777902883,NA,0.999550291006133,1,0.214950204610448,NA,0.885343454410314,1,0.220321738744175,-0.0158852164100169,0.0116880935912673,0.912472361809045,1,"S7","main",500,70,0.500915658514495,78.5351680534841,0,0,0,"quadratic",0.05,21,1
0.45947191285671,0.0362476296571779,1,1,0.265378379353163,NA,0.999312738914215,1,0.168949437017845,NA,0.674011850274755,1,0.188632131223643,0.0552046040518498,0.0150326965409668,0.82662311557789,1,"S7","main",500,70,0.500915658514495,73.7153024296109,0,0,0,"quadratic",0.05,22,1
0.436411889787851,0.0334634440190831,1,1,0.332336388274364,NA,0.999999326962577,1,0.30357535447612,NA,0.996730423890355,1,0.313442600892221,0.003739305380762,0.000902032714674654,0.999097989949749,1,"S7","main",500,70,0.500915658514495,90.3713928583071,0,0,0,"quadratic",0.05,23,1
0.427196495896221,-0.0101762816155229,1,1,0.266495145995697,NA,0.99993694050361,1,0.225717404301456,NA,0.932441526332652,1,0.244103316447785,0.00101971128730259,0.00577465119858553,0.976010050251256,1,"S7","main",500,70,0.500915658514495,98.5661642855302,0,0,0,"quadratic",0.05,24,1
0.413510996125361,0.00211481306158404,1,1,0.275497545693427,NA,0.999975543341037,1,0.208430428962692,NA,0.846324305249564,1,0.290728168670149,0.0451228072931872,0.000170858564339487,0.999829145728643,1,"S7","main",500,70,0.500915658514495,100.506807007491,0,0,0,"quadratic",0.05,25,1
0.468519220148712,0.0182863412345986,1,1,0.366306384688272,NA,0.999999959753554,1,0.348006492975793,NA,0.999791478435023,1,0.398988797525755,0.0217669770519438,NA,1,1,"S7","main",500,70,0.500915658514495,90.8777640378526,0,0,0,"quadratic",0.05,26,1
0.445758174889047,0.0112506981273515,1,1,0.268436775486894,NA,0.999892336353693,1,0.077768919484214,NA,0.392235972765361,0,0.205339434114947,-0.0469069052664487,0.011313102784628,0.921947236180905,1,"S7","main",500,70,0.500915658514495,79.1313248543633,0,0,0,"quadratic",0.05,27,1
0.434419477486303,0.00659659014600552,1,1,0.324645029874483,NA,0.999998676963151,1,0.244816253980328,NA,0.926477379935995,1,0.361220043622685,0.0736368639364965,NA,1,1,"S7","main",500,70,0.500915658514495,93.3662312773485,0,0,0,"quadratic",0.05,28,1
0.507133426184648,0.0276683960343166,1,1,0.299355322200665,NA,0.999922504416209,1,0.304111920124676,NA,0.965362537215956,1,0.318096595067545,-0.0425456403849897,0.000394594837258796,0.999575376884422,1,"S7","main",500,70,0.500915658514495,69.0752258474594,0,0,0,"quadratic",0.05,29,1
0.415632832271745,0.0292211467558889,1,1,0.273534123489888,NA,0.999994243222434,1,0.202900823120842,NA,0.869899567650642,1,0.30748243773452,0.0584501010780859,NA,1,1,"S7","main",500,70,0.500915658514495,97.7740328208517,0,0,0,"quadratic",0.05,30,1
0.436966307885047,0.018925227952261,1,1,0.227024184154877,NA,0.999726938591278,1,0.119318904528026,NA,0.617894664826823,1,0.200149545139327,0.0149090145769896,0.0120254163008814,0.92827135678392,1,"S7","main",500,70,0.500915658514495,95.7402201190201,0,0,0,"quadratic",0.05,31,1
0.414318443514301,0.0187505225986091,1,1,0.302040912326271,NA,0.999996795156491,1,0.289994904227324,NA,0.991654326064099,1,0.322981429782049,-0.0333139502747191,NA,1,1,"S7","main",500,70,0.500915658514495,92.4534307895817,0,0,0,"quadratic",0.05,32,1
0.451931838559017,0.0276000344291843,1,1,0.32374838375948,NA,0.999999630223121,1,0.288008679460396,NA,0.994167439006255,1,0.354594695316415,0.00625701448348533,NA,1,1,"S7","main",500,70,0.500915658514495,99.3289391207158,0,0,0,"quadratic",0.05,33,1
0.469045828528817,0.0191608942566424,1,1,0.300281236044155,NA,0.999957431854907,1,0.232089177365362,NA,0.859336751426747,1,0.333800656073647,0.0107121735528016,NA,1,1,"S7","main",500,70,0.500915658514495,80.1902522223455,0,0,0,"quadratic",0.05,34,1
0.461528286852788,0.0429569851649127,1,1,0.337567708685969,NA,0.999999770592298,1,0.324717757306654,NA,0.997432665738789,1,0.351177051007456,-0.00230082187965398,NA,1,1,"S7","main",500,70,0.500915658514495,86.5067214504092,0,0,0,"quadratic",0.05,35,1
0.476968988191888,0.0281523786470805,1,1,0.359248787430271,NA,0.999999893681806,1,0.326421316686868,NA,0.998940711016554,1,0.395748954096453,0.0724801874878235,NA,1,1,"S7","main",500,70,0.500915658514495,86.7204708465168,0,0,0,"quadratic",0.05,36,1
0.497058254929973,0.0350243038011216,1,1,0.365100882383161,NA,0.99999924840579,1,0.36700081356521,NA,0.998629265578657,1,0.341666835556649,0.0399090049622404,NA,1,1,"S7","main",500,70,0.500915658514495,80.7549735653733,0,0,0,"quadratic",0.05,37,1
0.419291273911135,0.016214356542357,1,1,0.318916409366934,NA,0.999994255797482,1,0.259973496825621,NA,0.93620257751905,1,0.334487130196823,0.0383327047697689,0.000130656549200784,0.999869346733668,1,"S7","main",500,70,0.500915658514495,85.6629934814831,0,0,0,"quadratic",0.05,38,1
0.428364265407117,0.0350403043443996,1,1,0.296298137864079,NA,0.999963936708991,1,0.259664641685183,NA,0.92431540165273,1,0.262587277024332,-0.00163723966709464,0.00718405382400405,0.970603015075377,1,"S7","main",500,70,0.500915658514495,75.7418148958354,0,0,0,"quadratic",0.05,39,1
0.415246566641969,0.0271489084475034,1,1,0.280596511232507,NA,0.999979065354247,1,0.157354721661942,NA,0.67985277020329,1,0.29936123426784,-0.0178007939331562,0.000391969647602312,0.999608040201005,1,"S7","main",500,70,0.500915658514495,91.8941261592967,0,0,0,"quadratic",0.05,40,1
0.408779396792041,0.0278338642227686,1,1,0.198741919486086,NA,0.994729345669163,1,0.0207952823761524,NA,0.143958535178123,0,0.167774042147051,0.019389165295085,0.0150459472292678,0.783145728643216,1,"S7","main",500,70,0.500915658514495,75.4653055003853,0,0,0,"quadratic",0.05,41,1
0.41920095546356,0.0326282520448123,1,1,0.252955754768755,NA,0.999807282435514,1,0.174863782644784,NA,0.768781633747085,1,0.219990505025337,-0.0209838899104707,0.0120657325296545,0.931115577889447,1,"S7","main",500,70,0.500915658514495,82.2625967635285,0,0,0,"quadratic",0.05,42,1
0.514986078118204,0.0160681806144121,1,1,0.450126419857152,NA,0.999999999991321,1,0.412649628193356,NA,0.999996623079942,1,0.484837440095653,-0.0617724379050754,NA,1,1,"S7","main",500,70,0.500915658514495,86.9503430585056,0,0,0,"quadratic",0.05,43,1
0.430891967238657,-0.0170470701510911,1,1,0.268859383401285,NA,0.9996525469026,1,0.213480113070278,NA,0.841746511699939,1,0.230799604135572,0.0165918816826617,0.01061929555149,0.902211055276382,1,"S7","main",500,70,0.500915658514495,62.061229704374,0,0,0,"quadratic",0.05,44,1
0.441960034594588,-0.000229667675809888,1,1,0.324841827015317,NA,0.999999724069486,1,0.297220988833279,NA,0.997376762908112,1,0.308505234876803,0.0723129519148967,NA,1,1,"S7","main",500,70,0.500915658514495,100.94083113132,0,0,0,"quadratic",0.05,45,1
0.451422783610773,0.033909518906891,1,1,0.304986111627292,NA,0.999994361137032,1,0.305382325915892,NA,0.996764413378718,1,0.297554451798048,-0.0381634366764331,NA,1,1,"S7","main",500,70,0.500915658514495,93.4327438099167,0,0,0,"quadratic",0.05,46,1
0.496477317848096,0.0455140113176432,1,1,0.310361493369324,NA,0.999995351499188,1,0.278135127821824,NA,0.974364071629668,1,0.30477080350343,0.0114726439799452,0.00184030319524002,0.997861809045226,1,"S7","main",500,70,0.500915658514495,92.628561275251,0,0,0,"quadratic",0.05,47,1
0.432166479406019,0.0258966633664555,1,1,0.288958677795433,NA,0.999941982960704,1,0.221313711338781,NA,0.830468110852707,1,0.243045129588507,0.0578094814805017,0.00930236986774679,0.960673366834171,1,"S7","main",500,70,0.500915658514495,79.6531402397525,0,0,0,"quadratic",0.05,48,1
0.450475378299525,0.0169340262857481,1,1,0.31690089035068,NA,0.999992676955858,1,0.26546938309601,NA,0.930002425413395,1,0.337103509093826,-0.0497074020627587,NA,1,1,"S7","main",500,70,0.500915658514495,72.5358168967153,0,0,0,"quadratic",0.05,49,1
0.417782031132522,0.00222751058818113,1,1,0.290044889061603,NA,0.999982618274182,1,0.221385873063777,NA,0.869142509729979,1,0.265138114721726,0.0417096130054627,0.00207517160619957,0.995381909547739,1,"S7","main",500,70,0.500915658514495,85.3538705262821,0,0,0,"quadratic",0.05,50,1
0.417599377845514,0.0263384265740735,1,1,0.241042824433729,NA,0.999787479029825,1,0.176615660788622,NA,0.785129589646313,1,0.24773587139044,0.141805463410007,0.00023427667155205,0.999693467336683,1,"S7","main",500,70,0.500915658514495,92.2848822337463,0,0,0,"quadratic",0.05,51,1
0.477823522846817,0.0196977379226619,1,1,0.26489890382441,NA,0.999300765717626,1,0.162914792502397,NA,0.665419225733853,1,0.196714468806328,-0.00231483534795568,0.0175595971727662,0.799489949748744,1,"S7","main",500,70,0.500915658514495,65.4486524034995,0,0,0,"quadratic",0.05,52,1
0.411690976565597,0.0298091926549716,1,1,0.216200227716691,NA,0.998371365647303,1,0.10643480267206,NA,0.507501759801096,1,0.261217959384588,0.0537271561578686,0.00378958757787908,0.993861809045226,1,"S7","main",500,70,0.500915658514495,82.143285734083,0,0,0,"quadratic",0.05,53,1
0.508489617240802,0.00870361872230753,1,1,0.349179754696843,NA,0.999999954079293,1,0.304964138070886,NA,0.996588566043338,1,0.36074579575349,0.00392855094572576,NA,1,1,"S7","main",500,70,0.500915658514495,99.6817488995709,0,0,0,"quadratic",0.05,54,1
0.455266646221573,0.0264261763786048,1,1,0.285604981565109,NA,0.999908604458637,1,0.172632451358614,NA,0.699705993764402,1,0.319402575359499,0.0248730126620174,0.00068809655952931,0.998766331658291,1,"S7","main",500,70,0.500915658514495,83.3842967003951,0,0,0,"quadratic",0.05,55,1
0.406519637823846,-0.00870148990227361,1,1,0.3190555520163,NA,0.999999123580649,1,0.293355112911523,NA,0.995618883781651,1,0.302354811034912,-0.00655904554682763,0.000218598457316645,0.999781407035176,1,"S7","main",500,70,0.500915658514495,94.0411069207614,0,0,0,"quadratic",0.05,56,1
0.479924569886817,0.0387537398446746,1,1,0.304095641449555,NA,0.999972467350043,1,0.230078984306751,NA,0.868153472943691,1,0.289056481160946,0.0141994604345664,0.00472022231154716,0.987060301507538,1,"S7","main",500,70,0.500915658514495,74.7879095916313,0,0,0,"quadratic",0.05,57,1
0.4619395562068,0.0207032822353643,1,1,0.325911452638001,NA,0.999996238200297,1,0.328889403871221,NA,0.99690361203918,1,0.346733104780469,0.0359411595441204,NA,1,1,"S7","main",500,70,0.500915658514495,78.043296777083,0,0,0,"quadratic",0.05,58,1
0.448516210942082,0.0308405395639413,1,1,0.321385388507934,NA,0.999997730192653,1,0.281539523692185,NA,0.987408884973248,1,0.311285575208361,0.00894644867764314,0.000793989798989214,0.999206030150754,1,"S7","main",500,70,0.500915658514495,89.221243411931,0,0,0,"quadratic",0.05,59,1
0.46547797206504,0.0419089163510396,1,1,0.30178574693356,NA,0.999977675675861,1,0.260411233834379,NA,0.920476789328542,1,0.315497257282098,0.0866261673527914,NA,1,1,"S7","main",500,70,0.500915658514495,81.0225085944079,0,0,0,"quadratic",0.05,60,1
0.454425542823848,0.0266991741208626,1,1,0.253061514604943,NA,0.999309092671866,1,0.0765361265389044,NA,0.358765316086037,0,0.205925085407545,0.0291654208431554,0.0146321209828241,0.868412060301508,1,"S7","main",500,70,0.500915658514495,69.4420751814182,0,0,0,"quadratic",0.05,61,1
0.43770563394537,-0.00637803457092151,1,1,0.269191791504837,NA,0.999932467155626,1,0.221744031657701,NA,0.893091861252721,1,0.253919493164202,-0.0745208741791739,0.00613748613366479,0.987361809045226,1,"S7","main",500,70,0.500915658514495,83.8003907255397,0,0,0,"quadratic",0.05,62,1
0.446212798797764,0.0376366797486856,1,1,0.241808601830365,NA,0.998737239957479,1,0.123974454073329,NA,0.554380754694565,1,0.221144676535416,0.0848157335951702,0.00983212602686625,0.92991959798995,1,"S7","main",500,70,0.500915658514495,69.832601469801,0,0,0,"quadratic",0.05,63,1
0.454639004176649,0.0150244902125244,1,1,0.272094696812436,NA,0.999818627527224,1,0.213177952768653,NA,0.850497751139261,1,0.271677349851776,0.0528639974022913,0.00696312924903015,0.985718592964824,1,"S7","main",500,70,0.500915658514495,68.1875352539815,0,0,0,"quadratic",0.05,64,1
0.470065760593036,0.041773250964658,1,1,0.335989093090966,NA,0.999998190865994,1,0.275250697043616,NA,0.968814311900654,1,0.368923074123246,0.0413958674115956,NA,1,1,"S7","main",500,70,0.500915658514495,79.0612359970347,0,0,0,"quadratic",0.05,65,1
0.497282301286777,0.00496982219701092,1,1,0.381783576212274,NA,0.999999252930572,1,0.280462862989431,NA,0.900126979361297,1,0.409501331691486,-0.00601951560802847,NA,1,1,"S7","main",500,70,0.500915658514495,67.5195346259173,0,0,0,"quadratic",0.05,66,1
0.503263084589608,0.0351919625473273,1,1,0.371371681280156,NA,0.99999998092369,1,0.386203768163485,NA,0.999978659734061,1,0.394283474698025,0.00750566505156392,NA,1,1,"S7","main",500,70,0.500915658514495,93.2714485651233,0,0,0,"quadratic",0.05,67,1
0.45362824160744,0.0337985943794939,1,1,0.301045926193617,NA,0.99995310866927,1,0.131078113476568,NA,0.538672734319035,1,0.303986098683959,0.0216837662849643,0.00108239797101424,0.998894472361809,1,"S7","main",500,70,0.500915658514495,70.2947533365192,0,0,0,"quadratic",0.05,68,1
0.440176483764591,0.052539627580844,1,1,0.349000611652862,NA,0.999999907641709,1,0.326265684498573,NA,0.999561735351198,1,0.364469702360345,0.0803953917195024,NA,1,1,"S7","main",500,70,0.500915658514495,94.7565268860367,0,0,0,"quadratic",0.05,69,1
0.451689459548355,-0.000487296137245253,1,1,0.299541181835003,NA,0.999966385224218,1,0.248444232055928,NA,0.899849767038639,1,0.254164596492972,0.0109047820814921,0.00624973170013391,0.965399497487437,1,"S7","main",500,70,0.500915658514495,85.2279656142086,0,0,0,"quadratic",0.05,70,1
0.540996478102713,0.040742207396043,1,1,0.418024548203186,NA,0.999999971020409,1,0.393616878321419,NA,0.998242304917137,1,0.450685778071021,-0.0022657012286953,NA,1,1,"S7","main",500,70,0.500915658514495,69.2531627081048,0,0,0,"quadratic",0.05,71,1
0.41767006104757,0.037627537015102,1,1,0.30495556101328,NA,0.999992236923472,1,0.293354212021426,NA,0.985747003332243,1,0.346055833942133,0.00507877171121244,NA,1,1,"S7","main",500,70,0.500915658514495,101.499286911564,0,0,0,"quadratic",0.05,72,1
0.432725313932719,-0.00402042433328428,1,1,0.39870259327128,NA,0.99999999965888,1,0.379450095747781,NA,0.999991550141063,1,0.418812961212701,-0.0164295501194034,NA,1,1,"S7","main",500,70,0.500915658514495,115.967267009902,0,0,0,"quadratic",0.05,73,1
0.427856353706392,0.0344030981090783,1,1,0.289525556969287,NA,0.999986359937151,1,0.266959407663624,NA,0.989144506779454,1,0.290561917775152,-0.00550142521525689,0.000859318073589582,0.999140703517588,1,"S7","main",500,70,0.500915658514495,87.4251528679214,0,0,0,"quadratic",0.05,74,1
0.387074026102431,0.0200726184901612,1,1,0.273575791407689,NA,0.99999011792842,1,0.21174312403894,NA,0.909643198584391,1,0.300179963558337,0.0412965949579384,2.51262594616865e-05,0.999974874371859,1,"S7","main",500,70,0.500915658514495,91.6289906798632,0,0,0,"quadratic",0.05,75,1
0.47780920814039,0.039396183281319,1,1,0.375209685025651,NA,0.999999993297218,1,0.34645711079991,NA,0.999520721279034,1,0.367311539914319,0.0648731320208783,NA,1,1,"S7","main",500,70,0.500915658514495,89.9692106371328,0,0,0,"quadratic",0.05,76,1
0.411344614303554,0.0202751129753866,1,1,0.240483002479606,NA,0.999689236434279,1,0.203176454681914,NA,0.872584884973829,1,0.212122373544731,-0.0067409154043658,0.00963793440403226,0.928356783919598,1,"S7","main",500,70,0.500915658514495,104.681727781097,0,0,0,"quadratic",0.05,77,1
0.513543185117627,-0.000224348269810085,1,1,0.376357715010716,NA,0.999999889812985,1,0.369457580046242,NA,0.999797177478179,1,0.388120770074431,-0.0387679304695583,NA,1,1,"S7","main",500,70,0.500915658514495,85.222332604623,0,0,0,"quadratic",0.05,78,1
0.431322164127966,0.0523789776963511,1,1,0.251631986266065,NA,0.999787779268634,1,0.23269306176222,NA,0.926339610717623,1,0.266375589371047,0.0358742151435829,0.00185872161357554,0.995914572864322,1,"S7","main",500,70,0.500915658514495,90.3036398376169,0,0,0,"quadratic",0.05,79,1
0.521283727022448,0.0259692932410282,1,1,0.394136106910809,NA,0.999999893138347,1,0.337681445602887,NA,0.992237069668025,1,0.44428047325617,0.00704788719190139,NA,1,1,"S7","main",500,70,0.500915658514495,78.3394666033731,0,0,0,"quadratic",0.05,80,1
0.429809189732273,0.00791463102485512,1,1,0.270572700730847,NA,0.999949163342528,1,0.227291364691895,NA,0.903104428151576,1,0.260180330927697,-0.0389969707086553,0.00406611439119612,0.989032663316583,1,"S7","main",500,70,0.500915658514495,75.9052942141336,0,0,0,"quadratic",0.05,81,1
0.452211625994708,0.0296547949200111,1,1,0.294511968065247,NA,0.999981037061411,1,0.130264983725644,NA,0.573981661234777,1,0.291866140930037,0.0852097097014379,0.00235748723203121,0.996065326633166,1,"S7","main",500,70,0.500915658514495,74.3053012155467,0,0,0,"quadratic",0.05,82,1
0.422577591710629,0.0211819480383989,1,1,0.265851623842818,NA,0.999815967014676,1,0.238693616283347,NA,0.898782440555045,1,0.234959194616131,0.0694297613731354,0.00899201687364185,0.961371859296482,1,"S7","main",500,70,0.500915658514495,85.9831828801377,0,0,0,"quadratic",0.05,83,1
0.440696473907927,0.0427010079808375,1,1,0.384592245644507,NA,0.999999999907096,1,0.335087582416804,NA,0.999904881400888,1,0.411029565864892,-0.0297400364904816,NA,1,1,"S7","main",500,70,0.500915658514495,109.891132918115,0,0,0,"quadratic",0.05,84,1
0.522723356180376,0.0390567483789953,1,1,0.356400062378356,NA,0.999999047843356,1,0.332967639420265,NA,0.993121197874745,1,0.333420372441621,-0.00360331883549214,0.000955335346370561,0.99886432160804,1,"S7","main",500,70,0.500915658514495,82.4461445720687,0,0,0,"quadratic",0.05,85,1
0.497580922161218,0.0453976654721271,1,1,0.378898755638608,NA,0.99999997336348,1,0.371415185414133,NA,0.999936719686903,1,0.370191601954765,0.0047203863626024,NA,1,1,"S7","main",500,70,0.500915658514495,81.0647984758163,0,0,0,"quadratic",0.05,86,1
0.45414308354616,0.0498593819464021,1,1,0.362069197098575,NA,0.999999549622014,1,0.324384146165604,NA,0.99703979219681,1,0.40251611996547,0.0942573144865561,NA,1,1,"S7","main",500,70,0.500915658514495,77.279055980837,0,0,0,"quadratic",0.05,87,1
0.448489120425233,0.0228150951871618,1,1,0.32375004912704,NA,0.999998794339251,1,0.289268696346642,NA,0.979783466046456,1,0.291938547982649,0.0139998731657472,NA,1,1,"S7","main",500,70,0.500915658514495,90.3903238225933,0,0,0,"quadratic",0.05,88,1
0.46479244922889,0.0257879938510919,1,1,0.337210532418726,NA,0.999998925076207,1,0.274846233285989,NA,0.98002655404713,1,0.33498673910597,0.066694172914945,NA,1,1,"S7","main",500,70,0.500915658514495,85.5941618066664,0,0,0,"quadratic",0.05,89,1
0.486117434319614,0.0319686369253357,1,1,0.398392423410421,NA,0.999999986688774,1,0.354664815681553,NA,0.999327937701497,1,0.410977713281881,-0.00034819041903808,NA,1,1,"S7","main",500,70,0.500915658514495,91.3004240424686,0,0,0,"quadratic",0.05,90,1
0.471060744922991,0.0176762921800828,1,1,0.339683586670564,NA,0.999999776370356,1,0.270554938512744,NA,0.981325067231585,1,0.352545715632767,-0.0358385963858595,NA,1,1,"S7","main",500,70,0.500915658514495,88.5754051464093,0,0,0,"quadratic",0.05,91,1
0.489267536746946,0.0322368099917262,1,1,0.288792255244676,NA,0.999966086736715,1,0.273112487391875,NA,0.958656232959119,1,0.243298072220104,0.0795669430156536,0.00161709995297948,0.996809045226131,1,"S7","main",500,70,0.500915658514495,84.1773329505058,0,0,0,"quadratic",0.05,92,1
0.450239517164159,-0.0209750604479067,1,1,0.271081108867102,NA,0.999927832219915,1,0.167544288561926,NA,0.705980283550771,1,0.260031352269227,0.0149687835127777,0.00481953260896075,0.985399497487437,1,"S7","main",500,70,0.500915658514495,83.952464153333,0,0,0,"quadratic",0.05,93,1
0.421072493040804,0.0405928414996353,1,1,0.215234188997343,NA,0.996532965735253,1,0.0900150796759795,NA,0.433512971311852,0,0.163013636866109,0.0392304556908374,0.0164063095291739,0.778128140703518,1,"S7","main",500,70,0.500915658514495,77.1081442864578,0,0,0,"quadratic",0.05,94,1
0.477408686747067,0.0459360380381396,1,1,0.282363427533538,NA,0.999761269842219,1,0.1975402020298,NA,0.75249486148529,1,0.283699409568122,-0.0155007049680201,0.00688961265022703,0.97622864321608,1,"S7","main",500,70,0.500915658514495,69.1056944086721,0,0,0,"quadratic",0.05,95,1
0.465135693601564,0.031417042595115,1,1,0.322354976235573,NA,0.999997044903025,1,0.321039189761279,NA,0.996930945772603,1,0.306125964180858,0.0180638773705683,0.00129069656425086,0.998286432160804,1,"S7","main",500,70,0.500915658514495,87.2619116612133,0,0,0,"quadratic",0.05,96,1
0.452668615361593,0.0475997939651432,1,1,0.313059095460628,NA,0.999997898910949,1,0.275571738597837,NA,0.974244644571117,1,0.308200485405825,0.0879070279450604,NA,1,1,"S7","main",500,70,0.500915658514495,83.8580994517713,0,0,0,"quadratic",0.05,97,1
0.497956928354964,0.0189527039708606,1,1,0.384046175849711,NA,0.999999977449195,1,0.367886722344068,NA,0.999911274377285,1,0.463033431512576,0.0776110504693807,NA,1,1,"S7","main",500,70,0.500915658514495,89.3568414100597,0,0,0,"quadratic",0.05,98,1
0.478351475019519,-0.0378941787495031,1,1,0.335817081825306,NA,0.99999832643916,1,0.309446694805129,NA,0.990499692470683,1,0.349510958022605,-0.0424938979284025,NA,1,1,"S7","main",500,70,0.500915658514495,81.1351450925842,0,0,0,"quadratic",0.05,99,1
0.472766262182218,-0.0161182933340809,1,1,0.328171545945745,NA,0.999999600456758,1,0.269357819992209,NA,0.978429692743349,1,0.294702249106844,-0.0477517622474174,0.00193273611990598,0.997218592964824,1,"S7","main",500,70,0.500915658514495,87.7486816082163,0,0,0,"quadratic",0.05,100,1
0.40525673996036,0.0232153680237837,1,1,0.315354912323184,NA,0.999999621553348,1,0.29119629683097,NA,0.997657732327025,1,0.29726701583858,0.0288145966065411,NA,1,1,"S7","main",500,70,0.500915658514495,97.7425154848125,0,0,0,"quadratic",0.1,1,1
0.466733999873308,0.0482882869419283,1,1,0.296229556280525,NA,0.999969634033636,1,0.278966086745359,NA,0.957128277314004,1,0.327774298337259,0.0614349319734724,NA,1,1,"S7","main",500,70,0.500915658514495,80.9277952962539,0,0,0,"quadratic",0.1,2,1
0.494930156836983,0.0480543642028689,1,1,0.333874339857042,NA,0.999994871204246,1,0.332753334597911,NA,0.9959804308083,1,0.350219381364475,-0.0568098090169991,NA,1,1,"S7","main",500,70,0.500915658514495,76.8045910776679,0,0,0,"quadratic",0.1,3,1
0.391418607078915,0.0544371814708862,1,1,0.270522059937374,NA,0.999952462846324,1,0.196894186454955,NA,0.798911199928574,1,0.260230143714351,0.0478434107676378,0.00395648424276862,0.991982412060301,1,"S7","main",500,70,0.500915658514495,81.0230178235621,0,0,0,"quadratic",0.1,4,1
0.452954847996688,0.0196190408640588,1,1,0.330454839355704,NA,0.999998759776129,1,0.304193171740475,NA,0.982832309847204,1,0.34757781215369,0.0588589509465294,NA,1,1,"S7","main",500,70,0.500915658514495,91.294153820369,0,0,0,"quadratic",0.1,5,1
0.421658077522228,0.0400243367006532,1,1,0.288413714032912,NA,0.999978164926006,1,0.245000911915777,NA,0.934974920836142,1,0.279837892871591,-0.0231151503333894,0.00513171055363942,0.991281407035176,1,"S7","main",500,70,0.500915658514495,95.7603258436957,0,0,0,"quadratic",0.1,6,1
0.43065880136602,0.0747930317042017,1,1,0.245763973123007,NA,0.999506545447278,1,0.206339565201128,NA,0.849147677294252,1,0.228269043542518,0.0202653529865351,0.0111729395269967,0.918241206030151,1,"S7","main",500,70,0.500915658514495,89.3168886149506,0,0,0,"quadratic",0.1,7,1
0.453142333281272,0.0214737250951524,1,1,0.287677552441423,NA,0.999928054677307,1,0.0915481114435647,NA,0.413696999111224,0,0.315461020796368,0.0160858999776156,0.00153456201584647,0.997791457286432,1,"S7","main",500,70,0.500915658514495,82.4379217473838,0,0,0,"quadratic",0.1,8,1
0.416670139785438,0.0385058565741105,1,1,0.340950554729184,NA,0.999998244292751,1,0.314891020974416,NA,0.972220610271225,1,0.340166814960174,0.0277697606628877,NA,1,1,"S7","main",500,70,0.500915658514495,74.5944871494916,0,0,0,"quadratic",0.1,9,1
0.413960246893792,0.0256351793926684,1,1,0.252805708426559,NA,0.99979888607522,1,0.228627624097814,NA,0.906883967220189,1,0.233690303380513,-0.0416652315474275,0.0101876131918229,0.964922110552764,1,"S7","main",500,70,0.500915658514495,103.024572171842,0,0,0,"quadratic",0.1,10,1
0.495143648546844,0.0444068382524991,1,1,0.382685741448549,NA,0.99999840902833,1,0.334922168148671,NA,0.986690726951513,1,0.379640565177573,0.0499247142512669,NA,1,1,"S7","main",500,70,0.500915658514495,74.6507164246618,0,0,0,"quadratic",0.1,11,1
0.423604959751482,0.0553544236199795,1,1,0.264696665824561,NA,0.999879666980154,1,0.261939506669282,NA,0.968888828134918,1,0.248971464549942,0.0597930044420076,0.00541658157098218,0.989065326633166,1,"S7","main",500,70,0.500915658514495,76.4847789231273,0,0,0,"quadratic",0.1,12,1
0.417649495902856,0.0301649201611741,1,1,0.26067369904043,NA,0.99945678167671,1,0.136341389326049,NA,0.580327707353916,1,0.195549763840703,-0.0109160319482693,0.0120729070745336,0.829680904522613,1,"S7","main",500,70,0.500915658514495,77.8533522554467,0,0,0,"quadratic",0.1,13,1
0.524603831117681,0.0730876349239001,1,1,0.392092521599664,NA,0.99999997980966,1,0.36361311652049,NA,0.998918838644687,1,0.387632261801306,0.119064163841254,NA,1,1,"S7","main",500,70,0.500915658514495,89.8830336213549,0,0,0,"quadratic",0.1,14,1
0.42867880505558,0.0493070156936472,1,1,0.296456994413307,NA,0.999996185817578,1,0.292226700526416,NA,0.998131146157708,1,0.324340610458932,0.0548062684209354,NA,1,1,"S7","main",500,70,0.500915658514495,109.119420104391,0,0,0,"quadratic",0.1,15,1
0.407059517271627,0.0381410663677307,1,1,0.302725568393873,NA,0.999996941064632,1,0.252054850722244,NA,0.971398853222249,1,0.341303448696288,-0.0596796469446873,NA,1,1,"S7","main",500,70,0.500915658514495,92.227729300956,0,0,0,"quadratic",0.1,16,1
0.403167217945644,0.0452077215930847,1,1,0.247553756114275,NA,0.999692598636076,1,0.13960292479533,NA,0.646992524243767,1,0.253886684904828,0.026036521370865,0.00651200146832191,0.975082914572864,1,"S7","main",500,70,0.500915658514495,84.7602311791506,0,0,0,"quadratic",0.1,17,1
0.450469398928519,0.0246337890889883,1,1,0.284085620711682,NA,0.99994526466843,1,0.258127415933819,NA,0.96481893524589,1,0.258495346594997,0.110687523701638,0.00094474735575954,0.99905527638191,1,"S7","main",500,70,0.500915658514495,91.1438612642045,0,0,0,"quadratic",0.1,18,1
0.451913336301047,0.0510451100616366,1,1,0.33796539863873,NA,0.999999162577507,1,0.259423245202168,NA,0.940323135704155,1,0.34866721408842,0.0496349261031593,NA,1,1,"S7","main",500,70,0.500915658514495,99.2560854147256,0,0,0,"quadratic",0.1,19,1
0.440039888564906,0.0577189350043596,1,1,0.320409855561476,NA,0.999994197576031,1,0.313923618521574,NA,0.989929854476901,1,0.35217985131719,-0.0600236068745403,NA,1,1,"S7","main",500,70,0.500915658514495,88.2519442147087,0,0,0,"quadratic",0.1,20,1
0.441447300714915,0.0708149212443093,1,1,0.284922175111594,NA,0.999882039293004,1,0.288242897280176,NA,0.966712505094801,1,0.31381954855978,0.0848926605219089,0.000480363833011096,0.999331658291457,1,"S7","main",500,70,0.500915658514495,83.3808945505932,0,0,0,"quadratic",0.1,21,1
0.483472159000959,0.0784400846728488,1,1,0.442540443542976,NA,0.999999999968196,1,0.396216131463566,NA,0.999921112534586,1,0.503228601982008,0.133931396374826,NA,1,1,"S7","main",500,70,0.500915658514495,95.3478664338087,0,0,0,"quadratic",0.1,22,1
0.484575981035898,0.0474107692440577,1,1,0.320927404266498,NA,0.999966996083658,1,0.253959663944683,NA,0.895959880403541,1,0.275037789473901,0.133166382968038,0.00235186773216299,0.996826633165829,1,"S7","main",500,70,0.500915658514495,77.7754736466811,0,0,0,"quadratic",0.1,23,1
0.408824689165225,0.0482363312548553,1,1,0.240904261017992,NA,0.998245314129108,1,0.0842552492420783,NA,0.395704627120622,0,0.161372887736094,0.0277663861961143,0.0151197987578015,0.713190954773869,1,"S7","main",500,70,0.500915658514495,71.8890987645235,0,0,0,"quadratic",0.1,24,1
0.485957849221302,0.0500830239697986,1,1,0.323179878810859,NA,0.999978636574919,1,0.278659821518557,NA,0.937450882022943,1,0.320712827138181,0.064007666513191,0.00128446889516346,0.99771608040201,1,"S7","main",500,70,0.500915658514495,78.7824554743057,0,0,0,"quadratic",0.1,25,1
0.494008898650223,0.0189547133638863,1,1,0.412918421927759,NA,0.999999998211208,1,0.369601641652755,NA,0.99980204283632,1,0.456058436057358,0.0681506579742467,NA,1,1,"S7","main",500,70,0.500915658514495,86.2223338840051,0,0,0,"quadratic",0.1,26,1
0.462469646487629,0.0400811337584297,1,1,0.328064622460137,NA,0.99999975375861,1,0.303332420773765,NA,0.999207887355365,1,0.322848057542075,0.0478286257379636,NA,1,1,"S7","main",500,70,0.500915658514495,99.6663505468383,0,0,0,"quadratic",0.1,27,1
0.431575254449261,0.0040695148102386,1,1,0.223701303330814,NA,0.99655288967237,1,0.117578504692557,NA,0.507821638346635,1,0.178583899889643,0.132300454704825,0.012373458429397,0.936733668341709,1,"S7","main",500,70,0.500915658514495,69.276648712835,0,0,0,"quadratic",0.1,28,1
0.422949426118807,0.0218081421659009,1,1,0.19724880043257,NA,0.994545853751521,1,0.187741888592186,NA,0.809765025746068,1,0.0983599293188567,-0.0308305312519769,0.0176971980838156,0.543884422110553,1,"S7","main",500,70,0.500915658514495,86.3543397887434,0,0,0,"quadratic",0.1,29,1
0.513824476392226,0.028986788781914,1,1,0.318978345687258,NA,0.999989325114213,1,0.290460895668282,NA,0.982070226326182,1,0.335523954450857,0.0447588319946915,NA,1,1,"S7","main",500,70,0.500915658514495,80.6394526987122,0,0,0,"quadratic",0.1,30,1
0.492897397277146,0.0611712440498961,1,1,0.375746286016542,NA,0.999999975984118,1,0.363225095229031,NA,0.999825988576118,1,0.375332602772132,0.140668393531063,NA,1,1,"S7","main",500,70,0.500915658514495,79.4663757074974,0,0,0,"quadratic",0.1,31,1
0.479249705441607,0.0517833350225202,1,1,0.336811342994755,NA,0.999988512895805,1,0.278087639055316,NA,0.924665457451284,1,0.336434097134762,0.0151337204938388,0.000668358501680971,0.999331658291457,1,"S7","main",500,70,0.500915658514495,79.7781316153987,0,0,0,"quadratic",0.1,32,1
0.378514783736358,0.0618867493001345,1,1,0.258808650080948,NA,0.999833591764327,1,0.169012655870287,NA,0.723751598235094,1,0.269554183180586,0.0788358122801393,0.00111536587175711,0.997979899497487,1,"S7","main",500,70,0.500915658514495,81.1822683211017,0,0,0,"quadratic",0.1,33,1
0.477069522534547,0.0337388861935216,1,1,0.301762149026492,NA,0.999972623894182,1,0.303170482258876,NA,0.991040394118142,1,0.27272101249581,0.0748956959368516,0.00144997436009475,0.995836683417085,1,"S7","main",500,70,0.500915658514495,83.0780560506517,0,0,0,"quadratic",0.1,34,1
0.431117456699674,0.0333815376049783,1,1,0.286790790107333,NA,0.999968282881363,1,0.246412529691061,NA,0.929159201168698,1,0.27512801982162,0.0779874070868217,0.00152013869743188,0.998479899497487,1,"S7","main",500,70,0.500915658514495,90.2827170223063,0,0,0,"quadratic",0.1,35,1
0.423990242203897,0.0648334787634983,1,1,0.252841249029542,NA,0.999355321744363,1,0.0931706958053947,NA,0.444034061355091,0,0.23099825954411,0.0293222791960417,0.0110223597611858,0.908678391959799,1,"S7","main",500,70,0.500915658514495,75.9275751064249,0,0,0,"quadratic",0.1,36,1
0.423463399446231,0.0560177784406826,1,1,0.290814492488178,NA,0.999979857189612,1,0.277118129692717,NA,0.977622062936415,1,0.33216298962369,-0.0419079915759653,NA,1,1,"S7","main",500,70,0.500915658514495,75.1612116576401,0,0,0,"quadratic",0.1,37,1
0.411927705710573,0.0384840463870832,1,1,0.275729380829813,NA,0.999923398722278,1,0.262028100643522,NA,0.937891106784412,1,0.220384432032672,-0.0312086600681189,0.0130525493684202,0.925979899497487,1,"S7","main",500,70,0.500915658514495,81.705092023049,0,0,0,"quadratic",0.1,38,1
0.308883836049372,0.0193447830838585,1,1,0.14715166590694,NA,0.973880212359488,1,0.0182732773948387,NA,0.136176158203321,0,0.0390049522563151,0.0179093510006673,0.0109970573033257,0.328605527638191,0,"S7","main",500,70,0.500915658514495,79.5894181007214,0,0,0,"quadratic",0.1,39,1
0.471150497730008,0.0828027621551356,1,1,0.316515261898892,NA,0.999990706938119,1,0.284298713164225,NA,0.971763191898393,1,0.350765051541534,0.0257683456057496,NA,1,1,"S7","main",500,70,0.500915658514495,84.1299085310228,0,0,0,"quadratic",0.1,40,1
0.358272384021217,0.0524360722469677,1,1,0.164168696466357,NA,0.98405204830736,1,0.0939252539255127,NA,0.485925390149778,0,0.100932236609589,0.0834379873966104,0.0171666738425729,0.767464824120603,1,"S7","main",500,70,0.500915658514495,80.1582125102329,0,0,0,"quadratic",0.1,41,1
0.432570066298763,0.0613830267498037,1,1,0.270384872114272,NA,0.999953059177489,1,0.225132977951161,NA,0.884097097108334,1,0.225598494589558,0.0208678847144928,0.0108247920724671,0.94870351758794,1,"S7","main",500,70,0.500915658514495,82.1702176214292,0,0,0,"quadratic",0.1,42,1
0.505250923185152,0.0409933832948664,1,1,0.396325454368925,NA,0.999999996547176,1,0.368927809743909,NA,0.999860434336891,1,0.418795126527915,0.00504619253719117,NA,1,1,"S7","main",500,70,0.500915658514495,94.1578857830453,0,0,0,"quadratic",0.1,43,1
0.529434773138291,0.0711192172196908,1,1,0.42706308732749,NA,0.999999998755965,1,0.397983279004753,NA,0.999904971339073,1,0.446867733837676,0.0283674215935962,NA,1,1,"S7","main",500,70,0.500915658514495,83.9395544769627,0,0,0,"quadratic",0.1,44,1
0.500894491959869,0.0350385966425218,1,1,0.372601518881554,NA,0.999999807336704,1,0.337661981832358,NA,0.996555915593341,1,0.366036631308302,-0.00447504605484154,NA,1,1,"S7","main",500,70,0.500915658514495,74.0354278976282,0,0,0,"quadratic",0.1,45,1
0.457413702086726,0.0835747020682889,1,1,0.35267514785309,NA,0.999999800238092,1,0.314696848533304,NA,0.998479968789244,1,0.383383486921974,0.108990939850283,NA,1,1,"S7","main",500,70,0.500915658514495,90.8061765566261,0,0,0,"quadratic",0.1,46,1
0.41530939798023,0.0805263496697798,1,1,0.264996027882539,NA,0.999946834332924,1,0.24648872533817,NA,0.961605552032969,1,0.21812196619102,0.0689781181447803,0.00554322211505652,0.986937185929648,1,"S7","main",500,70,0.500915658514495,94.6071607363952,0,0,0,"quadratic",0.1,47,1
0.391178568395524,0.0449000937410647,1,1,0.204813579301993,NA,0.995893433161159,1,0.0775266305109503,NA,0.404832589220586,0,0.216445675315239,0.0700388016754215,0.0140043989999724,0.915977386934673,1,"S7","main",500,70,0.500915658514495,82.9860713631,0,0,0,"quadratic",0.1,48,1
0.429383455997342,0.073010078305467,1,1,0.296197309442418,NA,0.999991758035568,1,0.261595015233438,NA,0.961216758267216,1,0.309853092651741,0.0525716141913325,0.000138194427039288,0.999861809045226,1,"S7","main",500,70,0.500915658514495,86.8675489293128,0,0,0,"quadratic",0.1,49,1
0.445331059388775,0.064080447565849,1,1,0.289511042628154,NA,0.999980241078709,1,0.271025163350144,NA,0.97802214956223,1,0.298109103012941,0.0156031734447118,0.00300081055165866,0.996886934673367,1,"S7","main",500,70,0.500915658514495,85.1426585227228,0,0,0,"quadratic",0.1,50,1
0.43658255842749,0.0611931225504703,1,1,0.285620361361143,NA,0.999819065295682,1,0.201324110822703,NA,0.747436841645746,1,0.333425191432319,0.030087747015623,0.0004220832512594,0.999223618090452,1,"S7","main",500,70,0.500915658514495,67.1675953027411,0,0,0,"quadratic",0.1,51,1
0.390636633058363,0.0390943396592953,1,1,0.230301362005079,NA,0.999745865092061,1,0.0735115362724425,NA,0.414928579934732,0,0.168917573950562,-0.0130640440926633,0.0187023301453766,0.808701005025126,1,"S7","main",500,70,0.500915658514495,102.750407726097,0,0,0,"quadratic",0.1,52,1
0.43933415299069,0.0738506336547684,1,1,0.319968112976088,NA,0.999986672843397,1,0.288108712449549,NA,0.97054817881573,1,0.314506435123513,0.00318362965784563,0.00380862344597569,0.994115577889447,1,"S7","main",500,70,0.500915658514495,82.454040693818,0,0,0,"quadratic",0.1,53,1
0.431655261480203,0.0630116672682747,1,1,0.294550133751128,NA,0.999983324779633,1,0.268890379097328,NA,0.969821759480822,1,0.294940777375012,0.0619422100252597,0.00186788133589497,0.997831658291457,1,"S7","main",500,70,0.500915658514495,106.384149874426,0,0,0,"quadratic",0.1,54,1
0.504106603345685,0.0400920653945917,1,1,0.353421896632962,NA,0.999998585411706,1,0.283739544029755,NA,0.947053212222428,1,0.364438447904323,0.108024650855907,NA,1,1,"S7","main",500,70,0.500915658514495,77.3213706166662,0,0,0,"quadratic",0.1,55,1
0.499928739048336,0.0450792803301512,1,1,0.323534981679476,NA,0.999993743542445,1,0.283397005488057,NA,0.936653145755069,1,0.335485032994898,0.028447450046423,NA,1,1,"S7","main",500,70,0.500915658514495,83.1107060058765,0,0,0,"quadratic",0.1,56,1
0.421393521286102,0.0245377585713281,1,1,0.228496296592718,NA,0.999641782840279,1,0.181575231732294,NA,0.821536833426457,1,0.221413335356494,0.011188619905971,0.00707608280566415,0.970321608040201,1,"S7","main",500,70,0.500915658514495,102.915128119733,0,0,0,"quadratic",0.1,57,1
0.409737636847257,0.0216444198720118,1,1,0.29713293464065,NA,0.999979458377864,1,0.212329148105187,NA,0.844549652194416,1,0.300083399350279,0.0994413445615187,0.000215682467573333,0.999713567839196,1,"S7","main",500,70,0.500915658514495,82.7935523360302,0,0,0,"quadratic",0.1,58,1
0.401524917877148,0.0774756475939687,1,1,0.288406131300677,NA,0.999994974278882,1,0.242364225985877,NA,0.965187562040914,1,0.330348457182647,0.0686699162538753,NA,1,1,"S7","main",500,70,0.500915658514495,100.11506119847,0,0,0,"quadratic",0.1,59,1
0.357488749439946,0.0569609456851408,1,1,0.170707173114378,NA,0.982324870030994,1,0.0697837561763552,NA,0.351401450438175,0,0.169440200206211,0.137435941471337,0.00576136718330892,0.975907035175879,1,"S7","main",500,70,0.500915658514495,76.9705080864864,0,0,0,"quadratic",0.1,60,1
0.505107593324652,0.0624828365344965,1,1,0.282005274008587,NA,0.999656626036385,1,0.201732644002541,NA,0.73759569991387,1,0.243964293191816,0.0482578430942473,0.00996315765822036,0.915522613065327,1,"S7","main",500,70,0.500915658514495,79.8372328769599,0,0,0,"quadratic",0.1,61,1
0.441373330485925,0.0691871956882743,1,1,0.319534517851732,NA,0.999989725715428,1,0.286838767168657,NA,0.947691113774091,1,0.331271539340376,0.0171396878300155,0.00481621307649884,0.994052763819095,1,"S7","main",500,70,0.500915658514495,75.6532529775416,0,0,0,"quadratic",0.1,62,1
0.417395779386471,0.0477373700158051,1,1,0.24747867458137,NA,0.999656468008464,1,0.218172406576855,NA,0.905484619784316,1,0.269481045854912,0.0600381156175976,0.00279382686661303,0.993075376884422,1,"S7","main",500,70,0.500915658514495,94.0065393686487,0,0,0,"quadratic",0.1,63,1
0.448095147000558,0.08401098857235,1,1,0.333737195185705,NA,0.999995416435967,1,0.289857223493799,NA,0.976619317571823,1,0.358877593915713,0.0662239900493331,NA,1,1,"S7","main",500,70,0.500915658514495,76.6806582487594,0,0,0,"quadratic",0.1,64,1
0.493997754551156,0.0272573893379523,1,1,0.34884879813544,NA,0.999991206464366,1,0.256927634377295,NA,0.883018675681853,1,0.335908762629283,0.0681347545115701,NA,1,1,"S7","main",500,70,0.500915658514495,74.0676988017326,0,0,0,"quadratic",0.1,65,1
0.444165650242124,0.0503926682178098,1,1,0.366470022410491,NA,0.999999958693244,1,0.324082066217485,NA,0.997945686918296,1,0.395903563782708,-0.0326194998306086,NA,1,1,"S7","main",500,70,0.500915658514495,92.9924088139787,0,0,0,"quadratic",0.1,66,1
0.455183886899052,0.064746301815993,1,1,0.283430502266579,NA,0.999958189062667,1,0.223997426877898,NA,0.872611224074794,1,0.264705109510477,0.18651501472676,NA,1,1,"S7","main",500,70,0.500915658514495,80.8878995584204,0,0,0,"quadratic",0.1,67,1
0.398857678060598,0.0285612791638638,1,1,0.24257126407621,NA,0.999617877421568,1,0.144271656474584,NA,0.641804607834562,1,0.12408974710793,0.014017038802754,0.0117127431919457,0.657120603015075,1,"S7","main",500,70,0.500915658514495,92.0580747867614,0,0,0,"quadratic",0.1,68,1
0.470569625027508,0.023117289516338,1,1,0.353134017625243,NA,0.999998933639018,1,0.341765277604408,NA,0.997765423900204,1,0.337042188540571,-0.0137862622015961,0.000306540365432586,0.999693467336683,1,"S7","main",500,70,0.500915658514495,80.4231397888322,0,0,0,"quadratic",0.1,69,1
0.47421867288651,0.0194683096009739,1,1,0.34673968050814,NA,0.999998462698342,1,0.292963395092275,NA,0.964694013497882,1,0.353071314380161,0.0280124934373477,NA,1,1,"S7","main",500,70,0.500915658514495,85.4752404796144,0,0,0,"quadratic",0.1,70,1
0.506462659460714,0.0810494405794789,1,1,0.28402158210093,NA,0.999770031061089,1,0.193525120686975,NA,0.744903921405825,1,0.303156420190897,-0.038091848702898,0.00127523361612168,0.997670854271357,1,"S7","main",500,70,0.500915658514495,71.8312033977632,0,0,0,"quadratic",0.1,71,1
0.498548994362127,0.0595848791378301,1,1,0.291516375774097,NA,0.999779094855592,1,0.232041832418317,NA,0.864754980896911,1,0.235406499797425,-0.0455479765117419,0.0143727820914598,0.88913567839196,1,"S7","main",500,70,0.500915658514495,71.5192585964314,0,0,0,"quadratic",0.1,72,1
0.531287900053117,0.0341658650827513,1,1,0.393737754495757,NA,0.999999974502367,1,0.351580297863982,NA,0.999204633205788,1,0.408344092395868,0.00653204648572099,NA,1,1,"S7","main",500,70,0.500915658514495,84.4237543550483,0,0,0,"quadratic",0.1,73,1
0.4837634625419,0.0167044908211783,1,1,0.367273920092578,NA,0.999999084608028,1,0.369822070971247,NA,0.998491536046,1,0.383059612025127,-0.0918206866922727,NA,1,1,"S7","main",500,70,0.500915658514495,68.2204312998636,0,0,0,"quadratic",0.1,74,1
0.383708828543349,0.0219402551194882,1,1,0.100091963341482,NA,0.805357200496011,0,0.00269884394525603,NA,0.0416497757152631,0,0.00511760848148368,0.0053747818769412,0.00319569007926814,0.081962311557789,0,"S7","main",500,70,0.500915658514495,77.7556687751708,0,0,0,"quadratic",0.1,75,1
0.436547300599386,0.037066062900523,1,1,0.247441909664783,NA,0.998904747856019,1,0.0968394746822863,NA,0.445765752064146,0,0.131614093361676,0.00316666261780032,0.0189736697381779,0.615422110552764,1,"S7","main",500,70,0.500915658514495,77.9312488699098,0,0,0,"quadratic",0.1,76,1
0.46232287661195,0.0658091491194223,1,1,0.331369106130129,NA,0.999996658465263,1,0.270529592100519,NA,0.934945405295153,1,0.387283342682219,0.0626777770127192,NA,1,1,"S7","main",500,70,0.500915658514495,88.0616009089715,0,0,0,"quadratic",0.1,77,1
0.420586353719524,0.0367658889130753,1,1,0.224738635856244,NA,0.999366974266385,1,0.130055146521343,NA,0.634361326248773,1,0.220084524840161,0.00663504477246539,0.00984431658868491,0.939907035175879,1,"S7","main",500,70,0.500915658514495,88.1418407236344,0,0,0,"quadratic",0.1,78,1
0.495843844967783,0.0759282869025259,1,1,0.310175470096786,NA,0.999939822084508,1,0.208674776644624,NA,0.763934287209241,1,0.370462550702658,0.051919307708188,NA,1,1,"S7","main",500,70,0.500915658514495,67.2025473080076,0,0,0,"quadratic",0.1,79,1
0.484261586499846,0.0495866250493002,1,1,0.337136135353499,NA,0.999977483992512,1,0.268550750244576,NA,0.901442286466044,1,0.317204627812247,0.128651795889256,0.00162440267311621,0.998236180904523,1,"S7","main",500,70,0.500915658514495,69.7558704533125,0,0,0,"quadratic",0.1,80,1
0.458423275313252,-0.0182782275863047,1,1,0.260238649352747,NA,0.999796090867067,1,0.224730605557788,NA,0.909612480135474,1,0.248061542914315,0.0291354863661304,0.00659915341461377,0.976821608040201,1,"S7","main",500,70,0.500915658514495,79.3277114494757,0,0,0,"quadratic",0.1,81,1
0.461743860489287,0.00856184339633051,1,1,0.312682910284342,NA,0.999997235543894,1,0.290727166996653,NA,0.995345455019316,1,0.313503909035897,-0.00862128642437818,NA,1,1,"S7","main",500,70,0.500915658514495,100.374814384012,0,0,0,"quadratic",0.1,82,1
0.466265846761653,0.0662945014333767,1,1,0.326525212292501,NA,0.999995126947517,1,0.266655440240816,NA,0.919457617905389,1,0.310200546319129,0.100160107196088,NA,1,1,"S7","main",500,70,0.500915658514495,74.7226541164881,0,0,0,"quadratic",0.1,83,1
0.447276244936194,0.0163414532213288,1,1,0.346173550580124,NA,0.999999218787615,1,0.325111384300591,NA,0.992625422908385,1,0.363593854564638,-0.0499993373372852,NA,1,1,"S7","main",500,70,0.500915658514495,81.1278630544098,0,0,0,"quadratic",0.1,84,1
0.518787666011028,0.0399041215924037,1,1,0.37293994106379,NA,0.999999618930805,1,0.314110716599125,NA,0.968950022145453,1,0.36918362042912,0.0733293110038003,NA,1,1,"S7","main",500,70,0.500915658514495,79.0879107133892,0,0,0,"quadratic",0.1,85,1
0.495801373675591,0.0535936655000186,1,1,0.42433014184889,NA,0.999999999996527,1,0.398418738392506,NA,0.999999890984536,1,0.448168672483972,0.154747811086598,NA,1,1,"S7","main",500,70,0.500915658514495,115.395741802443,0,0,0,"quadratic",0.1,86,1
0.492547245192385,0.00649779697874603,1,1,0.343294855206068,NA,0.999998869422507,1,0.321629335065631,NA,0.995359965701686,1,0.355945079957211,-0.0772617495896763,NA,1,1,"S7","main",500,70,0.500915658514495,79.0906047491208,0,0,0,"quadratic",0.1,87,1
0.399619147983774,0.0335866067655255,1,1,0.264933838341564,NA,0.99985240152368,1,0.200784450482464,NA,0.839728837169481,1,0.245839212842205,-0.0356871000077739,0.0070014453165922,0.962057788944724,1,"S7","main",500,70,0.500915658514495,86.532448017718,0,0,0,"quadratic",0.1,88,1
0.417369269141179,0.0730712508832328,1,1,0.263430306586096,NA,0.999928026800511,1,0.259020360742908,NA,0.976062154993914,1,0.300525628628199,0.120566917733562,NA,1,1,"S7","main",500,70,0.500915658514495,88.4703145967249,0,0,0,"quadratic",0.1,89,1
0.514967869827896,0.0672054818999206,1,1,0.454317035503387,NA,0.999999998724743,1,0.418555454780502,NA,0.999526641791848,1,0.476217996541675,0.120898520946377,NA,1,1,"S7","main",500,70,0.500915658514495,79.9280634568627,0,0,0,"quadratic",0.1,90,1
0.430142339968818,0.0399513630431934,1,1,0.320370665358353,NA,0.999994029994491,1,0.285561223510794,NA,0.98206195763946,1,0.349964537707068,0.0129222698021657,0.00160305535365543,0.998396984924623,1,"S7","main",500,70,0.500915658514495,90.9621856169519,0,0,0,"quadratic",0.1,91,1
0.403883130368537,0.040982265052149,1,1,0.243633844066659,NA,0.999181544811747,1,0.176854281231372,NA,0.733000375481545,1,0.125753617215593,-0.0156497103240342,0.0175266216493379,0.620133165829146,1,"S7","main",500,70,0.500915658514495,69.8780090403929,0,0,0,"quadratic",0.1,92,1
0.437254330676319,0.0330477881753112,1,1,0.322970300851334,NA,0.999995555776712,1,0.333817506488693,NA,0.998852621661584,1,0.316332871507997,-0.0312581586522476,9.29671600082603e-05,0.999907035175879,1,"S7","main",500,70,0.500915658514495,82.8944465494477,0,0,0,"quadratic",0.1,93,1
0.4971455788875,0.0414709369976477,1,1,0.307991429162274,NA,0.999933628512162,1,0.255817677845768,NA,0.894879865922259,1,0.327298219701461,0.0283756926021119,0.00382795323396707,0.992758793969849,1,"S7","main",500,70,0.500915658514495,78.431530526345,0,0,0,"quadratic",0.1,94,1
0.445479922173471,0.0514552076188821,1,1,0.285841061573226,NA,0.999939389199239,1,0.247815114102125,NA,0.902226352247885,1,0.28013558768332,-0.0013754282038506,0.00403070572971054,0.990467336683417,1,"S7","main",500,70,0.500915658514495,81.0695806500287,0,0,0,"quadratic",0.1,95,1
0.436025658374446,0.0512671298859522,1,1,0.337596724168872,NA,0.999999766944605,1,0.306206223963264,NA,0.996048309826658,1,0.350695481388374,0.122961514342697,NA,1,1,"S7","main",500,70,0.500915658514495,92.8987480924903,0,0,0,"quadratic",0.1,96,1
0.435310455663654,0.0822732135184733,1,1,0.44168827298598,NA,0.999999999892317,1,0.414593152677783,NA,0.999995542837396,1,0.428872911135144,0.121942306265078,NA,1,1,"S7","main",500,70,0.500915658514495,99.48615997015,0,0,0,"quadratic",0.1,97,1
0.452272819091059,0.0276583178989713,1,1,0.280448958665167,NA,0.999942786392715,1,0.272409572357655,NA,0.969699100591069,1,0.263855969101463,0.0194188687575276,0.00463351002750034,0.982110552763819,1,"S7","main",500,70,0.500915658514495,92.4681429438078,0,0,0,"quadratic",0.1,98,1
0.469499947715568,0.0113867176929005,1,1,0.361656510702063,NA,0.999999692809502,1,0.291749057982787,NA,0.974673336180842,1,0.405417351257874,-0.00697747347665631,NA,1,1,"S7","main",500,70,0.500915658514495,93.6537356552351,0,0,0,"quadratic",0.1,99,1
0.411332476661072,0.0683592074396228,1,1,0.278725194777528,NA,0.999937181181108,1,0.201414071205303,NA,0.824320478491898,1,0.269118563812083,0.0483762713628198,0.00428561435264597,0.987253768844221,1,"S7","main",500,70,0.500915658514495,90.5945870539779,0,0,0,"quadratic",0.1,100,1
0.44991502575875,0.045456059642543,1,1,0.23788597795205,NA,0.997205367173146,1,0.137166382498748,NA,0.59318015272309,1,0.0992019293317355,-0.0304630531311252,0.0148776543898007,0.516477386934673,1,"S7","main",500,70,0.500915658514495,70.6033274766562,0,0,0,"quadratic",0.2,1,1
0.482593970411393,0.094555937163358,1,1,0.337312786925461,NA,0.999987437181929,1,0.300179197148012,NA,0.969240858531969,1,0.306730067090358,0.0622953766318062,0.00434776239969502,0.991090452261307,1,"S7","main",500,70,0.500915658514495,85.3994890073833,0,0,0,"quadratic",0.2,2,1
0.412510015863209,0.106837606152756,1,1,0.233773690227294,NA,0.99768027372778,1,0.126727052471278,NA,0.570223625653571,1,0.20880121567183,-0.0175762869354725,0.0183598905855122,0.839522613065327,1,"S7","main",500,70,0.500915658514495,81.1196346268335,0,0,0,"quadratic",0.2,3,1
0.454733810412483,0.0601819592376465,1,1,0.35183594851002,NA,0.999998915161543,1,0.302395532414484,NA,0.975190177601484,1,0.355180273906212,0.0845553085945382,NA,1,1,"S7","main",500,70,0.500915658514495,72.6728639239219,0,0,0,"quadratic",0.2,4,1
0.406724915129197,0.0594739199943556,1,1,0.29730359386349,NA,0.999972814059429,1,0.248297678576612,NA,0.931367228592362,1,0.309521109542468,-0.0652090475981812,NA,1,1,"S7","main",500,70,0.500915658514495,96.6593460753368,0,0,0,"quadratic",0.2,5,1
0.520075325102038,0.024059536619412,1,1,0.390846609296767,NA,0.999999755352547,1,0.31714920902239,NA,0.989227370202314,1,0.39417146516234,-0.0974688950775786,0.000937209477920852,0.999062814070352,1,"S7","main",500,70,0.500915658514495,89.407217331899,0,0,0,"quadratic",0.2,6,1
0.383151670812228,0.0866883168559532,1,1,0.250398089194775,NA,0.997790650718493,1,0.167101563192871,NA,0.660077384100305,1,0.230066081163421,0.0865870094674051,0.0076516283582552,0.938213567839196,1,"S7","main",500,70,0.500915658514495,81.5884537403402,0,0,0,"quadratic",0.2,7,1
0.489104340021672,0.0867536679411544,1,1,0.327274162857703,NA,0.999984941816059,1,0.316264698572267,NA,0.995654367404422,1,0.332032918734469,0.0472348152529309,0.00143429146853228,0.997695979899498,1,"S7","main",500,70,0.500915658514495,93.2162977455628,0,0,0,"quadratic",0.2,8,1
0.508234994588171,0.118915585886112,1,1,0.329761722171581,NA,0.999986435949955,1,0.337176618181931,NA,0.99703222346329,1,0.391929934847533,0.207898694623682,NA,1,1,"S7","main",500,70,0.500915658514495,92.6107198301198,0,0,0,"quadratic",0.2,9,1
0.385672501140776,0.10716198233514,1,1,0.244493736619777,NA,0.999344169186071,1,0.193582625520645,NA,0.844496920756834,1,0.196865821282785,0.084918955728794,0.0116759231902068,0.90379648241206,1,"S7","main",500,70,0.500915658514495,85.1909803652849,0,0,0,"quadratic",0.2,10,1
0.47828101047087,0.0928301797485241,1,1,0.343902262337731,NA,0.999989432863655,1,0.304999286405945,NA,0.970839270688441,1,0.339992376546354,-0.039950332477947,0.00136029601110879,0.997841708542714,1,"S7","main",500,70,0.500915658514495,77.758108103782,0,0,0,"quadratic",0.2,11,1
0.489594346138828,0.180089231876708,1,1,0.320548753766142,NA,0.999982918725923,1,0.277488190946393,NA,0.964398095633903,1,0.37592972989563,0.179344519154813,NA,1,1,"S7","main",500,70,0.500915658514495,89.2937401971277,0,0,0,"quadratic",0.2,12,1
0.455232370491567,0.126315094107813,1,1,0.339576481379944,NA,0.999986124530145,1,0.180989085429072,NA,0.713938569965552,1,0.354780088108869,0.089783584814103,NA,1,1,"S7","main",500,70,0.500915658514495,84.7532802384757,0,0,0,"quadratic",0.2,13,1
0.428601530136051,0.116233237344439,1,1,0.269782057809204,NA,0.998980719424576,1,0.268110347999655,NA,0.894286800729993,1,0.193487017467818,0.071160862088901,0.0161741660285094,0.857133165829146,1,"S7","main",500,70,0.500915658514495,75.4221407207079,0,0,0,"quadratic",0.2,14,1
0.479524643107868,0.122081704468095,1,1,0.391170724935257,NA,0.999999668131462,1,0.366770797929111,NA,0.998576557238822,1,0.406554537865345,0.231274544165034,NA,1,1,"S7","main",500,70,0.500915658514495,102.637697952412,0,0,0,"quadratic",0.2,15,1
0.351783183612036,0.0554153429144666,1,1,0.190254293079151,NA,0.986644103085847,1,0.0429946298669315,NA,0.241822786587218,0,0.114183339111715,0.0567641019622805,0.0199650522969353,0.642402010050251,1,"S7","main",500,70,0.500915658514495,76.0877615020931,0,0,0,"quadratic",0.2,16,1
0.508679740753189,0.0318030243226012,1,1,0.265404338436078,NA,0.998027062905378,1,0.239330292546185,NA,0.826567241442977,1,0.247314809632503,0.0607321262868454,0.0123841691957676,0.927138190954774,1,"S7","main",500,70,0.500915658514495,71.828609576827,0,0,0,"quadratic",0.2,17,1
0.470880138470901,0.135959135832216,1,1,0.33548509227139,NA,0.999995013120829,1,0.331013542072885,NA,0.997622539309657,1,0.362079455419308,0.130275759329568,NA,1,1,"S7","main",500,70,0.500915658514495,93.3736568192037,0,0,0,"quadratic",0.2,18,1
0.542208260641256,0.0401462651290555,1,1,0.385467504965364,NA,0.999999914952507,1,0.373599151684408,NA,0.999929378841322,1,0.357451746237023,0.0315708901030773,0.000618105982757343,0.999381909547739,1,"S7","main",500,70,0.500915658514495,101.940890778719,0,0,0,"quadratic",0.2,19,1
0.518308213282768,0.0974703157940471,1,1,0.278715564144834,NA,0.99880665205937,1,0.13881321727345,NA,0.552057634996072,1,0.19565779326361,-0.0545288343368944,0.0150215401640762,0.796721105527638,1,"S7","main",500,70,0.500915658514495,65.646758598211,0,0,0,"quadratic",0.2,20,1
0.496732383683032,0.0640486986744396,1,1,0.410200515060287,NA,0.999999349583165,1,0.397410224501544,NA,0.998951853973148,1,0.390645163883235,0.0388448173418978,NA,1,1,"S7","main",500,70,0.500915658514495,76.4760532511713,0,0,0,"quadratic",0.2,21,1
0.633282739794019,0.126180901970202,1,1,0.510880985172479,NA,0.999999997426106,1,0.481028627993816,NA,0.999946572353433,1,0.533170437201344,-0.0208593277103795,NA,1,1,"S7","main",500,70,0.500915658514495,70.291163413366,0,0,0,"quadratic",0.2,22,1
0.435724430920655,0.138980546471801,1,1,0.368318201341872,NA,0.999996017757591,1,0.294704702108035,NA,0.937740610535636,1,0.367690997085415,0.0267010602840764,0.000512575693018471,0.99948743718593,1,"S7","main",500,70,0.500915658514495,78.2133683358428,0,0,0,"quadratic",0.2,23,1
0.44788265380695,0.0881281514628077,1,1,0.326904008841772,NA,0.999987875778861,1,0.303531330331631,NA,0.986059996074853,1,0.310032938650101,0.121669846467668,NA,1,1,"S7","main",500,70,0.500915658514495,93.6048664614079,0,0,0,"quadratic",0.2,24,1
0.522134669118569,0.0414041475341361,1,1,0.416237920083307,NA,0.999999946230547,1,0.373226132516358,NA,0.998226695398594,1,0.388569927851305,0.0562163227343062,NA,1,1,"S7","main",500,70,0.500915658514495,88.1617431101316,0,0,0,"quadratic",0.2,25,1
0.447157020534884,0.109506858671187,1,1,0.30972785633689,NA,0.999995088624344,1,0.251487766805635,NA,0.941644315129102,1,0.33617476690816,0.0548018960327429,NA,1,1,"S7","main",500,70,0.500915658514495,96.4854487090495,0,0,0,"quadratic",0.2,26,1
0.4371197248918,0.109532506198419,1,1,0.235858591965811,NA,0.996321818239474,1,0.069496769997082,NA,0.333311089090184,0,0.226877699074849,0.0322936267987149,0.0152798924208113,0.858552763819096,1,"S7","main",500,70,0.500915658514495,72.8368307673656,0,0,0,"quadratic",0.2,27,1
0.437595771753316,0.111491001606851,1,1,0.329988007241083,NA,0.9999919281791,1,0.296607160700014,NA,0.976920980876255,1,0.34141438889501,0.0694982256468583,NA,1,1,"S7","main",500,70,0.500915658514495,95.508799798219,0,0,0,"quadratic",0.2,28,1
0.458979715941628,0.140514732485616,1,1,0.296710831698444,NA,0.999597712556445,1,0.153658653046766,NA,0.57616529497188,1,0.260868251627662,0.166473895519918,0.000173371190285631,0.999826633165829,1,"S7","main",500,70,0.500915658514495,72.9702871919706,0,0,0,"quadratic",0.2,29,1
0.406005123188339,0.0581097202448041,1,1,0.226988213013495,NA,0.997503509008319,1,0.102105679834439,NA,0.474924940974484,0,0.229618630898493,0.0293281098923544,0.0151352912187045,0.915841708542714,1,"S7","main",500,70,0.500915658514495,79.2541590706964,0,0,0,"quadratic",0.2,30,1
0.42724748390684,0.115557237808174,1,1,0.25729762012947,NA,0.998886104851969,1,0.230725746543665,NA,0.864315723766931,1,0.217661418537182,0.0701145037564626,0.0116453048741548,0.878517587939698,1,"S7","main",500,70,0.500915658514495,81.2051832374427,0,0,0,"quadratic",0.2,31,1
0.409900272267639,0.163251704261109,1,1,0.226103401846582,NA,0.997483150903132,1,0.107461297869903,NA,0.505581808876847,1,0.238575478426433,0.145913604843438,0.00321538164075087,0.994545226130653,1,"S7","main",500,70,0.500915658514495,91.4482639201786,0,0,0,"quadratic",0.2,32,1
0.471557575466931,0.11313784193693,1,1,0.318951404748573,NA,0.999967077889027,1,0.24361215292482,NA,0.877656435459497,1,0.304135444504229,0.130100072764325,NA,1,1,"S7","main",500,70,0.500915658514495,77.01222240905,0,0,0,"quadratic",0.2,33,1
0.455167844333924,0.092716271977633,1,1,0.269741709575546,NA,0.999268027441577,1,0.136592969049867,NA,0.569888720960433,1,0.286498084905497,0.0844903839961645,0.0010211163844485,0.997314070351759,1,"S7","main",500,70,0.500915658514495,84.392764377699,0,0,0,"quadratic",0.2,34,1
0.327988901446585,0.067390741780796,1,1,0.24781196959845,NA,0.999449164866956,1,0.104799934257509,NA,0.48864585961603,0,0.253506946192197,-0.0159461459486351,0.00930767943174353,0.961371859296482,1,"S7","main",500,70,0.500915658514495,96.5052408110327,0,0,0,"quadratic",0.2,35,1
0.464120690646554,0.0888905108922391,1,1,0.234297148543425,NA,0.995873898522816,1,0.131348635779834,NA,0.546142368258561,1,0.13934426268695,0.0491356552479637,0.018739484176197,0.682195979899498,1,"S7","main",500,70,0.500915658514495,70.2811637031739,0,0,0,"quadratic",0.2,36,1
0.505401651204292,0.100271757177724,1,1,0.398809107456204,NA,0.999999817200918,1,0.367503061253923,NA,0.998196627823445,1,0.412890522227559,0.0842437469392447,NA,1,1,"S7","main",500,70,0.500915658514495,83.7126492939402,0,0,0,"quadratic",0.2,37,1
0.383171358662781,0.0626879565710939,1,1,0.324331877016862,NA,0.999996794544466,1,0.189097745054373,NA,0.758352694777069,1,0.350717642205295,-0.0217368309412706,NA,1,1,"S7","main",500,70,0.500915658514495,87.0428638819036,0,0,0,"quadratic",0.2,38,1
0.340799867506515,0.063087423097981,1,1,0.165861673636024,NA,0.967615021918953,1,0.0124396489028447,NA,0.0957700339294833,0,0.036325667796825,0.00220295137224342,0.0096827365129164,0.222065326633166,0,"S7","main",500,70,0.500915658514495,86.040464373485,0,0,0,"quadratic",0.2,39,1
0.453829281697164,0.10506235347493,1,1,0.265820421912307,NA,0.999252385568423,1,0.134618308169658,NA,0.597366502658723,1,0.286646022329221,0.160413110058319,NA,1,1,"S7","main",500,70,0.500915658514495,95.7572887187993,0,0,0,"quadratic",0.2,40,1
0.499979917747833,0.0741344649824993,1,1,0.351836220852893,NA,0.999989300387552,1,0.305612456424493,NA,0.980148823602956,1,0.294924131610837,0.0580308375129045,0.00443050766028543,0.984118090452261,1,"S7","main",500,70,0.500915658514495,71.3174834285867,0,0,0,"quadratic",0.2,41,1
0.523008600078769,0.0856435647120623,1,1,0.329604033994019,NA,0.999991570596877,1,0.304777829274822,NA,0.985357872410102,1,0.292652557430933,0.136699849699284,NA,1,1,"S7","main",500,70,0.500915658514495,89.9896832079341,0,0,0,"quadratic",0.2,42,1
0.381212899662726,0.12292763530143,1,1,0.208133082677055,NA,0.987600191751477,1,0.0562857376012227,NA,0.267070730150598,0,0.179195996521439,0.140054616332093,0.00828699927923061,0.977889447236181,1,"S7","main",500,70,0.500915658514495,72.1760326093686,0,0,0,"quadratic",0.2,43,1
0.504465215497737,0.0990281922370041,1,1,0.277852549758226,NA,0.999033845444641,1,0.253130876312819,NA,0.875444630378525,1,0.236848459871185,0.0229348552230006,0.0148778167016713,0.873334170854271,1,"S7","main",500,70,0.500915658514495,73.5256203906243,0,0,0,"quadratic",0.2,44,1
0.380959030816536,0.095205215143686,1,1,0.22651050719926,NA,0.998669326956996,1,0.058514165990754,NA,0.314105972961672,0,0.161038572120029,0.128883651408871,0.0121720801754615,0.922087939698492,1,"S7","main",500,70,0.500915658514495,76.9045285639186,0,0,0,"quadratic",0.2,45,1
0.410161929892791,0.114591698262778,1,1,0.249077310316991,NA,0.999575549175855,1,0.280154194797995,NA,0.972956445253559,1,0.290247421923137,0.140435992553575,NA,1,1,"S7","main",500,70,0.500915658514495,88.7525497827905,0,0,0,"quadratic",0.2,46,1
0.525862942087755,0.0765675798620534,1,1,0.36051331510043,NA,0.999992342766725,1,0.22835126858416,NA,0.804403501132732,1,0.332323644590117,0.124848579657807,NA,1,1,"S7","main",500,70,0.500915658514495,72.5488217208961,0,0,0,"quadratic",0.2,47,1
0.388926037368632,0.090179505882723,1,1,0.31966170034476,NA,0.999998362891998,1,0.296969256707398,NA,0.992697801076693,1,0.349813161481874,0.059742723784827,NA,1,1,"S7","main",500,70,0.500915658514495,95.8623149188735,0,0,0,"quadratic",0.2,48,1
0.451880160725665,0.10664164960793,1,1,0.313640608189646,NA,0.999753704335532,1,0.319913757159613,NA,0.966604102079112,1,0.314413572522822,0.134324409209073,0.00216983133793745,0.996281407035176,1,"S7","main",500,70,0.500915658514495,59.7487195791456,0,0,0,"quadratic",0.2,49,1
0.411848131693649,0.106681055832291,1,1,0.177299596146418,NA,0.967141696914316,1,0.0207606541445358,NA,0.129057909181441,0,0.227184164271563,0.115745271645809,0.0106392759136753,0.948108040201005,1,"S7","main",500,70,0.500915658514495,61.3046569309049,0,0,0,"quadratic",0.2,50,1
0.493397917127636,0.153987338704245,1,1,0.374835636597808,NA,0.999995747848207,1,0.313785348177944,NA,0.949789694300716,1,0.418762406381524,0.222218541876484,NA,1,1,"S7","main",500,70,0.500915658514495,79.0081568343683,0,0,0,"quadratic",0.2,51,1
0.523127286676402,0.068905269990899,1,1,0.401598578804228,NA,0.999999543445394,1,0.404743238262633,NA,0.999515747860384,1,0.425299855625603,0.0760226956045609,NA,1,1,"S7","main",500,70,0.500915658514495,81.9873815722315,0,0,0,"quadratic",0.2,52,1
0.52190470042244,0.06194552874009,1,1,0.431291034760386,NA,0.999999911687007,1,0.389556615934953,NA,0.99932171140194,1,0.395127242726906,0.154166149933086,NA,1,1,"S7","main",500,70,0.500915658514495,77.6565420525958,0,0,0,"quadratic",0.2,53,1
0.395231495269874,0.081133879015356,1,1,0.195134888501863,NA,0.984351966800737,1,0.0846675689540164,NA,0.405757957229693,0,0.0608654298608398,0.0153895549286422,0.0112169970777692,0.339859296482412,0,"S7","main",500,70,0.500915658514495,67.486248504676,0,0,0,"quadratic",0.2,54,1
0.428656557489801,0.0823337849668215,1,1,0.271082351898954,NA,0.999877124862957,1,0.236788917223298,NA,0.937208022841037,1,0.267144995929779,0.0716761491385079,0.00385456475124407,0.992150753768844,1,"S7","main",500,70,0.500915658514495,104.138047739087,0,0,0,"quadratic",0.2,55,1
0.438486764567364,0.123817301980801,1,1,0.261846842961083,NA,0.99961794912905,1,0.183645340894769,NA,0.766333484452823,1,0.272490583165813,0.0597157748351929,0.00636390219265187,0.978570351758794,1,"S7","main",500,70,0.500915658514495,95.0502216412867,0,0,0,"quadratic",0.2,56,1
0.365085442077785,0.107960183788212,1,1,0.177224665232006,NA,0.980591087369494,1,0.0145844955381172,NA,0.106185639703239,0,0.101000789156625,-0.0216308583607845,0.0169171505846353,0.524336683417085,1,"S7","main",500,70,0.500915658514495,77.2299002573716,0,0,0,"quadratic",0.2,57,1
0.478347027365348,0.142187613119547,1,1,0.433584422490675,NA,0.999999993801036,1,0.411888211075166,NA,0.999867014014859,1,0.458379592465726,0.17742715824769,NA,1,1,"S7","main",500,70,0.500915658514495,96.4595309969477,0,0,0,"quadratic",0.2,58,1
0.430701445484991,0.110643187599646,1,1,0.290355491081988,NA,0.999910027516419,1,0.237710284190442,NA,0.893881834769481,1,0.31478297722211,0.0492489515705341,0.00122754553658655,0.997266331658291,1,"S7","main",500,70,0.500915658514495,90.212444528197,0,0,0,"quadratic",0.2,59,1
0.435186755964731,0.0594701732711303,1,1,0.291402938865506,NA,0.999703037800398,1,0.232233564116214,NA,0.83291052959128,1,0.185918174591102,0.0343906197784417,0.0141905225214481,0.779226130653266,1,"S7","main",500,70,0.500915658514495,77.8411580132631,0,0,0,"quadratic",0.2,60,1
0.477497474440345,0.114865968733911,1,1,0.299559420693853,NA,0.999905632836776,1,0.247188871860603,NA,0.899256625151027,1,0.347980782854648,0.115832877757649,0.000447496567247532,0.999472361809045,1,"S7","main",500,70,0.500915658514495,99.2705262792009,0,0,0,"quadratic",0.2,61,1
0.480740729572002,0.110110810575243,1,1,0.323238134468556,NA,0.999981424280416,1,0.272625526027925,NA,0.919058405631125,1,0.279081266391071,0.147494150459123,0.00118034783118792,0.998592964824121,1,"S7","main",500,70,0.500915658514495,82.4960203412859,0,0,0,"quadratic",0.2,62,1
0.36431242986145,0.0737425812245459,1,1,0.173826773402269,NA,0.970879464142753,1,0.0281826326427846,NA,0.163262892575691,0,0.0649323315108697,-0.0190712098143251,0.0131666259329917,0.368180904522613,0,"S7","main",500,70,0.500915658514495,77.3296691157623,0,0,0,"quadratic",0.2,63,1
0.385525057239348,0.0899384375451429,1,1,0.236193217523722,NA,0.999077881659621,1,0.134324030289801,NA,0.647479688251026,1,0.194345519689166,0.0673339172593914,0.0115709611914637,0.891366834170854,1,"S7","main",500,70,0.500915658514495,91.3171370476952,0,0,0,"quadratic",0.2,64,1
0.4021151349471,0.106044351197952,1,1,0.267098033812276,NA,0.999387152693955,1,0.107741869020628,NA,0.47184867368687,0,0.282317017718249,0.0343661699621168,0.00493890709638025,0.97891959798995,1,"S7","main",500,70,0.500915658514495,72.4431494133501,0,0,0,"quadratic",0.2,65,1
0.319678808024053,0.100599367765157,1,1,0.241049815444965,NA,0.998550248790468,1,0.167498202193266,NA,0.70155523226139,1,0.192863636754075,0.077626645481748,0.011939950844671,0.891278894472362,1,"S7","main",500,70,0.500915658514495,77.4433484147021,0,0,0,"quadratic",0.2,66,1
0.445728129786616,0.0940067154511525,1,1,0.308795848637412,NA,0.999951172195595,1,0.287359193907083,NA,0.983034670173183,1,0.306032029463796,0.0856492399959396,0.0023498542851348,0.994753768844221,1,"S7","main",500,70,0.500915658514495,95.8032670241901,0,0,0,"quadratic",0.2,67,1
0.534154074109945,0.107656337085546,1,1,0.35037200902506,NA,0.999991831384822,1,0.290700621394019,NA,0.951476374018897,1,0.320343433191299,0.08955285563125,0.00452878894714954,0.988236180904523,1,"S7","main",500,70,0.500915658514495,84.9457716648903,0,0,0,"quadratic",0.2,68,1
0.282114659778539,0.0725806379557881,0.999999999999957,1,0.20951232549014,NA,0.998493190767212,1,0.134668046888101,NA,0.647643225759697,1,0.166447309198808,0.0469052890478625,0.012870310915134,0.83405527638191,1,"S7","main",500,70,0.500915658514495,84.4096278713061,0,0,0,"quadratic",0.2,69,1
0.357997624587784,0.0777311805598631,1,1,0.149865892810455,NA,0.959900686793074,1,0.014142791338855,NA,0.108876587946354,0,0.0918236629755012,0.0582883275312765,0.0176620602824809,0.577374371859297,1,"S7","main",500,70,0.500915658514495,93.8505278878662,0,0,0,"quadratic",0.2,70,1
0.427370201346883,0.123150798665658,1,1,0.297227435978296,NA,0.999845804472078,1,0.254443621845806,NA,0.9141291083222,1,0.261954697389423,-0.00013557503695073,0.00692445097002142,0.95337688442211,1,"S7","main",500,70,0.500915658514495,94.5408459772762,0,0,0,"quadratic",0.2,71,1
0.471052911201861,0.0701651112552936,1,1,0.375368448153961,NA,0.999999040671834,1,0.316476629446191,NA,0.963592277251798,1,0.378532453579217,0.107074768467216,NA,1,1,"S7","main",500,70,0.500915658514495,93.64468590571,0,0,0,"quadratic",0.2,72,1
0.508508677019037,0.0889696585766141,1,1,0.314030428667088,NA,0.999965710158473,1,0.305825326841382,NA,0.99012142482869,1,0.329168557676518,0.0763529474309429,5.52777708157139e-05,0.99994472361809,1,"S7","main",500,70,0.500915658514495,95.5382631039093,0,0,0,"quadratic",0.2,73,1
0.405353362057604,0.0473514776677152,1,1,0.320885048935075,NA,0.999988473545076,1,0.306809734954419,NA,0.980869376518965,1,0.31440698738295,0.00749159832444682,0.00192043111626186,0.996484924623116,1,"S7","main",500,70,0.500915658514495,82.8503454958088,0,0,0,"quadratic",0.2,74,1
0.475452455140586,0.12955168971335,1,1,0.255277741889356,NA,0.999212517378957,1,0.102639585626943,NA,0.46003093468064,0,0.283996284193579,0.11030289150269,0.00512511813720315,0.989253768844221,1,"S7","main",500,70,0.500915658514495,85.8251330350063,0,0,0,"quadratic",0.2,75,1
0.544541845005989,0.112310196321515,1,1,0.377419736139982,NA,0.999999311052963,1,0.31178658611795,NA,0.967295643743628,1,0.374081212977553,0.0318930591662371,NA,1,1,"S7","main",500,70,0.500915658514495,90.0037905610075,0,0,0,"quadratic",0.2,76,1
0.470034281333392,0.111843596928885,1,1,0.287017221897997,NA,0.999540277604208,1,0.122207618347017,NA,0.513303701390862,1,0.27109688620513,0.046507311910087,0.0102804329957272,0.947040201005025,1,"S7","main",500,70,0.500915658514495,66.4166490740664,0,0,0,"quadratic",0.2,77,1
0.449402652165873,0.0976078015451844,1,1,0.319263762599836,NA,0.99993285632556,1,0.2257198354542,NA,0.804314455039491,1,0.292468050108717,0.0737990362186995,0.00384861708238261,0.986108040201005,1,"S7","main",500,70,0.500915658514495,70.2967135479716,0,0,0,"quadratic",0.2,78,1
0.378660653651262,0.0593811288311102,1,1,0.177195923715289,NA,0.987357032677856,1,0.0321714155017811,NA,0.197701088379381,0,0.180845231878377,0.142457835394891,0.00513897383913999,0.987685929648241,1,"S7","main",500,70,0.500915658514495,82.2459532302056,0,0,0,"quadratic",0.2,79,1
0.480927747970539,0.090616117139857,1,1,0.298705239899493,NA,0.999970489180314,1,0.263992298109777,NA,0.955918737587961,1,0.321561569941694,0.126659850688697,NA,1,1,"S7","main",500,70,0.500915658514495,95.5484765808165,0,0,0,"quadratic",0.2,80,1
0.513082463666509,0.0984184252562429,1,1,0.360744575830119,NA,0.999998376783322,1,0.324011115985738,NA,0.989122749445634,1,0.376219089179442,0.0765844007755165,NA,1,1,"S7","main",500,70,0.500915658514495,86.6153902420114,0,0,0,"quadratic",0.2,81,1
0.487803426029564,0.0786137118164049,1,1,0.333114310921141,NA,0.999989788735953,1,0.296353375295857,NA,0.96496567980097,1,0.360628937632041,-0.0178095985457492,0.000223623709208989,0.999776381909548,1,"S7","main",500,70,0.500915658514495,97.7790654374941,0,0,0,"quadratic",0.2,82,1
0.480758746425331,0.0458570463558789,1,1,0.299046533676097,NA,0.999949191241467,1,0.194069135880789,NA,0.772160052113594,1,0.299720319027385,0.0402979379237423,0.00210418242923801,0.997311557788945,1,"S7","main",500,70,0.500915658514495,96.3431528752263,0,0,0,"quadratic",0.2,83,1
0.497072492948532,0.138099829361217,1,1,0.371242619837645,NA,0.99999846917408,1,0.3465842287707,NA,0.995210320908329,1,0.354484249207199,0.138323521163143,NA,1,1,"S7","main",500,70,0.500915658514495,93.4212941008099,0,0,0,"quadratic",0.2,84,1
0.400885955332915,0.0657453307048973,1,1,0.278440289127558,NA,0.9997916953917,1,0.128927321223076,NA,0.566617977693657,1,0.313340484785795,0.110598937456776,NA,1,1,"S7","main",500,70,0.500915658514495,74.9865017793404,0,0,0,"quadratic",0.2,85,1
0.362570586584038,0.117331319391632,1,1,0.252704097120318,NA,0.998843166868418,1,0.149993365702045,NA,0.622063720708847,1,0.149158837998209,0.0393669279624436,0.0191121690816553,0.70943216080402,1,"S7","main",500,70,0.500915658514495,76.834867259838,0,0,0,"quadratic",0.2,86,1
0.320757080966193,0.055850828432585,0.999999999999981,1,0.172352511518452,NA,0.972971394804805,1,0.0195463017318301,NA,0.135136568216418,0,0.0391417577608152,0.00459612708741524,0.00845859381017683,0.233090452261307,0,"S7","main",500,70,0.500915658514495,71.6926884530288,0,0,0,"quadratic",0.2,87,1
0.345867666902337,0.0551729534539977,1,1,0.210836132553721,NA,0.995443139154746,1,0.149024332490514,NA,0.631662061966368,1,0.168381251556336,0.0286850648872203,0.0152809179540424,0.766158291457286,1,"S7","main",500,70,0.500915658514495,89.2568315470787,0,0,0,"quadratic",0.2,88,1
0.47161994391008,0.0637259358958757,1,1,0.280661825293094,NA,0.999372212471725,1,0.248670293004919,NA,0.904262087228317,1,0.230112945013983,-0.0896730171240023,0.0131144080104003,0.92170351758794,1,"S7","main",500,70,0.500915658514495,89.3444496045695,0,0,0,"quadratic",0.2,89,1
0.333635378472908,0.0629786762522561,1,1,0.204773223352414,NA,0.995635353603273,1,0.067362536433791,NA,0.364482932731045,0,0.0773909348925348,0.0141610404411312,0.0151026523048566,0.453391959798995,0,"S7","main",500,70,0.500915658514495,80.8070521373326,0,0,0,"quadratic",0.2,90,1
0.52431964129995,0.0904794329530567,1,1,0.41745627693883,NA,0.999999992062033,1,0.361431315274288,NA,0.999068969030737,1,0.458564608124939,0.0952394439370039,NA,1,1,"S7","main",500,70,0.500915658514495,102.293341615737,0,0,0,"quadratic",0.2,91,1
0.514514853499732,0.11108760837674,1,1,0.326769813224151,NA,0.999931662286267,1,0.206413659890823,NA,0.740376479777525,1,0.280238548614387,0.0236171040113127,0.00991141512290944,0.942517587939699,1,"S7","main",500,70,0.500915658514495,80.0257955469371,0,0,0,"quadratic",0.2,92,1
0.405696579048384,0.0632611405698087,1,1,0.137326352660237,NA,0.936348455941246,0,0.00605815179920938,NA,0.0653403914117096,0,0.00520939905124838,0.00132333068933294,0.0025180961731724,0.058394472361809,0,"S7","main",500,70,0.500915658514495,79.1435544185976,0,0,0,"quadratic",0.2,93,1
0.526474758657484,0.0362708481658644,1,1,0.381406733699282,NA,0.999999865794291,1,0.34624925091244,NA,0.997767042734614,1,0.360847826380628,-0.0562813293938946,NA,1,1,"S7","main",500,70,0.500915658514495,98.1528247042058,0,0,0,"quadratic",0.2,94,1
0.40688263650793,0.0895545850919307,1,1,0.218561959942932,NA,0.995648914504952,1,0.0699533324249299,NA,0.347446501830105,0,0.219513239962069,0.0972874131376949,0.00958256021409964,0.948319095477387,1,"S7","main",500,70,0.500915658514495,70.9678660811444,0,0,0,"quadratic",0.2,95,1
0.487591664090815,0.0827768873112408,1,1,0.365091247108619,NA,0.999999217813096,1,0.333853425387902,NA,0.992485451912895,1,0.308857058079415,0.0394324285148719,0.00253052314950371,0.996030150753769,1,"S7","main",500,70,0.500915658514495,97.376690157002,0,0,0,"quadratic",0.2,96,1
0.41467129746314,0.0410320988294374,1,1,0.226551873969448,NA,0.994383985208305,1,0.0777478681775425,NA,0.362669081867872,0,0.10432247505734,-0.0140147897949001,0.0154232609156106,0.489811557788945,0,"S7","main",500,70,0.500915658514495,65.8583047105542,0,0,0,"quadratic",0.2,97,1
0.505343883380029,0.0629380530253584,1,1,0.383170116746388,NA,0.999999532884955,1,0.369601362432669,NA,0.999173358979263,1,0.316040747665055,0.218666118402407,NA,1,1,"S7","main",500,70,0.500915658514495,89.0566577089403,0,0,0,"quadratic",0.2,98,1
0.277056956494735,0.101522937683229,1,1,0.160545842455749,NA,0.982272593340107,1,0.0374696725911861,NA,0.236700935454875,0,0.113948542287426,0.0572037927703893,0.0154890412442343,0.685758793969849,1,"S7","main",500,70,0.500915658514495,110.956394021903,0,0,0,"quadratic",0.2,99,1
0.370698727963133,0.104571460071207,1,1,0.21989951721119,NA,0.998357360838751,1,0.112511147784779,NA,0.539025734965578,1,0.196868866704191,-0.00673895293239594,0.0124599589351941,0.869522613065327,1,"S7","main",500,70,0.500915658514495,82.354467214376,0,0,0,"quadratic",0.2,100,1
0.441862435050357,0.166551654809625,1,1,0.32908700689821,NA,0.999863190136712,1,0.31239229522617,NA,0.957110582429634,1,0.345110134919583,0.234715057116183,NA,1,1,"S7","main",500,70,0.500915658514495,89.2045201946759,0,0,0,"quadratic",0.3,1,1
0.386196967819792,0.14643026967018,1,1,0.210849640656607,NA,0.989073900395978,1,0.0994007685943499,NA,0.452504615082464,0,0.212262878081135,0.0423304013798838,0.0138415320937896,0.854462311557789,1,"S7","main",500,70,0.500915658514495,95.3743515384581,0,0,0,"quadratic",0.3,2,1
0.500078390345009,0.133724443725619,1,1,0.407707105583601,NA,0.999999469648188,1,0.378582391723629,NA,0.998654488310031,1,0.410548529103673,-0.0316273476976762,NA,1,1,"S7","main",500,70,0.500915658514495,85.1250387658554,0,0,0,"quadratic",0.3,3,1
0.561837424465432,0.179172159323078,1,1,0.444773551505913,NA,0.999999933120373,1,0.44799442068593,NA,0.99997401192688,1,0.469576855056241,0.186699518281018,NA,1,1,"S7","main",500,70,0.500915658514495,103.760265556774,0,0,0,"quadratic",0.3,4,1
0.409968622950051,0.208244762742947,1,1,0.263030165763535,NA,0.998699983925733,1,0.259120962605882,NA,0.942286209733208,1,0.320889124805583,0.182184841172173,NA,1,1,"S7","main",500,70,0.500915658514495,89.1098612581505,0,0,0,"quadratic",0.3,5,1
0.486076389248803,0.136911143266602,1,1,0.321240479487531,NA,0.999889742915805,1,0.233205915794294,NA,0.843408495017697,1,0.336524532212897,0.134949148065484,0.00080097014766903,0.998957286432161,1,"S7","main",500,70,0.500915658514495,90.1896420199024,0,0,0,"quadratic",0.3,6,1
0.551305159007391,0.18044288101958,1,1,0.432140425141291,NA,0.999999870992737,1,0.389445579951299,NA,0.998751824233326,1,0.419398637202957,0.130977293913243,NA,1,1,"S7","main",500,70,0.500915658514495,91.4479098429748,0,0,0,"quadratic",0.3,7,1
0.449827566431218,0.197585014669675,1,1,0.376816699714769,NA,0.999963308048994,1,0.303809493722129,NA,0.911780738161746,1,0.413022028155066,0.232936639501077,NA,1,1,"S7","main",500,70,0.500915658514495,67.7490535658388,0,0,0,"quadratic",0.3,8,1
0.393820515685155,0.119624385626733,1,1,0.300597351944284,NA,0.999901842255105,1,0.293617206054315,NA,0.987061909110181,1,0.29097252822285,0.116239630346974,0.00621064666640257,0.988964824120603,1,"S7","main",500,70,0.500915658514495,111.329344006743,0,0,0,"quadratic",0.3,9,1
0.358442371623111,0.119567785204116,1,1,0.171054800388737,NA,0.961530509940511,1,0.0379681384809126,NA,0.21348865806936,0,0.0312505075893393,0.00232202226268326,0.00586068747811856,0.18994472361809,0,"S7","main",500,70,0.500915658514495,84.1031890621736,0,0,0,"quadratic",0.3,10,1
0.450080124490921,0.157467154121473,1,1,0.342189424658262,NA,0.999969156527676,1,0.318989601014047,NA,0.977020520093118,1,0.336302955660875,0.112513124127362,0.00070017744493821,0.998992462311558,1,"S7","main",500,70,0.500915658514495,91.6587992038809,0,0,0,"quadratic",0.3,11,1
0.471010565084574,0.131115174430032,1,1,0.243965641110804,NA,0.99363864939347,1,0.079786795835352,NA,0.357894908362835,0,0.0819920910040804,0.0099249404317348,0.0143283362728668,0.381761306532663,0,"S7","main",500,70,0.500915658514495,79.8585807583603,0,0,0,"quadratic",0.3,12,1
0.498766566215383,0.214544141340604,1,1,0.215067121161864,NA,0.978156506363691,1,0.0332012890567812,NA,0.166990112503027,0,0.231694803918896,0.22506584386792,0.00178052402976199,0.996756281407035,1,"S7","main",500,70,0.500915658514495,68.2089269703042,0,0,0,"quadratic",0.3,13,1
0.477146906797941,0.129554614043302,1,1,0.297840605994282,NA,0.999740455818593,1,0.268380595724483,NA,0.92849118834108,1,0.277663989097471,0.151853012327537,0.00157931731228014,0.996505025125628,1,"S7","main",500,70,0.500915658514495,88.5957287052,0,0,0,"quadratic",0.3,14,1
0.42864764406853,0.179523484489855,1,1,0.264385882952116,NA,0.99955347729206,1,0.226237198207939,NA,0.899632527416126,1,0.305948989733166,0.19077313438041,NA,1,1,"S7","main",500,70,0.500915658514495,94.612394055959,0,0,0,"quadratic",0.3,15,1
0.645129527842465,0.150335813058989,1,1,0.532857203117073,NA,0.999999999780488,1,0.510331443962724,NA,0.999999273371721,1,0.539712950180847,0.147125743232555,NA,1,1,"S7","main",500,70,0.500915658514495,97.5902215937198,0,0,0,"quadratic",0.3,16,1
0.442384760347542,0.16461060055105,1,1,0.313763360671406,NA,0.999758854788889,1,0.199884574014197,NA,0.73695004900391,1,0.311986552813907,0.146666027136587,0.000233674212993653,0.999766331658291,1,"S7","main",500,70,0.500915658514495,84.9974972046631,0,0,0,"quadratic",0.3,17,1
0.53318717118589,0.198194727987373,1,1,0.396093770264298,NA,0.999976866796164,1,0.379749245177975,NA,0.986695080381121,1,0.371944281898244,0.204582986242221,NA,1,1,"S7","main",500,70,0.500915658514495,71.1505261900239,0,0,0,"quadratic",0.3,18,1
0.385481039126315,0.187843406650113,1,1,0.251588671487951,NA,0.997422856811626,1,0.167399721483521,NA,0.678599901963194,1,0.290201210967717,0.142320569251453,0.00320343648095394,0.993138190954774,1,"S7","main",500,70,0.500915658514495,89.99078205084,0,0,0,"quadratic",0.3,19,1
0.3716163187609,0.167050901811396,1,1,0.187379059614652,NA,0.966985568997456,1,0.0259444515555764,NA,0.147944694459996,0,0.224314444977161,0.191395205939983,NA,1,1,"S7","main",500,70,0.500915658514495,78.6064183207389,0,0,0,"quadratic",0.3,20,1
0.469748053515095,0.146313661481796,1,1,0.295856006835758,NA,0.999414438389486,1,0.149685110399098,NA,0.55127118020104,1,0.285370483509833,0.215659162666816,NA,1,1,"S7","main",500,70,0.500915658514495,75.3020800818766,0,0,0,"quadratic",0.3,21,1
0.45382165350546,0.162635162120215,1,1,0.28342401270673,NA,0.999027210588475,1,0.119870856384579,NA,0.481292392094526,0,0.324510087428952,0.156801830972258,0.0013442548812003,0.998655778894472,1,"S7","main",500,70,0.500915658514495,72.3875175236935,0,0,0,"quadratic",0.3,22,1
0.270399654670807,0.209925752181586,1,1,0.0968516425602816,NA,0.748695144392706,0,0.00496966151678772,NA,0.053421653625328,0,0.0279696030968095,0.282129336540478,NA,1,1,"S7","main",500,70,0.500915658514495,72.0364364694851,0,0,0,"quadratic",0.3,23,1
0.487258819656122,0.216665178855163,1,1,0.414852214950245,NA,0.999999060365915,1,0.384338260682821,NA,0.998587244370306,1,0.463440737253909,0.147894262293362,NA,1,1,"S7","main",500,70,0.500915658514495,90.6067334823902,0,0,0,"quadratic",0.3,24,1
0.589922827082786,0.0608336861566857,1,1,0.487776715229625,NA,0.999999995592566,1,0.454315992407949,NA,0.999871602434518,1,0.533859465104686,0.00383069225587773,NA,1,1,"S7","main",500,70,0.500915658514495,77.4632144125392,0,0,0,"quadratic",0.3,25,1
0.398369713107488,0.132036691401954,1,1,0.212123166894334,NA,0.977810249834587,1,0.0409377706932767,NA,0.211562292474506,0,0.0314519547553556,0.011872967675428,0.0087203895414345,0.191786432160804,0,"S7","main",500,70,0.500915658514495,67.7119870505031,0,0,0,"quadratic",0.3,26,1
0.384859393151122,0.120613870057875,1,1,0.258663548689727,NA,0.998749470713309,1,0.0662689085297582,NA,0.316641502035626,0,0.245181952884398,0.0692845639742076,0.0129095656474099,0.923017587939698,1,"S7","main",500,70,0.500915658514495,85.7289202637779,0,0,0,"quadratic",0.3,27,1
0.51150376464036,0.181821931506402,1,1,0.529090218773503,NA,0.999999999397937,1,0.439168407372224,NA,0.999293220644878,1,0.577863902198626,0.0267616267188812,NA,1,1,"S7","main",500,70,0.500915658514495,96.7066220980609,0,0,0,"quadratic",0.3,28,1
0.507259704088711,0.104141655931955,1,1,0.383732155717776,NA,0.999996266562484,1,0.353898264267461,NA,0.993486435260206,1,0.387424581911438,0.0587348196686956,NA,1,1,"S7","main",500,70,0.500915658514495,95.240311788899,0,0,0,"quadratic",0.3,29,1
0.339607189795397,0.112957749891073,1,1,0.22454328722105,NA,0.99337348073525,1,0.0761271045681499,NA,0.362463180194357,0,0.101207733223288,0.0298293957054994,0.0190256279509856,0.504188442211055,1,"S7","main",500,70,0.500915658514495,83.8563214486115,0,0,0,"quadratic",0.3,30,1
0.49998923812598,0.185207980129847,1,1,0.349172608829891,NA,0.999807770089455,1,0.289120266598709,NA,0.885412045336793,1,0.351511737366462,0.147825201946304,NA,1,1,"S7","main",500,70,0.500915658514495,73.7617320471304,0,0,0,"quadratic",0.3,31,1
0.281580091076763,0.106967968488308,0.999999999998833,1,0.0893288423962077,NA,0.750378088111632,0,0.00656482188189243,NA,0.065234353751537,0,0.0102635023548134,0.00910204367218842,0.00440514895537956,0.113942211055276,0,"S7","main",500,70,0.500915658514495,91.5958997726954,0,0,0,"quadratic",0.3,32,1
0.487252489412641,0.139777282344254,1,1,0.328171999155412,NA,0.999745279942861,1,0.299640005381289,NA,0.929091556475274,1,0.241955547413015,0.197987953070592,0.00344106286214545,0.99636432160804,1,"S7","main",500,70,0.500915658514495,76.3921636383906,0,0,0,"quadratic",0.3,33,1
0.446146797901449,0.18793696461867,1,1,0.339030392930394,NA,0.999978040925348,1,0.306882771921675,NA,0.979880607320883,1,0.399789736526545,0.148106341922271,NA,1,1,"S7","main",500,70,0.500915658514495,105.281195658804,0,0,0,"quadratic",0.3,34,1
0.393833073744373,0.127904216929597,1,1,0.308254994171068,NA,0.999818281293788,1,0.255319103359263,NA,0.881919482869854,1,0.305761671027129,0.0705344214823458,0.00557640363052018,0.983565326633166,1,"S7","main",500,70,0.500915658514495,88.3603882183041,0,0,0,"quadratic",0.3,35,1
0.513492291258843,0.148814310073486,1,1,0.318162108414849,NA,0.999800248600834,1,0.234331101273013,NA,0.819568480856922,1,0.358820694272642,0.19756986620865,NA,1,1,"S7","main",500,70,0.500915658514495,83.3777691936887,0,0,0,"quadratic",0.3,36,1
0.529866368335685,0.118848326035718,1,1,0.358479189459666,NA,0.999945332815011,1,0.347837812797689,NA,0.981374129607505,1,0.324716258241958,0.223381752500896,NA,1,1,"S7","main",500,70,0.500915658514495,76.2890631656024,0,0,0,"quadratic",0.3,37,1
0.192521092543672,0.166475909495851,0.999999999999344,1,-0.00038443853390017,NA,0.00380769444038775,0,0.00127027852931308,NA,0.0352015847161809,0,-0.03249798396867,0.180821638993681,0.00915998473676147,0.915060301507538,1,"S7","main",500,70,0.500915658514495,77.0444930659597,0,0,0,"quadratic",0.3,38,1
0.309057643653258,0.14268781884014,0.999999999999999,1,0.130065485430499,NA,0.869654357865478,0,0.00511246620811295,NA,0.054898452863841,0,0.0458807460535345,0.0300802555969195,0.0101887648224179,0.292763819095477,0,"S7","main",500,70,0.500915658514495,85.1502416626351,0,0,0,"quadratic",0.3,39,1
0.435348051067367,0.132187280796151,1,1,0.382370097519885,NA,0.999991510729121,1,0.337275660217037,NA,0.966661775868979,1,0.422711298153202,0.0816963530514108,NA,1,1,"S7","main",500,70,0.500915658514495,74.2304048713363,0,0,0,"quadratic",0.3,40,1
0.448546448280661,0.0819712161420488,1,1,0.264582947257626,NA,0.998378519839218,1,0.0855611406908318,NA,0.390324933172596,0,0.289180386203685,0.0510025081782724,0.00936599681455386,0.96658040201005,1,"S7","main",500,70,0.500915658514495,85.4552199387566,0,0,0,"quadratic",0.3,41,1
0.410987495092357,0.13400936162432,1,1,0.311650996483931,NA,0.999724434317976,1,0.135503474421876,NA,0.522771819297435,1,0.348297049733909,0.0369810684046456,0.00297324890179851,0.99085175879397,1,"S7","main",500,70,0.500915658514495,70.120168710461,0,0,0,"quadratic",0.3,42,1
0.559974907711352,0.0997216473753132,1,1,0.406896921199887,NA,0.999998339437244,1,0.342372935797399,NA,0.983879585052396,1,0.422339274602416,0.00168040930358533,NA,1,1,"S7","main",500,70,0.500915658514495,89.2726166013275,0,0,0,"quadratic",0.3,43,1
0.425570944851008,0.132012343614115,1,1,0.31741117703805,NA,0.999752145296118,1,0.278215111387483,NA,0.895943434140404,1,0.303745646140326,0.0760279392739936,0.00587723046554388,0.971507537688442,1,"S7","main",500,70,0.500915658514495,73.9365096927252,0,0,0,"quadratic",0.3,44,1
0.403669109509425,0.0714274381136673,1,1,0.30698485587334,NA,0.999888779959921,1,0.213433608818124,NA,0.790544176995767,1,0.285866564095666,0.00818428763031712,0.00771223637413711,0.964572864321608,1,"S7","main",500,70,0.500915658514495,79.7355377879987,0,0,0,"quadratic",0.3,45,1
0.362429272622882,0.186877258453294,1,1,0.206015356123409,NA,0.981201373844374,1,0.0272187339734208,NA,0.153884560754032,0,0.175917483815985,0.246598863434384,0.00229994640284501,0.99556783919598,1,"S7","main",500,70,0.500915658514495,86.5638536944696,0,0,0,"quadratic",0.3,46,1
0.470574806605553,0.0940631451077052,1,1,0.341506180189039,NA,0.999910843094783,1,0.287489411530127,NA,0.898255596688488,1,0.322456164690016,0.0433839666416684,0.00457669894725147,0.980623115577889,1,"S7","main",500,70,0.500915658514495,68.7171271935614,0,0,0,"quadratic",0.3,47,1
0.376933844812261,0.111971773282424,1,1,0.201477201197568,NA,0.981035905374483,1,0.027474933158095,NA,0.157376179178883,0,0.108785493570524,0.199476721506621,0.0104725897399505,0.936836683417085,1,"S7","main",500,70,0.500915658514495,76.4365154951517,0,0,0,"quadratic",0.3,48,1
0.50184648668817,0.181683904771169,1,1,0.37853371830056,NA,0.99999849544907,1,0.352156936770526,NA,0.998251796209726,1,0.403421130805426,0.283161233863813,NA,1,1,"S7","main",500,70,0.500915658514495,105.726262968565,0,0,0,"quadratic",0.3,49,1
0.397139418034317,0.193697625458731,1,1,0.263175325575384,NA,0.998620613956204,1,0.163870095849716,NA,0.683696677118659,1,0.234275931489023,0.1884470335755,0.00437048601722758,0.98927135678392,1,"S7","main",500,70,0.500915658514495,89.2917687614856,0,0,0,"quadratic",0.3,50,1
0.456487993323034,0.215834212837523,1,1,0.370080045725711,NA,0.999962857756167,1,0.347552547443554,NA,0.975752449423809,1,0.414882620661475,0.227069214463815,NA,1,1,"S7","main",500,70,0.500915658514495,85.0011304667776,0,0,0,"quadratic",0.3,51,1
0.52740249636249,0.115978625693444,1,1,0.428533255379145,NA,0.999999978711818,1,0.388114002663534,NA,0.99918509370343,1,0.488052114494688,0.125654587309861,NA,1,1,"S7","main",500,70,0.500915658514495,106.53348146925,0,0,0,"quadratic",0.3,52,1
0.411516109039546,0.17368949231782,1,1,0.278536222597547,NA,0.998330990719703,1,0.239195311821913,NA,0.848885237799252,1,0.303275560030693,0.187199690937851,NA,1,1,"S7","main",500,70,0.500915658514495,84.3275101874837,0,0,0,"quadratic",0.3,53,1
0.422127211202568,0.186632290674829,1,1,0.190892602771823,NA,0.972369700683374,1,0.0545979340678684,NA,0.276512551523465,0,0.0855478482973802,0.0342957968219255,0.0172072153004978,0.447595477386935,0,"S7","main",500,70,0.500915658514495,85.3248681548403,0,0,0,"quadratic",0.3,54,1
0.387650335630798,0.184461968048249,1,1,0.250713809096896,NA,0.997869045049977,1,0.175283353511434,NA,0.690317041357512,1,0.224264860722688,0.216644714721808,NA,1,1,"S7","main",500,70,0.500915658514495,97.1764694763235,0,0,0,"quadratic",0.3,55,1
0.603585531363928,0.165392800323473,1,1,0.446081741941745,NA,0.99999989918947,1,0.390893941686989,NA,0.99715500825341,1,0.470310772490843,0.108242067469462,NA,1,1,"S7","main",500,70,0.500915658514495,81.7561414442195,0,0,0,"quadratic",0.3,56,1
0.357401049625607,0.0675132450612812,1,1,0.166222199830985,NA,0.96068535024225,1,0.0152837793209223,NA,0.107533869246607,0,0.0255869813756493,0.000834104397359297,0.00640892225205389,0.161804020100503,0,"S7","main",500,70,0.500915658514495,71.1208840470049,0,0,0,"quadratic",0.3,57,1
0.603484658176525,0.128205304672686,1,1,0.450511657484419,NA,0.999999545054833,1,0.394688876214275,NA,0.993795470664297,1,0.445316270240286,0.0130067994864024,NA,1,1,"S7","main",500,70,0.500915658514495,87.0489416933314,0,0,0,"quadratic",0.3,58,1
0.499686617764978,0.176256208605432,1,1,0.384058241624056,NA,0.999995820292392,1,0.357079888777261,NA,0.996269621762714,1,0.420647046547478,-0.0638673221131392,NA,1,1,"S7","main",500,70,0.500915658514495,93.6712866779073,0,0,0,"quadratic",0.3,59,1
0.491678249337948,0.143381155734202,1,1,0.323042971581282,NA,0.999827133154268,1,0.325062257729341,NA,0.969469210895721,1,0.338060520669287,0.0450254707999565,0.00398972393489245,0.989105527638191,1,"S7","main",500,70,0.500915658514495,88.8011201136037,0,0,0,"quadratic",0.3,60,1
0.436576262633926,0.133608239535259,1,1,0.326032890870677,NA,0.999938273318471,1,0.32659554064266,NA,0.98583306766829,1,0.357487013266196,0.101255548047198,NA,1,1,"S7","main",500,70,0.500915658514495,89.9376384818567,0,0,0,"quadratic",0.3,61,1
0.398578993963058,0.200511929007292,1,1,0.272468508404549,NA,0.999218668801354,1,0.129908809278758,NA,0.555392505556925,1,0.313513125924719,0.217351981201704,0.000103017663792916,0.999896984924623,1,"S7","main",500,70,0.500915658514495,107.315371539315,0,0,0,"quadratic",0.3,62,1
0.394143438916887,0.163475236607632,1,1,0.269769208856176,NA,0.998857184022244,1,0.21525171781211,NA,0.824052560564608,1,0.303542065987245,0.11644705686549,0.00363734309562386,0.988957286432161,1,"S7","main",500,70,0.500915658514495,103.153365997118,0,0,0,"quadratic",0.3,63,1
0.339631701008534,0.139804768796936,1,1,0.138093152751681,NA,0.90135872257357,0,0.00756233667733529,NA,0.0679009561544652,0,0.0527532137982657,0.0430405623809578,0.0147654773402555,0.397894472361809,0,"S7","main",500,70,0.500915658514495,72.8019285991026,0,0,0,"quadratic",0.3,64,1
0.497370304056082,0.157299097280533,1,1,0.232390408421308,NA,0.989553642209352,1,0.069475348273215,NA,0.312443371002971,0,0.10847969814968,0.0635858873662957,0.0182634847897,0.56921608040201,1,"S7","main",500,70,0.500915658514495,79.8749252814952,0,0,0,"quadratic",0.3,65,1
0.402717313775942,0.126001801800733,1,1,0.307550468466671,NA,0.999877977997551,1,0.301689762294207,NA,0.980166045221997,1,0.29808015736626,0.141669997172526,0.0017487876585332,0.998251256281407,1,"S7","main",500,70,0.500915658514495,103.760524249436,0,0,0,"quadratic",0.3,66,1
0.539631688415152,0.200593813782276,1,1,0.379652618235069,NA,0.999943802398267,1,0.340422554160719,NA,0.970576057387518,1,0.444591197011104,0.098987981517762,0.000195984823801162,0.999804020100503,1,"S7","main",500,70,0.500915658514495,80.0073282699972,0,0,0,"quadratic",0.3,67,1
0.383271692815744,0.114616716097815,1,1,0.238167913932855,NA,0.997547597413796,1,0.107721293597778,NA,0.491984286905113,0,0.23464676723724,0.165609458284714,0.00143594910843803,0.99827135678392,1,"S7","main",500,70,0.500915658514495,91.3493639131681,0,0,0,"quadratic",0.3,68,1
0.3910915301117,0.171801301662566,1,1,0.218109883897978,NA,0.991750803975722,1,0.13677008039175,NA,0.565580993668965,1,0.212416877239292,0.154618125461512,0.00509955723925515,0.983128140703518,1,"S7","main",500,70,0.500915658514495,91.5382674678317,0,0,0,"quadratic",0.3,69,1
0.410145499899851,0.107165130423242,1,1,0.219689120082744,NA,0.987802088770461,1,0.0398392847883554,NA,0.197202499610656,0,0.264879920874631,0.170250010511637,0.00538174762836684,0.984814070351759,1,"S7","main",500,70,0.500915658514495,72.6012405888728,0,0,0,"quadratic",0.3,70,1
0.509708380951514,0.148469620049785,1,1,0.51605041061618,NA,0.999999996152469,1,0.48770685111516,NA,0.999978103929524,1,0.502001003338238,0.0754780418373729,NA,1,1,"S7","main",500,70,0.500915658514495,77.9616342188195,0,0,0,"quadratic",0.3,71,1
0.387695977418184,0.15547381837982,1,1,0.307942181942293,NA,0.999874966518139,1,0.241302359619851,NA,0.868912223556614,1,0.318657860383626,0.167126005222314,0.000459810548148798,0.999540201005025,1,"S7","main",500,70,0.500915658514495,84.9970819731122,0,0,0,"quadratic",0.3,72,1
0.509414750301978,0.125596268819273,1,1,0.463560956768478,NA,0.999999994663235,1,0.416839343602207,NA,0.999965191679269,1,0.467483502854813,0.134930411564367,NA,1,1,"S7","main",500,70,0.500915658514495,120.715439693319,0,0,0,"quadratic",0.3,73,1
0.345362526510101,0.141735812224668,1,1,0.225148834645902,NA,0.993201019818518,1,0.0677611278916478,NA,0.318369887557042,0,0.254393189001033,0.252978823819465,NA,1,1,"S7","main",500,70,0.500915658514495,84.9974075803137,0,0,0,"quadratic",0.3,74,1
0.482290700515205,0.161115573274344,1,1,0.278903669121628,NA,0.998609755131062,1,0.193877651168377,NA,0.705919497249463,1,0.217802850361966,0.243685462172779,NA,1,1,"S7","main",500,70,0.500915658514495,83.9740321551523,0,0,0,"quadratic",0.3,75,1
0.524719580589899,0.109271263709079,1,1,0.331705821484151,NA,0.999332141388675,1,0.263497259386917,NA,0.837148436089918,1,0.336222081771555,0.0618602584526969,0.00638959481712047,0.9628391959799,1,"S7","main",500,70,0.500915658514495,64.8231251685849,0,0,0,"quadratic",0.3,76,1
0.595364089865512,0.0903356438322415,1,1,0.380823196633901,NA,0.999953100806772,1,0.376170896354108,NA,0.980507746366184,1,0.365267990423782,0.186994137109148,NA,1,1,"S7","main",500,70,0.500915658514495,80.3812497322645,0,0,0,"quadratic",0.3,77,1
0.377302070747489,0.153918344804319,1,1,0.314592764651272,NA,0.999941506218281,1,0.285061739789931,NA,0.964618581732099,1,0.293475132211133,0.204403639266741,NA,1,1,"S7","main",500,70,0.500915658514495,86.9214246998513,0,0,0,"quadratic",0.3,78,1
0.450366679626979,0.136300097271412,1,1,0.350425550058238,NA,0.999838020149192,1,0.309385933723511,NA,0.920234570279561,1,0.30702320663123,0.198842098923696,0.00157883202637331,0.997866834170854,1,"S7","main",500,70,0.500915658514495,68.3067298325452,0,0,0,"quadratic",0.3,79,1
0.413887403606928,0.161642198219689,1,1,0.36024970395,NA,0.999981935107338,1,0.35839209973133,NA,0.996569959901366,1,0.390497070226198,0.0498454536160028,NA,1,1,"S7","main",500,70,0.500915658514495,104.355599561552,0,0,0,"quadratic",0.3,80,1
0.463392887909249,0.225011952414615,1,1,0.363658238325233,NA,0.999945414654095,1,0.348917122582296,NA,0.983427828569176,1,0.353201541989815,0.202219096351976,NA,1,1,"S7","main",500,70,0.500915658514495,87.2741534304817,0,0,0,"quadratic",0.3,81,1
0.441023811434276,0.0818970342879486,1,1,0.342792263890126,NA,0.999977900014287,1,0.283390240858934,NA,0.948881520483187,1,0.320338255481271,0.0122230591485416,0.00684387485806503,0.978417085427136,1,"S7","main",500,70,0.500915658514495,106.660247900101,0,0,0,"quadratic",0.3,82,1
0.40762164001591,0.172833693373803,1,1,0.314044017265879,NA,0.999829436645613,1,0.253652490793157,NA,0.898895726966963,1,0.288025402115838,0.0708434108143062,0.00794071852660069,0.970597989949749,1,"S7","main",500,70,0.500915658514495,82.7586284613145,0,0,0,"quadratic",0.3,83,1
0.415324273838251,0.188510944728251,1,1,0.296719874746088,NA,0.999348378109655,1,0.264686666724648,NA,0.889270086392231,1,0.349605938444095,0.167402573592579,NA,1,1,"S7","main",500,70,0.500915658514495,86.4276575784753,0,0,0,"quadratic",0.3,84,1
0.442798840208731,0.132528600875691,1,1,0.337710046427065,NA,0.999971257164835,1,0.24668512815034,NA,0.87737291339983,1,0.314596625652612,0.12950983379001,NA,1,1,"S7","main",500,70,0.500915658514495,81.8541754262448,0,0,0,"quadratic",0.3,85,1
0.487956475535685,-0.00111596782175274,1,1,0.311759337287229,NA,0.998519126802301,1,0.171542439509089,NA,0.611453567506392,1,0.316632740948392,-0.153225593028,0.00582937540097688,0.979376884422111,1,"S7","main",500,70,0.500915658514495,69.8419135349363,0,0,0,"quadratic",0.3,86,1
0.523134248839393,0.179479979866363,1,1,0.479807451982755,NA,0.999999986974083,1,0.444919053093037,NA,0.999608221077105,1,0.493665432684776,0.0934879315368114,NA,1,1,"S7","main",500,70,0.500915658514495,87.2946037279324,0,0,0,"quadratic",0.3,87,1
0.427173500691076,0.176007855629684,1,1,0.343404142057722,NA,0.99996700852011,1,0.288268966270398,NA,0.906452239633175,1,0.37714331055485,0.257502678271075,NA,1,1,"S7","main",500,70,0.500915658514495,79.53351852675,0,0,0,"quadratic",0.3,88,1
0.320428691411276,0.095031827011853,0.999999999999536,1,0.288114473217517,NA,0.999958125719308,1,0.236458949829979,NA,0.92541414796443,1,0.318791679639815,0.0129155884774817,0.00100457600837201,0.998560301507538,1,"S7","main",500,70,0.500915658514495,104.158140795098,0,0,0,"quadratic",0.3,89,1
0.420835481074539,0.106692372334819,1,1,0.274489545236982,NA,0.999303331001413,1,0.120576400910549,NA,0.516942802965529,1,0.243807348521067,0.0198617037810925,0.0146338900798618,0.899027638190955,1,"S7","main",500,70,0.500915658514495,77.4022984741656,0,0,0,"quadratic",0.3,90,1
0.366349958077727,0.164067000637648,1,1,0.146667163845835,NA,0.924180025058029,0,0.019244759709133,NA,0.131352427357353,0,0.0313306907299062,0.012177315071366,0.00832930167998806,0.202854271356784,0,"S7","main",500,70,0.500915658514495,85.9271045401345,0,0,0,"quadratic",0.3,91,1
0.635860622463858,0.19723599261351,1,1,0.431427841167246,NA,0.999997475745922,1,0.406327076190023,NA,0.997013383774028,1,0.474057766060544,0.292307304880533,NA,1,1,"S7","main",500,70,0.500915658514495,75.2036099462778,0,0,0,"quadratic",0.3,92,1
0.36162514063512,0.137335345575272,0.999999999999995,1,0.237580524895965,NA,0.994790431310947,1,0.0266704069277035,NA,0.162308049085868,0,0.288365051841702,0.140962323953729,0.00583237868123288,0.983110552763819,1,"S7","main",500,70,0.500915658514495,103.006370373975,0,0,0,"quadratic",0.3,93,1
0.507365856450399,0.168598472730997,1,1,0.325207580512186,NA,0.999722579482466,1,0.239720156260993,NA,0.838121900568543,1,0.390413040284604,0.157512943420344,NA,1,1,"S7","main",500,70,0.500915658514495,81.9206070425397,0,0,0,"quadratic",0.3,94,1
0.448198250346982,0.166507301020887,1,1,0.372064201880967,NA,0.999998111165685,1,0.330939282530385,NA,0.989301889971003,1,0.403733353083533,0.0626381650535918,NA,1,1,"S7","main",500,70,0.500915658514495,105.173639010033,0,0,0,"quadratic",0.3,95,1
0.397984826211738,0.122420446990587,1,1,0.311204439119125,NA,0.999768938980005,1,0.255083260645276,NA,0.848724040071594,1,0.293758671058305,0.0913715284818313,0.0045578657333398,0.987321608040201,1,"S7","main",500,70,0.500915658514495,83.7032731842192,0,0,0,"quadratic",0.3,96,1
0.494267827040256,0.202666235311629,1,1,0.31718408231272,NA,0.999828107535068,1,0.279200833253438,NA,0.921444125370301,1,0.337942669507963,0.0863366517454887,0.00156922242767445,0.997459798994975,1,"S7","main",500,70,0.500915658514495,86.2208387595694,0,0,0,"quadratic",0.3,97,1
0.48155195037565,0.150748117631291,1,1,0.355613716130316,NA,0.999967810153448,1,0.326600622244163,NA,0.97480460581884,1,0.366334447913515,0.16430169125715,NA,1,1,"S7","main",500,70,0.500915658514495,81.2755765597786,0,0,0,"quadratic",0.3,98,1
0.394919589052158,0.138888698323331,1,1,0.183040201819009,NA,0.973678872874619,1,0.0320063762499815,NA,0.196070772448408,0,0.141865250678581,0.0662717858110982,0.0171389787315436,0.714763819095477,1,"S7","main",500,70,0.500915658514495,80.0801136585899,0,0,0,"quadratic",0.3,99,1
0.564955587971636,0.120003772286536,1,1,0.350294218185874,NA,0.999804377068405,1,0.264631991459283,NA,0.86157899842927,1,0.350406120241206,0.147972193001903,0.00128184146138888,0.998195979899497,1,"S7","main",500,70,0.500915658514495,69.5919907601492,0,0,0,"quadratic",0.3,100,1
0.126380626616355,0.0164866137046361,0.999995586364662,1,0.0405489204685231,NA,0.508891562874605,0,0.00113927948255069,NA,0.0364328873168847,0,0.00446324844440479,0.000804880620199435,0.00232181532105362,0.0630226130653266,0,"S7","null",1000,70,0.352588811263852,99.8959636078342,0,0,0,"quadratic",0.05,1,0
0.268381985872507,0.0277497854751634,1,1,0.0947625298384933,NA,0.897537521186313,0,0.00998845448190495,NA,0.104636308487946,0,0.0246416494873396,-0.00462954629597088,0.0122236632147914,0.207620603015075,0,"S7","null",1000,70,0.352588811263852,92.2172542695805,0,0,0,"quadratic",0.05,2,0
0.138078869968672,0.0324927465914897,0.999999928016227,1,-0.0275456282528469,NA,0.354376297581115,0,-0.00110014640027192,NA,0.0358914040862166,0,-0.00570312361885799,0.00221793536547656,0.00441979757707507,0.0732814070351759,0,"S7","null",1000,70,0.352588811263852,91.9658549810517,0,0,0,"quadratic",0.05,3,0
0.240119435207341,0.0420349847473516,1,1,0.0973630534202088,NA,0.900413108937409,0,0.00226666112490371,NA,0.042761498434404,0,0.0254122382072769,0.0030642004670107,0.0107797587014235,0.206547738693467,0,"S7","null",1000,70,0.352588811263852,86.5938226240412,0,0,0,"quadratic",0.05,4,0
0.211447958371857,0.0191779958250899,0.999999999999976,1,0.0792316898138499,NA,0.822763046355368,0,0.00845584586438681,NA,0.0932637325898895,0,0.0484672912397994,0.0144766591886782,0.0132340076687783,0.367484924623116,0,"S7","null",1000,70,0.352588811263852,100.310134077976,0,0,0,"quadratic",0.05,5,0
0.172687770546047,0.0172952171943693,0.999999999980423,1,-0.022107425244906,NA,0.305293904674028,0,-0.000442543245528748,NA,0.0331624844398243,0,-0.00213321775123822,-0.00572964338038824,0.00417518739301341,0.0830025125628141,0,"S7","null",1000,70,0.352588811263852,89.6729590825387,0,0,0,"quadratic",0.05,6,0
0.258205429465638,0.0279903912794027,1,1,0.116344874370274,NA,0.936136688985203,0,0.00585263459037719,NA,0.065748490094893,0,0.047591720038435,0.0196541764246561,0.0150750371138483,0.36614824120603,0,"S7","null",1000,70,0.352588811263852,87.4617795457579,0,0,0,"quadratic",0.05,7,0
0.134303072060586,0.027944461549054,0.999999365735327,1,-0.074177939492022,NA,0.722932182146913,0,-0.000700992962709015,NA,0.033790228673823,0,-0.0107163227877337,0.00254291286833411,0.00490094495425269,0.101565326633166,0,"S7","null",1000,70,0.352588811263852,72.5606844873648,0,0,0,"quadratic",0.05,8,0
0.181910884323494,0.00766108688534023,0.999999999915234,1,-0.0198202351598662,NA,0.242711171293951,0,-0.000689739283920701,NA,0.0338658107266413,0,-0.0027921046590756,0.000415178162103023,0.00281807840137782,0.048178391959799,0,"S7","null",1000,70,0.352588811263852,78.0174537139095,0,0,0,"quadratic",0.05,9,0
0.208551247267699,0.0340094541785086,1,1,0.0506392010447299,NA,0.620797247747943,0,0.00236281427942676,NA,0.0451420495316591,0,0.0225371770500019,0.0515558393533133,0.015599967990185,0.424489949748744,0,"S7","null",1000,70,0.352588811263852,94.7874223391491,0,0,0,"quadratic",0.05,10,0
0.206962586769597,0.0676686130757284,1,1,0.117936210123583,NA,0.957182887061883,1,0.0164485576671177,NA,0.147608336251221,0,0.0555941598125898,0.00322920357197943,0.0181361522589491,0.387349246231156,0,"S7","null",1000,70,0.352588811263852,95.0636958939705,0,0,0,"quadratic",0.05,11,0
0.246604646279518,0.0088988059060456,1,1,0.0767357677163841,NA,0.77682265771707,0,0.00832338004642103,NA,0.0860498830976293,0,0.0104409039226689,0.00225107976981241,0.00422700707362581,0.108150753768844,0,"S7","null",1000,70,0.352588811263852,68.9257557286719,0,0,0,"quadratic",0.05,12,0
0.172272084740377,0.0457741067298574,0.999999999983105,1,0.0178652891145077,NA,0.223116501907138,0,-0.000104817585446455,NA,0.0324479288477317,0,0.0028181882230954,-0.00086587586956169,0.00220563456060908,0.0495678391959799,0,"S7","null",1000,70,0.352588811263852,82.3723206044824,0,0,0,"quadratic",0.05,13,0
0.189011618312291,0.0473409332444387,0.999999999999997,1,0.0981723220018872,NA,0.918405756417956,0,0.00712824376439716,NA,0.0836753500560902,0,0.117778282357491,0.0546718563577267,0.0161773338048729,0.770653266331658,1,"S7","null",1000,70,0.352588811263852,96.4573964646323,0,0,0,"quadratic",0.05,14,0
0.156976580418695,0.0285283577825463,0.999999998923551,1,-0.00101873142540877,NA,0.014097398972099,0,0.00141066663807759,NA,0.0385035681124261,0,0.00120758002926377,0.0206978000621249,0.00878725779839963,0.224218592964824,0,"S7","null",1000,70,0.352588811263852,90.2363899233674,0,0,0,"quadratic",0.05,15,0
0.198920345373771,0.041218842102177,0.999999999999994,1,0.0183859101520027,NA,0.229217086172232,0,0.000866059031891556,NA,0.0344594330815989,0,0.00295013804822324,0.0098787898721545,0.00578087876136496,0.114291457286432,0,"S7","null",1000,70,0.352588811263852,81.1056548881316,0,0,0,"quadratic",0.05,16,0
0.226107876206964,0.0504034132360946,1,1,0.0483183105079533,NA,0.554653849883127,0,0.00161468627159114,NA,0.0388068621212283,0,0.00789133460514994,0.0100763038414786,0.00569984470838008,0.13863567839196,0,"S7","null",1000,70,0.352588811263852,81.4552641841133,0,0,0,"quadratic",0.05,17,0
0.224672557806779,0.00294673892596486,1,1,0.0222216187898244,NA,0.293922931326472,0,0.0008967756728991,NA,0.0350835800324183,0,0.00181631720774338,0.000547965230267286,0.00250897409306862,0.0452110552763819,0,"S7","null",1000,70,0.352588811263852,92.6177224020622,0,0,0,"quadratic",0.05,18,0
0.187043580768113,0.0544778325427983,0.999999999999999,1,0.0232014127174436,NA,0.317775477286772,0,0.000974428580024624,NA,0.0356531639689312,0,0.00194478145756179,0.0062373090299142,0.00435185935947192,0.0863190954773869,0,"S7","null",1000,70,0.352588811263852,89.5675886962681,0,0,0,"quadratic",0.05,19,0
0.151431469565632,0.045709327680843,0.999999999635264,1,0.040950467694472,NA,0.491740670571162,0,0.00150692728588117,NA,0.0382291778810928,0,0.00167962027089246,0.000350644355260001,0.00171326105092237,0.0439673366834171,0,"S7","null",1000,70,0.352588811263852,79.1608348229484,0,0,0,"quadratic",0.05,20,0
0.175092724399382,0.00912652139690109,0.999999999828942,1,-0.0617129433392008,NA,0.66137649876677,0,-0.00152411249738964,NA,0.0375381448702891,0,-0.00137182487764692,0.00460007148796531,0.00296730163535656,0.0728467336683417,0,"S7","null",1000,70,0.352588811263852,78.800143354919,0,0,0,"quadratic",0.05,21,0
0.187970487067758,0.0377290791586306,0.999999999999498,1,-0.00935442227008697,NA,0.115254324677137,0,-0.000440078488022972,NA,0.0329643627446366,0,0.00142944897000456,0.00509812798057795,0.00276925027761639,0.0757989949748744,0,"S7","null",1000,70,0.352588811263852,71.407428282092,0,0,0,"quadratic",0.05,22,0
0.156844379975299,0.0174352843802874,0.99999999073621,1,-0.00401249739993867,NA,0.0542299900453085,0,0.000599971701418503,NA,0.0337486473529149,0,-0.00190317357945425,-0.00179578374011279,0.00256423108672148,0.0531608040201005,0,"S7","null",1000,70,0.352588811263852,92.33743143646,0,0,0,"quadratic",0.05,23,0
0.241515026017056,0.0360584033925023,1,1,0.0916789823168682,NA,0.883506550343886,0,0.0211464740980406,NA,0.179702580291884,0,0.0607858238095384,-0.056713959976871,0.0159938818792454,0.564263819095477,1,"S7","null",1000,70,0.352588811263852,91.441899954521,0,0,0,"quadratic",0.05,24,0
0.205954346326356,0.0505185077642659,1,1,0.036057958738873,NA,0.429842380149915,0,0.00138563117253173,NA,0.0375560189594639,0,0.00235373546180308,0.00344405586689694,0.00338272556113746,0.0637437185929648,0,"S7","null",1000,70,0.352588811263852,83.9117378985298,0,0,0,"quadratic",0.05,25,0
0.205368485749224,0.0268538575266779,0.999999999999997,1,-0.0119740731374804,NA,0.139459682641337,0,-0.000219303791810405,NA,0.0325336554773961,0,0.00372770256681927,0.194541373249829,0.00764993519814434,0.971625628140704,1,"S7","null",1000,70,0.352588811263852,66.3974364554638,0,0,0,"quadratic",0.05,26,0
0.204950289495974,0.038525185997481,0.999999999999952,1,0.0111055150160368,NA,0.142542038973797,0,-6.58406427244008e-05,NA,0.0324301763518437,0,0.0013700075499428,9.51982743148358e-06,0.00179799780852209,0.0409874371859296,0,"S7","null",1000,70,0.352588811263852,92.2283726246693,0,0,0,"quadratic",0.05,27,0
0.201116460432937,0.0396485676399873,1,1,-0.00951283643577304,NA,0.131104663596649,0,3.24992069565597e-06,NA,0.0324153482259236,0,-0.00157432201690139,0.00518163640764389,0.00315215319454774,0.0752236180904523,0,"S7","null",1000,70,0.352588811263852,89.0533446259048,0,0,0,"quadratic",0.05,28,0
0.183270181273775,0.0430314435955133,0.999999999999972,1,-0.0117973284595504,NA,0.163524852707743,0,-0.000724788780121014,NA,0.0344012795115806,0,-0.000904508720722729,0.00827071148244318,0.00406902568218383,0.0943015075376884,0,"S7","null",1000,70,0.352588811263852,96.1367748717077,0,0,0,"quadratic",0.05,29,0
0.187401331612246,0.0462084946757953,0.99999999999994,1,-0.0328448507356413,NA,0.37766054816249,0,-7.76419503441694e-05,NA,0.0324326291891613,0,-0.00054127663721556,0.000849922645635564,0.00163960691969172,0.0386482412060302,0,"S7","null",1000,70,0.352588811263852,69.3119509247051,0,0,0,"quadratic",0.05,30,0
0.161488475812733,0.0423539649380455,0.999999999435569,1,-0.0800901062287449,NA,0.787098916347938,0,-0.00238615499177208,NA,0.0438028771393853,0,-0.0142362355282828,-0.00179875251160668,0.00500205890570004,0.131422110552764,0,"S7","null",1000,70,0.352588811263852,69.8590303174143,0,0,0,"quadratic",0.05,31,0
0.179273050319802,0.0168519705795088,0.999999999984621,1,-0.058702720764138,NA,0.672287224836278,0,-0.00111524437551359,NA,0.0363457723979027,0,-0.00376958670321024,0.00223496798168556,0.00276689201737705,0.0642336683417085,0,"S7","null",1000,70,0.352588811263852,82.0450408112993,0,0,0,"quadratic",0.05,32,0
0.167178523019608,0.0169994523815502,0.999999999130281,1,-0.00996391772610317,NA,0.131165835090611,0,0.000405611625145759,NA,0.0329711173607095,0,-0.000572033077744038,-6.04190518431873e-06,0.0013160397977966,0.0363618090452261,0,"S7","null",1000,70,0.352588811263852,88.1108700644795,0,0,0,"quadratic",0.05,33,0
0.191020919146987,0.00790626163293151,0.999999999999877,1,0.0649413309584676,NA,0.711018047938168,0,0.00471500545801974,NA,0.0612945550796481,0,0.0310951517646931,-0.0128288912136872,0.0106301267762419,0.264437185929648,0,"S7","null",1000,70,0.352588811263852,81.4037276302201,0,0,0,"quadratic",0.05,34,0
0.215081273785228,0.037785720204515,1,1,0.073785198663944,NA,0.783044022511509,0,0.00399363695801232,NA,0.0568335835093261,0,0.00200328401391182,0.0037052475922397,0.00272745812848541,0.0678291457286432,0,"S7","null",1000,70,0.352588811263852,83.8614390575686,0,0,0,"quadratic",0.05,35,0
0.136019287511893,0.0370282783097136,0.999999675480315,1,-0.056173491111321,NA,0.671216158214485,0,-0.002848972071543,NA,0.0490145278535601,0,-0.00306596100603342,5.20471770684421e-05,0.00257231905851124,0.0518869346733668,0,"S7","null",1000,70,0.352588811263852,103.893204911322,0,0,0,"quadratic",0.05,36,0
0.193076156608927,0.0143625044882455,0.999999999997699,1,0.0528044108291258,NA,0.609124177718704,0,0.001286776280966,NA,0.0366708027754946,0,0.00433209303005317,-0.00424206281136299,0.00371382601716968,0.0799673366834171,0,"S7","null",1000,70,0.352588811263852,82.5746559460183,0,0,0,"quadratic",0.05,37,0
0.18045638750155,0.0429259342719248,0.999999999989244,1,-0.0730656841841749,NA,0.726547521557505,0,-0.00133702639170286,NA,0.0366976766788085,0,-0.00958270477896096,-0.010469539985403,0.00598950123467452,0.140434673366834,0,"S7","null",1000,70,0.352588811263852,82.0958306582792,0,0,0,"quadratic",0.05,38,0
0.190793944161471,0.0368003595577815,0.999999999999997,1,0.0331562450331716,NA,0.416262743710074,0,0.00400268158954775,NA,0.0574982513193276,0,0.0137585204323894,0.0398983720199143,0.0118722998806622,0.326095477386935,0,"S7","null",1000,70,0.352588811263852,78.9853228696447,0,0,0,"quadratic",0.05,39,0
0.202735921113617,0.0367391734557612,0.999999999999987,1,-0.0154677219374396,NA,0.181698912621498,0,-0.000279462567031701,NA,0.0326327361116758,0,-0.00787628163926433,0.00963061440775633,0.00654442250279793,0.118236180904523,0,"S7","null",1000,70,0.352588811263852,72.1692993313264,0,0,0,"quadratic",0.05,40,0
0.135035608925141,0.0420517902464027,0.999999996154478,1,-0.0332130026782864,NA,0.418274796467158,0,-0.00142624161790463,NA,0.0379682934610825,0,-0.0119467378200225,0.0247863828113128,0.00961259265618214,0.237233668341709,0,"S7","null",1000,70,0.352588811263852,79.2953050077259,0,0,0,"quadratic",0.05,41,0
0.177021863020625,0.0124625878297253,0.999999999938407,1,-0.0651858959507434,NA,0.697831948644945,0,-0.00442087524919824,NA,0.0558231173383389,0,-0.0119550181243102,0.00933143957178174,0.00791417320222558,0.143198492462312,0,"S7","null",1000,70,0.352588811263852,78.2930709372796,0,0,0,"quadratic",0.05,42,0
0.185118682143421,0.0354209652014048,0.999999999999653,1,0.0321432373583671,NA,0.42430531721311,0,0.000995989720185407,NA,0.0355873507058637,0,0.00299027952966192,0.00480135769397674,0.00312351983135217,0.0787412060301508,0,"S7","null",1000,70,0.352588811263852,91.7577013629152,0,0,0,"quadratic",0.05,43,0
0.186143518908138,0.0240437409653697,0.999999999999954,1,-0.022482772273295,NA,0.319382858880731,0,-0.000975760552332725,NA,0.0360054522919967,0,-0.00446561445174522,-0.00136329062205,0.00256489970336326,0.0662085427135678,0,"S7","null",1000,70,0.352588811263852,94.3634609242988,0,0,0,"quadratic",0.05,44,0
0.204955653623225,0.0244090267930135,1,1,0.0172954005692577,NA,0.233043716238171,0,0.00147388944824807,NA,0.0389564604533182,0,-0.000528487153440895,0.00324297791529174,0.00189424973285577,0.0597060301507538,0,"S7","null",1000,70,0.352588811263852,85.2114561196431,0,0,0,"quadratic",0.05,45,0
0.218352909658312,0.0206978022493486,0.999999999999997,1,-0.0192706836028574,NA,0.225715295410821,0,-2.95343667554948e-05,NA,0.0324178005519878,0,-0.00525382001084137,-0.00623789209978985,0.00425842700125152,0.0919522613065327,0,"S7","null",1000,70,0.352588811263852,68.5343963393432,0,0,0,"quadratic",0.05,46,0
0.193429066061138,0.0349710052755227,0.999999999999955,1,-0.0173841509585855,NA,0.202047863454968,0,5.16125925832038e-05,NA,0.0324226532444003,0,-0.0405160658835769,0.0348089594191297,0.0138291862413075,0.369281407035176,0,"S7","null",1000,70,0.352588811263852,70.5168654312032,0,0,0,"quadratic",0.05,47,0
0.153496435696876,0.0265980896202278,0.999999998549032,1,0.0169348429754374,NA,0.213248038382829,0,2.09345905773705e-05,NA,0.0324165281293904,0,0.00189697841689147,-0.00150553809231615,0.00238775720707258,0.047927135678392,0,"S7","null",1000,70,0.352588811263852,71.6049923563343,0,0,0,"quadratic",0.05,48,0
0.179861145169238,0.027164976981443,0.999999999998753,1,-0.0135367376812089,NA,0.181911407870683,0,-0.000990571945699461,NA,0.0356311700941669,0,-0.0044817206220123,0.00900219468950176,0.00522394637765247,0.110917085427136,0,"S7","null",1000,70,0.352588811263852,84.16232370469,0,0,0,"quadratic",0.05,49,0
0.170392733109882,0.00709019181060829,0.999999999901166,1,-0.0367988729921735,NA,0.45006440445377,0,-0.00062844038091424,NA,0.0336503765624755,0,-0.00317726938401952,-0.000223385798289802,0.00242719850268003,0.0532788944723618,0,"S7","null",1000,70,0.352588811263852,84.6992777725965,0,0,0,"quadratic",0.05,50,0
0.207919864337218,0.0405667979617355,0.999999999999999,1,0.00557020029479818,NA,0.0707342768206758,0,0.000592950998212147,NA,0.0334775430541492,0,6.49669589270839e-05,0.00161227375580895,0.00251934715519925,0.04578391959799,0,"S7","null",1000,70,0.352588811263852,77.0766523777144,0,0,0,"quadratic",0.05,51,0
0.186444558877593,0.0241867647363537,0.999999999993292,1,-0.0148198892548906,NA,0.190940736789455,0,-0.000891738798516354,NA,0.0345751726734016,0,0.000964881448235305,-0.000425839309266559,0.00196713646403302,0.0394748743718593,0,"S7","null",1000,70,0.352588811263852,88.6580378852481,0,0,0,"quadratic",0.05,52,0
0.163996993861223,0.00160948797872645,0.999999996590957,1,0.0278835819094313,NA,0.346634105684535,0,0.00104404786802318,NA,0.035580251602761,0,0.00060818508110992,0.00145558349756273,0.00201430333347579,0.041856783919598,0,"S7","null",1000,70,0.352588811263852,82.0447736664919,0,0,0,"quadratic",0.05,53,0
0.233939083941039,0.0296724063899064,1,1,0.0323692775133984,NA,0.374964398744015,0,0.00178718765792513,NA,0.0396566785908043,0,0.00306957045435632,0.0142503965984933,0.00618044007531283,0.153439698492462,0,"S7","null",1000,70,0.352588811263852,74.5532845522888,0,0,0,"quadratic",0.05,54,0
0.214387685899234,0.0355887280324897,0.999999999999998,1,0.0627380185986532,NA,0.690675459299786,0,0.00162577575431806,NA,0.0384892017899144,0,0.011109438961376,-0.00785427452008619,0.00525389287703945,0.133381909547739,0,"S7","null",1000,70,0.352588811263852,82.7827387797981,0,0,0,"quadratic",0.05,55,0
0.149698980430594,0.0409573283051461,0.999999996964233,1,-0.0108333763389371,NA,0.133489777597523,0,-3.66967807069765e-05,NA,0.0324197891710057,0,-0.000628389151040949,0.00133147047059264,0.0015475022300168,0.0379874371859296,0,"S7","null",1000,70,0.352588811263852,76.4100625314781,0,0,0,"quadratic",0.05,56,0
0.218325397734295,0.0610399688545888,1,1,0.0519373866590296,NA,0.641236665310781,0,0.00134442590716208,NA,0.0382354564068461,0,0.00876831759193694,-0.00598257962724553,0.00694945194008586,0.113404522613065,0,"S7","null",1000,70,0.352588811263852,102.20622077887,0,0,0,"quadratic",0.05,57,0
0.153708615577935,0.0310387242000013,0.999999996034543,1,-0.0352562856958717,NA,0.424179769316262,0,-0.000478875648998751,NA,0.0331522886027241,0,-0.00329682718596626,0.0029759126923251,0.00281032218581242,0.0634723618090452,0,"S7","null",1000,70,0.352588811263852,79.9498987637741,0,0,0,"quadratic",0.05,58,0
0.212064383998826,0.0215586226776998,1,1,0.0391939380046935,NA,0.481763284475799,0,0.00387568430347673,NA,0.054799398775991,0,0.02152006185502,0.0300888334635051,0.0105697634096323,0.288261306532663,0,"S7","null",1000,70,0.352588811263852,77.7544319985036,0,0,0,"quadratic",0.05,59,0
0.207299722225401,-0.000243637627529379,0.999999999999984,1,-0.0103118352415089,NA,0.130346012094094,0,-0.000778355673282659,NA,0.0340405429015629,0,-0.000891924268192521,-0.000770263155032217,0.0018489711149257,0.0404346733668342,0,"S7","null",1000,70,0.352588811263852,80.3412265988306,0,0,0,"quadratic",0.05,60,0
0.182919266772785,0.0663476038409014,1,1,-0.0297937080402038,NA,0.370744062356877,0,-0.00181728307900657,NA,0.0395231330251367,0,0.0014216855157681,0.00807771699685616,0.00444697304647008,0.0966733668341709,0,"S7","null",1000,70,0.352588811263852,81.0085998032331,0,0,0,"quadratic",0.05,61,0
0.215995682093491,0.0542157885967334,1,1,0.0395707530654031,NA,0.514360884204834,0,0.00202322666139307,NA,0.0436709721025298,0,0.0142372939304372,0.0235305424513151,0.0090609128689884,0.254085427135678,0,"S7","null",1000,70,0.352588811263852,105.348913487631,0,0,0,"quadratic",0.05,62,0
0.168855251859616,0.0733589757018151,0.999999999999998,1,0.0337715465605846,NA,0.441817086998098,0,0.00261855581318237,NA,0.0472063599963586,0,0.0239357571073017,0.0990661044661972,0.0205025204749132,0.680984924623116,1,"S7","null",1000,70,0.352588811263852,94.806406479609,0,0,0,"quadratic",0.05,63,0
0.193822186226093,0.0332681016515506,0.999999999999953,1,-0.0385781687371224,NA,0.465476084545455,0,-0.00113837508635637,NA,0.0359048945071481,0,-0.00179317225446332,0.00711202023098839,0.00465699500190971,0.101884422110553,0,"S7","null",1000,70,0.352588811263852,85.4957090978496,0,0,0,"quadratic",0.05,64,0
0.196065073410101,0.0265275497872456,0.999999999999817,1,0.0199280495458177,NA,0.263346268208192,0,0.000283377361570386,NA,0.0326902639587957,0,0.00230355184159083,-0.0108398010008036,0.00586842964883637,0.111695979899497,0,"S7","null",1000,70,0.352588811263852,90.5452767565708,0,0,0,"quadratic",0.05,65,0
0.192284462186174,0.0133896328420001,0.999999999999392,1,-0.0471975354973814,NA,0.571624600889182,0,-0.00417833972812383,NA,0.0563150911523082,0,-0.0187268228876945,0.0282374769811948,0.00952024009033312,0.276125628140704,0,"S7","null",1000,70,0.352588811263852,96.8260883678324,0,0,0,"quadratic",0.05,66,0
0.173874218177654,0.0531924278691895,0.99999999999838,1,-0.0654926303305148,NA,0.709526012400459,0,-0.00400075637771873,NA,0.0563145943881545,0,-0.0149103588440072,0.0348550613933852,0.00988528145316366,0.305424623115578,0,"S7","null",1000,70,0.352588811263852,81.0124613692221,0,0,0,"quadratic",0.05,67,0
0.17972032826202,0.0219223822769558,0.999999999968628,1,0.0196845887257406,NA,0.263470532076442,0,0.000682335648824785,NA,0.033980668601817,0,0.00359249215434464,0.00455189729849916,0.00421934207480199,0.0770150753768844,0,"S7","null",1000,70,0.352588811263852,91.3310428580158,0,0,0,"quadratic",0.05,68,0
0.190228293561129,0.0128937954594247,0.999999999999313,1,-0.0314091472036537,NA,0.370334537888814,0,-0.00166518345608113,NA,0.0378273311184254,0,-0.00295882936697581,0.00566239804965035,0.00302852751475421,0.0859070351758794,0,"S7","null",1000,70,0.352588811263852,69.8744278926505,0,0,0,"quadratic",0.05,69,0
0.201679014376508,0.0200617348010046,0.999999999999542,1,0.0717551795566651,NA,0.727147057901852,0,0.00404437787782063,NA,0.0537193495454861,0,0.0169918143669915,0.00761093837396687,0.00704905082494874,0.152603015075377,0,"S7","null",1000,70,0.352588811263852,74.5644789457553,0,0,0,"quadratic",0.05,70,0
0.161537463547893,0.0129889708659727,0.999999998095957,1,-0.0568115959563708,NA,0.67002515570371,0,-0.00450343913723939,NA,0.0616615745790699,0,-0.0303550297295122,0.0253051552583349,0.0129409341673848,0.296560301507538,0,"S7","null",1000,70,0.352588811263852,90.5075839078996,0,0,0,"quadratic",0.05,71,0
0.230442502773106,0.0330293769072821,1,1,0.055016789602127,NA,0.644670311139404,0,0.0017956789294074,NA,0.0397346047096825,0,0.00847809362079604,0.00126969098936041,0.00481367604412035,0.094427135678392,0,"S7","null",1000,70,0.352588811263852,86.2120949254586,0,0,0,"quadratic",0.05,72,0
0.149718794514916,0.0255124385443422,0.999999976774659,1,-0.055915556133156,NA,0.652179214104273,0,-0.00214506153260197,NA,0.0428424991358899,0,-0.0202739745904741,0.00973608137606447,0.00856049498250472,0.194615577889447,0,"S7","null",1000,70,0.352588811263852,87.4704466239261,0,0,0,"quadratic",0.05,73,0
0.23254976341964,0.0160660252231709,1,1,-0.0126132811617538,NA,0.156978208410288,0,0.000106990997304837,NA,0.0324494144097855,0,-0.000207431877985203,0.000320023438335964,0.00192922555176908,0.0375527638190955,0,"S7","null",1000,70,0.352588811263852,77.1735880947278,0,0,0,"quadratic",0.05,74,0
0.20123416640948,0.0268216653075415,0.999999999996803,1,-0.0285478527600038,NA,0.30203994230947,0,-0.000841780841428782,NA,0.0338715473856901,0,-0.00330041567786513,0.00225470210233975,0.00269904167677443,0.0559547738693467,0,"S7","null",1000,70,0.352588811263852,61.1768028603003,0,0,0,"quadratic",0.05,75,0
0.206171809110892,0.0471032425501117,1,1,-0.0226824581292285,NA,0.296094412102835,0,-0.00127679252059348,NA,0.0367474580536057,0,0.000294610450821687,0.00360348701552388,0.00318768156630004,0.0589547738693467,0,"S7","null",1000,70,0.352588811263852,84.2948287803419,0,0,0,"quadratic",0.05,76,0
0.186457727908831,0.00963167904380887,0.999999999979608,1,0.0407161074107875,NA,0.448605200322858,0,0.00184458497449128,NA,0.0391813326890626,0,0.00124627922226113,0.00249492268768977,0.0020702616667155,0.0485226130653266,0,"S7","null",1000,70,0.352588811263852,63.1643243484453,0,0,0,"quadratic",0.05,77,0
0.191943411651979,0.0406808244986571,0.999999999999994,1,0.0592592014946494,NA,0.728841516413678,0,0.00898388557065377,NA,0.10286792469509,0,0.0074425945341388,-0.000806242944941594,0.00369984914166309,0.0900854271356784,0,"S7","null",1000,70,0.352588811263852,122.009993501072,0,0,0,"quadratic",0.05,78,0
0.187198881550061,0.0143760634085412,0.999999999996969,1,0.000335785405676842,NA,0.00433577840582622,0,0.000263299933889193,NA,0.0326291980187091,0,0.00038180112806361,0.000686813930901211,0.00176306302580013,0.0370125628140704,0,"S7","null",1000,70,0.352588811263852,80.6048988776882,0,0,0,"quadratic",0.05,79,0
0.193013121745865,0.0251608636081979,0.999999999999569,1,0.0333108792771027,NA,0.414593067028653,0,0.00256464084602195,NA,0.0456934005370704,0,-0.000512094103617001,0.00344601271861649,0.00292347550170498,0.0633492462311558,0,"S7","null",1000,70,0.352588811263852,90.040745176259,0,0,0,"quadratic",0.05,80,0
0.173687858656676,0.0202754836295731,0.999999999832755,1,-0.0329309871819188,NA,0.401225497617039,0,-0.0021830377943058,NA,0.0418697357318816,0,-0.00308224292823585,0.000613698991841853,0.00252700489340028,0.0547110552763819,0,"S7","null",1000,70,0.352588811263852,80.9849182241073,0,0,0,"quadratic",0.05,81,0
0.165624652320194,0.025761230765864,0.999999999780565,1,-0.0345752085432732,NA,0.437151733431442,0,-0.00172363327493319,NA,0.0403886728923807,0,-0.0165493240228481,0.0211316534424342,0.0102089809041482,0.238082914572864,0,"S7","null",1000,70,0.352588811263852,88.2765832821806,0,0,0,"quadratic",0.05,82,0
0.195006208903586,0.0407601948408666,0.999999999999944,1,0.0339445305264633,NA,0.437387965719428,0,0.00212469371399264,NA,0.0431471513525307,0,0.00632183127605751,0.010668521713933,0.00664416622590721,0.12871608040201,0,"S7","null",1000,70,0.352588811263852,97.3008695923058,0,0,0,"quadratic",0.05,83,0
0.216984990997626,0.0321860329917533,1,1,0.131832793871691,NA,0.978937450716955,1,0.0371556599469297,NA,0.276034667745803,0,0.115561969214826,0.0463365655270336,0.0177348601125003,0.748545226130653,1,"S7","null",1000,70,0.352588811263852,90.9294530944557,0,0,0,"quadratic",0.05,84,0
0.213782712905799,0.0158749565556292,0.999999999999998,1,0.0891506685743741,NA,0.820441894730657,0,0.00725766495918352,NA,0.0765531966192207,0,0.00663383115927053,-0.00274599890889674,0.00321056130951199,0.0792085427135678,0,"S7","null",1000,70,0.352588811263852,77.5420526433343,0,0,0,"quadratic",0.05,85,0
0.202257887075972,0.0177152996726854,0.999999999999717,1,-0.0836421083415973,NA,0.840552879462188,0,-0.0083229529781234,NA,0.087649254994584,0,-0.0348405228595907,0.0156948192110872,0.0144187531430186,0.291223618090452,0,"S7","null",1000,70,0.352588811263852,91.0489418904823,0,0,0,"quadratic",0.05,86,0
0.200331614255575,0.0220931793054967,0.999999999999218,1,0.0454893633966371,NA,0.51383023230169,0,0.00116479062541271,NA,0.0359098308052758,0,0.00275698116398737,0.00503175199488788,0.00310929856354277,0.0722889447236181,0,"S7","null",1000,70,0.352588811263852,79.6745742152412,0,0,0,"quadratic",0.05,87,0
0.159007261504776,0.0320059574783307,0.999999999589358,1,-0.0474041637721154,NA,0.588236735901568,0,-0.00255966295930211,NA,0.0457536665357388,0,-0.0161361456226958,0.0182913813240242,0.00869216074848366,0.224143216080402,0,"S7","null",1000,70,0.352588811263852,98.230443952866,0,0,0,"quadratic",0.05,88,0
0.188709294210734,0.0416107711750563,0.99999999999997,1,0.0868183678349721,NA,0.839867681688087,0,0.00592582259877909,NA,0.0695990628211716,0,0.0217994307541403,0.00690660802998019,0.00807876799629977,0.190442211055276,0,"S7","null",1000,70,0.352588811263852,71.8121960944955,0,0,0,"quadratic",0.05,89,0
0.221186376686288,0.0320416282772131,1,1,0.0384448745051909,NA,0.482583102491113,0,0.000896611478742998,NA,0.0349249244694612,0,0.00518357837006355,-0.000920003530678575,0.00356402368554004,0.0709170854271357,0,"S7","null",1000,70,0.352588811263852,91.9892781259699,0,0,0,"quadratic",0.05,90,0
0.209801366987493,0.0243412572790674,0.999999999999965,1,0.0483958776762935,NA,0.547819310215849,0,0.0035183331575063,NA,0.0526620758805598,0,0.00746654303413386,0.0161060326056784,0.00629618044253269,0.167550251256281,0,"S7","null",1000,70,0.352588811263852,74.5394858449206,0,0,0,"quadratic",0.05,91,0
0.20449281353281,0.0524028237079095,0.999999999999998,1,0.0318529111527313,NA,0.389616109251228,0,0.000312498072320583,NA,0.0327227267608874,0,0.0192618010601512,0.0341605546618993,0.0121835610323501,0.312899497487437,0,"S7","null",1000,70,0.352588811263852,90.3586901262918,0,0,0,"quadratic",0.05,92,0
0.206994776237725,0.042903270937817,0.999999999999998,1,0.074787757078402,NA,0.803013256908988,0,0.00567388971513803,NA,0.0704325341189994,0,0.0141620235180362,0.021565302224192,0.010317836225929,0.248288944723618,0,"S7","null",1000,70,0.352588811263852,96.0446993803991,0,0,0,"quadratic",0.05,93,0
0.1511577477218,0.0622753819609526,0.999999999993041,1,-0.000183977269587727,NA,0.00263692602756049,0,-8.26340909227812e-05,NA,0.0324435534243361,0,-0.000602760374405323,0.00689812578946277,0.00473359826620421,0.0877236180904523,0,"S7","null",1000,70,0.352588811263852,98.2544350830509,0,0,0,"quadratic",0.05,94,0
0.203902483331116,0.0340700617286524,0.999999999999919,1,0.071725037980325,NA,0.750279878124145,0,0.00730709895506317,NA,0.0794048889438103,0,0.0125974705371654,0.0119393653889761,0.00709180047013786,0.15044472361809,0,"S7","null",1000,70,0.352588811263852,80.653985834364,0,0,0,"quadratic",0.05,95,0
0.185432076296549,0.0335013091830644,0.999999999997536,1,0.00492186087603663,NA,0.0609776902482086,0,-0.000332352487901342,NA,0.0327032938072793,0,0.00586458948196431,-0.128882582516322,0.0167329790410732,0.809778894472362,1,"S7","null",1000,70,0.352588811263852,75.5549456428116,0,0,0,"quadratic",0.05,96,0
0.213401215804918,0.0357240741248028,1,1,0.0214481650845872,NA,0.29404116505919,0,0.000706701222079538,NA,0.034043899397836,0,0.00178398137823269,0.00254600580910484,0.00329172652964085,0.0581231155778894,0,"S7","null",1000,70,0.352588811263852,93.303998345307,0,0,0,"quadratic",0.05,97,0
0.151853027644595,-0.00415045993311682,0.999999987093959,1,-0.0805591410873241,NA,0.81292236422041,0,-0.0041627699897636,NA,0.0570423089817048,0,-0.0286848277692907,0.0061076070891534,0.00989510564439017,0.231115577889447,0,"S7","null",1000,70,0.352588811263852,78.7172461232954,0,0,0,"quadratic",0.05,98,0
0.18907887657858,0.0140854804652168,0.999999999999776,1,0.00885600980323544,NA,0.116443221874716,0,-0.00042194121384997,NA,0.0330010767966099,0,0.00259380037756177,-0.00282443572663259,0.00256563322821907,0.060105527638191,0,"S7","null",1000,70,0.352588811263852,78.2069127247221,0,0,0,"quadratic",0.05,99,0
0.199288469963276,0.0255544821269886,0.999999999995134,1,0.0093785964975392,NA,0.109166967864224,0,0.00122471766954959,NA,0.0361719430618604,0,-0.000548475290774902,1.86322514769596e-05,0.00196790833457918,0.0416407035175879,0,"S7","null",1000,70,0.352588811263852,71.5131669101502,0,0,0,"quadratic",0.05,100,0
0.237321262472199,0.0804194647810413,1,1,0.059649520504214,NA,0.654155953592348,0,0.00469721272335121,NA,0.0604320613420049,0,0.0508480146264793,0.0484156029630813,0.0146374308227091,0.476507537688442,0,"S7","null",1000,70,0.352588811263852,84.0656081127583,0,0,0,"quadratic",0.1,1,0
0.202298116773017,0.0685376759202916,1,1,-0.0296348500370807,NA,0.363458388597135,0,3.88140697750846e-05,NA,0.0324201050984112,0,-0.0153966932509384,0.130193458380756,0.0159851289943912,0.842374371859297,1,"S7","null",1000,70,0.352588811263852,79.0414833906802,0,0,0,"quadratic",0.1,2,0
0.225888383560949,0.0543637938022528,1,1,0.0587761958830145,NA,0.664525844421155,0,0.00221823534507102,NA,0.0434343937107746,0,0.00808479430902869,0.00217948887835102,0.0049792434939992,0.0893140703517588,0,"S7","null",1000,70,0.352588811263852,89.3576780778616,0,0,0,"quadratic",0.1,3,0
0.184151847320817,0.0385801766823131,0.999999999998588,1,-0.0401147885507974,NA,0.477645526046127,0,-0.00145765520903794,NA,0.0377753776531379,0,-0.00371412372821163,0.0044973785556484,0.00464581620465256,0.07478391959799,0,"S7","null",1000,70,0.352588811263852,79.630054168638,0,0,0,"quadratic",0.1,4,0
0.203200995266622,0.0492653914594616,0.999999999999989,1,-0.0269434172576174,NA,0.332004266619491,0,-0.00120908857234361,NA,0.036411605217814,0,-0.00189287213539369,0.00270860163303686,0.00193671732263701,0.0517738693467337,0,"S7","null",1000,70,0.352588811263852,81.2420656985487,0,0,0,"quadratic",0.1,5,0
0.237381834862279,0.0475897977261259,1,1,0.0475193051788869,NA,0.546252446655438,0,0.00271125383384941,NA,0.046864651055554,0,0.0424412224411194,0.12214882238214,0.0138721227285046,0.764404522613065,1,"S7","null",1000,70,0.352588811263852,82.8950575490598,0,0,0,"quadratic",0.1,6,0
0.147372309119546,0.0481831004646636,0.999999999529872,1,-0.0248455458206325,NA,0.320388867568318,0,-0.000569508504799948,NA,0.0334695090584362,0,-0.000174810464204262,0.000566129852173072,0.00177070894028041,0.0382914572864322,0,"S7","null",1000,70,0.352588811263852,88.4115483194911,0,0,0,"quadratic",0.1,7,0
0.214521262033678,0.0260220417109292,0.999999999999999,1,0.134664197506272,NA,0.97699182135,1,0.00880478242110051,NA,0.0888291484310977,0,0.0762889810315379,-0.0605549946754364,0.0195208743538514,0.597409547738693,1,"S7","null",1000,70,0.352588811263852,92.7365843556629,0,0,0,"quadratic",0.1,8,0
0.164119700106896,0.0772575504634744,0.999999999999953,1,-0.0537543188826184,NA,0.584060377129643,0,-0.0010264833050003,NA,0.0352756080782744,0,-0.0164111108770602,0.121112989141196,0.0158655088221038,0.735185929648241,1,"S7","null",1000,70,0.352588811263852,76.2499873913996,0,0,0,"quadratic",0.1,9,0
0.140001004328057,0.0387071060928309,0.999999787470086,1,-0.0859199834045293,NA,0.800017405270208,0,-0.00107981179134631,NA,0.0357054889961835,0,-0.027392128188914,0.020747387816905,0.00755325215248525,0.26279648241206,0,"S7","null",1000,70,0.352588811263852,84.8436984065058,0,0,0,"quadratic",0.1,10,0
0.227462893973827,0.046615434761726,1,1,0.0283548714751214,NA,0.340376508800579,0,0.000813105583020245,NA,0.0341185042492852,0,0.0011544875260422,-0.00155775617117699,0.00200516779105528,0.0482964824120603,0,"S7","null",1000,70,0.352588811263852,79.5838732681159,0,0,0,"quadratic",0.1,11,0
0.162358858882036,0.0547691917556371,0.999999999979369,1,0.0298723513717746,NA,0.334913850592296,0,0.0011597860950067,NA,0.0355144369748551,0,-0.00275019248772791,0.0073401102486163,0.00382110518294108,0.0901859296482412,0,"S7","null",1000,70,0.352588811263852,69.4532302229366,0,0,0,"quadratic",0.1,12,0
0.159731402956162,0.0614254373620424,0.999999999994812,1,0.0176057141929479,NA,0.236537091197803,0,0.00175314756892566,NA,0.0410512098270962,0,0.000889279199166756,-0.00357015118132321,0.0027613462324085,0.0612010050251256,0,"S7","null",1000,70,0.352588811263852,84.3187331496776,0,0,0,"quadratic",0.1,13,0
0.208411040903451,0.0420614141261543,1,1,0.0128307629499327,NA,0.16510250976547,0,-0.000291327764353267,NA,0.032673497543426,0,0.00967524862397181,0.0810190654289203,0.0179690300716925,0.587982412060302,1,"S7","null",1000,70,0.352588811263852,87.2030998950659,0,0,0,"quadratic",0.1,14,0
0.198333905578321,0.0492579085411317,0.999999999999998,1,0.0117210962213329,NA,0.139888298886123,0,0.000929570998264924,NA,0.0346961162692089,0,-0.0028503145022836,0.0192193671445653,0.0071274560064619,0.168924623115578,0,"S7","null",1000,70,0.352588811263852,76.1027723111239,0,0,0,"quadratic",0.1,15,0
0.158054358772265,0.0225857175420273,0.999999996395707,1,-0.00475764368337761,NA,0.0602644681925855,0,-0.000485383971761419,NA,0.0331697899074977,0,-0.00438834534708283,0.0222127371874204,0.00756285522147227,0.186688442211055,0,"S7","null",1000,70,0.352588811263852,80.7271814623388,0,0,0,"quadratic",0.1,16,0
0.212257552005893,0.08344454151628,1,1,0.0626012920603919,NA,0.695715345252624,0,0.00408142265744086,NA,0.0569308315629436,0,0.0483042056877561,0.117405286864445,0.0207468016924925,0.801178391959799,1,"S7","null",1000,70,0.352588811263852,85.3033209483288,0,0,0,"quadratic",0.1,17,0
0.205319771785864,0.0828589187154764,1,1,-0.027854497795288,NA,0.274809004770215,0,-0.00153640862878545,NA,0.0360512095029769,0,-0.00858528273281388,0.00112252308612853,0.00282115131932289,0.0861180904522613,0,"S7","null",1000,70,0.352588811263852,54.7060321732995,0,0,0,"quadratic",0.1,18,0
0.218758033379923,0.0554194965531203,1,1,0.0680458090964555,NA,0.74871276556286,0,0.00396480369659445,NA,0.0569650080102349,0,0.0243754049293884,0.0182102908483404,0.00763407931934572,0.250379396984925,0,"S7","null",1000,70,0.352588811263852,85.1969305071554,0,0,0,"quadratic",0.1,19,0
0.197713841724159,0.0867746424816766,1,1,-0.0187092935539297,NA,0.250587241078227,0,-0.000547379380094544,NA,0.0333924504130064,0,-0.000920541570575896,0.00032520021472741,0.00194119783389765,0.0374070351758794,0,"S7","null",1000,70,0.352588811263852,94.46571719066,0,0,0,"quadratic",0.1,20,0
0.223249044946897,0.0440455138630163,1,1,0.12968823400162,NA,0.975147486439551,1,0.0254140562517838,NA,0.201260585075368,0,0.0410671406143186,0.00621261860376629,0.0113313755537509,0.309610552763819,0,"S7","null",1000,70,0.352588811263852,99.0797622961204,0,0,0,"quadratic",0.1,21,0
0.195119358597617,0.0717702511314297,1,1,0.0338201252549177,NA,0.426210937668758,0,0.00131705285229442,NA,0.0369662676420725,0,0.000756891089964634,0.00719739517635714,0.00466993747489875,0.0976683417085427,0,"S7","null",1000,70,0.352588811263852,83.6421751931607,0,0,0,"quadratic",0.1,22,0
0.111361955110359,0.0562903912158961,0.999999815688481,1,-0.0760117401221287,NA,0.7848943580018,0,-0.0064803718554987,NA,0.072784791965117,0,-0.0324004686254205,0.0186870078329228,0.0117905731830037,0.290321608040201,0,"S7","null",1000,70,0.352588811263852,72.1129871114388,0,0,0,"quadratic",0.1,23,0
0.199920478139734,0.0436861280513616,0.99999999999999,1,0.00675004063258228,NA,0.0866993481814029,0,-1.77975419966825e-05,NA,0.0324162906342677,0,-0.000814779738659718,0.0173755061282537,0.00642755526289994,0.164527638190955,0,"S7","null",1000,70,0.352588811263852,82.0087275799058,0,0,0,"quadratic",0.1,24,0
0.129370933265295,0.0590737858098876,0.999999996488709,1,-0.105347096350647,NA,0.899832312734792,0,-0.00264693460942547,NA,0.045836075921128,0,-0.0805418013222452,0.069744599325883,0.0167529111760143,0.678085427135678,1,"S7","null",1000,70,0.352588811263852,83.3455727299476,0,0,0,"quadratic",0.1,25,0
0.193603896213231,0.0451702810910719,0.999999999999923,1,0.000424057920696344,NA,0.00558175099887892,0,0.000946447328738476,NA,0.035162619556239,0,0.00115544606948577,-0.000666951129871332,0.00187499499199478,0.041143216080402,0,"S7","null",1000,70,0.352588811263852,93.0102807917382,0,0,0,"quadratic",0.1,26,0
0.186594814243571,0.0563130311266819,0.99999999999969,1,-0.0632200903461354,NA,0.651509758589734,0,-0.00192615695289748,NA,0.0403682682697646,0,-0.0195530992659801,0.0196725547168074,0.0103187246390615,0.213354271356784,0,"S7","null",1000,70,0.352588811263852,71.9733270335466,0,0,0,"quadratic",0.1,27,0
0.188640020249557,0.0850531315615327,1,1,0.0085393477195168,NA,0.104311074817597,0,-0.000299981383519775,NA,0.0326527983837669,0,0.00287152062229218,0.0118124889757034,0.00759953620197996,0.141248743718593,0,"S7","null",1000,70,0.352588811263852,82.6671589863625,0,0,0,"quadratic",0.1,28,0
0.193700756402897,0.034590146223741,0.999999999988755,1,0.0148465080822455,NA,0.193108947235296,0,0.000847754460832292,NA,0.0347221148155585,0,-0.00161063493688182,0.00593286794548728,0.0039962631123166,0.0819246231155779,0,"S7","null",1000,70,0.352588811263852,94.1115615753244,0,0,0,"quadratic",0.1,29,0
0.211734979184724,0.0394406666264571,1,1,-0.00785526534789761,NA,0.102170541673018,0,-0.000511850889500709,NA,0.0332425892674573,0,-0.00154030833637021,0.000534420328797946,0.00219463492168307,0.0430904522613065,0,"S7","null",1000,70,0.352588811263852,84.7501976813008,0,0,0,"quadratic",0.1,30,0
0.126752817840561,0.0572759399165558,0.999999944257551,1,-0.010575246133742,NA,0.148812564502292,0,2.3433690849899e-05,NA,0.0324174760080826,0,0.00111809311167647,0.0014472422757737,0.00192351355852669,0.0445175879396985,0,"S7","null",1000,70,0.352588811263852,101.869446156132,0,0,0,"quadratic",0.1,31,0
0.209726368927267,0.0456132866903761,1,1,0.0482917969290402,NA,0.52676649450075,0,0.00062557158612054,NA,0.0334156358205047,0,0.00902631062915572,0.00290759541400578,0.00480992269541213,0.0975829145728643,0,"S7","null",1000,70,0.352588811263852,69.4951555324743,0,0,0,"quadratic",0.1,32,0
0.181970295861479,0.0675989229669048,0.999999999999992,1,-0.0106674361555858,NA,0.139019789084375,0,-0.00129094759479541,NA,0.0367565072513093,0,-0.000743292506635344,0.00291638674215683,0.00255224395457386,0.0539723618090452,0,"S7","null",1000,70,0.352588811263852,90.1584346218641,0,0,0,"quadratic",0.1,33,0
0.217039334670257,0.0566202370593668,1,1,-0.00444397920855626,NA,0.0562340088837866,0,-0.000366780304471238,NA,0.032824524132312,0,-0.00174951137589509,-0.000866431485568824,0.0022573492142174,0.0459547738693467,0,"S7","null",1000,70,0.352588811263852,76.8665561665069,0,0,0,"quadratic",0.1,34,0
0.184423242006359,0.0954621413994757,1,1,-0.0533817184821402,NA,0.561103022357715,0,-0.000680244810079284,NA,0.0337323217542019,0,-0.0333419707352032,0.0713423849243591,0.0154655726012783,0.493241206030151,0,"S7","null",1000,70,0.352588811263852,75.3863403451098,0,0,0,"quadratic",0.1,35,0
0.20720788737227,0.0288998846660515,0.999999999999996,1,-0.0052570153509428,NA,0.0644785604674042,0,-0.00122837359022796,NA,0.0358820305543486,0,0.000532900869868791,0.0025056346193834,0.00252622852614614,0.0492562814070352,0,"S7","null",1000,70,0.352588811263852,73.2692830457123,0,0,0,"quadratic",0.1,36,0
0.212219623172531,0.0736911836211752,1,1,0.0465459273929383,NA,0.565715194837018,0,0.00133927603301616,NA,0.0376233610164582,0,0.00260368532227484,0.00198089743107542,0.00277621796176824,0.0539346733668342,0,"S7","null",1000,70,0.352588811263852,96.4714253734068,0,0,0,"quadratic",0.1,37,0
0.163110895910329,0.0399694408047651,0.999999999003371,1,-0.0474226403524442,NA,0.549445527991898,0,-0.00209454272913623,NA,0.0418662398254129,0,-0.00263330584970636,0.00119605467816771,0.00290117945957394,0.0549246231155779,0,"S7","null",1000,70,0.352588811263852,88.3212753215193,0,0,0,"quadratic",0.1,38,0
0.247577327112393,0.057771044488036,1,1,0.081604837815444,NA,0.79656285984519,0,0.00519961944663824,NA,0.062503006450589,0,0.0334562092701141,0.00852358310147812,0.0106216200815038,0.248306532663317,0,"S7","null",1000,70,0.352588811263852,87.7333547466637,0,0,0,"quadratic",0.1,39,0
0.202572208328136,0.08497164205067,1,1,0.0835883848147072,NA,0.851545190134677,0,0.005530870656356,NA,0.0690088737049372,0,0.0291561456192684,0.0240849466889807,0.0116513510269428,0.306829145728643,0,"S7","null",1000,70,0.352588811263852,91.9817465162127,0,0,0,"quadratic",0.1,40,0
0.173714914399574,0.0435328016195761,0.99999999996112,1,-0.011423458092159,NA,0.149179875628106,0,-0.000546329888117286,NA,0.0333788783332773,0,-0.0132583358927402,0.139405158557219,0.0161334628128075,0.800768844221106,1,"S7","null",1000,70,0.352588811263852,87.5344191923999,0,0,0,"quadratic",0.1,41,0
0.217373971890012,0.0484644680498098,1,1,0.0654521220367735,NA,0.721650332539617,0,0.00238535089229621,NA,0.0445623937755858,0,0.0108788112289645,0.0103433458095849,0.00788032179216653,0.13901256281407,0,"S7","null",1000,70,0.352588811263852,87.4505407543218,0,0,0,"quadratic",0.1,42,0
0.17778615720137,0.0488617364806003,0.999999999999825,1,0.00663824872861208,NA,0.088859773267609,0,-0.000842758798216771,NA,0.0345105477374916,0,0.000316605368325686,0.00445691588776129,0.00379225673576082,0.0711758793969849,0,"S7","null",1000,70,0.352588811263852,82.3379478245337,0,0,0,"quadratic",0.1,43,0
0.211008882856629,0.0899964216094619,1,1,-0.0190890622560205,NA,0.234008278969367,0,2.30931249422834e-05,NA,0.0324170486707715,0,0.00070208466732082,0.0196680299339822,0.00787279775883286,0.195449748743719,0,"S7","null",1000,70,0.352588811263852,89.4118963826922,0,0,0,"quadratic",0.1,44,0
0.21337646253341,0.0532409101181843,1,1,0.0228399390833043,NA,0.296375340049473,0,0.00232132619364102,NA,0.0445898883936878,0,0.00241329260061232,0.00412274833156016,0.00321699777559822,0.072143216080402,0,"S7","null",1000,70,0.352588811263852,87.5792788585276,0,0,0,"quadratic",0.1,45,0
0.218962185711037,0.08452639845992,1,1,-0.0159762167644807,NA,0.201722468167783,0,-0.000851121227332787,NA,0.0345954212365603,0,0.00339708257380668,0.018514780839784,0.0064931308105548,0.188645728643216,0,"S7","null",1000,70,0.352588811263852,95.4339301305928,0,0,0,"quadratic",0.1,46,0
0.198012574748343,0.0715722902495219,1,1,-0.00304344222200507,NA,0.0420469280540957,0,0.00025490196636545,NA,0.0326675180115361,0,-0.000537793546975552,-0.00461084013187136,0.00344240002925474,0.0684497487437186,0,"S7","null",1000,70,0.352588811263852,91.7305927788735,0,0,0,"quadratic",0.1,47,0
0.123260321739391,0.0699105172559814,0.999999995073773,1,-0.0815572658869301,NA,0.801484638677673,0,-0.00206191929726983,NA,0.0416578426225881,0,-0.0595217295277995,0.0785937542720175,0.0136967573721856,0.592718592964824,1,"S7","null",1000,70,0.352588811263852,84.4050732256755,0,0,0,"quadratic",0.1,48,0
0.189174220259967,0.0814522241549196,1,1,-0.00336515888955416,NA,0.0407688884132847,0,0.00156010256529578,NA,0.0386384002673119,0,-0.000287340656767288,0.00221119400544172,0.00198860144034452,0.0464497487437186,0,"S7","null",1000,70,0.352588811263852,69.6136916034485,0,0,0,"quadratic",0.1,49,0
0.171652755847324,0.0687631229541777,0.999999999999953,1,0.0569014038975942,NA,0.681797311251634,0,0.00467476973236346,NA,0.0639265306964294,0,0.0599251783653483,0.0661761177433355,0.0189421737442866,0.5873391959799,1,"S7","null",1000,70,0.352588811263852,101.053502057703,0,0,0,"quadratic",0.1,50,0
0.153529927028692,0.0543829629976214,0.999999999773918,1,-0.0691639521537207,NA,0.740015508992052,0,-0.000700464718143266,NA,0.0340495868917772,0,-0.00399268862039186,0.00662535445812559,0.00412053220686727,0.0979396984924623,0,"S7","null",1000,70,0.352588811263852,88.529255636688,0,0,0,"quadratic",0.1,51,0
0.220683133168762,0.0604300462403133,1,1,0.0519574081140674,NA,0.59763880037097,0,0.00322861059147144,NA,0.050822323281441,0,0.000426663471571607,0.00589345284117582,0.00464109920362944,0.0816331658291457,0,"S7","null",1000,70,0.352588811263852,78.7958427582551,0,0,0,"quadratic",0.1,52,0
0.183464945871312,0.0430388026781752,0.999999999999607,1,0.0573539002596925,NA,0.651651680352669,0,0.00136027577641893,NA,0.037320626445793,0,0.00834909016768503,0.00725990387772348,0.00422427248480927,0.11177135678392,0,"S7","null",1000,70,0.352588811263852,90.2331356748479,0,0,0,"quadratic",0.1,53,0
0.188656199208216,0.0869088644649112,1,1,-0.00320246814550119,NA,0.0426887254792996,0,0.00242137066609897,NA,0.0464047622229863,0,0.00673109662819931,0.0107980090416647,0.0058440239790332,0.132417085427136,0,"S7","null",1000,70,0.352588811263852,100.128930973461,0,0,0,"quadratic",0.1,54,0
0.194243577058226,0.0528502163183613,0.999999999999583,1,-0.0335118538896218,NA,0.393702166837393,0,-0.000975989914408265,NA,0.0347944329434017,0,-0.00467318518682729,0.00057314558878376,0.0026255778281193,0.0626381909547739,0,"S7","null",1000,70,0.352588811263852,78.1389101390203,0,0,0,"quadratic",0.1,55,0
0.202890978435695,0.0567916761914224,1,1,0.0903210260558097,NA,0.863748660071587,0,0.00411504214521964,NA,0.05760228167102,0,0.0265680035036112,0.0116465187110229,0.00918835848324363,0.229587939698492,0,"S7","null",1000,70,0.352588811263852,99.2635368641381,0,0,0,"quadratic",0.1,56,0
0.226546567527828,0.0951337610091023,1,1,0.0295397603478475,NA,0.33958504172878,0,0.000908217754092239,NA,0.0343854359448772,0,0.00221478466390263,0.0190620305113035,0.00793313970326624,0.184266331658291,0,"S7","null",1000,70,0.352588811263852,69.8385631611836,0,0,0,"quadratic",0.1,57,0
0.157115554376015,0.03345786426143,0.999999998208941,1,0.0143774608872001,NA,0.19229847554979,0,-9.6606912709061e-05,NA,0.0324469365359812,0,0.000169552393297817,-0.00480687651079614,0.00257982201095685,0.0663115577889447,0,"S7","null",1000,70,0.352588811263852,90.3920285253871,0,0,0,"quadratic",0.1,58,0
0.190970150238077,0.0473452597566297,0.999999999999769,1,-0.007994875810724,NA,0.102693780256262,0,5.32111866568426e-05,NA,0.0324246069144785,0,0.00424494311028878,0.00716232078633423,0.00455856792212747,0.100072864321608,0,"S7","null",1000,70,0.352588811263852,83.3613351893262,0,0,0,"quadratic",0.1,59,0
0.144867778796427,0.0788519150118073,0.999999999999329,1,-0.0296191063091913,NA,0.396376711497843,0,-0.000127885097188326,NA,0.0324824365552019,0,-0.0061288937260804,0.0100828450711122,0.00505602288813877,0.128263819095477,0,"S7","null",1000,70,0.352588811263852,105.448834218692,0,0,0,"quadratic",0.1,60,0
0.164725824505104,0.0488512109856308,0.999999999978045,1,0.0392923139479852,NA,0.494470603322469,0,0.00114377625046846,NA,0.0362676961483247,0,0.00787166492090856,0.00134466308854835,0.00382913838485073,0.0899673366834171,0,"S7","null",1000,70,0.352588811263852,91.5215427329248,0,0,0,"quadratic",0.1,61,0
0.189953266656341,0.0282396728031199,0.999999999994095,1,0.0183064071389531,NA,0.239101424865282,0,0.000519384595406402,NA,0.0333374312546331,0,0.00253631560372066,0.000817983652141974,0.00189909315472803,0.0487638190954774,0,"S7","null",1000,70,0.352588811263852,86.417442868923,0,0,0,"quadratic",0.1,62,0
0.22389510404483,0.0621871497482735,1,1,0.0176002136597996,NA,0.208169332413603,0,0.00130675487203212,NA,0.036719951597984,0,0.000131417503145905,-0.000634166121328845,0.00187076300050556,0.0383190954773869,0,"S7","null",1000,70,0.352588811263852,71.5852179566838,0,0,0,"quadratic",0.1,63,0
0.182781781144681,0.040458676091482,0.999999999998972,1,0.038401278608145,NA,0.482004537288824,0,0.0002444626905587,NA,0.0326051527555552,0,0.0032538541863253,0.00076509624528173,0.0020227441233543,0.0528793969849246,0,"S7","null",1000,70,0.352588811263852,86.0265183966784,0,0,0,"quadratic",0.1,64,0
0.207132666154999,0.052436521240063,1,1,0.0533174455076064,NA,0.661974372331029,0,0.0020332555014055,NA,0.0442228840390642,0,0.00728075222101151,0.00127473020117684,0.00390111721725658,0.0895577889447236,0,"S7","null",1000,70,0.352588811263852,102.662002583644,0,0,0,"quadratic",0.1,65,0
0.195374830444601,0.0599982152259541,1,1,-0.00159792967468467,NA,0.0194041887302192,0,0.000556630432323399,NA,0.0332694827791607,0,0.000190949601919067,0.000501705507208783,0.00195979403030071,0.038929648241206,0,"S7","null",1000,70,0.352588811263852,66.9343980590519,0,0,0,"quadratic",0.1,66,0
0.192920775667003,0.067559211662674,1,1,0.044409695732721,NA,0.561662733101888,0,0.00156356020492997,NA,0.0393634528265571,0,0.0185767602580047,0.02456486578649,0.0084995623636957,0.278314070351759,0,"S7","null",1000,70,0.352588811263852,97.2766851495017,0,0,0,"quadratic",0.1,67,0
0.231369506765549,0.0475656445689581,1,1,0.0864729148280332,NA,0.78512721938292,0,0.00427107039416789,NA,0.0533271688337432,0,0.0894374481623721,0.147457118113708,0.0146688764039355,0.866095477386935,1,"S7","null",1000,70,0.352588811263852,73.2392552657143,0,0,0,"quadratic",0.1,68,0
0.188255719800759,0.0740025533618604,0.999999999999998,1,0.0367038211660378,NA,0.461910042863813,0,0.00379480861220266,NA,0.056504518087153,0,0.0146871689330627,0.0122971919633554,0.00606632852826136,0.17729648241206,0,"S7","null",1000,70,0.352588811263852,102.692351475649,0,0,0,"quadratic",0.1,69,0
0.172186156956346,0.067258659692821,0.999999999999967,1,-0.00855807284386863,NA,0.104050903078255,0,0.000537384098377212,NA,0.0332203326506079,0,-0.00730132821056631,0.0111805104118257,0.00629610850579892,0.13372864321608,0,"S7","null",1000,70,0.352588811263852,73.1305149723555,0,0,0,"quadratic",0.1,70,0
0.229793660357669,0.0620017051737039,1,1,0.0544839110795428,NA,0.642907746337177,0,0.00234206122370939,NA,0.044999608339849,0,0.0201197601544928,0.0293183421013304,0.0101236343011957,0.29170351758794,0,"S7","null",1000,70,0.352588811263852,102.479020160449,0,0,0,"quadratic",0.1,71,0
0.211397145535562,0.0448017019195489,1,1,0.0102615646769228,NA,0.133502710182632,0,-0.000312376495735252,NA,0.0327105844032439,0,0.0338566858991724,0.209640730551946,0.00189236486127678,0.996,1,"S7","null",1000,70,0.352588811263852,92.2535901316156,0,0,0,"quadratic",0.1,72,0
0.149133203425943,0.0757044870111804,0.999999999997474,1,-0.0437740076918416,NA,0.549076180599737,0,-0.00243569755112615,NA,0.0467357669709794,0,-0.000822788706789556,0.0019248735225742,0.0021264948183607,0.0445251256281407,0,"S7","null",1000,70,0.352588811263852,105.828118911007,0,0,0,"quadratic",0.1,73,0
0.174244506482322,0.0761480901141777,0.999999999999999,1,0.0204966784156187,NA,0.279416410833063,0,-0.000354304492506671,NA,0.0328452321521539,0,0.00272556264731726,0.00315328679032831,0.00329862251853748,0.0635100502512563,0,"S7","null",1000,70,0.352588811263852,96.7211234689729,0,0,0,"quadratic",0.1,74,0
0.184371155636737,0.0780545592999279,1,1,-0.0524292987854011,NA,0.611595590278106,0,-0.00407952129271904,NA,0.0562524350578179,0,-0.00538152650197606,0.00753646788555288,0.00405296112843459,0.09721608040201,0,"S7","null",1000,70,0.352588811263852,92.414625166449,0,0,0,"quadratic",0.1,75,0
0.171747921938882,0.0381921823497533,0.999999999990779,1,-0.00902449332766416,NA,0.119810871659572,0,-0.000131025391538576,NA,0.032475588055942,0,-1.74136258195985e-05,0.00138036568600717,0.00176043932537823,0.0429547738693467,0,"S7","null",1000,70,0.352588811263852,88.7699923964302,0,0,0,"quadratic",0.1,76,0
0.181613140629513,0.0398572281010526,0.999999999997152,1,-0.0317882302924315,NA,0.376087177504889,0,-3.29910158459331e-05,NA,0.0324190822431725,0,-0.00190909306472867,-0.000599020259145288,0.0016633291245231,0.0475402010050251,0,"S7","null",1000,70,0.352588811263852,80.1556662443649,0,0,0,"quadratic",0.1,77,0
0.163099737101468,0.104508430110862,1,1,-0.0631843369471553,NA,0.699449481340491,0,-0.000657464937288126,NA,0.0338747620628299,0,-0.0649528040507091,0.166248214574892,0.010879219127401,0.933912060301508,1,"S7","null",1000,70,0.352588811263852,85.8875010759101,0,0,0,"quadratic",0.1,78,0
0.212214563893717,0.0296339913699453,0.999999999999997,1,0.0384262680697501,NA,0.458036984612342,0,0.00161010955931007,NA,0.0387469884258216,0,-0.000915411419660842,-0.0026072877869171,0.00185407872737666,0.0521281407035176,0,"S7","null",1000,70,0.352588811263852,93.1922735878632,0,0,0,"quadratic",0.1,79,0
0.160082705112848,0.0786347509176067,0.999999999999996,1,-0.0278124153825242,NA,0.339190127962848,0,-0.000305466332191321,NA,0.0327353166330978,0,-0.00193082213608897,0.0124727522839028,0.00595911455314636,0.136346733668342,0,"S7","null",1000,70,0.352588811263852,81.4048267139106,0,0,0,"quadratic",0.1,80,0
0.205621471809209,0.0315680022346975,0.999999999999996,1,-0.0854083286752528,NA,0.812355577673548,0,-0.0022715304964177,NA,0.0428666988121684,0,-0.0291133113452097,0.0222707746606092,0.00785018276472142,0.269422110552764,0,"S7","null",1000,70,0.352588811263852,78.5459471856207,0,0,0,"quadratic",0.1,81,0
0.206273416899899,0.0298661860324556,0.999999999999839,1,0.00794060392755924,NA,0.0889894528658304,0,0.000339867305874298,NA,0.0326778515312826,0,-0.000140882426115054,0.00211512223881182,0.00241735298502709,0.0480125628140704,0,"S7","null",1000,70,0.352588811263852,69.3479136469498,0,0,0,"quadratic",0.1,82,0
0.194383090021079,0.0449950687735802,0.999999999998938,1,-0.00119473176974993,NA,0.01490233608342,0,0.000187493468110083,NA,0.0325258748424332,0,-0.00135034909641058,0.0190075422566025,0.00751184773564252,0.177479899497487,0,"S7","null",1000,70,0.352588811263852,76.7080522392603,0,0,0,"quadratic",0.1,83,0
0.223946794602025,0.0720052645696565,1,1,0.0873670453877722,NA,0.858567993275913,0,0.008739108767811,NA,0.0910381922816309,0,0.00932905485124253,0.00337434246485859,0.00429352244014833,0.113125628140704,0,"S7","null",1000,70,0.352588811263852,94.2570191580128,0,0,0,"quadratic",0.1,84,0
0.160673346867671,0.0607673506145623,0.999999999992393,1,-0.0617970738930532,NA,0.654594443461669,0,-0.00323245382544388,NA,0.0488897044112785,0,-0.00328042944561503,0.00427472914388396,0.00255545508539254,0.069821608040201,0,"S7","null",1000,70,0.352588811263852,75.1364454484696,0,0,0,"quadratic",0.1,85,0
0.191107270986101,0.0487625856262486,0.999999999999954,1,0.022168940301608,NA,0.28412741932483,0,0.000337795726830676,NA,0.0327851197227269,0,0.00145090355590568,0.013717035461563,0.00796170777000316,0.159017587939699,0,"S7","null",1000,70,0.352588811263852,94.5238282873864,0,0,0,"quadratic",0.1,86,0
0.177090195384599,0.0689753614433865,0.999999999999985,1,-0.0430227274238386,NA,0.492925815022116,0,-0.000418858256321861,NA,0.0330023199023859,0,-0.000361387638461138,-0.000359637194122995,0.00167532925931066,0.0379597989949749,0,"S7","null",1000,70,0.352588811263852,81.196162199205,0,0,0,"quadratic",0.1,87,0
0.193781870911959,0.0811060284909336,1,1,-0.0290819624949878,NA,0.350338026563798,0,0.000365457565719555,NA,0.0328364501517118,0,0.00437652444157976,0.0584236133985527,0.0145075258681112,0.399914572864322,0,"S7","null",1000,70,0.352588811263852,84.3912115667693,0,0,0,"quadratic",0.1,88,0
0.167936772582364,0.0604415930838995,0.999999999999935,1,0.0353428206019738,NA,0.457903414306851,0,0.00137180953262199,NA,0.037813388104963,0,0.0102051150210571,0.0117268450728778,0.00588885664222818,0.151949748743719,0,"S7","null",1000,70,0.352588811263852,91.5397803344323,0,0,0,"quadratic",0.1,89,0
0.162696139588588,0.0677245397724859,0.999999999999845,1,-0.068428743207685,NA,0.73216498481224,0,-0.0027592250033924,NA,0.0472191361901717,0,-0.0256407826300359,0.0415502000745726,0.0140723376448694,0.367731155778894,0,"S7","null",1000,70,0.352588811263852,88.6153973640481,0,0,0,"quadratic",0.1,90,0
0.166089520690315,0.0566963472401374,0.999999999993465,1,-0.0285594778540633,NA,0.320061666201997,0,-0.00115590672728611,NA,0.0351989650801907,0,-0.000853247330985743,0.00324417218797581,0.00287504884851791,0.0597788944723618,0,"S7","null",1000,70,0.352588811263852,64.8771628558723,0,0,0,"quadratic",0.1,91,0
0.109728005218144,0.0452831468698277,0.999998974398253,1,-0.126523307537899,NA,0.954322833845512,1,-0.0143754860008446,NA,0.128184856411627,0,-0.13023039318376,0.0889173748423837,0.0142398867133391,0.819768844221106,1,"S7","null",1000,70,0.352588811263852,77.2711229245864,0,0,0,"quadratic",0.1,92,0
0.123246878184428,0.0652111420781921,0.999999990636153,1,-0.136065800788658,NA,0.977854331263596,1,-0.0168036980117531,NA,0.143022331012453,0,-0.0907992520110001,0.0257117695543407,0.0184166401389975,0.587881909547739,1,"S7","null",1000,70,0.352588811263852,90.9281829213486,0,0,0,"quadratic",0.1,93,0
0.25320637097419,0.0538954260301705,1,1,0.0578935306786324,NA,0.625110835872147,0,0.00297329815366412,NA,0.0467639157593871,0,0.0204391397236051,0.0523222386625691,0.0146329482840764,0.415178391959799,0,"S7","null",1000,70,0.352588811263852,70.5819450784572,0,0,0,"quadratic",0.1,94,0
0.183135182754652,0.0630825328557386,0.999999999999884,1,-0.0171618027976491,NA,0.228169463635693,0,-0.000412547567897031,NA,0.0330713951612461,0,-0.000144049573935928,0.000276555012458474,0.00139720584269005,0.0347010050251256,0,"S7","null",1000,70,0.352588811263852,96.5801398486972,0,0,0,"quadratic",0.1,95,0
0.231720208165652,0.0502459191124293,1,1,-0.0101230277333298,NA,0.134359199474955,0,-0.000684765524123852,NA,0.0339343455250096,0,-0.00104823681567344,0.00296422599037976,0.00273045591310496,0.0593291457286432,0,"S7","null",1000,70,0.352588811263852,89.1115857889109,0,0,0,"quadratic",0.1,96,0
0.169296132848116,0.0972498717891774,1,1,-0.0161267935153741,NA,0.218897352438947,0,-0.00060714630828699,NA,0.0337553939114592,0,0.0042931743446714,0.0303963907000427,0.0128538340812755,0.28121608040201,0,"S7","null",1000,70,0.352588811263852,102.273961752732,0,0,0,"quadratic",0.1,97,0
0.237795367398404,0.0540161724376469,1,1,-0.0149866225865732,NA,0.153565247415199,0,-0.00104998219227901,NA,0.0343366077288249,0,-0.00748533107109545,-0.00760687846440227,0.00416212632475324,0.109304020100503,0,"S7","null",1000,70,0.352588811263852,61.9353105990723,0,0,0,"quadratic",0.1,98,0
0.187911115742413,0.0511047938220858,0.999999999999804,1,0.102631190369237,NA,0.912731517596455,0,0.00704656549302987,NA,0.077525551057742,0,0.0701845580858327,0.0074230442197441,0.01363100373544,0.46513567839196,0,"S7","null",1000,70,0.352588811263852,97.9633423193757,0,0,0,"quadratic",0.1,99,0
0.226884746930936,0.0501512863204363,1,1,0.100407860655072,NA,0.913735826254434,0,0.00546659564198036,NA,0.0681878418142598,0,0.0154749642745447,0.00492661473905571,0.00529036641269558,0.145246231155779,0,"S7","null",1000,70,0.352588811263852,88.1125826194351,0,0,0,"quadratic",0.1,100,0
0.13390975682304,0.116670065536629,0.999999999999991,1,-0.0839429930779466,NA,0.803996324397803,0,-0.00963724169821576,NA,0.0895439628847673,0,-0.006798157893912,-0.000620519072786426,0.00305801752128995,0.0756130653266332,0,"S7","null",1000,70,0.352588811263852,81.9503686918597,0,0,0,"quadratic",0.2,1,0
0.138222660485813,0.119734124165808,1,1,0.0392255261536993,NA,0.477445465364316,0,0.00497253382112604,NA,0.0657102787426978,0,0.00240573395323222,0.0612381821826743,0.0156901587152903,0.421030150753769,0,"S7","null",1000,70,0.352588811263852,101.707965453087,0,0,0,"quadratic",0.2,2,0
0.257751526550315,0.0897778672591727,1,1,0.0548955271989754,NA,0.54492455313734,0,0.000777085561802407,NA,0.0335474016606599,0,0.00570864968551556,0.033556585783102,0.0111146289382989,0.251615577889447,0,"S7","null",1000,70,0.352588811263852,70.3132389908327,0,0,0,"quadratic",0.2,3,0
0.194599935881419,0.118761701804326,1,1,0.0188672500846779,NA,0.239484000003437,0,0.000460192451285042,NA,0.0331041303168253,0,0.0438463611399131,0.0903508847379455,0.0178855464553315,0.712128140703518,1,"S7","null",1000,70,0.352588811263852,90.5683326153088,0,0,0,"quadratic",0.2,4,0
0.159493745184733,0.120837812054143,1,1,-0.0174500963612616,NA,0.201527471065703,0,-0.00150104760429985,NA,0.037324258629459,0,0.00111683320631922,0.0180905922610965,0.00750168945996152,0.167128140703518,0,"S7","null",1000,70,0.352588811263852,76.9302468016286,0,0,0,"quadratic",0.2,5,0
0.137677892385136,0.124512898912296,0.999999999999999,1,-0.0752539859172037,NA,0.748046797373217,0,-0.00324732105192088,NA,0.0496391615175262,0,-0.0179514523894657,0.00541518141538864,0.00670058138171574,0.152768844221106,0,"S7","null",1000,70,0.352588811263852,81.650761904778,0,0,0,"quadratic",0.2,6,0
0.212650668783286,0.0992042698673307,1,1,0.0894121907884483,NA,0.814355881489454,0,0.0125875678872555,NA,0.112189462816405,0,0.0270793406261971,0.0277372948315159,0.0129143556270265,0.31141959798995,0,"S7","null",1000,70,0.352588811263852,79.7739456511689,0,0,0,"quadratic",0.2,7,0
0.192126908273643,0.113675858374447,1,1,0.00327818385755468,NA,0.0375032621468364,0,0.00195470894595074,NA,0.0403246552216276,0,-0.0405071063443474,0.188953705052014,0.00394252049720986,0.987841708542714,1,"S7","null",1000,70,0.352588811263852,83.2372837467173,0,0,0,"quadratic",0.2,8,0
0.188665716456043,0.0957206717922383,0.999999999999999,1,-0.0339736686783593,NA,0.369386453284164,0,-0.00214916225115667,NA,0.0403806802118066,0,-0.0102317957486425,0.00918383837901663,0.00430896048064058,0.128678391959799,0,"S7","null",1000,70,0.352588811263852,75.8867734643435,0,0,0,"quadratic",0.2,9,0
0.20308082499748,0.142337765545001,1,1,0.0130619520124322,NA,0.139700642767401,0,-0.00108946337164179,NA,0.0346826357995552,0,0.00260207332864807,0.0128402687997314,0.00510679367923292,0.1073391959799,0,"S7","null",1000,70,0.352588811263852,63.2818165436042,0,0,0,"quadratic",0.2,10,0
0.199632249395346,0.112916109058805,1,1,0.0256350020575142,NA,0.296612265164242,0,0.00101385638312099,NA,0.0351415755107896,0,0.0023156114769777,0.00287590932295669,0.0026152430356346,0.0543366834170854,0,"S7","null",1000,70,0.352588811263852,85.498739309901,0,0,0,"quadratic",0.2,11,0
0.200058740408034,0.149458753023175,1,1,-0.00212111094942775,NA,0.0258954361943706,0,-0.000735961208252672,NA,0.0340203791393578,0,0.000164569645603042,0.0161029822877186,0.00803744447557603,0.154414572864322,0,"S7","null",1000,70,0.352588811263852,89.2322048780624,0,0,0,"quadratic",0.2,12,0
0.231913610298098,0.109507489700607,1,1,0.0322732143392288,NA,0.385067485377401,0,0.00139392299548208,NA,0.0373332978976721,0,0.026816187367009,0.0303431629807578,0.0110722773464738,0.294449748743719,0,"S7","null",1000,70,0.352588811263852,88.3237014972609,0,0,0,"quadratic",0.2,13,0
0.122924264264992,0.129878079537012,1,1,-0.025771824507961,NA,0.324719344058009,0,-0.000994825398791376,NA,0.0355508867989319,0,-0.00112732403778797,0.00679792215002972,0.00443749493737334,0.0884221105527638,0,"S7","null",1000,70,0.352588811263852,91.3968222018055,0,0,0,"quadratic",0.2,14,0
0.163504628846151,0.100361624627468,0.999999999999995,1,-0.100255818445852,NA,0.871277173852718,0,-0.0039206647039272,NA,0.053970488299946,0,-0.118729999966116,0.17061699833181,0.00364220608273608,0.993236180904523,1,"S7","null",1000,70,0.352588811263852,81.5591791446967,0,0,0,"quadratic",0.2,15,0
0.229228691355843,0.122852835911145,1,1,0.0451750559552897,NA,0.506323274495288,0,0.00173178871371504,NA,0.0393749325842577,0,0.0183545057583655,0.257546905635063,0.00325835007754142,0.993208542713568,1,"S7","null",1000,70,0.352588811263852,92.1523091310667,0,0,0,"quadratic",0.2,16,0
0.131700712985148,0.109439828167965,0.999999999999103,1,-0.0496420979861236,NA,0.492582251053405,0,-0.000386454751896279,NA,0.0327729624247025,0,-0.00140518619067734,0.00187087511686416,0.00237744416311334,0.0475527638190955,0,"S7","null",1000,70,0.352588811263852,65.452807514489,0,0,0,"quadratic",0.2,17,0
0.138475518193689,0.0473374826242731,0.999999101293027,1,-0.122814276344687,NA,0.932339495527711,0,-0.0109831637370653,NA,0.0978963295201218,0,-0.0519869999202902,0.0426118602569755,0.014469261457834,0.417268844221106,0,"S7","null",1000,70,0.352588811263852,75.2434266055727,0,0,0,"quadratic",0.2,18,0
0.189773242091421,0.116710663885082,1,1,-0.107377936792635,NA,0.870524445312001,0,-0.0022366833225324,NA,0.0421305559104063,0,-0.0932214080656481,0.168234431955083,0.0125983970845346,0.90487688442211,1,"S7","null",1000,70,0.352588811263852,71.3965147809727,0,0,0,"quadratic",0.2,19,0
0.174670073233737,0.139392854362472,1,1,0.0535703340631557,NA,0.603894103829999,0,0.00304384524950343,NA,0.0489302324378854,0,0.0490557900197478,0.0814523389441515,0.0161420193089161,0.604010050251256,1,"S7","null",1000,70,0.352588811263852,96.5471501004503,0,0,0,"quadratic",0.2,20,0
0.143319189832203,0.15522274709111,1,1,-0.020803942586589,NA,0.245942542226653,0,-0.000118371878209827,NA,0.0324591927911968,0,-0.00182423674622841,0.0174792598332007,0.00719447243954874,0.155814070351759,0,"S7","null",1000,70,0.352588811263852,88.428803018232,0,0,0,"quadratic",0.2,21,0
0.200141389974915,0.162870784174186,1,1,0.0874646033534627,NA,0.796844598374804,0,0.0035106586470504,NA,0.0496390010984435,0,0.0729682075127526,0.0489908856329419,0.0183896122054065,0.54578391959799,1,"S7","null",1000,70,0.352588811263852,89.5902776108963,0,0,0,"quadratic",0.2,22,0
0.182270512810906,0.144613886876063,1,1,-0.0835225218584049,NA,0.803554458054776,0,-0.0061775856971991,NA,0.0700867904796566,0,-0.0191385869755566,0.0273981673708606,0.0110334849161821,0.258821608040201,0,"S7","null",1000,70,0.352588811263852,85.8091295984644,0,0,0,"quadratic",0.2,23,0
0.245582887396486,0.114267197046652,1,1,0.0453381259407242,NA,0.492596612824357,0,0.00172394539988439,NA,0.0389517706320742,0,0.0371741052319199,0.15572041194604,0.0191148211600289,0.851603015075377,1,"S7","null",1000,70,0.352588811263852,77.0215760296384,0,0,0,"quadratic",0.2,24,0
0.142551189345264,0.123142215895826,1,1,-0.0581381248781575,NA,0.610310937753978,0,-0.0046269243176066,NA,0.0578715703245027,0,-0.00585064699290352,-0.00235364006773627,0.00250273293324885,0.0728517587939699,0,"S7","null",1000,70,0.352588811263852,79.1968693752754,0,0,0,"quadratic",0.2,25,0
0.166543671235652,0.089858864487758,0.999999999999403,1,0.0112814700505787,NA,0.13244591876081,0,0.000218573400482753,NA,0.0325620893575861,0,0.000543036702839806,0.00714119525347862,0.00403825621103617,0.0792236180904523,0,"S7","null",1000,70,0.352588811263852,80.2274856968887,0,0,0,"quadratic",0.2,26,0
0.207053941866422,0.0899047282503894,1,1,-0.0141999087185397,NA,0.178658953145083,0,0.000539375753343485,NA,0.0333995446363895,0,-0.00109919623781384,0.00152172416358263,0.00196384198773593,0.0421030150753769,0,"S7","null",1000,70,0.352588811263852,97.5602032063514,0,0,0,"quadratic",0.2,27,0
0.204782519729803,0.0990705676758555,1,1,0.000796854727942652,NA,0.00957032213454378,0,-0.000224689017327743,NA,0.0325645773100706,0,0.00112350864531221,0.00755908202816408,0.00490538704397731,0.0888391959798995,0,"S7","null",1000,70,0.352588811263852,84.4981124970955,0,0,0,"quadratic",0.2,28,0
0.204955257930064,0.112400059180628,1,1,-0.00185870985489469,NA,0.0229170452938146,0,5.63542509095315e-05,NA,0.0324253280694709,0,0.000614372158896103,0.00399252011037957,0.00278127087522291,0.0597437185929648,0,"S7","null",1000,70,0.352588811263852,94.6892359502759,0,0,0,"quadratic",0.2,29,0
0.203648986258437,0.0889661568718631,1,1,0.113668277052791,NA,0.923374826966334,0,0.00719868296304638,NA,0.0765047951969667,0,0.105281463877942,0.109940631530935,0.0195383095655145,0.827934673366834,1,"S7","null",1000,70,0.352588811263852,92.786263978741,0,0,0,"quadratic",0.2,30,0
0.177219659761412,0.10257008887725,1,1,0.0164438789355966,NA,0.188286095477417,0,0.000927187500577254,NA,0.0344701953005779,0,0.0586312737801898,0.213532651262776,0.00758862335603606,0.95585175879397,1,"S7","null",1000,70,0.352588811263852,76.140521058972,0,0,0,"quadratic",0.2,31,0
0.204004833849598,0.110250859880398,1,1,0.105691744912791,NA,0.872735845303506,0,0.0109622581770647,NA,0.100138392390946,0,0.0154802490934719,0.00709409424735767,0.0063329033452475,0.147834170854271,0,"S7","null",1000,70,0.352588811263852,77.083485838946,0,0,0,"quadratic",0.2,32,0
0.125899999167013,0.10093715291115,0.999999999999358,1,-0.164407241419826,NA,0.983535047682073,1,-0.0120724793788947,NA,0.104588614335032,0,-0.144980177269785,0.103462077556731,0.0124810684698664,0.89535175879397,1,"S7","null",1000,70,0.352588811263852,80.7834398198394,0,0,0,"quadratic",0.2,33,0
0.258718325197056,0.117203481118788,1,1,0.091410945013271,NA,0.824376973157273,0,0.00706059576881181,NA,0.0744400684655961,0,0.00523079031216246,0.00628357409465181,0.00325397233207901,0.0861155778894472,0,"S7","null",1000,70,0.352588811263852,87.1791096964619,0,0,0,"quadratic",0.2,34,0
0.182097034189261,0.111878267645879,1,1,0.0068010015036809,NA,0.0822220721213038,0,-0.000281066430091987,NA,0.0326411243689613,0,0.00871801732038871,0.155571316915925,0.0172941618679734,0.833871859296482,1,"S7","null",1000,70,0.352588811263852,84.1448273250295,0,0,0,"quadratic",0.2,35,0
0.21671369964685,0.139015972220795,1,1,0.00480280991577194,NA,0.0508432627125495,0,5.33943187179064e-05,NA,0.0324213163197585,0,0.00333798964437467,0.0212620698040378,0.00965868059836994,0.185753768844221,0,"S7","null",1000,70,0.352588811263852,66.765005102656,0,0,0,"quadratic",0.2,36,0
0.22121022466986,0.114667135772705,1,1,0.00600773908194625,NA,0.0680469611839106,0,0.00126653527236215,NA,0.0363229186380198,0,0.001381126435139,0.0162014767079185,0.00672639194730326,0.148020100502513,0,"S7","null",1000,70,0.352588811263852,67.6710064447551,0,0,0,"quadratic",0.2,37,0
0.158472599061748,0.129086932981475,1,1,0.0181500649119377,NA,0.209312770441611,0,-0.000155910761155995,NA,0.0324801399961816,0,0.00168759768662455,0.0331162306226998,0.010364158322812,0.248937185929648,0,"S7","null",1000,70,0.352588811263852,86.8116022540367,0,0,0,"quadratic",0.2,38,0
0.214706664261265,0.0981221882816462,1,1,0.0370924213652973,NA,0.451158771990612,0,0.000321540388523073,NA,0.0327507578425031,0,0.00732558095612005,0.0198594070910326,0.00629142168406496,0.185902010050251,0,"S7","null",1000,70,0.352588811263852,100.450638355815,0,0,0,"quadratic",0.2,39,0
0.209038715058454,0.113841018525486,1,1,0.087775799793016,NA,0.776306884939496,0,0.00421196713119213,NA,0.0527326912493259,0,0.107711805373333,0.162174007394756,0.0100409320135735,0.940844221105528,1,"S7","null",1000,70,0.352588811263852,74.6666719183808,0,0,0,"quadratic",0.2,40,0
0.149132490691281,0.124805160595476,1,1,-0.068107906642974,NA,0.686635336156204,0,-0.00480518101740792,NA,0.0584074978453846,0,-0.00917304124304394,0.00635012406827086,0.00468702855128995,0.105550251256281,0,"S7","null",1000,70,0.352588811263852,79.6058841942763,0,0,0,"quadratic",0.2,41,0
0.150583301146858,0.154879340755174,1,1,-0.00160184116444097,NA,0.0189379081395128,0,-0.00119684359477092,NA,0.035594582247655,0,0.0758894231682441,0.269385333838004,0.00157039121635541,0.998429648241206,1,"S7","null",1000,70,0.352588811263852,87.0535160349085,0,0,0,"quadratic",0.2,42,0
0.187597710463672,0.107941474097129,0.999999999999999,1,0.0488143191646102,NA,0.523721836701089,0,0.00296982492728309,NA,0.0471138548286091,0,0.00343270483369636,0.00159490133113645,0.0026872712213638,0.0617638190954774,0,"S7","null",1000,70,0.352588811263852,81.4973654784175,0,0,0,"quadratic",0.2,43,0
0.182734294242788,0.170215354850915,1,1,-0.00336826542135245,NA,0.0363017253544005,0,0.00112427143910338,NA,0.0351980485192923,0,-0.0182487587243305,0.143958892151826,0.015877998050819,0.795603015075377,1,"S7","null",1000,70,0.352588811263852,73.5220804754609,0,0,0,"quadratic",0.2,44,0
0.225100006236548,0.0877275039518177,1,1,0.106600672064116,NA,0.894670628861238,0,0.00571862411820688,NA,0.0656364992373336,0,0.0157902260052748,0.00528867701166426,0.0048962090118776,0.144768844221106,0,"S7","null",1000,70,0.352588811263852,94.1146501677763,0,0,0,"quadratic",0.2,45,0
0.171946497205875,0.121662131004421,1,1,-0.00298509300905274,NA,0.0360928436308627,0,-0.00113265170404489,NA,0.0354526326401798,0,-0.00459532029938016,0.0211577692163611,0.0109933331218575,0.197105527638191,0,"S7","null",1000,70,0.352588811263852,93.2610629624822,0,0,0,"quadratic",0.2,46,0
0.201035098335057,0.105436266263634,1,1,0.0374388890888592,NA,0.410029162504815,0,0.000755055045368813,NA,0.0337601526290894,0,-0.0048556162785134,0.135378696820156,0.0138006411746258,0.764060301507538,1,"S7","null",1000,70,0.352588811263852,81.3205962239262,0,0,0,"quadratic",0.2,47,0
0.195309449063011,0.0956486275957133,1,1,0.00691356672194252,NA,0.0828492952213438,0,-0.000919314196765476,NA,0.0345796776575054,0,-0.00102100119923266,0.0153643195152781,0.00616341837600577,0.148070351758794,0,"S7","null",1000,70,0.352588811263852,80.8272073621934,0,0,0,"quadratic",0.2,48,0
0.223763058557668,0.101141457156554,1,1,0.0517214348775625,NA,0.528757026184663,0,0.00359963671316683,NA,0.0491538336729501,0,0.0637314386980293,0.132009593556716,0.0132710739036505,0.843489949748744,1,"S7","null",1000,70,0.352588811263852,65.8792052845742,0,0,0,"quadratic",0.2,49,0
0.219899219814654,0.140744368273306,1,1,0.0410121577492294,NA,0.446276343136986,0,0.00190840609557946,NA,0.0405274838386496,0,0.00438646763547736,0.0279779779204082,0.00756614179720795,0.207592964824121,0,"S7","null",1000,70,0.352588811263852,75.6024863001885,0,0,0,"quadratic",0.2,50,0
0.122116508800648,0.11722291239172,0.999999999999972,1,-0.0104431183599034,NA,0.135756277543768,0,-0.00053726991239927,NA,0.0334087439250195,0,-0.0166693326762152,0.217308750443722,0.0024885089519695,0.994801507537688,1,"S7","null",1000,70,0.352588811263852,97.3613380809915,0,0,0,"quadratic",0.2,51,0
0.178084688937194,0.092674050597926,0.999999999999991,1,0.0194180795199554,NA,0.233330843057346,0,0.00104815079425804,NA,0.0354755583772983,0,0.00702752493126313,0.00413560416585238,0.0037704331733888,0.0826909547738693,0,"S7","null",1000,70,0.352588811263852,97.2473621647222,0,0,0,"quadratic",0.2,52,0
0.137523004004439,0.0624115851076133,0.999999938460366,1,-0.00107230529001021,NA,0.0136826832950032,0,0.000403528602323923,NA,0.0329628969948148,0,-0.000339692270448941,-0.000800197086324594,0.00166460944174922,0.0390125628140704,0,"S7","null",1000,70,0.352588811263852,85.404366337399,0,0,0,"quadratic",0.2,53,0
0.124971111923139,0.0823274565931649,0.999999992666378,1,-0.167085415411778,NA,0.982909059734966,1,-0.0405271595421344,NA,0.256250669772469,0,-0.0513606316870153,0.0126959740976854,0.0111746894916448,0.323366834170854,0,"S7","null",1000,70,0.352588811263852,70.2640958069501,0,0,0,"quadratic",0.2,54,0
0.160170966478968,0.0772256960052,0.999999999999257,1,0.000777186147721805,NA,0.0100324536851479,0,-0.000714451605781284,NA,0.0339594667107945,0,0.000469497884203801,0.00113994653933144,0.00210637258139638,0.0410552763819095,0,"S7","null",1000,70,0.352588811263852,90.4882768041235,0,0,0,"quadratic",0.2,55,0
0.21526322223279,0.134764016730426,1,1,0.104472450646024,NA,0.893538991416752,0,0.00305609847784043,NA,0.0478763469225685,0,0.050116946929083,0.0419611240018318,0.0113699272639601,0.411874371859296,0,"S7","null",1000,70,0.352588811263852,90.3311848024543,0,0,0,"quadratic",0.2,56,0
0.130970923213462,0.126281331258865,1,1,-0.0279469174151457,NA,0.331458192393147,0,-0.000557492710006052,NA,0.0333521893206901,0,-0.0539590506934326,0.184587522220992,0.00407319862466283,0.981434673366834,1,"S7","null",1000,70,0.352588811263852,90.6954404918026,0,0,0,"quadratic",0.2,57,0
0.228173099577492,0.094390922226816,1,1,0.0494049064977233,NA,0.572070311106765,0,0.00195601997317642,NA,0.0409855282560887,0,0.00472479651326754,0.00330568025616612,0.00287431881192393,0.0715778894472362,0,"S7","null",1000,70,0.352588811263852,99.1565348236332,0,0,0,"quadratic",0.2,58,0
0.273921687486105,0.0951412567825912,1,1,0.0613377329347751,NA,0.673108610047323,0,0.0017884770511457,NA,0.0398843731116341,0,0.0361061760848722,0.0946952903305066,0.0173792574582862,0.645251256281407,1,"S7","null",1000,70,0.352588811263852,99.0073859159332,0,0,0,"quadratic",0.2,59,0
0.164367946835541,0.136694224231483,1,1,-0.0538898691730006,NA,0.589631314908931,0,-0.00208015457776997,NA,0.041419419094175,0,-0.00365117554266239,0.014011399086058,0.00579718797571209,0.133668341708543,0,"S7","null",1000,70,0.352588811263852,89.0903422314485,0,0,0,"quadratic",0.2,60,0
0.157855584587386,0.105674014627957,0.999999999999992,1,0.0801218666716191,NA,0.782625767145926,0,0.00585984972773485,NA,0.0677879711126214,0,0.00618198445864192,0.00777928738828931,0.00414270620908599,0.100143216080402,0,"S7","null",1000,70,0.352588811263852,90.7849322523207,0,0,0,"quadratic",0.2,61,0
0.120439321953917,0.114232780376493,1,1,-0.158855887265517,NA,0.976953336048744,1,-0.0114176561610963,NA,0.100037544516646,0,-0.22676839919327,0.230432438910516,NA,1,1,"S7","null",1000,70,0.352588811263852,76.7351306549408,0,0,0,"quadratic",0.2,62,0
0.160343132584414,0.114082323304601,1,1,-0.0168691900818886,NA,0.221432832783237,0,-0.000909695222626623,NA,0.0350971344804883,0,0.00825426580269448,0.0606808767446061,0.0153308806384386,0.461090452261307,0,"S7","null",1000,70,0.352588811263852,95.7673010826231,0,0,0,"quadratic",0.2,63,0
0.204498948684681,0.131377846693106,1,1,0.0569714011989272,NA,0.608831885062101,0,0.00390448642343523,NA,0.0544316201823477,0,0.034659761473277,0.0474985702303336,0.0128347792086412,0.4251608040201,0,"S7","null",1000,70,0.352588811263852,84.0801074098101,0,0,0,"quadratic",0.2,64,0
0.252015374149293,0.125320921696031,1,1,0.0771262087942919,NA,0.792497699399874,0,0.00483693194739929,NA,0.0626422624569599,0,0.0282248488438942,0.186826766708715,0.0104447873751989,0.953788944723618,1,"S7","null",1000,70,0.352588811263852,97.86916753327,0,0,0,"quadratic",0.2,65,0
0.190696914700192,0.115834684379609,1,1,-0.118244340045289,NA,0.885864232840833,0,-0.00366029228890848,NA,0.04962049960309,0,-0.131437164648946,0.148140701719086,0.0126335391576773,0.918402010050251,1,"S7","null",1000,70,0.352588811263852,66.5758270731354,0,0,0,"quadratic",0.2,66,0
0.114134800028718,0.105018942352618,0.999999999983068,1,-0.0383452864403928,NA,0.427617412741266,0,-0.000747896187313891,NA,0.034032038696338,0,-0.0189986231824014,0.0598350902034962,0.0140976914565052,0.416937185929648,0,"S7","null",1000,70,0.352588811263852,82.8776512677798,0,0,0,"quadratic",0.2,67,0
0.172078644189636,0.156332621967423,1,1,0.0829501844501778,NA,0.788845446604833,0,0.00247404696027141,NA,0.0443022089374991,0,0.0636686881101664,0.161109546776711,0.0120164211490541,0.906962311557789,1,"S7","null",1000,70,0.352588811263852,85.7161985987889,0,0,0,"quadratic",0.2,68,0
0.211314083775966,0.13048147830953,1,1,0.0739408903248256,NA,0.739848463714857,0,0.00374847606632216,NA,0.0531732487815501,0,0.0462555696497269,0.0727767279054254,0.016699932472096,0.538386934673367,1,"S7","null",1000,70,0.352588811263852,94.1108345853994,0,0,0,"quadratic",0.2,69,0
0.130836175089356,0.126311943072175,1,1,-0.0472200989358692,NA,0.516548567686685,0,-0.00216729789522449,NA,0.0421999463883934,0,-0.00698792178129888,0.020694946648707,0.00577925599529514,0.173253768844221,0,"S7","null",1000,70,0.352588811263852,84.6249802446482,0,0,0,"quadratic",0.2,70,0
0.127983787869511,0.077825899675512,0.999999992413534,1,-0.136682370091427,NA,0.940819020292125,0,-0.0218864792737663,NA,0.146753505025851,0,-0.0506008538973534,0.0537036685080026,0.0202262986664054,0.463834170854271,0,"S7","null",1000,70,0.352588811263852,69.2586935509283,0,0,0,"quadratic",0.2,71,0
0.182117584230035,0.105618577456888,1,1,0.0106501248753688,NA,0.131837840237791,0,-0.000130887756370541,NA,0.0324716867809482,0,-0.000924118134445335,0.00106223313265066,0.00192351067248272,0.0390829145728643,0,"S7","null",1000,70,0.352588811263852,98.716333195314,0,0,0,"quadratic",0.2,72,0
0.209693369811637,0.087811239383015,1,1,-0.0179165721231478,NA,0.218047278122491,0,-0.0013833241309675,NA,0.03705006738192,0,-0.00973890991262509,0.0545618158582095,0.0150960009530846,0.420618090452261,0,"S7","null",1000,70,0.352588811263852,92.7326992785303,0,0,0,"quadratic",0.2,73,0
0.116594102001618,0.117512363098544,0.999999999999998,1,-0.0420473095414395,NA,0.447342073213179,0,-0.00136756284751638,NA,0.0363651610415962,0,-0.00405914991171012,0.142181151892596,0.0143486508978164,0.801130653266332,1,"S7","null",1000,70,0.352588811263852,77.5144041448222,0,0,0,"quadratic",0.2,74,0
0.176955929410208,0.0983750122993114,1,1,-0.00210388007457102,NA,0.0255693437899899,0,0.000934825744929017,NA,0.0348863988475657,0,-0.000441153505576474,0.00217564841416781,0.00197477693885807,0.0469396984924623,0,"S7","null",1000,70,0.352588811263852,82.2200264562849,0,0,0,"quadratic",0.2,75,0
0.202274386348935,0.129174254965473,1,1,-0.0211134117600951,NA,0.242994185707662,0,-0.000657201758405663,NA,0.0334909044299666,0,-0.050817666744776,0.310431853089082,NA,1,1,"S7","null",1000,70,0.352588811263852,86.7631862619755,0,0,0,"quadratic",0.2,76,0
0.189274734758921,0.143867907541471,1,1,0.0260727398528261,NA,0.317289514415915,0,0.00105878361158629,NA,0.0354693075217857,0,0.00301758142248388,0.0021525699723276,0.00321803731524405,0.0567613065326633,0,"S7","null",1000,70,0.352588811263852,88.2743110440838,0,0,0,"quadratic",0.2,77,0
0.169838450188834,0.108371626230024,1,1,0.0561504386141709,NA,0.605985600580419,0,0.00113371598463137,NA,0.0357618606681963,0,0.0545138403899348,0.158679154223607,0.0149686517540608,0.812954773869347,1,"S7","null",1000,70,0.352588811263852,89.2310335960557,0,0,0,"quadratic",0.2,78,0
0.174819389734739,0.102043066257369,1,1,0.0091977008540257,NA,0.105286156007858,0,0.000608034927747368,NA,0.0333108150657353,0,0.0266960850816271,0.160949620237777,0.0165811654140046,0.834743718592965,1,"S7","null",1000,70,0.352588811263852,72.2140391008798,0,0,0,"quadratic",0.2,79,0
0.170444209977385,0.107175565148508,1,1,-0.0283658010595589,NA,0.321708352579912,0,-0.000913699074597522,NA,0.0344433153818139,0,-0.00104074209924119,0.0176200152891226,0.00622884737536822,0.156889447236181,0,"S7","null",1000,70,0.352588811263852,80.4085379300816,0,0,0,"quadratic",0.2,80,0
0.220845724128572,0.131939817827747,1,1,0.111276241427948,NA,0.93982346579139,0,0.00943811170268151,NA,0.0951925580103784,0,0.180166746177933,0.162333326748296,0.00165111402513454,0.997381909547739,1,"S7","null",1000,70,0.352588811263852,107.678281988462,0,0,0,"quadratic",0.2,81,0
0.225250983819314,0.149309586956976,1,1,0.0413318169562564,NA,0.507045537242695,0,0.00382799661021577,NA,0.0570081478414217,0,0.0203535733190643,0.12065126401506,0.0133131811064457,0.83627135678392,1,"S7","null",1000,70,0.352588811263852,107.069945959966,0,0,0,"quadratic",0.2,82,0
0.200675341773458,0.108210830628434,1,1,0.0564633286292715,NA,0.597636538196119,0,0.00174599815293042,NA,0.0382555599703561,0,0.00763039978079163,0.00725683521227291,0.00476038120236418,0.111608040201005,0,"S7","null",1000,70,0.352588811263852,83.113516515814,0,0,0,"quadratic",0.2,83,0
0.184571431704512,0.0931078444434508,0.999999999999999,1,-0.0882109759638086,NA,0.732548698579666,0,-0.00195416167064985,NA,0.0384353625102863,0,-0.0214575768619623,0.0258369387754903,0.00695257844877225,0.245376884422111,0,"S7","null",1000,70,0.352588811263852,58.0175735658209,0,0,0,"quadratic",0.2,84,0
0.154076753927689,0.097665950097187,0.99999999999995,1,0.0359376861438371,NA,0.408153026278693,0,0.00124611723826637,NA,0.0363236360728871,0,0.0012863845001162,0.0022048431546907,0.00245285603508129,0.0523165829145729,0,"S7","null",1000,70,0.352588811263852,74.7270361100254,0,0,0,"quadratic",0.2,85,0
0.143481353530995,0.107993823723477,0.999999999999992,1,0.0589549601457559,NA,0.642500752845649,0,0.00479988563204806,NA,0.0624261195039991,0,0.0333749709176555,0.134412637520484,0.0166160455618722,0.838097989949749,1,"S7","null",1000,70,0.352588811263852,86.5028285819424,0,0,0,"quadratic",0.2,86,0
0.25289927458334,0.124546133608358,1,1,-0.015413283555336,NA,0.176842512554742,0,-0.00122329503585272,NA,0.0356619264061414,0,-0.0102912521145643,0.122789472051426,0.0167356917368753,0.709020100502513,1,"S7","null",1000,70,0.352588811263852,78.052168855149,0,0,0,"quadratic",0.2,87,0
0.178538866781947,0.124461104632682,1,1,-0.010963307707453,NA,0.125257584331866,0,0.000389360077423141,NA,0.032843799118089,0,-0.00997374649512075,0.0465845833105973,0.0107097159079658,0.352309045226131,0,"S7","null",1000,70,0.352588811263852,87.6805340091903,0,0,0,"quadratic",0.2,88,0
0.209523728908684,0.125307410525875,1,1,0.0684854280756417,NA,0.68526459061301,0,0.00346666478903468,NA,0.0488152766479505,0,0.0205771550560301,0.0185046334387381,0.00824335630281539,0.225211055276382,0,"S7","null",1000,70,0.352588811263852,74.6150685915563,0,0,0,"quadratic",0.2,89,0
0.15162716608489,0.133999804527354,1,1,-0.0597764463882195,NA,0.602900527755837,0,-0.00343887380619077,NA,0.0482220297791651,0,-0.0725358187481348,0.168435748314519,0.00991731529225477,0.924917085427136,1,"S7","null",1000,70,0.352588811263852,74.951456862702,0,0,0,"quadratic",0.2,90,0
0.232585983746402,0.124431856189466,1,1,0.172813826924174,NA,0.990148353851747,1,0.0274400598217558,NA,0.193233481028189,0,0.172743482425029,0.212905472917321,0.00115329530929137,0.998846733668342,1,"S7","null",1000,70,0.352588811263852,85.2634791339485,0,0,0,"quadratic",0.2,91,0
0.201107046884507,0.111878758248698,1,1,0.000275127060989602,NA,0.00323192610233525,0,-0.00106125550497742,NA,0.0351061431359574,0,0.000879937263258241,0.017956151225679,0.0060367527496779,0.152238693467337,0,"S7","null",1000,70,0.352588811263852,79.6972161170602,0,0,0,"quadratic",0.2,92,0
0.200924899090124,0.133494459186085,1,1,0.0297008368557144,NA,0.372765385682409,0,0.00166897587011477,NA,0.0399795231101201,0,0.00125697290475709,0.00519776740906889,0.00296235497846251,0.0683793969849246,0,"S7","null",1000,70,0.352588811263852,93.0156674218884,0,0,0,"quadratic",0.2,93,0
0.216511464156734,0.11228820168274,1,1,0.0316861514278634,NA,0.372401286656322,0,0.000827851197621412,NA,0.034265130327068,0,0.00251087580476763,0.00538179807769786,0.00314334395471574,0.0709874371859296,0,"S7","null",1000,70,0.352588811263852,89.1235707819768,0,0,0,"quadratic",0.2,94,0
0.177153622399514,0.106425879679191,1,1,0.0695377148034496,NA,0.712363573067078,0,0.00230876865912414,NA,0.043117743765009,0,0.111637355170558,0.170072674398944,0.00790419982731224,0.964439698492462,1,"S7","null",1000,70,0.352588811263852,78.3783776972645,0,0,0,"quadratic",0.2,95,0
0.19186292569738,0.104304940062272,1,1,-0.0198799939908775,NA,0.224994513185167,0,0.000638514299401452,NA,0.0334525375959938,0,-0.000957910115870817,0.00359876940814998,0.00284765142019389,0.0665879396984925,0,"S7","null",1000,70,0.352588811263852,78.3764520476323,0,0,0,"quadratic",0.2,96,0
0.285149747486291,0.123186631027278,1,1,0.152963611312973,NA,0.977615403490055,1,0.0122040273252939,NA,0.104648604035597,0,0.0450329704651773,0.0411210182665249,0.0160797955852873,0.386246231155779,0,"S7","null",1000,70,0.352588811263852,87.0125179132844,0,0,0,"quadratic",0.2,97,0
0.204852248358661,0.150443358321135,1,1,0.0497197438833908,NA,0.508901163965205,0,0.00205833341224726,NA,0.0403049928759196,0,0.0619090436217977,0.179274986517718,0.0135614047246557,0.912231155778894,1,"S7","null",1000,70,0.352588811263852,73.9277327987076,0,0,0,"quadratic",0.2,98,0
0.164610880803508,0.115127164507677,1,1,-0.0310456711254572,NA,0.331791490253243,0,-0.00124521651973511,NA,0.0358139073343834,0,-0.012839729954125,0.0595823856499434,0.0123405808965192,0.38998743718593,0,"S7","null",1000,70,0.352588811263852,69.0296098630309,0,0,0,"quadratic",0.2,99,0
0.124590106061058,0.134589650426024,1,1,-0.0396066114846337,NA,0.421924162578557,0,-0.00149398818185663,NA,0.0370347532101063,0,-0.0061315986392186,0.0422589302134428,0.0137324955922332,0.303678391959799,0,"S7","null",1000,70,0.352588811263852,73.2378840797089,0,0,0,"quadratic",0.2,100,0
0.24182899362666,0.190359651034684,1,1,0.0704007853115524,NA,0.62694823523152,0,0.00651314970262849,NA,0.0656105165720685,0,0.00699969621841453,0.0160871280419895,0.00575304511238717,0.142979899497487,0,"S7","null",1000,70,0.352588811263852,81.1700145535709,0,0,0,"quadratic",0.3,1,0
0.109391845448815,0.135315173850282,0.999999999999999,1,-0.102484540294803,NA,0.843240219109523,0,-0.00490114063561501,NA,0.0577024149049934,0,-0.0137468606037237,0.0163384915060614,0.00612872647567777,0.163894472361809,0,"S7","null",1000,70,0.352588811263852,76.784834086944,0,0,0,"quadratic",0.3,2,0
0.17537087378493,0.176250753416919,1,1,-0.114633676182868,NA,0.839797198211199,0,-0.00593251525373833,NA,0.0593880732436755,0,-0.107605444924599,0.174821562733492,0.0129081401615394,0.883386934673367,1,"S7","null",1000,70,0.352588811263852,65.4939904455129,0,0,0,"quadratic",0.3,3,0
0.202369048041032,0.21958670210915,1,1,0.132507668952578,NA,0.934415861852359,0,0.0143986409426127,NA,0.116708242714157,0,0.18804551608846,0.253319022666723,NA,1,1,"S7","null",1000,70,0.352588811263852,93.9761095635162,0,0,0,"quadratic",0.3,4,0
0.163630047518887,0.152462714522843,1,1,-0.0554179181645396,NA,0.551258703081864,0,-0.000796684251844681,NA,0.0338971404230954,0,-0.0675126628049908,0.151280868927597,0.0148094784568762,0.915118090452261,1,"S7","null",1000,70,0.352588811263852,82.6073369769815,0,0,0,"quadratic",0.3,5,0
0.148439152578173,0.144530187246517,0.999999999999998,1,-0.0638239134302577,NA,0.631976555880606,0,-0.00224620769088674,NA,0.0420542789753032,0,-0.0102408081928568,0.0142275926659864,0.005183799372979,0.141869346733668,0,"S7","null",1000,70,0.352588811263852,84.1745878688668,0,0,0,"quadratic",0.3,6,0
0.179102537847462,0.181860714037743,1,1,0.0274405412727809,NA,0.308850768165982,0,0.00216161908491225,NA,0.0413693705711028,0,0.00707401102983809,0.00804447779072407,0.004116223254411,0.106258793969849,0,"S7","null",1000,70,0.352588811263852,95.9760164780012,0,0,0,"quadratic",0.3,7,0
0.202227317083877,0.107666872392121,0.99999999999999,1,0.0455043611836105,NA,0.47387651624219,0,0.00211595124601137,NA,0.0409844712051542,0,0.0236571625703981,0.0451232041702479,0.0152588041470404,0.344967336683417,0,"S7","null",1000,70,0.352588811263852,83.0855263962533,0,0,0,"quadratic",0.3,8,0
0.271429341726587,0.177563070558498,1,1,0.156543640352024,NA,0.978780351192324,1,0.0338755160367362,NA,0.229261006075636,0,0.231537103398207,0.148889338083925,0.0020213602806742,0.997138190954774,1,"S7","null",1000,70,0.352588811263852,97.9459917521095,0,0,0,"quadratic",0.3,9,0
0.148997480498391,0.125632472185899,0.999999999999999,1,0.0378262119384263,NA,0.418506720489138,0,0.00012942714274721,NA,0.0324568170292856,0,0.000939014662138549,0.00344362479178707,0.00246856238455382,0.0583592964824121,0,"S7","null",1000,70,0.352588811263852,86.6806021640397,0,0,0,"quadratic",0.3,10,0
0.136300596112191,0.15459136165742,1,1,0.00387977824411479,NA,0.0449689328477046,0,0.000433105528454648,NA,0.0329844413951449,0,-0.0182675414323424,0.137448333237273,0.0164120527610727,0.750208542713568,1,"S7","null",1000,70,0.352588811263852,91.5772821224507,0,0,0,"quadratic",0.3,11,0
0.106298480521628,0.223377652828318,1,1,-0.100074049404595,NA,0.845921931097302,0,-0.00522837944604575,NA,0.0605984068619995,0,-0.0274529764939086,0.0445867089196017,0.0126506817943438,0.3518391959799,0,"S7","null",1000,70,0.352588811263852,77.9239326020564,0,0,0,"quadratic",0.3,12,0
0.167861004359516,0.211866543181573,1,1,-0.0285651575360453,NA,0.288240645489937,0,-0.000466284517472317,NA,0.0329005724126076,0,-0.0292956367883179,0.171142584618074,0.012294394055752,0.920236180904523,1,"S7","null",1000,70,0.352588811263852,75.7498682816477,0,0,0,"quadratic",0.3,13,0
0.235517733099094,0.170832380853324,1,1,0.112215362781199,NA,0.884021246751407,0,0.00820920316302298,NA,0.0784436605198217,0,0.0852752962640564,0.114469386333327,0.0148640984093904,0.762253768844221,1,"S7","null",1000,70,0.352588811263852,78.1141146203545,0,0,0,"quadratic",0.3,14,0
0.147020030220992,0.182834603567478,1,1,0.0279445602511908,NA,0.290993988164316,0,0.00332568351562528,NA,0.0485808658223054,0,0.011932253907735,0.0850759252529512,0.0147162061920558,0.542708542713568,1,"S7","null",1000,70,0.352588811263852,75.8671524377234,0,0,0,"quadratic",0.3,15,0
0.180851421789502,0.156264187267933,1,1,-0.0534820191991507,NA,0.524453408975462,0,-0.00178277730144301,NA,0.0379555402963755,0,-0.00118813615124154,0.00879401483621626,0.00379620208773807,0.0881281407035176,0,"S7","null",1000,70,0.352588811263852,79.077519976567,0,0,0,"quadratic",0.3,16,0
0.197984409693031,0.215462367565142,1,1,0.116716670837842,NA,0.911616861312855,0,0.0114246828267861,NA,0.100657015751441,0,0.107026135147023,0.355324605528603,NA,1,1,"S7","null",1000,70,0.352588811263852,99.0108208578746,0,0,0,"quadratic",0.3,17,0
0.134766201533768,0.176366290038462,1,1,0.0396109643556141,NA,0.458082684968776,0,0.00220278244145129,NA,0.042805428462843,0,0.0259486485710671,0.150466714256001,0.0148186318294369,0.826540201005025,1,"S7","null",1000,70,0.352588811263852,104.219936242347,0,0,0,"quadratic",0.3,18,0
0.143007227873017,0.183350973888743,1,1,-0.161002867397991,NA,0.955148192304365,1,-0.0129821042716853,NA,0.0979828925697256,0,-0.096406026996543,0.0486463232771181,0.0144676382632763,0.554582914572864,1,"S7","null",1000,70,0.352588811263852,65.5957389743641,0,0,0,"quadratic",0.3,19,0
0.193033033848928,0.158418765959833,1,1,-0.0620244602252189,NA,0.55808793302416,0,-0.00133739439889326,NA,0.035563291163285,0,-0.0716779244438618,0.126951848586185,0.0174118969830487,0.694972361809045,1,"S7","null",1000,70,0.352588811263852,65.2853293045168,0,0,0,"quadratic",0.3,20,0
0.0939411650561885,0.176748118568634,1,1,-0.10602717219072,NA,0.851285653619373,0,-0.00478327520964949,NA,0.0582879016906219,0,-0.120553434277322,0.153281154630547,0.0169099807283569,0.866256281407035,1,"S7","null",1000,70,0.352588811263852,74.859239071718,0,0,0,"quadratic",0.3,21,0
0.242362018168591,0.195718942519979,1,1,0.00600021296902181,NA,0.0644036815108825,0,0.000483739768767514,NA,0.0330487283912573,0,0.0184409763773869,0.263872107287619,0.00388468212161258,0.995653266331658,1,"S7","null",1000,70,0.352588811263852,83.510704674072,0,0,0,"quadratic",0.3,22,0
0.190848583532237,0.159040723860501,1,1,0.0492933862565669,NA,0.501451503208076,0,0.00112601011767531,NA,0.0352217214378977,0,0.0192579352260507,0.191552421572344,0.0114199968639373,0.919424623115578,1,"S7","null",1000,70,0.352588811263852,78.9792883605609,0,0,0,"quadratic",0.3,23,0
0.107836044310859,0.189557180361458,1,1,-0.105307947311293,NA,0.857997425741967,0,-0.00676650024155076,NA,0.0689239803969538,0,-0.114360183328731,0.256908738856551,NA,1,1,"S7","null",1000,70,0.352588811263852,90.6623300080842,0,0,0,"quadratic",0.3,24,0
0.177708575617722,0.159512034293374,1,1,0.00771619794024319,NA,0.0824057349438637,0,0.00064385924778719,NA,0.0333926947231962,0,-0.000471470562432114,0.0119249930788719,0.00595782336495286,0.124437185929648,0,"S7","null",1000,70,0.352588811263852,70.8264041313097,0,0,0,"quadratic",0.3,25,0
0.141796534960605,0.150121596455782,1,1,-0.0139272762387108,NA,0.153592392631512,0,8.45405469538922e-05,NA,0.032437181738391,0,-0.00542621078539434,0.0255655110759608,0.00819942973779227,0.190115577889447,0,"S7","null",1000,70,0.352588811263852,92.5036902135395,0,0,0,"quadratic",0.3,26,0
0.192320532529388,0.133013572371686,1,1,-0.0643578290197024,NA,0.565236870769589,0,-0.00145350819994286,NA,0.035800003468811,0,-0.0485970761436869,0.0540327723559188,0.015586932105728,0.410816582914573,0,"S7","null",1000,70,0.352588811263852,58.2235568708311,0,0,0,"quadratic",0.3,27,0
0.160428876192447,0.164759732011254,1,1,-0.0628605144922632,NA,0.619233446009898,0,-0.00164213311829022,NA,0.0382872668092852,0,-0.0754349952071517,0.170082744492096,0.0151655575163006,0.894886934673367,1,"S7","null",1000,70,0.352588811263852,83.4744766185688,0,0,0,"quadratic",0.3,28,0
0.225066616629184,0.148529255654858,1,1,0.0777318768010245,NA,0.727436192713515,0,0.000834312731145467,NA,0.0339456652158342,0,0.0277061925719086,0.0624335413623921,0.0147669407988553,0.404964824120603,0,"S7","null",1000,70,0.352588811263852,83.0758057897756,0,0,0,"quadratic",0.3,29,0
0.137579347466195,0.18593303450111,1,1,-0.0726852243036629,NA,0.695744517910245,0,-0.0013215372654887,NA,0.0368757857095231,0,-0.0624535744636057,0.177644782514103,0.0133744949094218,0.929344221105528,1,"S7","null",1000,70,0.352588811263852,92.2104404063145,0,0,0,"quadratic",0.3,30,0
0.27403036026192,0.152139186756763,1,1,0.06399615292176,NA,0.609186692514083,0,0.00114731921026417,NA,0.0352198489111915,0,0.0166626843537361,0.0210119726132894,0.00821579009316561,0.203806532663317,0,"S7","null",1000,70,0.352588811263852,90.7781785427683,0,0,0,"quadratic",0.3,31,0
0.179164452041969,0.162724239354458,1,1,-0.0637598437938053,NA,0.615514047176402,0,-0.00288174442039725,NA,0.0453107327910601,0,-0.040761612808146,0.30151140617851,NA,1,1,"S7","null",1000,70,0.352588811263852,84.0957276122998,0,0,0,"quadratic",0.3,32,0
0.1758848266184,0.102185932983793,0.999999999999646,1,0.0451752868757342,NA,0.489817951309411,0,0.00182879496161052,NA,0.0397359885721121,0,0.00168762700554502,0.00286092381948158,0.00231155672694888,0.0491809045226131,0,"S7","null",1000,70,0.352588811263852,86.4089839436268,0,0,0,"quadratic",0.3,33,0
0.216837047391446,0.176343970545465,1,1,0.0131324490925746,NA,0.1437073617338,0,0.000102735212167241,NA,0.0324406854694315,0,0.00929976208463161,0.0654879497384785,0.0140352718090693,0.420469849246231,0,"S7","null",1000,70,0.352588811263852,84.4402156945166,0,0,0,"quadratic",0.3,34,0
0.248903329840313,0.186497011818635,1,1,0.122007433796813,NA,0.91409496589874,0,0.0152295901295929,NA,0.123868786151958,0,0.0279551699936404,0.0446302023410542,0.00933998813578571,0.325206030150754,0,"S7","null",1000,70,0.352588811263852,89.9298700770168,0,0,0,"quadratic",0.3,35,0
0.145334248377945,0.189089630638355,1,1,-0.087677690675601,NA,0.782518343414889,0,-0.00419386585099332,NA,0.0544046908575802,0,-0.0398118853355612,0.079411056101041,0.0179113436695318,0.486163316582915,0,"S7","null",1000,70,0.352588811263852,95.8111584523292,0,0,0,"quadratic",0.3,36,0
0.182171124394066,0.165752937187327,1,1,0.0315481196267051,NA,0.330234776413268,0,0.0015174821185679,NA,0.0372830047746162,0,0.0514356045065439,0.248293735845839,0.00337443109807179,0.993113065326633,1,"S7","null",1000,70,0.352588811263852,89.3279142181443,0,0,0,"quadratic",0.3,37,0
0.128446643464257,0.17220287465999,1,1,-0.060338130506542,NA,0.604406579350863,0,-0.00410123807562337,NA,0.053989423674494,0,-0.0735224263960025,0.130096870850882,0.0195822392200666,0.726306532663317,1,"S7","null",1000,70,0.352588811263852,81.121956731498,0,0,0,"quadratic",0.3,38,0
0.182764461699176,0.115507885691636,1,1,0.0517483658223514,NA,0.553339111179511,0,0.00123301407456044,NA,0.0360539163688506,0,0.00982008187382874,0.0785143510602034,0.0167990346068666,0.529643216080402,1,"S7","null",1000,70,0.352588811263852,89.6561601866656,0,0,0,"quadratic",0.3,39,0
0.212574464690116,0.147265434089613,1,1,-0.0448527286109338,NA,0.488059004529428,0,-0.0027232526828588,NA,0.0449948589026562,0,0.00504354208248793,0.130158226163851,0.019263878806863,0.750489949748744,1,"S7","null",1000,70,0.352588811263852,88.834639273446,0,0,0,"quadratic",0.3,40,0
0.174003960252666,0.137644248306576,1,1,-0.0139449474970108,NA,0.151332050321266,0,-3.43292059729285e-05,NA,0.0324183441866864,0,0.000963953106377036,0.00466664169048885,0.0037313587502377,0.0628165829145729,0,"S7","null",1000,70,0.352588811263852,77.9717911417147,0,0,0,"quadratic",0.3,41,0
0.200786070717442,0.190340279411065,1,1,0.0692751957656106,NA,0.696241779305235,0,0.00384773413188935,NA,0.0538596861915044,0,0.083552328660272,0.204191961277217,0.00361082975771374,0.987989949748744,1,"S7","null",1000,70,0.352588811263852,97.5067736046095,0,0,0,"quadratic",0.3,42,0
0.2201065256964,0.15572226391642,1,1,0.128764857982915,NA,0.911852412802177,0,0.0210494477104381,NA,0.148609153518617,0,0.0608810542924359,0.0362316676742779,0.0135619073952775,0.402804020100503,0,"S7","null",1000,70,0.352588811263852,74.488056357727,0,0,0,"quadratic",0.3,43,0
0.160347901290658,0.16586682796046,1,1,0.0116628713508995,NA,0.134883288490684,0,0.000787440336057025,NA,0.0342290981400444,0,0.0143323130106578,0.0412558548000397,0.0108986071241263,0.280369346733668,0,"S7","null",1000,70,0.352588811263852,84.5013690933922,0,0,0,"quadratic",0.3,44,0
0.131599955471107,0.193745394210442,1,1,-0.0651392708807315,NA,0.660880023361824,0,-0.00368559705804435,NA,0.0514306508119557,0,-0.0770976511037835,0.279882512502632,NA,1,1,"S7","null",1000,70,0.352588811263852,93.1158034021743,0,0,0,"quadratic",0.3,45,0
0.168468674335204,0.154575288296895,1,1,-0.0535159757431709,NA,0.538260720200144,0,-0.00333237100740647,NA,0.0476738304099159,0,-0.029884643080018,0.0635359401097351,0.0140179907117346,0.3971608040201,0,"S7","null",1000,70,0.352588811263852,95.1054666702971,0,0,0,"quadratic",0.3,46,0
0.168267582862653,0.150473978660148,1,1,-0.00535710301012198,NA,0.0604617727245194,0,0.000145691672715601,NA,0.0324723020425272,0,0.0579640303218759,0.213373053483401,0.00909996237975704,0.941072864321608,1,"S7","null",1000,70,0.352588811263852,81.4243945773176,0,0,0,"quadratic",0.3,47,0
0.188403859898191,0.165885711354065,1,1,0.0383618964373261,NA,0.415953131684923,0,0.000518175097433631,NA,0.0330519287268816,0,0.0300254548556688,0.164227731980636,0.0145999651403913,0.861590452261306,1,"S7","null",1000,70,0.352588811263852,79.7909962900909,0,0,0,"quadratic",0.3,48,0
0.117683192862252,0.187396386639564,1,1,-0.108129730238363,NA,0.869017113288185,0,-0.00440498967519654,NA,0.0558676154982138,0,-0.195558140687021,0.265813315115894,NA,1,1,"S7","null",1000,70,0.352588811263852,82.9070213579149,0,0,0,"quadratic",0.3,49,0
0.266144760457089,0.197578542388357,1,1,0.139775195817218,NA,0.90820034507303,0,0.0036973602374649,NA,0.0465824816484254,0,0.0102808121661701,0.00307620987130635,0.00330749692978032,0.0882110552763819,0,"S7","null",1000,70,0.352588811263852,71.4820772247864,0,0,0,"quadratic",0.3,50,0
0.178087600677047,0.158152710817623,1,1,0.0574002326766683,NA,0.599914119562627,0,0.00113231999147785,NA,0.0355867731709917,0,0.0613584806392807,0.097424990481307,0.0204064062186028,0.657213567839196,1,"S7","null",1000,70,0.352588811263852,103.004987545285,0,0,0,"quadratic",0.3,51,0
0.229395066329036,0.172068679051747,1,1,0.061961082583809,NA,0.569275379042925,0,0.00149508606376065,NA,0.0361137176454287,0,0.00472513551668188,0.0040125439415293,0.00264323196728654,0.0673391959798995,0,"S7","null",1000,70,0.352588811263852,75.926383768669,0,0,0,"quadratic",0.3,52,0
0.0804480720348192,0.190988336812869,1,1,-0.169576754210495,NA,0.977040436984926,1,-0.0106636053725708,NA,0.0931856961038585,0,-0.147169511653734,0.106597143210688,0.0169116562069974,0.828097989949749,1,"S7","null",1000,70,0.352588811263852,82.5732329169593,0,0,0,"quadratic",0.3,53,0
0.22513206136193,0.154497485290281,1,1,0.00900897956810568,NA,0.101848876856181,0,-3.64784140278838e-06,NA,0.0324153481756514,0,0.0113763224846075,0.0590940688778522,0.0160656265360623,0.355856783919598,0,"S7","null",1000,70,0.352588811263852,84.9999203062279,0,0,0,"quadratic",0.3,54,0
0.166019361393165,0.143018615460827,0.999999999999999,1,-0.0786928137040339,NA,0.718604158661467,0,-0.00149197425845976,NA,0.0372360859335645,0,-0.0319136993629215,0.0333436133020188,0.0111706324747414,0.287331658291457,0,"S7","null",1000,70,0.352588811263852,91.8441853718716,0,0,0,"quadratic",0.3,55,0
0.186550819065579,0.136137276174999,1,1,-0.0168549719611379,NA,0.180860282105558,0,7.44956473571629e-05,NA,0.0324304304807396,0,-0.00411983859689316,0.0124295038131303,0.0046369735253765,0.116454773869347,0,"S7","null",1000,70,0.352588811263852,81.2366949435206,0,0,0,"quadratic",0.3,56,0
0.178216150353663,0.192748830288648,1,1,0.0621859911186019,NA,0.604480505939321,0,0.001371913676958,NA,0.0363982305780352,0,0.0765429608818111,0.227678066752642,0.00771693651127654,0.969040201005025,1,"S7","null",1000,70,0.352588811263852,86.6693668014253,0,0,0,"quadratic",0.3,57,0
0.106782577133491,0.16537165556784,1,1,-0.121494926120696,NA,0.932424087671076,0,-0.005900200649969,NA,0.0706769511143061,0,-0.0354092603679166,0.00901219701906064,0.0116293979978052,0.260592964824121,0,"S7","null",1000,70,0.352588811263852,103.731950493569,0,0,0,"quadratic",0.3,58,0
0.135591783163087,0.203668309979813,1,1,-0.001885185198081,NA,0.0205434364188233,0,-0.000491238268864416,NA,0.0330101238568565,0,0.0233897587404849,0.301582301656607,0.000737343344746482,0.999130653266332,1,"S7","null",1000,70,0.352588811263852,84.1266941737311,0,0,0,"quadratic",0.3,59,0
0.148326329462524,0.181130332686204,1,1,-0.0622171930158664,NA,0.624226411606567,0,-0.000925563729890241,NA,0.034627442896212,0,-0.0488965940874543,0.209543095421697,0.00915769314585145,0.967600502512563,1,"S7","null",1000,70,0.352588811263852,96.2952800060678,0,0,0,"quadratic",0.3,60,0
0.218734829720878,0.165840372538718,1,1,0.0680244745085098,NA,0.649621582659153,0,0.00437349593003647,NA,0.0538814606727373,0,0.0317894602182136,0.0634583105417578,0.0170470303777074,0.454208542713568,0,"S7","null",1000,70,0.352588811263852,79.0879378163342,0,0,0,"quadratic",0.3,61,0
0.225427411136092,0.193127220786539,1,1,0.0127424351718161,NA,0.132936673005924,0,0.00118358998926687,NA,0.0356063073682726,0,0.000900931235296821,0.0107849143792705,0.00351562242690299,0.107427135678392,0,"S7","null",1000,70,0.352588811263852,92.4794530064673,0,0,0,"quadratic",0.3,62,0
0.188726606898622,0.161616699771076,1,1,0.000661615985765027,NA,0.00728377675938918,0,-0.0011048932054407,NA,0.035046799299107,0,0.0205488533774229,0.235383014913304,0.00800845112241677,0.963743718592965,1,"S7","null",1000,70,0.352588811263852,79.0457922741416,0,0,0,"quadratic",0.3,63,0
0.210651943227988,0.197678609735825,1,1,0.0210988489989138,NA,0.219788935308075,0,0.00044122294185528,NA,0.0328585418675843,0,0.00199798828621013,0.00960058695798373,0.00545047516434435,0.094962311557789,0,"S7","null",1000,70,0.352588811263852,78.0893002696523,0,0,0,"quadratic",0.3,64,0
0.328597639090532,0.204600757166336,1,1,0.209551642400253,NA,0.993809724409217,1,0.0673949995697558,NA,0.353080410556785,0,0.245246117058799,0.091213020365773,0.00616784262869826,0.968424623115578,1,"S7","null",1000,70,0.352588811263852,78.924948599669,0,0,0,"quadratic",0.3,65,0
0.186212847172096,0.198795960510434,1,1,0.0830905611411446,NA,0.769974215065341,0,0.00928754790824333,NA,0.0872160096252,0,0.126610473335326,0.287397880993959,NA,1,1,"S7","null",1000,70,0.352588811263852,98.707476191855,0,0,0,"quadratic",0.3,66,0
0.0956707580412083,0.157086990149011,0.999999999999998,1,-0.12602726142627,NA,0.918218464303003,0,-0.0239807014353479,NA,0.161506708635659,0,-0.127196468205923,0.105577719058142,0.016179110586467,0.810193467336683,1,"S7","null",1000,70,0.352588811263852,80.2273081593675,0,0,0,"quadratic",0.3,67,0
0.196904834817976,0.206967523689352,1,1,-0.00802548712831361,NA,0.0935458476937765,0,-9.45921659231933e-05,NA,0.0324404030216702,0,-0.00456665903614118,0.244959593695811,0.00394887818584666,0.986982412060301,1,"S7","null",1000,70,0.352588811263852,96.427256855001,0,0,0,"quadratic",0.3,68,0
0.16650531760683,0.143809183493155,1,1,-0.0389469614774288,NA,0.423694321364342,0,-0.00181788106134294,NA,0.039279710150987,0,-0.00414961797374973,0.00489343955270267,0.00321044956106915,0.0776608040201005,0,"S7","null",1000,70,0.352588811263852,85.0651908003477,0,0,0,"quadratic",0.3,69,0
0.162992621147906,0.222753780524658,1,1,-0.0453482655718442,NA,0.431214840622893,0,-0.000988163524821069,NA,0.0343173999076948,0,-0.0318466899650699,0.273579837917912,0.00327259666921303,0.991738693467337,1,"S7","null",1000,70,0.352588811263852,76.0580375073968,0,0,0,"quadratic",0.3,70,0
0.1879889036484,0.195174413235021,1,1,0.107960364148528,NA,0.870593477078294,0,0.0390426637803929,NA,0.259729302742811,0,0.119001989118097,0.157883684489897,0.0114681299673344,0.905437185929648,1,"S7","null",1000,70,0.352588811263852,91.6067251815674,0,0,0,"quadratic",0.3,71,0
0.142152648174769,0.177181751560322,1,1,-0.0335513265165135,NA,0.360745965686672,0,-0.00109377819516002,NA,0.0352605027688617,0,-0.00642126565340346,0.0482138596509064,0.0120503102591191,0.333261306532663,0,"S7","null",1000,70,0.352588811263852,89.7286033256856,0,0,0,"quadratic",0.3,72,0
0.220595919833746,0.19484742239162,1,1,0.0691645843573854,NA,0.601812664558217,0,0.00224415388049204,NA,0.0396525277779388,0,0.00978951224885248,-0.00599925797015907,0.00440725794046913,0.0944974874371859,0,"S7","null",1000,70,0.352588811263852,68.3010583822158,0,0,0,"quadratic",0.3,73,0
0.173986903624083,0.0990158013931354,0.999999999993248,1,0.0375186642716878,NA,0.381162800086696,0,0.00179981625523083,NA,0.0385565860033706,0,0.00185299663061549,0.0028418393184442,0.00262912021792605,0.0495075376884422,0,"S7","null",1000,70,0.352588811263852,79.0473189723798,0,0,0,"quadratic",0.3,74,0
0.283701065392563,0.215031215108242,1,1,0.112775720297726,NA,0.872328095156893,0,0.00394469832885094,NA,0.0503279725967644,0,0.122931190371683,0.285097095506125,NA,1,1,"S7","null",1000,70,0.352588811263852,88.2304439677398,0,0,0,"quadratic",0.3,75,0
0.206223456602792,0.193418082707586,1,1,-0.0148186702537395,NA,0.153779856357036,0,-1.30616166496541e-05,NA,0.0324156950599999,0,0.00059414514422367,0.00684866276519992,0.00274416379037071,0.0716658291457286,0,"S7","null",1000,70,0.352588811263852,80.1530477288785,0,0,0,"quadratic",0.3,76,0
0.0867168064654913,0.206323251516228,1,1,-0.132158310664954,NA,0.933353552741262,0,-0.0244879099788739,NA,0.167602468609914,0,-0.066510996553477,0.173722043377325,0.0105369877654629,0.932494974874372,1,"S7","null",1000,70,0.352588811263852,84.5624381376371,0,0,0,"quadratic",0.3,77,0
0.171021471136097,0.153669893457804,1,1,-0.0713069775542701,NA,0.677915249178519,0,-0.0020946079426573,NA,0.0412212908126543,0,-0.0085361128594623,0.00915556314442957,0.00469759572215446,0.113844221105528,0,"S7","null",1000,70,0.352588811263852,84.0885455869744,0,0,0,"quadratic",0.3,78,0
0.306685421408591,0.194878842698548,1,1,0.176949594970903,NA,0.988104991742115,1,0.0434345843693177,NA,0.264659271358262,0,0.211368750130789,0.331766147506695,NA,1,1,"S7","null",1000,70,0.352588811263852,89.34364441838,0,0,0,"quadratic",0.3,79,0
0.174070991301923,0.173632282986279,1,1,-0.0423107227922756,NA,0.412117525941774,0,-0.00160439584645331,NA,0.0371780254851901,0,-0.0264142850031151,0.0577285072923557,0.0157458347620744,0.368482412060302,0,"S7","null",1000,70,0.352588811263852,71.523510472423,0,0,0,"quadratic",0.3,80,0
0.22436575035398,0.195521257065142,1,1,0.0604749142926841,NA,0.562263444973272,0,0.00238458887810939,NA,0.0413367205640744,0,0.00502610594417042,0.0046913689689625,0.00288223858974139,0.0760753768844221,0,"S7","null",1000,70,0.352588811263852,74.0737053896014,0,0,0,"quadratic",0.3,81,0
0.16498470397362,0.241499974780938,1,1,-0.00734003865992488,NA,0.0765878010666793,0,0.00046605209496105,NA,0.0329283646619059,0,0.013158509994201,0.0500035262918137,0.012943436213836,0.322218592964824,0,"S7","null",1000,70,0.352588811263852,81.1435092384183,0,0,0,"quadratic",0.3,82,0
0.259999628816316,0.148382380479189,1,1,0.0113971961982727,NA,0.130636130306058,0,-0.0010618286800357,NA,0.0349547043817193,0,0.00186557588174037,0.00416151260209392,0.00268707921746727,0.0592763819095477,0,"S7","null",1000,70,0.352588811263852,86.3990687294893,0,0,0,"quadratic",0.3,83,0
0.111026485236453,0.211136725033047,1,1,-0.0400961468021783,NA,0.479177358148541,0,-0.000929923670013656,NA,0.0352269883089185,0,-0.0338799188078141,0.190340723498767,0.0171505542113105,0.909246231155779,1,"S7","null",1000,70,0.352588811263852,114.057973036504,0,0,0,"quadratic",0.3,84,0
0.270614034650196,0.174470584249348,1,1,0.166378644997591,NA,0.97700668289634,1,0.032754588259358,NA,0.212562144282822,0,0.227599467536698,0.26732282713235,NA,1,1,"S7","null",1000,70,0.352588811263852,92.7138703846657,0,0,0,"quadratic",0.3,85,0
0.103352658149595,0.180701884084826,1,1,-0.056668046541155,NA,0.606043465371318,0,-0.00390130853924085,NA,0.0538829031555806,0,-0.0451404747308987,0.286158616391468,NA,1,1,"S7","null",1000,70,0.352588811263852,93.0885276526935,0,0,0,"quadratic",0.3,86,0
0.152122057377995,0.186072097604677,1,1,0.045459648419728,NA,0.461448468119797,0,0.00230697220943515,NA,0.0410629428612299,0,0.050382697593413,0.135235336803365,0.016438092887408,0.795329145728643,1,"S7","null",1000,70,0.352588811263852,81.5561632924856,0,0,0,"quadratic",0.3,87,0
0.157996401123019,0.139448964630238,1,1,0.0446768646965187,NA,0.465493234360366,0,0.0018340369667041,NA,0.038700687057356,0,0.01393722879082,0.160818684674215,0.0140111725333807,0.847113065326633,1,"S7","null",1000,70,0.352588811263852,85.6195871503076,0,0,0,"quadratic",0.3,88,0
0.0257762270792601,0.193891063173404,1,1,-0.201172843200578,NA,0.993916697356047,1,-0.017176972950329,NA,0.135194809943299,0,-0.238628635650692,0.175102456541827,0.000695997387088628,0.999304020100503,1,"S7","null",1000,70,0.352588811263852,84.0603341309029,0,0,0,"quadratic",0.3,89,0
0.196472242500087,0.178332507008749,1,1,-0.0605228157072822,NA,0.596753555693794,0,0.000341714549960596,NA,0.0327218884463453,0,-0.0518873819918311,0.221306856730632,0.000605542853026617,0.999394472361809,1,"S7","null",1000,70,0.352588811263852,82.841417034156,0,0,0,"quadratic",0.3,90,0
0.0977081252689467,0.180516000232577,1,1,-0.0869733983016458,NA,0.788861491740261,0,-0.00381360455931392,NA,0.0529284903126551,0,-0.137997662547397,0.140929476123474,0.0147689786206194,0.869505025125628,1,"S7","null",1000,70,0.352588811263852,82.4943651506846,0,0,0,"quadratic",0.3,91,0
0.235484695953766,0.191578130163855,1,1,0.00106090356528575,NA,0.0113679047888818,0,-0.000455900818050095,NA,0.0328952472664032,0,0.0132545137812219,0.0722400967102239,0.0119292907941186,0.432515075376884,0,"S7","null",1000,70,0.352588811263852,87.3109502772924,0,0,0,"quadratic",0.3,92,0
0.11944297219653,0.156820471741917,1,1,-0.0636230265136577,NA,0.632911460285959,0,-0.00183614706046315,NA,0.038895857587187,0,-0.0692277375188494,0.12767859688101,0.0117916383987076,0.828706030150754,1,"S7","null",1000,70,0.352588811263852,84.1693996075594,0,0,0,"quadratic",0.3,93,0
0.236670321374438,0.13540954230727,1,1,0.0986287956474551,NA,0.803750891594589,0,0.0051083889944341,NA,0.0563760630839126,0,0.0482997720820195,0.0588647661475806,0.0139133987978476,0.452170854271357,0,"S7","null",1000,70,0.352588811263852,73.3000364615518,0,0,0,"quadratic",0.3,94,0
0.113328504211574,0.147397947015653,0.999999999999999,1,0.00961988226186476,NA,0.103509296457275,0,0.000384526783127962,NA,0.0327837613519489,0,0.0370036380354052,0.116984699198147,0.0198215759048822,0.652243718592965,1,"S7","null",1000,70,0.352588811263852,73.3326006541218,0,0,0,"quadratic",0.3,95,0
0.203245177695601,0.207413241883137,1,1,-0.00382109347924696,NA,0.0406756199833191,0,-1.13256132557997e-05,NA,0.0324156315951747,0,-0.025820518610119,0.338572084899921,NA,1,1,"S7","null",1000,70,0.352588811263852,77.8624121586857,0,0,0,"quadratic",0.3,96,0
0.213214573501581,0.164548353854022,1,1,0.0377179146556977,NA,0.424961702098999,0,0.00143644120294111,NA,0.0373027994452085,0,0.00910249982293698,0.0150612531506956,0.0062821032201144,0.155751256281407,0,"S7","null",1000,70,0.352588811263852,91.6445713079118,0,0,0,"quadratic",0.3,97,0
0.142238096489539,0.149024478048108,1,1,-0.0104221836272402,NA,0.120400908578325,0,0.000492639479501935,NA,0.0331382035742511,0,0.00422953697975692,0.0786990712722806,0.0134696477279282,0.455701005025126,0,"S7","null",1000,70,0.352588811263852,96.9531973695876,0,0,0,"quadratic",0.3,98,0
0.248448869732338,0.173344518010724,1,1,0.0941919348762232,NA,0.820273941143206,0,0.00569547674044889,NA,0.0645947804269121,0,0.0772350715870031,0.207336467545449,0.00862720311672703,0.946592964824121,1,"S7","null",1000,70,0.352588811263852,84.9361186472537,0,0,0,"quadratic",0.3,99,0
0.205456201041766,0.175802944533206,1,1,-0.0123117852884332,NA,0.133428080553016,0,-0.000107604827675212,NA,0.0324452414262202,0,-0.0172298213570535,0.0740290453182112,0.014017972145588,0.437515075376884,0,"S7","null",1000,70,0.352588811263852,87.0241068492464,0,0,0,"quadratic",0.3,100,0
0.549308757003105,0.353856073462903,1,1,0.300283947032034,NA,0.998812706367072,1,0.192934389526113,NA,0.690134278047398,1,0.312066690570087,0.424490859585443,NA,1,1,"S7","signal",1000,70,0.352588811263852,65.774038040452,0,0,0,"quadratic",0.05,1,1
0.487506116827358,0.327695060099718,1,1,0.24047456076511,NA,0.998871663513102,1,0.126738873287817,NA,0.587387665056265,1,0.206933216262486,0.379846433429924,NA,1,1,"S7","signal",1000,70,0.352588811263852,90.6543936278593,0,0,0,"quadratic",0.05,2,1
0.490825771474063,0.331358494418837,1,1,0.288312421813239,NA,0.999704210229853,1,0.223283647992669,NA,0.823370038374099,1,0.294240815531957,0.453426133125073,NA,1,1,"S7","signal",1000,70,0.352588811263852,83.3052268676585,0,0,0,"quadratic",0.05,3,1
0.519235246483423,0.307300664055815,1,1,0.302829580177237,NA,0.999919561823858,1,0.258108571207605,NA,0.929397542226992,1,0.306049312577599,0.217483824234266,NA,1,1,"S7","signal",1000,70,0.352588811263852,81.5809678898899,0,0,0,"quadratic",0.05,4,1
0.515684092041198,0.327751070838682,1,1,0.326821989843712,NA,0.999980943437163,1,0.249459866615286,NA,0.869644890650485,1,0.324676918582906,0.323325941566232,NA,1,1,"S7","signal",1000,70,0.352588811263852,76.4068856387273,0,0,0,"quadratic",0.05,5,1
0.461302275384416,0.359587884348639,1,1,0.167159365610046,NA,0.97309413919362,1,0.0145710892175865,NA,0.11006073465315,0,0.154338753465951,0.340708542635158,NA,1,1,"S7","signal",1000,70,0.352588811263852,84.2718147417414,0,0,0,"quadratic",0.05,6,1
0.425771910914584,0.321931951043415,1,1,0.161749363598921,NA,0.970304133234763,1,0.0218139880577959,NA,0.152742399775169,0,0.180378358214094,0.249490918522193,NA,1,1,"S7","signal",1000,70,0.352588811263852,80.8384576688619,0,0,0,"quadratic",0.05,7,1
0.503150035913132,0.32527524581751,1,1,0.359020370256017,NA,0.999994990367282,1,0.33403750158038,NA,0.992071723672543,1,0.353476139430456,0.35638642793355,NA,1,1,"S7","signal",1000,70,0.352588811263852,77.7111100519782,0,0,0,"quadratic",0.05,8,1
0.523545087460214,0.330427790710539,1,1,0.449948576063021,NA,0.999999987190972,1,0.403394656288259,NA,0.999338774083698,1,0.408646237477247,0.589667332670959,NA,1,1,"S7","signal",1000,70,0.352588811263852,77.7325349616744,0,0,0,"quadratic",0.05,9,1
0.484300232265827,0.319832197573536,1,1,0.262328405406947,NA,0.998985738324065,1,0.198020771869746,NA,0.76340272242602,1,0.225148543777836,0.157540809660544,0.000525577240342863,0.998982412060301,1,"S7","signal",1000,70,0.352588811263852,75.9793519451984,0,0,0,"quadratic",0.05,10,1
0.420364140314756,0.336588033046714,1,1,0.364126008193147,NA,0.999999051471313,1,0.31999543999058,NA,0.974810651336494,1,0.35551158850936,0.473208346466207,NA,1,1,"S7","signal",1000,70,0.352588811263852,84.1938530792683,0,0,0,"quadratic",0.05,11,1
0.542559064228956,0.348808137792482,1,1,0.288008990060983,NA,0.999784275553496,1,0.235948062921193,NA,0.86597059215147,1,0.27963879474627,0.253344742133002,NA,1,1,"S7","signal",1000,70,0.352588811263852,83.4543392309877,0,0,0,"quadratic",0.05,12,1
0.449921627451425,0.32593265500892,1,1,0.270615035543317,NA,0.999621325835527,1,0.191836655988818,NA,0.788353628322502,1,0.248115385504036,0.339821676031214,NA,1,1,"S7","signal",1000,70,0.352588811263852,85.4562860864951,0,0,0,"quadratic",0.05,13,1
0.45887446166777,0.336507533732488,1,1,0.297249560900658,NA,0.999972170600104,1,0.28207001969817,NA,0.981843967872902,1,0.289397095230117,0.422978528436468,NA,1,1,"S7","signal",1000,70,0.352588811263852,90.6823365839751,0,0,0,"quadratic",0.05,14,1
0.473959512263705,0.338071712989511,1,1,0.409972073734412,NA,0.9999997756845,1,0.376655654402112,NA,0.99855904632875,1,0.413898577971051,0.229236543435614,NA,1,1,"S7","signal",1000,70,0.352588811263852,74.015745337511,0,0,0,"quadratic",0.05,15,1
0.474115522749896,0.333948238090982,1,1,0.257546724682473,NA,0.998681868658665,1,0.0764794448198955,NA,0.357990318613001,0,0.248805416742331,0.29993975086278,NA,1,1,"S7","signal",1000,70,0.352588811263852,81.2632398873553,0,0,0,"quadratic",0.05,16,1
0.519256296930033,0.341128767137677,1,1,0.357208775828748,NA,0.999996284391224,1,0.363527658195809,NA,0.999330817220784,1,0.418018549295032,0.318382443950753,NA,1,1,"S7","signal",1000,70,0.352588811263852,83.473919305523,0,0,0,"quadratic",0.05,17,1
0.468608275163123,0.339656566067371,1,1,0.297511542064704,NA,0.999916102873883,1,0.215930173356322,NA,0.822431188448493,1,0.33240942593474,0.443420843460171,NA,1,1,"S7","signal",1000,70,0.352588811263852,85.1056723857785,0,0,0,"quadratic",0.05,18,1
0.531080302583612,0.321155712634378,1,1,0.281760157213034,NA,0.998205480218218,1,0.177795266765458,NA,0.646005758924374,1,0.288327063045096,0.390844499966784,NA,1,1,"S7","signal",1000,70,0.352588811263852,59.6927309936947,0,0,0,"quadratic",0.05,19,1
0.513878344318571,0.314653144991977,1,1,0.308250043111384,NA,0.99998235245869,1,0.224235708901643,NA,0.872766597088302,1,0.285127642912514,0.346451673345477,NA,1,1,"S7","signal",1000,70,0.352588811263852,86.8346614115873,0,0,0,"quadratic",0.05,20,1
0.486665192277537,0.346901867017265,1,1,0.364078811364568,NA,0.999998341077991,1,0.350620225833634,NA,0.998717283756435,1,0.353334903879176,0.382118979351508,NA,1,1,"S7","signal",1000,70,0.352588811263852,92.865064054306,0,0,0,"quadratic",0.05,21,1
0.410477121222127,0.327104532443655,1,1,0.282086005034414,NA,0.999963990201674,1,0.24226711291976,NA,0.944652090890051,1,0.334297877757168,0.350879070858074,NA,1,1,"S7","signal",1000,70,0.352588811263852,98.9651246024858,0,0,0,"quadratic",0.05,22,1
0.497669541414763,0.346739050867586,1,1,0.329464466335501,NA,0.999975385630097,1,0.268758767445425,NA,0.924778675567319,1,0.34126071691087,0.398224961881327,NA,1,1,"S7","signal",1000,70,0.352588811263852,85.2285508357663,0,0,0,"quadratic",0.05,23,1
0.537510068843508,0.309664865443893,1,1,0.368923603496347,NA,0.999997417575452,1,0.279909781990477,NA,0.911550223272086,1,0.365693624243834,0.242861310959244,NA,1,1,"S7","signal",1000,70,0.352588811263852,79.9750696864678,0,0,0,"quadratic",0.05,24,1
0.528453508053083,0.336417109109034,1,1,0.427004498599367,NA,0.999999999252022,1,0.388855682226981,NA,0.999925313952912,1,0.435706958673078,0.344160635586847,NA,1,1,"S7","signal",1000,70,0.352588811263852,98.1025157218264,0,0,0,"quadratic",0.05,25,1
0.476177273276781,0.324429409757126,1,1,0.276458916776869,NA,0.999832055064012,1,0.267785194225837,NA,0.962138182901133,1,0.28810210960995,0.347410670137697,NA,1,1,"S7","signal",1000,70,0.352588811263852,88.9621122447542,0,0,0,"quadratic",0.05,26,1
0.524417816593494,0.324277485967953,1,1,0.263840880405749,NA,0.998813302454727,1,0.0874461264842629,NA,0.399180666431236,0,0.251509967129094,0.313232826488704,NA,1,1,"S7","signal",1000,70,0.352588811263852,72.7431290452929,0,0,0,"quadratic",0.05,27,1
0.457687902010155,0.312308118437165,1,1,0.264957986905426,NA,0.999746373753581,1,0.163711340837869,NA,0.725662953576111,1,0.293140522744644,0.344765524601366,NA,1,1,"S7","signal",1000,70,0.352588811263852,84.5062420534549,0,0,0,"quadratic",0.05,28,1
0.56106211092538,0.325464110655712,1,1,0.320999141428677,NA,0.999938889147444,1,0.304731347022468,NA,0.965031056919568,1,0.29221999375927,0.410254125050785,NA,1,1,"S7","signal",1000,70,0.352588811263852,84.6155019575667,0,0,0,"quadratic",0.05,29,1
0.514997567235649,0.353387890233293,1,1,0.417814752506915,NA,0.999999857059864,1,0.361374857163066,NA,0.996463115940203,1,0.442128013326485,0.174473125718466,NA,1,1,"S7","signal",1000,70,0.352588811263852,75.2765368257726,0,0,0,"quadratic",0.05,30,1
0.527869258749646,0.346749494813394,1,1,0.450950563567424,NA,0.999999997279932,1,0.39645747116597,NA,0.999680831776644,1,0.504643258755321,0.329133035748079,NA,1,1,"S7","signal",1000,70,0.352588811263852,79.8467817414484,0,0,0,"quadratic",0.05,31,1
0.614755167391379,0.322907894255925,1,1,0.314924764982732,NA,0.999703463465909,1,0.269540746552531,NA,0.881636910214278,1,0.312022099975032,0.493029881435923,NA,1,1,"S7","signal",1000,70,0.352588811263852,68.7050515913399,0,0,0,"quadratic",0.05,32,1
0.536925833768498,0.325688194304468,1,1,0.354452184021222,NA,0.999999722802526,1,0.296943271409549,NA,0.990879744951189,1,0.364446137684962,0.29377379422212,NA,1,1,"S7","signal",1000,70,0.352588811263852,105.91291873794,0,0,0,"quadratic",0.05,33,1
0.485190494250841,0.35460904036963,1,1,0.32806137938331,NA,0.999944487280839,1,0.300032422628851,NA,0.943969420264254,1,0.282981809344193,0.476142873119468,NA,1,1,"S7","signal",1000,70,0.352588811263852,69.4453046462814,0,0,0,"quadratic",0.05,34,1
0.519668709399218,0.310235680060137,1,1,0.339242159236444,NA,0.999996407450005,1,0.29962852522464,NA,0.975961324137648,1,0.396202734507743,0.370242916020523,NA,1,1,"S7","signal",1000,70,0.352588811263852,85.4041394294693,0,0,0,"quadratic",0.05,35,1
0.47342658380711,0.350699573816916,1,1,0.173704675160857,NA,0.969999059517929,1,0.0680092059564548,NA,0.342756025491508,0,0.138528152251747,0.256298318317617,1.75883816231824e-05,0.999982412060301,1,"S7","signal",1000,70,0.352588811263852,83.4092673075591,0,0,0,"quadratic",0.05,36,1
0.476585299298446,0.326753173683904,1,1,0.335417085990293,NA,0.999993104583582,1,0.359666377172002,NA,0.999417052145934,1,0.332963302992996,0.298812976685235,NA,1,1,"S7","signal",1000,70,0.352588811263852,88.7637380279911,0,0,0,"quadratic",0.05,37,1
0.491963219901426,0.339680066895488,1,1,0.332563121795164,NA,0.999982626868025,1,0.318438564114759,NA,0.979708226981469,1,0.361332073053714,0.366652043362285,NA,1,1,"S7","signal",1000,70,0.352588811263852,85.4749980083402,0,0,0,"quadratic",0.05,38,1
0.553803105354572,0.336007151371068,1,1,0.370585082396275,NA,0.999980455236687,1,0.36162617424785,NA,0.989093248721641,1,0.333020731620523,0.368253249548729,NA,1,1,"S7","signal",1000,70,0.352588811263852,64.8344541295248,0,0,0,"quadratic",0.05,39,1
0.474728921127505,0.335295261200369,1,1,0.332997005559756,NA,0.999999545769583,1,0.299824082206343,NA,0.990872091957951,1,0.361167051133637,0.273965856548753,NA,1,1,"S7","signal",1000,70,0.352588811263852,106.072208831705,0,0,0,"quadratic",0.05,40,1
0.438103756511978,0.285764021735038,1,1,0.226207857846679,NA,0.997407492114355,1,0.0945188160556565,NA,0.448841653982392,0,0.22598512787492,0.178190000700026,0.00358379680846793,0.992447236180904,1,"S7","signal",1000,70,0.352588811263852,72.9084392378674,0,0,0,"quadratic",0.05,41,1
0.483141513261388,0.344051967768751,1,1,0.352408595156536,NA,0.999994618842345,1,0.338621930759023,NA,0.995077296457401,1,0.309933911358419,0.309295182719947,NA,1,1,"S7","signal",1000,70,0.352588811263852,78.6503260272707,0,0,0,"quadratic",0.05,42,1
0.487702410363666,0.346452332644934,1,1,0.222969151788152,NA,0.993956681078124,1,0.107551255519194,NA,0.488315915165245,0,0.230023109831952,0.455900698270481,NA,1,1,"S7","signal",1000,70,0.352588811263852,69.0923140977729,0,0,0,"quadratic",0.05,43,1
0.466559001240354,0.320124830603957,1,1,0.316685675673817,NA,0.999933616832879,1,0.21497756876814,NA,0.796654696295689,1,0.263181071688788,0.306003028724081,NA,1,1,"S7","signal",1000,70,0.352588811263852,75.0656382510003,0,0,0,"quadratic",0.05,44,1
0.497221682414211,0.361199818837614,1,1,0.36858765423954,NA,0.99999989981452,1,0.36534324836085,NA,0.999979965287674,1,0.362368507837416,0.365996260835413,NA,1,1,"S7","signal",1000,70,0.352588811263852,101.757991523783,0,0,0,"quadratic",0.05,45,1
0.546990082223317,0.334737526227464,1,1,0.329381277163751,NA,0.999980414524863,1,0.267366712702488,NA,0.937128681511702,1,0.344527054349951,0.212225526374016,NA,1,1,"S7","signal",1000,70,0.352588811263852,92.9407592948188,0,0,0,"quadratic",0.05,46,1
0.498168090686054,0.318856732182372,1,1,0.332791816178999,NA,0.999995674413248,1,0.319949408777683,NA,0.996610555589843,1,0.282234889097101,0.398564697292239,NA,1,1,"S7","signal",1000,70,0.352588811263852,96.4142186181872,0,0,0,"quadratic",0.05,47,1
0.449504546123892,0.317269961790568,1,1,0.392868451702796,NA,0.999999992764076,1,0.352628739991828,NA,0.999668597133334,1,0.37160471577348,0.397694967491028,NA,1,1,"S7","signal",1000,70,0.352588811263852,97.2194213567512,0,0,0,"quadratic",0.05,48,1
0.476950094997532,0.333027838225544,1,1,0.292200355355177,NA,0.999398290363171,1,0.239158003918726,NA,0.825883368290224,1,0.288553963829623,0.325701939024131,NA,1,1,"S7","signal",1000,70,0.352588811263852,73.4854984421089,0,0,0,"quadratic",0.05,49,1
0.438877460701139,0.334952641322684,1,1,0.216848581855171,NA,0.997341624415456,1,0.154242307209967,NA,0.699056143002461,1,0.21836529259166,0.30822630428387,NA,1,1,"S7","signal",1000,70,0.352588811263852,87.3817714422753,0,0,0,"quadratic",0.05,50,1
0.509520888321231,0.34258525040011,1,1,0.26174367691975,NA,0.999220113506461,1,0.159767111567367,NA,0.670588557022497,1,0.191979172214646,0.306694967289918,NA,1,1,"S7","signal",1000,70,0.352588811263852,76.650820789455,0,0,0,"quadratic",0.05,51,1
0.560191941429353,0.33679817946292,1,1,0.453248442746082,NA,0.999999970723978,1,0.433023443965778,NA,0.999887721869354,1,0.443031280128393,0.347023846865429,NA,1,1,"S7","signal",1000,70,0.352588811263852,79.1233596847311,0,0,0,"quadratic",0.05,52,1
0.512175026346892,0.365418250198914,1,1,0.289744475229605,NA,0.999698646501792,1,0.164337983070186,NA,0.653585060303312,1,0.286416449477221,0.342685202832877,NA,1,1,"S7","signal",1000,70,0.352588811263852,74.7205854493484,0,0,0,"quadratic",0.05,53,1
0.485190076182177,0.325196498315719,1,1,0.362110771063651,NA,0.999998858392323,1,0.283361822290243,NA,0.943823777277779,1,0.406137946733469,0.31597201418174,NA,1,1,"S7","signal",1000,70,0.352588811263852,83.843515220463,0,0,0,"quadratic",0.05,54,1
0.48564940006024,0.329087259197491,1,1,0.278493722871367,NA,0.999693151451564,1,0.180916947022836,NA,0.720441510354577,1,0.276866476617147,0.363123942771498,NA,1,1,"S7","signal",1000,70,0.352588811263852,86.7021806014851,0,0,0,"quadratic",0.05,55,1
0.462512756743919,0.359163478727939,1,1,0.210149294660686,NA,0.996254050193037,1,0.180234483918602,NA,0.790685304976586,1,0.216900623426476,0.296341407084461,NA,1,1,"S7","signal",1000,70,0.352588811263852,94.5372793833007,0,0,0,"quadratic",0.05,56,1
0.45435033811532,0.331909369774594,1,1,0.297925445938066,NA,0.999799386980646,1,0.158554003456933,NA,0.636029482190366,1,0.336963768559305,0.40821620599673,NA,1,1,"S7","signal",1000,70,0.352588811263852,69.7935581387473,0,0,0,"quadratic",0.05,57,1
0.479239243317378,0.301858407046447,1,1,0.314874902263845,NA,0.999971530229472,1,0.264397503620235,NA,0.924320895502943,1,0.282905263636811,0.265752789911324,NA,1,1,"S7","signal",1000,70,0.352588811263852,86.4524739036777,0,0,0,"quadratic",0.05,58,1
0.493394205857848,0.307947796623378,1,1,0.299863614255902,NA,0.999896469866397,1,0.249046160849437,NA,0.884524444001204,1,0.323603848154735,0.30568289047842,NA,1,1,"S7","signal",1000,70,0.352588811263852,86.3681986220392,0,0,0,"quadratic",0.05,59,1
0.478352488884006,0.350172695111751,1,1,0.359018284379133,NA,0.99999788088166,1,0.341890311453442,NA,0.997799300907959,1,0.406278052381599,0.411353818887378,NA,1,1,"S7","signal",1000,70,0.352588811263852,83.5036659858505,0,0,0,"quadratic",0.05,60,1
0.502299022446544,0.326211943839528,1,1,0.266425793723372,NA,0.999638578960164,1,0.177202556003219,NA,0.749175775053545,1,0.312343913806975,0.281115125215046,NA,1,1,"S7","signal",1000,70,0.352588811263852,83.5027053676967,0,0,0,"quadratic",0.05,61,1
0.515856570377529,0.308733820908782,1,1,0.315003890130107,NA,0.999987378803588,1,0.259385996733899,NA,0.935091850545785,1,0.304751206707245,0.276873109334521,NA,1,1,"S7","signal",1000,70,0.352588811263852,84.411435296579,0,0,0,"quadratic",0.05,62,1
0.445550144717684,0.335932442326331,1,1,0.275377308503895,NA,0.999553604533925,1,0.292309130775064,NA,0.967105950546938,1,0.288051168483808,0.376027067309444,NA,1,1,"S7","signal",1000,70,0.352588811263852,74.9987171583599,0,0,0,"quadratic",0.05,63,1
0.530263288175505,0.309890612077762,1,1,0.388124535675149,NA,0.999996371692125,1,0.318677680762116,NA,0.957220092291126,1,0.352860079932659,0.251082212081783,NA,1,1,"S7","signal",1000,70,0.352588811263852,66.4070287874928,0,0,0,"quadratic",0.05,64,1
0.436385226736567,0.316604472730673,1,1,0.335434234172274,NA,0.999999389651355,1,0.314844428291152,NA,0.998460487053781,1,0.307387146509194,0.325137161452424,NA,1,1,"S7","signal",1000,70,0.352588811263852,103.411415904868,0,0,0,"quadratic",0.05,65,1
0.486895378780146,0.303426044500609,1,1,0.291844315745969,NA,0.999972163773173,1,0.212536815438537,NA,0.861043997469181,1,0.326199820357541,0.375148855921861,NA,1,1,"S7","signal",1000,70,0.352588811263852,83.8547657630553,0,0,0,"quadratic",0.05,66,1
0.455274221070671,0.329140577422672,1,1,0.318568410512183,NA,0.999951120579435,1,0.287251382763944,NA,0.968884886452428,1,0.329379900489104,0.223242485501194,NA,1,1,"S7","signal",1000,70,0.352588811263852,79.5843646901684,0,0,0,"quadratic",0.05,67,1
0.526322019880741,0.31516890557895,1,1,0.373923169562221,NA,0.999999252450598,1,0.345647550256102,NA,0.996548336313222,1,0.340566206545825,0.307287554025115,NA,1,1,"S7","signal",1000,70,0.352588811263852,90.5980177830857,0,0,0,"quadratic",0.05,68,1
0.516485512233203,0.324541065248319,1,1,0.257937289921302,NA,0.999096239823166,1,0.221876350130821,NA,0.846160770092269,1,0.281289917233672,0.297396047100604,NA,1,1,"S7","signal",1000,70,0.352588811263852,76.1911570339058,0,0,0,"quadratic",0.05,69,1
0.465766110525947,0.339142772489981,1,1,0.328707847177866,NA,0.99996427073186,1,0.323125421868684,NA,0.988480633737503,1,0.32474071536253,0.296822979971226,NA,1,1,"S7","signal",1000,70,0.352588811263852,80.1817715492656,0,0,0,"quadratic",0.05,70,1
0.44427916295324,0.346396994277545,1,1,0.204956093073986,NA,0.991302919487967,1,0.066970374329531,NA,0.353418447099871,0,0.207137941810219,0.333244221541105,NA,1,1,"S7","signal",1000,70,0.352588811263852,76.220678128191,0,0,0,"quadratic",0.05,71,1
0.512425424197534,0.293208120948349,1,1,0.278707583801153,NA,0.999942725025043,1,0.252386517071541,NA,0.951827689609858,1,0.259072584992503,0.240873227796776,NA,1,1,"S7","signal",1000,70,0.352588811263852,100.075036081673,0,0,0,"quadratic",0.05,72,1
0.48907170583936,0.334471138466668,1,1,0.326021370238315,NA,0.999969788927874,1,0.226966525186838,NA,0.826640069225341,1,0.329216989523466,0.341829276861234,NA,1,1,"S7","signal",1000,70,0.352588811263852,82.0408631431038,0,0,0,"quadratic",0.05,73,1
0.494397736950262,0.33930965347012,1,1,0.326316880016956,NA,0.99998178185006,1,0.30806954979765,NA,0.985604210373263,1,0.311310097123654,0.388025643477781,NA,1,1,"S7","signal",1000,70,0.352588811263852,86.2385431388984,0,0,0,"quadratic",0.05,74,1
0.481586410797729,0.334128405194763,1,1,0.264190359990235,NA,0.999740481566896,1,0.208565069837336,NA,0.844945845623807,1,0.306158727455898,0.298320349542833,NA,1,1,"S7","signal",1000,70,0.352588811263852,89.5015293376503,0,0,0,"quadratic",0.05,75,1
0.535979987036576,0.305344386522987,1,1,0.410308543307355,NA,0.999998495427728,1,0.392310235475325,NA,0.996742559773128,1,0.396449478245798,0.31258168139613,NA,1,1,"S7","signal",1000,70,0.352588811263852,65.4618600819147,0,0,0,"quadratic",0.05,76,1
0.507727060116399,0.307834600214646,1,1,0.327465895580885,NA,0.999980391360568,1,0.276579988213448,NA,0.950202025330616,1,0.393166314170581,0.451482837135543,NA,1,1,"S7","signal",1000,70,0.352588811263852,87.5493135840853,0,0,0,"quadratic",0.05,77,1
0.472408481840532,0.321721856223401,1,1,0.352471988817201,NA,0.999999556977353,1,0.313161169181564,NA,0.994424485080766,1,0.360917120719515,0.241838108020011,NA,1,1,"S7","signal",1000,70,0.352588811263852,95.0337007788262,0,0,0,"quadratic",0.05,78,1
0.467798281024993,0.337067046832941,1,1,0.31266718453419,NA,0.999991549606505,1,0.274594582435176,NA,0.969877905748187,1,0.356223718386436,0.276290786951833,NA,1,1,"S7","signal",1000,70,0.352588811263852,105.198217051078,0,0,0,"quadratic",0.05,79,1
0.4648355621159,0.331425521152506,1,1,0.315967400565712,NA,0.999991980499915,1,0.289506152796164,NA,0.981096684529297,1,0.299008835463283,0.447500052137062,NA,1,1,"S7","signal",1000,70,0.352588811263852,91.3540187486317,0,0,0,"quadratic",0.05,80,1
0.471704879925495,0.323419075305825,1,1,0.291787066136407,NA,0.999977693287672,1,0.260171779812382,NA,0.959590710532625,1,0.316506529482578,0.322809701787285,NA,1,1,"S7","signal",1000,70,0.352588811263852,102.099086726096,0,0,0,"quadratic",0.05,81,1
0.53873933453964,0.311262379260796,1,1,0.328659327725317,NA,0.999952624826562,1,0.284373891952493,NA,0.940071009273183,1,0.318955947007112,0.305395268810009,NA,1,1,"S7","signal",1000,70,0.352588811263852,75.2437890029846,0,0,0,"quadratic",0.05,82,1
0.461185084468723,0.311441553549131,1,1,0.307463967073128,NA,0.99998239436875,1,0.286660712354564,NA,0.980227498099367,1,0.327221763889786,0.396889904535536,NA,1,1,"S7","signal",1000,70,0.352588811263852,91.7416926149121,0,0,0,"quadratic",0.05,83,1
0.452406628293841,0.316897121347455,1,1,0.120767480616188,NA,0.891710914221581,0,0.00639107746072648,NA,0.0647841986715589,0,0.0944903504336156,0.252597400291344,0.00491976614041971,0.984896984924623,1,"S7","signal",1000,70,0.352588811263852,81.9010689946369,0,0,0,"quadratic",0.05,84,1
0.485850161752863,0.311371266056366,1,1,0.275824611564397,NA,0.999941405439169,1,0.242600454632811,NA,0.951196059409922,1,0.278546627012463,0.298075969165467,NA,1,1,"S7","signal",1000,70,0.352588811263852,97.1594908588213,0,0,0,"quadratic",0.05,85,1
0.498759684054223,0.310581020316297,1,1,0.363608145321002,NA,0.999999005375183,1,0.301893434992432,NA,0.968811220753167,1,0.379542624476986,0.343650620070905,NA,1,1,"S7","signal",1000,70,0.352588811263852,89.1739223965183,0,0,0,"quadratic",0.05,86,1
0.518398251619367,0.319206697474655,1,1,0.298394978432703,NA,0.999795620885378,1,0.149832319363233,NA,0.603911419219458,1,0.283081856067722,0.395892747535836,NA,1,1,"S7","signal",1000,70,0.352588811263852,80.8267450780493,0,0,0,"quadratic",0.05,87,1
0.394741390134915,0.348079798983451,1,1,0.203172040536594,NA,0.990557198087934,1,0.0654137135981535,NA,0.336523420885543,0,0.201705443143122,0.447207590020701,NA,1,1,"S7","signal",1000,70,0.352588811263852,78.4845093449937,0,0,0,"quadratic",0.05,88,1
0.450933514404218,0.348728963163279,1,1,0.274417519915948,NA,0.999815855641819,1,0.239307266567236,NA,0.912014142568567,1,0.275480679619533,0.461026943299727,NA,1,1,"S7","signal",1000,70,0.352588811263852,91.1658018746945,0,0,0,"quadratic",0.05,89,1
0.515173952781246,0.348845682024067,1,1,0.337491707193343,NA,0.999973223817295,1,0.214268086979805,NA,0.76053499199721,1,0.30619093581731,0.251254645340687,NA,1,1,"S7","signal",1000,70,0.352588811263852,71.4541930997729,0,0,0,"quadratic",0.05,90,1
0.522070770371545,0.329505821306879,1,1,0.40799890036693,NA,0.999997608933538,1,0.408887252667767,NA,0.998685312077251,1,0.386210025205156,0.410694376692843,NA,1,1,"S7","signal",1000,70,0.352588811263852,64.6014595124725,0,0,0,"quadratic",0.05,91,1
0.498668944496469,0.314718606497044,1,1,0.312572481228574,NA,0.999987696417371,1,0.288333553704989,NA,0.982033691557237,1,0.347518402605581,0.386908087380089,NA,1,1,"S7","signal",1000,70,0.352588811263852,88.8798144779456,0,0,0,"quadratic",0.05,92,1
0.497655974758357,0.331942614953625,1,1,0.371016506465507,NA,0.999999375248314,1,0.326802780257148,NA,0.994004078466002,1,0.400841952046614,0.514449447070366,NA,1,1,"S7","signal",1000,70,0.352588811263852,90.4892033541859,0,0,0,"quadratic",0.05,93,1
0.484500354803338,0.276310547958375,1,1,0.330007407267609,NA,0.999991722400654,1,0.291075748638909,NA,0.972262643203112,1,0.342601254674381,0.265854400375901,NA,1,1,"S7","signal",1000,70,0.352588811263852,83.567751653817,0,0,0,"quadratic",0.05,94,1
0.486812063742932,0.305703261016415,1,1,0.334352387814586,NA,0.999994016210704,1,0.291384586638221,NA,0.979310864681167,1,0.33213291804179,0.33953646048972,NA,1,1,"S7","signal",1000,70,0.352588811263852,92.6258065306783,0,0,0,"quadratic",0.05,95,1
0.473748700319906,0.316837179552718,1,1,0.298438617887074,NA,0.999956621328246,1,0.244212062577157,NA,0.919312653195866,1,0.30949556988214,0.337240339559397,NA,1,1,"S7","signal",1000,70,0.352588811263852,89.0787285765683,0,0,0,"quadratic",0.05,96,1
0.505299961034192,0.326178670386902,1,1,0.458168221238723,NA,0.99999997813536,1,0.414797842222807,NA,0.999481141107401,1,0.437945910669776,0.344565940141745,NA,1,1,"S7","signal",1000,70,0.352588811263852,74.9118144029587,0,0,0,"quadratic",0.05,97,1
0.506628582733808,0.352643423183303,1,1,0.325646552531052,NA,0.999942961627052,1,0.26140067205718,NA,0.898937095639017,1,0.371534323479553,0.424357588759229,NA,1,1,"S7","signal",1000,70,0.352588811263852,72.1685853591777,0,0,0,"quadratic",0.05,98,1
0.462631597202454,0.307080090657562,1,1,0.294047429653302,NA,0.999940462095592,1,0.18574540486086,NA,0.75265827502267,1,0.297629064682475,0.287258153607522,NA,1,1,"S7","signal",1000,70,0.352588811263852,83.8526915793285,0,0,0,"quadratic",0.05,99,1
0.404422493240924,0.296210944059012,1,1,0.189682547555361,NA,0.996072403275197,1,0.0657064692814023,NA,0.375441511911855,0,0.242239273674476,0.195868466123744,NA,1,1,"S7","signal",1000,70,0.352588811263852,97.6888482966421,0,0,0,"quadratic",0.05,100,1
0.499187823852338,0.369923725846176,1,1,0.314888089219785,NA,0.999874532658546,1,0.235139473799096,NA,0.830217468957621,1,0.323736677409698,0.35633738936384,NA,1,1,"S7","signal",1000,70,0.352588811263852,71.8809054503755,0,0,0,"quadratic",0.1,1,1
0.441072467685446,0.342666983420849,1,1,0.205102110900408,NA,0.987448955384058,1,0.0874948714245937,NA,0.40974161045985,0,0.204415553957121,0.284449357582529,NA,1,1,"S7","signal",1000,70,0.352588811263852,72.898614553522,0,0,0,"quadratic",0.1,2,1
0.472345932978805,0.357805172607961,1,1,0.328809460037252,NA,0.999951973385481,1,0.256246864198002,NA,0.876024484723643,1,0.371906704635866,0.42323828645319,NA,1,1,"S7","signal",1000,70,0.352588811263852,72.2551006352788,0,0,0,"quadratic",0.1,3,1
0.504740030915624,0.322649254087063,1,1,0.367402547606412,NA,0.999996129984403,1,0.367722936200667,NA,0.99761526978561,1,0.370664206317692,0.254171630867434,NA,1,1,"S7","signal",1000,70,0.352588811263852,76.1947922259038,0,0,0,"quadratic",0.1,4,1
0.46524433868967,0.356690964759876,1,1,0.162591903850094,NA,0.952421906429899,1,0.00973176262127536,NA,0.0783559209434685,0,0.128264895472926,0.233286310669647,0.00588679775266656,0.982241206030151,1,"S7","signal",1000,70,0.352588811263852,71.6445509720672,0,0,0,"quadratic",0.1,5,1
0.514940468825267,0.402729472559984,1,1,0.421342793265332,NA,0.999999982887999,1,0.410057008076552,NA,0.999977188089616,1,0.420876471557684,0.34382259919226,NA,1,1,"S7","signal",1000,70,0.352588811263852,106.776706941309,0,0,0,"quadratic",0.1,6,1
0.515605529292971,0.33316186695931,1,1,0.379432578425203,NA,0.99999896409595,1,0.300454486807002,NA,0.955089637131768,1,0.314367787953889,0.377290726135799,NA,1,1,"S7","signal",1000,70,0.352588811263852,87.7084737497828,0,0,0,"quadratic",0.1,7,1
0.47981035153963,0.35488878351953,1,1,0.320780005622611,NA,0.999947631384833,1,0.312435426118531,NA,0.983792805500776,1,0.378145599006938,0.355717421717428,NA,1,1,"S7","signal",1000,70,0.352588811263852,82.011542888892,0,0,0,"quadratic",0.1,8,1
0.435664296024739,0.371945473799233,1,1,0.16811626097247,NA,0.977399385941287,1,0.0283338272514719,NA,0.183458904000564,0,0.165942461033413,0.400542837477569,NA,1,1,"S7","signal",1000,70,0.352588811263852,80.0329069999534,0,0,0,"quadratic",0.1,9,1
0.531104768429418,0.35435923360992,1,1,0.395198427162404,NA,0.999999356335714,1,0.386065115825164,NA,0.999494701084036,1,0.359485149453076,0.451963234888509,NA,1,1,"S7","signal",1000,70,0.352588811263852,87.4926088409141,0,0,0,"quadratic",0.1,10,1
0.434008875175824,0.368346529670019,1,1,0.188533618367903,NA,0.988547451407323,1,0.0466922439894096,NA,0.262387496989321,0,0.198087606873131,0.406441796123617,NA,1,1,"S7","signal",1000,70,0.352588811263852,87.4766723484652,0,0,0,"quadratic",0.1,11,1
0.486069904989651,0.349858935314793,1,1,0.340943041358286,NA,0.99998710709522,1,0.189574791763898,NA,0.711410895153752,1,0.337183968369918,0.408809607291399,NA,1,1,"S7","signal",1000,70,0.352588811263852,80.6334571097105,0,0,0,"quadratic",0.1,12,1
0.48119158133934,0.341891973422305,1,1,0.412367985127933,NA,0.999999987158909,1,0.351711275428224,NA,0.99736976415586,1,0.441312601785641,0.428722209574104,NA,1,1,"S7","signal",1000,70,0.352588811263852,89.0551225491578,0,0,0,"quadratic",0.1,13,1
0.488820202096736,0.356599829992211,1,1,0.25519077211761,NA,0.997221050056014,1,0.0896683630145268,NA,0.38897878761151,0,0.230143669143491,0.28172286811586,0.00200597755438643,0.997557788944724,1,"S7","signal",1000,70,0.352588811263852,65.4627088428714,0,0,0,"quadratic",0.1,14,1
0.587238616928007,0.349503568537141,1,1,0.439464309931705,NA,0.999999968494981,1,0.415951013217052,NA,0.999931183134053,1,0.476109428455769,0.380592477014401,NA,1,1,"S7","signal",1000,70,0.352588811263852,82.6787272919741,0,0,0,"quadratic",0.1,15,1
0.466943531497496,0.336590170731216,1,1,0.34092927666132,NA,0.999991593606138,1,0.223288564049774,NA,0.799367685508977,1,0.367433500593874,0.340282597925993,NA,1,1,"S7","signal",1000,70,0.352588811263852,78.1424414214261,0,0,0,"quadratic",0.1,16,1
0.546062188796703,0.366080049910864,1,1,0.356072332222351,NA,0.99999748733854,1,0.296850046088367,NA,0.946674636270652,1,0.427468702519482,0.334921769914975,NA,1,1,"S7","signal",1000,70,0.352588811263852,92.0278548810706,0,0,0,"quadratic",0.1,17,1
0.483215273529321,0.354654560290244,1,1,0.378795322101553,NA,0.999998465868653,1,0.32326388152697,NA,0.981941137788026,1,0.401797924509816,0.410991776257826,NA,1,1,"S7","signal",1000,70,0.352588811263852,83.4507126477884,0,0,0,"quadratic",0.1,18,1
0.442086847788047,0.353141473469483,1,1,0.216066865482555,NA,0.98977484496814,1,0.0543655463410002,NA,0.269460335108805,0,0.249940320613279,0.423258367163721,NA,1,1,"S7","signal",1000,70,0.352588811263852,73.1571728062721,0,0,0,"quadratic",0.1,19,1
0.526243030845094,0.371145967832576,1,1,0.398090954097828,NA,0.999999659886659,1,0.384835805307676,NA,0.999860741410656,1,0.388685216470223,0.257607557422195,NA,1,1,"S7","signal",1000,70,0.352588811263852,90.6896748666133,0,0,0,"quadratic",0.1,20,1
0.513243547560145,0.366716177116053,1,1,0.404675519818824,NA,0.999999521008472,1,0.394052355168735,NA,0.999679216647249,1,0.403448145605733,0.470556090958384,NA,1,1,"S7","signal",1000,70,0.352588811263852,87.9575310862913,0,0,0,"quadratic",0.1,21,1
0.460163081832354,0.358456085984245,1,1,0.359773120954921,NA,0.999999795897577,1,0.341265699159803,NA,0.999417599531837,1,0.367660277582272,0.529439054770836,NA,1,1,"S7","signal",1000,70,0.352588811263852,117.063945006452,0,0,0,"quadratic",0.1,22,1
0.439539203437956,0.345576591326739,1,1,0.249963174254715,NA,0.99963952426126,1,0.201618642509605,NA,0.850898068811653,1,0.241753404498072,0.374776091508516,NA,1,1,"S7","signal",1000,70,0.352588811263852,101.710906473911,0,0,0,"quadratic",0.1,23,1
0.471189505606111,0.350195784402514,1,1,0.332850295214067,NA,0.999997489951251,1,0.272452467971825,NA,0.949273485649664,1,0.313976667461292,0.361347072864534,NA,1,1,"S7","signal",1000,70,0.352588811263852,98.5668788711634,0,0,0,"quadratic",0.1,24,1
0.473339402178831,0.378784496547471,1,1,0.262021074516085,NA,0.999453428866892,1,0.169244095592225,NA,0.706835470799095,1,0.249300781789537,0.335088478780466,NA,1,1,"S7","signal",1000,70,0.352588811263852,88.6666724079707,0,0,0,"quadratic",0.1,25,1
0.473858329985157,0.336645665899952,1,1,0.241278743828671,NA,0.997894126884278,1,0.122822459192153,NA,0.54171866207604,1,0.246844886734243,0.287364424862525,NA,1,1,"S7","signal",1000,70,0.352588811263852,78.903125658992,0,0,0,"quadratic",0.1,26,1
0.494189041150512,0.364435407151022,1,1,0.338618021652284,NA,0.999993811460013,1,0.337946531244569,NA,0.998066603388408,1,0.344484198956688,0.282166233028777,NA,1,1,"S7","signal",1000,70,0.352588811263852,93.8227195423451,0,0,0,"quadratic",0.1,27,1
0.498298371234854,0.381095142161591,1,1,0.29982657484811,NA,0.999603639563065,1,0.180648724968662,NA,0.693295709672445,1,0.304078283268877,0.420360944825826,NA,1,1,"S7","signal",1000,70,0.352588811263852,75.4997672526782,0,0,0,"quadratic",0.1,28,1
0.525314894661394,0.332263378210036,1,1,0.320831040347925,NA,0.999838155348277,1,0.305310375035339,NA,0.943712236975877,1,0.28001098570018,0.324909282979097,NA,1,1,"S7","signal",1000,70,0.352588811263852,65.5294057555725,0,0,0,"quadratic",0.1,29,1
0.532697866883683,0.360243329697422,1,1,0.400385487323965,NA,0.999996693284606,1,0.349223666199413,NA,0.977774256697558,1,0.45100867303734,0.429369802387313,NA,1,1,"S7","signal",1000,70,0.352588811263852,80.3696301136004,0,0,0,"quadratic",0.1,30,1
0.519953607707643,0.333972643993233,1,1,0.390744729800175,NA,0.999999982029937,1,0.365983407731424,NA,0.999983450939643,1,0.457389161529004,0.229787546248805,NA,1,1,"S7","signal",1000,70,0.352588811263852,107.822605371549,0,0,0,"quadratic",0.1,31,1
0.517534033660975,0.369100539417577,1,1,0.453982881746296,NA,0.999999996271812,1,0.405810909747592,NA,0.999817517321857,1,0.501559855779819,0.224149598880778,NA,1,1,"S7","signal",1000,70,0.352588811263852,92.9193808378547,0,0,0,"quadratic",0.1,32,1
0.456844095800099,0.363201864662774,1,1,0.21721808039253,NA,0.996653135480133,1,0.150369952228135,NA,0.68872961792264,1,0.229613380919407,0.306935811819189,NA,1,1,"S7","signal",1000,70,0.352588811263852,94.7163794291157,0,0,0,"quadratic",0.1,33,1
0.539082490793584,0.356434081324192,1,1,0.35220321383718,NA,0.9999941704006,1,0.257555893352391,NA,0.880994019988506,1,0.358611960533075,0.460778913663466,NA,1,1,"S7","signal",1000,70,0.352588811263852,89.0358336358555,0,0,0,"quadratic",0.1,34,1
0.52306763987727,0.373772662095642,1,1,0.307006117400695,NA,0.999824813505766,1,0.284895660954661,NA,0.943526813974267,1,0.359257494948851,0.446578261030493,NA,1,1,"S7","signal",1000,70,0.352588811263852,80.0817234146806,0,0,0,"quadratic",0.1,35,1
0.460544870674206,0.348140152060648,1,1,0.308273511019005,NA,0.999990392291409,1,0.291210910956675,NA,0.992543252181582,1,0.339557419422193,0.30969771541399,NA,1,1,"S7","signal",1000,70,0.352588811263852,98.7382966742147,0,0,0,"quadratic",0.1,36,1
0.537815950896336,0.331118380904038,1,1,0.35486243438459,NA,0.999995570529344,1,0.330404081432567,NA,0.995077199616333,1,0.333159122809638,0.291162654057185,NA,1,1,"S7","signal",1000,70,0.352588811263852,88.1958386846585,0,0,0,"quadratic",0.1,37,1
0.495979240330995,0.349213932316092,1,1,0.352726285908641,NA,0.999993497390257,1,0.358515702456537,NA,0.999055580223481,1,0.418776760424641,0.43710918801038,NA,1,1,"S7","signal",1000,70,0.352588811263852,88.4749633529054,0,0,0,"quadratic",0.1,38,1
0.506921964873963,0.349988596419094,1,1,0.297746647027174,NA,0.999626701622957,1,0.221017963304371,NA,0.790562357352321,1,0.281079439877601,0.505622775122554,NA,1,1,"S7","signal",1000,70,0.352588811263852,73.6921640522621,0,0,0,"quadratic",0.1,39,1
0.469012506554724,0.392812614783914,1,1,0.236526387648692,NA,0.995873004826457,1,0.174568271268303,NA,0.698283875586867,1,0.304502878809784,0.473126927658351,NA,1,1,"S7","signal",1000,70,0.352588811263852,82.626169641633,0,0,0,"quadratic",0.1,40,1
0.516951589512124,0.340292235629421,1,1,0.320690801579417,NA,0.99996929688467,1,0.312982970547559,NA,0.991688852526362,1,0.373668934290633,0.242279328719816,NA,1,1,"S7","signal",1000,70,0.352588811263852,86.7840803389478,0,0,0,"quadratic",0.1,41,1
0.506741643241573,0.345316040122233,1,1,0.315400967008031,NA,0.999971016082966,1,0.241903834017665,NA,0.891080354538592,1,0.330380394297244,0.418317950971478,NA,1,1,"S7","signal",1000,70,0.352588811263852,103.182387259095,0,0,0,"quadratic",0.1,42,1
0.468809771203694,0.346672716731296,1,1,0.204646953962842,NA,0.987573818609103,1,0.0770769421748793,NA,0.358280880932832,0,0.216623404511047,0.321044108122709,NA,1,1,"S7","signal",1000,70,0.352588811263852,68.3195785720904,0,0,0,"quadratic",0.1,43,1
0.507563492253178,0.349782719754508,1,1,0.372080765742885,NA,0.99999918813592,1,0.301804355537152,NA,0.977260831510013,1,0.371977744988496,0.334929873743088,NA,1,1,"S7","signal",1000,70,0.352588811263852,85.2360641270433,0,0,0,"quadratic",0.1,44,1
0.426844588229358,0.353270080134767,1,1,0.194413343911238,NA,0.987609793089499,1,0.0668064292171561,NA,0.338785504705798,0,0.200031186310445,0.333020120014284,NA,1,1,"S7","signal",1000,70,0.352588811263852,89.1444855744033,0,0,0,"quadratic",0.1,45,1
0.436602441819026,0.349904657467035,1,1,0.263451291473575,NA,0.999523481849909,1,0.182394959929198,NA,0.770382754020861,1,0.247326150000367,0.319666754645913,NA,1,1,"S7","signal",1000,70,0.352588811263852,87.7323299074161,0,0,0,"quadratic",0.1,46,1
0.505253314884277,0.339176327082331,1,1,0.276176157724839,NA,0.999876339199848,1,0.194552983298923,NA,0.826610287064906,1,0.288902398562678,0.268357550311063,NA,1,1,"S7","signal",1000,70,0.352588811263852,95.6520637102625,0,0,0,"quadratic",0.1,47,1
0.522055569556623,0.356476909243386,1,1,0.343715429685726,NA,0.999960571803864,1,0.339396853337912,NA,0.98063335350495,1,0.361707942893737,0.390826775649152,NA,1,1,"S7","signal",1000,70,0.352588811263852,74.5807530274292,0,0,0,"quadratic",0.1,48,1
0.545206032830056,0.364043416007103,1,1,0.306719991612318,NA,0.999901293176454,1,0.296488899660661,NA,0.968557084524697,1,0.349674019166804,0.358662451475989,NA,1,1,"S7","signal",1000,70,0.352588811263852,88.9801098604087,0,0,0,"quadratic",0.1,49,1
0.477284859445938,0.353101024412811,1,1,0.312511174899404,NA,0.999945850640352,1,0.244175959867372,NA,0.870107693593997,1,0.333460841602102,0.299447336560325,NA,1,1,"S7","signal",1000,70,0.352588811263852,81.1860163900566,0,0,0,"quadratic",0.1,50,1
0.52083154269892,0.34949041281539,1,1,0.320505558008581,NA,0.999987218565424,1,0.286279194906102,NA,0.9742019270031,1,0.316897241382773,0.378909937749298,NA,1,1,"S7","signal",1000,70,0.352588811263852,93.6520208895056,0,0,0,"quadratic",0.1,51,1
0.520858022902929,0.352694133859304,1,1,0.356646851480169,NA,0.999987110654111,1,0.336118395220707,NA,0.990087311772446,1,0.3033111295796,0.357484954741362,NA,1,1,"S7","signal",1000,70,0.352588811263852,80.0025150617581,0,0,0,"quadratic",0.1,52,1
0.498601152922581,0.40554563865661,1,1,0.305537387550633,NA,0.999533376191448,1,0.227835963647661,NA,0.783873226843651,1,0.360518732451947,0.417026298603821,NA,1,1,"S7","signal",1000,70,0.352588811263852,66.5308755926766,0,0,0,"quadratic",0.1,53,1
0.468813625972198,0.359334651402433,1,1,0.282023379142963,NA,0.999718503242057,1,0.235857788015485,NA,0.887106477618926,1,0.249628389271541,0.39498639326818,NA,1,1,"S7","signal",1000,70,0.352588811263852,87.7964650113474,0,0,0,"quadratic",0.1,54,1
0.47866214544621,0.341240124912064,1,1,0.349572639331944,NA,0.999999169980501,1,0.331068907727822,NA,0.998399763149568,1,0.378670723680716,0.390350212488082,NA,1,1,"S7","signal",1000,70,0.352588811263852,98.0800640783603,0,0,0,"quadratic",0.1,55,1
0.48817217357895,0.349961038977567,1,1,0.320376070208018,NA,0.999952680975,1,0.314699557318762,NA,0.98990362275135,1,0.306003542547016,0.368566297116291,NA,1,1,"S7","signal",1000,70,0.352588811263852,78.6434440749709,0,0,0,"quadratic",0.1,56,1
0.513854685352245,0.360771349501205,1,1,0.322676793665092,NA,0.999924536752224,1,0.276485852609726,NA,0.922369337921985,1,0.317992157074669,0.384890348735193,NA,1,1,"S7","signal",1000,70,0.352588811263852,79.0215547864632,0,0,0,"quadratic",0.1,57,1
0.526856452275591,0.303203116549999,1,1,0.282128162208168,NA,0.999061271202633,1,0.102054517165762,NA,0.427932938413513,0,0.263923834713904,0.240051848922979,0.000173371190285631,0.999826633165829,1,"S7","signal",1000,70,0.352588811263852,63.8150255548503,0,0,0,"quadratic",0.1,58,1
0.538122416094746,0.349585690018144,1,1,0.366086166244712,NA,0.999964304212009,1,0.368291750466071,NA,0.989651967398265,1,0.40359021086888,0.466093857414076,NA,1,1,"S7","signal",1000,70,0.352588811263852,64.4813724256544,0,0,0,"quadratic",0.1,59,1
0.423131701904141,0.335747254353395,1,1,0.216196137641938,NA,0.995352329221073,1,0.074471135627508,NA,0.368801408264857,0,0.234630673934446,0.274363577642571,NA,1,1,"S7","signal",1000,70,0.352588811263852,85.5389324663799,0,0,0,"quadratic",0.1,60,1
0.483480513878677,0.348633833826602,1,1,0.292391887336731,NA,0.999815453535024,1,0.210625045874725,NA,0.815891967997078,1,0.281994814853455,0.394191423300115,NA,1,1,"S7","signal",1000,70,0.352588811263852,81.6024597345664,0,0,0,"quadratic",0.1,61,1
0.398224699050013,0.373038048717014,1,1,0.213406411611063,NA,0.996676163197609,1,0.171563018963746,NA,0.768053899383538,1,0.266271610059785,0.317183854146893,NA,1,1,"S7","signal",1000,70,0.352588811263852,94.2320824346449,0,0,0,"quadratic",0.1,62,1
0.423323059507155,0.331250445235175,1,1,0.254855809570293,NA,0.999011117437949,1,0.196708556176116,NA,0.787777265466263,1,0.226851145951798,0.372161694436744,NA,1,1,"S7","signal",1000,70,0.352588811263852,80.4839991834379,0,0,0,"quadratic",0.1,63,1
0.511983651038734,0.347190719870396,1,1,0.388699356605925,NA,0.999998883567017,1,0.345013157667209,NA,0.991794669591152,1,0.385009321783395,0.421266765031329,NA,1,1,"S7","signal",1000,70,0.352588811263852,78.0234422053896,0,0,0,"quadratic",0.1,64,1
0.511861388415184,0.383981263071596,1,1,0.316201461657809,NA,0.999900252795834,1,0.294738436518878,NA,0.95349775540074,1,0.272421787253482,0.343553105696095,NA,1,1,"S7","signal",1000,70,0.352588811263852,83.0816228380523,0,0,0,"quadratic",0.1,65,1
0.487571701157891,0.369344613942407,1,1,0.361839555787277,NA,0.999999724087806,1,0.353540214072347,NA,0.999739373928767,1,0.398542113996529,0.442230777985286,NA,1,1,"S7","signal",1000,70,0.352588811263852,115.455140824516,0,0,0,"quadratic",0.1,66,1
0.503391860889903,0.377809125820421,1,1,0.296376309027914,NA,0.999474533399834,1,0.266161243129335,NA,0.88091760096474,1,0.301787374704185,0.322348849406376,NA,1,1,"S7","signal",1000,70,0.352588811263852,73.0675737805816,0,0,0,"quadratic",0.1,67,1
0.476689138660821,0.358665504112266,1,1,0.205308213604144,NA,0.991240743557017,1,0.0492876890292868,NA,0.261652695325573,0,0.198073984179679,0.381484627435194,NA,1,1,"S7","signal",1000,70,0.352588811263852,77.7796068476837,0,0,0,"quadratic",0.1,68,1
0.509922831010364,0.359674929871005,1,1,0.221759535612814,NA,0.992590164476729,1,0.0333609158821174,NA,0.186655348307338,0,0.228907624038008,0.413750306210199,NA,1,1,"S7","signal",1000,70,0.352588811263852,82.7608161259005,0,0,0,"quadratic",0.1,69,1
0.557760569092431,0.340691141304806,1,1,0.395363513029845,NA,0.999999410671974,1,0.364013562746867,NA,0.993585021554517,1,0.468855924083225,0.457749782348727,NA,1,1,"S7","signal",1000,70,0.352588811263852,85.4737827840526,0,0,0,"quadratic",0.1,70,1
0.522156116099162,0.357207527353128,1,1,0.402341878222319,NA,0.999999987757024,1,0.380593281887104,NA,0.999981200159687,1,0.432163255761746,0.342184880940724,NA,1,1,"S7","signal",1000,70,0.352588811263852,110.536997918401,0,0,0,"quadratic",0.1,71,1
0.56454854511059,0.359126676243468,1,1,0.423702957910512,NA,0.999999941152025,1,0.379124242276336,NA,0.999652057857007,1,0.456526057699139,0.361052026304589,NA,1,1,"S7","signal",1000,70,0.352588811263852,89.3052257586996,0,0,0,"quadratic",0.1,72,1
0.460397756772151,0.330936197605819,1,1,0.233442072442265,NA,0.997596467416799,1,0.114395143760354,NA,0.517678354788826,1,0.199854744643636,0.252941280535223,NA,1,1,"S7","signal",1000,70,0.352588811263852,74.4599548626568,0,0,0,"quadratic",0.1,73,1
0.469480758502485,0.363934418314726,1,1,0.261734293387539,NA,0.997071342609083,1,0.0678867413144167,NA,0.311393440421549,0,0.169820345445202,0.305225420642658,0.00149508233262476,0.998354271356784,1,"S7","signal",1000,70,0.352588811263852,68.5059143733202,0,0,0,"quadratic",0.1,74,1
0.506491979459191,0.346686316611056,1,1,0.275448026491041,NA,0.999315400451024,1,0.10025506821125,NA,0.43814270258356,0,0.246337589921311,0.262170110776521,NA,1,1,"S7","signal",1000,70,0.352588811263852,85.7578862031025,0,0,0,"quadratic",0.1,75,1
0.510336988916244,0.364778319935074,1,1,0.379152090445786,NA,0.999994445348212,1,0.382803666272086,NA,0.998866691986992,1,0.427947806674778,0.49104862880836,NA,1,1,"S7","signal",1000,70,0.352588811263852,74.3775522796186,0,0,0,"quadratic",0.1,76,1
0.533333513757107,0.354396525211574,1,1,0.353311909805076,NA,0.99999754355036,1,0.342401219677538,NA,0.999298149401829,1,0.323558726542675,0.354591155552963,NA,1,1,"S7","signal",1000,70,0.352588811263852,92.5570238120608,0,0,0,"quadratic",0.1,77,1
0.495303362387801,0.352922130661815,1,1,0.342671769212487,NA,0.999986568474788,1,0.33022411022473,NA,0.98872794333589,1,0.331617942262026,0.369407189622992,NA,1,1,"S7","signal",1000,70,0.352588811263852,79.2903111141135,0,0,0,"quadratic",0.1,78,1
0.539201050879036,0.375534606409806,1,1,0.361886378528511,NA,0.999987881386441,1,0.287820400841828,NA,0.931510349229367,1,0.346077376054383,0.446564742762662,NA,1,1,"S7","signal",1000,70,0.352588811263852,76.8118806567182,0,0,0,"quadratic",0.1,79,1
0.477785488172348,0.352596731343995,1,1,0.382628764486263,NA,0.99999955342617,1,0.317459201779512,NA,0.981541639142011,1,0.363506400476185,0.351271655643174,NA,1,1,"S7","signal",1000,70,0.352588811263852,94.5426413863114,0,0,0,"quadratic",0.1,80,1
0.500330782797627,0.355323629754166,1,1,0.255820868735744,NA,0.999520491729205,1,0.161723033089478,NA,0.710049277125238,1,0.280923793624502,0.422033408547489,NA,1,1,"S7","signal",1000,70,0.352588811263852,101.373213797639,0,0,0,"quadratic",0.1,81,1
0.459042855909026,0.368556187263372,1,1,0.203971427909107,NA,0.98897011449199,1,0.127910867192405,NA,0.560658089969601,1,0.220337758808312,0.423900746153035,NA,1,1,"S7","signal",1000,70,0.352588811263852,77.8956088192773,0,0,0,"quadratic",0.1,82,1
0.408822565458171,0.339776142289665,1,1,0.194899246482148,NA,0.990721372931884,1,0.0508274952815274,NA,0.278840202778607,0,0.187502658757904,0.343431027591425,NA,1,1,"S7","signal",1000,70,0.352588811263852,83.437567580732,0,0,0,"quadratic",0.1,83,1
0.470766541544253,0.343619091695467,1,1,0.27350676211749,NA,0.999504741556381,1,0.154001422813934,NA,0.640797009526722,1,0.232026383551778,0.281576021493878,NA,1,1,"S7","signal",1000,70,0.352588811263852,75.8990350800689,0,0,0,"quadratic",0.1,84,1
0.494070561682448,0.355875228942932,1,1,0.388473937317803,NA,0.999999614468215,1,0.33001320142314,NA,0.984180868373877,1,0.445499043675401,0.415966375229306,NA,1,1,"S7","signal",1000,70,0.352588811263852,92.1771528617925,0,0,0,"quadratic",0.1,85,1
0.504174384846267,0.3665064197534,1,1,0.29561888945079,NA,0.999823737430365,1,0.160659021272568,NA,0.647508844054801,1,0.315668310225606,0.469481046755635,NA,1,1,"S7","signal",1000,70,0.352588811263852,85.0820686918566,0,0,0,"quadratic",0.1,86,1
0.450028810635532,0.357881141345383,1,1,0.236010762773639,NA,0.997475681273378,1,0.108360357465226,NA,0.499817646783857,0,0.219822138448685,0.35999629194405,NA,1,1,"S7","signal",1000,70,0.352588811263852,82.2949914593694,0,0,0,"quadratic",0.1,87,1
0.491805534162056,0.374466812870657,1,1,0.3186808353989,NA,0.999986040070005,1,0.20713725905071,NA,0.817344815723989,1,0.313355995037302,0.363809971078489,NA,1,1,"S7","signal",1000,70,0.352588811263852,98.2992969545537,0,0,0,"quadratic",0.1,88,1
0.454329244925474,0.33885693557824,1,1,0.229290245303016,NA,0.994885437065029,1,0.124539356689273,NA,0.540321615320214,1,0.215950404547244,0.376022672271283,NA,1,1,"S7","signal",1000,70,0.352588811263852,67.6839968693374,0,0,0,"quadratic",0.1,89,1
0.405552514717296,0.330367006487859,1,1,0.222101224242551,NA,0.998770223356415,1,0.147530612808072,NA,0.715196418547962,1,0.205155491784875,0.307750216969684,NA,1,1,"S7","signal",1000,70,0.352588811263852,108.951494787608,0,0,0,"quadratic",0.1,90,1
0.457828391353131,0.373543847509306,1,1,0.298934687921578,NA,0.999934225411143,1,0.299296959324417,NA,0.985871273106112,1,0.331233233713307,0.428756357860349,NA,1,1,"S7","signal",1000,70,0.352588811263852,95.4685580083914,0,0,0,"quadratic",0.1,91,1
0.465663244698275,0.335523390796464,1,1,0.258247309084549,NA,0.998812685791186,1,0.102587968971131,NA,0.468297324336831,0,0.225109249460463,0.389240139333478,NA,1,1,"S7","signal",1000,70,0.352588811263852,75.678562358218,0,0,0,"quadratic",0.1,92,1
0.481777116077425,0.368569134907873,1,1,0.294831218461894,NA,0.999884815431866,1,0.215795311104906,NA,0.835145617610282,1,0.304263939333167,0.39083657200968,NA,1,1,"S7","signal",1000,70,0.352588811263852,85.1167623294755,0,0,0,"quadratic",0.1,93,1
0.466300974872428,0.355239648010126,1,1,0.260776105462614,NA,0.999295616531926,1,0.099416126423298,NA,0.464597644559559,0,0.2586421679409,0.395198349776092,NA,1,1,"S7","signal",1000,70,0.352588811263852,89.3361931186337,0,0,0,"quadratic",0.1,94,1
0.498765044711898,0.396376615424879,1,1,0.163962703752427,NA,0.956064918952164,1,0.029944074435355,NA,0.181972224914068,0,0.133874624113823,0.396614541023412,NA,1,1,"S7","signal",1000,70,0.352588811263852,84.4544064570296,0,0,0,"quadratic",0.1,95,1
0.482963939881689,0.360913711148199,1,1,0.332925514627586,NA,0.999981955649884,1,0.327095942017579,NA,0.991303687755112,1,0.371768814787993,0.391158913958864,NA,1,1,"S7","signal",1000,70,0.352588811263852,86.159236902804,0,0,0,"quadratic",0.1,96,1
0.457021451093292,0.369353738847817,1,1,0.261143531423943,NA,0.999570818676982,1,0.166400303216259,NA,0.722789791417078,1,0.289144791040896,0.303477539443067,NA,1,1,"S7","signal",1000,70,0.352588811263852,86.5725393528642,0,0,0,"quadratic",0.1,97,1
0.526045801069763,0.373379969723692,1,1,0.394229830527804,NA,0.99999909465393,1,0.354653803849693,NA,0.992890359382985,1,0.318997415269441,0.375534453637896,NA,1,1,"S7","signal",1000,70,0.352588811263852,88.9841537970808,0,0,0,"quadratic",0.1,98,1
0.517049691241471,0.336057673698834,1,1,0.342054684680369,NA,0.999980430969222,1,0.299211680408021,NA,0.956617773345765,1,0.228412056089426,0.38454778661008,NA,1,1,"S7","signal",1000,70,0.352588811263852,73.6324670405911,0,0,0,"quadratic",0.1,99,1
0.466250210585692,0.386058602984191,1,1,0.223060175682479,NA,0.98948041639223,1,0.026838695527586,NA,0.154283607599474,0,0.261240422450472,0.400566679400385,NA,1,1,"S7","signal",1000,70,0.352588811263852,71.6840985524367,0,0,0,"quadratic",0.1,100,1
0.398547521519408,0.366658888335554,1,1,0.18381554312231,NA,0.97218870923664,1,0.0136082423596995,NA,0.0953675728160326,0,0.0933833232450777,0.28672881703437,0.00245060456732963,0.994959798994975,1,"S7","signal",1000,70,0.352588811263852,72.1747212334882,0,0,0,"quadratic",0.2,1,1
0.508589805116519,0.420109809799937,1,1,0.365764549421175,NA,0.999980376856383,1,0.324203328458869,NA,0.96957176362508,1,0.357707106278475,0.373344272154877,NA,1,1,"S7","signal",1000,70,0.352588811263852,85.6212728900306,0,0,0,"quadratic",0.2,2,1
0.49261424872165,0.397765425258473,1,1,0.338719262807086,NA,0.999978052771405,1,0.295072028850039,NA,0.962653424369775,1,0.402973206805693,0.474366830487156,NA,1,1,"S7","signal",1000,70,0.352588811263852,98.8945346328107,0,0,0,"quadratic",0.2,3,1
0.530360335988269,0.391941554585601,1,1,0.304405235757771,NA,0.99933404980499,1,0.11257504076057,NA,0.460136319983689,0,0.317535726161073,0.288535739431752,NA,1,1,"S7","signal",1000,70,0.352588811263852,74.7646447860307,0,0,0,"quadratic",0.2,4,1
0.466085570586507,0.419509357026526,1,1,0.313976368880565,NA,0.999927356318897,1,0.234400826562177,NA,0.861302227815451,1,0.29758556540938,0.401519928240359,NA,1,1,"S7","signal",1000,70,0.352588811263852,98.0989482634727,0,0,0,"quadratic",0.2,5,1
0.466860533254518,0.414012128058888,1,1,0.165384500616998,NA,0.952336858083627,1,0.0233086927620704,NA,0.143818076960387,0,0.155952243979552,0.363694074430367,NA,1,1,"S7","signal",1000,70,0.352588811263852,79.3315466627169,0,0,0,"quadratic",0.2,6,1
0.590895596536979,0.451270732175721,1,1,0.404240453688438,NA,0.999981801493945,1,0.363511108073363,NA,0.965233454944154,1,0.402768341442783,0.373075415362768,NA,1,1,"S7","signal",1000,70,0.352588811263852,68.4981288891465,0,0,0,"quadratic",0.2,7,1
0.433368482151972,0.408410356237563,1,1,0.358537477536685,NA,0.999988179918578,1,0.353323427845161,NA,0.995879678805193,1,0.364389233137812,0.341597871972815,NA,1,1,"S7","signal",1000,70,0.352588811263852,80.0613676662226,0,0,0,"quadratic",0.2,8,1
0.481788291832623,0.465648426863766,1,1,0.253134731373404,NA,0.995493548960818,1,0.118269829257738,NA,0.491905711723004,0,0.302763249382462,0.441101130742345,NA,1,1,"S7","signal",1000,70,0.352588811263852,86.92076149847,0,0,0,"quadratic",0.2,9,1
0.515879343033875,0.416760823286893,1,1,0.39331663344121,NA,0.999993473323831,1,0.365424127026596,NA,0.99130604761139,1,0.416832157472808,0.483571982795074,NA,1,1,"S7","signal",1000,70,0.352588811263852,77.9144686795699,0,0,0,"quadratic",0.2,10,1
0.47612296043264,0.422339154943469,1,1,0.241584671611058,NA,0.994196390561314,1,0.18148752065481,NA,0.684228592524629,1,0.216471148714453,0.458288698246153,NA,1,1,"S7","signal",1000,70,0.352588811263852,64.5930106979331,0,0,0,"quadratic",0.2,11,1
0.47633444140764,0.411142828398751,1,1,0.258467521846901,NA,0.99467890074233,1,0.0905327335171451,NA,0.384094376847698,0,0.261551627345935,0.366377922369878,NA,1,1,"S7","signal",1000,70,0.352588811263852,59.8893774931534,0,0,0,"quadratic",0.2,12,1
0.476826851835955,0.440561102822917,1,1,0.37476172248787,NA,0.999994892621686,1,0.318532867313189,NA,0.967914998594006,1,0.389853519738743,0.368107128425856,NA,1,1,"S7","signal",1000,70,0.352588811263852,86.7554362820121,0,0,0,"quadratic",0.2,13,1
0.500021730373461,0.427980767051682,1,1,0.280967297026215,NA,0.998716755372957,1,0.190400817010786,NA,0.712190537032615,1,0.242267140462388,0.437671706683215,NA,1,1,"S7","signal",1000,70,0.352588811263852,74.4895127397177,0,0,0,"quadratic",0.2,14,1
0.539345215592122,0.438454747645111,1,1,0.280708736834205,NA,0.997853896427781,1,0.0972182028578369,NA,0.402807047266243,0,0.276150923064326,0.278174535352929,NA,1,1,"S7","signal",1000,70,0.352588811263852,69.4477578017573,0,0,0,"quadratic",0.2,15,1
0.44760632148997,0.404623273706884,1,1,0.25291798581882,NA,0.996900100882935,1,0.0595894665062179,NA,0.286432810248383,0,0.24801603510202,0.434422986951378,NA,1,1,"S7","signal",1000,70,0.352588811263852,71.6363211026322,0,0,0,"quadratic",0.2,16,1
0.536175822472718,0.409021457977731,1,1,0.39642024115187,NA,0.999999453011788,1,0.350913372026074,NA,0.994992115063705,1,0.406148543753223,0.339052916298872,NA,1,1,"S7","signal",1000,70,0.352588811263852,106.903360667989,0,0,0,"quadratic",0.2,17,1
0.556445633946679,0.393404929264267,1,1,0.276874112932179,NA,0.998441451271822,1,0.227619471167567,NA,0.795546852924024,1,0.261753563343422,0.394934693190166,NA,1,1,"S7","signal",1000,70,0.352588811263852,71.8661093040771,0,0,0,"quadratic",0.2,18,1
0.470544620034903,0.413197387282492,1,1,0.378284175799352,NA,0.999994710656345,1,0.320540825579823,NA,0.966062359510527,1,0.415993824124114,0.362890901120537,NA,1,1,"S7","signal",1000,70,0.352588811263852,85.6094906045255,0,0,0,"quadratic",0.2,19,1
0.483236468970015,0.401338892444531,1,1,0.256060157601933,NA,0.997642935726915,1,0.108017884103066,NA,0.475830382210428,0,0.228141215608906,0.453968131444169,NA,1,1,"S7","signal",1000,70,0.352588811263852,73.4234870156604,0,0,0,"quadratic",0.2,20,1
0.504882523794995,0.408281871392486,1,1,0.445990351242633,NA,0.99999982107775,1,0.426727692164742,NA,0.998924526969623,1,0.416790476264021,0.576492407028222,NA,1,1,"S7","signal",1000,70,0.352588811263852,84.6224944685369,0,0,0,"quadratic",0.2,21,1
0.475570041849932,0.422505638370667,1,1,0.268655161640641,NA,0.998845650657132,1,0.134510017161395,NA,0.561254227597717,1,0.313044953090334,0.536558245951814,NA,1,1,"S7","signal",1000,70,0.352588811263852,84.8280757297105,0,0,0,"quadratic",0.2,22,1
0.475402452155918,0.411591568554991,1,1,0.352509338757909,NA,0.999943111262754,1,0.313244156333951,NA,0.940223101067663,1,0.336803214749284,0.502585136523896,NA,1,1,"S7","signal",1000,70,0.352588811263852,73.7247180714035,0,0,0,"quadratic",0.2,23,1
0.48898764257684,0.400130996998157,1,1,0.270321011541709,NA,0.99924783654705,1,0.108159395823906,NA,0.486053021398646,0,0.268748122648437,0.353277529568464,NA,1,1,"S7","signal",1000,70,0.352588811263852,88.6867841207125,0,0,0,"quadratic",0.2,24,1
0.535224604628831,0.411633383936643,1,1,0.269359528924494,NA,0.998525878746535,1,0.18108252690792,NA,0.714568130709299,1,0.236909070531944,0.358364578659604,NA,1,1,"S7","signal",1000,70,0.352588811263852,83.8981451878927,0,0,0,"quadratic",0.2,25,1
0.543480984102884,0.403748268347085,1,1,0.315320870660746,NA,0.999782054447794,1,0.224199266623113,NA,0.792013819779887,1,0.322955030377916,0.354593807173496,NA,1,1,"S7","signal",1000,70,0.352588811263852,82.2246953616494,0,0,0,"quadratic",0.2,26,1
0.571474927967823,0.405399145497778,1,1,0.449174441431375,NA,0.999998959779649,1,0.397422008922363,NA,0.993746234038053,1,0.435502720757789,0.429416345008717,NA,1,1,"S7","signal",1000,70,0.352588811263852,70.6831278533508,0,0,0,"quadratic",0.2,27,1
0.518098494358578,0.417412054492644,1,1,0.33184598433303,NA,0.999933045471971,1,0.338065318388503,NA,0.992969740079379,1,0.343010138385805,0.491956656623995,NA,1,1,"S7","signal",1000,70,0.352588811263852,88.0175159357459,0,0,0,"quadratic",0.2,28,1
0.452181010896484,0.406873675139652,1,1,0.27784574347666,NA,0.999222214210061,1,0.134418507365436,NA,0.558638016633718,1,0.319912717859612,0.447379982526775,NA,1,1,"S7","signal",1000,70,0.352588811263852,85.3006176790458,0,0,0,"quadratic",0.2,29,1
0.544025031583735,0.401537103507613,1,1,0.375823794194804,NA,0.99999786383425,1,0.328121258090011,NA,0.984065342351097,1,0.425075776243387,0.322143408306874,NA,1,1,"S7","signal",1000,70,0.352588811263852,86.1380621255407,0,0,0,"quadratic",0.2,30,1
0.429497206943751,0.419845762190526,1,1,0.258740250135154,NA,0.99741107544365,1,0.0852210616600243,NA,0.39221889920762,0,0.223991383121321,0.379827795775905,NA,1,1,"S7","signal",1000,70,0.352588811263852,77.908785626683,0,0,0,"quadratic",0.2,31,1
0.51991162077522,0.422674693512769,1,1,0.403903010916718,NA,0.999999595691786,1,0.408405488037201,NA,0.999925588740589,1,0.384823958946553,0.31889824779098,NA,1,1,"S7","signal",1000,70,0.352588811263852,100.052306681869,0,0,0,"quadratic",0.2,32,1
0.549352075525732,0.387438584632134,1,1,0.402549191693476,NA,0.99999808373978,1,0.390442205280488,NA,0.99764555803415,1,0.460234287241515,0.43847004140768,NA,1,1,"S7","signal",1000,70,0.352588811263852,94.1109806359179,0,0,0,"quadratic",0.2,33,1
0.457038082285489,0.404387133233108,1,1,0.283492387907138,NA,0.999715540091663,1,0.148919408755649,NA,0.641315005542537,1,0.339945290528837,0.403356844633568,NA,1,1,"S7","signal",1000,70,0.352588811263852,85.8844857352699,0,0,0,"quadratic",0.2,34,1
0.52670538083738,0.381109013809127,1,1,0.32893993228132,NA,0.999906186204188,1,0.236279375764683,NA,0.836451772409779,1,0.32108665052122,0.305437618334515,NA,1,1,"S7","signal",1000,70,0.352588811263852,79.1086182814364,0,0,0,"quadratic",0.2,35,1
0.513398359588396,0.403782392018195,1,1,0.250429964581445,NA,0.998689396871058,1,0.236239493864059,NA,0.897017430574026,1,0.252662441012327,0.33430779089976,NA,1,1,"S7","signal",1000,70,0.352588811263852,96.6444777335988,0,0,0,"quadratic",0.2,36,1
0.49953891675591,0.424459788132868,1,1,0.26821914016454,NA,0.99762805115656,1,0.148427875365183,NA,0.580235995143803,1,0.257567649191987,0.47389940428379,NA,1,1,"S7","signal",1000,70,0.352588811263852,72.526275112378,0,0,0,"quadratic",0.2,37,1
0.615100235024981,0.448404737486319,1,1,0.528611843198415,NA,0.999999933650523,1,0.45961819550127,NA,0.994691601083574,1,0.468696374204067,0.531924161549957,NA,1,1,"S7","signal",1000,70,0.352588811263852,67.6683056498736,0,0,0,"quadratic",0.2,38,1
0.48313200178524,0.355997072774885,1,1,0.283071863783197,NA,0.99975512141576,1,0.153724400730782,NA,0.650584225241984,1,0.313756199428597,0.339607237989063,NA,1,1,"S7","signal",1000,70,0.352588811263852,88.0110283694953,0,0,0,"quadratic",0.2,39,1
0.467114316537453,0.418795476684368,1,1,0.318462465897572,NA,0.999809100853754,1,0.0857404002983126,NA,0.382877857379111,0,0.269453784182245,0.575454743292255,NA,1,1,"S7","signal",1000,70,0.352588811263852,88.4644822129147,0,0,0,"quadratic",0.2,40,1
0.438516719554888,0.46127831738403,1,1,0.243441892919497,NA,0.992954797607623,1,0.105080677188628,NA,0.443598971455087,0,0.219334746694081,0.472595563387176,NA,1,1,"S7","signal",1000,70,0.352588811263852,70.5817464235099,0,0,0,"quadratic",0.2,41,1
0.441940333549239,0.37984723462056,1,1,0.179918259427298,NA,0.974079849824086,1,0.0174512614189608,NA,0.119723377585592,0,0.173742592171767,0.423234024854048,NA,1,1,"S7","signal",1000,70,0.352588811263852,76.7248475021255,0,0,0,"quadratic",0.2,42,1
0.521990424867257,0.412385313282894,1,1,0.246163153233739,NA,0.994427022088904,1,0.14094118912041,NA,0.576739168602662,1,0.205908452580718,0.222913099220607,0.00834966725098869,0.979311557788945,1,"S7","signal",1000,70,0.352588811263852,69.1913804505845,0,0,0,"quadratic",0.2,43,1
0.471556811629969,0.420842388505897,1,1,0.411628046299004,NA,0.999998733653648,1,0.348583456407132,NA,0.983512376763489,1,0.384818085180877,0.423371255779093,NA,1,1,"S7","signal",1000,70,0.352588811263852,79.5613815395969,0,0,0,"quadratic",0.2,44,1
0.481284934658783,0.413722473347681,1,1,0.308957299331723,NA,0.999771283370048,1,0.255702254922441,NA,0.878878305063857,1,0.266821941844111,0.412074888279427,NA,1,1,"S7","signal",1000,70,0.352588811263852,83.6652689464427,0,0,0,"quadratic",0.2,45,1
0.491929487268237,0.408689147335585,1,1,0.281631437866282,NA,0.998380443754187,1,0.182183306189373,NA,0.659741428274791,1,0.261562501955268,0.298943093625871,NA,1,1,"S7","signal",1000,70,0.352588811263852,75.7651439636175,0,0,0,"quadratic",0.2,46,1
0.379112345771928,0.404243530369594,1,1,0.187742492969573,NA,0.986851914188323,1,0.0512483734439609,NA,0.298208547793809,0,0.215983206931385,0.269549413042685,NA,1,1,"S7","signal",1000,70,0.352588811263852,86.214424195809,0,0,0,"quadratic",0.2,47,1
0.538331504421221,0.421814210664834,1,1,0.265189528409202,NA,0.999034810278108,1,0.185779824809887,NA,0.744215518524212,1,0.2877596804547,0.475943560534242,NA,1,1,"S7","signal",1000,70,0.352588811263852,99.633078255084,0,0,0,"quadratic",0.2,48,1
0.513157522720862,0.40831005625902,1,1,0.278232463633837,NA,0.998559861923634,1,0.219260185926808,NA,0.80518006754964,1,0.24291273708354,0.344936865144787,NA,1,1,"S7","signal",1000,70,0.352588811263852,84.2425675042512,0,0,0,"quadratic",0.2,49,1
0.559933449321263,0.392665738723184,1,1,0.359009663221139,NA,0.999974601574627,1,0.309519161592941,NA,0.953531290616271,1,0.370725630740748,0.404703249052974,NA,1,1,"S7","signal",1000,70,0.352588811263852,78.4486236091495,0,0,0,"quadratic",0.2,50,1
0.437455698207983,0.424188785696651,1,1,0.357665492910307,NA,0.999965517014792,1,0.330634988093242,NA,0.975531119242063,1,0.312679910982027,0.485671817464763,NA,1,1,"S7","signal",1000,70,0.352588811263852,75.5663240603793,0,0,0,"quadratic",0.2,51,1
0.499769676745677,0.439639984977113,1,1,0.197681495330145,NA,0.96428718319169,1,0.118191131855972,NA,0.484404180136811,0,0.159225401674591,0.524746806173143,NA,1,1,"S7","signal",1000,70,0.352588811263852,63.7043466316659,0,0,0,"quadratic",0.2,52,1
0.440872551409008,0.416034717913455,1,1,0.241141837264164,NA,0.997034613094789,1,0.156419554943354,NA,0.661485645954916,1,0.250432366291246,0.398567570755506,NA,1,1,"S7","signal",1000,70,0.352588811263852,91.5061291691026,0,0,0,"quadratic",0.2,53,1
0.484018446935174,0.416408460102126,1,1,0.437589062620085,NA,0.999999639780762,1,0.40396132357788,NA,0.998816349311295,1,0.464606587105776,0.458592461505895,NA,1,1,"S7","signal",1000,70,0.352588811263852,90.6298726651907,0,0,0,"quadratic",0.2,54,1
0.599753440832386,0.376955256227507,1,1,0.532327056788322,NA,0.999999999933041,1,0.469727024560234,NA,0.999968610528299,1,0.537148757247698,0.398806067230766,NA,1,1,"S7","signal",1000,70,0.352588811263852,91.2950440409722,0,0,0,"quadratic",0.2,55,1
0.456856463400082,0.402254155231379,1,1,0.268495390582989,NA,0.997306161507054,1,0.232058077081325,NA,0.811179521783428,1,0.185926104195277,0.44411306301221,NA,1,1,"S7","signal",1000,70,0.352588811263852,78.9465194497183,0,0,0,"quadratic",0.2,56,1
0.498322084461026,0.405503059483042,1,1,0.224801198025451,NA,0.986436658013304,1,0.0715638884016922,NA,0.316439631488333,0,0.192200020175778,0.436642487380986,NA,1,1,"S7","signal",1000,70,0.352588811263852,73.6878489419722,0,0,0,"quadratic",0.2,57,1
0.448158055309851,0.397694927661934,1,1,0.237465973152919,NA,0.990239433540274,1,0.112572208250345,NA,0.461490950666073,0,0.196142920579761,0.34055977724445,NA,1,1,"S7","signal",1000,70,0.352588811263852,65.4062981340152,0,0,0,"quadratic",0.2,58,1
0.562945712221701,0.447944843208783,1,1,0.28395379437608,NA,0.999194565174889,1,0.212628661713311,NA,0.789384125920868,1,0.307846053012857,0.466922777871612,NA,1,1,"S7","signal",1000,70,0.352588811263852,83.6004979800342,0,0,0,"quadratic",0.2,59,1
0.45324943923621,0.400880944775449,1,1,0.361001036405256,NA,0.999999037595656,1,0.360398583559313,NA,0.999722334962272,1,0.377800224191768,0.475038912907216,NA,1,1,"S7","signal",1000,70,0.352588811263852,102.706595344859,0,0,0,"quadratic",0.2,60,1
0.507774591183791,0.401824410445787,1,1,0.243307162326126,NA,0.996628281385597,1,0.092915452724453,NA,0.429697688005213,0,0.245927851213832,0.2449637525735,NA,1,1,"S7","signal",1000,70,0.352588811263852,85.3084075187208,0,0,0,"quadratic",0.2,61,1
0.383424296766938,0.433218808291361,1,1,0.2206102327118,NA,0.994831961241809,1,0.147272799707127,NA,0.653818269675453,1,0.296192395778249,0.326620739230897,NA,1,1,"S7","signal",1000,70,0.352588811263852,97.214147676237,0,0,0,"quadratic",0.2,62,1
0.476276272059331,0.40229661090349,1,1,0.393851637093842,NA,0.999998916344884,1,0.395576148995449,NA,0.9994899827957,1,0.40397035171494,0.378920327165113,NA,1,1,"S7","signal",1000,70,0.352588811263852,91.7031713898621,0,0,0,"quadratic",0.2,63,1
0.506841983663424,0.414711376814531,1,1,0.30157407911482,NA,0.999842087802816,1,0.168369094758395,NA,0.667497880737538,1,0.35573209794395,0.463652334504016,NA,1,1,"S7","signal",1000,70,0.352588811263852,97.3840265913719,0,0,0,"quadratic",0.2,64,1
0.529637038327905,0.407440674123505,1,1,0.33399670387154,NA,0.999649648325154,1,0.234343400442532,NA,0.770963222349673,1,0.358128489537318,0.466865384623593,NA,1,1,"S7","signal",1000,70,0.352588811263852,71.6421207160163,0,0,0,"quadratic",0.2,65,1
0.509720130157295,0.420509230297247,1,1,0.237233389525178,NA,0.998096623644273,1,0.176598457351555,NA,0.746774038886611,1,0.273942037456187,0.280467062551635,NA,1,1,"S7","signal",1000,70,0.352588811263852,92.5039468319072,0,0,0,"quadratic",0.2,66,1
0.503501035008975,0.448092406878265,1,1,0.304030278148548,NA,0.999725127404806,1,0.250563391234161,NA,0.883290948332264,1,0.269409773309629,0.543768895872385,NA,1,1,"S7","signal",1000,70,0.352588811263852,91.0034507041435,0,0,0,"quadratic",0.2,67,1
0.461462155806749,0.378048274911975,1,1,0.281113890933466,NA,0.999583142952871,1,0.214120456412254,NA,0.806071669460723,1,0.244139232988973,0.436316839512277,NA,1,1,"S7","signal",1000,70,0.352588811263852,90.6577959756577,0,0,0,"quadratic",0.2,68,1
0.532058110172633,0.403354333960476,1,1,0.47230767200068,NA,0.999999988179119,1,0.44594855679474,NA,0.999898463532222,1,0.430207102979259,0.549834630935282,NA,1,1,"S7","signal",1000,70,0.352588811263852,88.3087391488226,0,0,0,"quadratic",0.2,69,1
0.44730750710361,0.413930716267821,1,1,0.269846310770602,NA,0.999549015078474,1,0.196189079908705,NA,0.79935329367091,1,0.279927039559833,0.210236361364533,NA,1,1,"S7","signal",1000,70,0.352588811263852,93.4238417427214,0,0,0,"quadratic",0.2,70,1
0.515070421803019,0.397348720554972,1,1,0.29143747862981,NA,0.998782026369038,1,0.147910976491136,NA,0.566919309952077,1,0.269306384940914,0.47461742105012,NA,1,1,"S7","signal",1000,70,0.352588811263852,71.9595198355813,0,0,0,"quadratic",0.2,71,1
0.4870604134108,0.386504745157113,1,1,0.304392861522715,NA,0.999638426044244,1,0.175421059260986,NA,0.649332157119989,1,0.293695577739573,0.372745299407465,NA,1,1,"S7","signal",1000,70,0.352588811263852,80.7675304614721,0,0,0,"quadratic",0.2,72,1
0.449318223213142,0.414626512337472,1,1,0.385461056692086,NA,0.999994497388144,1,0.343189754551019,NA,0.984411374981476,1,0.386106310688815,0.511755393855761,NA,1,1,"S7","signal",1000,70,0.352588811263852,87.7642890240195,0,0,0,"quadratic",0.2,73,1
0.42222588592961,0.438455043284112,1,1,0.285030338741683,NA,0.99955385902334,1,0.180826867490152,NA,0.711261469499049,1,0.308736819958362,0.328826373455581,NA,1,1,"S7","signal",1000,70,0.352588811263852,90.8455711925681,0,0,0,"quadratic",0.2,74,1
0.480772569610739,0.426655682685503,1,1,0.228434119423027,NA,0.990648935895177,1,0.102064497756313,NA,0.453327431602606,0,0.171133073816032,0.346304361644508,NA,1,1,"S7","signal",1000,70,0.352588811263852,80.0625993240583,0,0,0,"quadratic",0.2,75,1
0.46144830182724,0.409372448290268,1,1,0.303799670290405,NA,0.99990345485664,1,0.272451867313916,NA,0.959678437300494,1,0.309496687016217,0.439199949335745,NA,1,1,"S7","signal",1000,70,0.352588811263852,102.669701738081,0,0,0,"quadratic",0.2,76,1
0.454917890452392,0.394967614378887,1,1,0.355360688903047,NA,0.999982698802069,1,0.334464136676275,NA,0.983786092752768,1,0.372203284101733,0.255721073751618,NA,1,1,"S7","signal",1000,70,0.352588811263852,86.7507280977475,0,0,0,"quadratic",0.2,77,1
0.526923350996908,0.438292840903618,1,1,0.428626680658596,NA,0.999999989692391,1,0.381119619356318,NA,0.999861920674024,1,0.481016309264799,0.408875670206304,NA,1,1,"S7","signal",1000,70,0.352588811263852,109.807043829795,0,0,0,"quadratic",0.2,78,1
0.449167526705529,0.379043486915827,1,1,0.305126161758769,NA,0.999872739459673,1,0.278273134999167,NA,0.942071864701895,1,0.283562280036905,0.328807566186518,NA,1,1,"S7","signal",1000,70,0.352588811263852,82.3058304020883,0,0,0,"quadratic",0.2,79,1
0.525481798231537,0.406672650212044,1,1,0.390370930405075,NA,0.999997805234123,1,0.36241337828833,NA,0.996745030536081,1,0.383859764377927,0.383447737627169,NA,1,1,"S7","signal",1000,70,0.352588811263852,86.3836176566378,0,0,0,"quadratic",0.2,80,1
0.530205649987077,0.42813771297391,1,1,0.428849476947936,NA,0.999999861028543,1,0.386079088134762,NA,0.999190471446023,1,0.386847478681295,0.547714704199492,NA,1,1,"S7","signal",1000,70,0.352588811263852,89.3954012379033,0,0,0,"quadratic",0.2,81,1
0.485224481711142,0.434201958713575,1,1,0.308016049777193,NA,0.999701110325741,1,0.246283566976096,NA,0.852482499019864,1,0.362678742677476,0.48762360988452,NA,1,1,"S7","signal",1000,70,0.352588811263852,92.2588119535559,0,0,0,"quadratic",0.2,82,1
0.472323981239974,0.422274034477142,1,1,0.307941929737974,NA,0.999753726904385,1,0.245437931101064,NA,0.875026498590877,1,0.343605538921949,0.28796749425754,NA,1,1,"S7","signal",1000,70,0.352588811263852,78.8739183207126,0,0,0,"quadratic",0.2,83,1
0.472540728154641,0.408042476333765,1,1,0.36929029284383,NA,0.999994149081099,1,0.388131325201271,NA,0.999777703424662,1,0.361692123238115,0.495826054496037,NA,1,1,"S7","signal",1000,70,0.352588811263852,86.0707498987964,0,0,0,"quadratic",0.2,84,1
0.493360632281622,0.431140527962191,1,1,0.361719932644647,NA,0.999928012555475,1,0.334497911333296,NA,0.969511418060772,1,0.415763828725491,0.561395045421289,NA,1,1,"S7","signal",1000,70,0.352588811263852,77.3850750312677,0,0,0,"quadratic",0.2,85,1
0.492326199804309,0.374198012546414,1,1,0.279354850625885,NA,0.99969572886697,1,0.234677330587498,NA,0.886275920646128,1,0.278731270924963,0.330701590195513,NA,1,1,"S7","signal",1000,70,0.352588811263852,86.5410827984581,0,0,0,"quadratic",0.2,86,1
0.485101267199576,0.387036970664109,1,1,0.262971963784768,NA,0.998038067172524,1,0.0905268857985475,NA,0.407913862838729,0,0.272214243401893,0.434412011620526,NA,1,1,"S7","signal",1000,70,0.352588811263852,81.2021093489445,0,0,0,"quadratic",0.2,87,1
0.435586931591899,0.439871929942685,1,1,0.294858137371369,NA,0.999059533458521,1,0.113086256772914,NA,0.468348533664342,0,0.315318327731867,0.548854513063429,NA,1,1,"S7","signal",1000,70,0.352588811263852,70.9919017513209,0,0,0,"quadratic",0.2,88,1
0.52572263127366,0.39555524258307,1,1,0.284141183193279,NA,0.999089110050144,1,0.232237753200299,NA,0.823127931886131,1,0.272081297447094,0.381487505440374,NA,1,1,"S7","signal",1000,70,0.352588811263852,84.2543513379081,0,0,0,"quadratic",0.2,89,1
0.516674277909617,0.422597544982474,1,1,0.31101335442053,NA,0.999739371875206,1,0.19050323807386,NA,0.728661286932207,1,0.288752697103365,0.353757240278969,NA,1,1,"S7","signal",1000,70,0.352588811263852,89.2024920057951,0,0,0,"quadratic",0.2,90,1
0.482127231037765,0.403386121995093,1,1,0.159580064196946,NA,0.923792990384149,0,0.0159436392885219,NA,0.103029045230931,0,0.127570363732846,0.33972644373376,NA,1,1,"S7","signal",1000,70,0.352588811263852,76.1047878607813,0,0,0,"quadratic",0.2,91,1
0.48180225040449,0.416206055794914,1,1,0.250430831237883,NA,0.997601789883613,1,0.129770724657671,NA,0.550354013316747,1,0.297400140351053,0.343982859896767,NA,1,1,"S7","signal",1000,70,0.352588811263852,71.520586103854,0,0,0,"quadratic",0.2,92,1
0.383233617458421,0.398355295560445,1,1,0.19063302395505,NA,0.985838177068731,1,0.0169887987747191,NA,0.117684549275113,0,0.229630287002919,0.286003935018055,NA,1,1,"S7","signal",1000,70,0.352588811263852,92.8687787386059,0,0,0,"quadratic",0.2,93,1
0.491266799423661,0.43831832241992,1,1,0.302554180364877,NA,0.999684631180105,1,0.213840652299901,NA,0.789390454812382,1,0.317086457575685,0.455436394546764,NA,1,1,"S7","signal",1000,70,0.352588811263852,85.6761735806728,0,0,0,"quadratic",0.2,94,1
0.579488738837225,0.378049471694791,1,1,0.412946486930317,NA,0.999997150555116,1,0.372185747171081,NA,0.985604170526594,1,0.408664241589982,0.264550398826454,NA,1,1,"S7","signal",1000,70,0.352588811263852,73.515710367705,0,0,0,"quadratic",0.2,95,1
0.51545879274927,0.436851620050283,1,1,0.355188543432975,NA,0.999972786743191,1,0.307880603169388,NA,0.970330782880844,1,0.35066253380774,0.324195326103163,NA,1,1,"S7","signal",1000,70,0.352588811263852,87.0374696540707,0,0,0,"quadratic",0.2,96,1
0.441539339606218,0.457812169246365,1,1,0.218745161788728,NA,0.986057058954671,1,0.0390712924780092,NA,0.204902136442777,0,0.285385498848293,0.37572969752047,NA,1,1,"S7","signal",1000,70,0.352588811263852,78.372720110738,0,0,0,"quadratic",0.2,97,1
0.454361481114816,0.407374236809874,1,1,0.330081799812652,NA,0.99994146758906,1,0.338018040108881,NA,0.984143658556799,1,0.347391551580895,0.45720857591943,NA,1,1,"S7","signal",1000,70,0.352588811263852,84.888296948649,0,0,0,"quadratic",0.2,98,1
0.506903317001932,0.417641511715146,1,1,0.368325900398473,NA,0.99996052178912,1,0.325625638451755,NA,0.949232763231667,1,0.324983856568614,0.420406812199434,NA,1,1,"S7","signal",1000,70,0.352588811263852,81.512760749966,0,0,0,"quadratic",0.2,99,1
0.508482788146486,0.420548430006333,1,1,0.308004622182623,NA,0.999804838651587,1,0.232982488920025,NA,0.835027787360503,1,0.3065857100566,0.352393279890419,NA,1,1,"S7","signal",1000,70,0.352588811263852,82.6612153210323,0,0,0,"quadratic",0.2,100,1
0.500139607929051,0.458886546469909,1,1,0.42321676440178,NA,0.999999275714976,1,0.388388153528569,NA,0.996475855494272,1,0.37412588675222,0.494734065046711,NA,1,1,"S7","signal",1000,70,0.352588811263852,90.1829883713256,0,0,0,"quadratic",0.3,1,1
0.570939335409161,0.480620824466867,1,1,0.39493025579954,NA,0.999875831566098,1,0.332521995949308,NA,0.914493737719971,1,0.385962321304614,0.39680933805851,NA,1,1,"S7","signal",1000,70,0.352588811263852,77.1047288669731,0,0,0,"quadratic",0.3,2,1
0.491452151107535,0.478384757282283,1,1,0.256397618055476,NA,0.996282504087904,1,0.156202540021134,NA,0.643626016384884,1,0.221873456559181,0.492765961208533,NA,1,1,"S7","signal",1000,70,0.352588811263852,87.1303227945533,0,0,0,"quadratic",0.3,3,1
0.447728762379309,0.488657109566814,1,1,0.313821786796892,NA,0.999936042259888,1,0.252117671482218,NA,0.930189984805713,1,0.305551185360979,0.446495002386359,NA,1,1,"S7","signal",1000,70,0.352588811263852,113.445066797736,0,0,0,"quadratic",0.3,4,1
0.581302585063127,0.512641001130393,1,1,0.479739177694726,NA,0.999999074245142,1,0.431967601262592,NA,0.995269738718986,1,0.478272082079017,0.757849259478598,NA,1,1,"S7","signal",1000,70,0.352588811263852,80.0610550710762,0,0,0,"quadratic",0.3,5,1
0.46116512822179,0.428978005625281,1,1,0.308511301701156,NA,0.999756244372532,1,0.245913652933259,NA,0.861348546927774,1,0.274401227408624,0.468903695223805,NA,1,1,"S7","signal",1000,70,0.352588811263852,87.374779550742,0,0,0,"quadratic",0.3,6,1
0.490842738762922,0.476660746880466,1,1,0.296293020508917,NA,0.998878867209255,1,0.165584440619294,NA,0.622760689876075,1,0.286510641238635,0.524327264629903,NA,1,1,"S7","signal",1000,70,0.352588811263852,80.6781113506849,0,0,0,"quadratic",0.3,7,1
0.499768281110244,0.468402438274429,1,1,0.350131808390015,NA,0.999939338076551,1,0.326606653479435,NA,0.975871706043836,1,0.378301565152254,0.530502089699893,NA,1,1,"S7","signal",1000,70,0.352588811263852,91.1010917105784,0,0,0,"quadratic",0.3,8,1
0.421441655305075,0.472250923782267,1,1,0.17437412917169,NA,0.951355295610173,1,0.0158635248499655,NA,0.105098525723248,0,0.256529203319946,0.495077286160195,NA,1,1,"S7","signal",1000,70,0.352588811263852,84.8443601806918,0,0,0,"quadratic",0.3,9,1
0.585661384503986,0.48117569096439,1,1,0.492659126176696,NA,0.99999996230507,1,0.447798669295228,NA,0.999486133706989,1,0.454048614630178,0.561309236279167,NA,1,1,"S7","signal",1000,70,0.352588811263852,94.6188596332116,0,0,0,"quadratic",0.3,10,1
0.526715046935979,0.483968223100677,1,1,0.294066917519891,NA,0.998177193794861,1,0.139153040081602,NA,0.540350064220805,1,0.275440011617647,0.419406752790954,NA,1,1,"S7","signal",1000,70,0.352588811263852,82.7021280837189,0,0,0,"quadratic",0.3,11,1
0.494605135595142,0.442448745416967,1,1,0.208418331637979,NA,0.983854741837752,1,0.0295248827622531,NA,0.1677898211405,0,0.224902287578506,0.383971948974759,NA,1,1,"S7","signal",1000,70,0.352588811263852,89.9805288388553,0,0,0,"quadratic",0.3,12,1
0.487257837301084,0.440580452615638,1,1,0.322359223671084,NA,0.99985322054169,1,0.213504365609088,NA,0.781365298901945,1,0.337656862727606,0.510920817821219,NA,1,1,"S7","signal",1000,70,0.352588811263852,92.6743635092091,0,0,0,"quadratic",0.3,13,1
0.499374097638765,0.466636042786888,1,1,0.425798603742181,NA,0.999997026320934,1,0.365675899607017,NA,0.988235883493599,1,0.475052194898453,0.489646829017931,NA,1,1,"S7","signal",1000,70,0.352588811263852,85.2111461771727,0,0,0,"quadratic",0.3,14,1
0.482115754005705,0.480300663189121,1,1,0.326784468427917,NA,0.999880436641374,1,0.246216070992464,NA,0.854595677815367,1,0.323031791294538,0.48734048653326,NA,1,1,"S7","signal",1000,70,0.352588811263852,98.4881050961564,0,0,0,"quadratic",0.3,15,1
0.619364304066071,0.526834614421736,1,1,0.406658380211183,NA,0.999940588438109,1,0.33763592108078,NA,0.909718117448126,1,0.438463555843619,0.591952451712991,NA,1,1,"S7","signal",1000,70,0.352588811263852,82.0963253946973,0,0,0,"quadratic",0.3,16,1
0.506646164402241,0.429588027982166,1,1,0.343939820076307,NA,0.999972097445175,1,0.327387907937263,NA,0.984899237757166,1,0.355845231850646,0.266606147606654,NA,1,1,"S7","signal",1000,70,0.352588811263852,100.489083816708,0,0,0,"quadratic",0.3,17,1
0.55380631866898,0.457645836832393,1,1,0.3074383614849,NA,0.99949202655752,1,0.139851837078346,NA,0.556168363921328,1,0.288486814457647,0.554963718930584,NA,1,1,"S7","signal",1000,70,0.352588811263852,85.8166770885328,0,0,0,"quadratic",0.3,18,1
0.478630510377413,0.539680164749056,1,1,0.319343966786579,NA,0.99866992471724,1,0.194131833119665,NA,0.651534766330342,1,0.289668465361886,0.640964229282171,NA,1,1,"S7","signal",1000,70,0.352588811263852,72.4292233368516,0,0,0,"quadratic",0.3,19,1
0.431873667321802,0.4874344577178,1,1,0.308646759846761,NA,0.999304210430094,1,0.244890197062605,NA,0.821141251723493,1,0.319227420084186,0.633909988864453,NA,1,1,"S7","signal",1000,70,0.352588811263852,81.5566835550512,0,0,0,"quadratic",0.3,20,1
0.352810613962604,0.468360891398347,1,1,0.233131082741072,NA,0.994645388804857,1,0.0606395368344833,NA,0.304736751861514,0,0.238341485364098,0.542302374009787,NA,1,1,"S7","signal",1000,70,0.352588811263852,88.3783909905614,0,0,0,"quadratic",0.3,21,1
0.454925609343329,0.462645912947909,1,1,0.270650559565285,NA,0.997520518036698,1,0.179578740906752,NA,0.684197710219461,1,0.289524695956105,0.596359230188623,NA,1,1,"S7","signal",1000,70,0.352588811263852,91.5010316930023,0,0,0,"quadratic",0.3,22,1
0.409564216716317,0.492272837943746,1,1,0.225345851292018,NA,0.989952450787133,1,0.0328066338841622,NA,0.176905724112444,0,0.284000671732507,0.450920679908504,NA,1,1,"S7","signal",1000,70,0.352588811263852,88.796619351735,0,0,0,"quadratic",0.3,23,1
0.456982407568881,0.453665548543372,1,1,0.331720876571731,NA,0.999966906305096,1,0.290248328614459,NA,0.952184360409846,1,0.380804613671804,0.431729557861172,NA,1,1,"S7","signal",1000,70,0.352588811263852,105.229733176248,0,0,0,"quadratic",0.3,24,1
0.386482791583313,0.415187519640126,1,1,0.121485856016221,NA,0.808303191393228,0,0.00603216363105185,NA,0.0566131551200508,0,0.14252211838265,0.362114297531345,NA,1,1,"S7","signal",1000,70,0.352588811263852,75.2972920702967,0,0,0,"quadratic",0.3,25,1
0.510043193035201,0.483119683175952,1,1,0.414702884997689,NA,0.999996463915885,1,0.381087566987884,NA,0.991632672444033,1,0.382191879824143,0.707519384846859,NA,1,1,"S7","signal",1000,70,0.352588811263852,89.3225699550538,0,0,0,"quadratic",0.3,26,1
0.501649214178758,0.461833357330765,1,1,0.305330724105273,NA,0.997242339782776,1,0.0747549784022552,NA,0.299028395303094,0,0.309675698960084,0.651407064420267,NA,1,1,"S7","signal",1000,70,0.352588811263852,64.8275322858654,0,0,0,"quadratic",0.3,27,1
0.514809493334806,0.470075737670181,1,1,0.363552133462359,NA,0.999896612963879,1,0.25587940715853,NA,0.833562590667377,1,0.315502355866438,0.387642159725875,NA,1,1,"S7","signal",1000,70,0.352588811263852,69.548186914698,0,0,0,"quadratic",0.3,28,1
0.554544597888587,0.488585883000345,1,1,0.401765518038838,NA,0.999997191719561,1,0.342603245003219,NA,0.984756437731899,1,0.374302919617844,0.425139347251575,NA,1,1,"S7","signal",1000,70,0.352588811263852,96.4353503586568,0,0,0,"quadratic",0.3,29,1
0.506965347739534,0.47615966186329,1,1,0.336558717112406,NA,0.999917754090505,1,0.258689226601257,NA,0.85425901029988,1,0.368950828320981,0.389052259790844,NA,1,1,"S7","signal",1000,70,0.352588811263852,95.8454293999005,0,0,0,"quadratic",0.3,30,1
0.477202869652987,0.487617240007086,1,1,0.32605583512959,NA,0.999600117391109,1,0.201011536370494,NA,0.702276439812027,1,0.298308363710816,0.54097809778129,NA,1,1,"S7","signal",1000,70,0.352588811263852,92.488824436429,0,0,0,"quadratic",0.3,31,1
0.529390860564976,0.53290670270198,1,1,0.416122458221599,NA,0.999997650686616,1,0.364589622776243,NA,0.9896246335306,1,0.375635139407916,0.681115378237434,NA,1,1,"S7","signal",1000,70,0.352588811263852,95.1182492083421,0,0,0,"quadratic",0.3,32,1
0.512046225877165,0.451520028567922,1,1,0.468390137482507,NA,0.999999578930897,1,0.426927617979194,NA,0.99778651628971,1,0.470898307342483,0.462698191413887,NA,1,1,"S7","signal",1000,70,0.352588811263852,80.8709880242573,0,0,0,"quadratic",0.3,33,1
0.524827682076492,0.49251254432768,1,1,0.287750975872721,NA,0.998148603376685,1,0.123524663516551,NA,0.488561192425744,0,0.313235040996699,0.513815918889117,NA,1,1,"S7","signal",1000,70,0.352588811263852,80.9645939799688,0,0,0,"quadratic",0.3,34,1
0.468998138740832,0.441995246271098,1,1,0.288570480318787,NA,0.998272505700937,1,0.102197124245383,NA,0.411329221994977,0,0.320212509117966,0.462287380636649,NA,1,1,"S7","signal",1000,70,0.352588811263852,75.6796089779466,0,0,0,"quadratic",0.3,35,1
0.44590504964594,0.499515700875498,1,1,0.101845195179974,NA,0.734761235681743,0,0.0024716079837189,NA,0.0398849421018867,0,0.150218790025323,0.663189747407862,NA,1,1,"S7","signal",1000,70,0.352588811263852,82.2322494510234,0,0,0,"quadratic",0.3,36,1
0.513786575893477,0.481530826897292,1,1,0.199633652168727,NA,0.966304161181938,1,0.0138855052534292,NA,0.0942864703660995,0,0.258052278240289,0.40577573895988,NA,1,1,"S7","signal",1000,70,0.352588811263852,83.5543498270593,0,0,0,"quadratic",0.3,37,1
0.488604304163204,0.469748910418904,1,1,0.267184192648975,NA,0.995977932688412,1,0.0902722953540543,NA,0.382693397214477,0,0.252971028168525,0.493040407952717,NA,1,1,"S7","signal",1000,70,0.352588811263852,80.3040068850634,0,0,0,"quadratic",0.3,38,1
0.479051308050398,0.492450697237701,1,1,0.262860233702016,NA,0.997192050560477,1,0.189460363344343,NA,0.714603586816557,1,0.25251688620078,0.520456912574303,NA,1,1,"S7","signal",1000,70,0.352588811263852,98.0657443288129,0,0,0,"quadratic",0.3,39,1
0.501100096351096,0.488064578769293,1,1,0.320681690444019,NA,0.999231468486414,1,0.199974303026202,NA,0.69821127921161,1,0.345921989149511,0.547308801674673,NA,1,1,"S7","signal",1000,70,0.352588811263852,78.590853322066,0,0,0,"quadratic",0.3,40,1
0.514275130605361,0.463661217480304,1,1,0.279444864230901,NA,0.999099589117393,1,0.169725510305874,NA,0.668198244125037,1,0.29201408566177,0.340344388790052,NA,1,1,"S7","signal",1000,70,0.352588811263852,92.9383401938907,0,0,0,"quadratic",0.3,41,1
0.563188797803786,0.499323583297064,1,1,0.264652688681562,NA,0.997074982729853,1,0.178343408794811,NA,0.70271450754128,1,0.296026131946498,0.393545753461232,NA,1,1,"S7","signal",1000,70,0.352588811263852,93.0743253728276,0,0,0,"quadratic",0.3,42,1
0.510801978948274,0.511602169417188,1,1,0.25692810413896,NA,0.994250305579173,1,0.195809953924148,NA,0.703052079785055,1,0.273312212742263,0.44476797433717,NA,1,1,"S7","signal",1000,70,0.352588811263852,81.1275239042783,0,0,0,"quadratic",0.3,43,1
0.461742553987977,0.485447217649175,1,1,0.337054594268565,NA,0.999879740844459,1,0.259525419337654,NA,0.856310031561386,1,0.331589085984747,0.500870047335071,NA,1,1,"S7","signal",1000,70,0.352588811263852,89.8216786476781,0,0,0,"quadratic",0.3,44,1
0.553906716812798,0.533662994477019,1,1,0.372247008150818,NA,0.999979676906842,1,0.33629764034859,NA,0.985138414163766,1,0.312450407678223,0.605686102518799,NA,1,1,"S7","signal",1000,70,0.352588811263852,101.031707973177,0,0,0,"quadratic",0.3,45,1
0.575524040219933,0.523296616544116,1,1,0.437144830556499,NA,0.99999909546344,1,0.40780399162984,NA,0.998686482656579,1,0.389342017420131,0.727610565603609,NA,1,1,"S7","signal",1000,70,0.352588811263852,92.0757318514344,0,0,0,"quadratic",0.3,46,1
0.387870789797151,0.457606190896107,1,1,0.193539671954505,NA,0.983105103613961,1,0.074067620654113,NA,0.376082121413171,0,0.144695282918556,0.501830485748527,NA,1,1,"S7","signal",1000,70,0.352588811263852,102.094701226251,0,0,0,"quadratic",0.3,47,1
0.467493022125734,0.479614047198834,1,1,0.0372716517735456,NA,0.295417253169128,0,0.00189362881191961,NA,0.0370488826530327,0,0.0996238384892191,0.499184450266653,NA,1,1,"S7","signal",1000,70,0.352588811263852,69.67473274622,0,0,0,"quadratic",0.3,48,1
0.447689338940095,0.46739765639595,1,1,0.139989502518478,NA,0.888280788902398,0,0.0115505085092061,NA,0.0877635032458799,0,0.14399748723948,0.510955343716079,NA,1,1,"S7","signal",1000,70,0.352588811263852,84.3602110042039,0,0,0,"quadratic",0.3,49,1
0.564414833467428,0.48049514789344,1,1,0.294515703875723,NA,0.999088831769535,1,0.217441945358003,NA,0.77278183172314,1,0.255189213715191,0.364723939617462,NA,1,1,"S7","signal",1000,70,0.352588811263852,97.877622402109,0,0,0,"quadratic",0.3,50,1
0.444093445393325,0.515094545753357,1,1,0.345169398050401,NA,0.999928295919284,1,0.184693981860383,NA,0.685809869552869,1,0.398199838735369,0.548189942069414,NA,1,1,"S7","signal",1000,70,0.352588811263852,90.2059940193635,0,0,0,"quadratic",0.3,51,1
0.475073892425064,0.478384742529268,1,1,0.339200493636694,NA,0.99976776631614,1,0.223717336327303,NA,0.756826640011668,1,0.391968477392888,0.449072381701905,NA,1,1,"S7","signal",1000,70,0.352588811263852,82.8138347342192,0,0,0,"quadratic",0.3,52,1
0.462825373500927,0.527181920208349,1,1,0.343740763896776,NA,0.999825829664509,1,0.29257890885704,NA,0.914061792672806,1,0.321374544821238,0.442664428531329,NA,1,1,"S7","signal",1000,70,0.352588811263852,85.7061814423344,0,0,0,"quadratic",0.3,53,1
0.500486356070232,0.477219377107083,1,1,0.416453610995841,NA,0.999992924242943,1,0.388634861910871,NA,0.99373384861143,1,0.383406822157112,0.391595719251318,NA,1,1,"S7","signal",1000,70,0.352588811263852,83.7132505061043,0,0,0,"quadratic",0.3,54,1
0.54024119573461,0.468209966564356,1,1,0.270810837458631,NA,0.995491253501407,1,0.12023239889055,NA,0.481182522139996,0,0.256706206052172,0.510010378691656,NA,1,1,"S7","signal",1000,70,0.352588811263852,73.6988987390689,0,0,0,"quadratic",0.3,55,1
0.49036875345769,0.528362518387266,1,1,0.276251340094487,NA,0.998488907927622,1,0.234049243569836,NA,0.85952333247481,1,0.327755191583606,0.656167278865056,NA,1,1,"S7","signal",1000,70,0.352588811263852,98.9567395726949,0,0,0,"quadratic",0.3,56,1
0.481887322144708,0.474870342569266,1,1,0.25532735751626,NA,0.996955827443621,1,0.0625878103273476,NA,0.299528221964128,0,0.246754639863577,0.556907310436674,NA,1,1,"S7","signal",1000,70,0.352588811263852,85.6446137677481,0,0,0,"quadratic",0.3,57,1
0.484964349134067,0.503707076258302,1,1,0.302148262025152,NA,0.999028730312032,1,0.198407560573324,NA,0.692743269898867,1,0.303881217202394,0.608997893152138,NA,1,1,"S7","signal",1000,70,0.352588811263852,87.2908655014084,0,0,0,"quadratic",0.3,58,1
0.436969024679248,0.449098774135759,1,1,0.300181265179342,NA,0.999042511421888,1,0.209520881801,NA,0.738875698942083,1,0.27895488180296,0.626009409443666,NA,1,1,"S7","signal",1000,70,0.352588811263852,77.4623730756837,0,0,0,"quadratic",0.3,59,1
0.518813105766287,0.468981827789772,1,1,0.294779722434754,NA,0.99924295043722,1,0.197265678642324,NA,0.724097637835391,1,0.30318122335721,0.642836814532518,NA,1,1,"S7","signal",1000,70,0.352588811263852,91.649605316306,0,0,0,"quadratic",0.3,60,1
0.435433410840187,0.530885672138952,1,1,0.330410284775244,NA,0.99978437110117,1,0.319478242783069,NA,0.974367571544972,1,0.329539333413595,0.521723036392946,NA,1,1,"S7","signal",1000,70,0.352588811263852,92.6857359112859,0,0,0,"quadratic",0.3,61,1
0.516075677486346,0.483179804462065,1,1,0.274447408430217,NA,0.995974963066076,1,0.159613358565049,NA,0.585559755016706,1,0.30454773827564,0.478195871209009,NA,1,1,"S7","signal",1000,70,0.352588811263852,70.9515357807852,0,0,0,"quadratic",0.3,62,1
0.462074847489285,0.508574101402408,1,1,0.179907682925242,NA,0.943052098103587,0,0.0291503116491854,NA,0.164478249647734,0,0.203896304666353,0.547348584327677,NA,1,1,"S7","signal",1000,70,0.352588811263852,85.8383647338809,0,0,0,"quadratic",0.3,63,1
0.374447225047243,0.461235816863894,1,1,0.31034556024998,NA,0.99978552202745,1,0.224417182395321,NA,0.794920836224159,1,0.369958843914311,0.433465513431382,NA,1,1,"S7","signal",1000,70,0.352588811263852,94.0446543980689,0,0,0,"quadratic",0.3,64,1
0.536456732100621,0.490086578981885,1,1,0.34519728807812,NA,0.999790126310876,1,0.295642854259163,NA,0.92501350311943,1,0.334888676386449,0.711960167093322,NA,1,1,"S7","signal",1000,70,0.352588811263852,86.2159601815007,0,0,0,"quadratic",0.3,65,1
0.430363680694676,0.49125138135972,1,1,0.251950897529514,NA,0.995371679954692,1,0.0557617285160594,NA,0.267907411557858,0,0.235872371208083,0.380589666286106,NA,1,1,"S7","signal",1000,70,0.352588811263852,86.7831461239089,0,0,0,"quadratic",0.3,66,1
0.478085862813859,0.461653024858601,1,1,0.264905498043488,NA,0.997690712590313,1,0.198722410205251,NA,0.772183671438791,1,0.232006349496793,0.495860833318679,NA,1,1,"S7","signal",1000,70,0.352588811263852,88.374635541499,0,0,0,"quadratic",0.3,67,1
0.507749599126798,0.428446600985488,1,1,0.346431705596411,NA,0.999928722847001,1,0.275964845599535,NA,0.880329755088423,1,0.338552859068865,0.403041545259276,NA,1,1,"S7","signal",1000,70,0.352588811263852,87.0212652467517,0,0,0,"quadratic",0.3,68,1
0.507940804784042,0.436605318973643,1,1,0.40119382594452,NA,0.999998529975572,1,0.320291412859059,NA,0.963933428873218,1,0.382971670127067,0.361260141075122,NA,1,1,"S7","signal",1000,70,0.352588811263852,102.26568131862,0,0,0,"quadratic",0.3,69,1
0.534744871236233,0.447757638892092,1,1,0.319558972256921,NA,0.997203426641835,1,0.102512490200909,NA,0.372143497955041,0,0.282862450000283,0.403875212931315,NA,1,1,"S7","signal",1000,70,0.352588811263852,59.4668965554676,0,0,0,"quadratic",0.3,70,1
0.505105435862041,0.477733117406286,1,1,0.209114325598945,NA,0.972995634698889,1,0.0752210255557372,NA,0.344006733457354,0,0.182163887035854,0.361118103976,NA,1,1,"S7","signal",1000,70,0.352588811263852,72.436780401004,0,0,0,"quadratic",0.3,71,1
0.405513949926478,0.493654061087637,1,1,0.188612657414118,NA,0.958942078566352,1,0.0411171697330606,NA,0.212044157990474,0,0.1702646251735,0.440476811597671,NA,1,1,"S7","signal",1000,70,0.352588811263852,75.4064431565583,0,0,0,"quadratic",0.3,72,1
0.575835800673715,0.418268417172606,1,1,0.436318779732785,NA,0.99999491503353,1,0.404660871170976,NA,0.991314867602963,1,0.364398013482433,0.436886672733444,NA,1,1,"S7","signal",1000,70,0.352588811263852,71.6368695235553,0,0,0,"quadratic",0.3,73,1
0.408828979490314,0.499050699281817,1,1,0.34407359629777,NA,0.999945515203704,1,0.311273067471383,NA,0.967515695114077,1,0.339452437281618,0.513432870859941,NA,1,1,"S7","signal",1000,70,0.352588811263852,92.7568974116024,0,0,0,"quadratic",0.3,74,1
0.416177405801358,0.441726021794089,1,1,0.231836113381603,NA,0.998010915933366,1,0.138874547299503,NA,0.629111799813884,1,0.240735138321884,0.362814765670741,NA,1,1,"S7","signal",1000,70,0.352588811263852,117.30256984419,0,0,0,"quadratic",0.3,75,1
0.572207462415996,0.450092581659885,1,1,0.4947537986053,NA,0.999999999641131,1,0.439260258503354,NA,0.99999291428198,1,0.527631811379679,0.388543843196247,NA,1,1,"S7","signal",1000,70,0.352588811263852,101.346026946392,0,0,0,"quadratic",0.3,76,1
0.567961077755334,0.497540153683828,1,1,0.400191828302459,NA,0.999962787547982,1,0.401482545828695,NA,0.995695470100689,1,0.405263637029021,0.418732138266842,NA,1,1,"S7","signal",1000,70,0.352588811263852,79.5443187377556,0,0,0,"quadratic",0.3,77,1
0.439185843578594,0.513439369721589,1,1,0.258628418280395,NA,0.995729257243446,1,0.1967518783707,NA,0.748637660858738,1,0.294951115625145,0.578654208212746,NA,1,1,"S7","signal",1000,70,0.352588811263852,91.5124843096143,0,0,0,"quadratic",0.3,78,1
0.514073648879988,0.451374512506942,1,1,0.466831472219141,NA,0.999999902832495,1,0.416932971695035,NA,0.998734051838146,1,0.448047575269599,0.440450756753255,NA,1,1,"S7","signal",1000,70,0.352588811263852,94.6515564040247,0,0,0,"quadratic",0.3,79,1
0.466750518567575,0.515653782621308,1,1,0.3323018559473,NA,0.999832679362163,1,0.286323975670696,NA,0.918503622262439,1,0.333028992802684,0.393219221029831,NA,1,1,"S7","signal",1000,70,0.352588811263852,93.8992319326373,0,0,0,"quadratic",0.3,80,1
0.394807224656337,0.51698881344809,1,1,0.18252117948822,NA,0.957199304505716,1,0.0255570782185564,NA,0.149854268331847,0,0.227712173674739,0.5390158167753,NA,1,1,"S7","signal",1000,70,0.352588811263852,82.410226572552,0,0,0,"quadratic",0.3,81,1
0.522567916135113,0.425867330381301,1,1,0.25272438336886,NA,0.994108190244958,1,0.0992207530881029,NA,0.415606029898569,0,0.228488516522169,0.257361758237137,0.00608171699192568,0.990248743718593,1,"S7","signal",1000,70,0.352588811263852,75.6011070170853,0,0,0,"quadratic",0.3,82,1
0.438690071485038,0.443922592963535,1,1,0.330266865571092,NA,0.999830452457353,1,0.306237264216455,NA,0.926255394640624,1,0.343315874285158,0.371678066728283,NA,1,1,"S7","signal",1000,70,0.352588811263852,77.6323114129467,0,0,0,"quadratic",0.3,83,1
0.515736817188819,0.556867214239211,1,1,0.317725188628594,NA,0.99974724426497,1,0.2240502313023,NA,0.81004195007674,1,0.325558036420548,0.495866677590718,NA,1,1,"S7","signal",1000,70,0.352588811263852,99.8589644205227,0,0,0,"quadratic",0.3,84,1
0.491426835201749,0.489878872714715,1,1,0.343535783994273,NA,0.999810348812072,1,0.321510843602222,NA,0.96587941368084,1,0.361900340624668,0.521471666102601,NA,1,1,"S7","signal",1000,70,0.352588811263852,83.8389692149635,0,0,0,"quadratic",0.3,85,1
0.521193643990163,0.514997745115391,1,1,0.448072249548593,NA,0.999995387017153,1,0.433911083867054,NA,0.997539337079128,1,0.495660961763526,0.694006232320566,NA,1,1,"S7","signal",1000,70,0.352588811263852,83.7748917198686,0,0,0,"quadratic",0.3,86,1
0.549795260486109,0.426081791691051,1,1,0.356375934825903,NA,0.99994742276007,1,0.272471873667094,NA,0.884029543738017,1,0.382329272679537,0.330359872516777,NA,1,1,"S7","signal",1000,70,0.352588811263852,85.3903178587547,0,0,0,"quadratic",0.3,87,1
0.433416542454736,0.465755248272282,1,1,0.223645923955307,NA,0.983136159783571,1,0.0288851508512299,NA,0.159145847951744,0,0.16392653222816,0.446380333142049,NA,1,1,"S7","signal",1000,70,0.352588811263852,74.7635356443506,0,0,0,"quadratic",0.3,88,1
0.438336594937716,0.475911567163144,1,1,0.277320456034424,NA,0.997143183327377,1,0.171901477206976,NA,0.619549649265393,1,0.268564475116508,0.49754010951065,NA,1,1,"S7","signal",1000,70,0.352588811263852,79.2133061696205,0,0,0,"quadratic",0.3,89,1
0.472670607265496,0.506291339543932,1,1,0.243722013068113,NA,0.990110184085073,1,0.10187695266575,NA,0.420497942254851,0,0.272184904201523,0.526335824932373,NA,1,1,"S7","signal",1000,70,0.352588811263852,88.7272913449938,0,0,0,"quadratic",0.3,90,1
0.500880252201392,0.473480776167388,1,1,0.369973462430517,NA,0.999977608827742,1,0.327273817431094,NA,0.967489920274786,1,0.391888931796589,0.360095809931182,NA,1,1,"S7","signal",1000,70,0.352588811263852,84.2449465203647,0,0,0,"quadratic",0.3,91,1
0.487076753830169,0.514521849707321,1,1,0.301970102487955,NA,0.998730349410755,1,0.18699701503234,NA,0.668824883006036,1,0.290617547183561,0.458188020560313,NA,1,1,"S7","signal",1000,70,0.352588811263852,79.4582242122159,0,0,0,"quadratic",0.3,92,1
0.418029843576571,0.475230228789209,1,1,0.24154116303647,NA,0.994724173661511,1,0.128309788880387,NA,0.539152676976622,1,0.301218074073399,0.511706910233608,NA,1,1,"S7","signal",1000,70,0.352588811263852,81.8601042450846,0,0,0,"quadratic",0.3,93,1
0.478118859795425,0.468535000941574,1,1,0.409868547073588,NA,0.999997108437252,1,0.35068356247865,NA,0.982784560356301,1,0.42969487828585,0.584655271195178,NA,1,1,"S7","signal",1000,70,0.352588811263852,84.3490295973292,0,0,0,"quadratic",0.3,94,1
0.53728346701555,0.419989202295755,1,1,0.401732819227704,NA,0.999998442530671,1,0.347272857609565,NA,0.989990430906375,1,0.394682482867492,0.505286752565092,NA,1,1,"S7","signal",1000,70,0.352588811263852,99.2512548479463,0,0,0,"quadratic",0.3,95,1
0.476400247525685,0.46467666702127,1,1,0.192470829109344,NA,0.973583355642516,1,0.040621262183528,NA,0.217054428258337,0,0.223297344069452,0.533824548073279,NA,1,1,"S7","signal",1000,70,0.352588811263852,95.9360750259853,0,0,0,"quadratic",0.3,96,1
0.404269854102764,0.482145406143609,1,1,0.110487055100501,NA,0.838498532349189,0,0.00569412406395708,NA,0.0611072766397947,0,0.140622395558093,0.46326850607293,NA,1,1,"S7","signal",1000,70,0.352588811263852,108.500002393158,0,0,0,"quadratic",0.3,97,1
0.576734236467637,0.428148651363017,1,1,0.460728136113129,NA,0.999999483999735,1,0.406224701968503,NA,0.994190873299749,1,0.519660112101238,0.550506247838228,NA,1,1,"S7","signal",1000,70,0.352588811263852,80.6268198467245,0,0,0,"quadratic",0.3,98,1
0.494012464359573,0.488738667078773,1,1,0.36508956921181,NA,0.999878758000835,1,0.331218604661724,NA,0.9579672179676,1,0.288607869183789,0.4696600473315,NA,1,1,"S7","signal",1000,70,0.352588811263852,80.2574094603729,0,0,0,"quadratic",0.3,99,1
0.491487478193735,0.454364642197292,1,1,0.353291692474615,NA,0.999745092498739,1,0.24291854651201,NA,0.770811966909876,1,0.308966204155631,0.563927088496601,NA,1,1,"S7","signal",1000,70,0.352588811263852,72.4316879552329,0,0,0,"quadratic",0.3,100,1
0.489928949069046,0.0252108249554212,1,1,0.364035739603272,NA,0.999999897328386,1,0.332375469837651,NA,0.998710251389687,1,0.356511317225734,0.105049851908058,NA,1,1,"S7","main",1000,70,0.352588811263852,85.1706375512063,0,0,0,"quadratic",0.05,1,1
0.510559501399251,0.0407516303718135,1,1,0.259443929551498,NA,0.999497536591203,1,0.165136650419551,NA,0.673433574691882,1,0.254806166979129,0.109328106100297,0.00394742180972948,0.990090452261307,1,"S7","main",1000,70,0.352588811263852,77.6112680847219,0,0,0,"quadratic",0.05,2,1
0.48829024314303,0.0176879791627265,1,1,0.267507164861028,NA,0.999801234677537,1,0.174058718133069,NA,0.740921786912043,1,0.246126373310253,-0.032447964974846,0.0117018471513185,0.948630653266332,1,"S7","main",1000,70,0.352588811263852,78.4243207669004,0,0,0,"quadratic",0.05,3,1
0.523617097444215,0.0330209225518463,1,1,0.344456290737635,NA,0.999996245111114,1,0.355088094535896,NA,0.998491284870754,1,0.350623614558976,0.0555422788026316,NA,1,1,"S7","main",1000,70,0.352588811263852,72.7374667212719,0,0,0,"quadratic",0.05,4,1
0.479353253364333,0.0448171105092135,1,1,0.262116987999566,NA,0.999280268346708,1,0.0707896946839524,NA,0.336960373388324,0,0.149767106870894,0.0157991547157892,0.018954283915245,0.681605527638191,1,"S7","main",1000,70,0.352588811263852,67.1212073869612,0,0,0,"quadratic",0.05,5,1
0.47619473572211,0.0318752756258995,1,1,0.318865824785111,NA,0.999998147189526,1,0.321378353263826,NA,0.999177517034928,1,0.31089402215692,0.0373453195724031,0.000136781233481934,0.999824120603015,1,"S7","main",1000,70,0.352588811263852,85.155344023592,0,0,0,"quadratic",0.05,6,1
0.486025275710969,0.00957363086904938,1,1,0.228670779062723,NA,0.999260565892854,1,0.104141230344693,NA,0.525176434405991,1,0.21230926692529,0.0332751580821721,0.012411745808292,0.92151256281407,1,"S7","main",1000,70,0.352588811263852,97.8526895514355,0,0,0,"quadratic",0.05,7,1
0.507107323789502,0.0208621079102298,1,1,0.320420219920484,NA,0.999996925176817,1,0.282219024627769,NA,0.985964112448174,1,0.336273958765962,0.0621724676535395,NA,1,1,"S7","main",1000,70,0.352588811263852,80.8888512889586,0,0,0,"quadratic",0.05,8,1
0.496266583663736,0.0132339341914687,1,1,0.330252801140427,NA,0.999997327828641,1,0.313208599819758,NA,0.996625057707186,1,0.320482052353417,-0.00161157342963082,NA,1,1,"S7","main",1000,70,0.352588811263852,90.0860163077165,0,0,0,"quadratic",0.05,9,1
0.461796808253269,0.0383795582635268,1,1,0.341108981228348,NA,0.999999978094344,1,0.324022646890625,NA,0.999626667120275,1,0.348585816152959,0.101643800510583,NA,1,1,"S7","main",1000,70,0.352588811263852,105.903076195966,0,0,0,"quadratic",0.05,10,1
0.449917149801601,0.0321520275429117,1,1,0.257437728501906,NA,0.999492316977213,1,0.116891033222092,NA,0.520361748016428,1,0.212138098242297,-0.0143026561961213,0.0130373971847617,0.882399497487437,1,"S7","main",1000,70,0.352588811263852,77.1552112263744,0,0,0,"quadratic",0.05,11,1
0.494864885766852,0.0204076769108384,1,1,0.355319073394894,NA,0.9999999681953,1,0.291393170036487,NA,0.986688623369956,1,0.341303440020164,-0.00563477854052173,NA,1,1,"S7","main",1000,70,0.352588811263852,92.0344423253491,0,0,0,"quadratic",0.05,12,1
0.473280572339814,0.0273984700140618,1,1,0.317742630870601,NA,0.999998960986047,1,0.321896628549747,NA,0.999531428023775,1,0.280059079106486,-0.0276640636911939,0.00170165396149072,0.997934673366834,1,"S7","main",1000,70,0.352588811263852,89.0619197929852,0,0,0,"quadratic",0.05,13,1
0.498482780855414,0.0641444507319888,1,1,0.356717290913274,NA,0.999999886116029,1,0.326998336332131,NA,0.997012815902325,1,0.378722257166485,0.0789069309378453,NA,1,1,"S7","main",1000,70,0.352588811263852,81.7192869951354,0,0,0,"quadratic",0.05,14,1
0.478650012726517,0.0392557855458867,1,1,0.201376993887853,NA,0.995263971421216,1,0.0267739163063274,NA,0.166290423584457,0,0.235104544668863,-0.0407950422436975,0.0104470788003531,0.951527638190955,1,"S7","main",1000,70,0.352588811263852,74.4892174102316,0,0,0,"quadratic",0.05,15,1
0.47322642362098,0.0305813482450445,1,1,0.271855381978476,NA,0.999770876458069,1,0.263495202034772,NA,0.95403139049593,1,0.277989896166086,-0.0100156256983633,0.00481089750833592,0.985045226130653,1,"S7","main",1000,70,0.352588811263852,74.4678112413908,0,0,0,"quadratic",0.05,16,1
0.452134769638663,0.0147842451346767,1,1,0.264803443427715,NA,0.99986338912312,1,0.0925678154444363,NA,0.460661088073643,0,0.27476202120274,0.0878414977222649,0.00226379361295039,0.995909547738693,1,"S7","main",1000,70,0.352588811263852,74.2306508361688,0,0,0,"quadratic",0.05,17,1
0.559460103613875,0.0392964438915459,1,1,0.351347666687318,NA,0.999999153548369,1,0.327325036596424,NA,0.995370038483635,1,0.366045418125649,0.0894404852149649,NA,1,1,"S7","main",1000,70,0.352588811263852,76.484577419493,0,0,0,"quadratic",0.05,18,1
0.518605810667764,0.0332662194282695,1,1,0.349399855675679,NA,0.999999045409763,1,0.330113797339555,NA,0.997519895848047,1,0.329492638904036,-0.0292195459743075,NA,1,1,"S7","main",1000,70,0.352588811263852,78.149178821463,0,0,0,"quadratic",0.05,19,1
0.488999121727489,0.0456271749271923,1,1,0.25431344077615,NA,0.999009434652989,1,0.186837432336678,NA,0.765290106482596,1,0.230793697627297,0.0210545796724674,0.0128504588608394,0.897276381909548,1,"S7","main",1000,70,0.352588811263852,72.7274043629905,0,0,0,"quadratic",0.05,20,1
0.464292590689874,0.0467252706376226,1,1,0.360027566502461,NA,0.99999996114468,1,0.323137104250099,NA,0.997724816288503,1,0.345441451656356,0.111385412351545,NA,1,1,"S7","main",1000,70,0.352588811263852,98.712896088295,0,0,0,"quadratic",0.05,21,1
0.533669676681892,0.0636051921949164,1,1,0.37875251203739,NA,0.999999710221309,1,0.344526342177152,NA,0.996785315755616,1,0.401278968630051,0.067816423366118,NA,1,1,"S7","main",1000,70,0.352588811263852,75.5968167516057,0,0,0,"quadratic",0.05,22,1
0.516408354058063,0.0257402042473008,1,1,0.330072537371269,NA,0.999995581255441,1,0.311152473370197,NA,0.989187184488918,1,0.391500518080106,-0.0167916767897127,NA,1,1,"S7","main",1000,70,0.352588811263852,80.5090373092705,0,0,0,"quadratic",0.05,23,1
0.513476149326226,0.0184364847146785,1,1,0.282821662192858,NA,0.999971425125521,1,0.202178437995472,NA,0.867828864213204,1,0.307754946706805,-0.00346782667902685,0.000195984823801173,0.999804020100503,1,"S7","main",1000,70,0.352588811263852,87.2233833606272,0,0,0,"quadratic",0.05,24,1
0.471202913768452,0.0341853563540456,1,1,0.270947171591019,NA,0.999890464219322,1,0.12566818962161,NA,0.571832835971828,1,0.300031385877669,0.114732318124395,0.000867274746823543,0.998861809045226,1,"S7","main",1000,70,0.352588811263852,76.7602663340822,0,0,0,"quadratic",0.05,25,1
0.52515987170667,0.034197702459942,1,1,0.412432111013027,NA,0.999999997875079,1,0.332024086222336,NA,0.997489525265708,1,0.413416194779387,-0.006147660160928,NA,1,1,"S7","main",1000,70,0.352588811263852,90.0931555248092,0,0,0,"quadratic",0.05,26,1
0.471754371447145,0.0301703954684674,1,1,0.355341040852642,NA,0.999999819369948,1,0.325858559609899,NA,0.997776786377356,1,0.406242933194804,-0.0166513340178365,NA,1,1,"S7","main",1000,70,0.352588811263852,82.1327041187498,0,0,0,"quadratic",0.05,27,1
0.519898243236452,0.0412822224289252,1,1,0.418282140391764,NA,0.999999999774565,1,0.350276471415764,NA,0.998768212224336,1,0.412454288633131,0.0654484539069658,NA,1,1,"S7","main",1000,70,0.352588811263852,88.8098522062729,0,0,0,"quadratic",0.05,28,1
0.476867430968851,0.00691585167457616,1,1,0.353967745351274,NA,0.999999328706557,1,0.319435701404767,NA,0.994907955254976,1,0.341491927945167,0.0822575314395297,NA,1,1,"S7","main",1000,70,0.352588811263852,76.5130332852381,0,0,0,"quadratic",0.05,29,1
0.467763410613216,0.0381371905010638,1,1,0.311095476701375,NA,0.999998266797989,1,0.267473428889008,NA,0.979868936320934,1,0.332704290523951,0.099477150759658,NA,1,1,"S7","main",1000,70,0.352588811263852,95.0443472860764,0,0,0,"quadratic",0.05,30,1
0.499147754717648,0.0575532198739898,1,1,0.281840199217337,NA,0.999948292788978,1,0.233654481492271,NA,0.917036177853605,1,0.282024042317328,-0.0203978302709561,0.00179603186508429,0.995816582914573,1,"S7","main",1000,70,0.352588811263852,88.0116369392988,0,0,0,"quadratic",0.05,31,1
0.45956106878758,0.0458676227815732,1,1,0.375837963045218,NA,0.999999982228977,1,0.350148310395485,NA,0.999762392471447,1,0.397256717624277,0.0753780753938973,NA,1,1,"S7","main",1000,70,0.352588811263852,88.2576786171008,0,0,0,"quadratic",0.05,32,1
0.498501382382413,0.0376285059534334,1,1,0.292464525441495,NA,0.999978154068118,1,0.27262149009575,NA,0.971430100143559,1,0.30316473504474,-0.0371977024113327,NA,1,1,"S7","main",1000,70,0.352588811263852,81.4719047232122,0,0,0,"quadratic",0.05,33,1
0.546705466119321,0.019943337603149,1,1,0.3027120122575,NA,0.999955467193131,1,0.185018093714508,NA,0.720589607975156,1,0.300899761090652,-0.00129989941008782,0.00315265300405524,0.993301507537688,1,"S7","main",1000,70,0.352588811263852,74.005287754078,0,0,0,"quadratic",0.05,34,1
0.513676257573878,0.0351160015018499,1,1,0.343616083511667,NA,0.999998561932146,1,0.285645069623881,NA,0.962982493793666,1,0.401327483056504,-0.0284094122651492,NA,1,1,"S7","main",1000,70,0.352588811263852,81.5490015116764,0,0,0,"quadratic",0.05,35,1
0.468693562672234,0.0467228059293166,1,1,0.256365647992995,NA,0.999701388374309,1,0.200384388753603,NA,0.812127716359645,1,0.225385584842754,0.0196995904672632,0.0110134730124564,0.930246231155779,1,"S7","main",1000,70,0.352588811263852,80.4254736556679,0,0,0,"quadratic",0.05,36,1
0.492855388664064,0.0140217430692306,1,1,0.333194746616632,NA,0.999999488762459,1,0.221990408700591,NA,0.877998386523722,1,0.348892279467369,0.0136361768983975,NA,1,1,"S7","main",1000,70,0.352588811263852,84.2535858413394,0,0,0,"quadratic",0.05,37,1
0.476997820021469,0.0164252711322847,1,1,0.330855223610158,NA,0.999998700910686,1,0.298956823575342,NA,0.99274472398647,1,0.350704149515794,-0.0806613542690729,NA,1,1,"S7","main",1000,70,0.352588811263852,86.2224067594365,0,0,0,"quadratic",0.05,38,1
0.51528694479694,0.0393708653110271,1,1,0.293713876803006,NA,0.99997548251924,1,0.284215611094084,NA,0.986867570498071,1,0.2766971993769,0.0998408649134275,0.00266500534484815,0.995934673366834,1,"S7","main",1000,70,0.352588811263852,84.9216757378522,0,0,0,"quadratic",0.05,39,1
0.524513350187283,0.0318093134401381,1,1,0.450840705362749,NA,0.999999999984778,1,0.368097656338255,NA,0.9986863434906,1,0.447288472600579,-0.0424047884749396,NA,1,1,"S7","main",1000,70,0.352588811263852,91.9789788446546,0,0,0,"quadratic",0.05,40,1
0.510309195089794,0.00792869330023038,1,1,0.245460036264351,NA,0.999110586136373,1,0.0626054364963056,NA,0.328971885316942,0,0.213598574785736,0.0594869955598434,0.00917119561682443,0.907977386934673,1,"S7","main",1000,70,0.352588811263852,73.8907708016994,0,0,0,"quadratic",0.05,41,1
0.458018521951635,0.0318975827275243,1,1,0.352607159997665,NA,0.999999978556557,1,0.311024649020718,NA,0.99831541519685,1,0.335063517048646,-0.0694210419116273,NA,1,1,"S7","main",1000,70,0.352588811263852,91.785787599696,0,0,0,"quadratic",0.05,42,1
0.477095408768224,0.00752510114107344,1,1,0.28797122662248,NA,0.999972959737726,1,0.240544801548581,NA,0.937180684656165,1,0.297262513378626,0.0959618066817977,0.00330597959404775,0.994077889447236,1,"S7","main",1000,70,0.352588811263852,78.138736628978,0,0,0,"quadratic",0.05,43,1
0.466383955654749,0.0162047038290016,1,1,0.357761613294179,NA,0.999999807225807,1,0.32299075067169,NA,0.998552887505811,1,0.391184328255253,0.0201374163373913,NA,1,1,"S7","main",1000,70,0.352588811263852,86.4719495760786,0,0,0,"quadratic",0.05,44,1
0.535184586853957,0.0300582799357009,1,1,0.351383655881415,NA,0.999998748069881,1,0.328590744586681,NA,0.990741251769963,1,0.385609066912118,0.0259208649262606,NA,1,1,"S7","main",1000,70,0.352588811263852,77.791100020061,0,0,0,"quadratic",0.05,45,1
0.45681673029934,0.05029493693402,1,1,0.30593421587796,NA,0.999996435401316,1,0.286490865897077,NA,0.994348272659367,1,0.276494749515515,0.0204849439575984,0.00283206538124331,0.994354271356784,1,"S7","main",1000,70,0.352588811263852,93.7715501399955,0,0,0,"quadratic",0.05,46,1
0.481386275991165,0.0184899139173902,1,1,0.385086117948893,NA,0.99999999911426,1,0.363772038363232,NA,0.999988189329783,1,0.421908863310578,0.111917373225215,NA,1,1,"S7","main",1000,70,0.352588811263852,104.683019355814,0,0,0,"quadratic",0.05,47,1
0.479629332383992,0.0433925727127991,1,1,0.327627491904359,NA,0.99999878450458,1,0.371862316895184,NA,0.999969706693378,1,0.327078354822671,0.0194810192894745,NA,1,1,"S7","main",1000,70,0.352588811263852,83.5884155201623,0,0,0,"quadratic",0.05,48,1
0.461862455931637,0.0232302577449368,1,1,0.191505588828931,NA,0.994002083212815,1,0.0778433117005927,NA,0.407976520109739,0,0.0972305254174257,-0.025640037306591,0.0153881876360964,0.55078391959799,1,"S7","main",1000,70,0.352588811263852,89.9539618145728,0,0,0,"quadratic",0.05,49,1
0.508507753712595,0.024107608094257,1,1,0.255918056968622,NA,0.999254228364813,1,0.151888477532763,NA,0.623812321162101,1,0.137190596416225,-0.0031256555571875,0.0188007990683093,0.630630653266332,1,"S7","main",1000,70,0.352588811263852,70.4140465904134,0,0,0,"quadratic",0.05,50,1
0.506237414646397,0.0530684034721323,1,1,0.3601599180326,NA,0.999999781310106,1,0.305131434898298,NA,0.979693790413851,1,0.379917539785764,0.0634996163833241,NA,1,1,"S7","main",1000,70,0.352588811263852,91.7632846808745,0,0,0,"quadratic",0.05,51,1
0.464831066686987,0.0259629346127105,1,1,0.287739393972995,NA,0.999984400859371,1,0.26871133630843,NA,0.987451527594083,1,0.305282044010602,-0.116974949189439,NA,1,1,"S7","main",1000,70,0.352588811263852,82.4705104048267,0,0,0,"quadratic",0.05,52,1
0.433271236931732,0.0129138252376155,1,1,0.271749074709237,NA,0.999957958478603,1,0.203057573000233,NA,0.847691894683618,1,0.278224248596874,0.0710006498436982,0.00261461181407761,0.997211055276382,1,"S7","main",1000,70,0.352588811263852,84.489760301202,0,0,0,"quadratic",0.05,53,1
0.46098882102472,0.00873614466365915,1,1,0.325976129265456,NA,0.999999669920191,1,0.310601292616241,NA,0.998803166524595,1,0.348129016742443,0.0131418284602124,NA,1,1,"S7","main",1000,70,0.352588811263852,93.1030649948308,0,0,0,"quadratic",0.05,54,1
0.480118077727464,0.0353624900451028,1,1,0.31627466359875,NA,0.99999848040804,1,0.265183163390963,NA,0.978015866600598,1,0.299187248565634,0.0149957716201344,NA,1,1,"S7","main",1000,70,0.352588811263852,93.5458533870868,0,0,0,"quadratic",0.05,55,1
0.495647235536364,0.0285377657509224,1,1,0.290392676379432,NA,0.999972239342162,1,0.25704849952763,NA,0.945806952880859,1,0.296059065170323,0.0973719263194144,NA,1,1,"S7","main",1000,70,0.352588811263852,89.8128853770914,0,0,0,"quadratic",0.05,56,1
0.484147916565775,0.019886280927218,1,1,0.384031095830044,NA,0.999999985515749,1,0.338762181581703,NA,0.999035800074605,1,0.324497098045316,-0.0016459539393368,NA,1,1,"S7","main",1000,70,0.352588811263852,85.2591269689058,0,0,0,"quadratic",0.05,57,1
0.479474898761855,0.0617520371772006,1,1,0.276843915943075,NA,0.999984410982019,1,0.272048273671655,NA,0.987306939838758,1,0.260803082281238,0.0436530759888031,0.00367208554903929,0.994675879396985,1,"S7","main",1000,70,0.352588811263852,96.5838978666035,0,0,0,"quadratic",0.05,58,1
0.494748282658569,0.0210460593743595,1,1,0.296434809203395,NA,0.999937533486731,1,0.314921594508837,NA,0.992147600047993,1,0.326652590012054,0.03506308045245,0.000459759412159985,0.999510050251256,1,"S7","main",1000,70,0.352588811263852,67.4496862684831,0,0,0,"quadratic",0.05,59,1
0.51408785421279,0.0437335970805553,1,1,0.376500719203888,NA,0.999999975933101,1,0.353982291757829,NA,0.99960858133011,1,0.390892929966203,0.0507832626707987,NA,1,1,"S7","main",1000,70,0.352588811263852,84.8904742255418,0,0,0,"quadratic",0.05,60,1
0.476662774783012,0.00526243772488242,1,1,0.37442391638728,NA,0.999999980388634,1,0.328820526435998,NA,0.997599702985777,1,0.389113999063335,0.0411417143567635,NA,1,1,"S7","main",1000,70,0.352588811263852,90.454200849616,0,0,0,"quadratic",0.05,61,1
0.483163359697445,0.00225232661870939,1,1,0.286065016962746,NA,0.999920854138013,1,0.279801094009483,NA,0.979887313446678,1,0.268193443781805,-0.0254821405606503,0.00644622142720553,0.973489949748744,1,"S7","main",1000,70,0.352588811263852,69.9263495249667,0,0,0,"quadratic",0.05,62,1
0.527555401823647,0.0538956002508901,1,1,0.395166356062286,NA,0.999999999107634,1,0.37166482493166,NA,0.99997995693991,1,0.383927428885049,0.124626308206667,NA,1,1,"S7","main",1000,70,0.352588811263852,99.4729892631947,0,0,0,"quadratic",0.05,63,1
0.483012236349779,0.0427067839034659,1,1,0.293780151089088,NA,0.999988428111138,1,0.266388942056461,NA,0.980411660410756,1,0.252748507546128,0.0543079047313254,0.00393027336284568,0.985479899497487,1,"S7","main",1000,70,0.352588811263852,91.2713382017279,0,0,0,"quadratic",0.05,64,1
0.475993335445928,0.028736827260496,1,1,0.31900071539121,NA,0.999996945211027,1,0.237667857654959,NA,0.882362428193194,1,0.358951244949017,0.0656839484253527,NA,1,1,"S7","main",1000,70,0.352588811263852,86.0940507750491,0,0,0,"quadratic",0.05,65,1
0.471124279073411,0.0133463683859848,1,1,0.30781288403674,NA,0.999973058125438,1,0.303915878777257,NA,0.982382253694097,1,0.329373527588821,-0.0577965069029847,NA,1,1,"S7","main",1000,70,0.352588811263852,73.1347741281627,0,0,0,"quadratic",0.05,66,1
0.496439443082452,0.0659174826016657,1,1,0.287305389386768,NA,0.999925269675433,1,0.220770474981048,NA,0.850873403180536,1,0.331168290606607,0.0595600297652674,NA,1,1,"S7","main",1000,70,0.352588811263852,75.0652497455926,0,0,0,"quadratic",0.05,67,1
0.492648807938228,0.0437986321797156,1,1,0.306128824853051,NA,0.999996345474604,1,0.268339185874577,NA,0.977240241184477,1,0.305859766780493,-0.0153103601197413,NA,1,1,"S7","main",1000,70,0.352588811263852,90.9579171662533,0,0,0,"quadratic",0.05,68,1
0.478018063287565,0.0156631311123269,1,1,0.400726510319935,NA,0.999999999548488,1,0.384652357464949,NA,0.999990322132326,1,0.425310201241517,-0.0208530548787534,NA,1,1,"S7","main",1000,70,0.352588811263852,97.8467173749948,0,0,0,"quadratic",0.05,69,1
0.50578345598525,0.0271556934803658,1,1,0.282450620300496,NA,0.999966513340765,1,0.246828635437093,NA,0.936156880751875,1,0.30060321930125,0.0197561813498113,0.00214916502804212,0.997366834170854,1,"S7","main",1000,70,0.352588811263852,85.0326426524781,0,0,0,"quadratic",0.05,70,1
0.494621409429308,0.053327836090821,1,1,0.285701320112597,NA,0.999961514979616,1,0.234797932583372,NA,0.897826219645069,1,0.306988517273636,0.056449776794054,0.000105530289739087,0.999894472361809,1,"S7","main",1000,70,0.352588811263852,82.610597365969,0,0,0,"quadratic",0.05,71,1
0.498875966231055,0.0325531679551031,1,1,0.303654215109266,NA,0.999994630513437,1,0.247988152936057,NA,0.952599940086668,1,0.288085908672778,0.0265914864802018,0.00179468348761639,0.996595477386935,1,"S7","main",1000,70,0.352588811263852,85.7229555463591,0,0,0,"quadratic",0.05,72,1
0.524670905760396,0.040680214100427,1,1,0.279812055995464,NA,0.999860098590912,1,0.159791644245524,NA,0.667259331164942,1,0.332705730926828,0.0894141341379748,0.00387555686075405,0.995020100502513,1,"S7","main",1000,70,0.352588811263852,74.8855481504627,0,0,0,"quadratic",0.05,73,1
0.48588402225231,0.0281569165358433,1,1,0.354399388269031,NA,0.999999012909287,1,0.312595437129802,NA,0.982481827801549,1,0.332493706402665,0.18348743511224,NA,1,1,"S7","main",1000,70,0.352588811263852,72.6535998157303,0,0,0,"quadratic",0.05,74,1
0.518560505388961,0.00170945612877752,1,1,0.346856816400983,NA,0.999999786556807,1,0.334267553241817,NA,0.998846949962219,1,0.360077471825114,-0.0134442589622686,NA,1,1,"S7","main",1000,70,0.352588811263852,88.5540543477567,0,0,0,"quadratic",0.05,75,1
0.48383964839753,0.0441099534747349,1,1,0.33074841610735,NA,0.999999717706268,1,0.32090362366044,NA,0.999651480666292,1,0.328475182263711,-0.0409689566906725,NA,1,1,"S7","main",1000,70,0.352588811263852,93.7633558886984,0,0,0,"quadratic",0.05,76,1
0.476447098094662,0.0219044790962856,1,1,0.252173260303509,NA,0.999599061416972,1,0.216323007399573,NA,0.868602915583025,1,0.243723042145994,0.00214553758832057,0.00749522721309585,0.963193467336683,1,"S7","main",1000,70,0.352588811263852,78.1649111667181,0,0,0,"quadratic",0.05,77,1
0.50914064698532,0.0376144755089581,1,1,0.334220649816823,NA,0.999999141740187,1,0.301416269721618,NA,0.989755646527591,1,0.328665399392373,0.0562750125148996,NA,1,1,"S7","main",1000,70,0.352588811263852,81.2491263348981,0,0,0,"quadratic",0.05,78,1
0.468695486175951,0.01310161656393,1,1,0.252022018159797,NA,0.999926088134963,1,0.224476602987613,NA,0.945144089703665,1,0.139330873841205,0.00677381074020395,0.0181750271430745,0.741336683417085,1,"S7","main",1000,70,0.352588811263852,107.082247861986,0,0,0,"quadratic",0.05,79,1
0.483425019987549,0.0171143846290723,1,1,0.326647194364259,NA,0.999999500257774,1,0.243240469751178,NA,0.935925758402377,1,0.31526194303759,-0.0413368436386841,NA,1,1,"S7","main",1000,70,0.352588811263852,85.2835736643143,0,0,0,"quadratic",0.05,80,1
0.468577532886852,0.0492318033269559,1,1,0.265838986651785,NA,0.999943018477902,1,0.266764048868334,NA,0.987395426817275,1,0.266870854449428,0.0319933259087053,0.00207259244319047,0.995798994974874,1,"S7","main",1000,70,0.352588811263852,87.1209761511322,0,0,0,"quadratic",0.05,81,1
0.519957258509628,0.046487978913978,1,1,0.321440571892928,NA,0.999995321861594,1,0.278137331119698,NA,0.964684061199009,1,0.309051346748761,-0.01923849847613,0.000193472197854969,0.999806532663317,1,"S7","main",1000,70,0.352588811263852,81.3620004710476,0,0,0,"quadratic",0.05,82,1
0.507277112843136,0.030031721210437,1,1,0.385544022136116,NA,0.99999997816544,1,0.381483603452189,NA,0.999951120511498,1,0.352609948225639,0.0404999769021335,NA,1,1,"S7","main",1000,70,0.352588811263852,72.1578982151145,0,0,0,"quadratic",0.05,83,1
0.476541239127147,0.0323925021848722,1,1,0.30627688261858,NA,0.999994358608423,1,0.263021538419858,NA,0.96071590384247,1,0.303489813524659,0.048050127794991,0.000692681442187917,0.999042713567839,1,"S7","main",1000,70,0.352588811263852,83.2406298662617,0,0,0,"quadratic",0.05,84,1
0.503736688874747,0.0253378518124229,1,1,0.314137717539374,NA,0.999997900670523,1,0.279937957553591,NA,0.981769403604778,1,0.28274500333451,-0.0210559629464372,0.000331740131405418,0.999422110552764,1,"S7","main",1000,70,0.352588811263852,87.4680415176042,0,0,0,"quadratic",0.05,85,1
0.530284256897267,0.0169866949298819,1,1,0.271839002300034,NA,0.999649363014675,1,0.153125047422045,NA,0.63440730445424,1,0.252881375509545,-0.113180075656488,0.0050472511865524,0.977721105527638,1,"S7","main",1000,70,0.352588811263852,69.4691665935275,0,0,0,"quadratic",0.05,86,1
0.478685465369726,0.0213666239189793,1,1,0.274886543414392,NA,0.999722624586912,1,0.16853053947469,NA,0.700889646667787,1,0.280006822886725,-0.024082904090281,0.00553102562581954,0.977354271356784,1,"S7","main",1000,70,0.352588811263852,71.0698549156688,0,0,0,"quadratic",0.05,87,1
0.506290377643878,0.0228348519113615,1,1,0.400211262313499,NA,0.99999996949658,1,0.354158276057846,NA,0.998747606698395,1,0.434011358149762,-0.095988539172049,NA,1,1,"S7","main",1000,70,0.352588811263852,72.1988817288263,0,0,0,"quadratic",0.05,88,1
0.441128718872472,0.00515845117606114,1,1,0.31892741420906,NA,0.999999336967014,1,0.264178641327081,NA,0.97209559126739,1,0.289818951391827,0.00757078314808771,0.000296489861647919,0.99970351758794,1,"S7","main",1000,70,0.352588811263852,92.0492679514284,0,0,0,"quadratic",0.05,89,1
0.494954200748635,0.0338046279967978,1,1,0.355594529720198,NA,0.999997952817209,1,0.316112054210606,NA,0.986897826322528,1,0.365791200265262,0.0866334539465728,NA,1,1,"S7","main",1000,70,0.352588811263852,75.4945507854364,0,0,0,"quadratic",0.05,90,1
0.499007758893473,0.0272615852984658,1,1,0.39376868190115,NA,0.999999996396665,1,0.341666569800282,NA,0.999029359730884,1,0.409926305459789,0.024313013531527,NA,1,1,"S7","main",1000,70,0.352588811263852,81.2442108183443,0,0,0,"quadratic",0.05,91,1
0.496915515496228,0.0177992237500812,1,1,0.315983614511734,NA,0.999996023441434,1,0.247371755761886,NA,0.927239404514588,1,0.308298350769851,0.0248090227229326,0.00154526495689367,0.998454773869347,1,"S7","main",1000,70,0.352588811263852,80.3451121768905,0,0,0,"quadratic",0.05,92,1
0.498567147833659,0.0573677555368893,1,1,0.261872776963857,NA,0.999370043743596,1,0.189663577044359,NA,0.749701006039042,1,0.262464459471229,0.0277347966189281,0.00930539361218782,0.958766331658292,1,"S7","main",1000,70,0.352588811263852,67.1564851848022,0,0,0,"quadratic",0.05,93,1
0.484460960576374,0.0137586668833135,1,1,0.27929541622575,NA,0.999917800884947,1,0.182313031047174,NA,0.762036406153355,1,0.248741280613071,-0.0611945431730397,0.00593027229627848,0.972670854271357,1,"S7","main",1000,70,0.352588811263852,77.1101185641353,0,0,0,"quadratic",0.05,94,1
0.493739015286046,0.0308658054491685,1,1,0.376401201023808,NA,0.99999999907699,1,0.321412669749334,NA,0.999190269121142,1,0.39336380116969,0.0448944963214229,NA,1,1,"S7","main",1000,70,0.352588811263852,106.449144685232,0,0,0,"quadratic",0.05,95,1
0.494363306763731,0.0312812353945745,1,1,0.346749298422109,NA,0.999999841892897,1,0.333860762577628,NA,0.999747583032836,1,0.359036655320288,0.0227205326922924,NA,1,1,"S7","main",1000,70,0.352588811263852,99.6342472942199,0,0,0,"quadratic",0.05,96,1
0.483553468936265,0.0242297039301443,1,1,0.398894912505591,NA,0.999999988419088,1,0.373713480366644,NA,0.999741043060532,1,0.458792135508342,-0.0913766582095109,NA,1,1,"S7","main",1000,70,0.352588811263852,90.0225273628639,0,0,0,"quadratic",0.05,97,1
0.467391458134689,0.0311811081303383,1,1,0.269835008460042,NA,0.999927125172346,1,0.245553283245422,NA,0.928926154479466,1,0.267961555461343,0.0261991822771256,0.00729676092227871,0.983030150753769,1,"S7","main",1000,70,0.352588811263852,81.0599020534626,0,0,0,"quadratic",0.05,98,1
0.538335335207998,0.0033500502464769,1,1,0.369002113861195,NA,0.99999947724611,1,0.359357265722146,NA,0.999663305456209,1,0.38905777744538,-0.0651739313559274,NA,1,1,"S7","main",1000,70,0.352588811263852,74.0982860768434,0,0,0,"quadratic",0.05,99,1
0.48930379654778,0.0306109772192657,1,1,0.321489136821102,NA,0.999994455579678,1,0.315326054203852,NA,0.990345243524778,1,0.330611189926586,0.0898155478247363,NA,1,1,"S7","main",1000,70,0.352588811263852,74.7230077768045,0,0,0,"quadratic",0.05,100,1
0.476440977632441,0.0388750220861604,1,1,0.230512305126054,NA,0.99902139847251,1,0.0398492146637403,NA,0.234769495854358,0,0.245845052185056,0.0954010616527248,0.00568929570599194,0.97755527638191,1,"S7","main",1000,70,0.352588811263852,86.0389674614117,0,0,0,"quadratic",0.1,1,1
0.484328225351012,0.0594751023617714,1,1,0.350573629963221,NA,0.999998691879803,1,0.280734638618398,NA,0.951011341797614,1,0.359112584604978,0.0448093206670438,NA,1,1,"S7","main",1000,70,0.352588811263852,75.7353611918333,0,0,0,"quadratic",0.1,2,1
0.502523278333703,0.0680037961342518,1,1,0.302460873262359,NA,0.999987578693243,1,0.228809956566967,NA,0.908447564871391,1,0.318463349325308,0.0859994814722494,0.000675896379519316,0.999324120603015,1,"S7","main",1000,70,0.352588811263852,84.5043490152354,0,0,0,"quadratic",0.1,3,1
0.531750584701842,0.0623523687133333,1,1,0.304208431333843,NA,0.999975087738463,1,0.203557560222054,NA,0.798921173687742,1,0.272348812265933,0.0377026722932854,0.00574626292555843,0.986552763819096,1,"S7","main",1000,70,0.352588811263852,80.855990353863,0,0,0,"quadratic",0.1,4,1
0.471760962463674,0.0612469270959007,1,1,0.269437790511127,NA,0.999900484272143,1,0.251554273081037,NA,0.948738614241578,1,0.275804147560994,0.118056376495094,0.000195984823801199,0.999804020100503,1,"S7","main",1000,70,0.352588811263852,85.8012292628847,0,0,0,"quadratic",0.1,5,1
0.537426754984737,0.0836772323960768,1,1,0.445794861295289,NA,0.999999999867343,1,0.410135221412841,NA,0.999975846234014,1,0.485496338151358,0.165503910829112,NA,1,1,"S7","main",1000,70,0.352588811263852,90.721650077657,0,0,0,"quadratic",0.1,6,1
0.497858486676128,0.0558692796795072,1,1,0.30433626368143,NA,0.999995414745333,1,0.2654163105833,NA,0.970145820956986,1,0.330278530438602,0.0412047890310629,NA,1,1,"S7","main",1000,70,0.352588811263852,93.1865440438457,0,0,0,"quadratic",0.1,7,1
0.496716776587776,0.080504754245294,1,1,0.293149417696279,NA,0.999884419621806,1,0.223992516938815,NA,0.828607632969436,1,0.32685288991817,0.179386147555641,NA,1,1,"S7","main",1000,70,0.352588811263852,62.8088303609392,0,0,0,"quadratic",0.1,8,1
0.523851936650247,0.0576035787316867,1,1,0.381442721814998,NA,0.9999999828473,1,0.367344599148675,NA,0.999912101657311,1,0.394887500698953,0.207782344108701,NA,1,1,"S7","main",1000,70,0.352588811263852,94.2199023127147,0,0,0,"quadratic",0.1,9,1
0.480131754317604,0.0427160619426186,1,1,0.283043229490256,NA,0.9999212550691,1,0.194783303030753,NA,0.76456259126854,1,0.254691947249946,0.046156287713931,0.00661644898090485,0.976070351758794,1,"S7","main",1000,70,0.352588811263852,76.3884701003265,0,0,0,"quadratic",0.1,10,1
0.478653558092312,0.0337202824600878,1,1,0.251401000869125,NA,0.999541657956856,1,0.181209008414351,NA,0.751153586894052,1,0.237165635019681,0.0604308939491948,0.00911935107816081,0.95164824120603,1,"S7","main",1000,70,0.352588811263852,87.8622480615062,0,0,0,"quadratic",0.1,11,1
0.47634233504551,0.0657052804998635,1,1,0.338887126647071,NA,0.999999766226262,1,0.313296423275883,NA,0.999092896677775,1,0.34542952185566,0.0173699321577833,NA,1,1,"S7","main",1000,70,0.352588811263852,88.9645055800957,0,0,0,"quadratic",0.1,12,1
0.509285447970241,0.0462561021135681,1,1,0.267586197961116,NA,0.999610421577162,1,0.175131116539925,NA,0.728525980885081,1,0.269358716486048,0.0078791585268467,0.00893012109019936,0.966806532663317,1,"S7","main",1000,70,0.352588811263852,81.7440470058745,0,0,0,"quadratic",0.1,13,1
0.436194540915296,0.0614853605297627,1,1,0.191444827894034,NA,0.99586812986955,1,0.0278194177124701,NA,0.184209296569613,0,0.225697271278456,-0.034457104973033,0.00593828080391841,0.965977386934673,1,"S7","main",1000,70,0.352588811263852,88.7687976424724,0,0,0,"quadratic",0.1,14,1
0.558035902404403,0.0390708998674838,1,1,0.373014820999256,NA,0.999999972263164,1,0.339734673627332,NA,0.999454959556568,1,0.383576703525454,0.023807888556659,NA,1,1,"S7","main",1000,70,0.352588811263852,93.3032649999083,0,0,0,"quadratic",0.1,15,1
0.481051885950706,0.0468738021584724,1,1,0.326425318269653,NA,0.99999862553017,1,0.284542740827653,NA,0.990480307023616,1,0.337063117864722,0.133061882975857,NA,1,1,"S7","main",1000,70,0.352588811263852,84.8168151064766,0,0,0,"quadratic",0.1,16,1
0.506998233974556,0.0563671251860748,1,1,0.291198245491616,NA,0.999939795421981,1,0.298930400786133,NA,0.983226484737929,1,0.333630280202234,0.0169185092473344,NA,1,1,"S7","main",1000,70,0.352588811263852,80.4575497260053,0,0,0,"quadratic",0.1,17,1
0.479061038754276,0.0726145920511318,1,1,0.20913312225351,NA,0.992518405807249,1,0.125342332800852,NA,0.561267096888662,1,0.103826588679002,0.0427329041180091,0.0185651149688827,0.533954773869347,1,"S7","main",1000,70,0.352588811263852,71.7137563166196,0,0,0,"quadratic",0.1,18,1
0.51429962128905,0.0667457386677864,1,1,0.41629976498171,NA,0.99999999907891,1,0.34675891970206,NA,0.997082299150976,1,0.457119493297569,0.0413268464013733,NA,1,1,"S7","main",1000,70,0.352588811263852,89.9705455208205,0,0,0,"quadratic",0.1,19,1
0.503775983482915,0.0520424066614846,1,1,0.324739933417951,NA,0.999994620848478,1,0.33028553521345,NA,0.99866620955199,1,0.327267240484052,0.0449088383058433,0.000108042915685268,0.999891959798995,1,"S7","main",1000,70,0.352588811263852,77.7677238739049,0,0,0,"quadratic",0.1,20,1
0.467015326592772,0.0524988149387478,1,1,0.320760039890689,NA,0.999997595290815,1,0.174489930015242,NA,0.739636495484745,1,0.310125326525013,0.0727879391899604,NA,1,1,"S7","main",1000,70,0.352588811263852,87.1035198021354,0,0,0,"quadratic",0.1,21,1
0.490054181904346,0.0540607687315812,1,1,0.396078174473525,NA,0.999999997836502,1,0.346796589152252,NA,0.999433759979021,1,0.374834352798035,0.106101504433672,NA,1,1,"S7","main",1000,70,0.352588811263852,81.6974710041854,0,0,0,"quadratic",0.1,22,1
0.478091778329063,0.0610437081627024,1,1,0.271031912722383,NA,0.999918529740419,1,0.12000482302448,NA,0.569880048456447,1,0.284144937152492,0.159308547255925,NA,1,1,"S7","main",1000,70,0.352588811263852,84.8359438197937,0,0,0,"quadratic",0.1,23,1
0.470860462984926,0.0511733458818077,1,1,0.280285728119684,NA,0.999977026531195,1,0.23203157010876,NA,0.918101841609614,1,0.282186342208199,0.0115954760681508,0.00164683819203367,0.99720351758794,1,"S7","main",1000,70,0.352588811263852,89.2052258226222,0,0,0,"quadratic",0.1,24,1
0.524727278553012,0.0192645161289331,1,1,0.277741226854536,NA,0.999922877483286,1,0.240372364013207,NA,0.904365631788748,1,0.299312491837917,-0.0124716180597133,0.00203020176450422,0.997969849246231,1,"S7","main",1000,70,0.352588811263852,87.9296538494047,0,0,0,"quadratic",0.1,25,1
0.576959324050021,0.0454616205912606,1,1,0.450010003675401,NA,0.999999995974251,1,0.437320841060088,NA,0.999947874637839,1,0.449764224706178,0.0163469525577804,NA,1,1,"S7","main",1000,70,0.352588811263852,66.4080136681766,0,0,0,"quadratic",0.1,26,1
0.516432503571186,0.0349888655061167,1,1,0.338954638156742,NA,0.999982405831347,1,0.279513110409231,NA,0.924658367661328,1,0.312434086956254,0.0267513846441163,0.0050142831611778,0.988510050251256,1,"S7","main",1000,70,0.352588811263852,65.1205045520954,0,0,0,"quadratic",0.1,27,1
0.485049576679365,0.0255047377307813,1,1,0.323779371389291,NA,0.999997445521186,1,0.290128858564764,NA,0.976079961486127,1,0.319753200292438,0.0716278021968266,NA,1,1,"S7","main",1000,70,0.352588811263852,83.8999849374907,0,0,0,"quadratic",0.1,28,1
0.468188983396607,0.0664291294607148,1,1,0.295477088109333,NA,0.999990106417349,1,0.265741451964871,NA,0.974004705721104,1,0.336313887126602,0.00963529598823341,NA,1,1,"S7","main",1000,70,0.352588811263852,84.4318217479298,0,0,0,"quadratic",0.1,29,1
0.522148762773957,0.0565557522317134,1,1,0.333778036268736,NA,0.999996021502488,1,0.30242448386061,NA,0.978143813187833,1,0.32844870359263,-0.0570925387576482,NA,1,1,"S7","main",1000,70,0.352588811263852,75.6015930168928,0,0,0,"quadratic",0.1,30,1
0.479206817285239,0.0709727184221445,1,1,0.312304279098064,NA,0.999980617260006,1,0.285230001662752,NA,0.955655038010501,1,0.297709003214987,0.00893641390126981,0.00341648155105037,0.994449748743719,1,"S7","main",1000,70,0.352588811263852,72.930025486249,0,0,0,"quadratic",0.1,31,1
0.483827495498885,0.0672674824771031,1,1,0.288583201648562,NA,0.999974306528004,1,0.197553389418028,NA,0.831741992620234,1,0.2734320669763,0.0547219834341741,0.00458286862250197,0.991022613065327,1,"S7","main",1000,70,0.352588811263852,89.6523591932127,0,0,0,"quadratic",0.1,32,1
0.493379996349384,0.0398178871226197,1,1,0.252283825628095,NA,0.999249659735344,1,0.183404254890259,NA,0.758378148308939,1,0.203148399259719,0.0795237922469596,0.0106903257757781,0.902497487437186,1,"S7","main",1000,70,0.352588811263852,77.8049074975897,0,0,0,"quadratic",0.1,33,1
0.469364586345875,0.0513749067578738,1,1,0.247894288634019,NA,0.998896904325412,1,0.113005940267431,NA,0.502411328241366,1,0.256610474295024,0.0439056285978527,0.00929562425577618,0.950243718592965,1,"S7","main",1000,70,0.352588811263852,67.9729862415044,0,0,0,"quadratic",0.1,34,1
0.517927976415632,0.0476822625783456,1,1,0.28754440855122,NA,0.99992653167654,1,0.221044379222995,NA,0.842945830611356,1,0.285822896177788,0.00651283655163188,0.00452295678062369,0.991005025125628,1,"S7","main",1000,70,0.352588811263852,84.7046049589361,0,0,0,"quadratic",0.1,35,1
0.474886762018309,0.0689278508767595,1,1,0.29531406712941,NA,0.999980884450331,1,0.240044122366445,NA,0.913634538639548,1,0.276367208715999,0.125041047442019,NA,1,1,"S7","main",1000,70,0.352588811263852,80.6881467613338,0,0,0,"quadratic",0.1,36,1
0.494539307303125,0.0408782245244573,1,1,0.267653320046653,NA,0.999860509685972,1,0.218813654710783,NA,0.865309364595691,1,0.280045273999544,0.0355554985732031,0.0043772588182814,0.988866834170854,1,"S7","main",1000,70,0.352588811263852,75.585749177387,0,0,0,"quadratic",0.1,37,1
0.479009177273274,0.0548837592845011,1,1,0.317190078989744,NA,0.999996202756701,1,0.203237814725558,NA,0.802799943058058,1,0.392669365278288,-0.00209899884461981,NA,1,1,"S7","main",1000,70,0.352588811263852,88.6676477729251,0,0,0,"quadratic",0.1,38,1
0.489698421690249,0.0649173215927163,1,1,0.325490966047169,NA,0.99999829953761,1,0.245213453345314,NA,0.931662045037733,1,0.376384329820811,0.0953797634235972,NA,1,1,"S7","main",1000,70,0.352588811263852,90.9403143124574,0,0,0,"quadratic",0.1,39,1
0.48326284873457,0.00578335086699325,1,1,0.35370225437614,NA,0.999999780478951,1,0.30744240776744,NA,0.991436272534001,1,0.374017191810758,0.0259230090457638,NA,1,1,"S7","main",1000,70,0.352588811263852,85.7344621846081,0,0,0,"quadratic",0.1,40,1
0.493211395171568,0.059542791322195,1,1,0.285488182554713,NA,0.999955047775979,1,0.202673806139982,NA,0.828001125912253,1,0.277152359248272,-0.0356286886091203,0.00431683207866396,0.991050251256281,1,"S7","main",1000,70,0.352588811263852,86.4239500588436,0,0,0,"quadratic",0.1,41,1
0.461504076979857,0.0345702965466098,1,1,0.31369365129859,NA,0.999988304639909,1,0.269218177996018,NA,0.957583785619678,1,0.283464737323415,0.0792827292906145,0.00299773007836254,0.993520100502513,1,"S7","main",1000,70,0.352588811263852,80.1462497075954,0,0,0,"quadratic",0.1,42,1
0.474447490497146,0.0511463093321257,1,1,0.297890103298628,NA,0.999978368200905,1,0.261072862401716,NA,0.960264566868846,1,0.293709584785739,0.0896687691915198,0.00046628981864521,0.999211055276382,1,"S7","main",1000,70,0.352588811263852,80.3490739371391,0,0,0,"quadratic",0.1,43,1
0.464701781119426,0.0549719380600431,1,1,0.283691543218418,NA,0.999966269696937,1,0.249088548116527,NA,0.943253081327318,1,0.302958080557308,-0.0201940334511774,0.00146779342563642,0.998329145728643,1,"S7","main",1000,70,0.352588811263852,88.6885072124786,0,0,0,"quadratic",0.1,44,1
0.480165153940911,0.0731568861845648,1,1,0.340170874133944,NA,0.999996115831695,1,0.29596414740761,NA,0.97615758674496,1,0.343488893455068,-0.0100291169273809,0.00150003768986268,0.9985,1,"S7","main",1000,70,0.352588811263852,80.6684038010045,0,0,0,"quadratic",0.1,45,1
0.52731871672663,0.0784429551836078,1,1,0.373305006331591,NA,0.99999983959987,1,0.365862708561895,NA,0.999575101099053,1,0.328067333357172,0.0626539577613803,0.000507550441126156,0.999492462311558,1,"S7","main",1000,70,0.352588811263852,83.0173954544062,0,0,0,"quadratic",0.1,46,1
0.494462688951895,0.0863670750211833,1,1,0.358932291841544,NA,0.999999978255261,1,0.335318864574626,NA,0.999616619323605,1,0.354446855222013,0.100054256275094,NA,1,1,"S7","main",1000,70,0.352588811263852,99.8931433472472,0,0,0,"quadratic",0.1,47,1
0.477492804267397,0.0791245592390281,1,1,0.312860140562912,NA,0.999997603541196,1,0.26665406081705,NA,0.97336447819683,1,0.313697672195744,0.156487077255602,NA,1,1,"S7","main",1000,70,0.352588811263852,99.182945098,0,0,0,"quadratic",0.1,48,1
0.460036732309466,0.0541772031584535,1,1,0.268335979761402,NA,0.999808295299952,1,0.207347960343796,NA,0.849966653060151,1,0.262160125080347,0.100823619223709,0.00360626575768101,0.992492462311558,1,"S7","main",1000,70,0.352588811263852,82.6169396449242,0,0,0,"quadratic",0.1,49,1
0.470341357420778,0.0496854821181228,1,1,0.279923776060682,NA,0.999903638620383,1,0.307317820470564,NA,0.992475978551908,1,0.256650961853567,0.0749324988964052,0.00567670841626508,0.981422110552764,1,"S7","main",1000,70,0.352588811263852,75.2841916609759,0,0,0,"quadratic",0.1,50,1
0.499744439292415,0.0753050234770001,1,1,0.312253144467157,NA,0.999969536050705,1,0.260859515482383,NA,0.917411589623835,1,0.298123793875775,0.197770533595465,NA,1,1,"S7","main",1000,70,0.352588811263852,75.1868308305078,0,0,0,"quadratic",0.1,51,1
0.512258099726796,0.0518087554580656,1,1,0.246795027136013,NA,0.999244833981485,1,0.207805421864951,NA,0.802664640767138,1,0.244382850290784,-0.0484989759697847,0.0107609228423465,0.956653266331658,1,"S7","main",1000,70,0.352588811263852,77.3259769150273,0,0,0,"quadratic",0.1,52,1
0.529276199675847,0.0756015167907011,1,1,0.366929367685666,NA,0.999999955284878,1,0.361408737557074,NA,0.99993679042119,1,0.386865935658637,0.0422011263852209,NA,1,1,"S7","main",1000,70,0.352588811263852,95.302443279409,0,0,0,"quadratic",0.1,53,1
0.457379557908191,0.0589850527581242,1,1,0.264660804975962,NA,0.999930096287469,1,0.18958740792189,NA,0.825961156433434,1,0.282317571850167,-0.0116605950948136,0.00265970340463147,0.995281407035176,1,"S7","main",1000,70,0.352588811263852,94.0785448231883,0,0,0,"quadratic",0.1,54,1
0.497559735488246,0.0821613029449615,1,1,0.305061160063309,NA,0.999987635087447,1,0.262628975446488,NA,0.938426910658669,1,0.329150948110868,0.214874761762289,NA,1,1,"S7","main",1000,70,0.352588811263852,83.7830068205777,0,0,0,"quadratic",0.1,55,1
0.477836433434386,0.0301661472324402,1,1,0.24034029102062,NA,0.997062940206062,1,0.182172875838986,NA,0.700851270625545,1,0.0410203568618789,0.0137833380045867,0.0110140263465608,0.258904522613065,0,"S7","main",1000,70,0.352588811263852,64.071617826264,0,0,0,"quadratic",0.1,56,1
0.489379465184086,0.0612839821071691,1,1,0.255189692739905,NA,0.999757745899586,1,0.14139951941352,NA,0.655422298996591,1,0.257326822595806,-0.00107852944256951,0.00595098762714501,0.981907035175879,1,"S7","main",1000,70,0.352588811263852,85.5510107342762,0,0,0,"quadratic",0.1,57,1
0.53371980544063,0.0704032471053522,1,1,0.398278119070537,NA,0.999999999823604,1,0.351386128652993,NA,0.9999089178006,1,0.409164095681448,0.033318484874669,NA,1,1,"S7","main",1000,70,0.352588811263852,98.1855479006778,0,0,0,"quadratic",0.1,58,1
0.444444906755877,0.0688999695704341,1,1,0.269743520067371,NA,0.999934165827704,1,0.172202982807343,NA,0.763408676218682,1,0.28694207943263,0.0663931103779787,0.000999719546138893,0.998545226130653,1,"S7","main",1000,70,0.352588811263852,90.1150445849282,0,0,0,"quadratic",0.1,59,1
0.567245180364463,0.0622599069171614,1,1,0.378163149657961,NA,0.999999902558419,1,0.355406649929091,NA,0.999145140715494,1,0.352411503622182,0.120046698516246,NA,1,1,"S7","main",1000,70,0.352588811263852,85.9023564673215,0,0,0,"quadratic",0.1,60,1
0.527914773174449,0.050070759746083,1,1,0.339614022871056,NA,0.99999945535984,1,0.316460270048025,NA,0.998709554100594,1,0.330815426756631,0.0520348513817891,NA,1,1,"S7","main",1000,70,0.352588811263852,88.5601546671834,0,0,0,"quadratic",0.1,61,1
0.466781736356875,0.0515805199794345,1,1,0.260275176762888,NA,0.999351524168465,1,0.172813133602423,NA,0.714954031268821,1,0.231267049165484,-0.0240918190649099,0.0116505615148266,0.918997487437186,1,"S7","main",1000,70,0.352588811263852,73.603741432234,0,0,0,"quadratic",0.1,62,1
0.463353415797101,0.0578443090559743,1,1,0.28483672948581,NA,0.999964674774334,1,0.168271823458974,NA,0.714569181754872,1,0.271235744607479,0.0382361856246185,0.00315001466877037,0.99112311557789,1,"S7","main",1000,70,0.352588811263852,80.5419111909915,0,0,0,"quadratic",0.1,63,1
0.448837474059651,0.0474692092536438,1,1,0.355326467916168,NA,0.999999937850337,1,0.338439538120436,NA,0.999459591155432,1,0.398974676992748,0.048751280833972,NA,1,1,"S7","main",1000,70,0.352588811263852,98.715992914386,0,0,0,"quadratic",0.1,64,1
0.502559436399045,0.0821065770934885,1,1,0.399412112578395,NA,0.999999996952308,1,0.36696463876859,NA,0.99991643599937,1,0.407696561384623,0.0075890879257073,NA,1,1,"S7","main",1000,70,0.352588811263852,88.4592790467063,0,0,0,"quadratic",0.1,65,1
0.483461361946513,0.0648606237102431,1,1,0.273624335905062,NA,0.999878676028315,1,0.221858965804528,NA,0.854472113194612,1,0.317702849688609,0.120910485010417,NA,1,1,"S7","main",1000,70,0.352588811263852,81.1104103208554,0,0,0,"quadratic",0.1,66,1
0.504381294938521,0.0751967340624779,1,1,0.327981005569007,NA,0.999999010543916,1,0.289917443792175,NA,0.986888473295452,1,0.327248359948053,0.132128493825407,NA,1,1,"S7","main",1000,70,0.352588811263852,100.410477805186,0,0,0,"quadratic",0.1,67,1
0.495864384337684,0.066200163308268,1,1,0.357047767128856,NA,0.999999891220277,1,0.291878237593746,NA,0.9836729429285,1,0.376113966215825,0.0797476177710673,NA,1,1,"S7","main",1000,70,0.352588811263852,97.8832018942209,0,0,0,"quadratic",0.1,68,1
0.467703323236611,0.0509564652292717,1,1,0.213711677646262,NA,0.994351152745027,1,0.0347165859257047,NA,0.198176932609472,0,0.0233926321057372,0.00656176910542197,0.00688485084056641,0.168246231155779,0,"S7","main",1000,70,0.352588811263852,74.8847254546833,0,0,0,"quadratic",0.1,69,1
0.514663718241916,0.0636897600746242,1,1,0.339713015338289,NA,0.999960685832896,1,0.266283908319244,NA,0.871091633454126,1,0.37189338035024,0.0549223378925469,NA,1,1,"S7","main",1000,70,0.352588811263852,54.3212783071064,0,0,0,"quadratic",0.1,70,1
0.510004584772093,0.0357903490028657,1,1,0.313179960798466,NA,0.999995518036374,1,0.292837840007272,NA,0.993592899609293,1,0.277272172018757,0.00708555279381096,0.00199934136977655,0.995143216080402,1,"S7","main",1000,70,0.352588811263852,88.4471751964637,0,0,0,"quadratic",0.1,71,1
0.448143035864326,0.0359050191575336,1,1,0.226706871282967,NA,0.999340430547081,1,0.0479776179587779,NA,0.282314322152472,0,0.110824359975639,0.012896826287568,0.0190898753027697,0.605125628140703,1,"S7","main",1000,70,0.352588811263852,91.2567797162414,0,0,0,"quadratic",0.1,72,1
0.472200001652921,0.0733225000742154,1,1,0.304576646162838,NA,0.999983467309199,1,0.258563892980995,NA,0.937547242265559,1,0.29980361866424,-0.0234599163113111,0.0053306976436179,0.992477386934673,1,"S7","main",1000,70,0.352588811263852,84.7697073953021,0,0,0,"quadratic",0.1,73,1
0.490848747985051,0.0521515720987786,1,1,0.339196477783848,NA,0.999998632108044,1,0.308839989916092,NA,0.992479361302344,1,0.408556040821473,0.118755873477649,NA,1,1,"S7","main",1000,70,0.352588811263852,89.2066433534524,0,0,0,"quadratic",0.1,74,1
0.521223961771421,0.0585972385109411,1,1,0.276662403550347,NA,0.999745440513905,1,0.25070987734081,NA,0.931630753243031,1,0.267897908515622,0.0815639414974525,0.00458833816962821,0.981665829145729,1,"S7","main",1000,70,0.352588811263852,74.9555733233457,0,0,0,"quadratic",0.1,75,1
0.549034017974637,0.0708120035337552,1,1,0.255181682548452,NA,0.999540613327082,1,0.262054079083626,NA,0.959004995351399,1,0.227061901479299,-0.0278715007483524,0.0103858426733077,0.931650753768844,1,"S7","main",1000,70,0.352588811263852,76.4143750071325,0,0,0,"quadratic",0.1,76,1
0.450928068436351,0.0916521306014296,1,1,0.289922849198074,NA,0.99998231928258,1,0.195365544538617,NA,0.81993495361161,1,0.305722525827158,0.0606745772595281,0.000755125076336988,0.999168341708543,1,"S7","main",1000,70,0.352588811263852,85.3694333509221,0,0,0,"quadratic",0.1,77,1
0.526086311403967,0.0448236010735316,1,1,0.339119034830171,NA,0.999999549543735,1,0.272785275074046,NA,0.970973561318829,1,0.356619667141894,0.121587939024435,NA,1,1,"S7","main",1000,70,0.352588811263852,98.7220266726087,0,0,0,"quadratic",0.1,78,1
0.482282565492077,0.0630366266182715,1,1,0.341057862710889,NA,0.999999838658021,1,0.334347053570553,NA,0.999234137485441,1,0.36752199947417,0.0398750207489569,NA,1,1,"S7","main",1000,70,0.352588811263852,85.4244224228089,0,0,0,"quadratic",0.1,79,1
0.51814011554321,0.0437688929997607,1,1,0.373465600922597,NA,0.999999992331315,1,0.339772998588264,NA,0.999524577165535,1,0.375734078801818,0.0272310141205564,NA,1,1,"S7","main",1000,70,0.352588811263852,99.788523946057,0,0,0,"quadratic",0.1,80,1
0.50751611120331,0.0544555279048459,1,1,0.289171763696531,NA,0.999981242939124,1,0.175401422349276,NA,0.782397577310228,1,0.299877342189857,0.0389899221182157,0.000233674212993686,0.999766331658291,1,"S7","main",1000,70,0.352588811263852,94.4268999098629,0,0,0,"quadratic",0.1,81,1
0.495594153092764,0.0581592193923849,1,1,0.348144956911434,NA,0.999999766601437,1,0.326225449463419,NA,0.997713484834169,1,0.366527064907501,0.0203032998240398,NA,1,1,"S7","main",1000,70,0.352588811263852,89.4444435049839,0,0,0,"quadratic",0.1,82,1
0.480175100847467,0.0897449700046758,1,1,0.28681628232563,NA,0.99998449983891,1,0.249825272205096,NA,0.957691678588657,1,0.324149541802045,0.00658268757140645,NA,1,1,"S7","main",1000,70,0.352588811263852,95.6888029764178,0,0,0,"quadratic",0.1,83,1
0.521890223237115,0.0689381929685848,1,1,0.373888403547038,NA,0.999999787534591,1,0.337637338896537,NA,0.99739320341556,1,0.388912153593401,0.103130102018082,NA,1,1,"S7","main",1000,70,0.352588811263852,74.6745329718902,0,0,0,"quadratic",0.1,84,1
0.485256299996965,0.0684993104177495,1,1,0.194930821042584,NA,0.992445609348514,1,0.035331254546049,NA,0.215325303638932,0,0.154391301464721,0.059112200574034,0.0163300027610156,0.774017587939698,1,"S7","main",1000,70,0.352588811263852,76.3666811547619,0,0,0,"quadratic",0.1,85,1
0.490208937878479,0.0504976216333771,1,1,0.296532999442715,NA,0.999990782099141,1,0.225429597537881,NA,0.895516720911923,1,0.308373807628353,-0.0495812125457236,NA,1,1,"S7","main",1000,70,0.352588811263852,87.7647730795457,0,0,0,"quadratic",0.1,86,1
0.491983019571868,0.0652009919205768,1,1,0.353120441882811,NA,0.999999847771476,1,0.331892249408303,NA,0.998229562813927,1,0.379106120907942,0.0714713220097347,NA,1,1,"S7","main",1000,70,0.352588811263852,93.5291616427307,0,0,0,"quadratic",0.1,87,1
0.492949821736056,0.0474339996744882,1,1,0.302382344309257,NA,0.999972839369651,1,0.283192100747614,NA,0.975208711915846,1,0.313104549131878,0.100309921720162,NA,1,1,"S7","main",1000,70,0.352588811263852,78.3712026009337,0,0,0,"quadratic",0.1,88,1
0.540817677520755,0.0655360876268394,1,1,0.393390579579731,NA,0.999999963897316,1,0.361964602915778,NA,0.999443263454667,1,0.387716465706286,0.173769234922009,NA,1,1,"S7","main",1000,70,0.352588811263852,81.1216801386804,0,0,0,"quadratic",0.1,89,1
0.507798422118361,0.0465771646800505,1,1,0.406050313046187,NA,0.999999999458206,1,0.366360958447279,NA,0.999976852045208,1,0.439722126212399,0.0836039018592669,NA,1,1,"S7","main",1000,70,0.352588811263852,98.2940693974307,0,0,0,"quadratic",0.1,90,1
0.451893422412925,0.0609260219059964,1,1,0.288174341929215,NA,0.999978281138197,1,0.319101257954773,NA,0.997727887482551,1,0.254198088599178,-0.0429202254950359,0.00598332677148517,0.980316582914573,1,"S7","main",1000,70,0.352588811263852,82.3723634971458,0,0,0,"quadratic",0.1,91,1
0.457167940776654,0.0379851120137407,1,1,0.171756159562816,NA,0.975103898426726,1,0.0284597476817197,NA,0.177798255112989,0,0.0201997873833523,0.00221237685312392,0.00612329723307181,0.150238693467337,0,"S7","main",1000,70,0.352588811263852,68.5591652116904,0,0,0,"quadratic",0.1,92,1
0.496242245466858,0.0380737549768019,1,1,0.335549527703145,NA,0.999997634403645,1,0.284037459679576,NA,0.962599765952433,1,0.352179297183422,0.00924475806318534,NA,1,1,"S7","main",1000,70,0.352588811263852,73.7684351786251,0,0,0,"quadratic",0.1,93,1
0.488498150552565,0.0340191416282017,1,1,0.258664226731253,NA,0.999711910680546,1,0.200484425192976,NA,0.809184352736503,1,0.238678005719086,0.0627885159274375,0.00859261867009696,0.962188442211055,1,"S7","main",1000,70,0.352588811263852,80.4929493892135,0,0,0,"quadratic",0.1,94,1
0.467009955602846,0.066102106327592,1,1,0.343088381296814,NA,0.999999869985556,1,0.291958541654127,NA,0.994125827577329,1,0.36682226289395,0.0945173182774264,NA,1,1,"S7","main",1000,70,0.352588811263852,99.1763329360594,0,0,0,"quadratic",0.1,95,1
0.4963556334818,0.0525972103115094,1,1,0.311429875315692,NA,0.999936051061513,1,0.249100522567961,NA,0.874470246305847,1,0.307062977508966,-0.0999647573327462,0.00180492681957681,0.997155778894472,1,"S7","main",1000,70,0.352588811263852,62.2891524131541,0,0,0,"quadratic",0.1,96,1
0.493951136256341,0.058338784350525,1,1,0.281401283710373,NA,0.999985977523732,1,0.269660876069337,NA,0.990086680752182,1,0.288267134485672,0.105362996232495,0.000193472197854969,0.999806532663317,1,"S7","main",1000,70,0.352588811263852,99.309116886894,0,0,0,"quadratic",0.1,97,1
0.491247596826249,0.0691084405483671,1,1,0.332769956284331,NA,0.99999912375351,1,0.27797134882202,NA,0.979227939712602,1,0.381470196800697,0.0912452145781996,NA,1,1,"S7","main",1000,70,0.352588811263852,96.4831156549375,0,0,0,"quadratic",0.1,98,1
0.425705066906788,0.0528865994910628,1,1,0.250343904047078,NA,0.999861961294284,1,0.131120573359134,NA,0.622096202833507,1,0.241634938918174,0.138233548967644,NA,1,1,"S7","main",1000,70,0.352588811263852,95.7661293261417,0,0,0,"quadratic",0.1,99,1
0.487284038952914,0.0996065574855372,1,1,0.289407471648442,NA,0.999874474401524,1,0.147081494032469,NA,0.625996652140325,1,0.278669262578543,0.0738127642782752,0.0058853392080335,0.984158291457286,1,"S7","main",1000,70,0.352588811263852,72.53477991607,0,0,0,"quadratic",0.1,100,1
0.502308100757804,0.0889625428647762,1,1,0.269207473232218,NA,0.999755373935004,1,0.196287148281174,NA,0.79861031082058,1,0.211881446395685,-0.00134572814362148,0.0133488474963106,0.886595477386935,1,"S7","main",1000,70,0.352588811263852,86.0776698895177,0,0,0,"quadratic",0.2,1,1
0.459074172739803,0.107849705400244,1,1,0.200224516341442,NA,0.99438927475811,1,0.0478335806078435,NA,0.277439655692672,0,0.0641536633835733,0.0432075493883978,0.0165145963478076,0.433886934673367,0,"S7","main",1000,70,0.352588811263852,86.850047939431,0,0,0,"quadratic",0.2,2,1
0.445878869091296,0.113954674552901,1,1,0.331680069669175,NA,0.999999499714451,1,0.308042937658569,NA,0.99792337581797,1,0.342642681324844,0.177834322837991,NA,1,1,"S7","main",1000,70,0.352588811263852,107.43508106355,0,0,0,"quadratic",0.2,3,1
0.527003617926317,0.119697262838158,1,1,0.366070165687036,NA,0.999998775857054,1,0.340151469357028,NA,0.995925647435087,1,0.382174874795307,0.255833932608071,NA,1,1,"S7","main",1000,70,0.352588811263852,80.1603096647073,0,0,0,"quadratic",0.2,4,1
0.487218474674751,0.0859960383195971,1,1,0.3871226501413,NA,0.999999959319262,1,0.328426253957085,NA,0.993064393867914,1,0.355969699627471,0.193657508782011,NA,1,1,"S7","main",1000,70,0.352588811263852,83.1383561139006,0,0,0,"quadratic",0.2,5,1
0.502249960266303,0.100997900958788,1,1,0.300723522023395,NA,0.999959309191062,1,0.292299810119801,NA,0.985798893391832,1,0.305348374061971,-0.031208448701402,0.00334044257060889,0.995693467336683,1,"S7","main",1000,70,0.352588811263852,81.8301678532985,0,0,0,"quadratic",0.2,6,1
0.501718906292936,0.113898397041701,1,1,0.311513310879772,NA,0.999961707136851,1,0.193814695491572,NA,0.752285037767096,1,0.297427965071326,-0.0116266566998067,0.00352185745481003,0.991062814070352,1,"S7","main",1000,70,0.352588811263852,80.1079342017389,0,0,0,"quadratic",0.2,7,1
0.550335982148255,0.116551785976567,1,1,0.351251271837299,NA,0.999996124272187,1,0.282144211499462,NA,0.945011160129815,1,0.359950755052396,0.0843498528366937,0.000771376165473803,0.99922864321608,1,"S7","main",1000,70,0.352588811263852,73.3737701848748,0,0,0,"quadratic",0.2,8,1
0.495421416383126,0.119903037896551,1,1,0.329922222756978,NA,0.99999349827227,1,0.299270533787514,NA,0.984302657036158,1,0.328087621461058,0.030048689515667,0.00206440357205563,0.997369346733668,1,"S7","main",1000,70,0.352588811263852,82.6255787898123,0,0,0,"quadratic",0.2,9,1
0.503455556365108,0.0838927077106445,1,1,0.366285649829603,NA,0.999999368312752,1,0.316117073821042,NA,0.980245156070235,1,0.366203199292152,0.122791494015248,NA,1,1,"S7","main",1000,70,0.352588811263852,75.9016314250135,0,0,0,"quadratic",0.2,10,1
0.514385966635832,0.145702600939797,1,1,0.330863318621008,NA,0.999976106257051,1,0.279481976845141,NA,0.929483971087038,1,0.310200284835406,0.263657253019616,NA,1,1,"S7","main",1000,70,0.352588811263852,76.4014709422591,0,0,0,"quadratic",0.2,11,1
0.511645534587609,0.0847266993563726,1,1,0.279999899699214,NA,0.999964675465173,1,0.189907827540702,NA,0.822187758605988,1,0.305347556405366,0.018391222714819,0.000969873615220935,0.999030150753769,1,"S7","main",1000,70,0.352588811263852,98.3507866092817,0,0,0,"quadratic",0.2,12,1
0.567093976786652,0.135891529564223,1,1,0.316415821389786,NA,0.999927669642351,1,0.317219342482998,NA,0.990099307114952,1,0.303328677014855,0.101901189964607,0.00325746201386415,0.994655778894472,1,"S7","main",1000,70,0.352588811263852,84.620429879525,0,0,0,"quadratic",0.2,13,1
0.498916603166108,0.102364141350714,1,1,0.271486957537792,NA,0.999762952913449,1,0.218998260731211,NA,0.861894933652054,1,0.266311516517189,0.154681284532647,0.00127075681941247,0.997324120603015,1,"S7","main",1000,70,0.352588811263852,94.5157723032529,0,0,0,"quadratic",0.2,14,1
0.405232493299768,0.109136809685264,1,1,0.121140884861112,NA,0.901021325918669,0,0.0199948798788576,NA,0.144591939747878,0,0.0418077570944766,0.0670640329418208,0.0180150736034671,0.505454773869347,1,"S7","main",1000,70,0.352588811263852,88.3854610716286,0,0,0,"quadratic",0.2,15,1
0.525009305892669,0.145838420298405,1,1,0.376033391700408,NA,0.999999283576041,1,0.352598058350062,NA,0.997071710914123,1,0.416005991143011,0.0458177338796244,NA,1,1,"S7","main",1000,70,0.352588811263852,79.3752094907022,0,0,0,"quadratic",0.2,16,1
0.495783756028173,0.103903839794879,1,1,0.300150242026254,NA,0.99996003235594,1,0.241325280051279,NA,0.88844186057142,1,0.314464320688822,0.155937489762688,NA,1,1,"S7","main",1000,70,0.352588811263852,82.3989663199533,0,0,0,"quadratic",0.2,17,1
0.571520023029485,0.128090466025531,1,1,0.417910506312469,NA,0.999999992745626,1,0.391288313748018,NA,0.999641367643813,1,0.439153157498848,0.15518353125101,NA,1,1,"S7","main",1000,70,0.352588811263852,91.4463972694375,0,0,0,"quadratic",0.2,18,1
0.454622239540396,0.0937373749461706,1,1,0.27329466771969,NA,0.999698360500878,1,0.10072803566529,NA,0.463559833241054,0,0.272626469783496,-0.0142359270920599,0.00505117304288475,0.979035175879397,1,"S7","main",1000,70,0.352588811263852,73.8490218854095,0,0,0,"quadratic",0.2,19,1
0.558296516745208,0.0863132651070564,1,1,0.417021806669514,NA,0.999999908250632,1,0.407663815809934,NA,0.999536473160854,1,0.394891174214176,0.0192134753063264,NA,1,1,"S7","main",1000,70,0.352588811263852,75.4981508689757,0,0,0,"quadratic",0.2,20,1
0.475338602005128,0.112852566051695,1,1,0.233162855286789,NA,0.998532854070604,1,0.0733486001503308,NA,0.378999566116914,0,0.210469262106914,0.0857376862749942,0.0109583605456141,0.920442211055276,1,"S7","main",1000,70,0.352588811263852,89.4317052697542,0,0,0,"quadratic",0.2,21,1
0.488511329598337,0.0538626268402691,1,1,0.276307890995255,NA,0.999692049331401,1,0.105602600781437,NA,0.470084806966532,0,0.27935625237157,0.0278864772657779,0.00396362554360653,0.984276381909548,1,"S7","main",1000,70,0.352588811263852,75.4317290071731,0,0,0,"quadratic",0.2,22,1
0.388380004423629,0.166140976504092,1,1,0.168885887438952,NA,0.979012529280133,1,0.0318804482757773,NA,0.198274797471796,0,0.0916312321996802,0.0466859943167221,0.0172609332663634,0.570027638190955,1,"S7","main",1000,70,0.352588811263852,76.9708240288933,0,0,0,"quadratic",0.2,23,1
0.536428302780784,0.0559414385948867,1,1,0.311980860004284,NA,0.999988814537559,1,0.288871683891995,NA,0.985202546605211,1,0.289539613006909,0.0579491483557953,NA,1,1,"S7","main",1000,70,0.352588811263852,91.3162819955203,0,0,0,"quadratic",0.2,24,1
0.583459436599122,0.109781612302843,1,1,0.446784479457556,NA,0.999999999968085,1,0.415388343414583,NA,0.999999650412495,1,0.464015022895853,-0.0587367336065264,NA,1,1,"S7","main",1000,70,0.352588811263852,104.109399917799,0,0,0,"quadratic",0.2,25,1
0.473406070133108,0.106214813470075,1,1,0.292497943467259,NA,0.999930064950054,1,0.245542729880716,NA,0.904802756147065,1,0.222301719997428,0.216575105230813,5.27651448695434e-05,0.999947236180905,1,"S7","main",1000,70,0.352588811263852,78.7945241466487,0,0,0,"quadratic",0.2,26,1
0.462655126223088,0.0843555791795282,1,1,0.289940370633674,NA,0.999934495536807,1,0.270366117887588,NA,0.961744372490864,1,0.237358673761197,0.13203124062392,0.00508687449745524,0.987849246231156,1,"S7","main",1000,70,0.352588811263852,82.7131976216363,0,0,0,"quadratic",0.2,27,1
0.536495217300612,0.12360235118075,1,1,0.339880682327983,NA,0.999984588244533,1,0.363002223761323,NA,0.997277413350383,1,0.326023768538645,0.22634616776264,NA,1,1,"S7","main",1000,70,0.352588811263852,79.99952765209,0,0,0,"quadratic",0.2,28,1
0.526070853882575,0.148476286420849,1,1,0.384458550704468,NA,0.999999924596917,1,0.352101298857247,NA,0.999695528325644,1,0.409043350402746,0.192535002882642,NA,1,1,"S7","main",1000,70,0.352588811263852,96.1980283530801,0,0,0,"quadratic",0.2,29,1
0.56258020728811,0.108123285940004,1,1,0.324284023958747,NA,0.999983054580941,1,0.264984670565514,NA,0.915358088668716,1,0.334768414439369,0.0323279784006108,0.000921004556599968,0.998786432160804,1,"S7","main",1000,70,0.352588811263852,85.2036614596347,0,0,0,"quadratic",0.2,30,1
0.555703019144446,0.0841478996527018,1,1,0.346332189481975,NA,0.999975946512259,1,0.316223036597603,NA,0.965893764302959,1,0.323817882877126,-0.0567140506339261,0.000338703211615272,0.99951256281407,1,"S7","main",1000,70,0.352588811263852,77.7446469945451,0,0,0,"quadratic",0.2,31,1
0.475388558356296,0.155151003019703,1,1,0.336863536244078,NA,0.999992277794968,1,0.366067433436442,NA,0.99963049946824,1,0.323514607663099,0.2582842643832,NA,1,1,"S7","main",1000,70,0.352588811263852,78.3221691162829,0,0,0,"quadratic",0.2,32,1
0.497324802589557,0.145941088469355,1,1,0.399456581540348,NA,0.999999875788188,1,0.361823114933744,NA,0.998923153208733,1,0.373717441820793,0.2019025193175,NA,1,1,"S7","main",1000,70,0.352588811263852,76.5506448435631,0,0,0,"quadratic",0.2,33,1
0.492308721036231,0.0993545248976859,1,1,0.374745904092384,NA,0.999999320186381,1,0.322827556717366,NA,0.975170363082734,1,0.404734179387727,0.107394732320468,NA,1,1,"S7","main",1000,70,0.352588811263852,83.0895337248981,0,0,0,"quadratic",0.2,34,1
0.510775564963469,0.0913862404365647,1,1,0.313903355091711,NA,0.999977943611241,1,0.292154298729559,NA,0.978898964440715,1,0.328099506177334,0.0734361922981204,0.00223285626658242,0.997030150753769,1,"S7","main",1000,70,0.352588811263852,84.6097732486613,0,0,0,"quadratic",0.2,35,1
0.397931098173649,0.11437756413483,1,1,0.211825382847835,NA,0.996847661499805,1,0.187317810527854,NA,0.802911521502734,1,0.233012709411826,0.122585233924033,0.00470310045165152,0.989912060301508,1,"S7","main",1000,70,0.352588811263852,83.932295611312,0,0,0,"quadratic",0.2,36,1
0.47298345700941,0.140302029815716,1,1,0.309751444361175,NA,0.999965028633118,1,0.286193297850442,NA,0.958749924701626,1,0.293225860769752,0.108537871130047,0.00165330787257923,0.998346733668342,1,"S7","main",1000,70,0.352588811263852,76.4653136850088,0,0,0,"quadratic",0.2,37,1
0.477418799729376,0.141641953909636,1,1,0.25906463991919,NA,0.999356264562109,1,0.266398608494515,NA,0.951397392162211,1,0.238778137691821,0.140920277053051,0.00356231406381245,0.99328391959799,1,"S7","main",1000,70,0.352588811263852,79.0983289969284,0,0,0,"quadratic",0.2,38,1
0.521083436574214,0.0995343795334738,1,1,0.3092732497951,NA,0.999970794291599,1,0.231485173704614,NA,0.865005666154902,1,0.307826986311015,0.152104532942366,NA,1,1,"S7","main",1000,70,0.352588811263852,86.3202502713118,0,0,0,"quadratic",0.2,39,1
0.584015823740083,0.0784485351339612,1,1,0.386233658165426,NA,0.999999699433098,1,0.34464665995087,NA,0.997418756034525,1,0.40102188727147,0.0201163121318242,NA,1,1,"S7","main",1000,70,0.352588811263852,82.2507075223359,0,0,0,"quadratic",0.2,40,1
0.480893001800412,0.128919770822239,1,1,0.329755177151655,NA,0.999996262997035,1,0.254608272410035,NA,0.917215681935629,1,0.344114185080221,0.121375621232055,NA,1,1,"S7","main",1000,70,0.352588811263852,93.2073375147777,0,0,0,"quadratic",0.2,41,1
0.523787835438126,0.098216563265428,1,1,0.385375330965267,NA,0.99999995499711,1,0.359069809753344,NA,0.999389705304732,1,0.395546260914577,0.114783982492196,NA,1,1,"S7","main",1000,70,0.352588811263852,89.5546405396835,0,0,0,"quadratic",0.2,42,1
0.452220438926609,0.0737523547894292,1,1,0.32841847368492,NA,0.999988716720165,1,0.282830233511063,NA,0.9612138801812,1,0.368123174265721,0.0156663010967918,NA,1,1,"S7","main",1000,70,0.352588811263852,78.7936054395613,0,0,0,"quadratic",0.2,43,1
0.466488349708673,0.120611717625685,1,1,0.34447998546427,NA,0.99999354773265,1,0.282632927920962,NA,0.940592373585664,1,0.315535837838432,0.0617228602797064,0.00103976452815639,0.998256281407035,1,"S7","main",1000,70,0.352588811263852,77.4411763521229,0,0,0,"quadratic",0.2,44,1
0.547414448323969,0.127727943702487,1,1,0.443730282290638,NA,0.999999999991133,1,0.405519693656907,NA,0.999999685422213,1,0.439700578911619,0.136578864694588,NA,1,1,"S7","main",1000,70,0.352588811263852,96.4756323602077,0,0,0,"quadratic",0.2,45,1
0.499467510332374,0.107234675560617,1,1,0.354626900692362,NA,0.999998708335266,1,0.333949172546198,NA,0.996297828780135,1,0.387329751075534,0.164483831770537,NA,1,1,"S7","main",1000,70,0.352588811263852,87.9295365473675,0,0,0,"quadratic",0.2,46,1
0.476277036291332,0.129937774215512,1,1,0.344585373818786,NA,0.99999869445268,1,0.285821902756856,NA,0.959765355933963,1,0.320948360384528,0.163226910915328,NA,1,1,"S7","main",1000,70,0.352588811263852,99.9180330804666,0,0,0,"quadratic",0.2,47,1
0.529636743437517,0.11781823101191,1,1,0.252747573104121,NA,0.998491287652997,1,0.0583246419111215,NA,0.291156345139993,0,0.219674750152052,0.234920260248455,0.00239167517253755,0.995811557788945,1,"S7","main",1000,70,0.352588811263852,65.4052313131891,0,0,0,"quadratic",0.2,48,1
0.546983271053739,0.0715503227136947,1,1,0.33592824284335,NA,0.999997589087121,1,0.32000175721987,NA,0.994878691879798,1,0.349063072755096,0.0370294951924036,NA,1,1,"S7","main",1000,70,0.352588811263852,97.0718517401148,0,0,0,"quadratic",0.2,49,1
0.524177147929061,0.100184111857286,1,1,0.325114110411983,NA,0.999995822744181,1,0.277603366123265,NA,0.972248761216774,1,0.308942145316068,0.107507888651367,0.00022507923537618,0.999695979899497,1,"S7","main",1000,70,0.352588811263852,98.2586567302645,0,0,0,"quadratic",0.2,50,1
0.479549312788611,0.125952070081217,1,1,0.35013530017866,NA,0.999998948764871,1,0.328868169378788,NA,0.997866728754922,1,0.377470232982774,0.13741805167204,NA,1,1,"S7","main",1000,70,0.352588811263852,88.5039694297159,0,0,0,"quadratic",0.2,51,1
0.49474103412069,0.103281726801092,1,1,0.310453821328738,NA,0.999993959725138,1,0.308329949544184,NA,0.998360752078759,1,0.254681718369624,0.0631489042339632,0.00480800743180744,0.987989949748744,1,"S7","main",1000,70,0.352588811263852,101.601416021818,0,0,0,"quadratic",0.2,52,1
0.438142412849609,0.118439749402963,1,1,0.283362223718059,NA,0.999846211189979,1,0.17041032578578,NA,0.690271767108245,1,0.300260926540397,0.0990422405616601,0.00369120720102243,0.993678391959799,1,"S7","main",1000,70,0.352588811263852,78.2967161447668,0,0,0,"quadratic",0.2,53,1
0.417773215170568,0.141869008361699,1,1,0.157441253982789,NA,0.945735216343888,0,0.024840662387827,NA,0.150980773210123,0,0.0339049734982721,0.0188456168078268,0.00997375277763415,0.23543216080402,0,"S7","main",1000,70,0.352588811263852,62.3296023668585,0,0,0,"quadratic",0.2,54,1
0.44252020064384,0.0518783110691542,1,1,0.266269447644479,NA,0.999779668486937,1,0.244771256508121,NA,0.930479601915511,1,0.257165586574305,-0.019363869314583,0.00966088509326611,0.960633165829146,1,"S7","main",1000,70,0.352588811263852,81.5829303005339,0,0,0,"quadratic",0.2,55,1
0.468225658622351,0.116149275515221,1,1,0.344385766488053,NA,0.999999595602863,1,0.28522198621028,NA,0.972050258209211,1,0.376992372284772,0.162706561041093,NA,1,1,"S7","main",1000,70,0.352588811263852,87.6039890306678,0,0,0,"quadratic",0.2,56,1
0.474430720752573,0.137736461718428,1,1,0.280583551659226,NA,0.999726473005387,1,0.28391509413818,NA,0.966464340315809,1,0.253509359278002,0.0861516350561871,0.0100364574443401,0.958889447236181,1,"S7","main",1000,70,0.352588811263852,80.2605270457137,0,0,0,"quadratic",0.2,57,1
0.566230877712659,0.101063400572429,1,1,0.357770816778006,NA,0.999994367584565,1,0.294985142257541,NA,0.953865962953354,1,0.323425489806836,0.0196313124844287,0.00928169175188815,0.986276381909548,1,"S7","main",1000,70,0.352588811263852,78.6097821041522,0,0,0,"quadratic",0.2,58,1
0.486753312770497,0.111020208410701,1,1,0.302627282396031,NA,0.999964496520969,1,0.177437786294571,NA,0.741507157663326,1,0.247597670543013,0.182982549267506,0.000482921216172452,0.999447236180904,1,"S7","main",1000,70,0.352588811263852,82.0800154969802,0,0,0,"quadratic",0.2,59,1
0.455124220025278,0.141230641534854,1,1,0.252875036770136,NA,0.99958095228971,1,0.115478058687428,NA,0.559740405591785,1,0.295393778871879,0.117852236941575,NA,1,1,"S7","main",1000,70,0.352588811263852,85.2725168261702,0,0,0,"quadratic",0.2,60,1
0.52143626125712,0.111655585409829,1,1,0.316406787710315,NA,0.999924131623155,1,0.32437027748933,NA,0.978157554849248,1,0.356413652129899,0.231130643294868,NA,1,1,"S7","main",1000,70,0.352588811263852,68.3158428777774,0,0,0,"quadratic",0.2,61,1
0.483390597215748,0.109575839982065,1,1,0.245586343437179,NA,0.999087785535411,1,0.119236305232208,NA,0.557634185425778,1,0.181605955865569,0.116706641793592,0.010626239231354,0.913625628140703,1,"S7","main",1000,70,0.352588811263852,85.7505833166333,0,0,0,"quadratic",0.2,62,1
0.49968803411553,0.138722328154554,1,1,0.256813188408954,NA,0.999447199160466,1,0.233821783015001,NA,0.90232050831466,1,0.245830690593501,0.085940814437938,0.0111490259243794,0.951015075376884,1,"S7","main",1000,70,0.352588811263852,86.8574199646313,0,0,0,"quadratic",0.2,63,1
0.455384495488607,0.129965417697247,1,1,0.239165653385948,NA,0.998863123357012,1,0.253510702002624,NA,0.955101177794675,1,0.20669885525328,0.0866212747579318,0.0119582955793288,0.922223618090452,1,"S7","main",1000,70,0.352588811263852,78.2795002840018,0,0,0,"quadratic",0.2,64,1
0.408173454476789,0.133640936857041,1,1,0.268085555464557,NA,0.999894897969832,1,0.244846455766969,NA,0.939413230713907,1,0.277420027488074,0.211265161362893,NA,1,1,"S7","main",1000,70,0.352588811263852,91.8785970623675,0,0,0,"quadratic",0.2,65,1
0.512909097622701,0.120726751433201,1,1,0.286973379421014,NA,0.999781818345952,1,0.2669514297933,NA,0.925041184973317,1,0.370470942292953,0.132890630822462,NA,1,1,"S7","main",1000,70,0.352588811263852,75.7739543940764,0,0,0,"quadratic",0.2,66,1
0.489033072956851,0.0934272844559512,1,1,0.330730073213371,NA,0.999998244366565,1,0.32433969384331,NA,0.998153788791212,1,0.334146276588677,0.0768539331486628,NA,1,1,"S7","main",1000,70,0.352588811263852,93.7708162518268,0,0,0,"quadratic",0.2,67,1
0.497186787654056,0.0383794025307413,1,1,0.362786433833801,NA,0.999999908320091,1,0.299664520616863,NA,0.989785167441967,1,0.38364804756855,-0.0546588798167772,NA,1,1,"S7","main",1000,70,0.352588811263852,99.2930707855726,0,0,0,"quadratic",0.2,68,1
0.466925875608253,0.108708363645372,1,1,0.339624145497938,NA,0.999990603029259,1,0.316397786992161,NA,0.985625483431474,1,0.338631831972942,0.0765469527534757,NA,1,1,"S7","main",1000,70,0.352588811263852,78.320922224228,0,0,0,"quadratic",0.2,69,1
0.534835451802269,0.147219149437307,1,1,0.428498221902959,NA,0.999999997270461,1,0.380230708500925,NA,0.999840214605684,1,0.461488318699398,0.0687211766219242,NA,1,1,"S7","main",1000,70,0.352588811263852,87.7254680562254,0,0,0,"quadratic",0.2,70,1
0.459239459958883,0.129994779420638,1,1,0.302507333279504,NA,0.999972678532469,1,0.240114552966264,NA,0.909740956162743,1,0.321135635122755,0.2056279871941,NA,1,1,"S7","main",1000,70,0.352588811263852,95.0660703098076,0,0,0,"quadratic",0.2,71,1
0.508099359270066,0.0961730819791773,1,1,0.318134104346587,NA,0.999995498113875,1,0.215245281509466,NA,0.854088227608074,1,0.356549180567519,0.136035088679102,NA,1,1,"S7","main",1000,70,0.352588811263852,95.6987329160866,0,0,0,"quadratic",0.2,72,1
0.505624342905506,0.149864245213416,1,1,0.302240766226031,NA,0.99999568756338,1,0.283550307590796,NA,0.992956181742307,1,0.309756264121274,0.0946867356884013,NA,1,1,"S7","main",1000,70,0.352588811263852,101.255433225453,0,0,0,"quadratic",0.2,73,1
0.468103165417328,0.113983086166512,1,1,0.216112582691363,NA,0.995435538107027,1,0.251534414326104,NA,0.931328889236985,1,0.195863870052247,0.150032231934883,0.010224600112499,0.962344221105528,1,"S7","main",1000,70,0.352588811263852,76.6131024948426,0,0,0,"quadratic",0.2,74,1
0.5679163205525,0.100953209637736,1,1,0.329861072282572,NA,0.999956706878566,1,0.288577507778783,NA,0.952100949576355,1,0.285939010419344,0.0204961642473418,0.0101550079911392,0.964482412060301,1,"S7","main",1000,70,0.352588811263852,74.5853541010566,0,0,0,"quadratic",0.2,75,1
0.529478803693418,0.156338755771695,1,1,0.410973715482646,NA,0.999999889084475,1,0.388405161582016,NA,0.999594579269218,1,0.413131464858062,0.0874969095436367,NA,1,1,"S7","main",1000,70,0.352588811263852,78.298210791579,0,0,0,"quadratic",0.2,76,1
0.473615638076394,0.115365877535095,1,1,0.273877686111123,NA,0.999639800963431,1,0.090899294778043,NA,0.415122050283929,0,0.235660925412947,0.0841572388505985,0.00990465898926583,0.940904522613065,1,"S7","main",1000,70,0.352588811263852,81.5849915627689,0,0,0,"quadratic",0.2,77,1
0.450302323523757,0.118724384803534,1,1,0.18818358161171,NA,0.982964837593716,1,0.0557167535423673,NA,0.287357194079349,0,0.0900553835485153,0.0880308901089309,0.0162664469146369,0.632610552763819,1,"S7","main",1000,70,0.352588811263852,78.8278689669797,0,0,0,"quadratic",0.2,78,1
0.487283205125185,0.109675135415366,1,1,0.326011993767588,NA,0.999993892708324,1,0.258326492418999,NA,0.938304221215054,1,0.335197990430432,0.153372689697036,NA,1,1,"S7","main",1000,70,0.352588811263852,94.7337423152217,0,0,0,"quadratic",0.2,79,1
0.539774276734812,0.121622253736195,1,1,0.400772981066995,NA,0.999999882823443,1,0.323431126202493,NA,0.98507594928345,1,0.374125167852909,0.154771258379196,NA,1,1,"S7","main",1000,70,0.352588811263852,82.3846569531363,0,0,0,"quadratic",0.2,80,1
0.484750567602408,0.145566760787298,1,1,0.352248539941026,NA,0.999999247041748,1,0.27565787385996,NA,0.964252187610876,1,0.352307356999292,0.0615821591887388,NA,1,1,"S7","main",1000,70,0.352588811263852,89.4988907935333,0,0,0,"quadratic",0.2,81,1
0.441549688811693,0.12173089803073,1,1,0.189912797113166,NA,0.986550612880891,1,0.0371306563161213,NA,0.217948498036879,0,0.0877500873680117,0.0558140075888434,0.0174101339002239,0.548874371859296,1,"S7","main",1000,70,0.352588811263852,70.1991429368375,0,0,0,"quadratic",0.2,82,1
0.541349409919763,0.107809567719086,1,1,0.297945517626265,NA,0.999898673805358,1,0.230597996286934,NA,0.850045528100731,1,0.265598068813383,0.216690716049387,0.000434684288687207,0.999565326633166,1,"S7","main",1000,70,0.352588811263852,82.303172679608,0,0,0,"quadratic",0.2,83,1
0.484037621483453,0.104164641575035,1,1,0.341986387704512,NA,0.999997102838548,1,0.280824385619992,NA,0.955640531399552,1,0.352835282020144,0.160465596042279,NA,1,1,"S7","main",1000,70,0.352588811263852,84.3471049548157,0,0,0,"quadratic",0.2,84,1
0.487604911355329,0.13296952884274,1,1,0.208130143775498,NA,0.99610392424014,1,0.0405476260926038,NA,0.242588995165675,0,0.187172620770646,0.113531259420414,0.0105573592089966,0.936095477386935,1,"S7","main",1000,70,0.352588811263852,89.7143762100193,0,0,0,"quadratic",0.2,85,1
0.454828143335718,0.0897382925798877,1,1,0.203089986488535,NA,0.993108468110658,1,0.0528601702712254,NA,0.287191186862845,0,0.0998085726100131,0.0612571945275238,0.0193524675758131,0.598776381909548,1,"S7","main",1000,70,0.352588811263852,85.7846161765623,0,0,0,"quadratic",0.2,86,1
0.506119842899544,0.117466506914762,1,1,0.328085872881463,NA,0.999973598107344,1,0.238125059035527,NA,0.848103757798908,1,0.353564122762993,0.154848067061372,NA,1,1,"S7","main",1000,70,0.352588811263852,77.5331472060275,0,0,0,"quadratic",0.2,87,1
0.522952611252763,0.143528762814564,1,1,0.369665814181676,NA,0.999999767267648,1,0.31112655348425,NA,0.987933563982407,1,0.353159941011086,0.251267332309136,NA,1,1,"S7","main",1000,70,0.352588811263852,89.1918731757086,0,0,0,"quadratic",0.2,88,1
0.490335616762641,0.0957201789676794,1,1,0.386104611086513,NA,0.99999937122059,1,0.352246369357797,NA,0.996628652606281,1,0.377992195427226,0.166655322382584,NA,1,1,"S7","main",1000,70,0.352588811263852,72.9364197155897,0,0,0,"quadratic",0.2,89,1
0.49250980592959,0.145745457649455,1,1,0.331693941482553,NA,0.999994659938602,1,0.176320858293164,NA,0.726741117700233,1,0.326056715013182,0.196662455400999,NA,1,1,"S7","main",1000,70,0.352588811263852,85.2743470024461,0,0,0,"quadratic",0.2,90,1
0.510801854520074,0.119454076977356,1,1,0.326644669457361,NA,0.999952509953844,1,0.23982552902372,NA,0.855585593860592,1,0.315217339151366,0.265979739089579,NA,1,1,"S7","main",1000,70,0.352588811263852,74.1307922953446,0,0,0,"quadratic",0.2,91,1
0.48506824373825,0.124737430750012,1,1,0.243582902872046,NA,0.999414053652114,1,0.210990027180574,NA,0.856740776375087,1,0.293483578821065,0.199320249924538,NA,1,1,"S7","main",1000,70,0.352588811263852,88.6552000884444,0,0,0,"quadratic",0.2,92,1
0.479103269358571,0.118128009131715,1,1,0.230699238419671,NA,0.997575021122772,1,0.144881037909406,NA,0.628501551165267,1,0.170920270786,0.103791120999642,0.01411057117746,0.851907035175879,1,"S7","main",1000,70,0.352588811263852,81.6396786621283,0,0,0,"quadratic",0.2,93,1
0.516019370944141,0.123656053999683,1,1,0.349600176798417,NA,0.999996197127168,1,0.260826591778366,NA,0.906889989578246,1,0.386956511335229,0.195778963961101,NA,1,1,"S7","main",1000,70,0.352588811263852,81.7498431039229,0,0,0,"quadratic",0.2,94,1
0.540407821193792,0.1044844993729,1,1,0.372790785580875,NA,0.999999374144696,1,0.362757725445227,NA,0.999584127343422,1,0.341573419363656,0.0521094769359664,NA,1,1,"S7","main",1000,70,0.352588811263852,82.8760504660635,0,0,0,"quadratic",0.2,95,1
0.496106425860465,0.10744785497848,1,1,0.373677519358685,NA,0.999999949511509,1,0.351143452688066,NA,0.999817722969639,1,0.414576489528188,0.111472605043503,NA,1,1,"S7","main",1000,70,0.352588811263852,101.354969270521,0,0,0,"quadratic",0.2,96,1
0.41739132915016,0.140991532658219,1,1,0.2380287190701,NA,0.999176470643054,1,0.0521982008706848,NA,0.286551672506788,0,0.24080964283266,0.144269985055219,0.00689013126840034,0.988211055276382,1,"S7","main",1000,70,0.352588811263852,90.484274116558,0,0,0,"quadratic",0.2,97,1
0.497589968782805,0.151859670058901,1,1,0.326966452417863,NA,0.999988379631802,1,0.310549685531716,NA,0.985527559588873,1,0.336870652844728,0.209309220456419,NA,1,1,"S7","main",1000,70,0.352588811263852,82.8567491314262,0,0,0,"quadratic",0.2,98,1
0.463803555070421,0.102186703114147,1,1,0.287258135064924,NA,0.99984980499891,1,0.136509394021219,NA,0.58611495340401,1,0.27579471821453,0.0319535657628788,0.00621242750635086,0.979070351758794,1,"S7","main",1000,70,0.352588811263852,79.0048385694263,0,0,0,"quadratic",0.2,99,1
0.487290947246996,0.129259418925027,1,1,0.339888286728562,NA,0.999989996224633,1,0.342899008037379,NA,0.993657499554452,1,0.298678209458366,0.2412688683621,NA,1,1,"S7","main",1000,70,0.352588811263852,69.5907988356631,0,0,0,"quadratic",0.2,100,1
0.513575173886286,0.163632513708777,1,1,0.320651990824257,NA,0.999983093079877,1,0.271680544544243,NA,0.972737789208348,1,0.314742113798548,0.0529644673019618,0.00817748239517904,0.989821608040201,1,"S7","main",1000,70,0.352588811263852,88.8964482042698,0,0,0,"quadratic",0.3,1,1
0.517952255443399,0.195277520680472,1,1,0.354877030288807,NA,0.999994835962032,1,0.291383381345399,NA,0.955517128860474,1,0.328771954021794,0.305926558394123,NA,1,1,"S7","main",1000,70,0.352588811263852,97.0609810980842,0,0,0,"quadratic",0.3,2,1
0.483850422130662,0.172279810992273,1,1,0.321836978512795,NA,0.999963576404434,1,0.276485602431987,NA,0.943201703812974,1,0.28510976684746,0.133456158072079,0.00325862944346027,0.993326633165829,1,"S7","main",1000,70,0.352588811263852,96.4099783107522,0,0,0,"quadratic",0.3,3,1
0.553676695670944,0.13306420599794,1,1,0.359409001158229,NA,0.999998851111456,1,0.320279160313183,NA,0.992553232331481,1,0.369984525384277,0.0282918100683738,NA,1,1,"S7","main",1000,70,0.352588811263852,107.80485218727,0,0,0,"quadratic",0.3,4,1
0.433348189478633,0.159784531014419,1,1,0.248657679699235,NA,0.998162658468936,1,0.0742882665338205,NA,0.348273973977969,0,0.235155760366765,0.292987458766818,NA,1,1,"S7","main",1000,70,0.352588811263852,73.0478598696245,0,0,0,"quadratic",0.3,5,1
0.472873845793618,0.225661842534055,1,1,0.245899887714898,NA,0.994949589797656,1,0.117386336179823,NA,0.497287008914382,0,0.146970252011389,0.0924745145359671,0.0168431736413332,0.724841708542714,1,"S7","main",1000,70,0.352588811263852,64.3630717542213,0,0,0,"quadratic",0.3,6,1
0.516319934512262,0.187937431304326,1,1,0.370234840301195,NA,0.99999959943546,1,0.298915058663022,NA,0.980263605152645,1,0.417162755932025,0.191119210791404,NA,1,1,"S7","main",1000,70,0.352588811263852,100.358374233525,0,0,0,"quadratic",0.3,7,1
0.454037705376207,0.145873134982953,1,1,0.329218314093694,NA,0.999974913458876,1,0.286140323855183,NA,0.953958180073482,1,0.324422757436483,0.242563297416398,NA,1,1,"S7","main",1000,70,0.352588811263852,80.3312642660213,0,0,0,"quadratic",0.3,8,1
0.534547386008003,0.176533695965989,1,1,0.340781650352134,NA,0.999979555475062,1,0.335046030221665,NA,0.992251655511779,1,0.383306388133236,0.131425486029627,NA,1,1,"S7","main",1000,70,0.352588811263852,89.761187920561,0,0,0,"quadratic",0.3,9,1
0.471375109542387,0.160913250009604,1,1,0.334621714915388,NA,0.999972234520287,1,0.294255790197746,NA,0.957036070885987,1,0.358673354111898,0.215236388962655,NA,1,1,"S7","main",1000,70,0.352588811263852,82.5432624069161,0,0,0,"quadratic",0.3,10,1
0.530246174486016,0.147525308197677,1,1,0.316549131809503,NA,0.999963248953629,1,0.190771646247823,NA,0.752581273699902,1,0.334908459416682,0.155807493084662,0.00207291640558896,0.997927135678392,1,"S7","main",1000,70,0.352588811263852,93.8805272289393,0,0,0,"quadratic",0.3,11,1
0.432233103867453,0.179900903087581,1,1,0.17765212822316,NA,0.976283464188919,1,0.0347534490655081,NA,0.20126461529278,0,0.176474480933225,0.230322282375481,0.00308587181138206,0.991723618090452,1,"S7","main",1000,70,0.352588811263852,82.5692031308303,0,0,0,"quadratic",0.3,12,1
0.450111705867074,0.129379060399215,1,1,0.184138820350126,NA,0.981382697388175,1,0.0641078991603756,NA,0.326381953336058,0,0.198921211131751,0.151913060679926,0.00949621706310166,0.945972361809045,1,"S7","main",1000,70,0.352588811263852,80.418736496493,0,0,0,"quadratic",0.3,13,1
0.594183596155472,0.190565458783444,1,1,0.328771564105986,NA,0.999988910864445,1,0.24198980328804,NA,0.913016587686081,1,0.328350091889802,0.0794114334000238,0.00230698099488017,0.996384422110553,1,"S7","main",1000,70,0.352588811263852,100.774342438305,0,0,0,"quadratic",0.3,14,1
0.44658092221819,0.205313287309639,1,1,0.321947135922163,NA,0.999987129489068,1,0.303575729040835,NA,0.992132339509564,1,0.313695135010398,0.183442865351298,NA,1,1,"S7","main",1000,70,0.352588811263852,94.2050477745914,0,0,0,"quadratic",0.3,15,1
0.492096207840454,0.147516789949204,1,1,0.351921404944486,NA,0.999990216960156,1,0.324652626793587,NA,0.98959625223156,1,0.298573556528874,0.102293722408998,0.00129245120881834,0.997291457286432,1,"S7","main",1000,70,0.352588811263852,76.1374828510739,0,0,0,"quadratic",0.3,16,1
0.447939899382239,0.111035195871202,1,1,0.301555152222639,NA,0.99988332266329,1,0.272762453861584,NA,0.945327134355463,1,0.280012815897831,0.0678766149290073,0.00662561520535456,0.961005025125628,1,"S7","main",1000,70,0.352588811263852,85.3859265331858,0,0,0,"quadratic",0.3,17,1
0.465836828292325,0.185487261570486,1,1,0.298313279034251,NA,0.999933298530159,1,0.294139651317613,NA,0.983774298786392,1,0.301925441341772,0.283778272937771,NA,1,1,"S7","main",1000,70,0.352588811263852,88.7028387482712,0,0,0,"quadratic",0.3,18,1
0.480993651539771,0.176165460059602,1,1,0.345999927044769,NA,0.999957141989854,1,0.338880876276124,NA,0.985398555905648,1,0.415768293513049,0.158048173797746,NA,1,1,"S7","main",1000,70,0.352588811263852,80.1699118898612,0,0,0,"quadratic",0.3,19,1
0.528127619486751,0.190353374656175,1,1,0.340775323974801,NA,0.999970559258971,1,0.320642565285087,NA,0.983034073376227,1,0.329160167566508,0.221631968938076,NA,1,1,"S7","main",1000,70,0.352588811263852,79.2250472152081,0,0,0,"quadratic",0.3,20,1
0.54356660386943,0.225692054927858,1,1,0.315066415687329,NA,0.999925494725338,1,0.283251645066948,NA,0.955201653142347,1,0.341266995355089,0.225640373058501,NA,1,1,"S7","main",1000,70,0.352588811263852,87.1136599362453,0,0,0,"quadratic",0.3,21,1
0.573893181869631,0.159103099850421,1,1,0.292465855769614,NA,0.999450853283135,1,0.184734624671658,NA,0.703636048807159,1,0.266909234607448,0.127099312039693,0.00576548175449097,0.979374371859296,1,"S7","main",1000,70,0.352588811263852,78.5274619183714,0,0,0,"quadratic",0.3,22,1
0.535952432678525,0.151964406541125,1,1,0.355100360058486,NA,0.999991812030399,1,0.336439666905066,NA,0.991957972946369,1,0.360045547616808,0.175337561006051,NA,1,1,"S7","main",1000,70,0.352588811263852,85.0382931592713,0,0,0,"quadratic",0.3,23,1
0.512215269159522,0.166652966609656,1,1,0.388074804883082,NA,0.999999871643472,1,0.357153957023084,NA,0.99966447407658,1,0.341864755862516,0.208685632766349,NA,1,1,"S7","main",1000,70,0.352588811263852,100.995027601305,0,0,0,"quadratic",0.3,24,1
0.476965410866081,0.178436540478393,1,1,0.198445887327422,NA,0.994812412413841,1,0.140939215657677,NA,0.665196804449028,1,0.179434168781296,0.0887540432190173,0.0115791389978421,0.871052763819095,1,"S7","main",1000,70,0.352588811263852,112.107846730427,0,0,0,"quadratic",0.3,25,1
0.438181252487197,0.155436576846784,1,1,0.223133439893683,NA,0.989859291160274,1,0.122490899425398,NA,0.507010822819009,1,0.205771877688905,0.20581722168081,0.00286665435381289,0.9938391959799,1,"S7","main",1000,70,0.352588811263852,68.6743609448043,0,0,0,"quadratic",0.3,26,1
0.520454659336996,0.112961950043473,1,1,0.324496411190768,NA,0.999965074779892,1,0.311892102027787,NA,0.985978565800652,1,0.321311240371012,0.0812755887245875,0.00363738196881981,0.993457286432161,1,"S7","main",1000,70,0.352588811263852,88.6590963078363,0,0,0,"quadratic",0.3,27,1
0.432285210891938,0.183002285937776,1,1,0.200822202600033,NA,0.992721257004811,1,0.0514014095220797,NA,0.285851442348154,0,0.195466477187882,0.213250691884496,0.00948298710398513,0.969638190954774,1,"S7","main",1000,70,0.352588811263852,87.5526365081308,0,0,0,"quadratic",0.3,28,1
0.385645604493014,0.157706315900915,1,1,0.134722379824636,NA,0.864259940297075,0,0.00997156332588774,NA,0.0760176550583285,0,0.0376296025948858,0.0544889476000825,0.0143418496597968,0.362937185929648,0,"S7","main",1000,70,0.352588811263852,59.6766772972494,0,0,0,"quadratic",0.3,29,1
0.531741402889488,0.184866156920703,1,1,0.231955874754439,NA,0.989284885387781,1,0.0773735902396891,NA,0.342146588553162,0,0.229270506133697,0.192489359406572,0.00712336024934848,0.977673366834171,1,"S7","main",1000,70,0.352588811263852,66.4113717596718,0,0,0,"quadratic",0.3,30,1
0.555737087874673,0.149812038251498,1,1,0.431813868595409,NA,0.999999902883441,1,0.38241711472668,NA,0.997815637495444,1,0.418820678198758,0.195983828873955,NA,1,1,"S7","main",1000,70,0.352588811263852,82.402023909926,0,0,0,"quadratic",0.3,31,1
0.44622398250041,0.190779801217709,1,1,0.302441071246876,NA,0.99990560296791,1,0.246067003510431,NA,0.891590347306986,1,0.335637999072566,0.188009833953613,NA,1,1,"S7","main",1000,70,0.352588811263852,92.7575142230707,0,0,0,"quadratic",0.3,32,1
0.443130785816552,0.22146411507216,1,1,0.250848928626619,NA,0.996160803014148,1,0.150168008499376,NA,0.600433301686621,1,0.256065931352346,0.214746529487755,0.00578291665341832,0.981896984924623,1,"S7","main",1000,70,0.352588811263852,69.3794555987844,0,0,0,"quadratic",0.3,33,1
0.402430930436995,0.132816609785969,1,1,0.220861639806494,NA,0.996902363301407,1,0.0557088345147205,NA,0.305832220798639,0,0.254869005605075,0.134678322015899,0.00390936267626213,0.989319095477387,1,"S7","main",1000,70,0.352588811263852,99.5296875119669,0,0,0,"quadratic",0.3,34,1
0.474665604521039,0.175283711899528,1,1,0.326674461163066,NA,0.999942097146305,1,0.281388770453145,NA,0.93298222734493,1,0.350564338711821,0.0528624239738264,0.00244235727771306,0.997386934673367,1,"S7","main",1000,70,0.352588811263852,81.7568831474375,0,0,0,"quadratic",0.3,35,1
0.462745892040549,0.19128150771856,1,1,0.264133639003292,NA,0.999241023750368,1,0.164667110554702,NA,0.677699679041376,1,0.267294771327969,0.255539979665409,NA,1,1,"S7","main",1000,70,0.352588811263852,82.8037673910457,0,0,0,"quadratic",0.3,36,1
0.421279702874089,0.17833057248692,1,1,0.195617128788266,NA,0.980017122807679,1,0.0372593772650664,NA,0.200439097960405,0,0.196958599127796,0.209147978345556,0.00330084175054206,0.989969849246231,1,"S7","main",1000,70,0.352588811263852,67.8258549577657,0,0,0,"quadratic",0.3,37,1
0.524534306132382,0.109079178434963,1,1,0.372564122395434,NA,0.999995076347953,1,0.335944319146344,NA,0.989445095431482,1,0.33574706821412,0.149626196059088,0.000756300409796665,0.999243718592965,1,"S7","main",1000,70,0.352588811263852,75.3229411181283,0,0,0,"quadratic",0.3,38,1
0.513141683934549,0.155631900967983,1,1,0.378782937023546,NA,0.999998687545035,1,0.339461418913411,NA,0.993486217732477,1,0.382911146913076,0.130880218290802,NA,1,1,"S7","main",1000,70,0.352588811263852,81.4542548642307,0,0,0,"quadratic",0.3,39,1
0.527672286613846,0.132327117603299,1,1,0.347858377543412,NA,0.999990013463067,1,0.332362532860318,NA,0.993583265233903,1,0.333322924857099,0.0727804323898837,0.000525107108231911,0.999226130653266,1,"S7","main",1000,70,0.352588811263852,85.6733101222517,0,0,0,"quadratic",0.3,40,1
0.516697765382674,0.174766070882133,1,1,0.345008633173599,NA,0.99998393889421,1,0.309763151355832,NA,0.968255372693491,1,0.328044234144959,0.11913823274842,0.000436986731698817,0.999371859296482,1,"S7","main",1000,70,0.352588811263852,84.1419043033614,0,0,0,"quadratic",0.3,41,1
0.511152979196687,0.214949693297018,1,1,0.354973209054457,NA,0.999943454900823,1,0.29784930363216,NA,0.92949546764132,1,0.344895962995585,0.266995696470543,NA,1,1,"S7","main",1000,70,0.352588811263852,74.3963545078633,0,0,0,"quadratic",0.3,42,1
0.452176499018835,0.215195084980267,1,1,0.279325398459689,NA,0.999777783649883,1,0.191594015008412,NA,0.777548855863311,1,0.274680569071252,0.0917634577273394,0.00512429391100021,0.985020100502513,1,"S7","main",1000,70,0.352588811263852,99.168472579024,0,0,0,"quadratic",0.3,43,1
0.450049626754904,0.15933553021381,1,1,0.26647664797523,NA,0.996721700447597,1,0.127127290340076,NA,0.504930160374393,1,0.146772419224091,0.0808232469325451,0.0161786580885253,0.69913567839196,1,"S7","main",1000,70,0.352588811263852,65.6682343829204,0,0,0,"quadratic",0.3,44,1
0.647272911776456,0.189550690520216,1,1,0.492637033129172,NA,0.999999997361154,1,0.445314772494004,NA,0.999918285257642,1,0.475897198029119,0.121039278626091,NA,1,1,"S7","main",1000,70,0.352588811263852,83.3321807832654,0,0,0,"quadratic",0.3,45,1
0.444955512453201,0.14169477387293,1,1,0.186831930132509,NA,0.971968758914431,1,0.0399200892124743,NA,0.208986317683462,0,0.191961664371106,0.219593588716402,0.00283656570854171,0.995040201005025,1,"S7","main",1000,70,0.352588811263852,65.6224533472165,0,0,0,"quadratic",0.3,46,1
0.510403374975165,0.197677110474738,1,1,0.385777183900059,NA,0.999983608908308,1,0.355286521600438,NA,0.980190339058158,1,0.372319196620891,0.237537418874099,NA,1,1,"S7","main",1000,70,0.352588811263852,68.1552885372066,0,0,0,"quadratic",0.3,47,1
0.530645686091435,0.15321770950761,1,1,0.329654337542655,NA,0.999971652565038,1,0.279009728156876,NA,0.949418174071421,1,0.323075631598945,0.085568293326957,0.000591707544088507,0.999163316582915,1,"S7","main",1000,70,0.352588811263852,82.2006691135026,0,0,0,"quadratic",0.3,48,1
0.44683001826172,0.249399649343562,1,1,0.333566031965242,NA,0.999972522862284,1,0.27913925573188,NA,0.929635064203228,1,0.290448855703687,0.28013319348939,NA,1,1,"S7","main",1000,70,0.352588811263852,81.2778952849064,0,0,0,"quadratic",0.3,49,1
0.476417889605047,0.190937180993795,1,1,0.302417669928578,NA,0.999793431176612,1,0.208005456397557,NA,0.781462187189527,1,0.298186731883718,0.184827643360355,0.00128161114646787,0.996346733668342,1,"S7","main",1000,70,0.352588811263852,75.6575321295892,0,0,0,"quadratic",0.3,50,1
0.423690921124937,0.19055028527079,1,1,0.156650257352485,NA,0.950854262864893,1,0.0533987024231914,NA,0.295526744225032,0,0.128993320475201,0.141961150584355,0.0113238432867266,0.897459798994975,1,"S7","main",1000,70,0.352588811263852,86.4917081852157,0,0,0,"quadratic",0.3,51,1
0.493537552836719,0.182006234939901,1,1,0.235746910259199,NA,0.994912225929564,1,0.0654892695441667,NA,0.310407402636836,0,0.247876895492361,0.164951993003181,0.00570395213436379,0.975861809045226,1,"S7","main",1000,70,0.352588811263852,70.9542172392966,0,0,0,"quadratic",0.3,52,1
0.558746161363638,0.187223243505245,1,1,0.44806872678446,NA,0.999999999148794,1,0.420819681099836,NA,0.999994544735184,1,0.472243810122969,0.188506573753374,NA,1,1,"S7","main",1000,70,0.352588811263852,105.766109685395,0,0,0,"quadratic",0.3,53,1
0.457471392984699,0.205025492987634,1,1,0.260988054286351,NA,0.999498898606678,1,0.2483815718957,NA,0.930925322915438,1,0.269808213068543,0.237938746791508,NA,1,1,"S7","main",1000,70,0.352588811263852,97.779539407748,0,0,0,"quadratic",0.3,54,1
0.528443436714049,0.163507360667382,1,1,0.365687852546929,NA,0.999992042850286,1,0.264101513758383,NA,0.863545580025765,1,0.369917422643965,0.1440997259811,NA,1,1,"S7","main",1000,70,0.352588811263852,71.4484925935112,0,0,0,"quadratic",0.3,55,1
0.380417872410686,0.122313055918926,1,1,0.23298647214729,NA,0.998352448834574,1,0.102997379750201,NA,0.492803930457383,0,0.181344722588797,0.0740618151488727,0.014454289318151,0.846020100502513,1,"S7","main",1000,70,0.352588811263852,86.535323003449,0,0,0,"quadratic",0.3,56,1
0.485090183213201,0.212459784850859,1,1,0.279909049951707,NA,0.9991679934252,1,0.210446278643749,NA,0.779469758070657,1,0.29017777486618,0.294223611917026,NA,1,1,"S7","main",1000,70,0.352588811263852,80.1769451532072,0,0,0,"quadratic",0.3,57,1
0.45963547740707,0.160574059381084,1,1,0.285008427025072,NA,0.99969291543143,1,0.228068349257424,NA,0.849759530389859,1,0.303271849040988,0.200526290098917,0.000793989798989215,0.999206030150754,1,"S7","main",1000,70,0.352588811263852,85.8737995334481,0,0,0,"quadratic",0.3,58,1
0.426902764567783,0.162210476479391,1,1,0.152279889181506,NA,0.952609410348083,1,0.0200690567529925,NA,0.138000035774712,0,0.202033222009449,0.211690848996676,0.00140364367762827,0.998120603015075,1,"S7","main",1000,70,0.352588811263852,92.3481450410489,0,0,0,"quadratic",0.3,59,1
0.550525892573993,0.129265375343568,1,1,0.410611405453374,NA,0.999999992142469,1,0.356377771955898,NA,0.99960417217307,1,0.425633398698288,0.112915805527218,NA,1,1,"S7","main",1000,70,0.352588811263852,98.9218512452455,0,0,0,"quadratic",0.3,60,1
0.456373356324822,0.173698310322977,1,1,0.258271049868036,NA,0.999420195843234,1,0.268961271870642,NA,0.946178898883873,1,0.244618500821764,0.109656698880382,0.00447240934803076,0.987934673366834,1,"S7","main",1000,70,0.352588811263852,84.8833923488701,0,0,0,"quadratic",0.3,61,1
0.44804011248862,0.132394222893239,1,1,0.309939994092916,NA,0.999947880399035,1,0.241312049379704,NA,0.873670524777295,1,0.323301526942808,0.141584947314171,0.00145732304877801,0.998542713567839,1,"S7","main",1000,70,0.352588811263852,83.6564519869216,0,0,0,"quadratic",0.3,62,1
0.419215640728633,0.18139141492377,1,1,0.175817770141224,NA,0.957537116902338,1,0.0300358378058507,NA,0.170944472981693,0,0.119952269684632,0.282110146529177,0.00061113529488393,0.999110552763819,1,"S7","main",1000,70,0.352588811263852,67.1604650702483,0,0,0,"quadratic",0.3,63,1
0.502301667180956,0.139773258377433,1,1,0.35268996941854,NA,0.999994575570337,1,0.222405460439929,NA,0.828536456039216,1,0.331933261455745,0.184279905637057,NA,1,1,"S7","main",1000,70,0.352588811263852,82.8734963982301,0,0,0,"quadratic",0.3,64,1
0.459272117976382,0.220380264835435,1,1,0.350632737358217,NA,0.999974076361814,1,0.34073031175202,NA,0.9860074956829,1,0.343180678378713,0.263886969711855,NA,1,1,"S7","main",1000,70,0.352588811263852,79.4279621203218,0,0,0,"quadratic",0.3,65,1
0.588006092988729,0.121462064000616,1,1,0.381102511526803,NA,0.999998718968313,1,0.318198163647051,NA,0.977503502243548,1,0.368933445359191,0.112684631490725,NA,1,1,"S7","main",1000,70,0.352588811263852,90.0705928224355,0,0,0,"quadratic",0.3,66,1
0.467353015740833,0.174312481335161,1,1,0.339135228172998,NA,0.999994960516931,1,0.294450213021601,NA,0.981261740234133,1,0.353084666065532,0.132083072540963,NA,1,1,"S7","main",1000,70,0.352588811263852,93.9277049704615,0,0,0,"quadratic",0.3,67,1
0.49089282215036,0.1627082807068,1,1,0.308296015613156,NA,0.999819637729389,1,0.249607350400366,NA,0.870331345018979,1,0.334981679449779,0.199804738678651,NA,1,1,"S7","main",1000,70,0.352588811263852,76.1631715503696,0,0,0,"quadratic",0.3,68,1
0.484220986021147,0.19985971330043,1,1,0.332202315007429,NA,0.999992151894774,1,0.290334669172413,NA,0.973495036914648,1,0.385820813532538,0.180242552161712,NA,1,1,"S7","main",1000,70,0.352588811263852,95.2330047962751,0,0,0,"quadratic",0.3,69,1
0.501439412337237,0.197929812052539,1,1,0.40212132782953,NA,0.999999569411274,1,0.372660942895273,NA,0.996590260075148,1,0.39586307579211,0.244569496314143,NA,1,1,"S7","main",1000,70,0.352588811263852,85.4350729914058,0,0,0,"quadratic",0.3,70,1
0.497834343626281,0.173619970091227,1,1,0.300119252268112,NA,0.9998343965562,1,0.25893305957963,NA,0.900470104026049,1,0.323330516908758,0.363371062616213,NA,1,1,"S7","main",1000,70,0.352588811263852,91.0895337882074,0,0,0,"quadratic",0.3,71,1
0.498793349191638,0.127550873048945,1,1,0.299551613438782,NA,0.9998278505978,1,0.12886866453971,NA,0.534260282193189,1,0.317655498884036,0.167341515772681,0.000635694364380592,0.99936432160804,1,"S7","main",1000,70,0.352588811263852,81.4014754854681,0,0,0,"quadratic",0.3,72,1
0.463864139417512,0.155237127880295,1,1,0.279713733547476,NA,0.999836302712679,1,0.222460743369395,NA,0.868645083175332,1,0.275386180293308,0.108606314096717,0.0017160432832838,0.996939698492462,1,"S7","main",1000,70,0.352588811263852,96.8653814981852,0,0,0,"quadratic",0.3,73,1
0.451520259329542,0.202658294266324,1,1,0.271903485571543,NA,0.999774146315482,1,0.145456758682497,NA,0.632251610317012,1,0.292540174165742,0.168974002737571,NA,1,1,"S7","main",1000,70,0.352588811263852,87.8517873560104,0,0,0,"quadratic",0.3,74,1
0.514324215569202,0.159235574204452,1,1,0.364128569792964,NA,0.99999162896441,1,0.353110250706029,NA,0.993931727149581,1,0.341217088179939,0.181237995610329,NA,1,1,"S7","main",1000,70,0.352588811263852,82.8805164948398,0,0,0,"quadratic",0.3,75,1
0.419121170721067,0.195218274521354,1,1,0.225912990638249,NA,0.996675286892273,1,0.0745077723193629,NA,0.373317777958457,0,0.213690575303369,0.263484892434996,NA,1,1,"S7","main",1000,70,0.352588811263852,82.777254968351,0,0,0,"quadratic",0.3,76,1
0.473089359430064,0.123539499897275,1,1,0.300931752848492,NA,0.999878196693947,1,0.228862713863407,NA,0.849323232377492,1,0.313701222613913,0.100594576620421,0.00342346120586718,0.992251256281407,1,"S7","main",1000,70,0.352588811263852,88.0017548531884,0,0,0,"quadratic",0.3,77,1
0.472537485156666,0.170875141524046,1,1,0.331033332519408,NA,0.99993427680366,1,0.23818214847268,NA,0.828220628539217,1,0.324938604260442,0.116918186492271,0.000412134047081502,0.999437185929648,1,"S7","main",1000,70,0.352588811263852,77.3794090203339,0,0,0,"quadratic",0.3,78,1
0.413685369206281,0.177200447076045,1,1,0.33666630344548,NA,0.999993031483612,1,0.30230417026085,NA,0.989211685020962,1,0.350074651345378,0.222289810379718,NA,1,1,"S7","main",1000,70,0.352588811263852,96.1681238536727,0,0,0,"quadratic",0.3,79,1
0.428711447801487,0.184908235697791,1,1,0.323698940564799,NA,0.99953702797693,1,0.288475603978061,NA,0.896215892833551,1,0.229928783146764,0.0301737588279928,0.0180853896320298,0.833610552763819,1,"S7","main",1000,70,0.352588811263852,60.7554205709498,0,0,0,"quadratic",0.3,80,1
0.448069590677269,0.17840699853047,1,1,0.234615454485453,NA,0.996895930300331,1,0.0817817426916224,NA,0.39085973643872,0,0.169161311226077,0.0535559776985455,0.0165504520656005,0.759537688442211,1,"S7","main",1000,70,0.352588811263852,85.4103969893382,0,0,0,"quadratic",0.3,81,1
0.57827322022561,0.15725714927499,1,1,0.401977577832697,NA,0.99999926279916,1,0.376589942825539,NA,0.998455116419239,1,0.42463652829403,0.109946403238352,NA,1,1,"S7","main",1000,70,0.352588811263852,82.687435313771,0,0,0,"quadratic",0.3,82,1
0.452612756948193,0.182351260637674,1,1,0.290533350293792,NA,0.999804516352586,1,0.22041994604761,NA,0.845188825183684,1,0.331463590051915,0.376927166805219,NA,1,1,"S7","main",1000,70,0.352588811263852,83.3377455880803,0,0,0,"quadratic",0.3,83,1
0.502682812692806,0.189278012685141,1,1,0.219571378676969,NA,0.990933961124944,1,0.0773568203703254,NA,0.36546115864973,0,0.106226171029911,0.0315200468281514,0.0160907618531892,0.525969849246231,1,"S7","main",1000,70,0.352588811263852,71.7882212895615,0,0,0,"quadratic",0.3,84,1
0.41914176450403,0.115107982688283,1,1,0.231170734029457,NA,0.996986516925817,1,0.0575032403390477,NA,0.302230451066867,0,0.0659978956835225,0.00903051422068903,0.0121812363670063,0.363183417085427,0,"S7","main",1000,70,0.352588811263852,81.7468185455479,0,0,0,"quadratic",0.3,85,1
0.37692277774607,0.170377261090593,1,1,0.186783822290782,NA,0.981319066623756,1,0.0664634198847685,NA,0.341692395400742,0,0.0743444940456496,0.0645139769864119,0.0196607912286013,0.506592964824121,1,"S7","main",1000,70,0.352588811263852,82.5255375467164,0,0,0,"quadratic",0.3,86,1
0.488697005791127,0.185147796100139,1,1,0.350784591041559,NA,0.999996980577974,1,0.325832833186972,NA,0.994458402016869,1,0.38945822834997,0.299690740060085,NA,1,1,"S7","main",1000,70,0.352588811263852,98.9832944644465,0,0,0,"quadratic",0.3,87,1
0.494201400153538,0.146142812293446,1,1,0.270784629583809,NA,0.999750421974122,1,0.17438135173967,NA,0.734943655316452,1,0.265125730901648,0.0174754373906637,0.00503321364197353,0.977587939698492,1,"S7","main",1000,70,0.352588811263852,95.6932534589939,0,0,0,"quadratic",0.3,88,1
0.510486931214569,0.142058548083112,1,1,0.33425197440836,NA,0.999965227059208,1,0.275019588256709,NA,0.918641432620023,1,0.313926154039468,0.190760394435459,NA,1,1,"S7","main",1000,70,0.352588811263852,77.7993350969924,0,0,0,"quadratic",0.3,89,1
0.440334320794671,0.188083567105816,1,1,0.242387421969404,NA,0.996950723401546,1,0.120008127908517,NA,0.510944077859116,1,0.269240928743708,0.205501258044842,0.00161012244237567,0.998206030150754,1,"S7","main",1000,70,0.352588811263852,73.131926599454,0,0,0,"quadratic",0.3,90,1
0.453583173411167,0.147009767475698,1,1,0.234333433873263,NA,0.997021922074309,1,0.0556220785990567,NA,0.284645656915381,0,0.271159185525175,0.107156113678241,0.00389298073315424,0.989027638190955,1,"S7","main",1000,70,0.352588811263852,84.4823485095689,0,0,0,"quadratic",0.3,91,1
0.491851740476979,0.131805405607535,1,1,0.260868795033798,NA,0.999739184461807,1,0.158024696976804,NA,0.704978994414857,1,0.280754165586004,0.137371791049487,0.000949836784945701,0.998562814070352,1,"S7","main",1000,70,0.352588811263852,103.839366102414,0,0,0,"quadratic",0.3,92,1
0.53233803214263,0.115692235075636,1,1,0.408966752181266,NA,0.999999889307628,1,0.35585341963692,NA,0.997451551613436,1,0.416727311668779,0.0500912537715622,NA,1,1,"S7","main",1000,70,0.352588811263852,96.0051631497765,0,0,0,"quadratic",0.3,93,1
0.462142303806046,0.147625184930719,1,1,0.280642589752079,NA,0.999668867446333,1,0.195631769099728,NA,0.774218410549919,1,0.310428309106422,0.23770688723504,NA,1,1,"S7","main",1000,70,0.352588811263852,81.2239181417706,0,0,0,"quadratic",0.3,94,1
0.486818441530572,0.210363056224832,1,1,0.305001400822027,NA,0.999947418247333,1,0.226217049098946,NA,0.86330008822637,1,0.337179374376859,0.251277292006248,NA,1,1,"S7","main",1000,70,0.352588811263852,96.7532462389139,0,0,0,"quadratic",0.3,95,1
0.483470430505704,0.141258800457491,1,1,0.326938207554754,NA,0.999959985405746,1,0.275495012825085,NA,0.934131820315134,1,0.334881787070838,0.0801186288089447,0.00139450740012337,0.998605527638191,1,"S7","main",1000,70,0.352588811263852,82.1332543658112,0,0,0,"quadratic",0.3,96,1
0.470414277844523,0.194394450965319,1,1,0.326555246839443,NA,0.999933109938408,1,0.286068112714352,NA,0.943008436493512,1,0.309341703975017,0.21476653665297,NA,1,1,"S7","main",1000,70,0.352588811263852,79.0935653714245,0,0,0,"quadratic",0.3,97,1
0.54482645642157,0.164582923186269,1,1,0.22311047887197,NA,0.991186981695433,1,0.0159810403809495,NA,0.105752844985018,0,0.159089267629875,0.033023400981778,0.01805212616185,0.682085427135678,1,"S7","main",1000,70,0.352588811263852,70.7453311829133,0,0,0,"quadratic",0.3,98,1
0.442138280345731,0.213871992576718,1,1,0.324263349086641,NA,0.999978419748475,1,0.300112083925828,NA,0.988411912150668,1,0.392617597005511,0.12281172691174,NA,1,1,"S7","main",1000,70,0.352588811263852,93.8053937523391,0,0,0,"quadratic",0.3,99,1
0.477629612400368,0.218810918063603,1,1,0.340750938492783,NA,0.999990837243487,1,0.281584595460754,NA,0.947314409637685,1,0.383540952399581,0.220734067808906,NA,1,1,"S7","main",1000,70,0.352588811263852,100.590279809343,0,0,0,"quadratic",0.3,100,1
