"OLS_beta_X","OLS_beta_XZ","OLS_score","OLS_reject","MVMR_beta_X","MVMR_beta_XZ","MVMR_score","MVMR_reject","MRBMA_beta_X","MRBMA_beta_XZ","MRBMA_score","MRBMA_reject","MR_beta_X","MR_beta_XZ","MR_pip_mcse","MR_score","MR_reject","scenario","arm","n","target_F","pi_val","F_observed","iv_corr","pleio_frac","pleio_delta","nl_form","nl_coef","rep_id","gamma_true"
0.166296336703351,0.0271673593444157,0.999999761997824,1,0.0105922194245167,NA,0.124509327353215,0,0.00123751679803175,NA,0.0359008257593243,0,-0.00181793948395135,-0.000568622300295181,0.00217577398538889,0.0408391959798995,0,"S5","null",500,70,0.500915658514495,67.6661935211548,0,0,0,"none",0,1,0
0.162499203466039,0.00441728475913864,0.999998233784939,1,0.0640970772382065,NA,0.706062268311212,0,0.00241558408252332,NA,0.0443521259693858,0,0.0327135425142255,-0.0311559391101605,0.0165337713293576,0.382103015075377,0,"S5","null",500,70,0.500915658514495,90.3969620239736,0,0,0,"none",0,2,0
0.173004672853801,-0.0276663497407538,0.999999598336309,1,-0.0254953248870302,NA,0.308380490639035,0,-0.000414713096369277,NA,0.0329973387050304,0,-0.00352291096639,0.000780711800289947,0.00240088358346555,0.0508542713567839,0,"S5","null",500,70,0.500915658514495,72.5035694766857,0,0,0,"none",0,3,0
0.146123684044817,0.0061371468099598,0.999902260546432,1,-0.0698362617484793,NA,0.705719644821045,0,-0.00340190763461137,NA,0.0492894859855755,0,-0.0149192294185038,0.00190632639468376,0.00586744494447203,0.126248743718593,0,"S5","null",500,70,0.500915658514495,75.9347155794548,0,0,0,"none",0,4,0
0.084841025682192,0.00719744934244981,0.983559325626699,1,-0.0797037236419395,NA,0.859241885833068,0,-0.0228264667995162,NA,0.181085994185128,0,-0.0246423763028804,-0.00933806514728396,0.00952075101756502,0.2301608040201,0,"S5","null",500,70,0.500915658514495,96.919504532015,0,0,0,"none",0,5,0
0.133632174571716,-0.000961614634917443,0.999902690258962,1,-0.000406580717752918,NA,0.00562180739547835,0,-0.000303485054091048,NA,0.0327215887758142,0,0.00129883125335166,-0.00104956347773344,0.00201765066538959,0.0403869346733668,0,"S5","null",500,70,0.500915658514495,80.9546943867259,0,0,0,"none",0,6,0
0.141694395097153,-0.00211520110600808,0.999921090770329,1,-0.0314424875782571,NA,0.419261199089729,0,-0.00144189113292999,NA,0.038370137819457,0,-0.00115278395609837,0.00235129496388633,0.00218249124352438,0.053786432160804,0,"S5","null",500,70,0.500915658514495,98.2356793959109,0,0,0,"none",0,7,0
0.162169066233564,-0.00849165409141601,0.999999238798211,1,0.00599936559082411,NA,0.0807186965124526,0,0.000149925901376128,NA,0.0324990710269475,0,-0.00169311390539173,-0.000320009173134483,0.00210551090740425,0.0410025125628141,0,"S5","null",500,70,0.500915658514495,86.4454655257591,0,0,0,"none",0,8,0
0.210377151269895,0.000192543543098859,0.99999999897591,1,0.0794448892677257,NA,0.808005008573627,0,0.00351888797825336,NA,0.0518094954905617,0,0.0226425535078507,-0.0057627276495549,0.00880616287533174,0.18785175879397,0,"S5","null",500,70,0.500915658514495,94.118520666452,0,0,0,"none",0,9,0
0.172508529286544,0.042153023101412,0.999999870710393,1,0.0650566882961875,NA,0.719468571217573,0,0.00276419188626179,NA,0.0472753165112259,0,0.0132161816668134,0.0193444056708346,0.00998610620617615,0.230090452261307,0,"S5","null",500,70,0.500915658514495,93.006720334273,0,0,0,"none",0,10,0
0.144773209005269,-0.00938671006416747,0.999976866173515,1,0.0285945713498056,NA,0.379800856878556,0,0.00208388679341453,NA,0.0431944909516524,0,0.000732055939931001,-0.00168334157424738,0.0020099351009114,0.0465904522613065,0,"S5","null",500,70,0.500915658514495,88.5816700906313,0,0,0,"none",0,11,0
0.180825163533024,0.0291305333047687,0.999999609594002,1,0.0127569560121529,NA,0.167672198862474,0,0.00109375864180162,NA,0.0360498841877745,0,0.00106652449028929,-0.000426351983862336,0.00201009214684053,0.0379321608040201,0,"S5","null",500,70,0.500915658514495,99.6945249914483,0,0,0,"none",0,12,0
0.213135836993526,-0.00623375756249572,0.999999994639662,1,0.0258538870154638,NA,0.293795776816771,0,0.000770291465003613,NA,0.0337583801746111,0,0.00122031890086902,0.000870678859795715,0.00197740050918322,0.040891959798995,0,"S5","null",500,70,0.500915658514495,80.333478217954,0,0,0,"none",0,13,0
0.140916188491936,-0.00779775501543115,0.999925566863827,1,0.0315004200441357,NA,0.384563207493263,0,0.000744666979405095,NA,0.03380932015987,0,0.0248429149266493,-0.0160356295119421,0.0106926522921089,0.243969849246231,0,"S5","null",500,70,0.500915658514495,75.7021351130186,0,0,0,"none",0,14,0
0.104063952197904,-0.0211192024290399,0.998215505630217,1,0.0351645608925972,NA,0.461320651801404,0,0.00279429062730201,NA,0.0473081214734986,0,0.00287122725840471,-0.000309854707757522,0.00227838438014449,0.0479798994974874,0,"S5","null",500,70,0.500915658514495,97.2432987044588,0,0,0,"none",0,15,0
0.189019924864519,-0.0217232794921898,0.999999957145655,1,0.0555171123281391,NA,0.633283743462812,0,0.00186397374360669,NA,0.0402013956931878,0,0.00335155411422842,-0.001693506050689,0.00189736398145464,0.0564497487437186,0,"S5","null",500,70,0.500915658514495,85.5950582628115,0,0,0,"none",0,16,0
0.169196222366576,-0.010265697174757,0.999998551001387,1,0.0268381445153204,NA,0.345047570618052,0,0.00123736555726691,NA,0.037209554604309,0,0.00274288451148101,-0.00380693798462939,0.00346956976677639,0.0729472361809045,0,"S5","null",500,70,0.500915658514495,82.5301202583411,0,0,0,"none",0,17,0
0.106069675190343,-0.00859987770109122,0.997475470928599,1,-0.0199156400677125,NA,0.276007088261941,0,-0.000511509408659802,NA,0.0333908612290511,0,-0.00213239663960947,-0.00215714711087361,0.00288577480396952,0.055856783919598,0,"S5","null",500,70,0.500915658514495,98.855304503563,0,0,0,"none",0,18,0
0.0911831242227585,0.0072209898765882,0.994715136457676,1,-0.0116399247446461,NA,0.1663816562395,0,-0.000614687475567185,NA,0.0338289776850116,0,-0.00059462527424198,-0.00744005424015127,0.00470162491202674,0.107570351758794,0,"S5","null",500,70,0.500915658514495,98.3036194466242,0,0,0,"none",0,19,0
0.0988921044319265,0.0131440766905242,0.992254927909051,1,-0.0137471098106755,NA,0.188319437955527,0,-0.00104568453499969,NA,0.0357086865618057,0,-0.00024008207963879,0.000585502060192451,0.00177498373793368,0.0358643216080402,0,"S5","null",500,70,0.500915658514495,96.3059935578044,0,0,0,"none",0,20,0
0.11706267265468,-0.0116619191552261,0.998916595172502,1,0.0528163991894125,NA,0.601713212156282,0,0.00229296932541003,NA,0.043142652158775,0,0.00509351368318457,0.00492019755504652,0.00478197687015679,0.0884221105527638,0,"S5","null",500,70,0.500915658514495,79.7798904639372,0,0,0,"none",0,21,0
0.186625496066277,-0.00998903879415133,0.999999937418778,1,0.04128959613957,NA,0.498858901876227,0,0.00140299259795118,NA,0.0376615273163275,0,0.00133029919901572,-0.00121485987629993,0.00184242490359229,0.0411231155778894,0,"S5","null",500,70,0.500915658514495,95.1060242659867,0,0,0,"none",0,22,0
0.0996892891975889,-0.014589966100494,0.995038166557312,1,-0.0604940772787001,NA,0.64096601182068,0,-0.00219200916267624,NA,0.0406048866565804,0,-0.0130835196110495,-0.00677068931970247,0.00697602821610991,0.131462311557789,0,"S5","null",500,70,0.500915658514495,73.759234586914,0,0,0,"none",0,23,0
0.229606507159955,-0.00541115572366202,0.999999999905085,1,0.0626452382632823,NA,0.638238851659909,0,0.00053120443734379,NA,0.0330369616977158,0,0.000595036505974162,0.00319260644170461,0.0027406750563286,0.053105527638191,0,"S5","null",500,70,0.500915658514495,71.2742744493061,0,0,0,"none",0,24,0
0.163646802702302,-0.00391450794921614,0.999980272453013,1,-0.0442722503305624,NA,0.490979802105229,0,-0.0012505873933679,NA,0.0358259829917266,0,-0.00376802158937105,0.00529130966121443,0.00347009688241406,0.0818994974874372,0,"S5","null",500,70,0.500915658514495,74.4307213297962,0,0,0,"none",0,25,0
0.152738518858817,0.0212445321488657,0.999998627879667,1,0.0494939955222296,NA,0.608075955919088,0,0.00226083668928011,NA,0.0447678719257124,0,0.0047553255595009,-0.00160835366958092,0.00266183366745876,0.0638718592964824,0,"S5","null",500,70,0.500915658514495,88.5034272475824,0,0,0,"none",0,26,0
0.153070120794805,-0.0136596042874077,0.999994621212751,1,-0.0326243102047366,NA,0.42488563202193,0,-0.000842598525547096,NA,0.0349477912639537,0,-0.00219626108130137,-0.00737185366227247,0.00445474818923936,0.101535175879397,0,"S5","null",500,70,0.500915658514495,91.7842124743285,0,0,0,"none",0,27,0
0.150155389259016,-0.00863964125355731,0.999983625632925,1,0.0487071233630017,NA,0.570658219307057,0,0.00440457613271187,NA,0.0590634587149123,0,0.00373620498160566,0.0028103308912749,0.00260413051331103,0.06321608040201,0,"S5","null",500,70,0.500915658514495,84.6226717544848,0,0,0,"none",0,28,0
0.140652144709838,-0.0154138754882257,0.99985180662699,1,0.015349987857426,NA,0.193689695443494,0,0.00082977901015268,NA,0.0341204062559415,0,-0.000122793227239277,-0.00146868759348892,0.00167154731245204,0.042394472361809,0,"S5","null",500,70,0.500915658514495,84.4673480441645,0,0,0,"none",0,29,0
0.0881442306538782,0.00961075122257715,0.972631883303999,1,-0.0434590443674066,NA,0.549411458057025,0,-0.000699459265134706,NA,0.0341565481346741,0,-0.00168368779128666,0.00127677503286496,0.00229594169324974,0.0440452261306533,0,"S5","null",500,70,0.500915658514495,100.183209210991,0,0,0,"none",0,30,0
0.182373297830872,0.0128804612133386,0.999999905330788,1,0.0358751954078651,NA,0.4496804192416,0,0.00122348676567217,NA,0.0367739148126484,0,0.00128854650492691,-0.0033964047049093,0.00329972168263228,0.0612010050251256,0,"S5","null",500,70,0.500915658514495,81.2137323048468,0,0,0,"none",0,31,0
0.110495465064428,0.0113607457741879,0.998815251653914,1,-0.016827279371029,NA,0.234550318091031,0,-0.000350678950010408,NA,0.0328822264072003,0,-0.000841956516032101,0.000462238225203737,0.00179917455266919,0.035464824120603,0,"S5","null",500,70,0.500915658514495,87.6301734900965,0,0,0,"none",0,32,0
0.139452844063163,0.00612249801412633,0.999902524505127,1,-0.0515370670155726,NA,0.581837027731709,0,-0.00235048129757151,NA,0.0429875778130551,0,-0.00418496088909797,-0.00330836498686745,0.0036681769127853,0.0679145728643216,0,"S5","null",500,70,0.500915658514495,63.6402960045478,0,0,0,"none",0,33,0
0.143560852699064,-0.00903695468405527,0.999945379912468,1,0.0240805867680606,NA,0.312049323215674,0,-0.000374909722870256,NA,0.0328484643825185,0,0.00174996406360331,-0.00369838432594096,0.0025919410523689,0.0604597989949749,0,"S5","null",500,70,0.500915658514495,97.12386031091,0,0,0,"none",0,34,0
0.138952923525543,-0.0113318473860477,0.999904428112963,1,-0.0196033612270283,NA,0.253675905543009,0,-0.000509699565342869,NA,0.033190230486818,0,-0.00353482742670625,-0.00361087034659578,0.00258891203818072,0.0708492462311558,0,"S5","null",500,70,0.500915658514495,79.7173140026149,0,0,0,"none",0,35,0
0.179488730882681,-0.0184675827568329,0.999999529974093,1,-0.00507319475471542,NA,0.061970002464967,0,-0.000178496569616381,NA,0.0325044011069596,0,-0.000355931195143595,0.00714958594165763,0.00409488818525644,0.0838869346733668,0,"S5","null",500,70,0.500915658514495,69.1666610770742,0,0,0,"none",0,36,0
0.158258102648026,-0.00667883706358946,0.999969201846017,1,-0.0359933916937133,NA,0.375469288840762,0,-0.00104035320166179,NA,0.0344916730922588,0,-0.00144680880217603,-0.00245828430284799,0.0023835210038678,0.0516909547738693,0,"S5","null",500,70,0.500915658514495,58.1385583661837,0,0,0,"none",0,37,0
0.190047741983289,-0.0100507745676937,0.999999976831999,1,0.0959112956179847,NA,0.890170652584787,0,0.00647558720783653,NA,0.0735609345962973,0,0.0268090343354846,0.0213235529218176,0.0103361587832787,0.301909547738693,0,"S5","null",500,70,0.500915658514495,85.8819430238639,0,0,0,"none",0,38,0
0.190994052115054,-0.0150834587053915,0.999999987586362,1,0.046800241947851,NA,0.572007252770887,0,0.000414319667733827,NA,0.0329719930282506,0,0.0052276518179827,-0.00162434062245838,0.00257084668101777,0.0664924623115578,0,"S5","null",500,70,0.500915658514495,96.2988758128517,0,0,0,"none",0,39,0
0.161861897932516,-0.027697003448556,0.999999452334747,1,0.0474334129419615,NA,0.599735045618964,0,0.00124198249120931,NA,0.0371617780381664,0,0.00341256827547052,-0.000430224906055289,0.00258647099625292,0.0541582914572864,0,"S5","null",500,70,0.500915658514495,105.291807066714,0,0,0,"none",0,40,0
0.224956647209313,-0.0118282780766572,0.999999999940369,1,0.0448369993278903,NA,0.504187624921436,0,0.00232983991550416,NA,0.0431301295038722,0,0.00206958462661544,0.000580104918074475,0.0017139356460009,0.0398969849246231,0,"S5","null",500,70,0.500915658514495,75.2339280455706,0,0,0,"none",0,41,0
0.175553366210131,0.0105858829769985,0.999999917360084,1,0.0531052731982371,NA,0.64607122267997,0,0.00326464391753663,NA,0.0524249477501599,0,0.00570133730249379,0.00253094941838353,0.0039253577094436,0.0803040201005025,0,"S5","null",500,70,0.500915658514495,107.408651156733,0,0,0,"none",0,42,0
0.148188807905566,0.0220768679811768,0.99999096246159,1,-0.0123081430239779,NA,0.153237393454969,0,-0.000340259036984217,NA,0.0327789680205687,0,-0.00707443883206167,0.00183467619093837,0.0042576969921284,0.0765979899497487,0,"S5","null",500,70,0.500915658514495,82.2100726291032,0,0,0,"none",0,43,0
0.158902253154211,-0.0118343037905216,0.999990341966789,1,0.00600475376409663,NA,0.079027266960882,0,0.000136139459021384,NA,0.0324833484956096,0,0.00095629823251203,-0.0024713963779666,0.00222580326592106,0.0521482412060301,0,"S5","null",500,70,0.500915658514495,92.5706407369977,0,0,0,"none",0,44,0
0.201408717183986,-0.00143394174942856,0.999999967607602,1,0.0410955657142653,NA,0.463518824159115,0,0.00327183234988575,NA,0.0490114172887081,0,0.00172579031310323,-0.000512051275180915,0.00173914358722142,0.0421130653266332,0,"S5","null",500,70,0.500915658514495,70.6366513691433,0,0,0,"none",0,45,0
0.139420697098007,-0.000562121690671022,0.999775188722073,1,-0.00721645574067716,NA,0.0885511359289068,0,0.000231496230427674,NA,0.0325757891420946,0,0.00145277877268995,-0.000397098394391195,0.00215251123504869,0.0381959798994975,0,"S5","null",500,70,0.500915658514495,84.0601010358568,0,0,0,"none",0,46,0
0.142279642195361,0.014773651185077,0.999968805231217,1,-0.0124025005245281,NA,0.166925206753144,0,-0.000174835910756689,NA,0.0325080097526587,0,-0.019595526710621,0.021015779642006,0.0109618868524205,0.280223618090452,0,"S5","null",500,70,0.500915658514495,88.784412676854,0,0,0,"none",0,47,0
0.178609094947405,-0.0213706250167703,0.999998998868917,1,0.0366207866140331,NA,0.427652138020341,0,0.00279143236352979,NA,0.0471588940332164,0,-0.00182876766983587,0.00201432121475213,0.0021855527631857,0.0479422110552764,0,"S5","null",500,70,0.500915658514495,77.6954698062885,0,0,0,"none",0,48,0
0.184473474209175,-0.018970422117818,0.999999932268481,1,0.0197461631639101,NA,0.247082310856037,0,0.000663742895143036,NA,0.0336717161635212,0,0.00350431076207237,-0.00481505638584679,0.00299502177997501,0.0812361809045226,0,"S5","null",500,70,0.500915658514495,70.9062334583805,0,0,0,"none",0,49,0
0.165883138204654,0.03126750264377,0.999999679294846,1,0.0581092963902078,NA,0.728842112336155,0,0.00304650254264138,NA,0.0525133960179123,0,0.0151892649483774,0.0356502691277343,0.0135987322072076,0.382404522613065,0,"S5","null",500,70,0.500915658514495,116.808562324543,0,0,0,"none",0,50,0
0.16669671405407,0.00683504942988996,0.99999760647205,1,0.057364128613447,NA,0.656145864985339,0,0.00502153436933321,NA,0.0648752204356954,0,0.00318827948150028,-0.00217774150113029,0.00251451321586262,0.0619020100502513,0,"S5","null",500,70,0.500915658514495,86.3679915948283,0,0,0,"none",0,51,0
0.153108206275726,-0.00705565094199574,0.99999503923173,1,-0.0477777123746486,NA,0.584685656252999,0,-0.000524781553759203,NA,0.0334087525610691,0,-0.00445536881339272,0.00116780766710162,0.00270695413406327,0.0639321608040201,0,"S5","null",500,70,0.500915658514495,88.4158450111551,0,0,0,"none",0,52,0
0.193458204468213,-0.0334846808096507,0.999999975138921,1,-0.0922031081902839,NA,0.843256288840681,0,-0.00355731187683641,NA,0.0507076506031258,0,-0.0107500661066442,-0.000414879736894694,0.0046597753495821,0.100223618090452,0,"S5","null",500,70,0.500915658514495,74.2926133536037,0,0,0,"none",0,53,0
0.125096271904322,0.00799145993467324,0.999853128884695,1,-0.00277182289282126,NA,0.0400972263545805,0,6.00724786847619e-05,NA,0.0324290682097689,0,0.000266571019833661,0.0004467386748398,0.00142329941551643,0.0340904522613065,0,"S5","null",500,70,0.500915658514495,105.980536848291,0,0,0,"none",0,54,0
0.176731940574308,-0.0113084139006031,0.999999580340533,1,-0.00820101079252538,NA,0.109366576730771,0,4.57077552698626e-05,NA,0.0324220866126386,0,-0.00068856530236191,-0.00178799234254746,0.00182879461463331,0.0434321608040201,0,"S5","null",500,70,0.500915658514495,88.3360452283419,0,0,0,"none",0,55,0
0.130113053294495,0.030546880783361,0.99990752153607,1,0.0057329272343469,NA,0.0673013796968513,0,0.000789859931308458,NA,0.0339295131440026,0,-0.00966576462622301,0.0123891048118266,0.00608679691837195,0.167492462311558,0,"S5","null",500,70,0.500915658514495,64.1065803171708,0,0,0,"none",0,56,0
0.164459639146829,-0.00812890368572871,0.999998972811889,1,0.0379958604620965,NA,0.475825202106039,0,0.00204040768161434,NA,0.0421591621934035,0,0.00242759378531896,0.000703406039798359,0.00228750414786379,0.046251256281407,0,"S5","null",500,70,0.500915658514495,78.9994796569208,0,0,0,"none",0,57,0
0.177469615709796,-0.0015157985845915,0.999999970060206,1,0.0580469661236845,NA,0.699303444723119,0,0.0031526759237131,NA,0.0518263811685373,0,0.00447186875259192,-0.000338431063960803,0.00338715696696973,0.0620979899497487,0,"S5","null",500,70,0.500915658514495,87.5785327345843,0,0,0,"none",0,58,0
0.166794780699266,0.0132450963090861,0.999994834210048,1,0.0526651502335247,NA,0.587966480225952,0,0.00176043452223498,NA,0.0395690027318156,0,0.00127634925726138,-0.00308814283703084,0.00277669394467589,0.0560175879396985,0,"S5","null",500,70,0.500915658514495,87.0289413632382,0,0,0,"none",0,59,0
0.0927904641095707,-0.0104662230041142,0.98821145941278,1,-0.0497315986210267,NA,0.591663421221779,0,-0.00129986332860363,NA,0.0370786401276727,0,-0.0642996178417776,-0.0730265298903849,0.0167053278615988,0.662814070351759,1,"S5","null",500,70,0.500915658514495,83.5278196218791,0,0,0,"none",0,60,0
0.1299906177415,0.0114782212534716,0.999949099767244,1,-0.00133468163662524,NA,0.02016862465387,0,0.000811056191241998,NA,0.0350560155786552,0,0.000854889292800485,0.0288324896143139,0.013071531818457,0.342248743718593,0,"S5","null",500,70,0.500915658514495,109.097210830216,0,0,0,"none",0,61,0
0.143406661122519,0.00166984926654792,0.999923621051219,1,-0.024454475748054,NA,0.309987105244922,0,-0.000315821292699482,NA,0.0327446197538988,0,-0.00344521193142105,-0.00552701419068422,0.00427235235427071,0.0817336683417085,0,"S5","null",500,70,0.500915658514495,91.6637373166623,0,0,0,"none",0,62,0
0.178122444515487,-0.00538095913701368,0.999999847310017,1,-0.0557392699951926,NA,0.629727194411416,0,-0.00063223040772371,NA,0.0336789172456883,0,-0.00544538737177467,-0.00237709336737628,0.0034274835177432,0.0749120603015075,0,"S5","null",500,70,0.500915658514495,64.7450560364335,0,0,0,"none",0,63,0
0.216829034519823,-0.0206185581254022,0.999999999546949,1,0.0876031052552585,NA,0.840030456278864,0,0.00731100058311507,NA,0.0802760614590827,0,0.0203488671429583,0.010827131306264,0.00883995357962815,0.212477386934673,0,"S5","null",500,70,0.500915658514495,81.3055327339014,0,0,0,"none",0,64,0
0.129943660464785,0.0190901116772214,0.999782913675017,1,-0.0617342133748415,NA,0.671996028699775,0,-0.00502356209505133,NA,0.0615963722038779,0,-0.0154292031365385,-0.00820412669843093,0.00818915040984973,0.149801507537688,0,"S5","null",500,70,0.500915658514495,81.7530874690375,0,0,0,"none",0,65,0
0.165345771569572,-0.0248723401711611,0.999999963054602,1,0.0693894009788606,NA,0.836719289473902,0,0.00518395832413265,NA,0.0761496501848287,0,0.00987686627517566,-0.0050523623450872,0.00704022027663355,0.125484924623116,0,"S5","null",500,70,0.500915658514495,121.581039103442,0,0,0,"none",0,66,0
0.169351937016389,-0.0154919751905325,0.99999673811203,1,-0.0279537384294124,NA,0.330019219994373,0,-0.000452669097763311,NA,0.0329068043567435,0,0.000498435891563021,-3.27338241414907e-05,0.00143897956241372,0.0342412060301508,0,"S5","null",500,70,0.500915658514495,74.0684322206666,0,0,0,"none",0,67,0
0.177812501402959,0.00519973412481599,0.999999050020401,1,0.0631054480060869,NA,0.691446293411156,0,0.00131143088191312,NA,0.0368030131596585,0,0.0271784452588681,0.0224974935679513,0.0109350529659224,0.301685929648241,0,"S5","null",500,70,0.500915658514495,93.4226006460173,0,0,0,"none",0,68,0
0.149822171787152,0.0119515315377973,0.999961948462227,1,0.0253609263758802,NA,0.310814363610867,0,0.00132780693867206,NA,0.0367893634382295,0,0.0035540042493929,0.00383297392042006,0.00285885619306006,0.0733819095477387,0,"S5","null",500,70,0.500915658514495,87.8384107032608,0,0,0,"none",0,69,0
0.162696509894486,0.0122700913606761,0.999999058636618,1,0.0115200328827102,NA,0.153989630106569,0,0.000950711646212128,NA,0.0354156026366752,0,0.00129381689936435,0.00101396363390605,0.00184987443835657,0.0435653266331658,0,"S5","null",500,70,0.500915658514495,80.3026418154503,0,0,0,"none",0,70,0
0.168360402121554,0.0247666205080549,0.999999969106062,1,0.0637087258592078,NA,0.743023272379295,0,0.00431307031877797,NA,0.0606906975094126,0,0.0104846377017841,0.00237411846306425,0.00480702951933735,0.115479899497487,0,"S5","null",500,70,0.500915658514495,92.5321383383942,0,0,0,"none",0,71,0
0.150257577607205,0.0120658097201652,0.999985953112208,1,0.010842097845957,NA,0.156540562159798,0,0.000797484230808262,NA,0.0348463317073132,0,0.0120531189984492,0.0224074944936719,0.0114161950173036,0.247020100502513,0,"S5","null",500,70,0.500915658514495,104.074735559513,0,0,0,"none",0,72,0
0.14591044421155,0.0194928858075257,0.999987902183885,1,-0.0124734543900396,NA,0.172134905824207,0,-0.00067382783127492,NA,0.0336920454987547,0,-0.00168522596071435,-0.00411520486268437,0.00363689550024187,0.0765050251256281,0,"S5","null",500,70,0.500915658514495,89.6544813339129,0,0,0,"none",0,73,0
0.173019994675585,-0.0099489494318024,0.999999785732445,1,0.0350476960223353,NA,0.4843569033635,0,0.00104571276694686,NA,0.0359761373973679,0,0.00123807639436125,8.07226312047285e-05,0.00185469529685578,0.0357663316582915,0,"S5","null",500,70,0.500915658514495,107.466573254802,0,0,0,"none",0,74,0
0.124322392511774,0.0241612205071727,0.999880524942862,1,0.000598340155788096,NA,0.00764688996555718,0,-0.000258104738907105,NA,0.0326503068811419,0,-0.000182942978100993,-0.00051646040312829,0.00136264590603636,0.0363994974874372,0,"S5","null",500,70,0.500915658514495,82.226791787838,0,0,0,"none",0,75,0
0.0979029750173158,0.000336929283370923,0.994892523992043,1,-0.00539590431146718,NA,0.0804974203851625,0,-0.00114288769166231,NA,0.0362606226751486,0,0.0025529125782703,-0.00222501512204663,0.0026473170533442,0.0545854271356784,0,"S5","null",500,70,0.500915658514495,104.339089424429,0,0,0,"none",0,76,0
0.168171741816488,-0.00652254352653405,0.999998066354128,1,0.0150460968570089,NA,0.20001453313809,0,0.000321691468591624,NA,0.0327747186133333,0,0.00214764946972854,-0.0218860873182053,0.00778952981053926,0.218356783919598,0,"S5","null",500,70,0.500915658514495,93.3479465260253,0,0,0,"none",0,77,0
0.179151179669734,-0.00346096337209867,0.999999941050934,1,0.0151420785409435,NA,0.191176623455757,0,4.45648078849373e-05,NA,0.0324214363101095,0,-0.000903796643803874,-5.44274188565116e-05,0.00200068690722635,0.0343065326633166,0,"S5","null",500,70,0.500915658514495,71.9334313496128,0,0,0,"none",0,78,0
0.167599198602002,-0.00470250253970889,0.999996601217602,1,0.0433241022393503,NA,0.529130070628235,0,0.00261718635886905,NA,0.0470625608986155,0,0.0031333300590485,-0.000456163550051754,0.00282681797733602,0.0494472361809045,0,"S5","null",500,70,0.500915658514495,85.4400760876482,0,0,0,"none",0,79,0
0.18238480701606,0.00321113929744308,0.99999975599828,1,0.0234966090851355,NA,0.303696979131573,0,0.000826360809845915,NA,0.0347002129670867,0,0.000439828079684984,0.00036355903197408,0.00156335500313166,0.0335427135678392,0,"S5","null",500,70,0.500915658514495,91.7684606893733,0,0,0,"none",0,80,0
0.123285164816485,0.0184216656787889,0.999476528870167,1,-0.0641748429285373,NA,0.692875403049775,0,-0.00132822153847814,NA,0.037582471094054,0,-0.00604652058490739,0.00128970843915914,0.00350939598601353,0.0724798994974874,0,"S5","null",500,70,0.500915658514495,79.6247835991048,0,0,0,"none",0,81,0
0.159314144579068,0.0193819524912219,0.999999269313705,1,0.0164001246727326,NA,0.224545686614406,0,-0.00147061621121187,NA,0.03774760258738,0,0.000924545432513724,0.00744020340013151,0.00479342318601971,0.0991407035175879,0,"S5","null",500,70,0.500915658514495,92.6920238455863,0,0,0,"none",0,82,0
0.105683213766154,0.0263129340030884,0.999254734317331,1,0.00956007145263066,NA,0.139737967452076,0,-0.000412288231158352,NA,0.0330414232982451,0,0.00101240249864537,0.0016122292923708,0.00241931970590171,0.0483819095477387,0,"S5","null",500,70,0.500915658514495,88.3490779971477,0,0,0,"none",0,83,0
0.120074342224475,-0.0451612150617948,0.999995877147937,1,-0.0225178739732988,NA,0.339134359986906,0,-0.000641498790546719,NA,0.0342927708974213,0,-0.00261588587389992,-0.00909819107136733,0.00507151335141249,0.133286432160804,0,"S5","null",500,70,0.500915658514495,96.6625530050863,0,0,0,"none",0,84,0
0.124667069060386,0.0125547246557448,0.999694793926866,1,0.0226040742882303,NA,0.286776978261803,0,0.000918401382200179,NA,0.0347724667711565,0,0.00276867029245327,0.000584199137638213,0.00189597072348401,0.0423517587939699,0,"S5","null",500,70,0.500915658514495,84.3175597317476,0,0,0,"none",0,85,0
0.167240799167506,0.00727409171641752,0.999997416421003,1,-0.0420707641064072,NA,0.490394775721211,0,-0.00282241532518415,NA,0.0452679394063139,0,-0.00203698409430165,0.00216217315091787,0.00216940193233059,0.0504095477386935,0,"S5","null",500,70,0.500915658514495,81.380290526667,0,0,0,"none",0,86,0
0.187830183880456,0.0151103893961441,0.999999914346425,1,0.0481009789787629,NA,0.538243444187286,0,0.000500132230119439,NA,0.0330371382973727,0,0.00305786373301905,0.00174776328451128,0.00207299826779405,0.0525427135678392,0,"S5","null",500,70,0.500915658514495,70.9171046432792,0,0,0,"none",0,87,0
0.138603473644917,-0.0289815482381894,0.999913339549936,1,-0.0915051402891913,NA,0.859711864804304,0,-0.00457590897752316,NA,0.0592750892040739,0,-0.00739837585336666,0.000749435794741822,0.00360195022145057,0.0783291457286432,0,"S5","null",500,70,0.500915658514495,81.6893430345085,0,0,0,"none",0,88,0
0.134466426456554,0.00105698509636064,0.999751649253608,1,-0.0155460158123606,NA,0.185193029821471,0,-0.00173485769345746,NA,0.0383805541760108,0,-0.00103983542936391,0.000762213189085721,0.00191842223735209,0.0382286432160804,0,"S5","null",500,70,0.500915658514495,75.8714140988187,0,0,0,"none",0,89,0
0.15574490701254,0.0132674973545122,0.999995034037477,1,-0.00516986726895017,NA,0.0676269389973885,0,0.000628432394099819,NA,0.0337521482207399,0,0.00030450919562416,0.000489089507084849,0.00152467963204024,0.0356231155778894,0,"S5","null",500,70,0.500915658514495,95.6098357553072,0,0,0,"none",0,90,0
0.220735224965037,0.0031401870662026,0.99999999999659,1,0.134957513180982,NA,0.985663362775057,1,0.0140443985652514,NA,0.131873380852313,0,0.0520751758796601,-0.0132272510963432,0.0129303457124345,0.390442211055276,0,"S5","null",500,70,0.500915658514495,88.7498966995224,0,0,0,"none",0,91,0
0.147857778467599,-3.98989127086009e-05,0.999998375007174,1,0.0446083593833833,NA,0.60992651745962,0,0.00268215092856885,NA,0.0493617914117754,0,0.00248206860451069,-0.00351555195059227,0.00344676665134038,0.0776683417085427,0,"S5","null",500,70,0.500915658514495,101.178529431576,0,0,0,"none",0,92,0
0.154467677203329,-0.00919541259181147,0.999980401929874,1,-0.0649157447235933,NA,0.704691110265228,0,-0.00412905493960776,NA,0.0560409562203214,0,-0.0105380354847921,-0.00238142419765062,0.00575658404636198,0.104886934673367,0,"S5","null",500,70,0.500915658514495,86.5189594425027,0,0,0,"none",0,93,0
0.135419731549661,-0.0103660772768306,0.999849955717873,1,0.0106671401166587,NA,0.134615537354074,0,0.000179523806234078,NA,0.0325086701715115,0,0.0015752467302357,-0.00237958134103704,0.00274118675468481,0.0497462311557789,0,"S5","null",500,70,0.500915658514495,76.726220443559,0,0,0,"none",0,94,0
0.182124803553954,-0.0135578111552734,0.999999970925318,1,0.108472577858868,NA,0.947741725293628,0,0.00593720021885358,NA,0.0712430974265505,0,0.0771988777640162,-0.00511479682642837,0.0123410861142935,0.522371859296482,1,"S5","null",500,70,0.500915658514495,106.05162314389,0,0,0,"none",0,95,0
0.132778729108547,-0.030322830727815,0.999987248739749,1,0.0486774893118727,NA,0.60264633066858,0,0.000913275626278897,NA,0.0351825546401822,0,0.0257488841920542,-0.0194479901012944,0.01128881646589,0.28422864321608,0,"S5","null",500,70,0.500915658514495,95.9457177029746,0,0,0,"none",0,96,0
0.130883920403417,0.00311024316169478,0.99961481433807,1,-0.0453436960382732,NA,0.535724025989081,0,-0.000816418086748214,NA,0.0342678361091775,0,-0.00503009194274925,-0.00531362799630614,0.00421973521521092,0.085608040201005,0,"S5","null",500,70,0.500915658514495,78.3532658321732,0,0,0,"none",0,97,0
0.126979126675669,0.00760911664232829,0.998730762198249,1,-0.0480636288747236,NA,0.552269032978098,0,-0.00243867282866972,NA,0.044189813285559,0,-0.00501009242534043,-0.0013401932576461,0.00310356024522578,0.0646105527638191,0,"S5","null",500,70,0.500915658514495,76.0168032587211,0,0,0,"none",0,98,0
0.18028540131607,0.0216004201882914,0.999999992358469,1,0.0551141924586529,NA,0.661332692689532,0,0.00687772093609109,NA,0.0793441389752564,0,0.0036777594169967,3.81668553586907e-05,0.00230743730175224,0.0595804020100502,0,"S5","null",500,70,0.500915658514495,77.1407080864107,0,0,0,"none",0,99,0
0.190478979238822,-0.0024991878139675,0.999999939232339,1,-0.0294126157307226,NA,0.345827583563245,0,0.000218584602766659,NA,0.0325583078195899,0,-0.00731639801361768,0.00201561252932099,0.00372312112836186,0.0772412060301507,0,"S5","null",500,70,0.500915658514495,77.2317928468977,0,0,0,"none",0,100,0
0.126928096732663,0.00895762732569051,0.999959372767501,1,0.0233369206507135,NA,0.367720030960413,0,0.000613480312445641,NA,0.0344823701272648,0,-0.000164451259927428,-0.00060207475811699,0.00154114141115791,0.034356783919598,0,"S5","null",500,70,0.500915658514495,113.327669889261,0.3,0,0,"none",0,1,0
0.176358307569255,-0.0131359003564613,0.999999991087954,1,0.0590209821837599,NA,0.783079898669626,0,0.00135900788341177,NA,0.0419816918044629,0,0.0117378269225708,-0.0207123057002601,0.00922771207915194,0.311658291457286,0,"S5","null",500,70,0.500915658514495,146.961561054543,0.3,0,0,"none",0,2,0
0.0997355903178404,0.0281975892754557,0.999919913497422,1,-0.0287203507202105,NA,0.47473925642093,0,-0.00259453677809671,NA,0.0586883653766316,0,-0.00943747642766177,0.0174587225372729,0.0114181214044327,0.281751256281407,0,"S5","null",500,70,0.500915658514495,129.57225986498,0.3,0,0,"none",0,3,0
0.123846093161356,0.00309055641571797,0.999883408178701,1,0.0249467189366762,NA,0.379377974726076,0,0.000620268443614854,NA,0.0346303174873272,0,0.00187510995307934,0.000896915534053911,0.00235790851355049,0.0458266331658291,0,"S5","null",500,70,0.500915658514495,130.765114313387,0.3,0,0,"none",0,4,0
0.171225713061388,-0.00552084121089087,0.999999956804787,1,0.0482670030703632,NA,0.666835969948939,0,0.000929919805802634,NA,0.0371849043185065,0,0.0169697913421474,-0.00685425635624982,0.00977015950067425,0.196185929648241,0,"S5","null",500,70,0.500915658514495,135.577858239361,0.3,0,0,"none",0,5,0
0.135814903180957,-0.00844858141107686,0.999983514257543,1,-0.0193091455966545,NA,0.296365784197111,0,-0.000239309663258715,NA,0.0328056897904058,0,0.000169836022921336,0.000352948617903815,0.00174732508304274,0.0366381909547739,0,"S5","null",500,70,0.500915658514495,123.979119948915,0.3,0,0,"none",0,6,0
0.109353621987128,-0.00804048472521006,0.999649450933292,1,-0.0299172523100929,NA,0.476417416403319,0,-0.000657292985603281,NA,0.0357241979539039,0,-0.00239070314907996,-0.00170112126904304,0.00292519973827963,0.0641105527638191,0,"S5","null",500,70,0.500915658514495,137.674633943274,0.3,0,0,"none",0,7,0
0.162134883464155,-0.00624086943094143,0.999999982139527,1,0.0672005650902232,NA,0.846945780676072,0,0.00320580568469949,NA,0.0626504287265462,0,0.0183981638501365,-0.00180148453266048,0.00748235353464688,0.192113065326633,0,"S5","null",500,70,0.500915658514495,138.135076393145,0.3,0,0,"none",0,8,0
0.114490081626402,-0.0132039649942276,0.999926578715038,1,0.0450823652016831,NA,0.701363976071641,0,0.00164272198341611,NA,0.0468984049764798,0,0.0416411781493732,-0.0234606705021853,0.0160797586245769,0.488278894472362,0,"S5","null",500,70,0.500915658514495,171.878431729683,0.3,0,0,"none",0,9,0
0.136302130651723,-0.000754317179569792,0.999983825397284,1,0.0174286490059047,NA,0.292430327475272,0,0.000805052313367094,NA,0.0371076147135544,0,0.000280075117171031,0.00171328099974749,0.00223426589037439,0.0512738693467337,0,"S5","null",500,70,0.500915658514495,142.432166668638,0.3,0,0,"none",0,10,0
0.0934649619676214,-0.0061585280073322,0.995557462560362,1,-0.072409460347522,NA,0.863777526587014,0,-0.0099412565227774,NA,0.127649263419514,0,-0.013885380232756,0.00180514428699159,0.00642806472827341,0.155344221105528,0,"S5","null",500,70,0.500915658514495,135.938048539159,0.3,0,0,"none",0,11,0
0.0726364937071504,-0.00899746238513393,0.97692181894255,1,-0.0480784363150286,NA,0.703338359655785,0,-0.00255440893034005,NA,0.056935729538363,0,-0.00704561255855178,-0.00184722957561881,0.00430835863938215,0.10041959798995,0,"S5","null",500,70,0.500915658514495,121.09938896511,0.3,0,0,"none",0,12,0
0.0967934705141854,-0.000163112423468576,0.99308086211349,1,-0.070299623753922,NA,0.811475280643839,0,-0.00268149000186684,NA,0.0533491912323317,0,-0.0568700561372611,0.0162888703399542,0.0101406079653325,0.469437185929648,0,"S5","null",500,70,0.500915658514495,105.635164233784,0.3,0,0,"none",0,13,0
0.122991394654098,-0.00739044460349945,0.999954721157992,1,0.0297367507007454,NA,0.482940293683035,0,7.87793401894041e-05,NA,0.0324658093610055,0,0.0023178667324489,-0.000874624447302162,0.00240500230813232,0.0496381909547739,0,"S5","null",500,70,0.500915658514495,144.601387475984,0.3,0,0,"none",0,14,0
0.116449097576639,-0.0156733666553418,0.999878746471816,1,-0.00726129902933652,NA,0.11661985474616,0,0.000146526252959162,NA,0.0325665235551122,0,-0.00234957138531871,-0.00164130437912045,0.00257008025395608,0.0587311557788945,0,"S5","null",500,70,0.500915658514495,132.270869027045,0.3,0,0,"none",0,15,0
0.141601004595672,0.0111456914647182,0.999996465656993,1,0.0342350662865571,NA,0.553187508949929,0,0.00205960726577561,NA,0.0514662417778042,0,0.00393916838621071,-0.00342806116673865,0.0040625614258922,0.088072864321608,0,"S5","null",500,70,0.500915658514495,140.353275983184,0.3,0,0,"none",0,16,0
0.102046106489983,-0.0102281102023253,0.998257880186173,1,-0.0936377831703295,NA,0.929415554271977,0,-0.012083268226234,NA,0.146739849573917,0,-0.0441020964197771,0.00279720494908271,0.010644540272396,0.360032663316583,0,"S5","null",500,70,0.500915658514495,126.045120988129,0.3,0,0,"none",0,17,0
0.109981810749259,-0.012655365095377,0.999508804751,1,-0.0160402977254191,NA,0.256053290525113,0,-0.000208373540422223,NA,0.0327491106469015,0,-0.0022139555952555,1.7853409053455e-05,0.0023397652474585,0.0463316582914573,0,"S5","null",500,70,0.500915658514495,120.698541103747,0.3,0,0,"none",0,18,0
0.125048094857721,-0.0262019369605121,0.999995683980531,1,0.0342623187180383,NA,0.520299352269082,0,0.00493946408537104,NA,0.0819207377402068,0,0.00366353624239929,0.000486597034506099,0.00261131940757814,0.0630527638190955,0,"S5","null",500,70,0.500915658514495,119.812791428331,0.3,0,0,"none",0,19,0
0.118894579645706,0.00214263968487261,0.999784257220167,1,-0.0780765333167132,NA,0.84820250984494,0,-0.0525980247961333,NA,0.396174752081923,0,-0.0118977417742332,0.00167729139288129,0.00445703543436514,0.116884422110553,0,"S5","null",500,70,0.500915658514495,90.3406017894401,0.3,0,0,"none",0,20,0
0.111831955028262,-0.0002791097344077,0.999556125121785,1,-0.0165012931384223,NA,0.268997785560272,0,-0.000584081645550856,NA,0.0346573375093528,0,-0.000254683874403048,-0.000476369915320234,0.00149065241517521,0.0366809045226131,0,"S5","null",500,70,0.500915658514495,147.526259602104,0.3,0,0,"none",0,21,0
0.11094177688117,-0.0197378394361805,0.999869504200684,1,-0.0464625849908735,NA,0.666463778762184,0,-0.00462045833360226,NA,0.0773910842288852,0,-0.00656103409012855,0.000810638748792444,0.00397473624729802,0.0845854271356784,0,"S5","null",500,70,0.500915658514495,136.97843134895,0.3,0,0,"none",0,22,0
0.097500937463453,-0.0127256067660464,0.997384432136524,1,0.0131261160320771,NA,0.220035244423306,0,-0.000146870231279444,NA,0.0325687052498777,0,0.00126213480306504,0.000498165780630064,0.00218793882735016,0.040462311557789,0,"S5","null",500,70,0.500915658514495,159.573586606246,0.3,0,0,"none",0,23,0
0.11171206151608,-0.00369964185045256,0.999577485715028,1,-0.0536576765053311,NA,0.758521540149925,0,-0.0017714198725678,NA,0.0478868414137217,0,-0.0053807523974707,0.000244616923034672,0.00283426587844142,0.0776934673366834,0,"S5","null",500,70,0.500915658514495,137.873599596874,0.3,0,0,"none",0,24,0
0.139843930172764,0.0192195521822121,0.999995033532502,1,-0.0222021985821941,NA,0.332985210168986,0,-0.000468108052937229,NA,0.0337218560931247,0,-0.00472359326621335,-0.00417595614515761,0.00369465570845129,0.0921532663316583,0,"S5","null",500,70,0.500915658514495,113.4293963671,0.3,0,0,"none",0,25,0
0.127818536988825,0.0117553385427444,0.999933942395907,1,0.0360307184820202,NA,0.512132383696161,0,0.00244007477154086,NA,0.0508605372469256,0,0.00116834247254689,-0.000157600453749698,0.00132295316111963,0.0366256281407035,0,"S5","null",500,70,0.500915658514495,103.71760661405,0.3,0,0,"none",0,26,0
0.14450922405784,0.0127710759584936,0.999996825181272,1,0.0493162234864469,NA,0.6886074928342,0,0.00226729838032345,NA,0.0511325179438188,0,0.00449841920965238,0.00346227442254833,0.00456339494531708,0.0915854271356784,0,"S5","null",500,70,0.500915658514495,141.178304150831,0.3,0,0,"none",0,27,0
0.173382610752316,0.000111403405199751,0.999999894097293,1,0.0927583943164013,NA,0.931000441281788,0,0.00972880617531033,NA,0.118993876780495,0,0.0664237528091832,-0.027933667882318,0.0155937488945613,0.602361809045226,1,"S5","null",500,70,0.500915658514495,127.834089000522,0.3,0,0,"none",0,28,0
0.152816129804848,-0.0110545402071299,0.999998969117322,1,0.07125824574838,NA,0.850447658402492,0,0.00167519793595723,NA,0.0448880252864771,0,0.0343081817504798,-0.010808543503172,0.0102204738330656,0.323125628140704,0,"S5","null",500,70,0.500915658514495,141.681268609415,0.3,0,0,"none",0,29,0
0.169838044142348,0.0063410156270067,0.999999989509802,1,0.0644619687543033,NA,0.852630357206894,0,0.00606962852912052,NA,0.0988829828914057,0,0.00608836528895038,0.00488684646795461,0.00527132445523482,0.132758793969849,0,"S5","null",500,70,0.500915658514495,176.750785649941,0.3,0,0,"none",0,30,0
0.076042606323591,-0.00938122933906041,0.987713092394533,1,-0.0116131151438468,NA,0.214533956084041,0,-0.000976264846717863,NA,0.0394545827677631,0,0.000997144962544713,-0.00145338463985907,0.00203102834367833,0.0507336683417085,0,"S5","null",500,70,0.500915658514495,161.149029576927,0.3,0,0,"none",0,31,0
0.134474060062701,0.00678885058798147,0.999999543283152,1,0.0352382239528735,NA,0.603010837627942,0,0.00163313815210811,NA,0.0483684811257715,0,0.00688031493032562,-0.00339166178624251,0.00556363349902426,0.119856783919598,0,"S5","null",500,70,0.500915658514495,159.328082677831,0.3,0,0,"none",0,32,0
0.105403579004628,0.0125593434144128,0.99970801628277,1,0.0310600152709687,NA,0.49743053196479,0,-4.85724266607057e-05,NA,0.0324312786126065,0,0.00775502046077455,0.00505786245065013,0.00607489025764846,0.141879396984925,0,"S5","null",500,70,0.500915658514495,135.729382401829,0.3,0,0,"none",0,33,0
0.110156963926083,0.0134358267375091,0.999714733340735,1,-0.00442363699994246,NA,0.0710229477375282,0,-0.000664909697964676,NA,0.0349240860357917,0,0.000557479651346239,0.0109181302893626,0.00621551119086513,0.178542713567839,0,"S5","null",500,70,0.500915658514495,119.996368850251,0.3,0,0,"none",0,34,0
0.137697228738556,0.0126046648822155,0.99998007215204,1,0.0667709532245914,NA,0.808971870141575,0,0.00462270440000966,NA,0.0752689723122217,0,0.00322830002136494,0.000619267783797851,0.00184020098507142,0.0545778894472362,0,"S5","null",500,70,0.500915658514495,120.661019403487,0.3,0,0,"none",0,35,0
0.169559830111501,0.00911192736891697,0.999999991761979,1,0.0644204936863901,NA,0.831338357738766,0,0.00996058719750708,NA,0.133971812468439,0,0.0134884348154139,0.00628217093468163,0.00899359133884083,0.177680904522613,0,"S5","null",500,70,0.500915658514495,143.240371253589,0.3,0,0,"none",0,36,0
0.138915036175502,-0.0177666279408986,0.999981848525283,1,-0.00462064513818615,NA,0.0678658095180038,0,-0.000692207852085123,NA,0.0348698243002935,0,0.000154394876119909,-0.00142188227729431,0.00155189022901866,0.0434597989949749,0,"S5","null",500,70,0.500915658514495,123.753654986387,0.3,0,0,"none",0,37,0
0.123629514765264,-0.0133854269604148,0.999980225485725,1,0.0514024578377645,NA,0.752072205921792,0,0.000309123813175772,NA,0.0331972978236275,0,0.00387663531669151,0.00053381785934527,0.00234082328344115,0.0641180904522613,0,"S5","null",500,70,0.500915658514495,163.862622594625,0.3,0,0,"none",0,38,0
0.152261192084736,0.0110032182992047,0.999999651190205,1,0.0435062880112258,NA,0.628925015060988,0,0.000871770469583265,NA,0.0369477342217245,0,0.00407518717306627,0.00617810422309184,0.00514952684815784,0.116344221105528,0,"S5","null",500,70,0.500915658514495,121.419194946962,0.3,0,0,"none",0,39,0
0.0993170699935533,-0.00472219699639221,0.996611916902272,1,-0.00443251432175869,NA,0.0721423087408505,0,-0.000881249299095952,NA,0.0368656015003338,0,0.000261713720946272,-0.000266044505022665,0.0017637009833231,0.0368241206030151,0,"S5","null",500,70,0.500915658514495,134.131986440484,0.3,0,0,"none",0,40,0
0.153614825561562,0.0202565852244789,0.999999788409623,1,0.00356375092819124,NA,0.0553341684826003,0,-0.000160802229768495,NA,0.0325838028724786,0,-0.000420998543812155,0.00652803614315275,0.00380158023629572,0.106522613065327,0,"S5","null",500,70,0.500915658514495,119.820654800986,0.3,0,0,"none",0,41,0
0.117213612301552,0.00142444612587405,0.999738685422048,1,0.00376688759277911,NA,0.0653984340321707,0,0.000451310834605501,NA,0.0340598506262421,0,0.00083282593252021,-0.000447612930757476,0.00139721760634867,0.0382914572864322,0,"S5","null",500,70,0.500915658514495,150.954724243806,0.3,0,0,"none",0,42,0
0.140576317084262,-0.00281240100646237,0.999957926043661,1,-0.0307502424813746,NA,0.441571224331687,0,-0.00156456586653031,NA,0.0426734828260886,0,-0.00124165706535312,5.77238601191973e-05,0.00178940780763711,0.0386407035175879,0,"S5","null",500,70,0.500915658514495,118.388097481391,0.3,0,0,"none",0,43,0
0.0993834071706916,0.0190941940439697,0.998137806915509,1,0.0046069050905817,NA,0.073180378045828,0,0.000238473088329776,NA,0.03283222991854,0,0.000687475679043687,-0.000573722473775842,0.00137335701853211,0.0356331658291457,0,"S5","null",500,70,0.500915658514495,147.201771011152,0.3,0,0,"none",0,44,0
0.112560897526657,0.00293451071930666,0.999546445759254,1,-0.0249961694783129,NA,0.377602917924779,0,-0.000200191687866013,NA,0.0326911498484706,0,-0.00162025215497797,0.000656012784635819,0.0016177735359065,0.0431683417085427,0,"S5","null",500,70,0.500915658514495,120.245837984057,0.3,0,0,"none",0,45,0
0.139838409967433,0.00593478480815529,0.999994159087416,1,0.000474229211791148,NA,0.00808010747900823,0,-0.00106284354552256,NA,0.0391328399534021,0,-0.000779138770055679,0.00209214799994849,0.00219509707809988,0.0532311557788945,0,"S5","null",500,70,0.500915658514495,131.185647455328,0.3,0,0,"none",0,46,0
0.0838879924016636,0.00848429205165308,0.993133913528274,1,0.00529530006073184,NA,0.0877357493003514,0,2.86300772853294e-05,NA,0.0324220510278864,0,0.0111570254080498,0.0250360576201337,0.0142731944779845,0.316992462311558,0,"S5","null",500,70,0.500915658514495,133.016565718305,0.3,0,0,"none",0,47,0
0.12120580086698,-0.0103396144092467,0.99992418523804,1,0.0598607932566823,NA,0.808531643587943,0,0.000916699665915593,NA,0.0377742909517348,0,0.00193959286974263,0.000896295378809185,0.00248668669178899,0.0519195979899498,0,"S5","null",500,70,0.500915658514495,158.65290105699,0.3,0,0,"none",0,48,0
0.108412933557548,0.00715617921167873,0.998928019334339,1,-0.0176303262817058,NA,0.288734754871556,0,-0.000486831191318023,NA,0.0342255672099166,0,0.000285372838615288,0.00285705670610209,0.00317297758319098,0.0690979899497488,0,"S5","null",500,70,0.500915658514495,127.624802428608,0.3,0,0,"none",0,49,0
0.212238843499781,-0.00579924849533072,0.999999999981818,1,0.070314885705181,NA,0.826708727160196,0,0.0457130961042095,NA,0.434875518824473,0,0.0144217743097065,0.00743096536681622,0.00679591746998297,0.17985175879397,0,"S5","null",500,70,0.500915658514495,122.929172479129,0.3,0,0,"none",0,50,0
0.119353131481046,0.0134605874951031,0.999901563451381,1,0.0341873438311996,NA,0.512740296982322,0,0.00418475111912079,NA,0.0759740982059782,0,0.000467735748438288,-0.00377710956602104,0.00414186490165758,0.0765226130653266,0,"S5","null",500,70,0.500915658514495,140.550610786626,0.3,0,0,"none",0,51,0
0.130492219510088,0.0141496784639972,0.99999261653093,1,0.00160300002856163,NA,0.0267990487975497,0,0.000113963869353532,NA,0.0325110348076939,0,0.00243454359341072,0.0509121488623857,0.0206717457267939,0.642010050251256,1,"S5","null",500,70,0.500915658514495,131.510891446448,0.3,0,0,"none",0,52,0
0.0772824328727541,0.0159733810704776,0.989120112112715,1,-0.0296004272455959,NA,0.470266062224523,0,-0.00120633294116038,NA,0.0406996181218498,0,-0.00206767789265082,0.00297831463507513,0.00290518883789467,0.0774422110552764,0,"S5","null",500,70,0.500915658514495,147.769380318618,0.3,0,0,"none",0,53,0
0.0964974856689515,0.00996122499082602,0.995567479203947,1,-0.0307676239181977,NA,0.482317179265779,0,-0.00108040216772633,NA,0.0395971135303396,0,-0.00431224424788429,-0.00332659180000644,0.00349584602763748,0.089105527638191,0,"S5","null",500,70,0.500915658514495,148.643444213104,0.3,0,0,"none",0,54,0
0.147099014533443,0.0152583662375101,0.99999988901535,1,-0.0015897808602422,NA,0.0290071416734594,0,0.000367866179407212,NA,0.0336374484078566,0,0.000443444469833119,-0.000600332549386157,0.00209299031777012,0.0394974874371859,0,"S5","null",500,70,0.500915658514495,147.476773966695,0.3,0,0,"none",0,55,0
0.070991276438616,0.00412974193915145,0.9584880327294,1,-0.0297614433507949,NA,0.462228434365368,0,-0.000902663975090428,NA,0.0376856676046581,0,-0.00444444721219093,0.0011963819465933,0.00335116048865556,0.0685150753768844,0,"S5","null",500,70,0.500915658514495,123.693700134855,0.3,0,0,"none",0,56,0
0.0987261433326187,0.000753749587804682,0.99849693840259,1,-0.013559516261498,NA,0.228523401600351,0,-0.000210164543518994,NA,0.0327900529683852,0,-0.0034340612919355,-0.0119318353338372,0.00650354547700368,0.174912060301508,0,"S5","null",500,70,0.500915658514495,137.361036462825,0.3,0,0,"none",0,57,0
0.144801571395383,-0.000937501318912127,0.999999031308631,1,0.0274199245390985,NA,0.423841491470821,0,0.00103552017145828,NA,0.0386652292737765,0,0.000572107345912646,-0.00114526105455268,0.00154545168436655,0.039929648241206,0,"S5","null",500,70,0.500915658514495,119.202847288994,0.3,0,0,"none",0,58,0
0.172704618161767,-0.00214457938470303,0.999999988315039,1,0.0680814337730973,NA,0.815053464757527,0,0.0186039532030761,NA,0.203391504507323,0,0.0215923732503159,0.00864312332218141,0.00837393762277185,0.233404522613065,0,"S5","null",500,70,0.500915658514495,119.538082618245,0.3,0,0,"none",0,59,0
0.095359223866327,-0.0118142532882572,0.994879776931597,1,-0.0573528694146078,NA,0.750329682533924,0,-0.0125055434209293,NA,0.140246166429975,0,-0.0205365339136065,0.0128011693271012,0.00856791662264081,0.272804020100503,0,"S5","null",500,70,0.500915658514495,119.764587524776,0.3,0,0,"none",0,60,0
0.145281480297237,-0.0167643932042647,0.999996467286584,1,-0.0086459158804323,NA,0.13791999037285,0,-0.00048640267808271,NA,0.0340507350465657,0,-0.00274663997614201,-0.00224219075957953,0.0024379025240103,0.0613768844221106,0,"S5","null",500,70,0.500915658514495,125.554363831315,0.3,0,0,"none",0,61,0
0.135904033216928,-0.0131367890644889,0.999999718813422,1,0.0109238028762803,NA,0.195972052966287,0,6.58134150886161e-05,NA,0.0324589646624537,0,0.00150373007413068,-5.25949185932896e-05,0.00151675200949712,0.0375552763819096,0,"S5","null",500,70,0.500915658514495,138.697771428903,0.3,0,0,"none",0,62,0
0.0861034466102277,0.00458537696870724,0.994834493192911,1,-0.00336681013167231,NA,0.061324370619398,0,-5.37272345635111e-05,NA,0.0324440412576111,0,0.000700179806855046,0.00458744865183376,0.00407813452356321,0.0912663316582915,0,"S5","null",500,70,0.500915658514495,146.292967148539,0.3,0,0,"none",0,63,0
0.192172071623078,0.00647501448538082,0.999999999903553,1,0.0718637477240032,NA,0.880660160152307,0,0.00399476196542232,NA,0.0721241199687315,0,0.0083727895012378,-0.000344430197237483,0.00409681778752436,0.107082914572864,0,"S5","null",500,70,0.500915658514495,146.846207835695,0.3,0,0,"none",0,64,0
0.113283028057535,0.017867208578176,0.999730576516374,1,-0.00847475599633724,NA,0.14612610722808,0,-0.00131162225803075,NA,0.0417354619317086,0,-0.00144212748796399,-0.00120868345948322,0.00207223255397035,0.0464974874371859,0,"S5","null",500,70,0.500915658514495,137.479337387639,0.3,0,0,"none",0,65,0
0.127439048835953,-0.00573197460934523,0.999987100130563,1,0.059126470235434,NA,0.841034330593883,0,0.0027417741197482,NA,0.0603735793907531,0,0.016990506448393,-0.00254514143465113,0.00908792874186959,0.198786432160804,0,"S5","null",500,70,0.500915658514495,163.709914150397,0.3,0,0,"none",0,66,0
0.0898649593302256,-0.00637313206589174,0.993083682461572,1,-0.019697146714088,NA,0.297049037188187,0,-0.00181500318271291,NA,0.044530857767047,0,-0.00062591364898946,-9.92494694710024e-05,0.00144911289926845,0.0348266331658291,0,"S5","null",500,70,0.500915658514495,115.159578170168,0.3,0,0,"none",0,67,0
0.0970012887436913,-0.00827742293723996,0.99811788233686,1,-0.0125322009094367,NA,0.212643237561476,0,-0.000356061553116234,NA,0.0333398098536505,0,-0.00114440193608504,0.00183086225013891,0.00272893902453845,0.0566155778894472,0,"S5","null",500,70,0.500915658514495,135.51686506015,0.3,0,0,"none",0,68,0
0.124736224228719,-0.0234533915766763,0.999971557079351,1,0.00984954221138924,NA,0.16578918234308,0,0.000725808049907365,NA,0.0364921378738356,0,0.000836614805072652,-0.00122160578039627,0.00249008470292575,0.045891959798995,0,"S5","null",500,70,0.500915658514495,143.274482948578,0.3,0,0,"none",0,69,0
0.162552362023084,0.0150342828489821,0.999999724501922,1,-0.0111391265994973,NA,0.17435462234838,0,0.000674094414398767,NA,0.0356557897776627,0,-0.0018663160754644,0.00287365476455306,0.00264986389168037,0.071929648241206,0,"S5","null",500,70,0.500915658514495,137.85867989846,0.3,0,0,"none",0,70,0
0.139298075317504,-0.0176060562408406,0.999999260259443,1,0.00537503479672995,NA,0.0931181209557352,0,8.85691569736011e-05,NA,0.032478204324124,0,0.00180076672206597,-0.00360488185914317,0.00338652562775549,0.0826557788944724,0,"S5","null",500,70,0.500915658514495,146.392364199514,0.3,0,0,"none",0,71,0
0.136912020737292,-0.00834953063410023,0.999983014607935,1,-0.0341171884909158,NA,0.471378670898666,0,-0.00205949966037838,NA,0.0468706898362646,0,-0.00160001543085635,-0.001394140267657,0.00178035327547818,0.0484723618090452,0,"S5","null",500,70,0.500915658514495,109.899515710738,0.3,0,0,"none",0,72,0
0.135665083969393,0.00865866213795196,0.999988980278505,1,-0.0260947339915626,NA,0.394580013540145,0,-0.00128234553626679,NA,0.040552370284861,0,-0.0010371435735907,0.000505385202533622,0.00193687496634457,0.0382638190954774,0,"S5","null",500,70,0.500915658514495,114.923646264278,0.3,0,0,"none",0,73,0
0.145013335143535,-0.00880368846029142,0.99999207769445,1,0.0256644298575552,NA,0.398378361734482,0,0.000187817072485236,NA,0.0326725816015476,0,0.000223511185624953,0.00106986677877796,0.00198798626701652,0.0398140703517588,0,"S5","null",500,70,0.500915658514495,136.56922109032,0.3,0,0,"none",0,74,0
0.142716848738289,-0.0165839184696525,0.999999592537385,1,0.0310085030592166,NA,0.505165879847612,0,0.000653124377211115,NA,0.0354695423519892,0,0.00276950347726923,-0.00139964925341789,0.00305031205463329,0.0598241206030151,0,"S5","null",500,70,0.500915658514495,137.590700172112,0.3,0,0,"none",0,75,0
0.128674857809585,0.0341232714555393,0.999994908923399,1,-0.03024316201036,NA,0.461063804860286,0,-0.00175321974816027,NA,0.045715107505072,0,-0.000375259844786014,0.000344772646596354,0.00176553918320184,0.0339145728643216,0,"S5","null",500,70,0.500915658514495,134.067781526447,0.3,0,0,"none",0,76,0
0.103570295636407,-0.0269614723228206,0.999930668637572,1,0.0163919351964132,NA,0.279638669819231,0,5.40025464013258e-05,NA,0.0324403228230406,0,0.00179669195713113,-0.000233255994568141,0.00157648172515687,0.0430251256281407,0,"S5","null",500,70,0.500915658514495,166.322225191846,0.3,0,0,"none",0,77,0
0.146414756070046,-0.00286851528119123,0.999996998302506,1,0.000978363458588522,NA,0.0154693252609439,0,-0.000970971038053236,NA,0.037771969533394,0,-0.000317225097229143,0.00113503117026666,0.00144669910321534,0.0409221105527638,0,"S5","null",500,70,0.500915658514495,123.272371248875,0.3,0,0,"none",0,78,0
0.131185318922082,-0.00333004514647857,0.999995005574069,1,0.0419226259418066,NA,0.675021267684357,0,0.0016648970386513,NA,0.0479789956649391,0,0.00769607621593458,0.0030626379544006,0.00491711057891016,0.116638190954774,0,"S5","null",500,70,0.500915658514495,179.739763993139,0.3,0,0,"none",0,79,0
0.165051587047212,0.012341313562108,0.999999693916968,1,0.0207347011983017,NA,0.305237321596106,0,0.000112162640846436,NA,0.032484946879821,0,-0.000207844613150814,-0.000150741953186725,0.00151363873154551,0.0315979899497487,0,"S5","null",500,70,0.500915658514495,107.090122526418,0.3,0,0,"none",0,80,0
0.147473718447588,-0.0101992756178573,0.999993696985599,1,0.0609380433098514,NA,0.778900690044442,0,0.00130455910623541,NA,0.0413702983951345,0,0.00983414920137832,0.00370371183915839,0.00769714965518156,0.125502512562814,0,"S5","null",500,70,0.500915658514495,143.804684336905,0.3,0,0,"none",0,81,0
0.137790105689395,-0.0300050593918078,0.999999753758364,1,0.041716524189711,NA,0.634881675616594,0,0.00122074123510117,NA,0.0411240392131559,0,0.00246569195974288,-0.00270457849881924,0.00407767327562491,0.0744572864321608,0,"S5","null",500,70,0.500915658514495,130.258686162915,0.3,0,0,"none",0,82,0
0.101428925077025,0.0137678391328397,0.999832182098088,1,0.0434794482475664,NA,0.687171149875817,0,0.000604149334313172,NA,0.0350384542724363,0,0.0111501487273017,0.00471291648919524,0.00583492562765009,0.150773869346734,0,"S5","null",500,70,0.500915658514495,162.088012719782,0.3,0,0,"none",0,83,0
0.138494043702299,-0.0139517744131681,0.999993707955164,1,-0.00779447245100534,NA,0.123854549029584,0,-0.000603588636503866,NA,0.0350500967467065,0,0.00062095987102409,0.00248105756622301,0.00254709597272916,0.0514422110552764,0,"S5","null",500,70,0.500915658514495,142.510995022698,0.3,0,0,"none",0,84,0
0.154528097767857,0.0141823296262227,0.999998385795174,1,-0.0525954979964129,NA,0.656136017554351,0,-0.00415976189235213,NA,0.0656612365949457,0,-0.0843300165501022,0.0453504970270952,0.0139644849791109,0.692057788944724,1,"S5","null",500,70,0.500915658514495,104.504785809605,0.3,0,0,"none",0,85,0
0.171961547028512,0.00155236641900586,0.999999950973785,1,0.053574438353496,NA,0.685186076952294,0,0.00410358513413088,NA,0.0674799016499735,0,0.00171525209784923,-0.00640892130953215,0.00565384434599236,0.121718592964824,0,"S5","null",500,70,0.500915658514495,106.225332436825,0.3,0,0,"none",0,86,0
0.0973342266140793,0.0127739486325735,0.998992956057798,1,0.0360118026430217,NA,0.59739494313861,0,0.00207770555518663,NA,0.053787961940685,0,0.00873958603553587,0.00252948988903635,0.00514023210463633,0.124489949748744,0,"S5","null",500,70,0.500915658514495,174.327578460675,0.3,0,0,"none",0,87,0
0.115429314571915,-0.00807271514228824,0.99983560972212,1,0.0295682453475833,NA,0.481734330934499,0,0.000870504755903623,NA,0.0378654828575255,0,0.00563290383522004,0.00450533014574655,0.00636028612946396,0.108422110552764,0,"S5","null",500,70,0.500915658514495,157.161087955671,0.3,0,0,"none",0,88,0
0.128115745537445,-0.00730725452849681,0.99988350931569,1,-0.0338166304519389,NA,0.48603173846639,0,-0.00106318580355817,NA,0.0382690863438795,0,-0.0187591711132896,0.0188185341107449,0.0124428300439775,0.301929648241206,0,"S5","null",500,70,0.500915658514495,121.489718350517,0.3,0,0,"none",0,89,0
0.181974957685323,0.000569894040598396,0.999999997562679,1,0.092074605197339,NA,0.93826289835667,0,0.00264250568952818,NA,0.0540890016427725,0,0.0202385462963719,0.0123901762742689,0.00775188060638833,0.26227135678392,0,"S5","null",500,70,0.500915658514495,117.914504987956,0.3,0,0,"none",0,90,0
0.138988954709458,-0.00516504289107678,0.999989287663413,1,0.0196317448731972,NA,0.315832847228587,0,0.00129753201322982,NA,0.0410886613069231,0,0.000715343130189432,-0.000537880441062727,0.00202268729608873,0.039070351758794,0,"S5","null",500,70,0.500915658514495,125.894546490099,0.3,0,0,"none",0,91,0
0.164002831772286,0.0176385592131994,0.999999878637086,1,0.0289226273333408,NA,0.415781022502238,0,0.00180976271339583,NA,0.0453958895583133,0,0.00308122226244564,-0.000753160246799241,0.00183458513341294,0.0548366834170854,0,"S5","null",500,70,0.500915658514495,115.615322077788,0.3,0,0,"none",0,92,0
0.195139540750095,0.0171456478709573,0.999999999991832,1,0.123244467607266,NA,0.988816479759513,1,0.09250114544169,NA,0.73696967874995,1,0.151812941112454,0.0307363977793068,0.0110078929816504,0.927208542713568,1,"S5","null",500,70,0.500915658514495,136.513801072213,0.3,0,0,"none",0,93,0
0.139888252158612,-0.00718534975726764,0.9999919768212,1,-0.00771458933957488,NA,0.127871100994285,0,-0.00022185386498748,NA,0.0328121970276989,0,0.000288318039910035,0.000933100426189164,0.00171313906187628,0.0378618090452261,0,"S5","null",500,70,0.500915658514495,134.176772005508,0.3,0,0,"none",0,94,0
0.130979414625275,-0.0105962994838537,0.999954758725006,1,-0.0439692088619394,NA,0.609097336511931,0,-0.0013324353996713,NA,0.0411847906210044,0,-0.013981432115667,-0.011575463037257,0.00909091714034908,0.225489949748744,0,"S5","null",500,70,0.500915658514495,121.428036500252,0.3,0,0,"none",0,95,0
0.105280841979456,0.0160067304082329,0.999538082051667,1,0.00931121222287461,NA,0.156048083255888,0,0.000925254816238842,NA,0.0382915519087419,0,0.0031802944469059,0.00018611705541163,0.00225936724340179,0.0586206030150754,0,"S5","null",500,70,0.500915658514495,154.85924055286,0.3,0,0,"none",0,96,0
0.140632570554721,-0.0218671476259814,0.999996712058681,1,-0.00474368812840541,NA,0.0760484153064838,0,-0.000689047691755086,NA,0.0354292957333422,0,-0.0009392004239757,-0.00307178570893543,0.00325428114041794,0.0699798994974874,0,"S5","null",500,70,0.500915658514495,116.869424094013,0.3,0,0,"none",0,97,0
0.139391125562594,-0.0185005893554912,0.999996837971515,1,0.0231804587033066,NA,0.378884521108939,0,0.00138739699536027,NA,0.0426752314511617,0,0.000897798686163209,-0.000852033896531404,0.0017861233148146,0.0394371859296482,0,"S5","null",500,70,0.500915658514495,150.783838789686,0.3,0,0,"none",0,98,0
0.10760393265593,-0.000164975082167223,0.999675721416169,1,-0.0230456650181714,NA,0.410730313325051,0,-0.00124523487274313,NA,0.0425012066812527,0,-0.00311246525057198,0.000927749278817451,0.00273239995869032,0.0595628140703518,0,"S5","null",500,70,0.500915658514495,164.971720524311,0.3,0,0,"none",0,99,0
0.0814295502581117,0.00446428922759741,0.984813087250248,1,-0.0603560356484475,NA,0.795836630519615,0,-0.0269775536828792,NA,0.278776412214371,0,-0.00358087238915458,-0.0011588593146167,0.0022701134656155,0.0627437185929648,0,"S5","null",500,70,0.500915658514495,131.469880527706,0.3,0,0,"none",0,100,0
0.0894712463210414,-0.00365216026780548,0.999355518598779,1,0.0192970402884166,NA,0.410570714748277,0,0.000295546538477723,NA,0.034346606034538,0,-3.46180535209717e-05,-0.00384367142418257,0.00573988705947859,0.106452261306533,0,"S5","null",500,70,0.500915658514495,260.298230829554,0.6,0,0,"none",0,1,0
0.088777975934027,-0.000193456008963968,0.99883137331038,1,0.00228896958515358,NA,0.0478052839710796,0,0.000831206261113805,NA,0.0415239810700838,0,0.000594534711515412,6.68220006413796e-05,0.00154488868637935,0.0332311557788945,0,"S5","null",500,70,0.500915658514495,214.631921004533,0.6,0,0,"none",0,2,0
0.0981758573199447,0.0100732069713138,0.999857920031109,1,0.0169660560965637,NA,0.356628803216167,0,0.0014543063747425,NA,0.053233002756556,0,0.00279420014439125,0.00054760766493968,0.00244709951604558,0.0615050251256281,0,"S5","null",500,70,0.500915658514495,233.08709315946,0.6,0,0,"none",0,3,0
0.122670822454575,-0.000302205873965973,0.999998163944857,1,0.0276863233769483,NA,0.554112113901618,0,0.00104282096851523,NA,0.0452776934751389,0,0.00448013407163436,-0.00122847662276267,0.00463353295550835,0.0889899497487437,0,"S5","null",500,70,0.500915658514495,225.617681557332,0.6,0,0,"none",0,4,0
0.118595096057497,-0.00191375019121546,0.999991848625774,1,0.0126021789386746,NA,0.252759349904666,0,0.00103550677253558,NA,0.0440463796216908,0,0.000376339057022068,-0.0020336770867891,0.0028639617027403,0.0741407035175879,0,"S5","null",500,70,0.500915658514495,196.276098269793,0.6,0,0,"none",0,5,0
0.0884495404632582,0.0103996605036086,0.99965386286162,1,0.0094465937683477,NA,0.216232280348409,0,0.000213334744974971,NA,0.033372749577419,0,0.00126774752246754,0.000145788919469344,0.00153051432417645,0.0419346733668342,0,"S5","null",500,70,0.500915658514495,259.225110317468,0.6,0,0,"none",0,6,0
0.0665602734001726,-0.00284607319071224,0.986214854623123,1,0.011364923355685,NA,0.255765144999932,0,0.0003930730144922,NA,0.035244912078107,0,0.000293582483830104,0.00119007459972464,0.00222113487311738,0.0520502512562814,0,"S5","null",500,70,0.500915658514495,223.642678653012,0.6,0,0,"none",0,7,0
0.0831856603994446,0.0167114950609184,0.999317934211503,1,0.00225002426610929,NA,0.0486765305579093,0,-3.9034709167037e-05,NA,0.0324431118990153,0,0.000283237955812478,0.000551733335072259,0.00146283390804652,0.0361180904522613,0,"S5","null",500,70,0.500915658514495,219.80097238931,0.6,0,0,"none",0,8,0
0.0897429394665235,-0.0056927805573651,0.997480225988125,1,-0.0179378844663626,NA,0.365924782917952,0,-0.00403230654422002,NA,0.0971793545864344,0,-0.00131708963204204,-0.00136423086779634,0.0022425311678709,0.0531155778894472,0,"S5","null",500,70,0.500915658514495,216.242557277049,0.6,0,0,"none",0,9,0
0.118275132642544,-0.00933103391687923,0.99998011002678,1,0.0383066156425383,NA,0.686479023696342,0,0.000460835007605805,NA,0.0354810087268283,0,0.00325324975476063,-0.00141582455613067,0.00322446682499361,0.0739773869346734,0,"S5","null",500,70,0.500915658514495,244.940109713608,0.6,0,0,"none",0,10,0
0.117517394000228,0.00572027306517214,0.99999073387344,1,0.0359058889359491,NA,0.67287514833115,0,0.00473128649135852,NA,0.112151400489658,0,0.00203623142447102,0.000847030141906777,0.0022265198818559,0.057143216080402,0,"S5","null",500,70,0.500915658514495,227.511261315669,0.6,0,0,"none",0,11,0
0.0988838418890515,-0.00195274799043152,0.99930793262423,1,0.0260598829174072,NA,0.503386077402874,0,0.00216697171066066,NA,0.0662625829231323,0,0.00641767723023227,0.00112181855872439,0.00461735705267275,0.101959798994975,0,"S5","null",500,70,0.500915658514495,242.740880863124,0.6,0,0,"none",0,12,0
0.0346182898467922,0.0147171014734133,0.735278143514446,0,-0.0819242533523233,NA,0.945091713515769,0,-0.0428359262448232,NA,0.495437717372374,0,-0.0730708716905544,0.00920765411216326,0.0156678996399264,0.617394472361809,1,"S5","null",500,70,0.500915658514495,190.248120341156,0.6,0,0,"none",0,13,0
0.12786160626179,0.0123223663216174,0.999994694548084,1,0.0250125210528878,NA,0.455666795441192,0,-0.000145676047580644,NA,0.0327370534573428,0,0.000879864375255292,-0.000383219788627279,0.00179414063740062,0.0348291457286432,0,"S5","null",500,70,0.500915658514495,204.046809471962,0.6,0,0,"none",0,14,0
0.0842738731634701,0.0213928483705911,0.999837228824834,1,-0.00264413002850817,NA,0.055800738298057,0,0.000115396565000465,NA,0.032665865187906,0,0.00217430311460359,0.0053079833314587,0.00580082495192856,0.143273869346734,0,"S5","null",500,70,0.500915658514495,211.028760996086,0.6,0,0,"none",0,15,0
0.0952007125480656,-0.0104944981941757,0.999325704458488,1,-0.0336406019271589,NA,0.595460229908659,0,-0.00625551574212328,NA,0.119725280846059,0,-0.00647482344906845,-0.00291648785141219,0.0047685901638255,0.113949748743719,0,"S5","null",500,70,0.500915658514495,193.047178959816,0.6,0,0,"none",0,16,0
0.0494587665466303,0.0150979664611027,0.970469679192519,1,-0.00795729199974326,NA,0.172069378482154,0,-0.00044771611249021,NA,0.0354878391635313,0,-0.000972092486979162,0.00173841357019921,0.00277838316059298,0.068143216080402,0,"S5","null",500,70,0.500915658514495,204.082047260105,0.6,0,0,"none",0,17,0
0.0980423027304026,-0.00950005883977689,0.999828284955298,1,0.00895579180086869,NA,0.193811042999243,0,0.000474054751373452,NA,0.0360030485148589,0,0.000210922993159278,0.000507990229491074,0.00118776324458967,0.0372587939698492,0,"S5","null",500,70,0.500915658514495,213.409081701871,0.6,0,0,"none",0,18,0
0.0602073025439083,-0.00238950676610494,0.940538547388844,0,-0.0631468170686276,NA,0.887507687709787,0,-0.011544524925133,NA,0.198422969588917,0,-0.02736919917672,-0.0015550823312373,0.0122540605995104,0.301221105527638,0,"S5","null",500,70,0.500915658514495,190.554892693874,0.6,0,0,"none",0,19,0
0.0805796773760981,0.00867219639430877,0.997869306049818,1,0.00165584628259066,NA,0.0375083759178787,0,0.000375165132505385,NA,0.0351536726075389,0,0.00113494690894405,0.000485668765874172,0.00187050068541761,0.0436507537688442,0,"S5","null",500,70,0.500915658514495,261.863831544959,0.6,0,0,"none",0,20,0
0.117272602670577,-0.00399827553225163,0.999996312678935,1,0.0389012145719236,NA,0.708728750543252,0,0.00165978767054745,NA,0.056621757258732,0,0.00784678505374593,-0.000149330061560047,0.00419102579515483,0.116713567839196,0,"S5","null",500,70,0.500915658514495,222.411720934637,0.6,0,0,"none",0,21,0
0.0941403848149274,0.00425936879595969,0.999351380376463,1,0.0123800679238486,NA,0.259081738956896,0,0.000864737709291724,NA,0.0420753716755719,0,0.00485289248706909,0.00872841896677044,0.00904320013762525,0.198798994974874,0,"S5","null",500,70,0.500915658514495,229.960470655842,0.6,0,0,"none",0,22,0
0.133144395325461,0.00143584393213644,0.999999486646351,1,0.0477926065106182,NA,0.786894471146837,0,0.00678012943834912,NA,0.135934424096439,0,0.00203893419792479,-0.000402800737848948,0.00249407759637267,0.0492638190954774,0,"S5","null",500,70,0.500915658514495,214.197065678267,0.6,0,0,"none",0,23,0
0.0572350930063289,-0.012154403798362,0.970542991453597,1,-0.0192174152622655,NA,0.387416813900805,0,-0.00499986476383431,NA,0.105464566441729,0,0.000559992630152698,-0.001350375077462,0.00257132410558824,0.0565,0,"S5","null",500,70,0.500915658514495,268.365334638246,0.6,0,0,"none",0,24,0
0.0617006307299882,-0.00154894305524313,0.964037638875616,1,-0.0296495845829428,NA,0.594484622974448,0,-0.00264317683280817,NA,0.0763093038873681,0,-0.0012505734818344,-0.00057499373630202,0.00209419283852339,0.043464824120603,0,"S5","null",500,70,0.500915658514495,257.184864997971,0.6,0,0,"none",0,25,0
0.080836278561838,0.000757134946182662,0.995853915535191,1,-0.0100720396249398,NA,0.209769570620937,0,0.000149738070810739,NA,0.0328755463117127,0,-0.000887018753142898,-0.00183073563330685,0.00240038849337797,0.0668793969849246,0,"S5","null",500,70,0.500915658514495,241.657631205949,0.6,0,0,"none",0,26,0
0.137583108799224,-0.00938535111385466,0.99999711767657,1,0.034426542707609,NA,0.592912179515619,0,0.00137162545323762,NA,0.0491060358809254,0,0.00131682695876799,-0.000283299570702769,0.00202544657985695,0.0420125628140703,0,"S5","null",500,70,0.500915658514495,204.77069690025,0.6,0,0,"none",0,27,0
0.114732138976084,-0.00532781835501318,0.999984269240431,1,0.00667332503115613,NA,0.143934234684323,0,-0.000276859064049321,NA,0.0337207663976756,0,0.000163305916838075,-0.000589714989704929,0.00139532955686315,0.0377713567839196,0,"S5","null",500,70,0.500915658514495,229.191602622785,0.6,0,0,"none",0,28,0
0.0847716579327357,0.000811460967664745,0.998527484865087,1,0.00904189826474143,NA,0.204745190239641,0,0.000751886843020425,NA,0.0416269069266356,0,0.000145767553756327,6.00417594730434e-05,0.00146595729160252,0.032605527638191,0,"S5","null",500,70,0.500915658514495,258.787208632492,0.6,0,0,"none",0,29,0
0.0623568953649878,-0.00831428778982295,0.973456705042004,1,0.016242976255597,NA,0.35898005219677,0,1.75298052405808e-05,NA,0.0324214480102833,0,0.000812612136234771,3.85667333848433e-05,0.00151988483585348,0.0353743718592965,0,"S5","null",500,70,0.500915658514495,215.519167972333,0.6,0,0,"none",0,30,0
0.0869417858917238,0.00456440482707092,0.99921965989196,1,0.0161775626918369,NA,0.356719554593895,0,0.00044112193098566,NA,0.0361804954394687,0,0.00069729675873366,0.00059483167404852,0.00170076484284525,0.042286432160804,0,"S5","null",500,70,0.500915658514495,283.163099606083,0.6,0,0,"none",0,31,0
0.0981304399098126,-0.0129238755508566,0.999830389534998,1,0.0115818949726478,NA,0.23516952097732,0,-0.000405014539310315,NA,0.0348216942140883,0,-0.00185407729842679,-0.00288911215106672,0.0043253158203908,0.0870603015075377,0,"S5","null",500,70,0.500915658514495,234.073656967809,0.6,0,0,"none",0,32,0
0.0757012064944377,0.0023870700579802,0.991365151212017,1,-0.0156836157608493,NA,0.325504709166341,0,3.90457039062608e-05,NA,0.03244686613269,0,-0.00086215645085626,0.00102747320910947,0.00234086824914134,0.0496281407035176,0,"S5","null",500,70,0.500915658514495,210.871214227422,0.6,0,0,"none",0,33,0
0.0949925202330489,0.0131637022368056,0.999750114974121,1,0.0237404736696723,NA,0.462036823846347,0,0.00166622681889779,NA,0.0560810320446882,0,0.00331342545631032,0.000940997217506659,0.0030900007166404,0.0679447236180905,0,"S5","null",500,70,0.500915658514495,221.353123169638,0.6,0,0,"none",0,34,0
0.095867633823935,0.00470724065063477,0.999556824859281,1,0.00411839270223213,NA,0.0889726586191112,0,-0.000189115437849125,NA,0.0330695888149176,0,0.000448952724170071,0.000577011475949142,0.00228839233104954,0.0433040201005025,0,"S5","null",500,70,0.500915658514495,213.891310855354,0.6,0,0,"none",0,35,0
0.137378740710714,0.0165651112030336,0.999999992248737,1,0.0483853088276559,NA,0.795694153196793,0,0.0131763124028124,NA,0.232486578195131,0,0.00785398268374375,0.00148455083403922,0.0055935855851945,0.120042713567839,0,"S5","null",500,70,0.500915658514495,215.592389538015,0.6,0,0,"none",0,36,0
0.107267394474585,0.0107360110630019,0.999835493178062,1,-0.0120280247869209,NA,0.220965125391556,0,-0.00316741684642341,NA,0.0720028512581254,0,-0.00463853531839223,0.0046741627423903,0.00708816312685615,0.128668341708543,0,"S5","null",500,70,0.500915658514495,200.729396323116,0.6,0,0,"none",0,37,0
0.075182754351741,-0.00196784295543739,0.985076168771074,1,-0.0088483150463635,NA,0.175523471038052,0,0.000766222014590477,NA,0.0399029551509516,0,-0.000237347401270569,6.28728901147058e-05,0.00150986868873852,0.0308643216080402,0,"S5","null",500,70,0.500915658514495,231.355927283343,0.6,0,0,"none",0,38,0
0.0897661221462162,-0.00383612517706217,0.999121435126769,1,0.0376685182002396,NA,0.719885257143089,0,0.00777267288241868,NA,0.163531940517631,0,0.00287913747474189,-0.000532393706973091,0.00380717614558181,0.0638316582914573,0,"S5","null",500,70,0.500915658514495,262.39447373615,0.6,0,0,"none",0,39,0
0.0777106629215823,0.00209953543446303,0.992654853449031,1,-0.0207169956400081,NA,0.414332560345752,0,-0.000180618663869557,NA,0.0330829863985803,0,-0.0028054701441295,0.000464569952539146,0.00224271813160513,0.0620778894472362,0,"S5","null",500,70,0.500915658514495,219.958457174207,0.6,0,0,"none",0,40,0
0.146289885771098,0.0135235079822744,0.999999988666634,1,0.0463733173741581,NA,0.757069538210854,0,0.00316946181872304,NA,0.0793926145439684,0,0.00470581156373874,0.000573467317904257,0.00378993224292022,0.0785301507537688,0,"S5","null",500,70,0.500915658514495,181.535271001237,0.6,0,0,"none",0,41,0
0.117800351333259,-0.0093522977229958,0.999992163320631,1,-0.00613274933992187,NA,0.123522295611984,0,-0.00077389179127629,NA,0.0397764275759242,0,-0.00111910782875244,-0.00046238480690588,0.00176997087119596,0.0405376884422111,0,"S5","null",500,70,0.500915658514495,223.549409047412,0.6,0,0,"none",0,42,0
0.0576899599769391,0.00385894166496078,0.963166557328544,1,-0.0274006729169332,NA,0.566592781171929,0,-0.0021212927088902,NA,0.065773018499778,0,-0.00672521857779204,0.000665434872690017,0.00443500910198969,0.11451256281407,0,"S5","null",500,70,0.500915658514495,191.587526759133,0.6,0,0,"none",0,43,0
0.0846167519857342,-0.00863109810238824,0.999139011221106,1,-0.00249754127625693,NA,0.059061924651306,0,7.56949688378352e-06,NA,0.0324166456956477,0,9.82965459336124e-05,-6.23855086649323e-05,0.00139388406088451,0.0309974874371859,0,"S5","null",500,70,0.500915658514495,259.116808920891,0.6,0,0,"none",0,44,0
0.12141150158852,0.00237878049270053,0.999996670671793,1,0.0176132306780196,NA,0.361105455102539,0,0.000297826261012715,NA,0.0338962196822023,0,-0.000118047314933316,-0.00478943972023412,0.0057528270697695,0.120773869346734,0,"S5","null",500,70,0.500915658514495,202.80272349055,0.6,0,0,"none",0,45,0
0.0565901171826776,-0.0198539313844638,0.986842238374308,1,-0.0397868936174071,NA,0.692286308468779,0,-0.00242669758876931,NA,0.0663629864731167,0,-0.0103086382751365,-0.00257611660011113,0.00683515207345867,0.148494974874372,0,"S5","null",500,70,0.500915658514495,209.768299847071,0.6,0,0,"none",0,46,0
0.0897780354848895,-0.00100920424859232,0.996260093998397,1,-0.00628114558309804,NA,0.125824513529417,0,-0.00036542394733721,NA,0.0344900296754152,0,-0.000369748322593603,-8.51832535942715e-05,0.00157394514259334,0.0322914572864322,0,"S5","null",500,70,0.500915658514495,219.928946589412,0.6,0,0,"none",0,47,0
0.0908855099150803,0.0163279423895322,0.999827719796027,1,0.020357987181825,NA,0.430583908323466,0,0.00132252252002726,NA,0.05087676086653,0,0.00189615895241569,0.00160124503652166,0.00344898151653961,0.0683994974874372,0,"S5","null",500,70,0.500915658514495,259.286586339341,0.6,0,0,"none",0,48,0
0.133321589671993,-0.0138682286609974,0.999998219910476,1,0.0476656917316332,NA,0.743725161281953,0,0.000822265955555091,NA,0.0398529975491106,0,0.00716567454667275,-0.0004120848423484,0.00565875195138063,0.101768844221106,0,"S5","null",500,70,0.500915658514495,196.940620734716,0.6,0,0,"none",0,49,0
0.131140590993036,-0.00132296989269721,0.999999727677872,1,0.0207622111662988,NA,0.42084658066508,0,-0.000310179572741955,NA,0.0339373345593398,0,0.00181256788787851,-0.00139391060547591,0.00225896521772243,0.0622738693467337,0,"S5","null",500,70,0.500915658514495,211.17720232521,0.6,0,0,"none",0,50,0
0.0738009336262341,0.00264954180003267,0.985058411300485,1,-0.0217919201566795,NA,0.441761057223382,0,-0.00138272556259517,NA,0.0505034004436852,0,0.000195476590090561,-0.000273041361034087,0.00172420674233602,0.0343291457286432,0,"S5","null",500,70,0.500915658514495,238.264051007498,0.6,0,0,"none",0,51,0
0.0998542662991295,-0.00601855988236631,0.999872154843469,1,0.0300200233599382,NA,0.591965079557487,0,0.000487705654344375,NA,0.0368233010540759,0,0.0055792351813772,0.00422301370356035,0.00662036024615018,0.141942211055276,0,"S5","null",500,70,0.500915658514495,271.672613311619,0.6,0,0,"none",0,52,0
0.0490405168864922,0.000881580780777692,0.85501016796608,0,-0.0551637116479142,NA,0.866565906351453,0,-0.00358282252148674,NA,0.0909393023537987,0,-0.0197715741336137,0.0036669205751973,0.0102474419372118,0.258484924623116,0,"S5","null",500,70,0.500915658514495,245.382044134077,0.6,0,0,"none",0,53,0
0.116073344740631,0.0176602841472297,0.99999224001054,1,0.0108984083724055,NA,0.217626845328556,0,0.000939996949500789,NA,0.0422152463920309,0,0.00234417128094686,0.000292729712841119,0.00361169976897147,0.0546633165829146,0,"S5","null",500,70,0.500915658514495,220.454526224697,0.6,0,0,"none",0,54,0
0.0607752589118947,0.0390583872344101,0.99991089037155,1,-0.0576574954354865,NA,0.839869501045753,0,-0.00255182111892459,NA,0.0664590923815405,0,-0.0076589827543062,0.00797407746935137,0.00692928120116937,0.215841708542714,0,"S5","null",500,70,0.500915658514495,188.683582866073,0.6,0,0,"none",0,55,0
0.0523964684029602,0.00380272103745119,0.90935508699475,0,-0.0162564000714752,NA,0.352592083909221,0,-3.01732174299383e-05,NA,0.0324342253292887,0,-0.00528512248556251,0.00390233821862731,0.00563234914297033,0.143017587939698,0,"S5","null",500,70,0.500915658514495,250.943715108005,0.6,0,0,"none",0,56,0
0.121049878758269,0.0043803549554881,0.999993392343864,1,0.0309350526317866,NA,0.586311016129671,0,0.00132627334880301,NA,0.0505638275711428,0,0.00421237909665137,0.000356150893283697,0.00364976171419314,0.0732110552763819,0,"S5","null",500,70,0.500915658514495,214.607249714096,0.6,0,0,"none",0,57,0
0.139578016612448,-0.00246555449676857,0.999999570050329,1,0.00696620837435237,NA,0.135310254076947,0,-0.000159811252265864,NA,0.032786704081861,0,-0.000592407574471358,-0.000517328484429212,0.0012568317665457,0.0378165829145729,0,"S5","null",500,70,0.500915658514495,185.27201477996,0.6,0,0,"none",0,58,0
0.10757192916751,0.00954161968898452,0.999818579502623,1,-0.0383472384872307,NA,0.669270764061302,0,-0.0521516070838666,NA,0.60937812873618,1,-0.024739061646418,0.0132835805608336,0.0149390772962428,0.353452261306533,0,"S5","null",500,70,0.500915658514495,189.231942059611,0.6,0,0,"none",0,59,0
0.0125777044651685,0.00364780083141902,0.168503513289421,0,-0.073726777952466,NA,0.941082141004328,0,-0.0598880748062092,NA,0.687009101928832,1,-0.0353451645581857,0.00651828274940594,0.013286922148578,0.383447236180905,0,"S5","null",500,70,0.500915658514495,209.733639253774,0.6,0,0,"none",0,60,0
0.0615975795823097,0.0110519266134536,0.973714629642039,1,-0.0424927998265697,NA,0.740747176089588,0,-0.00882409927727265,NA,0.163188649402031,0,-0.00281791376610751,-1.73646575185996e-06,0.00239873707693594,0.0554824120603015,0,"S5","null",500,70,0.500915658514495,207.361888037981,0.6,0,0,"none",0,61,0
0.102288048725798,0.0236323763494443,0.999985594431353,1,-0.00460989747542621,NA,0.0995206794687394,0,-0.00051950495777934,NA,0.036805514804693,0,0.000919639907351023,0.00878018768251513,0.0110965205110383,0.216482412060301,0,"S5","null",500,70,0.500915658514495,214.804021961336,0.6,0,0,"none",0,62,0
0.0850636342797214,0.000227349600597768,0.995269392993141,1,-0.0249905269961175,NA,0.473112829732159,0,-0.000948506637904108,NA,0.0424618413812812,0,-0.00194858178369501,0.000477436488277058,0.0028881409174825,0.050035175879397,0,"S5","null",500,70,0.500915658514495,216.207156717361,0.6,0,0,"none",0,63,0
0.0823806470517547,-0.00362152693120697,0.996735446887227,1,0.00884730051307399,NA,0.194445344251579,0,0.000587003672513178,NA,0.0380384225902902,0,0.000833540182573546,-0.00143595971143478,0.0024018282743055,0.0605100502512563,0,"S5","null",500,70,0.500915658514495,238.207431727308,0.6,0,0,"none",0,64,0
0.0848376314760039,-0.0125476086220866,0.998298351684681,1,0.0110435981891411,NA,0.2428585068856,0,0.000206720842221412,NA,0.033310836906512,0,0.00151402505989496,0.0004064248981993,0.00188867880756837,0.045321608040201,0,"S5","null",500,70,0.500915658514495,269.966667071986,0.6,0,0,"none",0,65,0
0.0663059243159278,-0.00742549804586917,0.986495617365013,1,-0.0146443248956934,NA,0.32340034703962,0,-0.000315886849501712,NA,0.0344837390730671,0,-0.000343063936834615,-0.000614083492155091,0.00187711477428284,0.0420603015075377,0,"S5","null",500,70,0.500915658514495,259.899066641392,0.6,0,0,"none",0,66,0
0.0870785531973609,0.00499204729405814,0.997866833077217,1,-0.0126076560951104,NA,0.269013246157188,0,-5.38136060835596e-05,NA,0.0324776385028142,0,-0.000181107806038048,-0.000468364057001642,0.00199816391452093,0.0381155778894472,0,"S5","null",500,70,0.500915658514495,213.816653917916,0.6,0,0,"none",0,67,0
0.0841101825612624,0.0236194260528658,0.999940642852221,1,0.0242475319630657,NA,0.512650940174697,0,0.00161389302843981,NA,0.0575404938959447,0,0.0208220502860561,0.0386185017963114,0.0169477743010883,0.766329145728643,1,"S5","null",500,70,0.500915658514495,245.809530832753,0.6,0,0,"none",0,68,0
0.0713858867162561,0.00759591593584411,0.989931350338379,1,-0.00895614980372144,NA,0.191972306905546,0,-0.000562435058534829,NA,0.0374000007173739,0,-0.00159568522779479,-0.000140226160057478,0.00213274646621058,0.0444396984924623,0,"S5","null",500,70,0.500915658514495,227.063965881901,0.6,0,0,"none",0,69,0
0.07772727682831,-0.00432166819275225,0.996042897106262,1,-0.000535377667259415,NA,0.0118443161617221,0,-0.00306332866014794,NA,0.0758343776779496,0,0.00360208345960595,-0.00385470164796693,0.00541202889371153,0.123208542713568,0,"S5","null",500,70,0.500915658514495,232.001219427611,0.6,0,0,"none",0,70,0
0.0763806332204241,9.42688551536589e-05,0.995808416919904,1,-0.017561479341172,NA,0.386534837115152,0,-0.00261985962968567,NA,0.075702968251751,0,-0.00220723878164257,0.000964499530563664,0.00278291683075811,0.058570351758794,0,"S5","null",500,70,0.500915658514495,251.296919268883,0.6,0,0,"none",0,71,0
0.0920442558397101,-0.00585986983178128,0.999346751094005,1,0.0196354876360323,NA,0.413160835389587,0,0.000854701450645953,NA,0.0421373487901215,0,-0.00189202891957476,0.00485982173304579,0.0058269326575885,0.141597989949749,0,"S5","null",500,70,0.500915658514495,234.027561641728,0.6,0,0,"none",0,72,0
0.0808264667206845,-0.00676200005514441,0.998647097242507,1,0.0110095952594871,NA,0.257824708061038,0,-0.000251150837893006,NA,0.0338161754845021,0,0.00100478342488444,0.000647185844105487,0.0020491241089744,0.0458015075376884,0,"S5","null",500,70,0.500915658514495,235.355991173388,0.6,0,0,"none",0,73,0
0.102581502174473,-0.00223731186589553,0.999805436930145,1,0.0157572488070422,NA,0.322750952102627,0,0.00190435751395691,NA,0.0600790206658259,0,0.00176664030748679,0.000578627271164442,0.00271432847002449,0.0522738693467337,0,"S5","null",500,70,0.500915658514495,217.227308732386,0.6,0,0,"none",0,74,0
0.119550766338592,0.000102162779226041,0.999996689843762,1,0.0472913213724064,NA,0.782705498366105,0,0.0193548501359923,NA,0.316278384959112,0,0.00521314495021664,0.00120289990400262,0.00388053428134071,0.0922889447236181,0,"S5","null",500,70,0.500915658514495,178.733525746172,0.6,0,0,"none",0,75,0
0.0808003966929642,-0.0105468782031158,0.999045538664583,1,-0.00195889493245282,NA,0.0439171639132442,0,-0.000507453869676982,NA,0.0368061456636778,0,0.00106185798367666,-0.00399320187641131,0.00603746198275572,0.118605527638191,0,"S5","null",500,70,0.500915658514495,200.542281271625,0.6,0,0,"none",0,76,0
0.116698185351899,0.00795492807333045,0.999993145078049,1,-0.0049132372540981,NA,0.100263537823848,0,5.39994898599861e-05,NA,0.032463440030945,0,-0.000865890191384585,-0.000793500660053669,0.00199234192420335,0.04471608040201,0,"S5","null",500,70,0.500915658514495,174.273258505195,0.6,0,0,"none",0,77,0
0.161130721188034,0.0142767576667457,0.999999999733883,1,0.0731470213187413,NA,0.944491100294082,0,0.00516807226165369,NA,0.107850887875891,0,0.0304665642402217,0.00453505198919328,0.0114930021084266,0.344042713567839,0,"S5","null",500,70,0.500915658514495,226.439006204084,0.6,0,0,"none",0,78,0
0.0681110897083883,0.000528777172677506,0.970929290540091,1,-0.00562891324908633,NA,0.113456922978451,0,-0.000590849565500009,NA,0.0368699095381526,0,-0.000645985051425767,-0.000478097014120222,0.00180462646547465,0.0368793969849246,0,"S5","null",500,70,0.500915658514495,236.725095807409,0.6,0,0,"none",0,79,0
0.114629045145688,0.00686313006401473,0.999995968649081,1,0.0446949366516302,NA,0.796941075995887,0,0.00281873518597863,NA,0.0780034692458838,0,0.00921053294517481,-0.000744152031284647,0.00631076379173942,0.140670854271357,0,"S5","null",500,70,0.500915658514495,253.829437212953,0.6,0,0,"none",0,80,0
0.0779526730918115,-0.00172772856272599,0.992396883110633,1,-0.0318557470837819,NA,0.599175714477261,0,-0.000680147770109245,NA,0.040141388124664,0,-0.00286317247214481,-0.00322688783134176,0.0042551632163602,0.097748743718593,0,"S5","null",500,70,0.500915658514495,240.635147875593,0.6,0,0,"none",0,81,0
0.131264828267737,0.0255866109969797,0.999999997035053,1,0.0628469976703797,NA,0.92611706093869,0,0.00856908646245374,NA,0.168858514404846,0,0.0255828745788291,0.00534125452109114,0.0116917246499891,0.324565326633166,0,"S5","null",500,70,0.500915658514495,218.718522887379,0.6,0,0,"none",0,82,0
0.0593846852386887,-0.0036061818354099,0.960452217871549,1,-0.0464241630892963,NA,0.791962314203365,0,-0.00230125803781576,NA,0.0674244375813681,0,-0.00972515861843466,0.00096868536461107,0.00514781564690243,0.142150753768844,0,"S5","null",500,70,0.500915658514495,208.601996953865,0.6,0,0,"none",0,83,0
0.105224307184139,0.00910470873347806,0.999965657727506,1,0.0281685928854846,NA,0.575677555411722,0,0.000267924427081378,NA,0.0338309977353175,0,0.00143395629237804,0.000563627361761753,0.00251870884175603,0.0472010050251256,0,"S5","null",500,70,0.500915658514495,260.419339603938,0.6,0,0,"none",0,84,0
0.0970945867299016,-0.0139693527626626,0.999841898507274,1,0.00875851499006315,NA,0.166460965542771,0,-0.00132735737764387,NA,0.0483134980018513,0,-0.00281400062836429,-0.00288048992702816,0.00415089196985119,0.083821608040201,0,"S5","null",500,70,0.500915658514495,175.471589104646,0.6,0,0,"none",0,85,0
0.0814021699585329,0.00644118835460423,0.998206173575291,1,-0.0137340587227817,NA,0.309919774097366,0,-0.0013464379135482,NA,0.0535961012101193,0,-0.000987453711834824,0.0051659356539037,0.00610428079582925,0.151972361809045,0,"S5","null",500,70,0.500915658514495,275.364121369054,0.6,0,0,"none",0,86,0
0.0481410743741912,-0.0251012943819858,0.993870856018629,1,-0.0482651419872221,NA,0.779205543051727,0,-0.00638367227160003,NA,0.124372630182662,0,-0.0164836446761427,-0.00807472562413557,0.00911865681026625,0.255057788944724,0,"S5","null",500,70,0.500915658514495,181.386737462157,0.6,0,0,"none",0,87,0
0.0762890954641932,-0.00102506336428011,0.993199515980584,1,-0.0151716294993838,NA,0.326653576910454,0,-0.000254658354611216,NA,0.0337695607826732,0,-0.00136370321023918,-0.000116657977010072,0.00226357915295736,0.0412613065326633,0,"S5","null",500,70,0.500915658514495,237.468858811505,0.6,0,0,"none",0,88,0
0.108711911209631,0.00332501738518502,0.999880529798781,1,0.0226574524359596,NA,0.43859003330504,0,0.000622782698833368,NA,0.0381449266285578,0,0.0013586210725995,-0.000485068032862771,0.0020282470831325,0.0435226130653266,0,"S5","null",500,70,0.500915658514495,207.144672321226,0.6,0,0,"none",0,89,0
0.0930315040616333,0.0182020687606876,0.999345384124364,1,0.00190492788241737,NA,0.0372332229155521,0,-0.000272312885449082,NA,0.0335292456030615,0,-0.000717519357185834,0.00338491555945696,0.00389190127899679,0.093643216080402,0,"S5","null",500,70,0.500915658514495,204.99938713099,0.6,0,0,"none",0,90,0
0.0956669971081974,-0.00681003206518859,0.999316358613753,1,0.00273726214218909,NA,0.0557640213844832,0,-0.000466434783742478,NA,0.0357423859088368,0,-0.000157267753319572,0.000661882082632237,0.00201248287440049,0.038537688442211,0,"S5","null",500,70,0.500915658514495,239.18859684079,0.6,0,0,"none",0,91,0
0.0660459802072418,0.0141360483197314,0.982251407325998,1,-0.0395489023195474,NA,0.670057405450264,0,-0.00155297542129378,NA,0.0520138012659493,0,-0.00358632246005807,0.000476395512497547,0.00352572549684883,0.0660477386934673,0,"S5","null",500,70,0.500915658514495,220.011956244021,0.6,0,0,"none",0,92,0
0.0884111257456714,-0.0191043841628919,0.999715984681962,1,0.013947147741604,NA,0.30558535700886,0,0.00184518011758834,NA,0.0614084583063967,0,0.000902140277389855,-0.000625321703946944,0.0024111472949071,0.0434949748743719,0,"S5","null",500,70,0.500915658514495,235.964942010817,0.6,0,0,"none",0,93,0
0.0675333409407979,0.0105877183981482,0.978169004842629,1,-0.0359691063298754,NA,0.641443792974364,0,-0.00218387587988289,NA,0.0622683888382874,0,-0.00210941705029799,0.00446494825370217,0.00502837439787095,0.12098743718593,0,"S5","null",500,70,0.500915658514495,216.791689969457,0.6,0,0,"none",0,94,0
0.0963943911187276,-0.00569903795487243,0.999766721475306,1,0.00172977100680323,NA,0.0363999008537794,0,-0.0002975163810222,NA,0.0340320834944188,0,0.00555322142079711,-0.00760556290774431,0.00884383159521205,0.18291959798995,0,"S5","null",500,70,0.500915658514495,226.522136593467,0.6,0,0,"none",0,95,0
0.0909976569947524,-0.00597841638055424,0.99883512754162,1,-0.0086087991525044,NA,0.173096703572976,0,-2.99495444768179e-05,NA,0.032430971728805,0,0.000287281057430504,0.000126806961706152,0.00154530715040066,0.0321005025125628,0,"S5","null",500,70,0.500915658514495,200.969711311622,0.6,0,0,"none",0,96,0
0.111146163767805,0.00215635994005,0.999989280511005,1,0.0504911518500373,NA,0.841763043838685,0,0.0126784484239675,NA,0.237962053717669,0,0.00757748801216512,0.000347037717719897,0.0051523707706088,0.117125628140704,0,"S5","null",500,70,0.500915658514495,275.628493965109,0.6,0,0,"none",0,97,0
0.0582569020302056,0.00169292512519179,0.9498982467212,0,-0.0253208734157794,NA,0.497940139467058,0,-0.000899731036363322,NA,0.0425265278698957,0,-0.000832507384722415,-9.75898736365541e-05,0.0017514531759363,0.0345050251256281,0,"S5","null",500,70,0.500915658514495,201.533736235681,0.6,0,0,"none",0,98,0
0.120549645582736,-0.00470109769432469,0.999982513348057,1,0.0349949018183054,NA,0.621465699813007,0,0.00132359784804134,NA,0.0482442039043513,0,0.0035781548595361,-0.00234424471105864,0.00464714147736389,0.094251256281407,0,"S5","null",500,70,0.500915658514495,227.817100280276,0.6,0,0,"none",0,99,0
0.0709150396652048,-0.028587438784473,0.999744693728092,1,-0.0277832274385201,NA,0.532810699717904,0,-0.00264087564065889,NA,0.0698231691516006,0,-0.00383773080513682,-0.0152717903326436,0.0123869803259542,0.358914572864322,0,"S5","null",500,70,0.500915658514495,221.5743858943,0.6,0,0,"none",0,100,0
0.083800598727389,0.00230083514780545,0.999739324993651,1,0.0166703513700796,NA,0.428095573320297,0,-0.000119637961797934,NA,0.0329994976368672,0,0.000986958766275469,0.000519879274520958,0.00194900690727287,0.0472286432160804,0,"S5","null",500,70,0.500915658514495,366.084324885219,0.9,0,0,"none",0,1,0
0.0472336333141264,0.0119419480988667,0.974999679450106,1,-0.0246600349741681,NA,0.599667993379953,0,-0.00129825576839277,NA,0.062479523104538,0,-0.00940375244602448,0.00689901702735761,0.0104560454866571,0.273309045226131,0,"S5","null",500,70,0.500915658514495,375.403084475162,0.9,0,0,"none",0,2,0
0.0548868423289431,0.00175288486806547,0.976827176172968,1,-0.0114179608805819,NA,0.31100855519443,0,-1.72939722958025e-05,NA,0.0324286774517439,0,-0.000327301687013301,0.000186920236883975,0.00175604209782216,0.0328693467336683,0,"S5","null",500,70,0.500915658514495,352.41512850221,0.9,0,0,"none",0,3,0
0.0666048360848345,-0.0116770958266764,0.99737273747998,1,-0.0178072497789926,NA,0.427570136233566,0,-0.000881917467205735,NA,0.0495232518826087,0,-0.00152311180617495,-6.11003790359964e-05,0.00235820948175378,0.0469371859296482,0,"S5","null",500,70,0.500915658514495,354.338182365212,0.9,0,0,"none",0,4,0
0.097452860051669,-0.00329653674866806,0.99998097206652,1,0.0429299856444469,NA,0.843071338353842,0,0.0039843947390762,NA,0.126606321100905,0,0.00549851213872327,-0.00143340535533847,0.0047014730355331,0.114278894472362,0,"S5","null",500,70,0.500915658514495,355.264045784288,0.9,0,0,"none",0,5,0
0.05921597324366,0.00709658299055553,0.990565226072677,1,0.00333040887095286,NA,0.0882460446097635,0,0.000316654011766972,NA,0.0358308062169411,0,-0.000367985004027319,0.000148123913564214,0.00177014723890654,0.0343366834170854,0,"S5","null",500,70,0.500915658514495,343.167585718494,0.9,0,0,"none",0,6,0
0.0508803355926321,0.00119528828162017,0.954416539820732,1,-0.0169321287499311,NA,0.434212226165675,0,-1.89075482484761e-05,NA,0.0324318540365054,0,-0.00186806696967017,0.000816254910259357,0.00207454542790565,0.0626381909547739,0,"S5","null",500,70,0.500915658514495,374.387199769357,0.9,0,0,"none",0,7,0
0.0418152609490181,0.0101029757243761,0.928074047156296,0,-0.0311124317983913,NA,0.702242379131396,0,-0.00257949638914174,NA,0.0930055980730449,0,-0.00198463011794629,0.000352267357423289,0.00296607029514662,0.0569924623115578,0,"S5","null",500,70,0.500915658514495,349.072322258052,0.9,0,0,"none",0,8,0
0.0969426430497446,-0.00816271102341343,0.999990361780284,1,0.0483061685023312,NA,0.903130922289615,0,0.00760170177172022,NA,0.202377640043021,0,0.011289182734294,-1.85002042905898e-05,0.00647171803543585,0.185472361809045,0,"S5","null",500,70,0.500915658514495,345.775264994758,0.9,0,0,"none",0,9,0
0.0942023367897414,-0.0044494721455124,0.999989210527945,1,0.0228789177586675,NA,0.566017122991978,0,0.00416559881972801,NA,0.128982408492752,0,0.00261722191638705,-0.000583683080108722,0.0036385523392766,0.0718090452261307,0,"S5","null",500,70,0.500915658514495,303.573641863386,0.9,0,0,"none",0,10,0
0.106897392860682,0.0023879407391972,0.999999626608757,1,0.0535996889995621,NA,0.940633074567681,0,0.0615127312748198,NA,0.954616904680524,1,0.0416911002204572,-0.000744572351421207,0.0206664446826436,0.542120603015075,1,"S5","null",500,70,0.500915658514495,342.989161291513,0.9,0,0,"none",0,11,0
0.0931929728857166,-0.00980307659273307,0.99999002102396,1,0.0502446094978018,NA,0.917041610600265,0,0.0102017020851701,NA,0.257184759646957,0,0.0132828624487589,-0.00327134815984761,0.00951624515930239,0.250587939698492,0,"S5","null",500,70,0.500915658514495,384.298992481807,0.9,0,0,"none",0,12,0
0.0473570831418537,0.0131912126319313,0.984954104974727,1,-0.0256472916689124,NA,0.618312054608826,0,-0.00511240366704837,NA,0.145933807226677,0,-0.00191231475657808,0.000136467252913855,0.00179353899734122,0.0533492462311558,0,"S5","null",500,70,0.500915658514495,375.394788722049,0.9,0,0,"none",0,13,0
0.0948247350420838,-0.00049961379063393,0.999981412935969,1,0.0401292976200313,NA,0.839501996695735,0,0.00938741293822686,NA,0.239923635172428,0,0.0044316380475325,-0.000892969632077524,0.00409085862298659,0.0994095477386935,0,"S5","null",500,70,0.500915658514495,340.372706951298,0.9,0,0,"none",0,14,0
0.0558216602853008,0.00771838369380979,0.989323729745131,1,-0.00556499179414172,NA,0.16254682634144,0,-0.000350114326405034,NA,0.0370196395601521,0,0.000330361319182644,-8.94361267713133e-05,0.00145793061311357,0.0345778894472362,0,"S5","null",500,70,0.500915658514495,383.581601071224,0.9,0,0,"none",0,15,0
0.0705595288767352,-0.00474806174091966,0.992740982255474,1,-0.0122846683121926,NA,0.285719463857254,0,-0.000451237528859127,NA,0.0373396250052771,0,-0.00187438532275512,0.000946043703388126,0.00258451885280658,0.0708341708542713,0,"S5","null",500,70,0.500915658514495,271.591022145453,0.9,0,0,"none",0,16,0
0.0577386417368437,-0.00413225500053888,0.97615950659313,1,-0.0207837763126555,NA,0.507130506684548,0,-0.00457552788601559,NA,0.137358365832713,0,-0.000834730895522179,-0.000293494459163283,0.00180929891155641,0.0388366834170854,0,"S5","null",500,70,0.500915658514495,399.739922610632,0.9,0,0,"none",0,17,0
0.0894399396251,0.0101461480532158,0.999936117968126,1,0.00334996875427836,NA,0.0836495063652714,0,0.000348660616770669,NA,0.0362938791023759,0,-0.000596826434941142,0.000267874734765295,0.00164045035826888,0.0366231155778894,0,"S5","null",500,70,0.500915658514495,335.323733690175,0.9,0,0,"none",0,18,0
0.064172877845676,0.00208441601892793,0.986635542282879,1,-0.00781875296521726,NA,0.203130511866895,0,-0.000296400642001838,NA,0.0354058075637028,0,-0.00157044985787337,-0.000272673424423819,0.00235569785110264,0.0490050251256281,0,"S5","null",500,70,0.500915658514495,356.834553275659,0.9,0,0,"none",0,19,0
0.0886088117149629,0.0133550675639534,0.999977922689919,1,0.0104363879091406,NA,0.269828772237577,0,0.00107785601957134,NA,0.0549702469544691,0,0.000896098557560312,0.000626750674425772,0.0020355887424868,0.0467763819095477,0,"S5","null",500,70,0.500915658514495,347.224073008604,0.9,0,0,"none",0,20,0
0.0362029683810733,0.0032460016193306,0.799290953180517,0,-0.0354494222916336,NA,0.757722892533393,0,-0.00254668832445301,NA,0.0898817644598624,0,-0.00406119931639766,0.000192270857956807,0.00355483957566297,0.0834748743718593,0,"S5","null",500,70,0.500915658514495,335.428439055169,0.9,0,0,"none",0,21,0
0.0799606787943108,0.00674943979683905,0.999719233271733,1,0.0293183274001027,NA,0.683017435201345,0,0.00410033048884218,NA,0.129311836439791,0,0.00141258167127963,-0.000263790880839549,0.00211370762967295,0.0489723618090452,0,"S5","null",500,70,0.500915658514495,353.855859788032,0.9,0,0,"none",0,22,0
0.058209371940233,0.0033636326638509,0.977413105109764,1,-0.0194481185683657,NA,0.461548719100922,0,-0.000246768041817899,NA,0.0345924719951054,0,-0.000245725745702156,-0.000198304371468009,0.00141335885280097,0.0346206030150754,0,"S5","null",500,70,0.500915658514495,343.34359296694,0.9,0,0,"none",0,23,0
0.0948952481213605,0.00968753732491512,0.999992558367018,1,0.0286266131949374,NA,0.659360307770227,0,0.00977337594616616,NA,0.252761645534271,0,0.00190803638840821,-0.000461474762860559,0.00237908089501737,0.0555150753768844,0,"S5","null",500,70,0.500915658514495,340.56086076248,0.9,0,0,"none",0,24,0
0.0293282088619508,-0.00495691530846629,0.725194199847181,0,-0.0469444639928954,NA,0.890601412387859,0,-0.0024095751203974,NA,0.0896700831960168,0,-0.00563377457270419,0.000418369446352323,0.00471674281874508,0.113695979899497,0,"S5","null",500,70,0.500915658514495,340.443727727189,0.9,0,0,"none",0,25,0
0.0681474083777966,-0.0076068359241552,0.999182293974566,1,0.00187040971526447,NA,0.0526128815033369,0,0.000133564957933176,NA,0.0332284155763596,0,-0.000512875205785029,0.000326434969781303,0.00226998150595957,0.040391959798995,0,"S5","null",500,70,0.500915658514495,380.406723160094,0.9,0,0,"none",0,26,0
0.0697668768833566,-0.00375854699294604,0.993622335460161,1,-0.0124928805106353,NA,0.31140842991952,0,-0.00806652024986118,NA,0.201300400731362,0,0.000622394119378535,-0.000400237980316136,0.00188474438438833,0.0387688442211055,0,"S5","null",500,70,0.500915658514495,354.549038218137,0.9,0,0,"none",0,27,0
0.0758785525221006,0.00429510085060679,0.999372476812445,1,0.00538375720737277,NA,0.148379084941408,0,0.000503384583284809,NA,0.0405483784086464,0,0.000407073533906416,0.000836562916745021,0.00257183576634562,0.0608819095477387,0,"S5","null",500,70,0.500915658514495,356.521547762919,0.9,0,0,"none",0,28,0
0.0638308023939349,0.00554928123386845,0.996086692811421,1,0.0101756834013012,NA,0.288777006216824,0,0.000384733597194187,NA,0.0383651953426359,0,0.000385374800530263,-0.000164943832626708,0.00138529256124507,0.0334095477386935,0,"S5","null",500,70,0.500915658514495,360.587333937066,0.9,0,0,"none",0,29,0
0.0474232077009997,-0.00166021667999783,0.893970243700234,0,-0.0112072585467659,NA,0.27701988739968,0,-0.000180121681557766,NA,0.0336115414090815,0,-0.0012374082263056,-0.00145435921641463,0.00336375771828001,0.0764346733668342,0,"S5","null",500,70,0.500915658514495,345.354914432989,0.9,0,0,"none",0,30,0
0.105467953431755,0.0129274214036851,0.999993344937753,1,0.0188187760423351,NA,0.436515150181393,0,0.00047671358009594,NA,0.0389564769112908,0,0.000939296634392728,-6.9059546220879e-07,0.00225586180633252,0.0367537688442211,0,"S5","null",500,70,0.500915658514495,332.820896386948,0.9,0,0,"none",0,31,0
0.0604075653767065,0.0102642724093964,0.995323586906607,1,-0.009923612804812,NA,0.272168195523895,0,-2.68282503842626e-05,NA,0.0324511099647234,0,-0.000840428482125865,0.000103998943217386,0.00158656726293119,0.0371030150753769,0,"S5","null",500,70,0.500915658514495,355.064290730309,0.9,0,0,"none",0,32,0
0.0756598942003857,-0.00138886261742176,0.999084787348017,1,0.0101248501259757,NA,0.271326084636221,0,0.00123942939302592,NA,0.0603485733082649,0,0.000843496112596738,0.000846577778026162,0.00313709377652947,0.0582386934673367,0,"S5","null",500,70,0.500915658514495,335.25290969897,0.9,0,0,"none",0,33,0
0.0833626273662442,0.00335768751329136,0.999786978281915,1,0.018157090482802,NA,0.453724349360448,0,7.52507198636233e-05,NA,0.0326593970723412,0,0.002240264347079,0.000738509825128378,0.00255080419848145,0.0649874371859296,0,"S5","null",500,70,0.500915658514495,379.013278722045,0.9,0,0,"none",0,34,0
0.0609846768885178,-0.00954508245113077,0.994317114034979,1,-0.00320652670094329,NA,0.0890266992608968,0,-0.000551054609190305,NA,0.0420202876746862,0,0.00605462441752945,-0.0148625615621156,0.0141687753871276,0.466256281407035,0,"S5","null",500,70,0.500915658514495,384.174637705063,0.9,0,0,"none",0,35,0
0.099660883785728,0.00136280743258404,0.999995004342365,1,0.0459655790189286,NA,0.88803613323611,0,0.0114077105769973,NA,0.287694143837083,0,0.0369273707145606,0.00677018006701683,0.0161599738841114,0.498474874371859,0,"S5","null",500,70,0.500915658514495,399.614465885236,0.9,0,0,"none",0,36,0
0.0595428851143106,-0.0018860180107527,0.983610096668144,1,-0.0277037257900465,NA,0.633175668161873,0,-0.000275214221759712,NA,0.0353562103705202,0,-0.00354349723449194,0.00113263329389057,0.0044669200078829,0.0876105527638191,0,"S5","null",500,70,0.500915658514495,327.862628752716,0.9,0,0,"none",0,37,0
0.0452905369247205,0.00799699756056677,0.96258872960113,1,-0.0257630697827101,NA,0.616840080685237,0,-0.00407804234841417,NA,0.128453715691269,0,-0.00102838465131003,0.000501114722878649,0.00190578587166872,0.0476407035175879,0,"S5","null",500,70,0.500915658514495,362.297282847707,0.9,0,0,"none",0,38,0
0.0494546166678814,0.0100776706060156,0.975782686924191,1,-0.0468206690564294,NA,0.870358427374533,0,-0.0189105178939557,NA,0.396142467416915,0,-0.0060406128104629,-2.84060453030183e-05,0.00423007592092157,0.109379396984925,0,"S5","null",500,70,0.500915658514495,348.574046691563,0.9,0,0,"none",0,39,0
0.0843535183748378,0.00120978885368421,0.999159498776479,1,0.0347144489649985,NA,0.730662410727454,0,0.00113056369193428,NA,0.055578973709189,0,0.00203339971122836,0.000943768170951046,0.00302708016423297,0.069143216080402,0,"S5","null",500,70,0.500915658514495,391.688890355365,0.9,0,0,"none",0,40,0
0.0467984703471731,0.0101322236191914,0.976535586793665,1,-0.0115402248905286,NA,0.304636678826104,0,5.36897866126535e-05,NA,0.0325414246980722,0,-0.00038205717610564,0.000128053582090254,0.00192987637691658,0.0353844221105528,0,"S5","null",500,70,0.500915658514495,363.268968280486,0.9,0,0,"none",0,41,0
0.0695204935813339,0.0103440218663776,0.996570836709969,1,-0.0223528538809696,NA,0.530249320130156,0,-0.00406921907429815,NA,0.123581734617549,0,-0.00240728127962061,0.000985364568624194,0.00344066221176669,0.0748040201005025,0,"S5","null",500,70,0.500915658514495,337.092960063209,0.9,0,0,"none",0,42,0
0.0675185121738759,0.00123272866582127,0.993388622207062,1,0.000370975607119395,NA,0.00985909712896449,0,-0.000991108886420344,NA,0.0519155217345209,0,0.000420505102344576,-7.52648411923989e-05,0.00148873509553888,0.0319824120603015,0,"S5","null",500,70,0.500915658514495,395.42399661644,0.9,0,0,"none",0,43,0
0.0817824231659646,-0.00533970579009925,0.999537886113751,1,0.0264482022643112,NA,0.616415602381894,0,-3.59191056675639e-05,NA,0.0324699144704328,0,0.00273461584666782,-0.000688472360680632,0.00346761846283613,0.0679472361809045,0,"S5","null",500,70,0.500915658514495,387.589252047477,0.9,0,0,"none",0,44,0
0.0581014005466444,-0.011457772304482,0.991769493784558,1,-0.0282706599869331,NA,0.641897252557391,0,-0.00047075668512278,NA,0.0399606924041868,0,-0.00258660829116465,-0.000886526508930348,0.0033163549785307,0.0702562814070352,0,"S5","null",500,70,0.500915658514495,347.824087602787,0.9,0,0,"none",0,45,0
0.0670761322231552,0.0132580799348921,0.998466123335275,1,-0.00601101563593317,NA,0.155412054535818,0,6.35337130141552e-05,NA,0.0325910884860806,0,-0.00442821374227315,0.00131953638997833,0.00464653302612366,0.105962311557789,0,"S5","null",500,70,0.500915658514495,377.466813595013,0.9,0,0,"none",0,46,0
0.064304500943702,0.0100089620553777,0.993872948112716,1,-0.00325747591663342,NA,0.0827113703046976,0,-0.000343323387896726,NA,0.0363780597809969,0,-0.000337133447642988,0.000591816900780733,0.00192804891737793,0.0464120603015075,0,"S5","null",500,70,0.500915658514495,351.599223232608,0.9,0,0,"none",0,47,0
0.0875107657825863,0.00448486348232499,0.998595200558833,1,0.0016797385814573,NA,0.0389725294686198,0,-0.00018486254345826,NA,0.0335756487365341,0,-0.00026311942631765,1.08245971322143e-05,0.00176816116445617,0.0336582914572864,0,"S5","null",500,70,0.500915658514495,308.6796822128,0.9,0,0,"none",0,48,0
0.0577501015049781,0.00286145772086636,0.975367088559589,1,-0.0259109929942791,NA,0.569833632325313,0,-0.000518347647191639,NA,0.0399542228484492,0,-0.000801140792323163,0.000199471667270038,0.00190467905270237,0.038035175879397,0,"S5","null",500,70,0.500915658514495,336.583355105137,0.9,0,0,"none",0,49,0
0.0858572235814762,0.00291805372231805,0.999966043067986,1,0.0135310271131648,NA,0.371137397434936,0,0.000423599417273219,NA,0.0389219493772785,0,0.00111080950466947,0.00137940119932367,0.00399571864409205,0.0811507537688442,0,"S5","null",500,70,0.500915658514495,378.198460334631,0.9,0,0,"none",0,50,0
0.0519026228870391,-0.000899818989921585,0.948363352392481,0,-0.0201713087453105,NA,0.48484433782238,0,-0.00343033234509072,NA,0.107949848897217,0,-0.00650291133148493,0.00194226382461765,0.00736140991780682,0.135683417085427,0,"S5","null",500,70,0.500915658514495,322.49298555022,0.9,0,0,"none",0,51,0
0.0707177992707003,0.00891887160892126,0.99878722332519,1,0.00307556401545883,NA,0.0831609058764753,0,0.000140239472347296,NA,0.0334005998511403,0,0.000543058101044491,-0.000287459911685065,0.0013909790938031,0.0387939698492462,0,"S5","null",500,70,0.500915658514495,378.360837382985,0.9,0,0,"none",0,52,0
0.0790457575932542,-0.00924538235832205,0.997731685088617,1,-0.0201519506956603,NA,0.42944033792109,0,-0.00196296550484941,NA,0.0709773422940523,0,-0.000600562710321668,0.00115567090686173,0.00239104880050207,0.0573366834170854,0,"S5","null",500,70,0.500915658514495,236.922063697466,0.9,0,0,"none",0,53,0
0.0581091381566901,-0.0036482403699663,0.984963416393106,1,0.00210175193915011,NA,0.0601234437279934,0,-0.000229297125241229,NA,0.0347574168479646,0,2.57040892867002e-05,0.000274432062013998,0.00174001960096234,0.0365075376884422,0,"S5","null",500,70,0.500915658514495,378.907556278657,0.9,0,0,"none",0,54,0
0.0619793405662061,-0.000798604057073446,0.987700458513221,1,-0.0132476795208308,NA,0.350957579105754,0,-0.00266131510740763,NA,0.0944490033346006,0,-0.0057279028752313,-0.000962946156471205,0.00586014714971897,0.11571608040201,0,"S5","null",500,70,0.500915658514495,375.751269106519,0.9,0,0,"none",0,55,0
0.115062445572173,0.0026822525861497,0.999999398420738,1,0.0585424899634011,NA,0.939740319433838,0,0.0121802170858969,NA,0.279415068795037,0,0.051520670247105,-0.00325008567896248,0.0177431082345241,0.59609296482412,1,"S5","null",500,70,0.500915658514495,309.090229111329,0.9,0,0,"none",0,56,0
0.069797610618315,-0.006896504269184,0.996893174704056,1,-0.00769537972484496,NA,0.205136075721729,0,-0.000494372462588972,NA,0.0404668790767845,0,0.00030156759638069,7.08179174023842e-05,0.00143382534616404,0.0351005025125628,0,"S5","null",500,70,0.500915658514495,305.908479225779,0.9,0,0,"none",0,57,0
0.0802979168656631,0.0095825036784858,0.99945597488557,1,-0.0171150918423587,NA,0.401468912247466,0,-0.000997711569465607,NA,0.0507218770598827,0,-0.00253140454245852,0.00558439446046137,0.00758670781328479,0.19958040201005,0,"S5","null",500,70,0.500915658514495,330.04367702014,0.9,0,0,"none",0,58,0
0.0693946521931604,-0.00480524429578517,0.998506495873848,1,0.0141709680079957,NA,0.405829134657928,0,0.00110214898234734,NA,0.0604484900177035,0,0.00298630298701059,-0.000143952945211616,0.00299596365746035,0.0758994974874372,0,"S5","null",500,70,0.500915658514495,425.856307359612,0.9,0,0,"none",0,59,0
0.0511252461332759,-0.00930533797926168,0.977098775280244,1,-0.0370914804470475,NA,0.764909778235945,0,-0.0100863716601938,NA,0.241781284969569,0,-0.0227829551367335,-0.00536873791168009,0.0128652735354832,0.357776381909548,0,"S5","null",500,70,0.500915658514495,333.368219481085,0.9,0,0,"none",0,60,0
0.0978802420021253,0.00134704930048861,0.999955897085735,1,0.0317715110445091,NA,0.687459419995807,0,0.00268907117721821,NA,0.0932959541018711,0,0.00134784052463395,0.000667857431953418,0.00295139207817072,0.0540125628140704,0,"S5","null",500,70,0.500915658514495,346.573237250067,0.9,0,0,"none",0,61,0
0.0831734547511891,0.00205610457929744,0.999910697682628,1,0.0280643608260199,NA,0.700262241248593,0,0.00122621628402703,NA,0.0638505729217492,0,0.00687465907459096,0.00313351948336479,0.0080769393186544,0.16243216080402,0,"S5","null",500,70,0.500915658514495,382.164288168703,0.9,0,0,"none",0,62,0
0.0735388809028597,-0.00515797679797321,0.998915697527175,1,0.0239645854786464,NA,0.596923314985888,0,0.00174002224624507,NA,0.0724262101043328,0,0.00523768019863134,-3.50941171697209e-05,0.00520872254972012,0.102150753768844,0,"S5","null",500,70,0.500915658514495,379.896519629626,0.9,0,0,"none",0,63,0
0.0630978248110745,-0.00170926641611694,0.993659499537027,1,0.0249877501128914,NA,0.621711472943924,0,0.00178633074379725,NA,0.0739370627526195,0,0.00101910084889878,0.000426556951667556,0.00206490837138895,0.046678391959799,0,"S5","null",500,70,0.500915658514495,370.486855108698,0.9,0,0,"none",0,64,0
0.0905620070498091,-0.00732480290203661,0.999908894259418,1,0.0151415685675674,NA,0.377920095711323,0,0.000217596602970649,NA,0.034225594204764,0,-0.000622137567166822,0.000832609854050097,0.00260743425153049,0.0531683417085427,0,"S5","null",500,70,0.500915658514495,308.109824962528,0.9,0,0,"none",0,65,0
0.0510067092603087,-0.00519397538635407,0.954912960828222,1,-0.0484097970829906,NA,0.877231303506189,0,-0.0350789933250294,NA,0.640127192523471,1,-0.0131270726577745,-0.00181054074536218,0.00754751404010012,0.207180904522613,0,"S5","null",500,70,0.500915658514495,282.65575311375,0.9,0,0,"none",0,66,0
0.104311707258256,0.000581107331660854,0.999986679231513,1,0.0191129210118658,NA,0.4493652843766,0,0.00079457797954411,NA,0.0462191932683369,0,0.00262608887802157,0.0018725608656246,0.00364381014235425,0.093748743718593,0,"S5","null",500,70,0.500915658514495,339.491008586009,0.9,0,0,"none",0,67,0
0.0466590452632329,-0.0103323236324632,0.981422081595084,1,-0.00359487904270847,NA,0.104428543951412,0,-0.00124945084965482,NA,0.0607799727199656,0,-0.000453074132255086,-0.000130527167170909,0.0014263418642819,0.0309371859296482,0,"S5","null",500,70,0.500915658514495,386.605325210476,0.9,0,0,"none",0,68,0
0.0841469031459577,-0.00155975204724036,0.999497577104175,1,0.0274860430421663,NA,0.618550482233328,0,0.000472311747522338,NA,0.0388887129328062,0,0.00194369067285812,-0.000186467405056605,0.00249929811407283,0.0508643216080402,0,"S5","null",500,70,0.500915658514495,326.110670482901,0.9,0,0,"none",0,69,0
0.064533196323972,0.0111886085524382,0.99810807080332,1,-0.0144160737057112,NA,0.362310880331914,0,-0.000404263454188769,NA,0.0377310406346356,0,-0.000454436356376255,0.000683685884476442,0.00242091391887391,0.0481381909547739,0,"S5","null",500,70,0.500915658514495,327.483048052558,0.9,0,0,"none",0,70,0
0.0737841065856616,0.00112681463810156,0.998399114906509,1,0.0102874012592341,NA,0.273696991097891,0,0.000703940182335021,NA,0.0459770089528567,0,0.000902765001383834,-0.000263796190608895,0.00182163612391187,0.0406507537688442,0,"S5","null",500,70,0.500915658514495,384.457204065769,0.9,0,0,"none",0,71,0
0.0383191535679807,0.0144716194839609,0.956674837930066,1,-0.0382011829134933,NA,0.793206987543379,0,-0.0100201096715956,NA,0.241307869109813,0,-0.00700799799925453,1.09806433154408e-05,0.00688707154101569,0.125402010050251,0,"S5","null",500,70,0.500915658514495,346.302550276363,0.9,0,0,"none",0,72,0
0.069482793755066,0.000347974566908835,0.99869474817987,1,0.0107783510078699,NA,0.298144117166871,0,8.643535233389e-05,NA,0.0327606857236957,0,-9.88705049712498e-05,-0.000133352941319624,0.00132825268027565,0.0277537688442211,0,"S5","null",500,70,0.500915658514495,349.237651020142,0.9,0,0,"none",0,73,0
0.0756830124424842,-0.00246605102524213,0.996152341416468,1,-0.00305405833719215,NA,0.0760860612071187,0,0.000786227561707612,NA,0.0471038219112181,0,0.00076997815766378,0.000333618399718339,0.00168048661028455,0.0424472361809045,0,"S5","null",500,70,0.500915658514495,332.321047294115,0.9,0,0,"none",0,74,0
0.0507679017543956,-0.0083903464791138,0.981119692689173,1,-0.0157737903139072,NA,0.436629752673603,0,-0.00147676059943819,NA,0.0692832365032783,0,-0.00339429771728356,-0.00311644705569462,0.00678783076622312,0.158077889447236,0,"S5","null",500,70,0.500915658514495,427.495747890236,0.9,0,0,"none",0,75,0
0.0647549299233741,-0.000371281137042295,0.987893728424347,1,-0.0115696598247971,NA,0.288376012547026,0,-0.00180960916494381,NA,0.0726426497071346,0,-0.00113249167006249,0.00078495895606409,0.00223964936250745,0.0516030150753769,0,"S5","null",500,70,0.500915658514495,331.012359705136,0.9,0,0,"none",0,76,0
0.0763226437527524,0.00399947739525327,0.999571632261707,1,0.0171587023494275,NA,0.454428907964213,0,0.000563930670531352,NA,0.0428455092690204,0,0.000233915836677411,0.000413465450985201,0.00215761591338274,0.0374547738693467,0,"S5","null",500,70,0.500915658514495,383.988806027226,0.9,0,0,"none",0,77,0
0.124020389828693,0.0113794541296005,0.99999999889106,1,0.0481656180345939,NA,0.916097246299156,0,0.00120810189881021,NA,0.0602885219321049,0,0.0274308921881167,0.0145812892513145,0.0182346502535022,0.563248743718593,1,"S5","null",500,70,0.500915658514495,394.162047903145,0.9,0,0,"none",0,78,0
0.0404826079290863,0.00166217028901828,0.890056919656275,0,-0.0323853420140915,NA,0.743654766311076,0,-0.0165792357818068,NA,0.374368273436262,0,-0.00386898063876887,-0.000877197755888666,0.00416460544047222,0.0948341708542714,0,"S5","null",500,70,0.500915658514495,327.582098484884,0.9,0,0,"none",0,79,0
0.0417411733188601,0.0223072435226464,0.997559997978648,1,-0.0373025011435089,NA,0.79373923558613,0,-0.0026424206684751,NA,0.0929182271936174,0,-0.0206339212488207,0.00681704932010574,0.0138809682636664,0.400150753768844,0,"S5","null",500,70,0.500915658514495,340.817542904177,0.9,0,0,"none",0,80,0
0.0717758711432283,-0.00727775916573256,0.998558921249653,1,0.0048426807374499,NA,0.126708450567574,0,-0.000169710969873674,NA,0.033537505062091,0,-0.00193070097561575,-0.00123493137679172,0.00329256088721158,0.078035175879397,0,"S5","null",500,70,0.500915658514495,354.879078161245,0.9,0,0,"none",0,81,0
0.0554229145670081,0.0159572256882379,0.996147296853906,1,-0.0109661987831985,NA,0.284131387806274,0,-0.000499900658186171,NA,0.0400113666235444,0,-0.00118208607087224,0.000331240977868726,0.00228890199222142,0.0433492462311558,0,"S5","null",500,70,0.500915658514495,363.300860409896,0.9,0,0,"none",0,82,0
0.111074473730783,-0.0144843896060255,0.999999991507119,1,0.0515472274862512,NA,0.921545647610494,0,0.00709246765633555,NA,0.19203812014728,0,0.0476667762887356,-0.0212155792761435,0.0148694584950773,0.773680904522613,1,"S5","null",500,70,0.500915658514495,326.928894798619,0.9,0,0,"none",0,83,0
0.0637656904673571,0.011156970189047,0.996032947092695,1,-0.0112938113113167,NA,0.288411345984592,0,-0.000213615290910562,NA,0.0341509679837252,0,-0.0011936151860824,4.81890448983647e-05,0.00195253492581603,0.0417110552763819,0,"S5","null",500,70,0.500915658514495,376.15718061143,0.9,0,0,"none",0,84,0
0.0740507014213036,0.00346610452038025,0.998925489544831,1,0.00554087490587036,NA,0.14854509065429,0,-5.96801384297992e-05,NA,0.0325762496226198,0,0.000194110092239002,0.00153942122060482,0.00278262342440073,0.0782311557788945,0,"S5","null",500,70,0.500915658514495,346.692470147918,0.9,0,0,"none",0,85,0
0.0777663074103109,0.00264007033073134,0.99834239920686,1,-0.000204415512991894,NA,0.00535425676626544,0,0.000173639725511723,NA,0.0335202342590459,0,0.000461587382675075,-0.00400397230051213,0.00768755648169286,0.168713567839196,0,"S5","null",500,70,0.500915658514495,395.737918463758,0.9,0,0,"none",0,86,0
0.0600610496670588,-0.000368370237837367,0.985796107702349,1,-0.00395334159113844,NA,0.106942631263484,0,-0.000619461374055872,NA,0.0430870721363417,0,-2.29654225667515e-05,0.000218740438302436,0.00116795165971892,0.0314723618090452,0,"S5","null",500,70,0.500915658514495,351.542296270019,0.9,0,0,"none",0,87,0
0.0663545134800961,-0.0120695531447861,0.998802829873773,1,0.000549279880878958,NA,0.0147323351113675,0,-0.000465378935585127,NA,0.0394646456473763,0,0.0037527678181884,-0.0125821285629746,0.0143836794649977,0.403356783919598,0,"S5","null",500,70,0.500915658514495,367.08228675299,0.9,0,0,"none",0,88,0
0.0697681509871553,-0.011491746855157,0.997617122920319,1,-0.0200334670399806,NA,0.494992519511744,0,-0.0125797690818661,NA,0.289680753107384,0,-0.00126231885426333,-0.000869223582616663,0.00295534998375724,0.0598015075376884,0,"S5","null",500,70,0.500915658514495,338.339018976151,0.9,0,0,"none",0,89,0
0.0842449728995182,-0.00879151654499582,0.999758986153018,1,0.0250531958640234,NA,0.583554042408311,0,0.00129546212183639,NA,0.0591397411897401,0,0.00203202935502229,-0.00334525840560381,0.00638468814598925,0.13513567839196,0,"S5","null",500,70,0.500915658514495,370.134615485713,0.9,0,0,"none",0,90,0
0.0409607025998245,-0.00581378891544907,0.880067998448504,0,-0.0205068059049834,NA,0.525180809150679,0,-0.00110233088975116,NA,0.0593718454523211,0,-0.00243671685899653,-0.00177999400449414,0.00376730056208532,0.0899597989949749,0,"S5","null",500,70,0.500915658514495,440.864287112651,0.9,0,0,"none",0,91,0
0.0589076030402453,0.0161172344351786,0.999312564850318,1,0.00753977830656764,NA,0.217978980888765,0,0.000725416862353315,NA,0.0480873116468205,0,0.00015001730440759,0.00164101526558411,0.00393816555775972,0.0859623115577889,0,"S5","null",500,70,0.500915658514495,421.404367820125,0.9,0,0,"none",0,92,0
0.0800258926128177,0.0120030351349308,0.999871896592137,1,0.0223768383829437,NA,0.565425778995411,0,0.00157847625548915,NA,0.0715484309174206,0,0.00159164060146008,0.000436852375250071,0.00235391136420968,0.0520402010050251,0,"S5","null",500,70,0.500915658514495,406.08045089705,0.9,0,0,"none",0,93,0
0.0548626357660408,0.0015929471243051,0.977888716219354,1,-0.014427288480714,NA,0.38324841178481,0,-0.000679924686480003,NA,0.0450073351619057,0,-0.000734386257649169,0.000264304063277687,0.00203777361523233,0.03928391959799,0,"S5","null",500,70,0.500915658514495,383.725890990895,0.9,0,0,"none",0,94,0
0.0469378946699021,-0.00198681521639314,0.921172773663185,0,-0.0137121649589115,NA,0.359199666009459,0,-0.0001317388516312,NA,0.0331727708416131,0,0.000146027401406132,0.000261553607695674,0.00164130510193003,0.0324095477386935,0,"S5","null",500,70,0.500915658514495,370.550887560872,0.9,0,0,"none",0,95,0
0.120987986605921,-0.00637209934417867,0.999999985458144,1,0.0784997490146922,NA,0.991786233864197,1,0.0692930568236602,NA,0.98079413885788,1,0.0842810569180278,-0.0114507552972984,0.0144899613312806,0.878311557788945,1,"S5","null",500,70,0.500915658514495,363.464381734995,0.9,0,0,"none",0,96,0
0.0533927906600536,-0.0010675890032953,0.971891819450778,1,-0.00844662284535322,NA,0.220361915744122,0,0.000395487872643336,NA,0.0371738568581018,0,-0.00317934723836474,4.87415502044132e-05,0.00421691713134933,0.0703643216080402,0,"S5","null",500,70,0.500915658514495,289.799288586175,0.9,0,0,"none",0,97,0
0.0550175713108315,0.00455158532603685,0.986846427351104,1,0.00331161684989019,NA,0.0989442332682722,0,5.90994230835438e-05,NA,0.0325910557609884,0,0.000712260112903895,0.000659593952202051,0.00325544559804741,0.0508844221105528,0,"S5","null",500,70,0.500915658514495,425.862315760368,0.9,0,0,"none",0,98,0
0.0634856661893009,-0.0029792980260718,0.992380928055558,1,0.00917145921683011,NA,0.253101048962473,0,0.000485373331414068,NA,0.0405005268458815,0,0.00113152128979962,-0.000814951435967299,0.00252148980167292,0.0581180904522613,0,"S5","null",500,70,0.500915658514495,413.672535764125,0.9,0,0,"none",0,99,0
0.0630594542794429,-0.000512315331078234,0.987549365377089,1,-0.018963776985086,NA,0.448598494271032,0,-0.000964792190490025,NA,0.0503349909097743,0,-0.00138981718287686,-0.0010654878881138,0.0029132478712438,0.0645954773869347,0,"S5","null",500,70,0.500915658514495,338.31282170707,0.9,0,0,"none",0,100,0
0.452948157160253,0.289440782113981,1,1,0.338479098404661,NA,0.999995085521555,1,0.32242084736418,NA,0.99174508990651,1,0.348652386628803,0.340339248746438,NA,1,1,"S5","signal",500,70,0.500915658514495,83.5805962978805,0,0,0,"none",0,1,1
0.509080000913681,0.315244162798515,1,1,0.36542079625464,NA,0.999998657799844,1,0.337057200984832,NA,0.998418031480569,1,0.333777347302846,0.283057607091926,NA,1,1,"S5","signal",500,70,0.500915658514495,97.9006379214658,0,0,0,"none",0,2,1
0.390727811546104,0.290687539966622,1,1,0.314892648639978,NA,0.999910456377894,1,0.325885740439185,NA,0.980990811343307,1,0.260053359221571,0.273976696266724,NA,1,1,"S5","signal",500,70,0.500915658514495,78.2227836915089,0,0,0,"none",0,3,1
0.445678039202647,0.31186281105591,1,1,0.322662390180505,NA,0.999987066128044,1,0.212577882504779,NA,0.802270725899585,1,0.360980623804265,0.41073383687198,NA,1,1,"S5","signal",500,70,0.500915658514495,92.1624117100804,0,0,0,"none",0,4,1
0.436390652796973,0.303662248145261,1,1,0.419593607711925,NA,0.999999958198213,1,0.362393591541975,NA,0.997672138398837,1,0.405006845361664,0.300781159631888,NA,1,1,"S5","signal",500,70,0.500915658514495,80.6413812254449,0,0,0,"none",0,5,1
0.414692944348713,0.316747325032818,1,1,0.225087439188556,NA,0.993629505936171,1,0.113886886093247,NA,0.487440595335509,0,0.259795991124262,0.332136580977922,NA,1,1,"S5","signal",500,70,0.500915658514495,82.8152985186796,0,0,0,"none",0,6,1
0.4344489518569,0.297847276812666,1,1,0.243336806142001,NA,0.998398557874859,1,0.104163095813709,NA,0.495970251765757,0,0.199232471022471,0.356453393682775,NA,1,1,"S5","signal",500,70,0.500915658514495,87.1721716778348,0,0,0,"none",0,7,1
0.54585700301653,0.312967450274665,1,1,0.316933278229372,NA,0.999627325690661,1,0.167017457195899,NA,0.610969628431317,1,0.293101721646862,0.247349895297013,NA,1,1,"S5","signal",500,70,0.500915658514495,70.0264263920535,0,0,0,"none",0,8,1
0.494110580967096,0.297036327553331,1,1,0.344237595352249,NA,0.999982752047286,1,0.295697306496305,NA,0.924147219767067,1,0.384142667743296,0.340839334098501,NA,1,1,"S5","signal",500,70,0.500915658514495,68.9802129610314,0,0,0,"none",0,9,1
0.472526331755384,0.291681836536333,1,1,0.309305053436556,NA,0.999746035463138,1,0.239116040453807,NA,0.796769210180281,1,0.222131070518886,0.321564456317139,NA,1,1,"S5","signal",500,70,0.500915658514495,69.49113729446,0,0,0,"none",0,10,1
0.455323386613809,0.27915372687423,1,1,0.318364825800349,NA,0.999970631450138,1,0.295407481475493,NA,0.960701350586089,1,0.31566806854566,0.228698558580755,NA,1,1,"S5","signal",500,70,0.500915658514495,83.378880801534,0,0,0,"none",0,11,1
0.471998830983869,0.281642310699228,1,1,0.402772952550487,NA,0.999998116354592,1,0.349317214212667,NA,0.977673939791695,1,0.423218054516884,0.30756226497792,NA,1,1,"S5","signal",500,70,0.500915658514495,77.2210811203024,0,0,0,"none",0,12,1
0.446718809003492,0.322597039377047,1,1,0.210216478099911,NA,0.988838851232989,1,0.0764199105566679,NA,0.37042685992591,0,0.188979775216306,0.312867309205651,NA,1,1,"S5","signal",500,70,0.500915658514495,78.6739595774169,0,0,0,"none",0,13,1
0.575180296169969,0.281021837100425,1,1,0.49345135200259,NA,0.999999999376343,1,0.435192367561404,NA,0.99985978240107,1,0.529388582456828,0.366751926269726,NA,1,1,"S5","signal",500,70,0.500915658514495,88.5145541610612,0,0,0,"none",0,14,1
0.47853498241451,0.306900208689047,1,1,0.30627137616003,NA,0.999737541217817,1,0.199852305169962,NA,0.719919868486802,1,0.285723666272291,0.335636446821782,NA,1,1,"S5","signal",500,70,0.500915658514495,85.8366121000339,0,0,0,"none",0,15,1
0.478638242109036,0.30711867555444,1,1,0.294387412942974,NA,0.999860426976775,1,0.27384708719595,NA,0.950923647015049,1,0.268647995682627,0.219755530412406,NA,1,1,"S5","signal",500,70,0.500915658514495,95.588878328442,0,0,0,"none",0,16,1
0.434608109365976,0.306600053798786,1,1,0.344814309109127,NA,0.999995690343127,1,0.330083976049924,NA,0.995614851134752,1,0.318695808632202,0.294810773665704,NA,1,1,"S5","signal",500,70,0.500915658514495,91.4301817440454,0,0,0,"none",0,17,1
0.469997986554534,0.290751060082376,1,1,0.367544919659273,NA,0.999999648096742,1,0.325235356924423,NA,0.996987765601872,1,0.313309253871132,0.298757089993406,NA,1,1,"S5","signal",500,70,0.500915658514495,93.5639883248218,0,0,0,"none",0,18,1
0.392561695001378,0.283838214285247,1,1,0.315236585743487,NA,0.999996505854767,1,0.309606168454292,NA,0.998916017489261,1,0.365149133581958,0.318302882635435,NA,1,1,"S5","signal",500,70,0.500915658514495,103.875781571267,0,0,0,"none",0,19,1
0.407208022904577,0.319292505373946,1,1,0.264268245299697,NA,0.999716717242662,1,0.257322480675428,NA,0.94779407147354,1,0.290598037245822,0.274382074901934,NA,1,1,"S5","signal",500,70,0.500915658514495,105.620611525897,0,0,0,"none",0,20,1
0.487100081775296,0.295866619138859,1,1,0.473031078397766,NA,0.99999999965164,1,0.439148552741853,NA,0.999966912038001,1,0.477052867517841,0.338153215889079,NA,1,1,"S5","signal",500,70,0.500915658514495,99.363401788778,0,0,0,"none",0,21,1
0.512090137230358,0.29598973536488,1,1,0.291154131987461,NA,0.999101913719141,1,0.10359341854684,NA,0.434158489418176,0,0.292600500212898,0.330377598302693,NA,1,1,"S5","signal",500,70,0.500915658514495,64.4682927791996,0,0,0,"none",0,22,1
0.50676331606487,0.271982210514517,1,1,0.412926387434486,NA,0.999999995153598,1,0.390670287957284,NA,0.999918893175814,1,0.426703092977291,0.260673470140855,NA,1,1,"S5","signal",500,70,0.500915658514495,107.308656727802,0,0,0,"none",0,23,1
0.381405231711234,0.297761436671077,1,1,0.192588002955481,NA,0.988111815465499,1,0.0606518042615938,NA,0.306157732714599,0,0.243004368118155,0.266824124503747,NA,1,1,"S5","signal",500,70,0.500915658514495,79.6057640754771,0,0,0,"none",0,24,1
0.405567853532339,0.300662540588003,1,1,0.253977750516327,NA,0.999330710905516,1,0.182708696650948,NA,0.745715219452694,1,0.236680273277619,0.24656998523688,NA,1,1,"S5","signal",500,70,0.500915658514495,88.4848026339519,0,0,0,"none",0,25,1
0.43147523015072,0.29952508953697,1,1,0.298261217270818,NA,0.999990353155412,1,0.284013686499098,NA,0.990681542001468,1,0.291412253549779,0.236895579164572,NA,1,1,"S5","signal",500,70,0.500915658514495,95.0393307285922,0,0,0,"none",0,26,1
0.366673800607556,0.31033660378298,1,1,0.236266842107375,NA,0.998552526410934,1,0.165889132199037,NA,0.724877561771117,1,0.183147211205253,0.328049614069764,NA,1,1,"S5","signal",500,70,0.500915658514495,102.686122565206,0,0,0,"none",0,27,1
0.484978394336526,0.291637980873492,1,1,0.352822021869872,NA,0.999999053499299,1,0.30143435606229,NA,0.98373771210541,1,0.33560864883837,0.272601508384483,NA,1,1,"S5","signal",500,70,0.500915658514495,98.1812508341133,0,0,0,"none",0,28,1
0.38916906807879,0.277548781796845,1,1,0.205937656192966,NA,0.99657182584205,1,0.0457851775475284,NA,0.264998810653254,0,0.252276620450256,0.215161834724659,NA,1,1,"S5","signal",500,70,0.500915658514495,83.2782319502341,0,0,0,"none",0,29,1
0.445825044821644,0.300153972502653,1,1,0.298179830164432,NA,0.999921760920537,1,0.286327327561646,NA,0.969587322785358,1,0.274256870907364,0.29715445826617,NA,1,1,"S5","signal",500,70,0.500915658514495,91.8235874523806,0,0,0,"none",0,30,1
0.433658020566964,0.327640100180696,1,1,0.303730761223569,NA,0.99987821073221,1,0.261577856692701,NA,0.905187320474486,1,0.274916620861673,0.227717779876543,NA,1,1,"S5","signal",500,70,0.500915658514495,92.1461967357015,0,0,0,"none",0,31,1
0.488834630732907,0.288522152730027,1,1,0.374580891273301,NA,0.999996369064598,1,0.348465878055043,NA,0.987878816065136,1,0.362282418693273,0.256777072152645,NA,1,1,"S5","signal",500,70,0.500915658514495,83.2798243833699,0,0,0,"none",0,32,1
0.486453150091473,0.344750581357664,1,1,0.241595007501433,NA,0.996486976199042,1,0.208842188213579,NA,0.763417038157912,1,0.257889374236064,0.390719607012717,NA,1,1,"S5","signal",500,70,0.500915658514495,87.0746097623836,0,0,0,"none",0,33,1
0.439878942423637,0.298139134366266,1,1,0.131785202428725,NA,0.899143922484848,0,0.0583308790210862,NA,0.323897428600519,0,0.191142001071424,0.209349418841855,0.00244473268570175,0.997072864321608,1,"S5","signal",500,70,0.500915658514495,80.3839594445184,0,0,0,"none",0,34,1
0.455580995700813,0.315996626073885,1,1,0.277933596212126,NA,0.999812405689231,1,0.216797687517376,NA,0.847703274752881,1,0.262567246207284,0.247257932087804,NA,1,1,"S5","signal",500,70,0.500915658514495,97.7559990544724,0,0,0,"none",0,35,1
0.346722932309728,0.306824307967189,1,1,0.191118624110867,NA,0.991450045805454,1,0.0555534436673246,NA,0.309361474252611,0,0.203396721725562,0.216683994110727,NA,1,1,"S5","signal",500,70,0.500915658514495,93.8522487256355,0,0,0,"none",0,36,1
0.337169636261846,0.298173114904126,1,1,0.258428153029291,NA,0.999108612635227,1,0.111993114873215,NA,0.488334023073109,0,0.288221679435002,0.336069074199583,NA,1,1,"S5","signal",500,70,0.500915658514495,81.4748112146901,0,0,0,"none",0,37,1
0.499189621838261,0.311039930261156,1,1,0.355538041987569,NA,0.999985714019869,1,0.298927127153959,NA,0.942345879897118,1,0.368182248024667,0.266031867082768,NA,1,1,"S5","signal",500,70,0.500915658514495,76.6842281059016,0,0,0,"none",0,38,1
0.454856742113026,0.330823541158208,1,1,0.232130847428299,NA,0.99450477063253,1,0.153373489552803,NA,0.637426117247327,1,0.238267423906681,0.337695241954515,NA,1,1,"S5","signal",500,70,0.500915658514495,84.7015269588262,0,0,0,"none",0,39,1
0.428057882357504,0.296396557764079,1,1,0.283212314415936,NA,0.99986426416922,1,0.229105070194579,NA,0.893100182710732,1,0.358609498826392,0.315675963438834,NA,1,1,"S5","signal",500,70,0.500915658514495,92.6410487033337,0,0,0,"none",0,40,1
0.458497997389437,0.302245572142957,1,1,0.277333467325809,NA,0.998934117575921,1,0.17973395358945,NA,0.679905614015368,1,0.245494350097142,0.195637593613994,0.000283926731917063,0.99971608040201,1,"S5","signal",500,70,0.500915658514495,68.9033693017719,0,0,0,"none",0,41,1
0.448600668765198,0.29321954410355,1,1,0.307575042562671,NA,0.999924633584378,1,0.206411943694964,NA,0.759318041429309,1,0.297998928051102,0.292609349562543,NA,1,1,"S5","signal",500,70,0.500915658514495,83.413583124789,0,0,0,"none",0,42,1
0.400718674675571,0.30366601647486,1,1,0.245070687184908,NA,0.99755413674184,1,0.0886497697466557,NA,0.384895479865996,0,0.203788197030241,0.406485738701099,NA,1,1,"S5","signal",500,70,0.500915658514495,75.3613576442322,0,0,0,"none",0,43,1
0.56429998619922,0.297268665783339,1,1,0.364759417644654,NA,0.999978179124228,1,0.312438181677641,NA,0.94064154283658,1,0.390360540233453,0.251266294692709,NA,1,1,"S5","signal",500,70,0.500915658514495,81.8983143381474,0,0,0,"none",0,44,1
0.492674961276903,0.289983207737946,1,1,0.341611036427898,NA,0.999969148584307,1,0.30237279707198,NA,0.970218088276806,1,0.376328435553076,0.315256025341984,NA,1,1,"S5","signal",500,70,0.500915658514495,87.428713561897,0,0,0,"none",0,45,1
0.347206612237303,0.287028070500221,1,1,0.205394441578261,NA,0.998268891030765,1,0.0778232743726886,NA,0.437071940987876,0,0.258404827325519,0.174630665026792,NA,1,1,"S5","signal",500,70,0.500915658514495,101.079376343704,0,0,0,"none",0,46,1
0.433307437870233,0.258706473989998,1,1,0.295439909343345,NA,0.999941620251174,1,0.15019807069912,NA,0.624671457965798,1,0.276369947705142,0.187849899639872,NA,1,1,"S5","signal",500,70,0.500915658514495,86.1229766306939,0,0,0,"none",0,47,1
0.427252934315092,0.297628603488087,1,1,0.274048663087399,NA,0.999860044883724,1,0.091337102131131,NA,0.445054196375333,0,0.331414885615532,0.314760038851841,NA,1,1,"S5","signal",500,70,0.500915658514495,77.6019564780544,0,0,0,"none",0,48,1
0.452180970797243,0.316431482204287,1,1,0.326694976124036,NA,0.999797655295654,1,0.162190270847512,NA,0.5748108593082,1,0.276818165583985,0.369931601256821,NA,1,1,"S5","signal",500,70,0.500915658514495,65.7247913109318,0,0,0,"none",0,49,1
0.520674650334489,0.299786083615301,1,1,0.468206845999663,NA,0.999999974487099,1,0.444586890136489,NA,0.999433789896364,1,0.446447995435195,0.309174604680745,NA,1,1,"S5","signal",500,70,0.500915658514495,81.0275908799272,0,0,0,"none",0,50,1
0.442071907565504,0.28746244889679,1,1,0.220381893800449,NA,0.998150070412312,1,0.0697117317428569,NA,0.366956028345006,0,0.239215015283891,0.297821339562327,NA,1,1,"S5","signal",500,70,0.500915658514495,94.5237183799446,0,0,0,"none",0,51,1
0.433028764605886,0.283065852360868,1,1,0.140685362680713,NA,0.935480715103459,0,0.0101848060496969,NA,0.0876573239159193,0,0.206839302286488,0.263414533214103,NA,1,1,"S5","signal",500,70,0.500915658514495,87.1504591152043,0,0,0,"none",0,52,1
0.486234862041975,0.319524200885112,1,1,0.332957793130347,NA,0.999966301080482,1,0.25742134133798,NA,0.875427375142918,1,0.365407763338238,0.395611852380873,NA,1,1,"S5","signal",500,70,0.500915658514495,78.1551528082184,0,0,0,"none",0,53,1
0.404690572137106,0.293296990949989,1,1,0.262682291189766,NA,0.99966695092376,1,0.15271770277374,NA,0.655191327468818,1,0.283865203655057,0.267829181159563,NA,1,1,"S5","signal",500,70,0.500915658514495,87.7531125047118,0,0,0,"none",0,54,1
0.408666333594537,0.295596261203137,1,1,0.205728052916073,NA,0.99030533786439,1,0.0238244107711608,NA,0.14406443031659,0,0.21049278504827,0.263228712579767,NA,1,1,"S5","signal",500,70,0.500915658514495,71.9716427458296,0,0,0,"none",0,55,1
0.428053333703548,0.28541544110501,1,1,0.258246471116879,NA,0.999442020295087,1,0.0939024465976567,NA,0.448917563231557,0,0.235877446123852,0.266684236740344,NA,1,1,"S5","signal",500,70,0.500915658514495,91.5680856666788,0,0,0,"none",0,56,1
0.493484257812053,0.319941676797817,1,1,0.386821021477682,NA,0.999990187134645,1,0.324657526569112,NA,0.946530115490694,1,0.405059598821796,0.251668512166091,NA,1,1,"S5","signal",500,70,0.500915658514495,82.8007029887906,0,0,0,"none",0,57,1
0.431197431311327,0.302690389051287,1,1,0.351576062008358,NA,0.999966911722446,1,0.278534865707827,NA,0.870075787059959,1,0.31926583701384,0.302896229948868,NA,1,1,"S5","signal",500,70,0.500915658514495,69.3438687067744,0,0,0,"none",0,58,1
0.445979439520115,0.289803677851658,1,1,0.299807572102163,NA,0.999984255588171,1,0.287579928059891,NA,0.987670503456142,1,0.376628466389708,0.301953110693143,NA,1,1,"S5","signal",500,70,0.500915658514495,93.8778578278061,0,0,0,"none",0,59,1
0.480904510072611,0.290150038840098,1,1,0.302714538795398,NA,0.999579340901064,1,0.227443580292429,NA,0.808904862883704,1,0.385775551322062,0.371346151340806,NA,1,1,"S5","signal",500,70,0.500915658514495,69.2287661834754,0,0,0,"none",0,60,1
0.431821044263667,0.318552411819661,1,1,0.257466380909572,NA,0.999192036056859,1,0.15888852278525,NA,0.654768349150006,1,0.253429080656419,0.266315769605627,NA,1,1,"S5","signal",500,70,0.500915658514495,82.3279984639829,0,0,0,"none",0,61,1
0.452547494498547,0.294558692547367,1,1,0.32852455821924,NA,0.999971115622497,1,0.326018428107211,NA,0.983249045802997,1,0.300825705311199,0.278274559972725,NA,1,1,"S5","signal",500,70,0.500915658514495,88.4637685413182,0,0,0,"none",0,62,1
0.446571147692877,0.312357281232465,1,1,0.271209242926554,NA,0.999494276285851,1,0.22194570843623,NA,0.833445958878309,1,0.28240024734241,0.267759665637411,NA,1,1,"S5","signal",500,70,0.500915658514495,88.7380449352773,0,0,0,"none",0,63,1
0.41385425008122,0.306203854187948,1,1,0.159070583530864,NA,0.951930593893288,1,0.0151214456899316,NA,0.108771376365306,0,0.185619528301584,0.308436048968116,NA,1,1,"S5","signal",500,70,0.500915658514495,70.2692164363296,0,0,0,"none",0,64,1
0.48315572557366,0.297685162863139,1,1,0.270553177523915,NA,0.99945136514626,1,0.163096943273132,NA,0.679280388015377,1,0.275378830563973,0.209124034387588,0.000909570592513095,0.999090452261307,1,"S5","signal",500,70,0.500915658514495,86.2953371904196,0,0,0,"none",0,65,1
0.421155128537092,0.305655915120965,1,1,0.251437502736372,NA,0.998957971462074,1,0.212787033976911,NA,0.851037989111504,1,0.267537523057207,0.235426649892763,NA,1,1,"S5","signal",500,70,0.500915658514495,89.3519077760497,0,0,0,"none",0,66,1
0.490958360911238,0.288098603141055,1,1,0.416475875251514,NA,0.99999910201966,1,0.38774609677785,NA,0.995948208280364,1,0.343720319194006,0.3754218445284,NA,1,1,"S5","signal",500,70,0.500915658514495,70.0319735255513,0,0,0,"none",0,67,1
0.388074963084316,0.313366358997315,1,1,0.354638843966524,NA,0.999998949888893,1,0.320870980514494,NA,0.99869743483362,1,0.369357976508946,0.294792707559884,NA,1,1,"S5","signal",500,70,0.500915658514495,104.622934607374,0,0,0,"none",0,68,1
0.429311405714964,0.305228835932786,1,1,0.224148968674332,NA,0.991592918540983,1,0.0999391198161341,NA,0.440110610917946,0,0.243109986119458,0.265963570683861,NA,1,1,"S5","signal",500,70,0.500915658514495,66.6635399034668,0,0,0,"none",0,69,1
0.41076576067434,0.277003394045428,1,1,0.170381537628125,NA,0.980790886722062,1,0.0299448998544904,NA,0.194643522096869,0,0.222821909969721,0.399291034191647,NA,1,1,"S5","signal",500,70,0.500915658514495,91.2081269571531,0,0,0,"none",0,70,1
0.45416379159267,0.313502081730335,1,1,0.373622242712301,NA,0.99999908810846,1,0.350876661973634,NA,0.998842853249415,1,0.311415549903389,0.368016939611105,NA,1,1,"S5","signal",500,70,0.500915658514495,86.4141781164588,0,0,0,"none",0,71,1
0.511671589836778,0.301252929233277,1,1,0.304739255349948,NA,0.999654699280746,1,0.26119149911385,NA,0.871302152058922,1,0.317833600970383,0.153241406742575,0.00273532288755341,0.993663316582915,1,"S5","signal",500,70,0.500915658514495,65.3085862423784,0,0,0,"none",0,72,1
0.435535962529435,0.301089156503263,1,1,0.302578114610559,NA,0.999962022094152,1,0.231031114785976,NA,0.8893436063496,1,0.256583477118612,0.338713171683722,NA,1,1,"S5","signal",500,70,0.500915658514495,92.3003057530536,0,0,0,"none",0,73,1
0.403776761129052,0.283806018486582,1,1,0.190684676245336,NA,0.986436848463238,1,0.0589361688453709,NA,0.325923954555495,0,0.168461172317508,0.220730396374025,0.00121597991339624,0.99786432160804,1,"S5","signal",500,70,0.500915658514495,73.0152010511472,0,0,0,"none",0,74,1
0.428149633001588,0.307706024312592,1,1,0.34447910831828,NA,0.999994417851612,1,0.315005685672249,NA,0.991073270483635,1,0.395878574308748,0.296486012019588,NA,1,1,"S5","signal",500,70,0.500915658514495,82.9463014182967,0,0,0,"none",0,75,1
0.440720168496627,0.275380611977985,1,1,0.300438146471475,NA,0.999818426273435,1,0.276702524171677,NA,0.923155049717144,1,0.317381788497049,0.192871268103665,NA,1,1,"S5","signal",500,70,0.500915658514495,78.0077926019599,0,0,0,"none",0,76,1
0.403824600187089,0.310103593971763,1,1,0.290621927423133,NA,0.999756064673377,1,0.110812010204371,NA,0.465428238423376,0,0.247989888056878,0.296957294567265,NA,1,1,"S5","signal",500,70,0.500915658514495,73.336543793288,0,0,0,"none",0,77,1
0.422605377905621,0.305705144557338,1,1,0.211175484579894,NA,0.996714803105088,1,0.125807202753461,NA,0.606094922255288,1,0.231403236932142,0.273076117053387,NA,1,1,"S5","signal",500,70,0.500915658514495,105.955763059387,0,0,0,"none",0,78,1
0.440782616659542,0.289624879347158,1,1,0.236216341724324,NA,0.995482478710883,1,0.0410878321730547,NA,0.212738028597372,0,0.17496118405019,0.331438021045651,NA,1,1,"S5","signal",500,70,0.500915658514495,70.921902206998,0,0,0,"none",0,79,1
0.46142378445947,0.311705246989528,1,1,0.311385969566428,NA,0.999961905177829,1,0.27566815015655,NA,0.959143229561761,1,0.350778146202844,0.234877242669448,NA,1,1,"S5","signal",500,70,0.500915658514495,82.1418527175414,0,0,0,"none",0,80,1
0.430837542567407,0.311735042205548,1,1,0.232741118476321,NA,0.99677073301366,1,0.131197050542177,NA,0.562278619927234,1,0.236633348403954,0.255405038826512,0.00119852257632259,0.998801507537688,1,"S5","signal",500,70,0.500915658514495,75.810959670448,0,0,0,"none",0,81,1
0.42013132377416,0.317251564818686,1,1,0.292219728327705,NA,0.999845713445976,1,0.307364554911645,NA,0.980496717389244,1,0.294306765172068,0.314656438173142,NA,1,1,"S5","signal",500,70,0.500915658514495,93.7577678186467,0,0,0,"none",0,82,1
0.477276373749652,0.282254475471106,1,1,0.457699448570219,NA,0.999999994752003,1,0.425729215752809,NA,0.999708241655054,1,0.459369174718036,0.332599031350986,NA,1,1,"S5","signal",500,70,0.500915658514495,86.593816049656,0,0,0,"none",0,83,1
0.487112611916906,0.278802879408296,1,1,0.343601068374594,NA,0.999998570645455,1,0.323625398918279,NA,0.995941454497248,1,0.36612261754772,0.320569215901949,NA,1,1,"S5","signal",500,70,0.500915658514495,88.4343138362684,0,0,0,"none",0,84,1
0.499949959923606,0.304690266491414,1,1,0.351059856633695,NA,0.999954315911515,1,0.29077091732018,NA,0.914309381377617,1,0.335984733810719,0.21784465294809,NA,1,1,"S5","signal",500,70,0.500915658514495,84.2513504919068,0,0,0,"none",0,85,1
0.509630034571305,0.296102914396723,1,1,0.301765428964295,NA,0.999618516360224,1,0.24066160259685,NA,0.840454269746978,1,0.229871575741233,0.236201804841437,NA,1,1,"S5","signal",500,70,0.500915658514495,71.4654310130254,0,0,0,"none",0,86,1
0.447999320152282,0.281945011959308,1,1,0.369473461728688,NA,0.999999371056384,1,0.343188534372779,NA,0.997417680225249,1,0.39479994535885,0.329627732205895,NA,1,1,"S5","signal",500,70,0.500915658514495,91.2310641171984,0,0,0,"none",0,87,1
0.389961135623528,0.310349355649514,1,1,0.175262404039048,NA,0.969492881342274,1,0.0407118626866728,NA,0.236525977166141,0,0.287637313971663,0.402543931184444,NA,1,1,"S5","signal",500,70,0.500915658514495,76.1526015646783,0,0,0,"none",0,88,1
0.483464607096543,0.29649971467852,1,1,0.393146232015999,NA,0.999998766418392,1,0.367466065732562,NA,0.994506249651644,1,0.376051795898236,0.32995553423241,NA,1,1,"S5","signal",500,70,0.500915658514495,67.7835818223175,0,0,0,"none",0,89,1
0.558904392739816,0.303365982980021,1,1,0.380672366159254,NA,0.99999785583498,1,0.322483048529061,NA,0.97523250029477,1,0.400350942101407,0.295550625063095,NA,1,1,"S5","signal",500,70,0.500915658514495,83.507531307475,0,0,0,"none",0,90,1
0.478742139945451,0.301574648132363,1,1,0.277301325734597,NA,0.999092663006313,1,0.16237288192274,NA,0.63401177262087,1,0.294637195116444,0.323341926622366,NA,1,1,"S5","signal",500,70,0.500915658514495,78.8669008647581,0,0,0,"none",0,91,1
0.468728022122481,0.282975203968167,1,1,0.304136547592412,NA,0.999973101995406,1,0.296967334891099,NA,0.980505790396218,1,0.30566627677444,0.316708907386897,NA,1,1,"S5","signal",500,70,0.500915658514495,88.697380835498,0,0,0,"none",0,92,1
0.544391550935787,0.286790831691297,1,1,0.45740198309334,NA,0.999999970878691,1,0.425090848298714,NA,0.999660794029165,1,0.429450146282104,0.369177637396478,NA,1,1,"S5","signal",500,70,0.500915658514495,77.8353427319385,0,0,0,"none",0,93,1
0.478983866644868,0.304897668872138,1,1,0.296100155558012,NA,0.999898576543702,1,0.267428087284762,NA,0.935178101756177,1,0.313333280128099,0.252468950352798,NA,1,1,"S5","signal",500,70,0.500915658514495,81.7698415518905,0,0,0,"none",0,94,1
0.433407678485063,0.311351314524659,1,1,0.326767124374308,NA,0.999995308889097,1,0.266749900844342,NA,0.947064445133639,1,0.372543492986432,0.292914104517689,NA,1,1,"S5","signal",500,70,0.500915658514495,113.044165593175,0,0,0,"none",0,95,1
0.453406097030632,0.30069978332747,1,1,0.295770444495314,NA,0.999891517177118,1,0.229042311806808,NA,0.85347641099697,1,0.309004287667173,0.334553372153401,NA,1,1,"S5","signal",500,70,0.500915658514495,89.3728326996634,0,0,0,"none",0,96,1
0.397269193319795,0.299622243912096,1,1,0.308294141207776,NA,0.999944904831229,1,0.269591808493978,NA,0.960252284938312,1,0.272888715350409,0.186430159934804,NA,1,1,"S5","signal",500,70,0.500915658514495,83.9205449338067,0,0,0,"none",0,97,1
0.455608099371063,0.302587350175917,1,1,0.377591557145168,NA,0.999996270859385,1,0.339135201929633,NA,0.989197170888859,1,0.421764661504299,0.303501265111743,NA,1,1,"S5","signal",500,70,0.500915658514495,81.4577024621659,0,0,0,"none",0,98,1
0.507325196890175,0.318173639773261,1,1,0.350067583035043,NA,0.999952632518078,1,0.362123027950049,NA,0.980333380577288,1,0.359780783308123,0.409334795143659,NA,1,1,"S5","signal",500,70,0.500915658514495,69.1399625103067,0,0,0,"none",0,99,1
0.544219213415172,0.319855238333687,1,1,0.395862612675701,NA,0.999999933156335,1,0.371075144026732,NA,0.99968279795806,1,0.429452390754555,0.362363512217848,NA,1,1,"S5","signal",500,70,0.500915658514495,103.954047835454,0,0,0,"none",0,100,1
0.423768308359258,0.297851579970537,1,1,0.212723443905312,NA,0.999277717371456,1,0.172030300304417,NA,0.921587148415543,1,0.273780571138265,0.308200908869945,NA,1,1,"S5","signal",500,70,0.500915658514495,136.904574745388,0.3,0,0,"none",0,1,1
0.417086797435839,0.32154084569911,1,1,0.346218080436453,NA,0.999999976700204,1,0.343333161370009,NA,0.999999999638653,1,0.358220330212972,0.274553266824791,NA,1,1,"S5","signal",500,70,0.500915658514495,149.797291982362,0.3,0,0,"none",0,2,1
0.362007648459863,0.307071131660397,1,1,0.226309398073085,NA,0.999584698385485,1,0.200262889309506,NA,0.974018299449546,1,0.261691785041244,0.385968022425474,NA,1,1,"S5","signal",500,70,0.500915658514495,136.114364546722,0.3,0,0,"none",0,3,1
0.390358196512292,0.292020724952326,1,1,0.32322201599348,NA,0.999999297448687,1,0.289250521199764,NA,0.999991802041423,1,0.315097780039827,0.298915994441633,NA,1,1,"S5","signal",500,70,0.500915658514495,154.039190727661,0.3,0,0,"none",0,4,1
0.424565680476914,0.284920309383093,1,1,0.329463189745007,NA,0.999999975428836,1,0.276775186053044,NA,0.99999852523903,1,0.33504200805133,0.280346278088608,NA,1,1,"S5","signal",500,70,0.500915658514495,171.608163741644,0.3,0,0,"none",0,5,1
0.372301057291604,0.261079776778015,1,1,0.271827059779446,NA,0.999975849237929,1,0.204850245875258,NA,0.960078164428421,1,0.325358920276962,0.287657391784354,NA,1,1,"S5","signal",500,70,0.500915658514495,125.85007782365,0.3,0,0,"none",0,6,1
0.396507926270666,0.294327345436343,1,1,0.264512917138271,NA,0.999991795653727,1,0.226696039787744,NA,0.997811506585888,1,0.318205927278448,0.235308300125709,NA,1,1,"S5","signal",500,70,0.500915658514495,132.32685982498,0.3,0,0,"none",0,7,1
0.420314880014686,0.298410066233698,1,1,0.276036488970736,NA,0.999928362290108,1,0.24386585346624,NA,0.986799035897787,1,0.282079883221438,0.289819802174807,NA,1,1,"S5","signal",500,70,0.500915658514495,123.505825248647,0.3,0,0,"none",0,8,1
0.386294925742079,0.292130235178831,1,1,0.277236075510213,NA,0.99999746053981,1,0.257126773357491,NA,0.999981838792669,1,0.272354733815788,0.254850543638946,NA,1,1,"S5","signal",500,70,0.500915658514495,161.924504058834,0.3,0,0,"none",0,9,1
0.44802906766616,0.31834634762629,1,1,0.372943597415504,NA,0.999999955350166,1,0.327415595102551,NA,0.999987075780778,1,0.416464231095204,0.37194907087329,NA,1,1,"S5","signal",500,70,0.500915658514495,144.675815964788,0.3,0,0,"none",0,10,1
0.451037848993502,0.28397776559331,1,1,0.406033098446924,NA,0.999999972650901,1,0.363484035404373,NA,0.999970914321244,1,0.365894711364736,0.306538174463518,NA,1,1,"S5","signal",500,70,0.500915658514495,111.801780555973,0.3,0,0,"none",0,11,1
0.349250363386329,0.307178846374663,1,1,0.256075707495345,NA,0.999982767923161,1,0.210859088250697,NA,0.995510860485339,1,0.331286983074819,0.306996785878534,NA,1,1,"S5","signal",500,70,0.500915658514495,138.727519704314,0.3,0,0,"none",0,12,1
0.490313837146332,0.276673113316743,1,1,0.411367605777704,NA,0.999999999989368,1,0.353765462643479,NA,0.999999970709686,1,0.372772004194629,0.241801907660633,NA,1,1,"S5","signal",500,70,0.500915658514495,153.038669026074,0.3,0,0,"none",0,13,1
0.439789355596715,0.28368215876526,1,1,0.251263946488536,NA,0.999990463442967,1,0.222708087706325,NA,0.999329100912612,1,0.26235552524025,0.21735153333104,NA,1,1,"S5","signal",500,70,0.500915658514495,157.741010217657,0.3,0,0,"none",0,14,1
0.471507730073817,0.296032133068396,1,1,0.31278530561987,NA,0.999997884463149,1,0.283793609329398,NA,0.999941518525578,1,0.357493688585181,0.243895857569437,NA,1,1,"S5","signal",500,70,0.500915658514495,137.976586116018,0.3,0,0,"none",0,15,1
0.422718016055264,0.294668063307292,1,1,0.294967276826868,NA,0.999997590905431,1,0.258650341663415,NA,0.999390626941339,1,0.257946659513951,0.351596078740872,NA,1,1,"S5","signal",500,70,0.500915658514495,133.418605086628,0.3,0,0,"none",0,16,1
0.388092205935905,0.290025871453172,1,1,0.27577217981369,NA,0.999975617969335,1,0.225675545146452,NA,0.982649426327835,1,0.279798933576137,0.222135366751491,NA,1,1,"S5","signal",500,70,0.500915658514495,109.81956939958,0.3,0,0,"none",0,17,1
0.379608253194716,0.290851681095575,1,1,0.265145474748923,NA,0.999985647886805,1,0.236385822889493,NA,0.998889038704162,1,0.239114663135152,0.320352804120922,NA,1,1,"S5","signal",500,70,0.500915658514495,160.099744176358,0.3,0,0,"none",0,18,1
0.429257422116444,0.284170688920749,1,1,0.291387762346543,NA,0.999990262604886,1,0.24941192717065,NA,0.99254336376684,1,0.296138413178059,0.277473768990048,NA,1,1,"S5","signal",500,70,0.500915658514495,100.01636873836,0.3,0,0,"none",0,19,1
0.407926842939417,0.308709195975995,1,1,0.351416365081838,NA,0.999999843244109,1,0.272812579186593,NA,0.999217382224187,1,0.310718676251472,0.30066041940666,NA,1,1,"S5","signal",500,70,0.500915658514495,120.118724315268,0.3,0,0,"none",0,20,1
0.428284921550491,0.307423042210888,1,1,0.279054959524418,NA,0.999981748961423,1,0.224060040867667,NA,0.989074561050248,1,0.307350354343994,0.301075743671793,NA,1,1,"S5","signal",500,70,0.500915658514495,123.819182086494,0.3,0,0,"none",0,21,1
0.397637330934643,0.319032760225634,1,1,0.219083923026495,NA,0.998624385769898,1,0.113720190165658,NA,0.628867569032041,1,0.258010933465783,0.269988120360757,NA,1,1,"S5","signal",500,70,0.500915658514495,127.573889379342,0.3,0,0,"none",0,22,1
0.406651647445408,0.304801987121304,1,1,0.321115124987234,NA,0.999999500878323,1,0.295743710117751,NA,0.99998692175918,1,0.306445022546643,0.282298192401046,NA,1,1,"S5","signal",500,70,0.500915658514495,152.509150666798,0.3,0,0,"none",0,23,1
0.396719920802649,0.310458664224826,1,1,0.209841648240532,NA,0.998625137042537,1,0.161855458765007,NA,0.854370059930349,1,0.239684866254815,0.317711385951848,NA,1,1,"S5","signal",500,70,0.500915658514495,158.659441839775,0.3,0,0,"none",0,24,1
0.392921281649848,0.296000557910147,1,1,0.270896893781624,NA,0.999951357582411,1,0.25380040300786,NA,0.996868095533955,1,0.365886653762327,0.365058532536233,NA,1,1,"S5","signal",500,70,0.500915658514495,117.347269694249,0.3,0,0,"none",0,25,1
0.51095363975535,0.300152986458327,1,1,0.37545674088656,NA,0.999999770047224,1,0.325261365321571,NA,0.999797325785276,1,0.361252183050839,0.349335280083115,NA,1,1,"S5","signal",500,70,0.500915658514495,113.820291141345,0.3,0,0,"none",0,26,1
0.421860516940068,0.297545044913262,1,1,0.272748402726386,NA,0.999954697991696,1,0.204148203274553,NA,0.962032212852665,1,0.255789562033064,0.297911631114738,NA,1,1,"S5","signal",500,70,0.500915658514495,119.192271571007,0.3,0,0,"none",0,27,1
0.413949420201821,0.317376650929634,1,1,0.235143857540831,NA,0.999378337649915,1,0.228195754099204,NA,0.986928302447383,1,0.284422672732159,0.287346823136186,NA,1,1,"S5","signal",500,70,0.500915658514495,133.011774354993,0.3,0,0,"none",0,28,1
0.346347130775289,0.30884539369389,1,1,0.165162269504636,NA,0.990755225347772,1,0.127941233876284,NA,0.774481780306431,1,0.193857762776472,0.329386525159405,NA,1,1,"S5","signal",500,70,0.500915658514495,146.959532680722,0.3,0,0,"none",0,29,1
0.365517109923657,0.319464681312069,1,1,0.258449557010391,NA,0.999985978438135,1,0.221392643575142,NA,0.999162685644653,1,0.272761524050965,0.274370045318035,NA,1,1,"S5","signal",500,70,0.500915658514495,163.311900939385,0.3,0,0,"none",0,30,1
0.42418473997234,0.268914932685343,1,1,0.277222911572137,NA,0.999987044602499,1,0.264582330130181,NA,0.999714122185023,1,0.261235578947193,0.225467906540716,NA,1,1,"S5","signal",500,70,0.500915658514495,128.081978249807,0.3,0,0,"none",0,31,1
0.44999612590526,0.308600482813502,1,1,0.385333827575951,NA,0.999999999819267,1,0.353716017560672,NA,0.99999998481973,1,0.379372747994506,0.31224301659647,NA,1,1,"S5","signal",500,70,0.500915658514495,154.126027600795,0.3,0,0,"none",0,32,1
0.412914578856331,0.310972877134512,1,1,0.35779049763292,NA,0.999998459673304,1,0.331002889524986,NA,0.999939152204977,1,0.284147550202463,0.314197538634101,NA,1,1,"S5","signal",500,70,0.500915658514495,110.107816894224,0.3,0,0,"none",0,33,1
0.43766667541154,0.28998223157292,1,1,0.250686499386244,NA,0.999974196835018,1,0.235515117641463,NA,0.999553688126954,1,0.250168298291966,0.215408643759026,NA,1,1,"S5","signal",500,70,0.500915658514495,151.762132615199,0.3,0,0,"none",0,34,1
0.401911753107673,0.290938282277963,1,1,0.270868829670568,NA,0.999966248157091,1,0.225167632444938,NA,0.99423094128644,1,0.259231643504845,0.305136079004846,NA,1,1,"S5","signal",500,70,0.500915658514495,143.457554560791,0.3,0,0,"none",0,35,1
0.451195325547103,0.30156920348688,1,1,0.374669728363203,NA,0.999999968913891,1,0.323277434920984,NA,0.999992798356304,1,0.39487260376601,0.319159793690329,NA,1,1,"S5","signal",500,70,0.500915658514495,140.315297192403,0.3,0,0,"none",0,36,1
0.391580751320993,0.314861488920717,1,1,0.246670253238036,NA,0.999830782517176,1,0.211872714001027,NA,0.98455403456853,1,0.238369717665437,0.327744431041541,NA,1,1,"S5","signal",500,70,0.500915658514495,132.324767325715,0.3,0,0,"none",0,37,1
0.446231240542139,0.314798279586063,1,1,0.275260595871714,NA,0.999959092075237,1,0.244257642396464,NA,0.997510888484631,1,0.262121158327648,0.247147479587236,NA,1,1,"S5","signal",500,70,0.500915658514495,118.973618200471,0.3,0,0,"none",0,38,1
0.406681968162504,0.291059551958233,1,1,0.342768930372929,NA,0.999999510669415,1,0.326089422714821,NA,0.999993488740986,1,0.298903958621865,0.280360434195673,NA,1,1,"S5","signal",500,70,0.500915658514495,126.603641227691,0.3,0,0,"none",0,39,1
0.405358023957489,0.299885499796043,1,1,0.33098668254849,NA,0.99999961557991,1,0.313562463786602,NA,0.99999669218558,1,0.372351051175745,0.398589331759322,NA,1,1,"S5","signal",500,70,0.500915658514495,148.683247106165,0.3,0,0,"none",0,40,1
0.371850532154913,0.312254318025405,1,1,0.315061174291912,NA,0.999997109278343,1,0.283390350880863,NA,0.999977341604042,1,0.362675023368485,0.355146210076864,NA,1,1,"S5","signal",500,70,0.500915658514495,131.300029872412,0.3,0,0,"none",0,41,1
0.513240780239174,0.286308447458743,1,1,0.408662173999204,NA,0.999999999811332,1,0.365323147695667,NA,0.999999995117935,1,0.367150126529334,0.301461934849891,NA,1,1,"S5","signal",500,70,0.500915658514495,149.866172191861,0.3,0,0,"none",0,42,1
0.432606590950034,0.296771799332089,1,1,0.274067344984281,NA,0.999902643537278,1,0.252594345258141,NA,0.995897048911648,1,0.31098057583926,0.346529117105859,NA,1,1,"S5","signal",500,70,0.500915658514495,109.908179239948,0.3,0,0,"none",0,43,1
0.450785299072899,0.310450391946543,1,1,0.291315706837049,NA,0.999993817247528,1,0.275676194537935,NA,0.999842751897318,1,0.266795155238116,0.29783536078839,NA,1,1,"S5","signal",500,70,0.500915658514495,152.965115734474,0.3,0,0,"none",0,44,1
0.39979896027918,0.309170538982972,1,1,0.2639752275561,NA,0.99993148706437,1,0.224865122235622,NA,0.97817178056193,1,0.273556557113295,0.206435928758707,NA,1,1,"S5","signal",500,70,0.500915658514495,112.805733910445,0.3,0,0,"none",0,45,1
0.478788097399147,0.3175249210345,1,1,0.341658420885933,NA,0.999998471111856,1,0.288760592788394,NA,0.999583708424349,1,0.287883076019471,0.366012582480691,NA,1,1,"S5","signal",500,70,0.500915658514495,132.400205298719,0.3,0,0,"none",0,46,1
0.33262600641722,0.309965159613187,1,1,0.262947969771302,NA,0.999961502373674,1,0.230307189011238,NA,0.995120606488709,1,0.202604897506705,0.272707741764616,NA,1,1,"S5","signal",500,70,0.500915658514495,142.693795933817,0.3,0,0,"none",0,47,1
0.410928995048698,0.279778884850146,1,1,0.221300810883386,NA,0.999657215570837,1,0.199305777068543,NA,0.967145920673974,1,0.230906225813457,0.274453584198994,NA,1,1,"S5","signal",500,70,0.500915658514495,129.488442621467,0.3,0,0,"none",0,48,1
0.341948305807341,0.307742398950866,1,1,0.232497734590627,NA,0.999876457471381,1,0.214942847729702,NA,0.997858906955048,1,0.242216854967305,0.344350779255904,NA,1,1,"S5","signal",500,70,0.500915658514495,174.188262687811,0.3,0,0,"none",0,49,1
0.41904984609076,0.303053269965175,1,1,0.251339819435639,NA,0.999929467153469,1,0.249878204502183,NA,0.999409474931716,1,0.232928167690547,0.301838544336878,NA,1,1,"S5","signal",500,70,0.500915658514495,149.043129404035,0.3,0,0,"none",0,50,1
0.442155022722999,0.27527842608068,1,1,0.214745093527879,NA,0.9991428853605,1,0.183429175419463,NA,0.936743609462348,1,0.174177076939591,0.209771964502981,NA,1,1,"S5","signal",500,70,0.500915658514495,122.321795094423,0.3,0,0,"none",0,51,1
0.442696553580696,0.303943790093162,1,1,0.285013570338889,NA,0.999990302012531,1,0.217740959693838,NA,0.979537931698636,1,0.246209212588489,0.283942527616465,NA,1,1,"S5","signal",500,70,0.500915658514495,135.60269938354,0.3,0,0,"none",0,52,1
0.463616668643469,0.299347893705308,1,1,0.327063668869645,NA,0.999999756396001,1,0.280485312074511,NA,0.999984597604908,1,0.324148525945483,0.294134079528934,NA,1,1,"S5","signal",500,70,0.500915658514495,135.029891254064,0.3,0,0,"none",0,53,1
0.447936798371198,0.277370382688225,1,1,0.304145185382704,NA,0.999996113849723,1,0.277812669151006,NA,0.999447661242662,1,0.320081284717054,0.268994114045201,NA,1,1,"S5","signal",500,70,0.500915658514495,115.399084821512,0.3,0,0,"none",0,54,1
0.36934161697639,0.297735340419369,1,1,0.283346853591875,NA,0.999999072629069,1,0.252875191082629,NA,0.999981165538766,1,0.251890398421876,0.226535501124023,NA,1,1,"S5","signal",500,70,0.500915658514495,158.731505024384,0.3,0,0,"none",0,55,1
0.398807529946627,0.298945371999723,1,1,0.28929490185215,NA,0.999965745712203,1,0.251320893379519,NA,0.984017201721743,1,0.235509246952773,0.422099507631195,NA,1,1,"S5","signal",500,70,0.500915658514495,125.097149612323,0.3,0,0,"none",0,56,1
0.450719127689112,0.29732798915377,1,1,0.36544868214227,NA,0.999999990070273,1,0.36150689307133,NA,0.999999998985715,1,0.324268310538452,0.327886673112293,NA,1,1,"S5","signal",500,70,0.500915658514495,142.326084353447,0.3,0,0,"none",0,57,1
0.354742386126372,0.289268389230515,1,1,0.256029268166615,NA,0.999936385642243,1,0.253017214373065,NA,0.999717399913112,1,0.30086871726736,0.245901696905993,NA,1,1,"S5","signal",500,70,0.500915658514495,123.548988670793,0.3,0,0,"none",0,58,1
0.423996998558384,0.308980773722045,1,1,0.320430508298353,NA,0.999999770705935,1,0.288812741571945,NA,0.999995683716464,1,0.367694046019928,0.299513092058895,NA,1,1,"S5","signal",500,70,0.500915658514495,135.484040621413,0.3,0,0,"none",0,59,1
0.429162936746669,0.299645798184172,1,1,0.352481707479149,NA,0.999999969732415,1,0.342755660049033,NA,0.999999970344941,1,0.313806519174312,0.309498760606301,NA,1,1,"S5","signal",500,70,0.500915658514495,134.795389440939,0.3,0,0,"none",0,60,1
0.409157835803289,0.299152449883592,1,1,0.290337044258354,NA,0.999991582567608,1,0.233480068965633,NA,0.994997088910155,1,0.321930157783398,0.25747370343135,NA,1,1,"S5","signal",500,70,0.500915658514495,126.726543553973,0.3,0,0,"none",0,61,1
0.486733043719275,0.313425467061726,1,1,0.406928910000964,NA,0.999999999140244,1,0.361829009759021,NA,0.999999847167037,1,0.385449356374769,0.421714989017325,NA,1,1,"S5","signal",500,70,0.500915658514495,148.183528687878,0.3,0,0,"none",0,62,1
0.390112745953938,0.292744345631412,1,1,0.234508288703106,NA,0.999397408395414,1,0.144547598775315,NA,0.773035251203464,1,0.268242983780842,0.357929494633606,NA,1,1,"S5","signal",500,70,0.500915658514495,126.192523974693,0.3,0,0,"none",0,63,1
0.450076081858511,0.281046381091141,1,1,0.349381156126973,NA,0.999999903249412,1,0.296398839358753,NA,0.999955225352267,1,0.308643534877262,0.337145816892643,NA,1,1,"S5","signal",500,70,0.500915658514495,121.953388224486,0.3,0,0,"none",0,64,1
0.436920716750765,0.281357826067941,1,1,0.234257451155134,NA,0.998851786366417,1,0.168772626813592,NA,0.834504972761135,1,0.21845084417948,0.277616428591927,NA,1,1,"S5","signal",500,70,0.500915658514495,110.110714971815,0.3,0,0,"none",0,65,1
0.396011312727219,0.301889692823154,1,1,0.296671309507634,NA,0.999998193811929,1,0.229900396165204,NA,0.997882187260212,1,0.353604886719835,0.326158454482416,NA,1,1,"S5","signal",500,70,0.500915658514495,162.821751754426,0.3,0,0,"none",0,66,1
0.454146515577579,0.311615318462713,1,1,0.254954711782327,NA,0.999774910038694,1,0.239783158865588,NA,0.993504520646674,1,0.309012617942792,0.294342693012186,NA,1,1,"S5","signal",500,70,0.500915658514495,119.721694807565,0.3,0,0,"none",0,67,1
0.490665446381399,0.313665437496997,1,1,0.409193847725927,NA,0.99999999814147,1,0.35875811249191,NA,0.999999239144732,1,0.417774368325943,0.336553145715131,NA,1,1,"S5","signal",500,70,0.500915658514495,143.082658462297,0.3,0,0,"none",0,68,1
0.345675297748492,0.309224299055911,1,1,0.243071983708262,NA,0.999832533243646,1,0.240848843378789,NA,0.999001357722981,1,0.337046104320329,0.308989576996384,NA,1,1,"S5","signal",500,70,0.500915658514495,134.90772679977,0.3,0,0,"none",0,69,1
0.331895311131176,0.30236073452517,1,1,0.234752667026555,NA,0.999894382336342,1,0.214989974440948,NA,0.994585766344931,1,0.224548026052298,0.278697204088113,NA,1,1,"S5","signal",500,70,0.500915658514495,135.771176646274,0.3,0,0,"none",0,70,1
0.440461483495664,0.297397928800342,1,1,0.266876801129822,NA,0.999984804709318,1,0.230270515478992,NA,0.992401092756996,1,0.306229304947846,0.275961302946919,NA,1,1,"S5","signal",500,70,0.500915658514495,137.822454477453,0.3,0,0,"none",0,71,1
0.446291547466765,0.285599265121837,1,1,0.345478638085773,NA,0.999999854260086,1,0.340489852544665,NA,0.999999675986719,1,0.335597573899341,0.317595188633973,NA,1,1,"S5","signal",500,70,0.500915658514495,146.004760633598,0.3,0,0,"none",0,72,1
0.455080625379961,0.301479866184038,1,1,0.318147666157832,NA,0.999999315082209,1,0.269326339064828,NA,0.99979659697905,1,0.296416273092695,0.258717817510824,NA,1,1,"S5","signal",500,70,0.500915658514495,144.351168298884,0.3,0,0,"none",0,73,1
0.408721665764366,0.319548302760524,1,1,0.258738505883215,NA,0.999862960094531,1,0.22477605166534,NA,0.990759978913877,1,0.21870080923836,0.254385636982956,NA,1,1,"S5","signal",500,70,0.500915658514495,121.201558610504,0.3,0,0,"none",0,74,1
0.406945330790208,0.295871548671228,1,1,0.313509672082276,NA,0.999998549262973,1,0.286101594105296,NA,0.999974873100999,1,0.282831212016988,0.376397990647721,NA,1,1,"S5","signal",500,70,0.500915658514495,141.742363792109,0.3,0,0,"none",0,75,1
0.389229142490013,0.290492786790838,1,1,0.316421939020241,NA,0.999995272186828,1,0.318388190864656,NA,0.999992035012215,1,0.327157608627065,0.434351092606252,NA,1,1,"S5","signal",500,70,0.500915658514495,140.57815186798,0.3,0,0,"none",0,76,1
0.404643324903202,0.303904502632281,1,1,0.27614697621737,NA,0.999961893096848,1,0.270042819161962,NA,0.999379829707029,1,0.366582553547613,0.342243058500746,NA,1,1,"S5","signal",500,70,0.500915658514495,132.479965705409,0.3,0,0,"none",0,77,1
0.479523657648404,0.318690858693298,1,1,0.338800528055671,NA,0.999999656861956,1,0.308739045188448,NA,0.999996198948158,1,0.295788546261639,0.312184021204713,NA,1,1,"S5","signal",500,70,0.500915658514495,120.894449238055,0.3,0,0,"none",0,78,1
0.490215125773521,0.297508509202405,1,1,0.292269463842886,NA,0.999929005637649,1,0.281748529098866,NA,0.996573805139344,1,0.310200643888966,0.284307933301184,NA,1,1,"S5","signal",500,70,0.500915658514495,110.744805090466,0.3,0,0,"none",0,79,1
0.394110149181215,0.295944761206095,1,1,0.265122029159652,NA,0.999958738063826,1,0.211288643808884,NA,0.986514187710166,1,0.243498679317767,0.294337758325069,NA,1,1,"S5","signal",500,70,0.500915658514495,140.42912020499,0.3,0,0,"none",0,80,1
0.380206470339792,0.297933663887201,1,1,0.285331927635304,NA,0.999844932545782,1,0.219777531629934,NA,0.904224026044322,1,0.201306627962996,0.270490012342716,NA,1,1,"S5","signal",500,70,0.500915658514495,87.6955174919043,0.3,0,0,"none",0,81,1
0.377814693621813,0.312393215758908,1,1,0.293483835616476,NA,0.999988548102386,1,0.270928723840032,NA,0.99943136591821,1,0.385843408488177,0.343216681693896,NA,1,1,"S5","signal",500,70,0.500915658514495,114.923327095298,0.3,0,0,"none",0,82,1
0.449034651086362,0.285195499072576,1,1,0.403181869437957,NA,0.999999979955229,1,0.38338587478146,NA,0.999999837545133,1,0.369710050785859,0.280058441814911,NA,1,1,"S5","signal",500,70,0.500915658514495,90.9156637349791,0.3,0,0,"none",0,83,1
0.481231390377656,0.308662874208798,1,1,0.310167548703381,NA,0.999998574749366,1,0.292950688035279,NA,0.999992099381064,1,0.366618709421267,0.3262196541557,NA,1,1,"S5","signal",500,70,0.500915658514495,165.383328959455,0.3,0,0,"none",0,84,1
0.389445397504767,0.314887936037393,1,1,0.251455966583724,NA,0.999937038488311,1,0.2441656251948,NA,0.999671447830802,1,0.319622747474038,0.320165047592588,NA,1,1,"S5","signal",500,70,0.500915658514495,153.699362114374,0.3,0,0,"none",0,85,1
0.508369297070597,0.301969501137926,1,1,0.469490592172187,NA,0.99999999987003,1,0.437542760108606,NA,0.999999999657968,1,0.395014975687442,0.338915135449099,NA,1,1,"S5","signal",500,70,0.500915658514495,138.712448350472,0.3,0,0,"none",0,86,1
0.383964821528017,0.30540377269748,1,1,0.240229448670209,NA,0.999871810027013,1,0.223242260606623,NA,0.995426026561292,1,0.25702826233697,0.319586257688558,NA,1,1,"S5","signal",500,70,0.500915658514495,150.536288125519,0.3,0,0,"none",0,87,1
0.384657796502059,0.314810442657511,1,1,0.236640154551954,NA,0.999821287676741,1,0.199852278072337,NA,0.987697172384507,1,0.202134819630735,0.32829818615784,NA,1,1,"S5","signal",500,70,0.500915658514495,146.462744687209,0.3,0,0,"none",0,88,1
0.438882014399885,0.312760183678482,1,1,0.314943341732603,NA,0.999998640215356,1,0.243573767246247,NA,0.993468227827945,1,0.321048351733296,0.318586290125878,NA,1,1,"S5","signal",500,70,0.500915658514495,135.176729020104,0.3,0,0,"none",0,89,1
0.375015767037134,0.285014604589793,1,1,0.275449428861647,NA,0.999995340722862,1,0.243505132265326,NA,0.999283037183209,1,0.230613928382253,0.255483987026757,NA,1,1,"S5","signal",500,70,0.500915658514495,143.465752107892,0.3,0,0,"none",0,90,1
0.456526442028878,0.294531746691176,1,1,0.404693270530386,NA,0.999999998847937,1,0.332655684877837,NA,0.999990035651981,1,0.362868614211324,0.348058547660277,NA,1,1,"S5","signal",500,70,0.500915658514495,126.311913308269,0.3,0,0,"none",0,91,1
0.369423828760484,0.299883321058636,1,1,0.350487127531216,NA,0.999999955310115,1,0.335257374675571,NA,0.999999701392419,1,0.362023676417132,0.286133841970257,NA,1,1,"S5","signal",500,70,0.500915658514495,167.839054902496,0.3,0,0,"none",0,92,1
0.427751917009683,0.299215567101701,1,1,0.335507739305065,NA,0.999999714733692,1,0.273393985789929,NA,0.999510929507077,1,0.245700153894971,0.293664692783857,NA,1,1,"S5","signal",500,70,0.500915658514495,136.139347608816,0.3,0,0,"none",0,93,1
0.39721049746308,0.299379234486919,1,1,0.365944988759055,NA,0.999999874254497,1,0.309383639787827,NA,0.999885723573637,1,0.354286866805947,0.335811042402058,NA,1,1,"S5","signal",500,70,0.500915658514495,120.249593464337,0.3,0,0,"none",0,94,1
0.417133603544104,0.301208011048033,1,1,0.350771889652263,NA,0.999999994478498,1,0.319992179444759,NA,0.999999793847046,1,0.399893576386721,0.263231538579241,NA,1,1,"S5","signal",500,70,0.500915658514495,141.898670200789,0.3,0,0,"none",0,95,1
0.401518748299044,0.30865866464728,1,1,0.305361099334188,NA,0.999996111010307,1,0.280782284972566,NA,0.999966636989754,1,0.266116141945947,0.418213573079889,NA,1,1,"S5","signal",500,70,0.500915658514495,139.9429140417,0.3,0,0,"none",0,96,1
0.455156301101392,0.314707932688766,1,1,0.269992769709253,NA,0.999875861653116,1,0.269493792041298,NA,0.997794780197091,1,0.338874247585405,0.367314496022885,NA,1,1,"S5","signal",500,70,0.500915658514495,124.662139873228,0.3,0,0,"none",0,97,1
0.374618251407708,0.313821623134673,1,1,0.242803619425576,NA,0.999325876196523,1,0.146969720527063,NA,0.755975488396048,1,0.301725857354415,0.387927089494428,NA,1,1,"S5","signal",500,70,0.500915658514495,118.244804099785,0.3,0,0,"none",0,98,1
0.446810649593333,0.281426813167186,1,1,0.360413027288524,NA,0.999999989266991,1,0.327303764301091,NA,0.999999728034757,1,0.401172893284907,0.241211848497607,NA,1,1,"S5","signal",500,70,0.500915658514495,160.95884187788,0.3,0,0,"none",0,99,1
0.367435383109503,0.307036533195774,1,1,0.285631395065296,NA,0.999950912676657,1,0.2537275725622,NA,0.995826481304364,1,0.252973611738915,0.315063522173063,NA,1,1,"S5","signal",500,70,0.500915658514495,126.455028535652,0.3,0,0,"none",0,100,1
0.376421160525158,0.279690357054117,1,1,0.361562566026933,NA,0.999999999999341,1,0.324861086977271,NA,1,1,0.261557208211604,0.264650420080975,NA,1,1,"S5","signal",500,70,0.500915658514495,255.995758427438,0.6,0,0,"none",0,1,1
0.405449432879597,0.280515701805834,1,1,0.342782098948358,NA,0.999999997356327,1,0.322508397642755,NA,0.999999999999997,1,0.364073967389571,0.301087138770189,NA,1,1,"S5","signal",500,70,0.500915658514495,198.411457790201,0.6,0,0,"none",0,2,1
0.308807510986047,0.285031969526585,1,1,0.201929370708118,NA,0.999753024722189,1,0.194331889001661,NA,0.999961906458554,1,0.293774307162593,0.277067198500377,NA,1,1,"S5","signal",500,70,0.500915658514495,206.762731058772,0.6,0,0,"none",0,3,1
0.40934807804003,0.300185370529384,1,1,0.274831221380542,NA,0.999999321018271,1,0.23676297577244,NA,0.999999911910692,1,0.2990303107694,0.307972804004034,NA,1,1,"S5","signal",500,70,0.500915658514495,222.204880939683,0.6,0,0,"none",0,4,1
0.344954815799412,0.285147755562512,1,1,0.269200511646983,NA,0.999997901662499,1,0.239409245445559,NA,0.99999950683137,1,0.254928001836288,0.308988818000544,NA,1,1,"S5","signal",500,70,0.500915658514495,229.515990696794,0.6,0,0,"none",0,5,1
0.347026069689458,0.313217819252207,1,1,0.233710855468319,NA,0.999851626178926,1,0.194626326535743,NA,0.999706880156006,1,0.362995945244012,0.325809370538366,NA,1,1,"S5","signal",500,70,0.500915658514495,191.629950273174,0.6,0,0,"none",0,6,1
0.442420296769934,0.306795571150787,1,1,0.352365114357936,NA,0.999999989349477,1,0.326502012633323,NA,0.99999999993757,1,0.268088367109541,0.32837108597171,NA,1,1,"S5","signal",500,70,0.500915658514495,197.008143821583,0.6,0,0,"none",0,7,1
0.393985513938333,0.299096857690546,1,1,0.323425031745431,NA,0.999999999248787,1,0.305021434237027,NA,1,1,0.39070871257938,0.320775971011123,NA,1,1,"S5","signal",500,70,0.500915658514495,261.098617984204,0.6,0,0,"none",0,8,1
0.35074138910147,0.289634633215295,1,1,0.289846349297705,NA,0.999999923664134,1,0.260990111170798,NA,0.999999998178857,1,0.341641060697463,0.274956583537177,NA,1,1,"S5","signal",500,70,0.500915658514495,233.436019509299,0.6,0,0,"none",0,9,1
0.377939069384049,0.29975781243612,1,1,0.393245763586698,NA,0.999999999737857,1,0.346247645113666,NA,0.999999999999866,1,0.275694448512933,0.389871356821275,NA,1,1,"S5","signal",500,70,0.500915658514495,196.923356804194,0.6,0,0,"none",0,10,1
0.394781274126194,0.291432218294719,1,1,0.338686552861459,NA,0.99999999971534,1,0.312763727438886,NA,1,1,0.355986865621944,0.332626074633927,NA,1,1,"S5","signal",500,70,0.500915658514495,220.78087603231,0.6,0,0,"none",0,11,1
0.444846098488221,0.297305400889527,1,1,0.393413672535442,NA,0.999999999926846,1,0.340024140035677,NA,0.999999999999809,1,0.353538520924354,0.295504837994859,NA,1,1,"S5","signal",500,70,0.500915658514495,235.417811735026,0.6,0,0,"none",0,12,1
0.331997775910817,0.30780961593133,1,1,0.304943947466342,NA,0.999999947141942,1,0.279419791480925,NA,0.999999999999723,1,0.231955700817208,0.303625282939395,NA,1,1,"S5","signal",500,70,0.500915658514495,246.262240077501,0.6,0,0,"none",0,13,1
0.321802115564214,0.285285777133305,1,1,0.205420390140351,NA,0.999846899599891,1,0.180642939639725,NA,0.999897171680452,1,0.272891141822348,0.301605279942538,NA,1,1,"S5","signal",500,70,0.500915658514495,222.217554577558,0.6,0,0,"none",0,14,1
0.268539973214057,0.303879688606222,1,1,0.260790583853131,NA,0.999997293138701,1,0.222790982672796,NA,0.999999494066045,1,0.233188860455995,0.338870310376066,NA,1,1,"S5","signal",500,70,0.500915658514495,238.858098830589,0.6,0,0,"none",0,15,1
0.459266903949161,0.313778474992616,1,1,0.31067927952481,NA,0.999998764635676,1,0.282000088616829,NA,0.99999999566402,1,0.307531431312805,0.350058036761159,NA,1,1,"S5","signal",500,70,0.500915658514495,218.922364504573,0.6,0,0,"none",0,16,1
0.411768968834155,0.277612617159012,1,1,0.35329744155248,NA,0.999999999905793,1,0.30981463442034,NA,0.999999999999844,1,0.30534481014392,0.316783916684005,NA,1,1,"S5","signal",500,70,0.500915658514495,240.233381961578,0.6,0,0,"none",0,17,1
0.355379560879624,0.292649547879866,1,1,0.288971176313237,NA,0.999999544846076,1,0.27502377708551,NA,0.999999999937315,1,0.264517422717381,0.337838743271809,NA,1,1,"S5","signal",500,70,0.500915658514495,219.674928971513,0.6,0,0,"none",0,18,1
0.426229082415214,0.276142055513499,1,1,0.414651332926467,NA,0.999999999999956,1,0.354341538970728,NA,1,1,0.350107501364328,0.286345164927937,NA,1,1,"S5","signal",500,70,0.500915658514495,224.079064025785,0.6,0,0,"none",0,19,1
0.352916952373891,0.297045867733674,1,1,0.237629884008091,NA,0.999992052202094,1,0.217403927397645,NA,0.99999997915727,1,0.214104238409513,0.297756005997954,NA,1,1,"S5","signal",500,70,0.500915658514495,256.248792453882,0.6,0,0,"none",0,20,1
0.433021287016958,0.29876384059339,1,1,0.269627184960197,NA,0.999983866859516,1,0.250586030264086,NA,0.999999295912001,1,0.300608858013388,0.27639671291858,NA,1,1,"S5","signal",500,70,0.500915658514495,215.147171759774,0.6,0,0,"none",0,21,1
0.335984652025482,0.29880229242649,1,1,0.280487433502011,NA,0.999999514449292,1,0.237234068806786,NA,0.999999936094872,1,0.258330207048912,0.30184177073018,NA,1,1,"S5","signal",500,70,0.500915658514495,211.492199652739,0.6,0,0,"none",0,22,1
0.370902176270357,0.302811166690892,1,1,0.216776383126609,NA,0.999869415080191,1,0.189540061173688,NA,0.999921664729598,1,0.197996529423198,0.277431164620473,NA,1,1,"S5","signal",500,70,0.500915658514495,223.345054515713,0.6,0,0,"none",0,23,1
0.435308779123488,0.308288551690523,1,1,0.202738262040771,NA,0.999292913567437,1,0.209099789011081,NA,0.999980599802019,1,0.295795106798978,0.293017955938313,NA,1,1,"S5","signal",500,70,0.500915658514495,211.054848631471,0.6,0,0,"none",0,24,1
0.427949527611374,0.310749942506984,1,1,0.356961474926133,NA,0.999999999858318,1,0.314339239342171,NA,0.999999999999912,1,0.324240239916496,0.291610472048424,NA,1,1,"S5","signal",500,70,0.500915658514495,246.110716254762,0.6,0,0,"none",0,25,1
0.383366960477583,0.306683701274064,1,1,0.244201132348444,NA,0.999977611018159,1,0.243020461995639,NA,0.999999822658452,1,0.266164987999983,0.316759000895033,NA,1,1,"S5","signal",500,70,0.500915658514495,247.542628803915,0.6,0,0,"none",0,26,1
0.427639669848836,0.289723555293463,1,1,0.363247454420872,NA,0.999999999971002,1,0.318462635995483,NA,0.999999999999996,1,0.321628798225724,0.261630368164442,NA,1,1,"S5","signal",500,70,0.500915658514495,236.554904258988,0.6,0,0,"none",0,27,1
0.423468930416603,0.311842684066739,1,1,0.252307587364052,NA,0.999996418995112,1,0.216311889690813,NA,0.99999864730189,1,0.275141370600592,0.342822716265921,NA,1,1,"S5","signal",500,70,0.500915658514495,286.522037439453,0.6,0,0,"none",0,28,1
0.393960027307061,0.314126423380041,1,1,0.250540902626849,NA,0.999977698344888,1,0.206902879681187,NA,0.999929449751113,1,0.232061982723268,0.312578640052307,NA,1,1,"S5","signal",500,70,0.500915658514495,190.408636891783,0.6,0,0,"none",0,29,1
0.329635522313755,0.302947715812759,1,1,0.257592143040777,NA,0.999986389062442,1,0.234996332672651,NA,0.999999218076463,1,0.239710948808761,0.359606933905014,NA,1,1,"S5","signal",500,70,0.500915658514495,235.584474751011,0.6,0,0,"none",0,30,1
0.46209239357279,0.309551768359187,1,1,0.395671227265894,NA,0.999999999948327,1,0.350168173352496,NA,1,1,0.33958199121972,0.377642104986696,NA,1,1,"S5","signal",500,70,0.500915658514495,237.508217219817,0.6,0,0,"none",0,31,1
0.388395634123022,0.290812466743264,1,1,0.302449373234452,NA,0.999999838809938,1,0.288336589029318,NA,0.999999999985787,1,0.288454385434658,0.257435538825797,NA,1,1,"S5","signal",500,70,0.500915658514495,242.648241351753,0.6,0,0,"none",0,32,1
0.309328280941739,0.287000869413891,1,1,0.215532609165383,NA,0.999886709266174,1,0.218470781896212,NA,0.999999789387457,1,0.220558320658928,0.271372728975358,NA,1,1,"S5","signal",500,70,0.500915658514495,211.443873877544,0.6,0,0,"none",0,33,1
0.373457390561415,0.299894234556313,1,1,0.278497082050285,NA,0.999999938601657,1,0.272993066506915,NA,0.999999999999908,1,0.292617139868154,0.309645233927015,NA,1,1,"S5","signal",500,70,0.500915658514495,295.026333153026,0.6,0,0,"none",0,34,1
0.345312846851724,0.29319130090684,1,1,0.26529739130228,NA,0.999995898590834,1,0.262785932736069,NA,0.999999999346541,1,0.275315773096053,0.344605001274547,NA,1,1,"S5","signal",500,70,0.500915658514495,245.821754113617,0.6,0,0,"none",0,35,1
0.376628417158304,0.302037548959412,1,1,0.322544337668501,NA,0.999999994610695,1,0.271098460227065,NA,0.999999999676855,1,0.295745550591107,0.300612320074525,NA,1,1,"S5","signal",500,70,0.500915658514495,212.169749300889,0.6,0,0,"none",0,36,1
0.381850355291346,0.305054082451933,1,1,0.303312436806938,NA,0.999999873215745,1,0.276968908937705,NA,0.999999999952747,1,0.257608184919619,0.290603607189172,NA,1,1,"S5","signal",500,70,0.500915658514495,229.404397682349,0.6,0,0,"none",0,37,1
0.403960275670605,0.320778121846738,1,1,0.279248124322569,NA,0.999999166955777,1,0.260985769355037,NA,0.999999999193125,1,0.264225260341086,0.307204606244144,NA,1,1,"S5","signal",500,70,0.500915658514495,227.422740121065,0.6,0,0,"none",0,38,1
0.365132439841137,0.287934367639255,1,1,0.329058271163595,NA,0.999999999086917,1,0.288582540775755,NA,0.99999999999688,1,0.285158981520785,0.302468687525879,NA,1,1,"S5","signal",500,70,0.500915658514495,245.755243351312,0.6,0,0,"none",0,39,1
0.363300499811558,0.29248694348644,1,1,0.29252382568224,NA,0.999996271907151,1,0.267382594718637,NA,0.999999029764709,1,0.238299115022921,0.306483093999681,NA,1,1,"S5","signal",500,70,0.500915658514495,189.531293511714,0.6,0,0,"none",0,40,1
0.429883737089453,0.288181647889162,1,1,0.395429028546124,NA,0.999999999997402,1,0.357014345731885,NA,1,1,0.371888815241425,0.283894467165417,NA,1,1,"S5","signal",500,70,0.500915658514495,236.686483732109,0.6,0,0,"none",0,41,1
0.454144800843464,0.312288271338839,1,1,0.377099420685589,NA,0.999999999113177,1,0.336828583315788,NA,0.999999999999961,1,0.305809117191395,0.309418812948928,NA,1,1,"S5","signal",500,70,0.500915658514495,185.637767473134,0.6,0,0,"none",0,42,1
0.288656923554094,0.297243413323408,1,1,0.229757233030722,NA,0.999991046547556,1,0.205415210741122,NA,0.999999770495612,1,0.255295628059827,0.297120805116711,NA,1,1,"S5","signal",500,70,0.500915658514495,245.515731235049,0.6,0,0,"none",0,43,1
0.458164582610622,0.302716641032547,1,1,0.377676780595362,NA,0.999999999945962,1,0.331124618732068,NA,0.999999999999985,1,0.341515184757333,0.306015260037618,NA,1,1,"S5","signal",500,70,0.500915658514495,224.59836896455,0.6,0,0,"none",0,44,1
0.373749369926439,0.300118130933598,1,1,0.272584062140318,NA,0.999998996901724,1,0.237233585223072,NA,0.999999980288721,1,0.254225511254081,0.345141923782349,NA,1,1,"S5","signal",500,70,0.500915658514495,219.413847975713,0.6,0,0,"none",0,45,1
0.377744280067617,0.30960539965354,1,1,0.284637498575802,NA,0.999999128555213,1,0.264293882627206,NA,0.999999997310069,1,0.254093123466923,0.321474222723042,NA,1,1,"S5","signal",500,70,0.500915658514495,210.372603502768,0.6,0,0,"none",0,46,1
0.44762625865415,0.323671414428075,1,1,0.436839659216217,NA,0.999999999999948,1,0.387450000687824,NA,1,1,0.276216337474864,0.350074693854063,NA,1,1,"S5","signal",500,70,0.500915658514495,230.420545022811,0.6,0,0,"none",0,47,1
0.380549741775424,0.306534076688868,1,1,0.274060669324978,NA,0.99999875456142,1,0.219277318412363,NA,0.999996997547381,1,0.249073865297849,0.276514649150013,NA,1,1,"S5","signal",500,70,0.500915658514495,188.527804308801,0.6,0,0,"none",0,48,1
0.343720397029928,0.298832636028448,1,1,0.212723504901473,NA,0.99985994093645,1,0.202790585496946,NA,0.999995722430506,1,0.244744841258411,0.307850913807064,NA,1,1,"S5","signal",500,70,0.500915658514495,201.335163459094,0.6,0,0,"none",0,49,1
0.395429099751506,0.307838214864054,1,1,0.295231127994964,NA,0.999999492002687,1,0.267131192840933,NA,0.999999993292713,1,0.291074492418804,0.309957467275976,NA,1,1,"S5","signal",500,70,0.500915658514495,213.687657559534,0.6,0,0,"none",0,50,1
0.451420410385178,0.315031310145352,1,1,0.293455702926795,NA,0.999998620488644,1,0.262833622625855,NA,0.999999986301067,1,0.297280917506395,0.315942427676575,NA,1,1,"S5","signal",500,70,0.500915658514495,201.094256144727,0.6,0,0,"none",0,51,1
0.487380815085142,0.30606919811413,1,1,0.363800779572458,NA,0.99999999698377,1,0.315440777375188,NA,0.99999999999285,1,0.303445856609714,0.32064226540576,NA,1,1,"S5","signal",500,70,0.500915658514495,239.412573838116,0.6,0,0,"none",0,52,1
0.363775278485624,0.284356013630649,1,1,0.27436137031786,NA,0.999998826859612,1,0.271250721837314,NA,0.999999999658973,1,0.314367483415019,0.277014160548738,NA,1,1,"S5","signal",500,70,0.500915658514495,221.344487335144,0.6,0,0,"none",0,53,1
0.374214668089183,0.294559891351387,1,1,0.403781532042096,NA,0.99999999998913,1,0.364163947503606,NA,1,1,0.362987645747982,0.308464199542326,NA,1,1,"S5","signal",500,70,0.500915658514495,190.709839209312,0.6,0,0,"none",0,54,1
0.321270053106609,0.315340722475665,1,1,0.21716896369666,NA,0.999960619275611,1,0.170686308002271,NA,0.998251425515325,1,0.284263109669662,0.305148945504997,NA,1,1,"S5","signal",500,70,0.500915658514495,213.104543393119,0.6,0,0,"none",0,55,1
0.431524737989941,0.297383383002417,1,1,0.354835873258731,NA,0.999999972960609,1,0.31633447549899,NA,0.999999999858566,1,0.319572711835235,0.302650002435678,NA,1,1,"S5","signal",500,70,0.500915658514495,188.007991477478,0.6,0,0,"none",0,56,1
0.348792942754814,0.296049765078552,1,1,0.255872349107796,NA,0.999998793516442,1,0.244460276839275,NA,0.999999999941506,1,0.303490682937155,0.299048079438521,NA,1,1,"S5","signal",500,70,0.500915658514495,240.614292559407,0.6,0,0,"none",0,57,1
0.333138422739895,0.311594325509343,1,1,0.139250558907636,NA,0.98229372222949,1,0.13568523273703,NA,0.972653323655155,1,0.224409893188684,0.314156759335787,NA,1,1,"S5","signal",500,70,0.500915658514495,218.553410719786,0.6,0,0,"none",0,58,1
0.332995327511574,0.294435432669977,1,1,0.335336116045802,NA,0.999999999812671,1,0.281857700657776,NA,0.999999999998764,1,0.294122118920544,0.26310827058731,NA,1,1,"S5","signal",500,70,0.500915658514495,244.773373112543,0.6,0,0,"none",0,59,1
0.358189962786438,0.307200811234528,1,1,0.191839449295357,NA,0.999229475730664,1,0.174665338728054,NA,0.999497553789651,1,0.211674221731074,0.336046584065522,NA,1,1,"S5","signal",500,70,0.500915658514495,280.650009586173,0.6,0,0,"none",0,60,1
0.396237006159914,0.288462516551544,1,1,0.264509844494485,NA,0.999997146440539,1,0.262198549673437,NA,0.999999997556574,1,0.245350003675402,0.258823099486695,NA,1,1,"S5","signal",500,70,0.500915658514495,221.344227349269,0.6,0,0,"none",0,61,1
0.374315721800321,0.298395974486619,1,1,0.242026890937922,NA,0.999989721943525,1,0.217652086978955,NA,0.999999529199294,1,0.346054967931255,0.305757529192189,NA,1,1,"S5","signal",500,70,0.500915658514495,244.165672696314,0.6,0,0,"none",0,62,1
0.415173947234002,0.304909126855968,1,1,0.380968548297656,NA,0.999999998274039,1,0.346903853908991,NA,0.999999999999986,1,0.391514532877699,0.325692201537567,NA,1,1,"S5","signal",500,70,0.500915658514495,201.697880253595,0.6,0,0,"none",0,63,1
0.383195477958885,0.298569551035748,1,1,0.323675706612784,NA,0.999999959756499,1,0.296746768097669,NA,0.999999999977988,1,0.321084659602573,0.25002605292381,NA,1,1,"S5","signal",500,70,0.500915658514495,180.356187914656,0.6,0,0,"none",0,64,1
0.366880391185829,0.283691138844767,1,1,0.260125905215981,NA,0.99999967039084,1,0.239683406744678,NA,0.999999999204247,1,0.266219788979444,0.275973494658174,NA,1,1,"S5","signal",500,70,0.500915658514495,244.119450402839,0.6,0,0,"none",0,65,1
0.30815687295038,0.303368219256208,1,1,0.18437004458801,NA,0.99970564951335,1,0.181047577426283,NA,0.99999595977217,1,0.249756151567117,0.279191252666876,NA,1,1,"S5","signal",500,70,0.500915658514495,262.332605687669,0.6,0,0,"none",0,66,1
0.424747550296669,0.296232937400509,1,1,0.33866416920095,NA,0.999999999135611,1,0.301845948433963,NA,0.999999999999373,1,0.349326805309724,0.304945554360744,NA,1,1,"S5","signal",500,70,0.500915658514495,224.650091724342,0.6,0,0,"none",0,67,1
0.413631737628092,0.333991637230756,1,1,0.227956071357962,NA,0.999636863110702,1,0.19499800609198,NA,0.997236769466212,1,0.286890745968614,0.34203656520568,NA,1,1,"S5","signal",500,70,0.500915658514495,204.353312591314,0.6,0,0,"none",0,68,1
0.31397764671734,0.305106144766691,1,1,0.229215555732067,NA,0.999959650217117,1,0.194095285765766,NA,0.999963675111146,1,0.3175102732024,0.316619988145594,NA,1,1,"S5","signal",500,70,0.500915658514495,230.306208880984,0.6,0,0,"none",0,69,1
0.376277831025711,0.29798068289911,1,1,0.247382376461409,NA,0.999992645867833,1,0.215321609862535,NA,0.999999158523857,1,0.290557675223152,0.326952035101166,NA,1,1,"S5","signal",500,70,0.500915658514495,221.146212364203,0.6,0,0,"none",0,70,1
0.384278559598427,0.31619885499004,1,1,0.286136001173253,NA,0.999997587140879,1,0.249175385227431,NA,0.999999789167211,1,0.297058773948661,0.316931899233386,NA,1,1,"S5","signal",500,70,0.500915658514495,215.859266474847,0.6,0,0,"none",0,71,1
0.340020259292603,0.287813334011711,1,1,0.188255518875712,NA,0.999705326320524,1,0.161082443120034,NA,0.998883751005001,1,0.225472674087601,0.290642840085848,NA,1,1,"S5","signal",500,70,0.500915658514495,247.935650007428,0.6,0,0,"none",0,72,1
0.402864881533659,0.29774849980057,1,1,0.309383393337067,NA,0.99999983657434,1,0.277383383092141,NA,0.999999982392747,1,0.293671687675159,0.345285360300984,NA,1,1,"S5","signal",500,70,0.500915658514495,218.354923709676,0.6,0,0,"none",0,73,1
0.345436096081656,0.287333718307248,1,1,0.298540404703806,NA,0.999999909497776,1,0.26722789914486,NA,0.999999999771458,1,0.325823707969159,0.294992350564552,NA,1,1,"S5","signal",500,70,0.500915658514495,216.780402299261,0.6,0,0,"none",0,74,1
0.433299921362583,0.292216722671789,1,1,0.40059580471047,NA,0.999999999984621,1,0.401738392934474,NA,1,1,0.379649293415713,0.304193329948854,NA,1,1,"S5","signal",500,70,0.500915658514495,224.34851035052,0.6,0,0,"none",0,75,1
0.286903239378308,0.290024862680701,1,1,0.192609493870544,NA,0.999036075846839,1,0.1814664211968,NA,0.999524178285904,1,0.180391846883637,0.3014952974843,NA,1,1,"S5","signal",500,70,0.500915658514495,183.915806238268,0.6,0,0,"none",0,76,1
0.362440011028556,0.297836864339039,1,1,0.287412854998502,NA,0.999999327977434,1,0.255470522028083,NA,0.999999986176583,1,0.301223684214333,0.319659730308025,NA,1,1,"S5","signal",500,70,0.500915658514495,210.425541571979,0.6,0,0,"none",0,77,1
0.415374496841846,0.30103801069309,1,1,0.342115972246819,NA,0.999999999073498,1,0.325478569725476,NA,0.999999999999998,1,0.311931140707712,0.293235719488547,NA,1,1,"S5","signal",500,70,0.500915658514495,252.142902412145,0.6,0,0,"none",0,78,1
0.369198629649446,0.329715347038165,1,1,0.305452483712969,NA,0.999999945054428,1,0.275571563667976,NA,0.999999999985987,1,0.292204624950615,0.329441003533034,NA,1,1,"S5","signal",500,70,0.500915658514495,228.865161205617,0.6,0,0,"none",0,79,1
0.403215607670087,0.30414410760745,1,1,0.344520486155559,NA,0.999999998621943,1,0.316520532050128,NA,0.999999999999989,1,0.336031023770745,0.282237054815316,NA,1,1,"S5","signal",500,70,0.500915658514495,223.336478481741,0.6,0,0,"none",0,80,1
0.39063684014814,0.305936302346669,1,1,0.326202117356922,NA,0.999999995084561,1,0.304014165679947,NA,0.999999999999989,1,0.297787908524753,0.281423492551663,NA,1,1,"S5","signal",500,70,0.500915658514495,209.158605761682,0.6,0,0,"none",0,81,1
0.368109885176287,0.308691902151605,1,1,0.314656308452793,NA,0.999999955229017,1,0.303062314959006,NA,0.999999999999848,1,0.292185433883206,0.350677506194409,NA,1,1,"S5","signal",500,70,0.500915658514495,246.140542478826,0.6,0,0,"none",0,82,1
0.446974917634524,0.30449264842535,1,1,0.328204539476679,NA,0.999999807091875,1,0.297695897299281,NA,0.999999999372083,1,0.3152298556321,0.354546334774809,NA,1,1,"S5","signal",500,70,0.500915658514495,172.126920476357,0.6,0,0,"none",0,83,1
0.35078315936924,0.294708713070232,1,1,0.226044839046044,NA,0.999965836008435,1,0.20143647338396,NA,0.999997390512925,1,0.236291267932666,0.246220650014235,NA,1,1,"S5","signal",500,70,0.500915658514495,229.809890023289,0.6,0,0,"none",0,84,1
0.380659959305052,0.258633616075109,1,1,0.399895913254714,NA,0.999999999999807,1,0.359105417177298,NA,1,1,0.310003305526483,0.274442665313851,NA,1,1,"S5","signal",500,70,0.500915658514495,256.757169427658,0.6,0,0,"none",0,85,1
0.426373780614885,0.292002051370747,1,1,0.322333852404922,NA,0.999999978071324,1,0.290945468440831,NA,0.999999999981439,1,0.30888449219343,0.321080554783393,NA,1,1,"S5","signal",500,70,0.500915658514495,229.875037393358,0.6,0,0,"none",0,86,1
0.38494258565972,0.284338288729066,1,1,0.249010820666227,NA,0.999977118306564,1,0.216185571750468,NA,0.999975812509113,1,0.256999900970869,0.273276895303315,NA,1,1,"S5","signal",500,70,0.500915658514495,192.302270847337,0.6,0,0,"none",0,87,1
0.398746412572499,0.313679262694663,1,1,0.302715482647398,NA,0.999999985206651,1,0.256163213129898,NA,0.999999999933077,1,0.36544145242595,0.281840611388655,NA,1,1,"S5","signal",500,70,0.500915658514495,242.442858034318,0.6,0,0,"none",0,88,1
0.431361555119556,0.296994792988666,1,1,0.29704653837334,NA,0.999999791489624,1,0.262989032505815,NA,0.999999998528105,1,0.236894868475738,0.316140426274597,NA,1,1,"S5","signal",500,70,0.500915658514495,206.065075155675,0.6,0,0,"none",0,89,1
0.354032579063066,0.324187516896223,1,1,0.105967941261246,NA,0.932048139713309,0,0.0207920303539692,NA,0.253406130020051,0,0.214140521384914,0.296704639732015,NA,1,1,"S5","signal",500,70,0.500915658514495,192.89047758746,0.6,0,0,"none",0,90,1
0.39913168609942,0.296868243227488,1,1,0.287260854226918,NA,0.999999687642272,1,0.269741996541992,NA,0.99999999998412,1,0.288462026044873,0.296645165971353,NA,1,1,"S5","signal",500,70,0.500915658514495,213.809706355706,0.6,0,0,"none",0,91,1
0.385123364319297,0.285009623041075,1,1,0.350422117983132,NA,0.999999999824845,1,0.323448214033816,NA,0.999999999999996,1,0.354689556258489,0.282843372837596,NA,1,1,"S5","signal",500,70,0.500915658514495,240.649857831423,0.6,0,0,"none",0,92,1
0.393601946119924,0.299906898545187,1,1,0.279645213187318,NA,0.999997653918751,1,0.246785390188218,NA,0.999999154821581,1,0.260250546461624,0.285755500008005,NA,1,1,"S5","signal",500,70,0.500915658514495,213.08577993898,0.6,0,0,"none",0,93,1
0.393451062555789,0.30483988874577,1,1,0.238110969249928,NA,0.999852288505251,1,0.238478671551669,NA,0.999997870217149,1,0.307905630591439,0.31886515040529,NA,1,1,"S5","signal",500,70,0.500915658514495,196.831300171181,0.6,0,0,"none",0,94,1
0.427361545394495,0.290428582836828,1,1,0.382197594739917,NA,0.999999999962316,1,0.341712859535142,NA,0.999999999999997,1,0.324472797241984,0.280338872280982,NA,1,1,"S5","signal",500,70,0.500915658514495,201.092303616258,0.6,0,0,"none",0,95,1
0.419883796402072,0.295667272406152,1,1,0.374289937221637,NA,0.999999999999754,1,0.328366931080505,NA,1,1,0.340047215737919,0.263843880588935,NA,1,1,"S5","signal",500,70,0.500915658514495,243.859393734189,0.6,0,0,"none",0,96,1
0.398557066994689,0.310817689495844,1,1,0.399425385189289,NA,0.999999999999425,1,0.358760746028686,NA,1,1,0.356033195538849,0.319354570009258,NA,1,1,"S5","signal",500,70,0.500915658514495,249.501636186335,0.6,0,0,"none",0,97,1
0.423649845694381,0.311158480707073,1,1,0.235479154767248,NA,0.999917043898292,1,0.206999559294342,NA,0.999937722040636,1,0.306817249830017,0.300222930758378,NA,1,1,"S5","signal",500,70,0.500915658514495,205.246556118651,0.6,0,0,"none",0,98,1
0.381370022161755,0.314000062965606,1,1,0.289332145646512,NA,0.999999708591985,1,0.265483374745635,NA,0.999999999922809,1,0.312087244615606,0.295604526663447,NA,1,1,"S5","signal",500,70,0.500915658514495,209.937625914995,0.6,0,0,"none",0,99,1
0.371827784468216,0.292131816006079,1,1,0.263144127649225,NA,0.999991862213436,1,0.226756893506849,NA,0.999991651546885,1,0.202772898276317,0.288435245543676,NA,1,1,"S5","signal",500,70,0.500915658514495,197.652532317875,0.6,0,0,"none",0,100,1
0.349003285964418,0.315238912316397,1,1,0.283485435839036,NA,0.99999993540124,1,0.26373442614814,NA,1,1,0.308217916850333,0.338774072312308,NA,1,1,"S5","signal",500,70,0.500915658514495,373.805102854231,0.9,0,0,"none",0,1,1
0.35566608941109,0.297904296475015,1,1,0.170930194950945,NA,0.998285193313471,1,0.157549567967445,NA,0.999992311269655,1,0.291723540528767,0.29108053664574,NA,1,1,"S5","signal",500,70,0.500915658514495,373.829476680535,0.9,0,0,"none",0,2,1
0.289118023479394,0.303873838587151,1,1,0.151379489884803,NA,0.993340060210266,1,0.141100871517756,NA,0.999850356580526,1,0.198901300583456,0.312518801662827,NA,1,1,"S5","signal",500,70,0.500915658514495,384.595379542471,0.9,0,0,"none",0,3,1
0.381039069526946,0.299090688754163,1,1,0.358043448268508,NA,0.999999999945107,1,0.316335505524221,NA,1,1,0.287707247750615,0.297040654917507,NA,1,1,"S5","signal",500,70,0.500915658514495,345.68658803964,0.9,0,0,"none",0,4,1
0.257875037546681,0.302096685380552,1,1,0.123628396097613,NA,0.987000798438696,1,0.108027532896957,NA,0.997892382077422,1,0.239883445054649,0.304388596003125,NA,1,1,"S5","signal",500,70,0.500915658514495,380.430293705165,0.9,0,0,"none",0,5,1
0.364593820476994,0.31057654370769,1,1,0.306741134504762,NA,0.999999969630937,1,0.28318974425406,NA,1,1,0.351695957186653,0.322907684489241,NA,1,1,"S5","signal",500,70,0.500915658514495,398.637564167768,0.9,0,0,"none",0,6,1
0.333978559206437,0.304743462788543,1,1,0.280653215233557,NA,0.999999876069327,1,0.265915684182462,NA,1,1,0.321683399297932,0.314288366977891,NA,1,1,"S5","signal",500,70,0.500915658514495,324.947872959018,0.9,0,0,"none",0,7,1
0.355183819846825,0.301234269867735,1,1,0.273236847342856,NA,0.999999691006878,1,0.27160103953625,NA,1,1,0.304846241201067,0.294513416674825,NA,1,1,"S5","signal",500,70,0.500915658514495,357.842932196431,0.9,0,0,"none",0,8,1
0.400169740449384,0.293861256593382,1,1,0.344545601029921,NA,0.999999999505865,1,0.314743245211305,NA,1,1,0.285402764112686,0.312081553718001,NA,1,1,"S5","signal",500,70,0.500915658514495,372.89711153541,0.9,0,0,"none",0,9,1
0.331315467978059,0.304554042722275,1,1,0.286727955138998,NA,0.999999948530404,1,0.275107790460481,NA,1,1,0.317307030681707,0.294151668463588,NA,1,1,"S5","signal",500,70,0.500915658514495,385.448876588216,0.9,0,0,"none",0,10,1
0.36344782780388,0.309917484463616,1,1,0.241803670643524,NA,0.99999731505763,1,0.214073730714629,NA,0.999999999999588,1,0.286958053391559,0.299694012245797,NA,1,1,"S5","signal",500,70,0.500915658514495,406.984048973696,0.9,0,0,"none",0,11,1
0.401259665183335,0.290970888534879,1,1,0.34003816706742,NA,0.99999999996828,1,0.304371691815408,NA,1,1,0.310310801063941,0.29703015043346,NA,1,1,"S5","signal",500,70,0.500915658514495,389.80133953979,0.9,0,0,"none",0,12,1
0.402420659627272,0.284825494956969,1,1,0.379456154462048,NA,0.999999999999855,1,0.359670361748304,NA,1,1,0.343015610884845,0.289554044280979,NA,1,1,"S5","signal",500,70,0.500915658514495,358.693108589985,0.9,0,0,"none",0,13,1
0.411536478728374,0.294891923234989,1,1,0.368213206790416,NA,0.999999999998282,1,0.335054643276956,NA,1,1,0.339773744832998,0.289305856025889,NA,1,1,"S5","signal",500,70,0.500915658514495,380.551213818179,0.9,0,0,"none",0,14,1
0.428091236222741,0.296500382173726,1,1,0.354284267119484,NA,0.999999999969338,1,0.323471252279727,NA,1,1,0.368476225682533,0.284930108412229,NA,1,1,"S5","signal",500,70,0.500915658514495,334.689025418124,0.9,0,0,"none",0,15,1
0.419910232412503,0.311206681801208,1,1,0.250609001042071,NA,0.999962732175316,1,0.226081686110254,NA,0.999999995819997,1,0.272531714218846,0.300804717120575,NA,1,1,"S5","signal",500,70,0.500915658514495,315.190449942783,0.9,0,0,"none",0,16,1
0.430475326191667,0.296240868952443,1,1,0.435139978169929,NA,0.999999999999991,1,0.380514523536659,NA,1,1,0.366219466459614,0.310827609029228,NA,1,1,"S5","signal",500,70,0.500915658514495,286.134801465088,0.9,0,0,"none",0,17,1
0.374729544903402,0.296242332105902,1,1,0.410551651070605,NA,0.999999999999997,1,0.376936837844213,NA,1,1,0.329382044194588,0.324316013335758,NA,1,1,"S5","signal",500,70,0.500915658514495,386.085720412835,0.9,0,0,"none",0,18,1
0.283677441116684,0.297701745693582,1,1,0.184158691590658,NA,0.999702098410492,1,0.148993246352184,NA,0.99999128269584,1,0.229567591388753,0.313187388189739,NA,1,1,"S5","signal",500,70,0.500915658514495,351.124483559169,0.9,0,0,"none",0,19,1
0.397217003214094,0.296987704320849,1,1,0.309189858744063,NA,0.9999999850451,1,0.28364708003791,NA,1,1,0.302898605400665,0.280296746558993,NA,1,1,"S5","signal",500,70,0.500915658514495,298.186954403469,0.9,0,0,"none",0,20,1
0.33350712560901,0.293449020955989,1,1,0.208355750121419,NA,0.999962530401326,1,0.180894009910919,NA,0.999999962066001,1,0.241685845070855,0.273244078962108,NA,1,1,"S5","signal",500,70,0.500915658514495,332.784077074708,0.9,0,0,"none",0,21,1
0.35365656581496,0.303709104483754,1,1,0.195571261119495,NA,0.99987108538719,1,0.173391340654592,NA,0.999999992904869,1,0.255912211626701,0.323715493590942,NA,1,1,"S5","signal",500,70,0.500915658514495,333.688352057587,0.9,0,0,"none",0,22,1
0.389965478454091,0.303327240068402,1,1,0.330921150411059,NA,0.999999979225728,1,0.295293090827118,NA,1,1,0.312218909778154,0.30576205526267,NA,1,1,"S5","signal",500,70,0.500915658514495,297.902868407417,0.9,0,0,"none",0,23,1
0.383134408152155,0.310087783304666,1,1,0.37216101793758,NA,0.999999999979528,1,0.339881233698889,NA,1,1,0.267123146299268,0.316734313734829,NA,1,1,"S5","signal",500,70,0.500915658514495,352.800652073534,0.9,0,0,"none",0,24,1
0.419036350351047,0.298971524404409,1,1,0.234412958467031,NA,0.999883935545176,1,0.21306112020412,NA,0.999999997618401,1,0.266902543612922,0.341379676456045,NA,1,1,"S5","signal",500,70,0.500915658514495,309.348442391918,0.9,0,0,"none",0,25,1
0.375392979899828,0.309269525914471,1,1,0.302069767076518,NA,0.999999977829126,1,0.282460878692018,NA,1,1,0.318542055188537,0.311614930099693,NA,1,1,"S5","signal",500,70,0.500915658514495,415.440377056898,0.9,0,0,"none",0,26,1
0.350556715953716,0.280028408301541,1,1,0.263615355215217,NA,0.999999780223894,1,0.234839029551447,NA,1,1,0.275227144080836,0.281622383076227,NA,1,1,"S5","signal",500,70,0.500915658514495,320.488412730956,0.9,0,0,"none",0,27,1
0.389567703991617,0.300647298425865,1,1,0.316340568901836,NA,0.999999998820359,1,0.294581286959658,NA,1,1,0.328437471126512,0.315830981186867,NA,1,1,"S5","signal",500,70,0.500915658514495,405.244214286549,0.9,0,0,"none",0,28,1
0.362300377449168,0.296912598586859,1,1,0.166796748276017,NA,0.999072774725078,1,0.141101626259326,NA,0.999981846312364,1,0.237978404963166,0.304362817917722,NA,1,1,"S5","signal",500,70,0.500915658514495,346.058504977092,0.9,0,0,"none",0,29,1
0.303382164538235,0.285781328094335,1,1,0.229607527598978,NA,0.999985989402192,1,0.205588684211348,NA,0.999999999931524,1,0.253733616776311,0.288473550716092,NA,1,1,"S5","signal",500,70,0.500915658514495,347.922006116355,0.9,0,0,"none",0,30,1
0.303666907792872,0.299322468212176,1,1,0.157798444421772,NA,0.998876474571759,1,0.148390685148794,NA,0.999999638859479,1,0.249578336074346,0.273518637208771,NA,1,1,"S5","signal",500,70,0.500915658514495,355.523073285386,0.9,0,0,"none",0,31,1
0.319317723091843,0.300016790602582,1,1,0.196088959157068,NA,0.999915504334678,1,0.165798544673327,NA,0.999999962608342,1,0.248481798857015,0.283738344201078,NA,1,1,"S5","signal",500,70,0.500915658514495,337.315009242779,0.9,0,0,"none",0,32,1
0.432909130020765,0.303567976728872,1,1,0.357157786496859,NA,0.999999993753592,1,0.344046260210525,NA,1,1,0.313624191399651,0.344485699950957,NA,1,1,"S5","signal",500,70,0.500915658514495,325.267132620564,0.9,0,0,"none",0,33,1
0.486129043597699,0.306236766096385,1,1,0.454728156900569,NA,0.999999999999999,1,0.428805724318033,NA,1,1,0.441088196372467,0.312570739604384,NA,1,1,"S5","signal",500,70,0.500915658514495,384.142660902002,0.9,0,0,"none",0,34,1
0.401747220152809,0.297688158404508,1,1,0.356775271231782,NA,0.999999999996748,1,0.32468880568618,NA,1,1,0.323578366064253,0.30172573943575,NA,1,1,"S5","signal",500,70,0.500915658514495,339.003605990127,0.9,0,0,"none",0,35,1
0.395528113809049,0.320702414595086,1,1,0.323930872702812,NA,0.999999995053366,1,0.300242492010659,NA,1,1,0.285726596157933,0.321502998177452,NA,1,1,"S5","signal",500,70,0.500915658514495,330.352058040051,0.9,0,0,"none",0,36,1
0.372529342730311,0.308750530630347,1,1,0.239846991291501,NA,0.999993588606401,1,0.219052059590116,NA,0.999999999999855,1,0.305791520877143,0.31376916109434,NA,1,1,"S5","signal",500,70,0.500915658514495,370.421343705271,0.9,0,0,"none",0,37,1
0.417365052068307,0.310537998913658,1,1,0.304582862920072,NA,0.999999893928339,1,0.259125239819257,NA,0.999999999999932,1,0.286101556747534,0.316385940031671,NA,1,1,"S5","signal",500,70,0.500915658514495,321.509196837697,0.9,0,0,"none",0,38,1
0.43632049958782,0.303938057106066,1,1,0.279519756223431,NA,0.999999940312359,1,0.246393964233004,NA,1,1,0.332230856795961,0.287724280960421,NA,1,1,"S5","signal",500,70,0.500915658514495,398.525667922534,0.9,0,0,"none",0,39,1
0.442572933135583,0.295631337154301,1,1,0.35314107525302,NA,0.999999995237035,1,0.30387903499902,NA,1,1,0.282197653759989,0.299369948994942,NA,1,1,"S5","signal",500,70,0.500915658514495,283.856888860478,0.9,0,0,"none",0,40,1
0.338150681099601,0.304868723508984,1,1,0.350767647263374,NA,0.999999999363829,1,0.303583576217523,NA,1,1,0.360135345458359,0.333221653365387,NA,1,1,"S5","signal",500,70,0.500915658514495,343.829640086826,0.9,0,0,"none",0,41,1
0.413597863522426,0.306026339724019,1,1,0.428315314233162,NA,1,1,0.383590418595019,NA,1,1,0.33984100547477,0.313566646001651,NA,1,1,"S5","signal",500,70,0.500915658514495,479.223923649601,0.9,0,0,"none",0,42,1
0.430280992518889,0.289798897649206,1,1,0.37897285130965,NA,0.999999999990482,1,0.330291542283103,NA,1,1,0.362085053278998,0.323994568053931,NA,1,1,"S5","signal",500,70,0.500915658514495,329.317667406002,0.9,0,0,"none",0,43,1
0.417869453238972,0.306699349837027,1,1,0.425151674341269,NA,0.999999999999999,1,0.390938316312537,NA,1,1,0.32048072830161,0.30659939839745,NA,1,1,"S5","signal",500,70,0.500915658514495,366.363848673356,0.9,0,0,"none",0,44,1
0.356332971517097,0.290389701028923,1,1,0.25981088904114,NA,0.99999909648231,1,0.239692613568602,NA,1,1,0.315662137651629,0.292980429472324,NA,1,1,"S5","signal",500,70,0.500915658514495,331.917607582483,0.9,0,0,"none",0,45,1
0.313525099848785,0.300660646209639,1,1,0.311241414465937,NA,0.999999994201531,1,0.27872633359596,NA,1,1,0.35824490748244,0.3129752979164,NA,1,1,"S5","signal",500,70,0.500915658514495,389.138521500313,0.9,0,0,"none",0,46,1
0.353432545779813,0.306664655312423,1,1,0.331691663285109,NA,0.999999999890612,1,0.298992887677892,NA,1,1,0.281928388159286,0.31997838422555,NA,1,1,"S5","signal",500,70,0.500915658514495,396.050386615206,0.9,0,0,"none",0,47,1
0.325480376384197,0.300708426601784,1,1,0.337011991287404,NA,0.999999999435513,1,0.297697230730049,NA,1,1,0.278735104888697,0.308362248690822,NA,1,1,"S5","signal",500,70,0.500915658514495,307.999681990469,0.9,0,0,"none",0,48,1
0.388459668975932,0.302074164910808,1,1,0.279560513987665,NA,0.999999765299302,1,0.248667691989867,NA,1,1,0.276734330515474,0.27610406998142,NA,1,1,"S5","signal",500,70,0.500915658514495,361.829094156236,0.9,0,0,"none",0,49,1
0.320494435446567,0.298875829727053,1,1,0.342364489120414,NA,0.999999999880966,1,0.315222408334743,NA,1,1,0.284951758330949,0.29430245195815,NA,1,1,"S5","signal",500,70,0.500915658514495,374.723104820384,0.9,0,0,"none",0,50,1
0.342186005202333,0.310045467054116,1,1,0.372454385060438,NA,0.999999999960114,1,0.334315398085781,NA,1,1,0.321055258054355,0.328268418775109,NA,1,1,"S5","signal",500,70,0.500915658514495,381.657601510276,0.9,0,0,"none",0,51,1
0.42183036623892,0.28916917660324,1,1,0.363436530192501,NA,0.999999999543721,1,0.296908965995656,NA,1,1,0.342754109175562,0.304740682141045,NA,1,1,"S5","signal",500,70,0.500915658514495,330.343162103266,0.9,0,0,"none",0,52,1
0.320431921319529,0.295609183826316,1,1,0.263886626287105,NA,0.999999194470958,1,0.241463030237863,NA,0.999999999999985,1,0.268971691187322,0.325712566354285,NA,1,1,"S5","signal",500,70,0.500915658514495,369.397043104585,0.9,0,0,"none",0,53,1
0.365180609034602,0.30368703291343,1,1,0.321353914680287,NA,0.999999999145756,1,0.298813393875388,NA,1,1,0.286890481330223,0.308720868420924,NA,1,1,"S5","signal",500,70,0.500915658514495,363.066646290919,0.9,0,0,"none",0,54,1
0.356639054809904,0.287725916321736,1,1,0.345804331210322,NA,0.999999999899471,1,0.301921850650825,NA,1,1,0.295651823374553,0.282509188772843,NA,1,1,"S5","signal",500,70,0.500915658514495,346.296280044751,0.9,0,0,"none",0,55,1
0.387226833730666,0.305572178236123,1,1,0.348512962302169,NA,0.999999999580354,1,0.301366700340111,NA,1,1,0.329420190019269,0.315794205883428,NA,1,1,"S5","signal",500,70,0.500915658514495,428.478803382563,0.9,0,0,"none",0,56,1
0.317296504179847,0.297640272998298,1,1,0.299134516097298,NA,0.999999989411662,1,0.270074479574224,NA,1,1,0.316186478420575,0.302526610803705,NA,1,1,"S5","signal",500,70,0.500915658514495,384.888805114239,0.9,0,0,"none",0,57,1
0.303941532705112,0.311722854481534,1,1,0.289180151310134,NA,0.99999991100465,1,0.267420727361893,NA,1,1,0.273684117476333,0.335953522377829,NA,1,1,"S5","signal",500,70,0.500915658514495,384.041752610301,0.9,0,0,"none",0,58,1
0.367153763340188,0.290699448263912,1,1,0.200184038043783,NA,0.999696045077932,1,0.160080601543447,NA,0.999979653084795,1,0.255490095403634,0.269657607368292,NA,1,1,"S5","signal",500,70,0.500915658514495,332.022369759901,0.9,0,0,"none",0,59,1
0.389990751799387,0.299184493575175,1,1,0.364431858141141,NA,0.999999999954531,1,0.318691085192831,NA,1,1,0.326160705994445,0.288873446182149,NA,1,1,"S5","signal",500,70,0.500915658514495,325.144753699289,0.9,0,0,"none",0,60,1
0.393452498010687,0.306505382868173,1,1,0.256004763690773,NA,0.999997520806782,1,0.231532229258472,NA,0.999999999999973,1,0.297122530380311,0.29992214521386,NA,1,1,"S5","signal",500,70,0.500915658514495,347.886214691704,0.9,0,0,"none",0,61,1
0.407098711884889,0.304590676182375,1,1,0.297465209883976,NA,0.999999867942436,1,0.264651581078299,NA,0.999999999999997,1,0.254911859260507,0.317824964367012,NA,1,1,"S5","signal",500,70,0.500915658514495,388.839298404701,0.9,0,0,"none",0,62,1
0.368592768209892,0.298731177440689,1,1,0.342391348110741,NA,0.999999999799069,1,0.30104639417749,NA,1,1,0.320831282921845,0.288107881053833,NA,1,1,"S5","signal",500,70,0.500915658514495,324.511221807796,0.9,0,0,"none",0,63,1
0.306388318581267,0.310273670303301,1,1,0.187741604304736,NA,0.999657031422795,1,0.18377354325852,NA,0.999999995157958,1,0.288484399533862,0.318839160300237,NA,1,1,"S5","signal",500,70,0.500915658514495,389.329086641568,0.9,0,0,"none",0,64,1
0.411982630600494,0.296280686591709,1,1,0.365459461783157,NA,0.999999999999893,1,0.326074142292695,NA,1,1,0.360219227703183,0.303132910139597,NA,1,1,"S5","signal",500,70,0.500915658514495,429.46689604945,0.9,0,0,"none",0,65,1
0.340955298446955,0.30670002680868,1,1,0.296481708329633,NA,0.999999939540982,1,0.248903778286144,NA,0.999999999999956,1,0.302714173279103,0.304140809689547,NA,1,1,"S5","signal",500,70,0.500915658514495,321.121433768089,0.9,0,0,"none",0,66,1
0.361820209746584,0.283270832251789,1,1,0.316352981426184,NA,0.999999999712635,1,0.285217634148148,NA,1,1,0.284597194689383,0.260338102401301,NA,1,1,"S5","signal",500,70,0.500915658514495,378.658762295517,0.9,0,0,"none",0,67,1
0.34855426702126,0.289927463221541,1,1,0.288207319374384,NA,0.99999999625198,1,0.264644448553568,NA,1,1,0.295891709252576,0.256533314838945,NA,1,1,"S5","signal",500,70,0.500915658514495,357.007705711307,0.9,0,0,"none",0,68,1
0.348240263385489,0.299777227606246,1,1,0.3363366022166,NA,0.999999998292715,1,0.296617093811551,NA,1,1,0.30975074343876,0.284343828263309,NA,1,1,"S5","signal",500,70,0.500915658514495,341.12456654656,0.9,0,0,"none",0,69,1
0.43662504369616,0.289061283183946,1,1,0.318147925635154,NA,0.999999994902932,1,0.302077009765848,NA,1,1,0.36204302584709,0.303408900298741,NA,1,1,"S5","signal",500,70,0.500915658514495,369.495629596946,0.9,0,0,"none",0,70,1
0.408696970183655,0.318343795242106,1,1,0.34833264951901,NA,0.999999999789082,1,0.318981524891765,NA,1,1,0.390607837147474,0.318742977212455,NA,1,1,"S5","signal",500,70,0.500915658514495,383.509203096667,0.9,0,0,"none",0,71,1
0.495589613731847,0.303134317262941,1,1,0.43871119670124,NA,0.999999999999961,1,0.402388856541852,NA,1,1,0.3898915189938,0.285229538105908,NA,1,1,"S5","signal",500,70,0.500915658514495,326.52315195482,0.9,0,0,"none",0,72,1
0.322460969804516,0.299442129083902,1,1,0.234859696057558,NA,0.999988689212479,1,0.214504193737731,NA,0.999999999999463,1,0.274680718680416,0.305036706507564,NA,1,1,"S5","signal",500,70,0.500915658514495,371.702303946456,0.9,0,0,"none",0,73,1
0.365988828235644,0.301061422296283,1,1,0.311818764575255,NA,0.999999996059271,1,0.306604196686681,NA,1,1,0.285105182441344,0.306606055553306,NA,1,1,"S5","signal",500,70,0.500915658514495,391.251569190374,0.9,0,0,"none",0,74,1
0.326464076495454,0.290947318021131,1,1,0.340441292634179,NA,0.999999999947174,1,0.287259238539938,NA,1,1,0.340647315858995,0.291888526367778,NA,1,1,"S5","signal",500,70,0.500915658514495,302.314122240377,0.9,0,0,"none",0,75,1
0.378700235824559,0.302336300641706,1,1,0.418078437155669,NA,1,1,0.368869959817038,NA,1,1,0.368674755021128,0.292551789636264,NA,1,1,"S5","signal",500,70,0.500915658514495,393.0592808906,0.9,0,0,"none",0,76,1
0.341583892177999,0.296244098533078,1,1,0.226536495863603,NA,0.999986203534239,1,0.200727125529921,NA,0.999999999986623,1,0.268537361743416,0.295519950941472,NA,1,1,"S5","signal",500,70,0.500915658514495,350.983671150723,0.9,0,0,"none",0,77,1
0.294211316137233,0.303252134757725,1,1,0.279892764202256,NA,0.999999922318184,1,0.247149876547939,NA,0.999999999999999,1,0.314010141387405,0.31232150026159,NA,1,1,"S5","signal",500,70,0.500915658514495,398.519561714891,0.9,0,0,"none",0,78,1
0.316720075264356,0.296308761776303,1,1,0.303196492827567,NA,0.999999993055654,1,0.274732997953087,NA,1,1,0.295466552066163,0.31536194440233,NA,1,1,"S5","signal",500,70,0.500915658514495,396.233231453667,0.9,0,0,"none",0,79,1
0.399363649812965,0.306170209678642,1,1,0.346796781777156,NA,0.999999991937693,1,0.312353397508896,NA,1,1,0.336467366606408,0.335719225297128,NA,1,1,"S5","signal",500,70,0.500915658514495,322.410079671013,0.9,0,0,"none",0,80,1
0.313587001266498,0.308465149509181,1,1,0.198614665831913,NA,0.999197209720297,1,0.192358140541243,NA,0.999999987157617,1,0.292912320173425,0.316138200957782,NA,1,1,"S5","signal",500,70,0.500915658514495,389.040435305887,0.9,0,0,"none",0,81,1
0.37786603538004,0.307378042768834,1,1,0.299387071889415,NA,0.999999947593983,1,0.26798074279714,NA,1,1,0.321414917451221,0.316805636433379,NA,1,1,"S5","signal",500,70,0.500915658514495,402.470289710637,0.9,0,0,"none",0,82,1
0.440744706832569,0.310637792143703,1,1,0.351759046811797,NA,0.999999999511318,1,0.325059446086143,NA,1,1,0.353027061009686,0.346909741834337,NA,1,1,"S5","signal",500,70,0.500915658514495,406.3224265124,0.9,0,0,"none",0,83,1
0.409536191243492,0.319033190471946,1,1,0.327390884763233,NA,0.999999993681019,1,0.290911524249139,NA,1,1,0.340095841104616,0.331054188297627,NA,1,1,"S5","signal",500,70,0.500915658514495,376.788870533404,0.9,0,0,"none",0,84,1
0.334601869734091,0.298216628224616,1,1,0.254409406046108,NA,0.999997420488012,1,0.228002873478076,NA,0.999999999999978,1,0.324611042281317,0.331427331710561,NA,1,1,"S5","signal",500,70,0.500915658514495,361.491369129051,0.9,0,0,"none",0,85,1
0.343248618308782,0.299535527884802,1,1,0.20761849907581,NA,0.999889667656504,1,0.167133761677278,NA,0.999999210980949,1,0.252511426482199,0.309886462477893,NA,1,1,"S5","signal",500,70,0.500915658514495,305.13434820137,0.9,0,0,"none",0,86,1
0.278486518445111,0.308118224035269,1,1,0.158147586539883,NA,0.998971757400141,1,0.139033354200206,NA,0.999995885408757,1,0.244617181123195,0.309093613008277,NA,1,1,"S5","signal",500,70,0.500915658514495,382.669596072751,0.9,0,0,"none",0,87,1
0.343013008978392,0.294510561721868,1,1,0.301885398996155,NA,0.999999998775253,1,0.256497302637857,NA,1,1,0.308551266217349,0.287385770980291,NA,1,1,"S5","signal",500,70,0.500915658514495,344.781314412517,0.9,0,0,"none",0,88,1
0.335951490836477,0.283046726754762,1,1,0.325364323471227,NA,0.999999999558787,1,0.292589750427736,NA,1,1,0.290325874561057,0.267618329768566,NA,1,1,"S5","signal",500,70,0.500915658514495,395.88168941795,0.9,0,0,"none",0,89,1
0.3315917338769,0.299595724194001,1,1,0.251885965423703,NA,0.999996278752276,1,0.243110014518213,NA,1,1,0.267233953178453,0.302767782718604,NA,1,1,"S5","signal",500,70,0.500915658514495,392.213820929569,0.9,0,0,"none",0,90,1
0.378490067511769,0.306324553800071,1,1,0.293038389109167,NA,0.999999809301725,1,0.277393959818699,NA,1,1,0.297790497688955,0.29326901051768,NA,1,1,"S5","signal",500,70,0.500915658514495,300.530730954977,0.9,0,0,"none",0,91,1
0.366427429875233,0.30411935451707,1,1,0.338210749096305,NA,0.999999998628884,1,0.303582372875133,NA,1,1,0.329402783259527,0.264879566740645,NA,1,1,"S5","signal",500,70,0.500915658514495,304.587298395114,0.9,0,0,"none",0,92,1
0.358491657231091,0.294561150146124,1,1,0.287257677580192,NA,0.999999805074047,1,0.257333308910902,NA,1,1,0.292679873110982,0.27422207388285,NA,1,1,"S5","signal",500,70,0.500915658514495,319.162406284017,0.9,0,0,"none",0,93,1
0.379904584037397,0.291959016850465,1,1,0.36265721920979,NA,0.999999999999617,1,0.333527508336019,NA,1,1,0.30897156306175,0.263368486823561,NA,1,1,"S5","signal",500,70,0.500915658514495,384.791373462627,0.9,0,0,"none",0,94,1
0.410539286330025,0.29623338659073,1,1,0.438439085952608,NA,1,1,0.399530507235018,NA,1,1,0.356632897465433,0.277696019248901,NA,1,1,"S5","signal",500,70,0.500915658514495,326.683759992528,0.9,0,0,"none",0,95,1
0.276730065396901,0.307866160878662,1,1,0.205307356728065,NA,0.999723708410349,1,0.191726283078771,NA,0.999999983056805,1,0.238866369703159,0.288287077093909,NA,1,1,"S5","signal",500,70,0.500915658514495,333.904613260439,0.9,0,0,"none",0,96,1
0.380326284230301,0.305025227972448,1,1,0.308960578669361,NA,0.999999995883281,1,0.291352298119599,NA,1,1,0.275092914055189,0.29245686413467,NA,1,1,"S5","signal",500,70,0.500915658514495,366.180969986674,0.9,0,0,"none",0,97,1
0.437619786416094,0.303633877438487,1,1,0.403265345119678,NA,0.999999999999908,1,0.366992772036076,NA,1,1,0.385708167182814,0.309574712017908,NA,1,1,"S5","signal",500,70,0.500915658514495,374.789185309804,0.9,0,0,"none",0,98,1
0.343234577272719,0.295011878066709,1,1,0.307675687559498,NA,0.999999955966469,1,0.287499383949816,NA,1,1,0.313654889353787,0.296875688147964,NA,1,1,"S5","signal",500,70,0.500915658514495,335.617515399689,0.9,0,0,"none",0,99,1
0.390433352400614,0.302457795760744,1,1,0.295798163517123,NA,0.999999951375461,1,0.261008367031858,NA,1,1,0.315823153420553,0.27602971012623,NA,1,1,"S5","signal",500,70,0.500915658514495,327.048007505752,0.9,0,0,"none",0,100,1
0.421377330161931,-0.00223326691573019,1,1,0.292945778145291,NA,0.999997714194505,1,0.277241551063728,NA,0.99226233486119,1,0.321008377161055,-0.0401969415793817,NA,1,1,"S5","main",500,70,0.500915658514495,102.454640341403,0,0,0,"none",0,1,1
0.43466983916693,0.0242554150238825,1,1,0.30520529081011,NA,0.999829809272749,1,0.177912321515268,NA,0.656306316915252,1,0.34075279634359,0.0716344281338135,NA,1,1,"S5","main",500,70,0.500915658514495,63.2361191320621,0,0,0,"none",0,2,1
0.404440105733144,0.00329902570622074,1,1,0.231000523309286,NA,0.999415946030823,1,0.139691614908212,NA,0.660138686298385,1,0.178231121120709,0.0386219918995217,0.0144741739655668,0.860163316582915,1,"S5","main",500,70,0.500915658514495,85.040039642679,0,0,0,"none",0,3,1
0.451203719002692,0.00997952827843818,1,1,0.256061125206401,NA,0.999632775437631,1,0.188017841490285,NA,0.767146195731935,1,0.26862233096733,-0.0163578700161561,0.00736872012689096,0.974110552763819,1,"S5","main",500,70,0.500915658514495,70.4388156932817,0,0,0,"none",0,4,1
0.478000077960116,0.00184729282268595,1,1,0.364042267622754,NA,0.999999824886934,1,0.332013829212288,NA,0.995570011921434,1,0.360961938969732,-0.0241179593548017,NA,1,1,"S5","main",500,70,0.500915658514495,72.9659597441597,0,0,0,"none",0,5,1
0.460718922668674,-0.0204709057178647,1,1,0.298261066148236,NA,0.999990716809218,1,0.254468623274297,NA,0.931294322304744,1,0.304094012000794,-0.100154536682617,NA,1,1,"S5","main",500,70,0.500915658514495,82.9107791161682,0,0,0,"none",0,6,1
0.416071558297657,0.0264616572674743,1,1,0.287674541710126,NA,0.999993269648512,1,0.282893114061833,NA,0.988964863584123,1,0.289711717833597,0.039455884565255,0.00214036092171168,0.997846733668342,1,"S5","main",500,70,0.500915658514495,94.5289250895498,0,0,0,"none",0,7,1
0.436956418038867,-0.0124831212887398,1,1,0.340326762766538,NA,0.999999888684447,1,0.316325763124003,NA,0.999118202810346,1,0.320095409866574,0.0427078537294339,NA,1,1,"S5","main",500,70,0.500915658514495,88.7099646429116,0,0,0,"none",0,8,1
0.432297308139021,0.0145940953796176,1,1,0.290071233173181,NA,0.999997890264341,1,0.244368432723473,NA,0.970948912139127,1,0.308079756938437,-0.0775611469348981,NA,1,1,"S5","main",500,70,0.500915658514495,102.905497343467,0,0,0,"none",0,9,1
0.399292121617639,-0.000991635770101354,1,1,0.279040587962946,NA,0.999990692489606,1,0.253784202993127,NA,0.967408995849764,1,0.257221320137639,-0.0251308900855574,0.00214179965790421,0.995092964824121,1,"S5","main",500,70,0.500915658514495,86.2723839504268,0,0,0,"none",0,10,1
0.481136320639179,-6.2684814369566e-05,1,1,0.379259427833802,NA,0.999999993827293,1,0.37934388252232,NA,0.999982774331124,1,0.392605018742544,-0.0127889713763903,NA,1,1,"S5","main",500,70,0.500915658514495,90.6246146650998,0,0,0,"none",0,11,1
0.439939390315498,0.032353776535984,1,1,0.284646789947112,NA,0.999985906889108,1,0.2465592523723,NA,0.955531063912106,1,0.275354774935025,0.0582765879198256,0.00164353985926737,0.998118090452261,1,"S5","main",500,70,0.500915658514495,82.5260169405587,0,0,0,"none",0,12,1
0.40932306556767,0.00508179333563694,1,1,0.275920155920745,NA,0.999950386946439,1,0.278825915738835,NA,0.976332775810398,1,0.287045524764386,0.018417964691428,0.00444879671957921,0.992623115577889,1,"S5","main",500,70,0.500915658514495,81.7008121815759,0,0,0,"none",0,13,1
0.46889539334182,-0.00862598757267316,1,1,0.289403892416945,NA,0.999982333699128,1,0.25182262745206,NA,0.955834747952738,1,0.279834668138108,-0.0164610427045006,0.00316556292935951,0.992221105527638,1,"S5","main",500,70,0.500915658514495,98.5131542296164,0,0,0,"none",0,14,1
0.483199713633578,-0.00663691251302333,1,1,0.280662830848015,NA,0.999839658175616,1,0.179995142140273,NA,0.745188844163614,1,0.258038615422282,-0.00496467066930463,0.00807515499274673,0.956007537688442,1,"S5","main",500,70,0.500915658514495,76.8434028022439,0,0,0,"none",0,15,1
0.453043002007747,-0.00142008554184973,1,1,0.344319291999961,NA,0.999999944655139,1,0.333059545492053,NA,0.999710502130467,1,0.349468583038066,-0.0389939950664495,NA,1,1,"S5","main",500,70,0.500915658514495,106.975643442185,0,0,0,"none",0,16,1
0.442871085104956,0.00115208154528831,1,1,0.329919108208074,NA,0.999996990340776,1,0.282728523880235,NA,0.957351392310152,1,0.255027401688095,-0.0372230448041426,0.00372299026495236,0.985326633165829,1,"S5","main",500,70,0.500915658514495,86.2767911980552,0,0,0,"none",0,17,1
0.424452015862316,0.00656462540057253,1,1,0.292290314091857,NA,0.999991036160096,1,0.283455040091686,NA,0.98717755346091,1,0.315866410268755,0.149736772547957,NA,1,1,"S5","main",500,70,0.500915658514495,97.3817635228901,0,0,0,"none",0,18,1
0.447690621881455,-0.0168305584031083,1,1,0.265640581782887,NA,0.999812126924658,1,0.194944875315503,NA,0.773603500356098,1,0.249590210477317,-0.0664196932554739,0.00487325798556734,0.981741206030151,1,"S5","main",500,70,0.500915658514495,72.4893332210293,0,0,0,"none",0,19,1
0.470041565354436,0.037375253683662,1,1,0.291811145876604,NA,0.999990614186157,1,0.278800434902024,NA,0.98078060027224,1,0.299526517292679,0.0120589123508256,NA,1,1,"S5","main",500,70,0.500915658514495,88.2431280775433,0,0,0,"none",0,20,1
0.453505920628387,-0.00695037412074106,1,1,0.349297127964767,NA,0.999999926510129,1,0.307151298962313,NA,0.996569484866224,1,0.337526603897862,0.0199255173898813,NA,1,1,"S5","main",500,70,0.500915658514495,102.528981152129,0,0,0,"none",0,21,1
0.463674924464797,0.0129445529499739,1,1,0.348229577193019,NA,0.999999389060321,1,0.250060558858971,NA,0.897058287514895,1,0.374326548050098,-0.0251743115858685,NA,1,1,"S5","main",500,70,0.500915658514495,73.8428669798352,0,0,0,"none",0,22,1
0.513158139755337,0.00156935918116964,1,1,0.37893079851187,NA,0.999999874914372,1,0.333039597833644,NA,0.987449514399296,1,0.357403416934486,0.00464883531301903,0.00130587350352685,0.998663316582915,1,"S5","main",500,70,0.500915658514495,81.9053496178205,0,0,0,"none",0,23,1
0.426395752272391,-0.0034286818025046,1,1,0.307063818088625,NA,0.999997058132647,1,0.2920036794526,NA,0.995430562044718,1,0.302047987232362,-0.0949586897635863,0.000780299646260786,0.998859296482412,1,"S5","main",500,70,0.500915658514495,87.8481624552228,0,0,0,"none",0,24,1
0.407817895756769,-0.0210390011521461,1,1,0.330836150613505,NA,0.999999940838423,1,0.302833301417946,NA,0.997278838257945,1,0.363490694991968,-0.00849919866453713,NA,1,1,"S5","main",500,70,0.500915658514495,99.3057631003441,0,0,0,"none",0,25,1
0.42058858924116,-0.00226347314329975,1,1,0.201378993485166,NA,0.996126638193418,1,0.085787198758881,NA,0.465105994892994,0,0.0916209293277155,-0.000478031471247953,0.0149788031034551,0.49794472361809,0,"S5","main",500,70,0.500915658514495,73.4792905098597,0,0,0,"none",0,26,1
0.469421485167852,0.0075282302579108,1,1,0.373519659483555,NA,0.999999992022702,1,0.338178056429634,NA,0.998865287837838,1,0.401134043959958,0.0343402302114741,NA,1,1,"S5","main",500,70,0.500915658514495,93.2076510052623,0,0,0,"none",0,27,1
0.455226312567672,0.00706623268731583,1,1,0.318900069520843,NA,0.999996240867524,1,0.302789931989006,NA,0.992186981120313,1,0.323291162278893,0.026706041570669,NA,1,1,"S5","main",500,70,0.500915658514495,81.9428840199334,0,0,0,"none",0,28,1
0.446255616630145,0.0102103372407046,1,1,0.287028640927552,NA,0.999972557567535,1,0.22518424185225,NA,0.871048559927207,1,0.270442220363547,-0.00464414153260116,0.00311694258038541,0.992861809045226,1,"S5","main",500,70,0.500915658514495,85.2812795309135,0,0,0,"none",0,29,1
0.451057407855159,0.0329569287800966,1,1,0.341422844423552,NA,0.999998787057693,1,0.305710585322828,NA,0.979907910863479,1,0.323652512620521,0.100279178909118,NA,1,1,"S5","main",500,70,0.500915658514495,79.4618820698089,0,0,0,"none",0,30,1
0.448156369405837,0.0144441843402538,1,1,0.209666448344873,NA,0.985396252624391,1,0.0931659126185573,NA,0.398044570706361,0,0.0393249703177914,0.0145420452999014,0.0069400488434026,0.247381909547739,0,"S5","main",500,70,0.500915658514495,49.975052675604,0,0,0,"none",0,31,1
0.374189869767807,0.00531689839681598,1,1,0.256044233535099,NA,0.999944336652239,1,0.233171159144392,NA,0.941071825205419,1,0.266133798118551,0.0111624592350431,0.00315325218761272,0.992537688442211,1,"S5","main",500,70,0.500915658514495,89.9757212248009,0,0,0,"none",0,32,1
0.499118561541614,0.0049294466876726,1,1,0.342594986790066,NA,0.999999359322675,1,0.312274754966936,NA,0.988698505985673,1,0.340985964260047,0.107581710198598,NA,1,1,"S5","main",500,70,0.500915658514495,84.5517437540795,0,0,0,"none",0,33,1
0.452679761210864,0.000556524531987825,1,1,0.26786933753382,NA,0.999952297685186,1,0.253584468853584,NA,0.9801458976668,1,0.205621587765695,0.0390356213870135,0.010241130694589,0.939459798994975,1,"S5","main",500,70,0.500915658514495,88.9963724361455,0,0,0,"none",0,34,1
0.46460447670429,0.0411867604876428,1,1,0.298345489534429,NA,0.999980530349458,1,0.273608874954026,NA,0.971494724642695,1,0.294985132181122,-0.0670853142783058,0.00445241534851082,0.994856783919598,1,"S5","main",500,70,0.500915658514495,80.2374662726422,0,0,0,"none",0,35,1
0.423038158569518,-0.00955344278495704,1,1,0.2328757190538,NA,0.999105830870745,1,0.179548378667361,NA,0.768796207317969,1,0.262091657146143,-0.0365510281397917,0.00596945123608712,0.97771608040201,1,"S5","main",500,70,0.500915658514495,83.256960228565,0,0,0,"none",0,36,1
0.451242346302919,-0.00123401239124058,1,1,0.333575527887777,NA,0.999997337642504,1,0.277921310120086,NA,0.967535028591921,1,0.370138638660637,0.0271813075920071,NA,1,1,"S5","main",500,70,0.500915658514495,84.3119235200242,0,0,0,"none",0,37,1
0.488806493623244,-0.0148620833541695,1,1,0.364726406452002,NA,0.999999987872533,1,0.308549831872584,NA,0.999201438692019,1,0.365809556738936,-0.0804792421159329,NA,1,1,"S5","main",500,70,0.500915658514495,100.348044389135,0,0,0,"none",0,38,1
0.396674794942935,0.00817239379088475,1,1,0.231433702630257,NA,0.999644254816959,1,0.170892473075501,NA,0.775369997094757,1,0.201154378492491,0.026437240653343,0.00869537314356575,0.934741206030151,1,"S5","main",500,70,0.500915658514495,87.8509226009844,0,0,0,"none",0,39,1
0.411822611554371,0.0129333932945297,1,1,0.265225066810403,NA,0.999933599618303,1,0.248790563484733,NA,0.965424466109597,1,0.251665665342499,0.0347849035338306,0.00567600498307761,0.982354271356784,1,"S5","main",500,70,0.500915658514495,90.8844201068361,0,0,0,"none",0,40,1
0.437031988745482,0.00448592331498817,1,1,0.274696335318166,NA,0.999952203371104,1,0.221572238187886,NA,0.879535841585784,1,0.294027823888764,-0.0472303677203282,0.000487449433556736,0.99951256281407,1,"S5","main",500,70,0.500915658514495,90.8171060041109,0,0,0,"none",0,41,1
0.438996632616275,-0.00619186307822805,1,1,0.278979949918401,NA,0.99992513034775,1,0.107143155253747,NA,0.478253255534575,0,0.225535047977491,-0.0046563622198846,0.0112851298170483,0.93328391959799,1,"S5","main",500,70,0.500915658514495,77.1863113414881,0,0,0,"none",0,42,1
0.38633757951107,-0.0069953185706418,1,1,0.263102356511055,NA,0.999971630045086,1,0.242532863684054,NA,0.966984522229539,1,0.309223003376834,0.0365104843380064,NA,1,1,"S5","main",500,70,0.500915658514495,114.076745508786,0,0,0,"none",0,43,1
0.431254958999612,-0.0268809033050932,1,1,0.253107021785197,NA,0.999799695326736,1,0.213502999767168,NA,0.864124085139993,1,0.22071680505217,-0.0618504160180197,0.00944244329114608,0.960685929648241,1,"S5","main",500,70,0.500915658514495,84.8291563826898,0,0,0,"none",0,44,1
0.45261049734294,0.0361673586674718,1,1,0.35621995752958,NA,0.999999255496576,1,0.302087554004313,NA,0.97146416431804,1,0.355498038131691,-0.0371094927541327,NA,1,1,"S5","main",500,70,0.500915658514495,82.1544623071629,0,0,0,"none",0,45,1
0.46951829203549,0.013774980885384,1,1,0.360390229229362,NA,0.999999782348182,1,0.264409274380796,NA,0.893475632139927,1,0.344179922277484,0.0539784476523321,0.000138194427039292,0.999861809045226,1,"S5","main",500,70,0.500915658514495,76.993875175201,0,0,0,"none",0,46,1
0.404245526258578,-0.00705315326345257,1,1,0.283462526832413,NA,0.999980375081842,1,0.26868480727634,NA,0.979498072404334,1,0.292468939474128,-0.0116620956293981,0.0015653659644633,0.998434673366834,1,"S5","main",500,70,0.500915658514495,89.7044832157385,0,0,0,"none",0,47,1
0.440074037460722,0.00156978351880761,1,1,0.331851169655714,NA,0.999998140194386,1,0.324869275221637,NA,0.996376378585439,1,0.370678720660236,-0.00893151743886766,NA,1,1,"S5","main",500,70,0.500915658514495,85.1812250958622,0,0,0,"none",0,48,1
0.40704955545578,-0.0135478472815116,1,1,0.268757326835175,NA,0.999909112063966,1,0.0440983035605822,NA,0.250429841690389,0,0.234088525419584,0.0387749534574739,0.00742684656983042,0.954256281407035,1,"S5","main",500,70,0.500915658514495,72.8610587700185,0,0,0,"none",0,49,1
0.433541289227718,0.0288660626898517,1,1,0.287906156346165,NA,0.99998920017821,1,0.275288983308783,NA,0.983066032679811,1,0.310609522932387,0.0332113856504165,0.00174376240664097,0.998256281407035,1,"S5","main",500,70,0.500915658514495,87.8598774838893,0,0,0,"none",0,50,1
0.400047802327641,0.00132968276363325,1,1,0.243942512617576,NA,0.999885229395695,1,0.150501252258453,NA,0.729161984855347,1,0.270602083515802,0.117542557062269,NA,1,1,"S5","main",500,70,0.500915658514495,107.950854205262,0,0,0,"none",0,51,1
0.488478606010603,0.0136811814990596,1,1,0.350992093186602,NA,0.999999863583812,1,0.304708522650133,NA,0.99510769246784,1,0.337323803769073,-0.038890446461449,NA,1,1,"S5","main",500,70,0.500915658514495,86.9117007711871,0,0,0,"none",0,52,1
0.471339419488345,0.0116223450788658,1,1,0.326779575380128,NA,0.999998654756972,1,0.296942758306603,NA,0.989728528235534,1,0.370992729738429,-0.0306778795843881,NA,1,1,"S5","main",500,70,0.500915658514495,96.8203881889714,0,0,0,"none",0,53,1
0.372051535176368,-0.0190436033027137,1,1,0.229544567396915,NA,0.999473350890646,1,0.0657896082956585,NA,0.364034482934476,0,0.247486603603257,-0.026766121757442,0.0048191122134377,0.979889447236181,1,"S5","main",500,70,0.500915658514495,83.4323947670507,0,0,0,"none",0,54,1
0.428885942172033,0.0150494598177369,1,1,0.280559940999897,NA,0.999865812370562,1,0.188680922955986,NA,0.728513890816342,1,0.235850777156362,0.0363246070677305,0.00881557491069205,0.95308040201005,1,"S5","main",500,70,0.500915658514495,72.1594212297203,0,0,0,"none",0,55,1
0.431353681652996,0.0213318093738999,1,1,0.313877796019336,NA,0.999997864517875,1,0.294501933516002,NA,0.993624894229184,1,0.337267188032198,-0.0214183478205062,NA,1,1,"S5","main",500,70,0.500915658514495,88.6646686643765,0,0,0,"none",0,56,1
0.501481302577561,-0.0052739760032695,1,1,0.355693591426845,NA,0.99999992045931,1,0.337916542477854,NA,0.999309520175102,1,0.367635292574546,-0.0465126539463825,NA,1,1,"S5","main",500,70,0.500915658514495,85.3654388915271,0,0,0,"none",0,57,1
0.553588322624816,-0.0154514555319565,1,1,0.35983535659718,NA,0.999998582257823,1,0.308679758608806,NA,0.97525278355841,1,0.365748284656415,0.0193231371046248,NA,1,1,"S5","main",500,70,0.500915658514495,80.3128477097914,0,0,0,"none",0,58,1
0.436683349348799,-0.0154124779601142,1,1,0.232670636426545,NA,0.998857706079071,1,0.114965428387591,NA,0.542997808777432,1,0.175237550271989,0.00544438584628191,0.0167713857647292,0.790075376884422,1,"S5","main",500,70,0.500915658514495,76.9579053820938,0,0,0,"none",0,59,1
0.497150617660348,-0.0157136981025128,1,1,0.326942209271415,NA,0.999997065218508,1,0.318161018698161,NA,0.993656825813114,1,0.314398635154391,-0.0156868185325254,NA,1,1,"S5","main",500,70,0.500915658514495,85.2774772353699,0,0,0,"none",0,60,1
0.428876222788127,0.00561899033197599,1,1,0.269681990525279,NA,0.999944147196225,1,0.214245578362342,NA,0.880580576220481,1,0.31241510482576,0.0045936715607949,NA,1,1,"S5","main",500,70,0.500915658514495,88.3697688851731,0,0,0,"none",0,61,1
0.467753988140414,-0.017816283975584,1,1,0.327528124177015,NA,0.999995896750066,1,0.309087247698833,NA,0.985609913505848,1,0.351233129362133,-0.0794460622489568,NA,1,1,"S5","main",500,70,0.500915658514495,75.1790207854168,0,0,0,"none",0,62,1
0.413167509828046,0.0102470866323981,1,1,0.271868790379193,NA,0.999911674476116,1,0.211470471731791,NA,0.846006608632321,1,0.27138105556356,-0.0413867184147731,0.00157088735561373,0.995412060301508,1,"S5","main",500,70,0.500915658514495,81.4863155348491,0,0,0,"none",0,63,1
0.426756486981221,-0.00558492086879779,1,1,0.331665673522927,NA,0.999998576872067,1,0.310086222151974,NA,0.988361656120336,1,0.382615810943197,-0.0050198484998014,NA,1,1,"S5","main",500,70,0.500915658514495,86.9497196611987,0,0,0,"none",0,64,1
0.429210369783093,0.00386046052176995,1,1,0.205198418100759,NA,0.992171140397731,1,0.0976804110602742,NA,0.448082399468063,0,0.0981493617135338,-0.0332926098782076,0.0186376858842398,0.526118090452261,1,"S5","main",500,70,0.500915658514495,66.7095602494527,0,0,0,"none",0,65,1
0.464367608064267,-0.0132749585676454,1,1,0.334761501467395,NA,0.999999380489862,1,0.260906638015123,NA,0.946987421182366,1,0.374030970423789,-0.0617802008296567,NA,1,1,"S5","main",500,70,0.500915658514495,99.1404588836843,0,0,0,"none",0,66,1
0.48809200429912,-0.00726288911315043,1,1,0.38577809251468,NA,0.999999990692117,1,0.34730457068117,NA,0.999539787538833,1,0.434598703486764,0.0374568902671662,NA,1,1,"S5","main",500,70,0.500915658514495,84.3245437020434,0,0,0,"none",0,67,1
0.434380415614314,0.000822107214364492,1,1,0.3435216514718,NA,0.999999972536429,1,0.317172487808181,NA,0.999027957329244,1,0.394003693204259,0.04526824948115,NA,1,1,"S5","main",500,70,0.500915658514495,109.363342820537,0,0,0,"none",0,68,1
0.45633233827154,-0.0154413430951649,1,1,0.242121297564408,NA,0.999141079531641,1,0.0313236368760194,NA,0.178227450003357,0,0.189395626946994,-0.0155038488753849,0.0126011012355248,0.831045226130653,1,"S5","main",500,70,0.500915658514495,71.5180369218331,0,0,0,"none",0,69,1
0.430068250370207,0.0233432670518968,1,1,0.27876542157918,NA,0.999984856134253,1,0.258666099520257,NA,0.989751564821179,1,0.264223371104557,-0.0536727529890042,2.2613633515516e-05,0.999977386934673,1,"S5","main",500,70,0.500915658514495,95.0813561150727,0,0,0,"none",0,70,1
0.464420390092515,0.0149094380281383,1,1,0.340683492318732,NA,0.999998808036151,1,0.324724719065348,NA,0.995565004291869,1,0.341909758404748,-0.0313791431600156,5.77903967618733e-05,0.999942211055276,1,"S5","main",500,70,0.500915658514495,84.5747456158368,0,0,0,"none",0,71,1
0.488524880096309,0.0270146922270478,1,1,0.320528134479714,NA,0.999984341640171,1,0.304813697051029,NA,0.981412102268738,1,0.346623867061773,-0.00422843106344008,0.00196738611584986,0.998032663316583,1,"S5","main",500,70,0.500915658514495,79.7467724132381,0,0,0,"none",0,72,1
0.475405255639969,-0.0100791104939921,1,1,0.315288293359158,NA,0.999984248868026,1,0.189997350327239,NA,0.716052823069287,1,0.287512308473098,-0.0845708371367328,0.00336479846813278,0.994618090452261,1,"S5","main",500,70,0.500915658514495,71.7965725624915,0,0,0,"none",0,73,1
0.434594245450058,0.0357295908559209,1,1,0.28332145034186,NA,0.999948494964672,1,0.147247156812589,NA,0.660937574418134,1,0.303472566501532,0.0840762129657692,0.00244119383283433,0.996238693467337,1,"S5","main",500,70,0.500915658514495,85.0436318215644,0,0,0,"none",0,74,1
0.449480489166408,0.0158899136085076,1,1,0.319252056551845,NA,0.999993525210352,1,0.299825374606715,NA,0.97986373600033,1,0.320175682442874,0.025813515451059,NA,1,1,"S5","main",500,70,0.500915658514495,80.4932123602195,0,0,0,"none",0,75,1
0.474849710718743,-0.00750376883763393,1,1,0.293877501661384,NA,0.999992889242641,1,0.255238327440381,NA,0.962610531598414,1,0.302830873253335,-0.0314946617028727,0.00201512600882741,0.997984924623116,1,"S5","main",500,70,0.500915658514495,78.3929457124324,0,0,0,"none",0,76,1
0.440640542875066,-0.0178177124093895,1,1,0.2828741933818,NA,0.999959601096642,1,0.279380334889,NA,0.971227612341358,1,0.329717291800883,-0.00386652084509601,0.00259805522833885,0.997402010050251,1,"S5","main",500,70,0.500915658514495,85.820515260406,0,0,0,"none",0,77,1
0.489222718109429,0.02334632227027,1,1,0.411550182829035,NA,0.99999999903889,1,0.380448333616023,NA,0.99990191779061,1,0.393515130915637,0.0499315823784345,NA,1,1,"S5","main",500,70,0.500915658514495,89.6815983301828,0,0,0,"none",0,78,1
0.445512603178999,0.0114177555222012,1,1,0.303213315349991,NA,0.999979824648594,1,0.278961974515864,NA,0.961603122473367,1,0.313833888282906,0.0498132155810338,NA,1,1,"S5","main",500,70,0.500915658514495,78.7008417625481,0,0,0,"none",0,79,1
0.456676171085059,-0.0100628302421736,1,1,0.287320320095467,NA,0.999942241856572,1,0.209149225935705,NA,0.799097082320478,1,0.259012161808653,-0.0214579025935136,0.00584618069462988,0.978871859296482,1,"S5","main",500,70,0.500915658514495,76.1499046522623,0,0,0,"none",0,80,1
0.469810513610225,0.00500656083956427,1,1,0.294402853568595,NA,0.999954097060325,1,0.230347134889419,NA,0.856857718430154,1,0.278588349605951,0.0438346625435451,0.00260035036052502,0.992183417085427,1,"S5","main",500,70,0.500915658514495,77.2758419162883,0,0,0,"none",0,81,1
0.459419288419097,-0.00805517348790086,1,1,0.395885334209724,NA,0.999999998748255,1,0.353936978209111,NA,0.999841516096136,1,0.381947158710148,0.0196412604211663,NA,1,1,"S5","main",500,70,0.500915658514495,86.0413566411044,0,0,0,"none",0,82,1
0.472919537467369,0.0297215048474825,1,1,0.278914546406074,NA,0.999761156071239,1,0.255510575700107,NA,0.912440792170876,1,0.293761364597909,-0.0529057395294394,0.00329655087800763,0.990409547738693,1,"S5","main",500,70,0.500915658514495,75.4307684662625,0,0,0,"none",0,83,1
0.508924946829315,-0.00245510850147446,1,1,0.41100196893875,NA,0.999999999494953,1,0.35984069553805,NA,0.99979278617999,1,0.459724037753215,-0.00953580980205528,NA,1,1,"S5","main",500,70,0.500915658514495,89.1972750716693,0,0,0,"none",0,84,1
0.435214292706828,-0.0269594068308929,1,1,0.376059705328633,NA,0.99999992875339,1,0.335887015147223,NA,0.993290187802438,1,0.380078734934234,-0.0438272525804482,NA,1,1,"S5","main",500,70,0.500915658514495,73.8032981882309,0,0,0,"none",0,85,1
0.453816615945183,-0.0354558862336659,1,1,0.291067257191153,NA,0.999952146452242,1,0.286915897752442,NA,0.963517745024655,1,0.266671647949518,0.000849144836560558,0.00659021459288782,0.979836683417085,1,"S5","main",500,70,0.500915658514495,65.2074092767091,0,0,0,"none",0,86,1
0.43484467522078,-0.0367754248959116,1,1,0.28539414475731,NA,0.999900062045797,1,0.217074985984868,NA,0.834266905937233,1,0.239044031763183,-0.0449485161413308,0.0103921057492961,0.931530150753769,1,"S5","main",500,70,0.500915658514495,72.8839981878288,0,0,0,"none",0,87,1
0.454672548674817,-0.00961194826070555,1,1,0.333089841992739,NA,0.999999696400043,1,0.297908901524818,NA,0.993875354034256,1,0.318680752669646,0.0220910094681727,NA,1,1,"S5","main",500,70,0.500915658514495,92.8304933948854,0,0,0,"none",0,88,1
0.476919030786552,0.00510030750255361,1,1,0.345707442355038,NA,0.999999790369519,1,0.339670534965956,NA,0.999720331001396,1,0.33375189265751,-0.00512686896711954,0.000713585768711855,0.999286432160804,1,"S5","main",500,70,0.500915658514495,99.1269467816793,0,0,0,"none",0,89,1
0.459517673188844,0.00803619596677958,1,1,0.23190646253835,NA,0.994553085953674,1,0.0679273483181556,NA,0.323699381131674,0,0.0601356503754711,0.000555555250798064,0.0101174038617264,0.311128140703518,0,"S5","main",500,70,0.500915658514495,57.1267876367208,0,0,0,"none",0,90,1
0.482674575992125,-0.00467813269929286,1,1,0.306014936288574,NA,0.999970356816733,1,0.309979295991828,NA,0.971062577345362,1,0.305157608689886,-0.0993052616816217,NA,1,1,"S5","main",500,70,0.500915658514495,66.154578767347,0,0,0,"none",0,91,1
0.453761798455895,-0.0120529245426671,1,1,0.285904458390806,NA,0.999952372570102,1,0.187715634575159,NA,0.786901550460785,1,0.305062233528972,-0.0706616753482203,0.00255189898880943,0.997017587939699,1,"S5","main",500,70,0.500915658514495,86.3254250669943,0,0,0,"none",0,92,1
0.445928258343368,0.00154891268322088,1,1,0.299384734036346,NA,0.999997961219954,1,0.257208152568362,NA,0.97146939509131,1,0.30451238097472,-0.078506292625797,3.01515113540238e-05,0.999969849246231,1,"S5","main",500,70,0.500915658514495,95.223415957359,0,0,0,"none",0,93,1
0.476762216428207,-0.029833671944612,1,1,0.335073964075204,NA,0.999998563974025,1,0.317055842232404,NA,0.992589206844688,1,0.320295631449892,-0.0686694779579459,0.000256287846509235,0.999743718592965,1,"S5","main",500,70,0.500915658514495,83.5059487597686,0,0,0,"none",0,94,1
0.470238441999986,0.0212399905439682,1,1,0.299252978676617,NA,0.999977373532015,1,0.279209695304868,NA,0.957152037029472,1,0.284207246053566,-0.0315763058099091,0.00316361472890402,0.994105527638191,1,"S5","main",500,70,0.500915658514495,86.5762606467479,0,0,0,"none",0,95,1
0.422017737036542,0.000711731573693339,1,1,0.214389269073432,NA,0.997855952559957,1,0.0299694680954666,NA,0.187187846892752,0,0.0340481916918607,-0.00541432162737786,0.00801244832243815,0.229706030150754,0,"S5","main",500,70,0.500915658514495,79.6480251190207,0,0,0,"none",0,96,1
0.445237524434853,-0.0186921280973797,1,1,0.256147080859964,NA,0.999722191497388,1,0.165093721464916,NA,0.686855362871044,1,0.238279816332827,-0.0362325773765507,0.00944291590418283,0.961859296482412,1,"S5","main",500,70,0.500915658514495,84.1192826156591,0,0,0,"none",0,97,1
0.469223030977094,-0.0147531295675422,1,1,0.321324118610293,NA,0.999994089115659,1,0.217997091959096,NA,0.812401056154731,1,0.310659570484711,-0.0261364769817745,0.000831679188181813,0.999168341708543,1,"S5","main",500,70,0.500915658514495,80.3851586721248,0,0,0,"none",0,98,1
0.423476096542943,0.00838802928034956,1,1,0.304972774186266,NA,0.999997711304926,1,0.296859093960319,NA,0.994169891446463,1,0.337943833726242,0.0256344241900867,0.000608055478972824,0.999391959798995,1,"S5","main",500,70,0.500915658514495,86.73314261354,0,0,0,"none",0,99,1
0.422914357653417,0.00966243384674628,1,1,0.308360897962733,NA,0.999998421036254,1,0.279508108554744,NA,0.986178272064304,1,0.32771067569749,0.0389259539757288,NA,1,1,"S5","main",500,70,0.500915658514495,94.0895017364656,0,0,0,"none",0,100,1
0.424520403803193,0.0148171392220987,1,1,0.287920655643574,NA,0.99999984130725,1,0.25022517065349,NA,0.99991038212573,1,0.287694538957738,0.0506034889761004,NA,1,1,"S5","main",500,70,0.500915658514495,131.794766241782,0.3,0,0,"none",0,1,1
0.418696660891094,0.00145980169330441,1,1,0.340373495183495,NA,0.99999999987994,1,0.323493203273183,NA,0.999999999225422,1,0.352146856834635,-0.0146721156511811,NA,1,1,"S5","main",500,70,0.500915658514495,148.19432596895,0.3,0,0,"none",0,2,1
0.436835966385764,0.0258402516559214,1,1,0.327481931714037,NA,0.999999995441139,1,0.297503618652191,NA,0.999994581750668,1,0.353485070814383,-0.0372921892993015,NA,1,1,"S5","main",500,70,0.500915658514495,138.020922504963,0.3,0,0,"none",0,3,1
0.456886516140594,-0.00088828835298673,1,1,0.289871924799302,NA,0.99999942616646,1,0.254655539758801,NA,0.999925292393113,1,0.294732834530742,-0.0533839768535873,0.000175883816231853,0.999824120603015,1,"S5","main",500,70,0.500915658514495,121.692213872541,0.3,0,0,"none",0,4,1
0.404705902438248,-0.00785876991754425,1,1,0.266195546066047,NA,0.999998960267796,1,0.236578315677753,NA,0.999739413714767,1,0.271771697555945,0.0167642905229773,NA,1,1,"S5","main",500,70,0.500915658514495,136.25587303026,0.3,0,0,"none",0,5,1
0.418684285613911,0.000632984880769046,1,1,0.281833934808216,NA,0.999999522662552,1,0.271102288890573,NA,0.999985825075917,1,0.229751650488887,-0.00456052315671275,0.00141907988444268,0.997100502512563,1,"S5","main",500,70,0.500915658514495,119.570800691273,0.3,0,0,"none",0,6,1
0.41773058312115,0.00597070924290015,1,1,0.278982288403994,NA,0.999998353730617,1,0.247983515867314,NA,0.999483927129135,1,0.257534322142135,-0.014353302350735,0.000208547953531981,0.999791457286432,1,"S5","main",500,70,0.500915658514495,121.322247264723,0.3,0,0,"none",0,7,1
0.407833756453397,0.0261868693983913,1,1,0.272265968989085,NA,0.999999446200259,1,0.251692318717068,NA,0.999924520284711,1,0.275500117005487,0.0458478456949502,NA,1,1,"S5","main",500,70,0.500915658514495,132.168258316082,0.3,0,0,"none",0,8,1
0.442588080988069,0.00516007168371789,1,1,0.288551044853179,NA,0.999999552974465,1,0.252266479663745,NA,0.999878971920566,1,0.255888208473808,-0.0410171397377023,NA,1,1,"S5","main",500,70,0.500915658514495,129.648533801528,0.3,0,0,"none",0,9,1
0.406794131151573,-0.012492222373126,1,1,0.256733884069192,NA,0.999998822009577,1,0.221139910946623,NA,0.999640078914812,1,0.276511849366487,0.0360947883711485,NA,1,1,"S5","main",500,70,0.500915658514495,129.317878050914,0.3,0,0,"none",0,10,1
0.404933043673986,-0.00068237797394875,1,1,0.285818174868845,NA,0.9999999511134,1,0.285048905173155,NA,0.999999660521711,1,0.29272933257973,-0.00595125536840307,NA,1,1,"S5","main",500,70,0.500915658514495,129.616546308677,0.3,0,0,"none",0,11,1
0.459896073581755,-0.010166478106594,1,1,0.328152744909458,NA,0.999999969031685,1,0.324658047380882,NA,0.999999714932459,1,0.333394955658095,-0.00943481788297838,NA,1,1,"S5","main",500,70,0.500915658514495,133.425480589174,0.3,0,0,"none",0,12,1
0.447733987192499,-0.00389659383713364,1,1,0.304433697048872,NA,0.999999997172813,1,0.277229856676662,NA,0.999999918479512,1,0.309514464009184,-0.015558523839672,NA,1,1,"S5","main",500,70,0.500915658514495,145.100500609618,0.3,0,0,"none",0,13,1
0.451612627832001,0.000108127281904092,1,1,0.357775982333478,NA,0.999999999992652,1,0.33961673290389,NA,0.999999999879828,1,0.359446251980816,0.039205240398847,NA,1,1,"S5","main",500,70,0.500915658514495,135.58957573589,0.3,0,0,"none",0,14,1
0.452352737102802,0.0206278890852765,1,1,0.31868644860861,NA,0.999999989650516,1,0.292675803909704,NA,0.999999236628594,1,0.285100330931646,-0.0200695813313706,NA,1,1,"S5","main",500,70,0.500915658514495,149.235321719792,0.3,0,0,"none",0,15,1
0.426680733486278,-0.0193139885574356,1,1,0.309748474444568,NA,0.999999990933867,1,0.267481100116513,NA,0.999996138432412,1,0.33734298435383,0.00535280532502218,NA,1,1,"S5","main",500,70,0.500915658514495,133.727819815912,0.3,0,0,"none",0,16,1
0.405748261927193,-0.000903236863804986,1,1,0.325547421995981,NA,0.999999999586429,1,0.30087656233317,NA,0.99999998294459,1,0.348196675830683,-0.00789335696315704,NA,1,1,"S5","main",500,70,0.500915658514495,157.63363885752,0.3,0,0,"none",0,17,1
0.379968091633144,-0.00840895793559328,1,1,0.276652565198673,NA,0.999999858217757,1,0.239360577192127,NA,0.999724507447548,1,0.306615870724849,-0.0415698842872442,NA,1,1,"S5","main",500,70,0.500915658514495,135.10389169557,0.3,0,0,"none",0,18,1
0.44125145382916,0.0327993794631861,1,1,0.340797857468632,NA,0.99999999992221,1,0.317824371830898,NA,0.999999977568383,1,0.323099703887758,0.0523719278141144,NA,1,1,"S5","main",500,70,0.500915658514495,140.239871761265,0.3,0,0,"none",0,19,1
0.463218245421604,0.0155053499800808,1,1,0.352346248541478,NA,0.999999999952586,1,0.30796592729075,NA,0.999999984745674,1,0.345636389417058,0.000386958034461142,NA,1,1,"S5","main",500,70,0.500915658514495,165.283153317061,0.3,0,0,"none",0,20,1
0.418538020930175,-0.0190935386561386,1,1,0.314101380400535,NA,0.999999999951885,1,0.284308832138076,NA,0.999999998717884,1,0.330685390083061,0.00244881602260689,NA,1,1,"S5","main",500,70,0.500915658514495,156.271002182334,0.3,0,0,"none",0,21,1
0.43002469349912,-0.0114514951896259,1,1,0.285091664735256,NA,0.999999945087839,1,0.248026543521746,NA,0.999801364223212,1,0.274114069050522,-0.00200190099399276,NA,1,1,"S5","main",500,70,0.500915658514495,155.504487499417,0.3,0,0,"none",0,22,1
0.426995449978666,-0.00929787947699072,1,1,0.261755620250497,NA,0.999997005015816,1,0.230028021615719,NA,0.999503280937312,1,0.252082742861464,0.00120885563011655,0.00128897711038442,0.998711055276382,1,"S5","main",500,70,0.500915658514495,133.96324800629,0.3,0,0,"none",0,23,1
0.468442759523294,0.00832590923367649,1,1,0.368985170683973,NA,0.999999999994263,1,0.317606123729404,NA,0.999999998005453,1,0.383768414736212,0.0290626673439135,NA,1,1,"S5","main",500,70,0.500915658514495,137.907387457179,0.3,0,0,"none",0,24,1
0.428959005141413,-0.00155085332983973,1,1,0.354338793425936,NA,0.999999999994764,1,0.320104396855697,NA,0.999999995838846,1,0.367056905757046,-0.0175980801937234,NA,1,1,"S5","main",500,70,0.500915658514495,128.875120132937,0.3,0,0,"none",0,25,1
0.459484828295599,-0.00731986846967838,1,1,0.339949055045056,NA,0.999999999267231,1,0.300045617502674,NA,0.999999937002922,1,0.369490236099417,-0.0178213379918363,NA,1,1,"S5","main",500,70,0.500915658514495,137.105768680251,0.3,0,0,"none",0,26,1
0.407965733013311,0.0160876757925077,1,1,0.28517336706157,NA,0.999999881145175,1,0.248421991719914,NA,0.999956927817741,1,0.243620225009094,0.0305051737710881,0.00129902761416942,0.998701005025126,1,"S5","main",500,70,0.500915658514495,137.993285305863,0.3,0,0,"none",0,27,1
0.453899510992274,-0.00121643868513465,1,1,0.314297550547662,NA,0.999999991549354,1,0.296510337717228,NA,0.999999592194076,1,0.338488667426118,-0.0147337462604574,NA,1,1,"S5","main",500,70,0.500915658514495,139.243307110758,0.3,0,0,"none",0,28,1
0.380562460403977,-0.0208846034631057,1,1,0.282416223239315,NA,0.999999897001722,1,0.254537125632156,NA,0.999979348428182,1,0.304842802013884,-0.0199585313354933,NA,1,1,"S5","main",500,70,0.500915658514495,145.107242126424,0.3,0,0,"none",0,29,1
0.422731235194276,0.0035608677539404,1,1,0.318785993832617,NA,0.999999992428586,1,0.278628936939804,NA,0.999996082868768,1,0.33001400506806,0.00483998241633209,NA,1,1,"S5","main",500,70,0.500915658514495,126.088212935463,0.3,0,0,"none",0,30,1
0.366475411846051,0.0212490742169449,1,1,0.26546367517697,NA,0.99999908356681,1,0.22689842031212,NA,0.999127936128462,1,0.204539366079906,0.0305820618277542,0.00401195198866429,0.987861809045226,1,"S5","main",500,70,0.500915658514495,136.539155165105,0.3,0,0,"none",0,31,1
0.444324428274011,-0.0131034995177196,1,1,0.292692738455125,NA,0.999999515046892,1,0.250835590163532,NA,0.999507154629695,1,0.300928000754221,0.00904714534966307,NA,1,1,"S5","main",500,70,0.500915658514495,129.406986620574,0.3,0,0,"none",0,32,1
0.397917539504128,-0.0164509500519166,1,1,0.257200256384515,NA,0.999989156089164,1,0.245373907967883,NA,0.999601522927631,1,0.266327687370387,-0.0199559941985589,NA,1,1,"S5","main",500,70,0.500915658514495,110.844513979264,0.3,0,0,"none",0,33,1
0.420625227957991,-0.000842250971270604,1,1,0.341718796302199,NA,0.999999999864386,1,0.307188023261053,NA,0.999999935384423,1,0.37128249057748,0.0038756932215154,NA,1,1,"S5","main",500,70,0.500915658514495,150.118131488951,0.3,0,0,"none",0,34,1
0.398352929231501,-0.000742868625512118,1,1,0.283071675988302,NA,0.999999955208778,1,0.260705174220119,NA,0.999998348504173,1,0.281460983611881,-8.65565062463369e-05,NA,1,1,"S5","main",500,70,0.500915658514495,146.472565677794,0.3,0,0,"none",0,35,1
0.417304453461831,0.00241391266346011,1,1,0.307422576080553,NA,0.999999998022244,1,0.266650864741181,NA,0.999998032045859,1,0.296458036472575,-0.0300303008760377,NA,1,1,"S5","main",500,70,0.500915658514495,137.021153528528,0.3,0,0,"none",0,36,1
0.442181643103077,-0.0253905435188813,1,1,0.287846562354367,NA,0.999999787992205,1,0.259494421297827,NA,0.999885917585594,1,0.256606497057985,-0.0346957217746382,NA,1,1,"S5","main",500,70,0.500915658514495,110.72207772758,0.3,0,0,"none",0,37,1
0.393296529562338,-0.00664383828538919,1,1,0.27669308630836,NA,0.999999457705224,1,0.237745452338629,NA,0.99903849649152,1,0.259557926475713,-0.000233849607192431,0.000412070655171695,0.999587939698492,1,"S5","main",500,70,0.500915658514495,120.103580640015,0.3,0,0,"none",0,38,1
0.483223661647726,0.0138155514947478,1,1,0.308803585114691,NA,0.999993381744152,1,0.280167501861625,NA,0.998481083460573,1,0.28285970296677,0.0576828920560197,NA,1,1,"S5","main",500,70,0.500915658514495,91.5660429929095,0.3,0,0,"none",0,39,1
0.443723309930127,-0.0114787242867525,1,1,0.312135572037721,NA,0.999999899989322,1,0.278795311155202,NA,0.999953348013728,1,0.313794042883899,-0.01047444993716,NA,1,1,"S5","main",500,70,0.500915658514495,120.269895798647,0.3,0,0,"none",0,40,1
0.407940190001938,9.70745213006699e-05,1,1,0.289113454158771,NA,0.999999760782485,1,0.272627885348954,NA,0.999993651047398,1,0.269793014922121,-0.010816389727649,0.00267961380661961,0.996206030150754,1,"S5","main",500,70,0.500915658514495,140.180146834614,0.3,0,0,"none",0,41,1
0.406907232695747,0.00568424235887623,1,1,0.289677608466714,NA,0.999999898602252,1,0.233132338370838,NA,0.999239164485012,1,0.292609242224752,0.042872242842181,NA,1,1,"S5","main",500,70,0.500915658514495,118.42389696008,0.3,0,0,"none",0,42,1
0.396853128636746,0.00380856000844436,1,1,0.285350654617739,NA,0.999999927199594,1,0.242268438630783,NA,0.99991008042022,1,0.261681493761831,0.095040218277471,NA,1,1,"S5","main",500,70,0.500915658514495,138.282381076832,0.3,0,0,"none",0,43,1
0.402653573834911,-0.0211647403286751,1,1,0.299540704118249,NA,0.99999998149857,1,0.296674570842318,NA,0.999999965872955,1,0.280074059433422,-0.00656558670525825,NA,1,1,"S5","main",500,70,0.500915658514495,148.050458663712,0.3,0,0,"none",0,44,1
0.437143566955035,0.000409030768611949,1,1,0.320669106922979,NA,0.999999988890917,1,0.301180962152886,NA,0.999999961918106,1,0.335169314455629,0.00358636573255891,NA,1,1,"S5","main",500,70,0.500915658514495,140.68646484749,0.3,0,0,"none",0,45,1
0.438562313795932,0.0289420311772844,1,1,0.288656272377434,NA,0.999999961500031,1,0.271941522127681,NA,0.999999205379103,1,0.297500236897211,0.0338057487763117,NA,1,1,"S5","main",500,70,0.500915658514495,150.09111780008,0.3,0,0,"none",0,46,1
0.48308640400748,0.0317247368837798,1,1,0.397109380087707,NA,0.999999999999827,1,0.34023882857806,NA,0.999999985933744,1,0.390876898792571,0.0745231866313887,NA,1,1,"S5","main",500,70,0.500915658514495,122.267720841531,0.3,0,0,"none",0,47,1
0.401753038791188,-0.00333529498601149,1,1,0.287472357484532,NA,0.999999596352004,1,0.236512585805713,NA,0.998841436002266,1,0.257909242815184,0.0384278075689006,NA,1,1,"S5","main",500,70,0.500915658514495,115.846195452878,0.3,0,0,"none",0,48,1
0.381114218741693,0.0132816612667549,1,1,0.281144203263564,NA,0.999999965240111,1,0.279249630353709,NA,0.999999804550301,1,0.300257257404641,-0.0042728076460727,NA,1,1,"S5","main",500,70,0.500915658514495,150.392421758054,0.3,0,0,"none",0,49,1
0.43793079908199,0.00991815922594211,1,1,0.304748314465617,NA,0.999999932951338,1,0.268011933942082,NA,0.999940971692964,1,0.319465201105299,-0.0240323748666893,NA,1,1,"S5","main",500,70,0.500915658514495,124.858813826242,0.3,0,0,"none",0,50,1
0.411756510267836,-0.000341074688106401,1,1,0.321458578959777,NA,0.999999995308676,1,0.300042085960875,NA,0.999999766085146,1,0.322792159553445,-0.0338406426537082,NA,1,1,"S5","main",500,70,0.500915658514495,122.321180284413,0.3,0,0,"none",0,51,1
0.39506976453788,-0.00206826565881605,1,1,0.273291634015732,NA,0.999999802708475,1,0.249077630358363,NA,0.999970110859375,1,0.245705783956315,-0.0125251258458836,NA,1,1,"S5","main",500,70,0.500915658514495,154.26736830527,0.3,0,0,"none",0,52,1
0.406312646415138,0.0290383554007586,1,1,0.301753939997453,NA,0.999999988390099,1,0.293960208041409,NA,0.999999948649479,1,0.271282384477312,0.0599215081380095,NA,1,1,"S5","main",500,70,0.500915658514495,155.112847843963,0.3,0,0,"none",0,53,1
0.431778831643,0.00647462332782711,1,1,0.33868147202034,NA,0.999999999709089,1,0.291321798682846,NA,0.9999984048212,1,0.384325298370023,-0.00790447930398964,NA,1,1,"S5","main",500,70,0.500915658514495,155.042270287669,0.3,0,0,"none",0,54,1
0.457951073854797,-0.0121832077618515,1,1,0.347941411575284,NA,0.99999999586647,1,0.325669486345029,NA,0.999999784636381,1,0.326733662209798,-0.0291044960602654,NA,1,1,"S5","main",500,70,0.500915658514495,106.783667403708,0.3,0,0,"none",0,55,1
0.442368309666395,-0.0235071287387992,1,1,0.350810149153852,NA,0.999999999907672,1,0.332393538897157,NA,0.999999998669304,1,0.392707103950385,-0.0420840706217159,NA,1,1,"S5","main",500,70,0.500915658514495,125.866370409112,0.3,0,0,"none",0,56,1
0.486131850745002,0.0116222225277097,1,1,0.341667344492635,NA,0.999999999377444,1,0.326927131130523,NA,0.999999995852006,1,0.307836404172569,-0.00263342273462207,NA,1,1,"S5","main",500,70,0.500915658514495,137.474096782136,0.3,0,0,"none",0,57,1
0.430815553187703,0.0306437528526393,1,1,0.286587746238036,NA,0.999999182696073,1,0.284909133739364,NA,0.999976508827763,1,0.275933092551366,0.0526909569366089,NA,1,1,"S5","main",500,70,0.500915658514495,116.328254471624,0.3,0,0,"none",0,58,1
0.419081203346183,-0.0123787549197733,1,1,0.290921858262646,NA,0.999999887714532,1,0.270919720191244,NA,0.999986567319197,1,0.293433777924526,-0.0237192585824763,NA,1,1,"S5","main",500,70,0.500915658514495,131.306372429433,0.3,0,0,"none",0,59,1
0.42467909253116,-0.00821404200764989,1,1,0.317451334722846,NA,0.99999999492738,1,0.320840437334142,NA,0.999999991222651,1,0.339810047375985,-0.050369192238276,NA,1,1,"S5","main",500,70,0.500915658514495,125.151587899107,0.3,0,0,"none",0,60,1
0.429214539836665,-0.0187230726894979,1,1,0.361190231708429,NA,0.999999999989219,1,0.339101398917424,NA,0.999999999784146,1,0.356165791278656,-0.0176720290130361,NA,1,1,"S5","main",500,70,0.500915658514495,158.240255216383,0.3,0,0,"none",0,61,1
0.390857415512054,-0.0056930735737786,1,1,0.254875786031418,NA,0.999993850883436,1,0.256609069625207,NA,0.999969397538188,1,0.242029818662883,0.0534646066121074,0.000389247626450844,0.999592964824121,1,"S5","main",500,70,0.500915658514495,114.0847614263,0.3,0,0,"none",0,62,1
0.410770757315037,0.000732335871954985,1,1,0.334396310598417,NA,0.99999999980497,1,0.266930808751713,NA,0.99999357637404,1,0.358594529599933,0.00286223081794728,NA,1,1,"S5","main",500,70,0.500915658514495,139.157715637222,0.3,0,0,"none",0,63,1
0.431191755455036,-0.0260126583830964,1,1,0.338395370221315,NA,0.999999999965837,1,0.331059294288288,NA,0.999999999962447,1,0.312535187778067,-0.0391133869298328,NA,1,1,"S5","main",500,70,0.500915658514495,156.480998911658,0.3,0,0,"none",0,64,1
0.425988469414822,0.00304728055013826,1,1,0.322542438547646,NA,0.999999993448709,1,0.279488918178728,NA,0.999990095839616,1,0.318885770224636,0.0156552461082489,NA,1,1,"S5","main",500,70,0.500915658514495,115.589387684596,0.3,0,0,"none",0,65,1
0.417832678042375,0.00468412073281444,1,1,0.352856963546187,NA,0.999999999995989,1,0.30741694607507,NA,0.999999993428817,1,0.373846356221679,0.0207688039051972,NA,1,1,"S5","main",500,70,0.500915658514495,154.936528949424,0.3,0,0,"none",0,66,1
0.439535806761002,0.00821370409716127,1,1,0.327882888029783,NA,0.999999994766108,1,0.281520215096095,NA,0.999987305324023,1,0.347390133706646,0.0159030385580384,NA,1,1,"S5","main",500,70,0.500915658514495,136.629164706273,0.3,0,0,"none",0,67,1
0.409161284165802,0.00584496873462503,1,1,0.289553439612909,NA,0.999999583352202,1,0.266846683497851,NA,0.999925341348797,1,0.302161965286247,0.0267016028413677,NA,1,1,"S5","main",500,70,0.500915658514495,127.440419619247,0.3,0,0,"none",0,68,1
0.377456843815319,-0.0125177207542505,1,1,0.278430005436172,NA,0.99999987055585,1,0.230156150961456,NA,0.999296117830485,1,0.296513636601108,-0.0240962938195599,NA,1,1,"S5","main",500,70,0.500915658514495,137.127180958491,0.3,0,0,"none",0,69,1
0.403197979120862,-0.00774508235421707,1,1,0.27410929403509,NA,0.999999610130411,1,0.259363635944203,NA,0.99999067260545,1,0.299837651089801,0.0443825848726307,NA,1,1,"S5","main",500,70,0.500915658514495,150.376942694913,0.3,0,0,"none",0,70,1
0.442183782577751,-0.0026147266133663,1,1,0.282942202220801,NA,0.999999067955526,1,0.288818425404925,NA,0.999998648627129,1,0.285288889928149,-0.0145274985521571,NA,1,1,"S5","main",500,70,0.500915658514495,128.827393171383,0.3,0,0,"none",0,71,1
0.416017793960323,0.0174238092761199,1,1,0.322212565062247,NA,0.999999999473807,1,0.279806748103808,NA,0.99999530015327,1,0.363922740090536,0.0393388304211009,NA,1,1,"S5","main",500,70,0.500915658514495,149.916452525499,0.3,0,0,"none",0,72,1
0.432109400594267,-0.0100311802398269,1,1,0.275815242102762,NA,0.999994601714334,1,0.26623047555922,NA,0.999701278148941,1,0.307165237627423,-0.00981196928246747,NA,1,1,"S5","main",500,70,0.500915658514495,110.690086068393,0.3,0,0,"none",0,73,1
0.440276991277142,0.0059130875668833,1,1,0.300145629554693,NA,0.999999947658923,1,0.282862434117015,NA,0.99999523849827,1,0.306127819227666,0.026067758201576,NA,1,1,"S5","main",500,70,0.500915658514495,131.380971721499,0.3,0,0,"none",0,74,1
0.443544718091919,-0.0209895463800112,1,1,0.305767751344213,NA,0.999999902601557,1,0.271115080911978,NA,0.999982266477052,1,0.346239966814229,-0.00175153787775288,NA,1,1,"S5","main",500,70,0.500915658514495,130.098579627353,0.3,0,0,"none",0,75,1
0.41498435696274,-0.000595346350895262,1,1,0.299000647836723,NA,0.999999990406572,1,0.285205306731898,NA,0.999999736984769,1,0.289209934455964,0.00955491404733479,NA,1,1,"S5","main",500,70,0.500915658514495,143.338200250051,0.3,0,0,"none",0,76,1
0.426393462879959,-0.00677041552723163,1,1,0.314079548735151,NA,0.999999987355318,1,0.285273697503092,NA,0.999991533860178,1,0.359560321731464,0.00443855100972556,NA,1,1,"S5","main",500,70,0.500915658514495,146.647947493341,0.3,0,0,"none",0,77,1
0.414682621823258,-0.0181209440858811,1,1,0.328977892244697,NA,0.999999999505283,1,0.264829621153987,NA,0.999971917062259,1,0.356873618385412,-0.0399123665073063,NA,1,1,"S5","main",500,70,0.500915658514495,146.037022437376,0.3,0,0,"none",0,78,1
0.423639420818392,0.0276950959493974,1,1,0.271876670554596,NA,0.999996921142796,1,0.249677669784857,NA,0.999704435108121,1,0.266226243533019,0.0522725301566347,0.000615593356811254,0.999384422110553,1,"S5","main",500,70,0.500915658514495,122.54008660588,0.3,0,0,"none",0,79,1
0.417399996716,0.0259982346337071,1,1,0.328019030560712,NA,0.999999994863848,1,0.268538005658043,NA,0.999983130096409,1,0.350496300943663,-0.0147824402548561,NA,1,1,"S5","main",500,70,0.500915658514495,138.446754101579,0.3,0,0,"none",0,80,1
0.4378961540967,0.0211576364086875,1,1,0.324587592127998,NA,0.999999998850891,1,0.299012218280352,NA,0.999999904959325,1,0.315193520746583,-0.00811893843470606,NA,1,1,"S5","main",500,70,0.500915658514495,158.138861146719,0.3,0,0,"none",0,81,1
0.422982020241004,-0.0249832809392263,1,1,0.316368234209781,NA,0.999999997179881,1,0.301769406656155,NA,0.999999992826248,1,0.307810565611625,0.00783462606271071,NA,1,1,"S5","main",500,70,0.500915658514495,143.015824628705,0.3,0,0,"none",0,82,1
0.427384113042691,-0.0154592040711859,1,1,0.319845333281111,NA,0.999999996940141,1,0.298258456816024,NA,0.999999972496815,1,0.33875574229589,0.0254935995557521,NA,1,1,"S5","main",500,70,0.500915658514495,124.317306416818,0.3,0,0,"none",0,83,1
0.394254513555566,0.0178458370219958,1,1,0.246807784242475,NA,0.999987829402198,1,0.209462252977283,NA,0.990392278219732,1,0.232644432706706,0.0115059884127437,0.00240606079136957,0.994467336683417,1,"S5","main",500,70,0.500915658514495,126.928116086109,0.3,0,0,"none",0,84,1
0.484120541541423,-0.0185881721655745,1,1,0.361480848473788,NA,0.999999999686269,1,0.321467463747034,NA,0.99999999350915,1,0.394108227158734,-0.0424064529319336,NA,1,1,"S5","main",500,70,0.500915658514495,131.945418116915,0.3,0,0,"none",0,85,1
0.41337520543591,-0.0138148460514125,1,1,0.324403022013941,NA,0.999999996479587,1,0.284204995825615,NA,0.999996716256895,1,0.311877876155582,-0.0214693775529049,NA,1,1,"S5","main",500,70,0.500915658514495,139.684024768431,0.3,0,0,"none",0,86,1
0.424177442877428,0.0118451106003091,1,1,0.367583081809244,NA,0.999999999978595,1,0.327468349730806,NA,0.99999995851362,1,0.416166428653744,-0.0531945824155716,NA,1,1,"S5","main",500,70,0.500915658514495,149.074273433622,0.3,0,0,"none",0,87,1
0.421338866664349,0.0221801659821714,1,1,0.293884995818418,NA,0.999999920540548,1,0.27160426854802,NA,0.999983921305963,1,0.292239468480738,0.0826085444996625,NA,1,1,"S5","main",500,70,0.500915658514495,128.541852441993,0.3,0,0,"none",0,88,1
0.386439219526162,0.00071976383896127,1,1,0.276051401441953,NA,0.999999322209218,1,0.247233614099443,NA,0.99984003800318,1,0.296079890311573,-0.0544104181300883,NA,1,1,"S5","main",500,70,0.500915658514495,147.956517594221,0.3,0,0,"none",0,89,1
0.395478939339366,-0.00744844127649777,1,1,0.285597177161025,NA,0.999999947079709,1,0.272422111998355,NA,0.999990058675915,1,0.306311740946281,-0.00140918488797531,NA,1,1,"S5","main",500,70,0.500915658514495,153.905017974957,0.3,0,0,"none",0,90,1
0.485776436460613,0.00450690380532669,1,1,0.38936953742085,NA,0.999999999998002,1,0.360881991971581,NA,0.999999999988847,1,0.416325231237378,-0.00942929968779711,NA,1,1,"S5","main",500,70,0.500915658514495,141.415032919809,0.3,0,0,"none",0,91,1
0.422202034482419,-0.00547666513371147,1,1,0.328946663223115,NA,0.999999999784607,1,0.287350988198121,NA,0.999999903004384,1,0.341782123988165,0.0666840693628761,NA,1,1,"S5","main",500,70,0.500915658514495,151.658573918592,0.3,0,0,"none",0,92,1
0.419623118254735,0.0256588566035654,1,1,0.29126675267913,NA,0.9999999791698,1,0.2533632221097,NA,0.999996142217533,1,0.298977644707371,0.0214873776172354,NA,1,1,"S5","main",500,70,0.500915658514495,136.007202696969,0.3,0,0,"none",0,93,1
0.455382430285217,0.0108395321896878,1,1,0.404922100751087,NA,1,1,0.382412655778382,NA,1,1,0.422955445269221,0.00514061739452639,NA,1,1,"S5","main",500,70,0.500915658514495,159.351427421266,0.3,0,0,"none",0,94,1
0.422902917532108,0.0219277382121042,1,1,0.323697455782297,NA,0.999999999631995,1,0.280736390487275,NA,0.999999697770052,1,0.310137192655953,0.0358960240346538,NA,1,1,"S5","main",500,70,0.500915658514495,132.752828053412,0.3,0,0,"none",0,95,1
0.418465284993402,0.012382227218371,1,1,0.284207360106991,NA,0.999999523607434,1,0.269063050811208,NA,0.999971647984396,1,0.245386556450136,0.0140088197254833,0.00300949979542414,0.996698492462312,1,"S5","main",500,70,0.500915658514495,122.614142520697,0.3,0,0,"none",0,96,1
0.419444575737634,0.0208349762769948,1,1,0.315566153573643,NA,0.999999997138247,1,0.292625030031386,NA,0.99999994895068,1,0.353764124371651,0.0924457217269589,NA,1,1,"S5","main",500,70,0.500915658514495,128.763882280488,0.3,0,0,"none",0,97,1
0.374522003362756,-0.026464448429191,1,1,0.269181896728874,NA,0.999999628076291,1,0.258267686568914,NA,0.9999607000944,1,0.280429686140721,-0.0328878407978056,NA,1,1,"S5","main",500,70,0.500915658514495,142.644392026615,0.3,0,0,"none",0,98,1
0.43753110420707,0.0136129063629264,1,1,0.26689722943223,NA,0.999993636188447,1,0.276501945029716,NA,0.999987495377009,1,0.263516727247745,0.0199933275435901,0.000452272670310427,0.999547738693467,1,"S5","main",500,70,0.500915658514495,119.562084867128,0.3,0,0,"none",0,99,1
0.406936673654179,6.74460965641316e-05,1,1,0.268162424022055,NA,0.999999000867829,1,0.275169640151109,NA,0.999972372812805,1,0.244873668313521,0.00832516001186802,0.00317344657001157,0.996826633165829,1,"S5","main",500,70,0.500915658514495,120.881299515959,0.3,0,0,"none",0,100,1
0.388474806447738,-0.00748030856581168,1,1,0.281861124127436,NA,0.999999999989083,1,0.279583821468984,NA,1,1,0.28838487757653,-0.0108427247914403,NA,1,1,"S5","main",500,70,0.500915658514495,229.617351753748,0.6,0,0,"none",0,1,1
0.413680576394709,-0.00778248910459798,1,1,0.290652998721564,NA,0.999999999976407,1,0.279619304634792,NA,1,1,0.281909138381195,0.00282980463570575,NA,1,1,"S5","main",500,70,0.500915658514495,223.615438750546,0.6,0,0,"none",0,2,1
0.399549479505842,0.0166065445024959,1,1,0.275604268130458,NA,0.999999999091639,1,0.220030368342682,NA,0.999999973546678,1,0.252457665971661,-0.000293611130081382,NA,1,1,"S5","main",500,70,0.500915658514495,187.580547965802,0.6,0,0,"none",0,3,1
0.380681990550241,-0.00947993858397795,1,1,0.287458887319749,NA,0.999999999978634,1,0.254833373934597,NA,0.999999999996659,1,0.302292280631994,-0.0172617944109833,NA,1,1,"S5","main",500,70,0.500915658514495,218.626975330005,0.6,0,0,"none",0,4,1
0.37270154285023,-0.00597579023297383,1,1,0.33125262989868,NA,0.999999999999987,1,0.297980152885576,NA,1,1,0.348394270467161,-0.000435598343215274,NA,1,1,"S5","main",500,70,0.500915658514495,216.54992708628,0.6,0,0,"none",0,5,1
0.376327443882908,-0.000828628081766896,1,1,0.29340951896868,NA,0.999999999972543,1,0.250238673939969,NA,0.999999999999102,1,0.30296703540904,0.0382486497629382,NA,1,1,"S5","main",500,70,0.500915658514495,211.112923232867,0.6,0,0,"none",0,6,1
0.384431618495618,-0.00646518231556403,1,1,0.30053259736349,NA,0.999999999995026,1,0.259016132080618,NA,0.999999999994653,1,0.298864266004238,-0.00112647651419075,NA,1,1,"S5","main",500,70,0.500915658514495,197.558759528768,0.6,0,0,"none",0,7,1
0.413901410078643,-0.000820383669540599,1,1,0.330141028215142,NA,0.999999999999993,1,0.31658151058943,NA,1,1,0.346966214409216,-0.00750087089391612,NA,1,1,"S5","main",500,70,0.500915658514495,220.69006249903,0.6,0,0,"none",0,8,1
0.425277381376601,-0.0140263444731141,1,1,0.342869565497656,NA,0.999999999999951,1,0.310376007473747,NA,1,1,0.329511058724233,-0.00827758154791477,NA,1,1,"S5","main",500,70,0.500915658514495,219.879813604209,0.6,0,0,"none",0,9,1
0.360412606232354,0.00662117853454246,1,1,0.285111600143423,NA,0.999999999988275,1,0.263341200281491,NA,1,1,0.293210764357454,0.0262623685445964,NA,1,1,"S5","main",500,70,0.500915658514495,258.340300645592,0.6,0,0,"none",0,10,1
0.372149467457523,-0.00406751047090872,1,1,0.28502650422051,NA,0.999999999997944,1,0.271051728878329,NA,1,1,0.284337355056582,0.00215969616628928,NA,1,1,"S5","main",500,70,0.500915658514495,219.515119933288,0.6,0,0,"none",0,11,1
0.39649247285319,-0.0182675427176864,1,1,0.29498908824875,NA,0.99999999998019,1,0.283403217899336,NA,0.999999999999986,1,0.280874451292193,-0.0029672893537846,NA,1,1,"S5","main",500,70,0.500915658514495,182.183868185335,0.6,0,0,"none",0,12,1
0.351565174539947,0.0189966239694293,1,1,0.28143280146461,NA,0.999999999997626,1,0.23292270154789,NA,0.999999999992019,1,0.289305978355856,0.0166909136475098,NA,1,1,"S5","main",500,70,0.500915658514495,266.415865548842,0.6,0,0,"none",0,13,1
0.367686187851108,-0.00487162135918917,1,1,0.250424748716138,NA,0.999999994545595,1,0.262712355294967,NA,0.999999999999999,1,0.248466122669074,-0.0154439306638554,NA,1,1,"S5","main",500,70,0.500915658514495,222.686235338926,0.6,0,0,"none",0,14,1
0.427217529436757,-0.0140215952060124,1,1,0.336117518221505,NA,0.999999999998338,1,0.299019738195652,NA,1,1,0.337034455313179,-0.0107041919490295,NA,1,1,"S5","main",500,70,0.500915658514495,210.609773751716,0.6,0,0,"none",0,15,1
0.407732507626417,0.00715659677111182,1,1,0.327791684668614,NA,0.999999999999995,1,0.301069206071576,NA,1,1,0.333255395223114,0.00103511775957153,NA,1,1,"S5","main",500,70,0.500915658514495,230.87794506532,0.6,0,0,"none",0,16,1
0.339278951385753,0.0100365009124282,1,1,0.282295215595612,NA,0.999999999997145,1,0.249411560304422,NA,0.999999999999944,1,0.294053105249631,0.0178218606398862,NA,1,1,"S5","main",500,70,0.500915658514495,270.29954023916,0.6,0,0,"none",0,17,1
0.404178862778573,-0.022564935403018,1,1,0.333721738589068,NA,0.999999999999949,1,0.309272422941532,NA,1,1,0.314295957295633,-0.014696036756039,NA,1,1,"S5","main",500,70,0.500915658514495,182.378472622182,0.6,0,0,"none",0,18,1
0.339918218876068,0.00617916079595377,1,1,0.25688830908587,NA,0.999999999687756,1,0.243441566441727,NA,0.99999999999998,1,0.257173224713578,0.0129501035609585,NA,1,1,"S5","main",500,70,0.500915658514495,223.449441483354,0.6,0,0,"none",0,19,1
0.41459012948599,-0.00165448608623219,1,1,0.305084757058864,NA,0.999999999998164,1,0.279868533983618,NA,0.999999999999998,1,0.32401464613734,0.0133043106896379,NA,1,1,"S5","main",500,70,0.500915658514495,226.95547742623,0.6,0,0,"none",0,20,1
0.38419651014767,-0.00692652712152482,1,1,0.275535050365445,NA,0.999999999985382,1,0.24885019147392,NA,0.999999999999998,1,0.284563284834735,0.00800425521698706,NA,1,1,"S5","main",500,70,0.500915658514495,251.218964390659,0.6,0,0,"none",0,21,1
0.376031610625791,0.00609789080391099,1,1,0.278566069779913,NA,0.999999999998781,1,0.257011735530113,NA,1,1,0.291332226205719,0.00483450780747913,NA,1,1,"S5","main",500,70,0.500915658514495,264.969711832608,0.6,0,0,"none",0,22,1
0.419131723347073,0.0100463947547553,1,1,0.333649623583468,NA,0.99999999999996,1,0.303986470856195,NA,1,1,0.342297849285856,0.0139187605597235,NA,1,1,"S5","main",500,70,0.500915658514495,175.971627614128,0.6,0,0,"none",0,23,1
0.38433963938441,-0.0028982299677728,1,1,0.294303423250345,NA,0.999999999986167,1,0.275915821550881,NA,0.999999999999999,1,0.276258543088764,0.011741534963691,NA,1,1,"S5","main",500,70,0.500915658514495,213.226784055483,0.6,0,0,"none",0,24,1
0.407447488045972,0.0128333260070391,1,1,0.308356837913268,NA,0.999999999997714,1,0.303479582646171,NA,1,1,0.302130444598568,0.0167707312113635,NA,1,1,"S5","main",500,70,0.500915658514495,226.258121981589,0.6,0,0,"none",0,25,1
0.379690808538819,-0.0163240600253726,1,1,0.292612297601308,NA,0.999999999995011,1,0.275752379557796,NA,0.999999999999998,1,0.288316634574872,-0.0237579694357992,NA,1,1,"S5","main",500,70,0.500915658514495,227.272543494661,0.6,0,0,"none",0,26,1
0.415045541040363,0.00578282301090227,1,1,0.338894643607949,NA,1,1,0.310109344748453,NA,1,1,0.345746504266175,0.0261748581809883,NA,1,1,"S5","main",500,70,0.500915658514495,245.316585509228,0.6,0,0,"none",0,27,1
0.380754161220148,0.00957107613045925,1,1,0.277678551694247,NA,0.999999999765784,1,0.254527889897027,NA,0.999999999991022,1,0.282116904550141,0.019633857127516,NA,1,1,"S5","main",500,70,0.500915658514495,215.025018834767,0.6,0,0,"none",0,28,1
0.419870695642484,0.0089162366356191,1,1,0.317009814113227,NA,0.999999999997721,1,0.290255167432109,NA,0.999999999999999,1,0.311229365135092,0.007967278402745,NA,1,1,"S5","main",500,70,0.500915658514495,178.192620875401,0.6,0,0,"none",0,29,1
0.414251340489952,0.000493911572412817,1,1,0.340961490963031,NA,0.999999999999965,1,0.295219240335564,NA,0.999999999999998,1,0.312079099133507,-0.0125037368380959,NA,1,1,"S5","main",500,70,0.500915658514495,201.571669062825,0.6,0,0,"none",0,30,1
0.408002773183481,-0.0103650003236958,1,1,0.333174055622638,NA,0.999999999999993,1,0.301010340752277,NA,1,1,0.36085359011611,0.0121106578428037,NA,1,1,"S5","main",500,70,0.500915658514495,188.260447336802,0.6,0,0,"none",0,31,1
0.399884067620872,0.0019450438386274,1,1,0.314352349608633,NA,0.999999999999533,1,0.290105013351225,NA,1,1,0.309033671862185,0.0118600275555444,NA,1,1,"S5","main",500,70,0.500915658514495,247.292902930916,0.6,0,0,"none",0,32,1
0.395314202939737,0.0103724355694469,1,1,0.319601813039077,NA,0.999999999999862,1,0.270603061883692,NA,0.999999999999998,1,0.311902931456346,0.00719651850495145,NA,1,1,"S5","main",500,70,0.500915658514495,207.307986240565,0.6,0,0,"none",0,33,1
0.383301016877715,-0.00364659656947332,1,1,0.269801497461255,NA,0.99999998224577,1,0.24390207063069,NA,0.999999999080387,1,0.268631764337553,-0.0455863538205025,NA,1,1,"S5","main",500,70,0.500915658514495,171.121845401516,0.6,0,0,"none",0,34,1
0.355067508521865,-0.0052655291770578,1,1,0.266301835831006,NA,0.999999999952624,1,0.229372914532166,NA,0.999999999999736,1,0.277343435731997,-0.0454081163940013,NA,1,1,"S5","main",500,70,0.500915658514495,255.577732556812,0.6,0,0,"none",0,35,1
0.342591926123912,-0.0107885107835688,1,1,0.267424257967122,NA,0.999999999678345,1,0.25261677967781,NA,0.999999999998889,1,0.278320973056924,-0.0394084177686077,NA,1,1,"S5","main",500,70,0.500915658514495,201.444434514706,0.6,0,0,"none",0,36,1
0.405412363339029,2.44714850635715e-05,1,1,0.32332614240893,NA,0.999999999999606,1,0.283796231605646,NA,0.999999999999979,1,0.31654231172628,0.0312731935878196,NA,1,1,"S5","main",500,70,0.500915658514495,186.301404914607,0.6,0,0,"none",0,37,1
0.436334806184609,-0.00609862379103061,1,1,0.330781227449751,NA,0.999999999998932,1,0.320702556998442,NA,1,1,0.326513670091317,0.0421718915766581,NA,1,1,"S5","main",500,70,0.500915658514495,183.28326425539,0.6,0,0,"none",0,38,1
0.430728498611535,0.00179780025492342,1,1,0.359686717800512,NA,1,1,0.322508794272822,NA,1,1,0.379188900289294,-0.0213822101801394,NA,1,1,"S5","main",500,70,0.500915658514495,270.587653220472,0.6,0,0,"none",0,39,1
0.40922411139896,0.0286378540387943,1,1,0.343418703217469,NA,0.999999999999998,1,0.326884484644088,NA,1,1,0.345813949521933,0.0323581418895748,NA,1,1,"S5","main",500,70,0.500915658514495,214.946511161273,0.6,0,0,"none",0,40,1
0.391373544187344,0.00171629479021451,1,1,0.303243961096679,NA,0.999999999994587,1,0.281081678414822,NA,0.999999999999999,1,0.294060878128339,-0.0134829827245179,NA,1,1,"S5","main",500,70,0.500915658514495,219.302458176005,0.6,0,0,"none",0,41,1
0.414051798533985,-0.0236713559482775,1,1,0.354128641877053,NA,1,1,0.321736230957389,NA,1,1,0.369474058488456,-0.0261920530840605,NA,1,1,"S5","main",500,70,0.500915658514495,254.598265451926,0.6,0,0,"none",0,42,1
0.390741175201775,0.00297444853671736,1,1,0.302692136897081,NA,0.99999999998015,1,0.268042675132659,NA,0.99999999999002,1,0.291592993776028,0.0059690976720055,NA,1,1,"S5","main",500,70,0.500915658514495,215.040213773182,0.6,0,0,"none",0,43,1
0.377451625241351,-0.00861721866720545,1,1,0.303177475385281,NA,0.999999999999991,1,0.276719796429428,NA,1,1,0.310702041066961,-0.0138792502364159,NA,1,1,"S5","main",500,70,0.500915658514495,272.825135105492,0.6,0,0,"none",0,44,1
0.374215089871661,0.00583076492403868,1,1,0.278629117526872,NA,0.999999999895696,1,0.248077310245955,NA,0.999999999999989,1,0.270143145202689,-0.0135814191405192,NA,1,1,"S5","main",500,70,0.500915658514495,241.742380079223,0.6,0,0,"none",0,45,1
0.393013528141779,0.00669442715760709,1,1,0.294409072823174,NA,0.999999999999277,1,0.274836065346976,NA,1,1,0.275537749796005,0.0410280625647622,NA,1,1,"S5","main",500,70,0.500915658514495,235.265056807688,0.6,0,0,"none",0,46,1
0.376656686527675,0.00485282718171434,1,1,0.286005824360584,NA,0.999999999663389,1,0.260701962188508,NA,0.999999999999582,1,0.294576384134063,0.0149585636789551,NA,1,1,"S5","main",500,70,0.500915658514495,212.827842642141,0.6,0,0,"none",0,47,1
0.343350934262113,0.000530925209142779,1,1,0.255738165066134,NA,0.999999990660713,1,0.239626837219052,NA,0.999999999881865,1,0.218268092897092,0.00324425729962306,NA,1,1,"S5","main",500,70,0.500915658514495,221.195055660021,0.6,0,0,"none",0,48,1
0.431512463512193,-0.00769875475801307,1,1,0.370171594627637,NA,0.999999999999981,1,0.326686275728388,NA,0.999999999999999,1,0.376865147360366,-0.0115444716711581,NA,1,1,"S5","main",500,70,0.500915658514495,186.161686164454,0.6,0,0,"none",0,49,1
0.376191654812054,-0.017531700924336,1,1,0.28957895386183,NA,0.999999999990916,1,0.26205570355036,NA,0.999999999999989,1,0.288391442741814,-0.0261001208623643,NA,1,1,"S5","main",500,70,0.500915658514495,216.790184738441,0.6,0,0,"none",0,50,1
0.396039159183971,-0.008402164375765,1,1,0.310357225462776,NA,0.999999999999365,1,0.282354980038338,NA,1,1,0.307496452858701,-0.0264164450867567,NA,1,1,"S5","main",500,70,0.500915658514495,254.957943172953,0.6,0,0,"none",0,51,1
0.384364519314452,0.000279071379900646,1,1,0.306720494564274,NA,0.999999999999468,1,0.273593210253069,NA,0.999999999999998,1,0.297320780092325,0.0156325463306559,NA,1,1,"S5","main",500,70,0.500915658514495,226.661176444725,0.6,0,0,"none",0,52,1
0.365755303071832,-0.00282020694603163,1,1,0.283631219985009,NA,0.999999999981748,1,0.225041242967977,NA,0.999999999598989,1,0.296722268245443,-0.0245381257766962,NA,1,1,"S5","main",500,70,0.500915658514495,230.61922716015,0.6,0,0,"none",0,53,1
0.422440998389753,-0.0181628176513157,1,1,0.338185572600832,NA,0.999999999999998,1,0.295868167163991,NA,1,1,0.39631100326436,0.00502429403350005,NA,1,1,"S5","main",500,70,0.500915658514495,248.785382625852,0.6,0,0,"none",0,54,1
0.385595106502333,0.0230824902706042,1,1,0.311853294134964,NA,0.99999999999997,1,0.28885387577896,NA,1,1,0.313431111603588,0.0383141814791391,NA,1,1,"S5","main",500,70,0.500915658514495,242.924627486624,0.6,0,0,"none",0,55,1
0.373949911933356,-0.0041745611301628,1,1,0.286541094519692,NA,0.99999999999135,1,0.26773316679082,NA,0.999999999999982,1,0.298780463325122,0.00685563694246908,NA,1,1,"S5","main",500,70,0.500915658514495,208.305101149575,0.6,0,0,"none",0,56,1
0.44229198529139,-0.0108473911430553,1,1,0.345996280065509,NA,0.999999999999997,1,0.306531423776929,NA,1,1,0.373280977014364,0.00317713148709605,NA,1,1,"S5","main",500,70,0.500915658514495,250.387074972577,0.6,0,0,"none",0,57,1
0.420863209473475,-0.00199802165591281,1,1,0.29965426890461,NA,0.999999999995155,1,0.287283126964676,NA,1,1,0.30208754630954,-0.0143039856769791,NA,1,1,"S5","main",500,70,0.500915658514495,222.129055602282,0.6,0,0,"none",0,58,1
0.40098180300326,0.00713218698286096,1,1,0.284229363480911,NA,0.999999999907535,1,0.260105622759791,NA,0.999999999999517,1,0.275520273016607,-0.0176914263170919,NA,1,1,"S5","main",500,70,0.500915658514495,262.514400222219,0.6,0,0,"none",0,59,1
0.328191451528669,-0.0043356547862803,1,1,0.248865889369128,NA,0.999999998689598,1,0.230553796727375,NA,0.999999999998674,1,0.221872715026981,-0.0157209268512511,NA,1,1,"S5","main",500,70,0.500915658514495,254.416474725289,0.6,0,0,"none",0,60,1
0.372746824759024,-0.00195307315370937,1,1,0.24624399720246,NA,0.999999745061063,1,0.184435986491264,NA,0.999977704888201,1,0.248394676616829,0.0166901408320934,NA,1,1,"S5","main",500,70,0.500915658514495,175.826601962482,0.6,0,0,"none",0,61,1
0.384666567533209,0.0168591742380025,1,1,0.323484482246189,NA,1,1,0.29219018323845,NA,1,1,0.327377558847428,-0.0108975169105422,NA,1,1,"S5","main",500,70,0.500915658514495,274.756062809595,0.6,0,0,"none",0,62,1
0.40009538978989,-0.00468791464428001,1,1,0.337604529962395,NA,1,1,0.305981229068951,NA,1,1,0.36405009942273,0.000670783767688625,NA,1,1,"S5","main",500,70,0.500915658514495,247.710228579346,0.6,0,0,"none",0,63,1
0.42886776719027,-0.011089061523103,1,1,0.33849617979171,NA,0.99999999999997,1,0.297098610457534,NA,1,1,0.338007587507842,-0.0337609494479083,NA,1,1,"S5","main",500,70,0.500915658514495,225.258514615027,0.6,0,0,"none",0,64,1
0.413023971911822,0.000605870774349533,1,1,0.322450655178766,NA,0.999999999998468,1,0.299578470259825,NA,1,1,0.333454525091298,0.0196643870571859,NA,1,1,"S5","main",500,70,0.500915658514495,204.506940856048,0.6,0,0,"none",0,65,1
0.396955156482131,-0.0141029604326491,1,1,0.31786233657848,NA,0.999999999999971,1,0.28950294352445,NA,1,1,0.318166702303337,-0.0424079072207657,NA,1,1,"S5","main",500,70,0.500915658514495,231.923459656952,0.6,0,0,"none",0,66,1
0.398443163597738,0.00408127150101895,1,1,0.314490783537504,NA,0.999999999998503,1,0.283059852483438,NA,1,1,0.31237433892417,-0.0176188632928572,NA,1,1,"S5","main",500,70,0.500915658514495,233.456818420155,0.6,0,0,"none",0,67,1
0.39039541233714,0.00191660680771061,1,1,0.292182593669042,NA,0.999999999904611,1,0.274216180200571,NA,0.999999999999981,1,0.27837967910488,-0.00394120751924823,NA,1,1,"S5","main",500,70,0.500915658514495,204.744329602207,0.6,0,0,"none",0,68,1
0.367822998052811,-0.00579608468896182,1,1,0.283873702331386,NA,0.999999999771461,1,0.257177383219185,NA,0.999999999999276,1,0.274682434367383,-0.033527632841901,NA,1,1,"S5","main",500,70,0.500915658514495,198.312617278245,0.6,0,0,"none",0,69,1
0.389048088962052,-0.00255939020130303,1,1,0.283830105941457,NA,0.999999998890545,1,0.244049274934609,NA,0.999999997253401,1,0.279369501029135,0.00026513239628721,NA,1,1,"S5","main",500,70,0.500915658514495,185.879324094272,0.6,0,0,"none",0,70,1
0.411102144481517,0.0228555955026359,1,1,0.319757586054812,NA,0.999999999999982,1,0.291688908086116,NA,1,1,0.334899743139911,0.0326158436219369,NA,1,1,"S5","main",500,70,0.500915658514495,250.931818678039,0.6,0,0,"none",0,71,1
0.415957040486267,-2.4038165302621e-06,1,1,0.310543035952623,NA,0.999999999998308,1,0.263105679817577,NA,0.999999999998534,1,0.314846700352037,-0.0117960372525083,NA,1,1,"S5","main",500,70,0.500915658514495,219.452010522054,0.6,0,0,"none",0,72,1
0.364974564891621,0.00679376075117787,1,1,0.28427499058579,NA,0.999999999999649,1,0.245723415559566,NA,0.999999999999991,1,0.284608057296679,0.0161071483268632,NA,1,1,"S5","main",500,70,0.500915658514495,235.987917564096,0.6,0,0,"none",0,73,1
0.400354981566172,-0.0118454996502106,1,1,0.304989812642574,NA,0.999999999999556,1,0.267247083303387,NA,0.999999999999995,1,0.314895412045974,0.00266641991631725,NA,1,1,"S5","main",500,70,0.500915658514495,223.374092919626,0.6,0,0,"none",0,74,1
0.343657213759277,-0.0101027554928782,1,1,0.21589498259637,NA,0.999998402356072,1,0.19633041608808,NA,0.99999933057737,1,0.219690457845397,-0.0370609995991053,NA,1,1,"S5","main",500,70,0.500915658514495,205.685907592629,0.6,0,0,"none",0,75,1
0.365951479564312,-0.00122805243811303,1,1,0.298734941035159,NA,0.99999999999898,1,0.251584359482181,NA,0.999999999962092,1,0.29077952298081,0.00152001140470158,NA,1,1,"S5","main",500,70,0.500915658514495,221.399000104417,0.6,0,0,"none",0,76,1
0.471959657603131,-0.000320103944621961,1,1,0.375972205435258,NA,1,1,0.329631597164169,NA,1,1,0.399947401389772,-0.0448380619981948,NA,1,1,"S5","main",500,70,0.500915658514495,206.903585458035,0.6,0,0,"none",0,77,1
0.398666760515639,-0.0181240773920917,1,1,0.318435364022504,NA,0.999999999999842,1,0.304221166037822,NA,1,1,0.338234954714983,-0.0466104393842619,NA,1,1,"S5","main",500,70,0.500915658514495,220.01300397197,0.6,0,0,"none",0,78,1
0.422842893034548,0.00105980022031108,1,1,0.3230577624005,NA,0.999999999998885,1,0.311079089788764,NA,1,1,0.307816166324073,0.0271485568041109,NA,1,1,"S5","main",500,70,0.500915658514495,234.622736603589,0.6,0,0,"none",0,79,1
0.379490327453725,-0.00964393586319556,1,1,0.256367478906138,NA,0.99999992922003,1,0.204004697045683,NA,0.99999836665185,1,0.226972984055459,-0.00545209319977071,NA,1,1,"S5","main",500,70,0.500915658514495,169.269414928201,0.6,0,0,"none",0,80,1
0.407439715115522,0.000730415762899706,1,1,0.301248025525625,NA,0.999999999761513,1,0.247563890608315,NA,0.999999999855139,1,0.295491862275322,0.02983491330302,NA,1,1,"S5","main",500,70,0.500915658514495,173.152041468434,0.6,0,0,"none",0,81,1
0.42185043004605,0.0121937727209996,1,1,0.343658297672718,NA,0.999999999999989,1,0.302531709432315,NA,1,1,0.37371656581401,-0.00165116229738021,NA,1,1,"S5","main",500,70,0.500915658514495,214.205531163456,0.6,0,0,"none",0,82,1
0.358309676141162,0.0216855298415748,1,1,0.250852605049096,NA,0.999999990067898,1,0.234360505319001,NA,0.999999999913274,1,0.235582443984576,0.0170388230671249,NA,1,1,"S5","main",500,70,0.500915658514495,184.006352276138,0.6,0,0,"none",0,83,1
0.419650271705847,0.0158574367557582,1,1,0.333987519621505,NA,0.999999999999994,1,0.303305689620406,NA,1,1,0.3608849375768,0.0175019965835114,NA,1,1,"S5","main",500,70,0.500915658514495,240.810739791736,0.6,0,0,"none",0,84,1
0.405657159308642,0.00312316226442719,1,1,0.329826340666652,NA,0.999999999999993,1,0.297263499807249,NA,1,1,0.332042578482942,-0.00257379112478089,NA,1,1,"S5","main",500,70,0.500915658514495,215.503053152125,0.6,0,0,"none",0,85,1
0.377399280186924,0.00895478165476129,1,1,0.265290197215829,NA,0.999999999796883,1,0.223794958102358,NA,0.999999999761773,1,0.242184662142828,0.0241842897334045,NA,1,1,"S5","main",500,70,0.500915658514495,215.38765491384,0.6,0,0,"none",0,86,1
0.372103610438144,0.00283566696540133,1,1,0.280753805357561,NA,0.999999999996776,1,0.256872052006904,NA,0.999999999999999,1,0.258217261211022,0.0109756333390162,NA,1,1,"S5","main",500,70,0.500915658514495,259.938490438429,0.6,0,0,"none",0,87,1
0.372921940669545,0.00324845307146603,1,1,0.282549625548776,NA,0.999999999983564,1,0.238145172859115,NA,0.999999999993336,1,0.295626546476602,-0.00961488624775533,NA,1,1,"S5","main",500,70,0.500915658514495,223.410046295868,0.6,0,0,"none",0,88,1
0.362672046108533,0.00155634321062304,1,1,0.285179007794566,NA,0.999999999997619,1,0.271274436746776,NA,1,1,0.300483332725394,0.0355081982762969,NA,1,1,"S5","main",500,70,0.500915658514495,242.074549836283,0.6,0,0,"none",0,89,1
0.39586048557905,-0.0221972088348515,1,1,0.290753163728068,NA,0.999999999932446,1,0.264976952662841,NA,0.999999999999568,1,0.273470201703181,-0.0288475340135017,NA,1,1,"S5","main",500,70,0.500915658514495,201.529494442702,0.6,0,0,"none",0,90,1
0.415717551706835,-0.00762512746215912,1,1,0.325781858077451,NA,0.999999999999996,1,0.298454581459209,NA,1,1,0.329179247768974,-0.0255449443528318,NA,1,1,"S5","main",500,70,0.500915658514495,241.712919334601,0.6,0,0,"none",0,91,1
0.372292981255422,-0.00618614046193758,1,1,0.286338347738552,NA,0.999999999992239,1,0.272734919685511,NA,0.999999999999995,1,0.306508552825714,-0.00581299782646338,NA,1,1,"S5","main",500,70,0.500915658514495,233.419972818928,0.6,0,0,"none",0,92,1
0.396098782558368,-0.011541641459546,1,1,0.291227119767457,NA,0.99999999995461,1,0.255425261297353,NA,0.999999999999518,1,0.279665723489559,-0.0212364131744867,NA,1,1,"S5","main",500,70,0.500915658514495,220.628776301305,0.6,0,0,"none",0,93,1
0.396804310696144,0.00597019129538535,1,1,0.29040357823803,NA,0.999999999983179,1,0.253133170214035,NA,0.999999999999317,1,0.282174168106787,0.041045725071902,NA,1,1,"S5","main",500,70,0.500915658514495,234.733456276145,0.6,0,0,"none",0,94,1
0.363576813430555,0.0138042907018339,1,1,0.277576304049045,NA,0.999999999927077,1,0.243225164953268,NA,0.999999999999864,1,0.271648354945396,0.0128958063119741,NA,1,1,"S5","main",500,70,0.500915658514495,242.604268546764,0.6,0,0,"none",0,95,1
0.413593884030592,0.00816987860101747,1,1,0.31324903819776,NA,0.999999999998521,1,0.278764675455966,NA,0.999999999999999,1,0.329997218394518,0.034189653716615,NA,1,1,"S5","main",500,70,0.500915658514495,197.209786565371,0.6,0,0,"none",0,96,1
0.405200554502378,0.00613910906292914,1,1,0.312431446895945,NA,0.999999999999936,1,0.289401127106375,NA,1,1,0.298829610812147,0.0231949666831684,NA,1,1,"S5","main",500,70,0.500915658514495,231.661609404828,0.6,0,0,"none",0,97,1
0.426764691543323,0.0275122680823987,1,1,0.323779378863517,NA,0.999999999999915,1,0.288377622553489,NA,1,1,0.332228587051997,0.0122968648952673,NA,1,1,"S5","main",500,70,0.500915658514495,201.25005419609,0.6,0,0,"none",0,98,1
0.346600184495018,0.0152821845313681,1,1,0.248946750028124,NA,0.999999999300166,1,0.212233656304284,NA,0.999999999985997,1,0.259301815295819,-0.0278479959062047,NA,1,1,"S5","main",500,70,0.500915658514495,257.089136781449,0.6,0,0,"none",0,99,1
0.435179513524918,-0.0106642842004739,1,1,0.352827902966,NA,0.999999999999993,1,0.308244840451031,NA,1,1,0.36136057074064,-0.00732655101427335,NA,1,1,"S5","main",500,70,0.500915658514495,217.02809427204,0.6,0,0,"none",0,100,1
0.374069372188476,0.000281813240889819,1,1,0.307326861496076,NA,1,1,0.28140818958254,NA,1,1,0.315023454218704,0.0130407055020955,NA,1,1,"S5","main",500,70,0.500915658514495,365.118375500962,0.9,0,0,"none",0,1,1
0.349856642126521,0.0019657200205328,1,1,0.302266508837682,NA,1,1,0.272040795890065,NA,1,1,0.307604035471917,-0.0132103746614119,NA,1,1,"S5","main",500,70,0.500915658514495,420.339262767303,0.9,0,0,"none",0,2,1
0.365226144539842,0.014419009359547,1,1,0.311546199909497,NA,1,1,0.282657128723115,NA,1,1,0.310819604291828,0.0245044013938739,NA,1,1,"S5","main",500,70,0.500915658514495,415.329247851188,0.9,0,0,"none",0,3,1
0.424928402026897,0.0192293553487092,1,1,0.355236663877935,NA,1,1,0.325502749565367,NA,1,1,0.357301000339897,0.00324645596897534,NA,1,1,"S5","main",500,70,0.500915658514495,336.611628605421,0.9,0,0,"none",0,4,1
0.324194273216496,-0.00792041297004297,1,1,0.242766456674454,NA,0.999999999999129,1,0.226637012280734,NA,1,1,0.241918593694731,0.0056286261501057,NA,1,1,"S5","main",500,70,0.500915658514495,339.555530067243,0.9,0,0,"none",0,5,1
0.364888010426858,-0.015773856839745,1,1,0.30427250907216,NA,1,1,0.282481947919027,NA,1,1,0.290933948573047,-0.0340836513227505,NA,1,1,"S5","main",500,70,0.500915658514495,334.858534326312,0.9,0,0,"none",0,6,1
0.334255229315105,-0.0128121238035419,1,1,0.260769023277471,NA,0.999999999999272,1,0.237232799579054,NA,1,1,0.251459287099915,-0.0260955846864875,NA,1,1,"S5","main",500,70,0.500915658514495,312.136358092606,0.9,0,0,"none",0,7,1
0.343171790350302,0.00443974439104632,1,1,0.294151962535863,NA,1,1,0.265240661787688,NA,1,1,0.299941483295149,0.0099140476282979,NA,1,1,"S5","main",500,70,0.500915658514495,406.93344749518,0.9,0,0,"none",0,8,1
0.36519890073745,-0.00456229367892952,1,1,0.263390609380352,NA,0.999999999980359,1,0.25977465595332,NA,1,1,0.262989944829687,0.0232374132869149,NA,1,1,"S5","main",500,70,0.500915658514495,272.741922866663,0.9,0,0,"none",0,9,1
0.373512890397824,0.0127812715434347,1,1,0.295071929579632,NA,1,1,0.264856715883982,NA,1,1,0.272463036540316,-0.00393609554381492,NA,1,1,"S5","main",500,70,0.500915658514495,336.213859674564,0.9,0,0,"none",0,10,1
0.364612525439259,0.00535613682260746,1,1,0.290181464813907,NA,0.999999999999999,1,0.250565509669163,NA,1,1,0.298973451990114,0.0244120775225246,NA,1,1,"S5","main",500,70,0.500915658514495,299.16450482405,0.9,0,0,"none",0,11,1
0.357276164613877,-0.0030475293457885,1,1,0.290707180782153,NA,1,1,0.271651638648616,NA,1,1,0.291707972461403,0.00516836407141528,NA,1,1,"S5","main",500,70,0.500915658514495,338.881618426664,0.9,0,0,"none",0,12,1
0.380737147523133,-0.00158608994128775,1,1,0.298589351429237,NA,1,1,0.27105603450125,NA,1,1,0.319348842527584,-0.00223763559934892,NA,1,1,"S5","main",500,70,0.500915658514495,345.401355269821,0.9,0,0,"none",0,13,1
0.344806810792303,-0.00557671373983292,1,1,0.276767950437779,NA,0.999999999999999,1,0.240235478137357,NA,1,1,0.283350235420716,-0.000567157723020199,NA,1,1,"S5","main",500,70,0.500915658514495,334.855792608966,0.9,0,0,"none",0,14,1
0.377801027727025,0.0254801955236647,1,1,0.320992562826271,NA,1,1,0.279878852452242,NA,1,1,0.331633133625792,0.041441985402375,NA,1,1,"S5","main",500,70,0.500915658514495,318.501968078662,0.9,0,0,"none",0,15,1
0.420282706443191,-0.0119460697086056,1,1,0.37314101460826,NA,1,1,0.335596702314911,NA,1,1,0.392147011166597,0.00102290454920225,NA,1,1,"S5","main",500,70,0.500915658514495,269.304865622107,0.9,0,0,"none",0,16,1
0.377419435457608,-0.0041126432503586,1,1,0.323865323309397,NA,1,1,0.299347846226371,NA,1,1,0.325077297610277,-0.0116132236700485,NA,1,1,"S5","main",500,70,0.500915658514495,354.526788308728,0.9,0,0,"none",0,17,1
0.351371093840882,0.00966498186377365,1,1,0.293697469146443,NA,1,1,0.268300347989059,NA,1,1,0.292392220531056,0.0171140936568598,NA,1,1,"S5","main",500,70,0.500915658514495,345.330873701624,0.9,0,0,"none",0,18,1
0.356067112182447,-0.01237759386568,1,1,0.264369051701121,NA,0.999999999999933,1,0.221706561997352,NA,1,1,0.244273285153573,-0.0162833483783718,NA,1,1,"S5","main",500,70,0.500915658514495,326.006231508708,0.9,0,0,"none",0,19,1
0.35898611664521,-0.00471001270965775,1,1,0.310135235320678,NA,1,1,0.269331845565459,NA,1,1,0.319336715465514,-0.00726681403686173,NA,1,1,"S5","main",500,70,0.500915658514495,398.552404701126,0.9,0,0,"none",0,20,1
0.37538209944719,0.00507729426893758,1,1,0.328053169794336,NA,1,1,0.295646710114214,NA,1,1,0.343887134162975,0.0079295772702927,NA,1,1,"S5","main",500,70,0.500915658514495,380.154850323388,0.9,0,0,"none",0,21,1
0.345871206411029,-0.000814675222883459,1,1,0.283810812822923,NA,1,1,0.25661891277563,NA,1,1,0.272255049318768,-0.000222438863026956,NA,1,1,"S5","main",500,70,0.500915658514495,377.096965631428,0.9,0,0,"none",0,22,1
0.35473045808017,-0.00316757155874472,1,1,0.281277343208559,NA,1,1,0.252673882358718,NA,1,1,0.278873194241786,0.0123976627185647,NA,1,1,"S5","main",500,70,0.500915658514495,364.213694744858,0.9,0,0,"none",0,23,1
0.340231641369414,-0.00184856553285856,1,1,0.251667446395426,NA,0.999999999994713,1,0.238369202742419,NA,1,1,0.245090836193078,-0.00378028017692101,NA,1,1,"S5","main",500,70,0.500915658514495,331.451994251007,0.9,0,0,"none",0,24,1
0.401914195908059,0.00104927762608103,1,1,0.330815603502978,NA,1,1,0.302818154037556,NA,1,1,0.339222220932423,-0.00679943471299896,NA,1,1,"S5","main",500,70,0.500915658514495,327.869069842762,0.9,0,0,"none",0,25,1
0.316292150049069,0.000375451378842919,1,1,0.261478599172136,NA,1,1,0.240114540422919,NA,1,1,0.253609484562099,-0.00640894272825838,NA,1,1,"S5","main",500,70,0.500915658514495,393.799173530768,0.9,0,0,"none",0,26,1
0.347096700057141,0.000780451121730321,1,1,0.285025917010093,NA,0.999999999999999,1,0.250263273116737,NA,1,1,0.273597740214064,0.0343452136854209,NA,1,1,"S5","main",500,70,0.500915658514495,339.338398603996,0.9,0,0,"none",0,27,1
0.348836721434855,0.00867029008964019,1,1,0.279473991930859,NA,1,1,0.254042753180727,NA,1,1,0.285483650143589,0.0191140929310635,NA,1,1,"S5","main",500,70,0.500915658514495,392.60537442525,0.9,0,0,"none",0,28,1
0.340242885210665,-0.000157016800766181,1,1,0.271883051370094,NA,0.999999999999997,1,0.245853117925416,NA,1,1,0.258779279482913,-0.0137328424287523,NA,1,1,"S5","main",500,70,0.500915658514495,350.580296331892,0.9,0,0,"none",0,29,1
0.35259306250525,0.00890331505449759,1,1,0.281687934535645,NA,1,1,0.24660084894286,NA,1,1,0.29734553650644,0.0122193537614991,NA,1,1,"S5","main",500,70,0.500915658514495,363.338228818406,0.9,0,0,"none",0,30,1
0.358578622055404,-0.000143880224321452,1,1,0.299322605691909,NA,1,1,0.271721422130731,NA,1,1,0.308653470852991,0.00902660433958739,NA,1,1,"S5","main",500,70,0.500915658514495,367.494851494123,0.9,0,0,"none",0,31,1
0.393039747151866,-0.00361731074145439,1,1,0.317082836249233,NA,1,1,0.282269427832898,NA,1,1,0.305178414529729,-0.0286551076183999,NA,1,1,"S5","main",500,70,0.500915658514495,330.293459340979,0.9,0,0,"none",0,32,1
0.404266525361134,-0.00692238411228513,1,1,0.338951284843648,NA,1,1,0.31566401887167,NA,1,1,0.345774494826466,-0.00280365506772849,NA,1,1,"S5","main",500,70,0.500915658514495,331.138754168523,0.9,0,0,"none",0,33,1
0.399838692723364,-0.0158201088661896,1,1,0.330070251054037,NA,1,1,0.296677349331257,NA,1,1,0.334020954552769,-0.0109227537080551,NA,1,1,"S5","main",500,70,0.500915658514495,298.276661221334,0.9,0,0,"none",0,34,1
0.374307148365029,-0.0073231631202132,1,1,0.292221078364155,NA,0.999999999999999,1,0.261435347206705,NA,1,1,0.314845889218257,-0.0140323501815425,NA,1,1,"S5","main",500,70,0.500915658514495,325.314310299469,0.9,0,0,"none",0,35,1
0.363905290411149,0.00616192425900616,1,1,0.269475138418604,NA,0.999999999999489,1,0.258827664318026,NA,1,1,0.26100418652091,0.00430335640212731,NA,1,1,"S5","main",500,70,0.500915658514495,290.488192851813,0.9,0,0,"none",0,36,1
0.321879929617608,-0.00641887604826721,1,1,0.253838676351954,NA,0.999999999999997,1,0.230975645503782,NA,1,1,0.230263557987111,-0.00596521660599885,NA,1,1,"S5","main",500,70,0.500915658514495,459.316927263324,0.9,0,0,"none",0,37,1
0.340036015902299,0.00217407361185923,1,1,0.285921156232528,NA,1,1,0.256503342927797,NA,1,1,0.28916253987432,0.00436713964774847,NA,1,1,"S5","main",500,70,0.500915658514495,348.89252552594,0.9,0,0,"none",0,38,1
0.364184476676158,0.000916578442815485,1,1,0.286822658172124,NA,1,1,0.242690567306861,NA,1,1,0.279484485168683,-0.00211606419163835,NA,1,1,"S5","main",500,70,0.500915658514495,340.133730712869,0.9,0,0,"none",0,39,1
0.367452634623706,0.0154241360726326,1,1,0.280965525423186,NA,0.999999999999998,1,0.249430928071713,NA,1,1,0.268839116044476,0.000271422145684746,NA,1,1,"S5","main",500,70,0.500915658514495,351.51139047512,0.9,0,0,"none",0,40,1
0.377331506512016,-0.00823256967522261,1,1,0.313177325389939,NA,1,1,0.283475766378296,NA,1,1,0.304953084362451,-0.0184369718239329,NA,1,1,"S5","main",500,70,0.500915658514495,365.24275257233,0.9,0,0,"none",0,41,1
0.374002627059803,0.0048422702857714,1,1,0.319378207361726,NA,1,1,0.285046015954004,NA,1,1,0.329406948060107,0.0153502032325213,NA,1,1,"S5","main",500,70,0.500915658514495,390.971706445639,0.9,0,0,"none",0,42,1
0.342767864058963,0.00804557642262206,1,1,0.259943298966279,NA,0.999999999999957,1,0.215513909809313,NA,1,1,0.269515161094803,-0.00911852324550421,NA,1,1,"S5","main",500,70,0.500915658514495,323.135226381779,0.9,0,0,"none",0,43,1
0.368533936752191,-0.00224315531476933,1,1,0.315916501856634,NA,1,1,0.299211192820673,NA,1,1,0.299598909142595,0.0143068542459658,NA,1,1,"S5","main",500,70,0.500915658514495,409.965494574787,0.9,0,0,"none",0,44,1
0.38701115109178,0.00656840103289141,1,1,0.312833809487798,NA,1,1,0.278517452561425,NA,1,1,0.296399105971575,0.0274942916794208,NA,1,1,"S5","main",500,70,0.500915658514495,365.255531497258,0.9,0,0,"none",0,45,1
0.384477096103995,0.0126715233893287,1,1,0.301317346012444,NA,1,1,0.272354775355543,NA,1,1,0.277356941757159,-0.0178797482333687,NA,1,1,"S5","main",500,70,0.500915658514495,310.784261340162,0.9,0,0,"none",0,46,1
0.389289902267929,-0.0107311148980302,1,1,0.323308937033731,NA,1,1,0.300142761574814,NA,1,1,0.328134226941571,0.00504459061740518,NA,1,1,"S5","main",500,70,0.500915658514495,372.376274053315,0.9,0,0,"none",0,47,1
0.376599782344632,0.00872152439608435,1,1,0.308846834156806,NA,1,1,0.272779269875029,NA,1,1,0.31174858236107,-0.0117655168536786,NA,1,1,"S5","main",500,70,0.500915658514495,372.424740841357,0.9,0,0,"none",0,48,1
0.351325640466288,-0.0193771156882105,1,1,0.271454308898317,NA,0.999999999999847,1,0.232383939829364,NA,1,1,0.253770927866172,-0.037680209631449,NA,1,1,"S5","main",500,70,0.500915658514495,330.276595080152,0.9,0,0,"none",0,49,1
0.384818485445136,-0.00819790795550496,1,1,0.316166739239536,NA,1,1,0.298619076933201,NA,1,1,0.323845485802609,-1.83104256790249e-05,NA,1,1,"S5","main",500,70,0.500915658514495,372.335062564879,0.9,0,0,"none",0,50,1
0.351802166488542,-0.0021323108240825,1,1,0.281769959883247,NA,1,1,0.25255582347272,NA,1,1,0.284808483782926,0.0196207759166217,NA,1,1,"S5","main",500,70,0.500915658514495,325.258989896112,0.9,0,0,"none",0,51,1
0.385201113610524,0.0048187981261634,1,1,0.337037383719835,NA,1,1,0.30378575417997,NA,1,1,0.34722221884733,0.0245767689604784,NA,1,1,"S5","main",500,70,0.500915658514495,359.647824376674,0.9,0,0,"none",0,52,1
0.350588034955763,0.0010185000334802,1,1,0.287203437493507,NA,1,1,0.272055489446161,NA,1,1,0.299531207902138,0.0124867918316833,NA,1,1,"S5","main",500,70,0.500915658514495,377.531066580514,0.9,0,0,"none",0,53,1
0.366013609382982,-0.00352540525883805,1,1,0.315616111215209,NA,1,1,0.273559631205273,NA,1,1,0.330566069815985,-0.00792949816128739,NA,1,1,"S5","main",500,70,0.500915658514495,384.90160767809,0.9,0,0,"none",0,54,1
0.376672008483711,0.00859866091778852,1,1,0.307655165974062,NA,1,1,0.283835528336039,NA,1,1,0.317553561747373,0.00770986431266836,NA,1,1,"S5","main",500,70,0.500915658514495,411.552952427862,0.9,0,0,"none",0,55,1
0.364955225846969,0.000184131926011321,1,1,0.300873034961833,NA,1,1,0.268867407818827,NA,1,1,0.317375475702775,-0.0109592579787617,NA,1,1,"S5","main",500,70,0.500915658514495,388.149973751732,0.9,0,0,"none",0,56,1
0.362483739786522,-0.0104109693911777,1,1,0.290213681127666,NA,1,1,0.273198059891887,NA,1,1,0.296425152422209,-0.0180334425702834,NA,1,1,"S5","main",500,70,0.500915658514495,374.681751494532,0.9,0,0,"none",0,57,1
0.336699280280214,0.000752711875084551,1,1,0.272870760169796,NA,0.999999999999998,1,0.236637440241607,NA,1,1,0.24930194010648,-0.00242050004324112,NA,1,1,"S5","main",500,70,0.500915658514495,336.153384305463,0.9,0,0,"none",0,58,1
0.401348926855242,0.00527928410430292,1,1,0.329242798548173,NA,1,1,0.299154839179397,NA,1,1,0.346342140505914,0.0214375367584566,NA,1,1,"S5","main",500,70,0.500915658514495,336.549263842094,0.9,0,0,"none",0,59,1
0.336304606390606,-0.0152829278853873,1,1,0.268462086211343,NA,0.999999999999994,1,0.249452454180463,NA,1,1,0.261424469782888,-0.0190868032093729,NA,1,1,"S5","main",500,70,0.500915658514495,319.896947514691,0.9,0,0,"none",0,60,1
0.382563239979606,-0.00944199354032893,1,1,0.316559819607094,NA,1,1,0.298105947884574,NA,1,1,0.318012249886528,-0.020433426334223,NA,1,1,"S5","main",500,70,0.500915658514495,373.176745313626,0.9,0,0,"none",0,61,1
0.355094093373096,-0.00766238755969779,1,1,0.274823036559656,NA,0.999999999999998,1,0.241360488269122,NA,1,1,0.262477660762696,-0.016789956135223,NA,1,1,"S5","main",500,70,0.500915658514495,402.258524676055,0.9,0,0,"none",0,62,1
0.341644444819332,-0.0070305040171536,1,1,0.283810951587487,NA,1,1,0.257634528705091,NA,1,1,0.28199032021487,0.00854125003841043,NA,1,1,"S5","main",500,70,0.500915658514495,364.167937864038,0.9,0,0,"none",0,63,1
0.364092442399357,-0.00671892891647696,1,1,0.262584534058495,NA,0.999999999989379,1,0.23505770181909,NA,1,1,0.236131465916863,0.00571060578256117,NA,1,1,"S5","main",500,70,0.500915658514495,263.574370038389,0.9,0,0,"none",0,64,1
0.33703236965914,-0.00715800132288114,1,1,0.283640258672379,NA,1,1,0.261743809558491,NA,1,1,0.280596412726264,0.0155956262667209,NA,1,1,"S5","main",500,70,0.500915658514495,330.587624680349,0.9,0,0,"none",0,65,1
0.401983693654387,0.0166723253154962,1,1,0.333376876147677,NA,1,1,0.299939605949667,NA,1,1,0.345242517979896,0.0143596525931602,NA,1,1,"S5","main",500,70,0.500915658514495,363.416173057797,0.9,0,0,"none",0,66,1
0.348154420623038,-0.00776810562763377,1,1,0.269578004007967,NA,0.999999999999996,1,0.265960708503581,NA,1,1,0.291713534093705,0.000519685826940341,NA,1,1,"S5","main",500,70,0.500915658514495,366.095745565835,0.9,0,0,"none",0,67,1
0.352103404596062,7.08905733450434e-05,1,1,0.297400065406607,NA,1,1,0.269936388912458,NA,1,1,0.302331694397159,2.17116157041616e-05,NA,1,1,"S5","main",500,70,0.500915658514495,346.589978749472,0.9,0,0,"none",0,68,1
0.387509398660101,0.00216043486858271,1,1,0.30329880909248,NA,1,1,0.271397378094551,NA,1,1,0.313791251602853,0.00173186952206132,NA,1,1,"S5","main",500,70,0.500915658514495,299.23632635129,0.9,0,0,"none",0,69,1
0.339787425054332,-0.00546424346061566,1,1,0.269038824697244,NA,0.999999999999997,1,0.247405879337751,NA,1,1,0.270172007349248,-0.00227285604385975,NA,1,1,"S5","main",500,70,0.500915658514495,344.930474674215,0.9,0,0,"none",0,70,1
0.373564574244619,0.00285347864049628,1,1,0.311559511399196,NA,1,1,0.281653823021173,NA,1,1,0.317054826411406,-0.00231283332379703,NA,1,1,"S5","main",500,70,0.500915658514495,375.4359142059,0.9,0,0,"none",0,71,1
0.347940076211096,-0.00368405900823086,1,1,0.291887390425948,NA,1,1,0.26088675581936,NA,1,1,0.285673946931792,-0.0112105916696701,NA,1,1,"S5","main",500,70,0.500915658514495,355.672904431663,0.9,0,0,"none",0,72,1
0.337482171561395,0.0128163794038537,1,1,0.283647180747318,NA,1,1,0.249432162538509,NA,1,1,0.285685759418501,0.0280452119203016,NA,1,1,"S5","main",500,70,0.500915658514495,445.594220949424,0.9,0,0,"none",0,73,1
0.344467960010935,0.0120720812469796,1,1,0.279650293545919,NA,0.999999999999995,1,0.237815313444679,NA,1,1,0.2864944177512,0.0238559988664205,NA,1,1,"S5","main",500,70,0.500915658514495,327.021897777623,0.9,0,0,"none",0,74,1
0.376132044198576,-7.02693162058591e-05,1,1,0.318695818153805,NA,1,1,0.298189624738589,NA,1,1,0.322444243476541,0.0100213237393812,NA,1,1,"S5","main",500,70,0.500915658514495,380.453898861731,0.9,0,0,"none",0,75,1
0.355637562774164,0.00287941682436061,1,1,0.270956316058483,NA,0.999999999999965,1,0.251201517066093,NA,1,1,0.253586165481004,0.011733591738449,NA,1,1,"S5","main",500,70,0.500915658514495,331.325038595412,0.9,0,0,"none",0,76,1
0.373137181572458,-0.00856602437139331,1,1,0.319193892630133,NA,1,1,0.291393573682523,NA,1,1,0.322961751677625,-0.00797697032407159,NA,1,1,"S5","main",500,70,0.500915658514495,334.776592033176,0.9,0,0,"none",0,77,1
0.383493213780601,0.00353631229782292,1,1,0.324393576136906,NA,1,1,0.281171766431055,NA,1,1,0.343608231157463,0.00166514668951148,NA,1,1,"S5","main",500,70,0.500915658514495,349.889101174633,0.9,0,0,"none",0,78,1
0.360877317598008,0.0178055156328463,1,1,0.30497502894791,NA,1,1,0.28865554022264,NA,1,1,0.290980152198671,0.0423574676557702,NA,1,1,"S5","main",500,70,0.500915658514495,346.41389952904,0.9,0,0,"none",0,79,1
0.353494946380948,0.00799193405117544,1,1,0.306721963740626,NA,1,1,0.285529309126648,NA,1,1,0.316256810942421,0.00682650565641624,NA,1,1,"S5","main",500,70,0.500915658514495,399.593944095096,0.9,0,0,"none",0,80,1
0.333613076485895,0.00941200669142521,1,1,0.281887589223729,NA,1,1,0.246616377057342,NA,1,1,0.272348709225282,0.0055759065100497,NA,1,1,"S5","main",500,70,0.500915658514495,316.189991003409,0.9,0,0,"none",0,81,1
0.380933657172772,-0.0203807486385025,1,1,0.311440549619054,NA,1,1,0.271142664606304,NA,1,1,0.319685206026635,-0.0102754031750289,NA,1,1,"S5","main",500,70,0.500915658514495,385.946212974007,0.9,0,0,"none",0,82,1
0.3475341202855,-0.00595534544447121,1,1,0.282071594492607,NA,1,1,0.260321127608421,NA,1,1,0.29001747724045,-0.00328387346379787,NA,1,1,"S5","main",500,70,0.500915658514495,390.790380842821,0.9,0,0,"none",0,83,1
0.361689588932659,0.0163553427275328,1,1,0.28304006980454,NA,1,1,0.246540189203025,NA,1,1,0.274882839246702,-0.0167517247642142,NA,1,1,"S5","main",500,70,0.500915658514495,404.856658245918,0.9,0,0,"none",0,84,1
0.371776456661312,0.00727421511265522,1,1,0.299474065212507,NA,1,1,0.264522860250768,NA,1,1,0.286670782286346,-0.00795551700680667,NA,1,1,"S5","main",500,70,0.500915658514495,363.145001712175,0.9,0,0,"none",0,85,1
0.386757730029755,-0.00716747953774136,1,1,0.324668248072347,NA,1,1,0.286493068396843,NA,1,1,0.334536152976649,-0.027660038619077,NA,1,1,"S5","main",500,70,0.500915658514495,366.25677970883,0.9,0,0,"none",0,86,1
0.34721383801618,-0.002565640816771,1,1,0.262734986715773,NA,0.999999999999234,1,0.241291137773531,NA,1,1,0.238934908684846,-0.00430243339269289,NA,1,1,"S5","main",500,70,0.500915658514495,321.940263675839,0.9,0,0,"none",0,87,1
0.35280966710953,0.00396696280783089,1,1,0.285778609168037,NA,1,1,0.263917728072866,NA,1,1,0.280503243847894,-0.00602254654290801,NA,1,1,"S5","main",500,70,0.500915658514495,357.940461644629,0.9,0,0,"none",0,88,1
0.364639606013978,0.00220940905244631,1,1,0.295690096892825,NA,1,1,0.256871478754965,NA,1,1,0.298381622314731,0.0195015424013528,NA,1,1,"S5","main",500,70,0.500915658514495,311.064012139809,0.9,0,0,"none",0,89,1
0.350550817193509,0.00173672388442469,1,1,0.27850654015663,NA,0.999999999999983,1,0.285074126305251,NA,1,1,0.260415848908524,0.00227185114647942,NA,1,1,"S5","main",500,70,0.500915658514495,336.379682833174,0.9,0,0,"none",0,90,1
0.389439134248787,-0.000516902335256075,1,1,0.315606692715453,NA,1,1,0.296565657350774,NA,1,1,0.342401812035409,-0.000149780289439851,NA,1,1,"S5","main",500,70,0.500915658514495,330.027428501121,0.9,0,0,"none",0,91,1
0.401477306038822,0.0099266533718726,1,1,0.332607571135,NA,1,1,0.297384739062991,NA,1,1,0.337502782053458,0.0105953012351445,NA,1,1,"S5","main",500,70,0.500915658514495,311.42881012842,0.9,0,0,"none",0,92,1
0.368003094369853,-0.00173080147634298,1,1,0.312761652370368,NA,1,1,0.27123648883391,NA,1,1,0.321885573668191,0.0041085593254558,NA,1,1,"S5","main",500,70,0.500915658514495,467.219248339124,0.9,0,0,"none",0,93,1
0.351172090813288,0.00943697245658784,1,1,0.269648324337973,NA,0.99999999999999,1,0.255783091046325,NA,1,1,0.223469755138827,0.0209168724832062,NA,1,1,"S5","main",500,70,0.500915658514495,327.069513471113,0.9,0,0,"none",0,94,1
0.375775151739677,0.00528321542288213,1,1,0.301750061416345,NA,1,1,0.261199330472093,NA,1,1,0.287715255589524,0.0145374065231813,NA,1,1,"S5","main",500,70,0.500915658514495,361.286554140034,0.9,0,0,"none",0,95,1
0.365321397213791,-0.000934843139195193,1,1,0.319254927171172,NA,1,1,0.290600206892429,NA,1,1,0.335088519185186,-0.00166244744345841,NA,1,1,"S5","main",500,70,0.500915658514495,365.062486693432,0.9,0,0,"none",0,96,1
0.328555803411284,0.0127799180690959,1,1,0.269892895269545,NA,1,1,0.234894374230581,NA,1,1,0.25830151094259,0.0240113493547997,NA,1,1,"S5","main",500,70,0.500915658514495,343.550432148152,0.9,0,0,"none",0,97,1
0.355870348851051,0.0180263515750018,1,1,0.278926830490308,NA,1,1,0.260873591268836,NA,1,1,0.26426146829278,0.0153138806956662,NA,1,1,"S5","main",500,70,0.500915658514495,397.529265754184,0.9,0,0,"none",0,98,1
0.363703419509344,0.000558583777663109,1,1,0.30094286883983,NA,1,1,0.273302367051526,NA,1,1,0.30235530725951,-0.0132215028217971,NA,1,1,"S5","main",500,70,0.500915658514495,438.585738653952,0.9,0,0,"none",0,99,1
0.391472879988729,-0.0141175941388477,1,1,0.320900682831764,NA,1,1,0.292858923141203,NA,1,1,0.331278824369499,-0.0188482333370117,NA,1,1,"S5","main",500,70,0.500915658514495,335.796701998316,0.9,0,0,"none",0,100,1
0.232619046267548,0.0130731745594764,1,1,0.0638739574541434,NA,0.712755865842062,0,0.00698463007841652,NA,0.0797385647140677,0,0.00303702428641817,0.00128254945340956,0.00291601117796417,0.0557211055276382,0,"S5","null",1000,70,0.352588811263852,89.4914227820249,0,0,0,"none",0,1,0
0.201435057576278,-0.0218796982328825,1,1,0.0310185491780619,NA,0.417681639412095,0,-0.00032419497678482,NA,0.0327652858681163,0,0.000683029546991005,-0.000374667361456654,0.0022106541412981,0.0390804020100503,0,"S5","null",1000,70,0.352588811263852,90.9869294254882,0,0,0,"none",0,2,0
0.22572866898649,0.0227496664517233,1,1,0.0464416801286744,NA,0.545420050601647,0,0.0023541917552576,NA,0.0438092209425674,0,0.00212705206156867,0.00323576821367801,0.0027745024760515,0.064105527638191,0,"S5","null",1000,70,0.352588811263852,82.6045927810494,0,0,0,"none",0,3,0
0.170061540940674,-0.00199248337855932,0.999999999026497,1,-0.0325752313030761,NA,0.387460206718886,0,-0.00163660532134367,NA,0.0384715852436918,0,-0.00561365261511252,0.00631764222449767,0.00426672339400898,0.0985653266331658,0,"S5","null",1000,70,0.352588811263852,74.4056284727808,0,0,0,"none",0,4,0
0.250965204726986,-0.0164500963574642,1,1,0.0406324075493387,NA,0.466896645063757,0,0.00172216939892605,NA,0.039194284018585,0,0.00741605442633459,0.00340677799112767,0.00454661407258038,0.0880778894472362,0,"S5","null",1000,70,0.352588811263852,82.3043914784949,0,0,0,"none",0,5,0
0.224790690686416,-0.0136925729151738,1,1,-0.0750287182166364,NA,0.782330336774962,0,-0.00348352407164887,NA,0.0532485014275809,0,-0.0100592631391319,0.00332100100468492,0.00540764780934053,0.111324120603015,0,"S5","null",1000,70,0.352588811263852,78.5891228491859,0,0,0,"none",0,6,0
0.164471055867781,0.0301774399146376,0.999999999981312,1,-0.0465636663120209,NA,0.535792398335191,0,-0.00219276845978694,NA,0.0418400332923822,0,-0.0082325520933977,0.00128183789783828,0.00405498584485546,0.0893869346733668,0,"S5","null",1000,70,0.352588811263852,74.697541158587,0,0,0,"none",0,7,0
0.225198300011277,0.0207148152332973,1,1,0.0720468645479504,NA,0.733735034174265,0,0.00447096505334521,NA,0.0573450616643977,0,0.00189088462880834,0.00167427933025055,0.00256084666286983,0.0495979899497487,0,"S5","null",1000,70,0.352588811263852,74.3339926542325,0,0,0,"none",0,8,0
0.178885261185181,0.00132830108421886,0.999999999992863,1,0.0272853464201166,NA,0.369188336332099,0,0.000524433694761006,NA,0.0334517157318145,0,0.0026331979774874,-0.00293354593932228,0.00223055646296308,0.0596331658291457,0,"S5","null",1000,70,0.352588811263852,93.058984158993,0,0,0,"none",0,9,0
0.200884858079602,0.0136638084872046,0.999999999999884,1,0.109217616505404,NA,0.942181398540274,0,0.00359657616540572,NA,0.0536930411650204,0,0.0181490018818389,-0.00553738566472085,0.00841455449064124,0.176366834170854,0,"S5","null",1000,70,0.352588811263852,101.21292369441,0,0,0,"none",0,10,0
0.179054649862506,0.0135188138688895,0.999999999996788,1,0.0255996777517606,NA,0.352894575643266,0,0.00119372813042087,NA,0.0372265387089604,0,0.00453777669355605,0.000433816865385216,0.00317545537641241,0.0653140703517588,0,"S5","null",1000,70,0.352588811263852,99.4340662997695,0,0,0,"none",0,11,0
0.199262746550539,-0.00465679929269647,0.999999999988866,1,-0.0236803603362162,NA,0.261318080156235,0,-0.00110187806014595,NA,0.0352035586887506,0,-0.00201366541505802,0.00170201329830615,0.00193590782662613,0.047070351758794,0,"S5","null",1000,70,0.352588811263852,71.638053230068,0,0,0,"none",0,12,0
0.144001641548918,-0.0193207749348254,0.999999966234048,1,-0.0399408592420054,NA,0.485526653492066,0,-0.000368590449639938,NA,0.032911970644878,0,-0.00229085295695688,0.00022380997983968,0.00247587686484061,0.0461582914572864,0,"S5","null",1000,70,0.352588811263852,85.0471276589969,0,0,0,"none",0,13,0
0.16482979828856,0.0117241686129271,0.99999999965439,1,-0.0784057744311994,NA,0.798853150239313,0,-0.000910560008829123,NA,0.0349179697820174,0,-0.00591073485226788,0.00570207170774435,0.00418834006700119,0.0978969849246231,0,"S5","null",1000,70,0.352588811263852,72.888682392438,0,0,0,"none",0,14,0
0.187546926945983,0.00399218613282891,0.999999999977015,1,-0.033182851169881,NA,0.389550637712668,0,-0.00084326871367237,NA,0.0344312825036236,0,-0.00373461663906488,-0.000852697442395915,0.00240480913174392,0.0565025125628141,0,"S5","null",1000,70,0.352588811263852,79.3654108298195,0,0,0,"none",0,15,0
0.22683657471796,0.00797029767315497,0.999999999999999,1,0.0120392728140831,NA,0.142630473245229,0,-0.000456913751628519,NA,0.0329585750340782,0,0.00168354504797425,0.0133541673821766,0.00556187092622455,0.126570351758794,0,"S5","null",1000,70,0.352588811263852,80.5697366097201,0,0,0,"none",0,16,0
0.160744088743093,0.0160672278695106,0.999999994168733,1,-0.0409276075985654,NA,0.493422246979303,0,-0.00113236428177294,NA,0.0359809549097418,0,-0.0018270138507303,-0.00615956151619048,0.004272023780911,0.0902412060301507,0,"S5","null",1000,70,0.352588811263852,88.3118138015068,0,0,0,"none",0,17,0
0.244993791415641,-0.000772341664018166,1,1,0.0570295595012925,NA,0.62154066419999,0,0.00370189203631819,NA,0.0526336132793793,0,0.00876198088764211,0.00519041767751029,0.00476644018423388,0.102962311557789,0,"S5","null",1000,70,0.352588811263852,84.5375812579169,0,0,0,"none",0,18,0
0.184559482489228,-0.00446896356381833,0.999999999979625,1,0.0493430937688395,NA,0.514416773741984,0,0.000685855922764924,NA,0.0334191007150398,0,0.0130306448204626,0.0161581373610276,0.00831124153444328,0.163535175879397,0,"S5","null",1000,70,0.352588811263852,63.4569145432677,0,0,0,"none",0,19,0
0.177574052207148,0.00328929079497234,0.999999999362802,1,-0.0444451018336646,NA,0.503800839771892,0,-0.00126946138363128,NA,0.0360858046797548,0,0.000192694465177746,0.00015767800324921,0.00176172568322881,0.0394522613065327,0,"S5","null",1000,70,0.352588811263852,77.0496515948628,0,0,0,"none",0,20,0
0.170732773484045,0.00986037615215016,0.999999999867396,1,0.0106282169120708,NA,0.144888643425606,0,-0.000936659090397135,NA,0.0348395658492986,0,0.00229664416090097,-0.00637829719543149,0.00404202381973796,0.0840125628140704,0,"S5","null",1000,70,0.352588811263852,93.299274674025,0,0,0,"none",0,21,0
0.209925382857525,0.0165907195252431,0.999999999999999,1,0.00438802857967153,NA,0.0563235405729262,0,-0.000251021708647442,NA,0.0326118450202845,0,0.0018119568888222,-2.54862653960767e-05,0.00200843767446749,0.0439623115577889,0,"S5","null",1000,70,0.352588811263852,75.3649649625458,0,0,0,"none",0,22,0
0.220544121186124,-0.0057613021316384,1,1,0.0689854141158887,NA,0.763001540167041,0,0.00916847381136564,NA,0.0974877190286756,0,0.025103294162055,-0.0327634520499342,0.0136028796435342,0.337577889447236,0,"S5","null",1000,70,0.352588811263852,90.5762679928138,0,0,0,"none",0,23,0
0.180678627514125,-0.00253957233200324,0.999999999958156,1,-0.0103498300798731,NA,0.131256059855009,0,0.000314474760030659,NA,0.0326973933058121,0,-0.00928266515717494,-0.0172714177221923,0.00904750799066528,0.198964824120603,0,"S5","null",1000,70,0.352588811263852,73.1489803402563,0,0,0,"none",0,24,0
0.162783768210543,-0.00797180892786096,0.999999997777674,1,-0.0595502506234093,NA,0.658717125484795,0,-0.00385711506975951,NA,0.0539407704633889,0,-0.00229787221293576,0.00174486935009774,0.00280991546883507,0.0550452261306533,0,"S5","null",1000,70,0.352588811263852,78.8042984585851,0,0,0,"none",0,25,0
0.165797110620243,0.0222732056354511,0.999999998484941,1,-0.0158364774154065,NA,0.194250626876278,0,-0.000784447092626765,NA,0.0340726491054638,0,-0.00356248277182727,0.0328513539404544,0.0113020612532931,0.272603015075377,0,"S5","null",1000,70,0.352588811263852,71.452441593922,0,0,0,"none",0,26,0
0.186590289997771,0.0184387611128664,0.999999999998284,1,-0.010838402307458,NA,0.135884959325682,0,-0.000160678144327288,NA,0.0324943778151948,0,-0.00157196119619275,4.82591928393038e-05,0.00206443457530049,0.0407638190954774,0,"S5","null",1000,70,0.352588811263852,74.9394549753478,0,0,0,"none",0,27,0
0.189075413225311,0.0237638295969301,0.999999999997548,1,-0.000301288044494017,NA,0.00385176252102304,0,-0.000832386593755767,NA,0.0342598454849666,0,-0.00048467116499564,0.00472726887818793,0.00334385487016419,0.0690502512562814,0,"S5","null",1000,70,0.352588811263852,77.6521043202576,0,0,0,"none",0,28,0
0.224997584562216,-0.0142525102849653,1,1,0.0514966328950686,NA,0.632841299895203,0,0.00267102479818577,NA,0.0474906130760192,0,0.00489627053126389,0.00777492600924797,0.00476256127508395,0.111902010050251,0,"S5","null",1000,70,0.352588811263852,99.1181581245239,0,0,0,"none",0,29,0
0.223788903420993,0.00732147393230429,1,1,0.0687656262248985,NA,0.701961874557,0,0.00272368583944054,NA,0.0446897541440309,0,0.0018881250365753,0.00175211912286133,0.00282362019856715,0.0473040201005025,0,"S5","null",1000,70,0.352588811263852,77.662401260396,0,0,0,"none",0,30,0
0.184638328905934,0.0090141461549528,0.999999999985685,1,-0.0188037948320659,NA,0.223522043285921,0,0.000106104897107436,NA,0.0324485563262479,0,-0.00134056216508131,0.000934527330452449,0.00210286336083808,0.0424095477386935,0,"S5","null",1000,70,0.352588811263852,70.0804950171067,0,0,0,"none",0,31,0
0.198316156121504,0.00221307171968078,0.999999999998075,1,-0.0308747869370769,NA,0.379301634536614,0,-0.000796379195603927,NA,0.0343104212771001,0,-0.0202109106791785,0.0413455876523646,0.0134292399301357,0.367884422110553,0,"S5","null",1000,70,0.352588811263852,88.6720516005736,0,0,0,"none",0,32,0
0.152487801127626,0.0097892432130403,0.999999902724827,1,0.0285777865306167,NA,0.344895405322583,0,0.000560462367370216,NA,0.0332635184509924,0,0.00139316579363869,-0.000217504613704778,0.00206808695807143,0.0432989949748744,0,"S5","null",1000,70,0.352588811263852,79.7625726818298,0,0,0,"none",0,33,0
0.15918145599375,0.0173870359929829,0.999999928405972,1,0.0367423622720934,NA,0.45028256842579,0,0.002707109465264,NA,0.0471814526240432,0,0.00639370764545044,-0.00167481785234231,0.00416468541857206,0.0773768844221105,0,"S5","null",1000,70,0.352588811263852,92.5936777268743,0,0,0,"none",0,34,0
0.19911361088624,0.0033826797290286,0.99999999999708,1,-0.0283157492847654,NA,0.315049861686911,0,-0.000434252009776825,NA,0.0329134273034672,0,-0.00197261405548929,-0.000937813655957958,0.00196508554152085,0.0451105527638191,0,"S5","null",1000,70,0.352588811263852,67.9756444970874,0,0,0,"none",0,35,0
0.158565624339941,0.0294714950622472,0.999999999432559,1,0.0321124060386221,NA,0.408255968563319,0,0.000141218303348662,NA,0.0324817317312604,0,-0.00408710664290826,0.0251007145738264,0.00799020419687528,0.21241959798995,0,"S5","null",1000,70,0.352588811263852,90.5885121703746,0,0,0,"none",0,36,0
0.217249730230167,-0.0056317307801779,1,1,0.0471458595021826,NA,0.552373470643761,0,0.00181809297562489,NA,0.0400102930750873,0,0.00150236811687885,-0.000536315237764981,0.00230773631497292,0.0419346733668342,0,"S5","null",1000,70,0.352588811263852,80.3654732577711,0,0,0,"none",0,37,0
0.181960429038353,0.0107968482795331,0.999999999995612,1,0.0136964685188099,NA,0.18410950372322,0,-0.000498220628620747,NA,0.0333614724022012,0,0.00072832187008883,-0.00231417987886608,0.00195941614534758,0.0455201005025126,0,"S5","null",1000,70,0.352588811263852,91.2937155482512,0,0,0,"none",0,38,0
0.142543165353823,0.00683103984962319,0.99999967599245,1,5.98631418987906e-05,NA,0.000799518191582749,0,-0.000363436159480539,NA,0.0328713931897943,0,0.000360783503111679,-0.00121945779733563,0.0015363031222014,0.0409623115577889,0,"S5","null",1000,70,0.352588811263852,91.1790486832102,0,0,0,"none",0,39,0
0.179160826123094,-0.00696025391277475,0.999999999988869,1,0.0231833063128127,NA,0.298598117762414,0,0.00107068509623829,NA,0.0357597952299379,0,0.00183719437578939,0.00499582897432707,0.0034437702763526,0.077,0,"S5","null",1000,70,0.352588811263852,84.5938485474949,0,0,0,"none",0,40,0
0.181330701047465,0.0260262818401817,0.999999999998995,1,0.0326721095226218,NA,0.405029749145131,0,8.43687737124784e-05,NA,0.0324373298075749,0,0.00750575556345965,-0.0016086636254504,0.00491747301377474,0.0916859296482412,0,"S5","null",1000,70,0.352588811263852,84.0063204878185,0,0,0,"none",0,41,0
0.215069079078815,0.00841609262560454,0.999999999999994,1,-0.0385000635990847,NA,0.452375795849899,0,-0.00223846413320823,NA,0.0424322522237095,0,-0.00074647469318042,-0.00102357973878802,0.00152325033830562,0.0388316582914573,0,"S5","null",1000,70,0.352588811263852,79.0368115310313,0,0,0,"none",0,42,0
0.198086324134569,0.00293218895364321,0.999999999999832,1,0.0107634148191682,NA,0.13800591760418,0,0.00108032517314189,NA,0.0357058621309555,0,0.0145109620520484,0.0165298102491077,0.0060940304354436,0.207108040201005,0,"S5","null",1000,70,0.352588811263852,82.8162674445321,0,0,0,"none",0,43,0
0.171875719694041,-0.00120860257803979,0.999999999860423,1,-0.0782951328981688,NA,0.79620266303983,0,-0.0032563365401411,NA,0.0499706000428782,0,-0.00773578438856837,0.00522329814875213,0.00484446759556982,0.104625628140704,0,"S5","null",1000,70,0.352588811263852,76.3124817359441,0,0,0,"none",0,44,0
0.181084745900323,-0.0064409932570548,0.999999999998346,1,0.0187149552850841,NA,0.240711643161049,0,0.000350093655242894,NA,0.0327987609114691,0,7.27470761441777e-05,-8.73153706242388e-05,0.0016096573311474,0.0352386934673367,0,"S5","null",1000,70,0.352588811263852,81.1890076137562,0,0,0,"none",0,45,0
0.195624315041994,-0.0207305542963447,0.999999999992235,1,-0.0789647966916836,NA,0.748934272048898,0,-0.00347270998433982,NA,0.049104124349844,0,-0.00951613397581391,-0.00582474687753037,0.00528373388406869,0.101952261306533,0,"S5","null",1000,70,0.352588811263852,69.6729289817037,0,0,0,"none",0,46,0
0.217635401477814,-0.00249551335153564,1,1,0.0535382112075934,NA,0.634309461297275,0,0.00170983392145908,NA,0.0398327528314262,0,0.00333130090832085,0.00182730743095624,0.0024476492413753,0.0579371859296482,0,"S5","null",1000,70,0.352588811263852,90.7398942873956,0,0,0,"none",0,47,0
0.223540517082349,-0.0196500997734491,0.999999999999999,1,0.0749934869546614,NA,0.773162553871451,0,0.00764582353959136,NA,0.0828370785239328,0,0.00573807799767888,-0.00230875365689741,0.00313237731730707,0.0768266331658291,0,"S5","null",1000,70,0.352588811263852,88.5492122690055,0,0,0,"none",0,48,0
0.193805874028912,-0.0205058701153691,0.999999999999939,1,0.0178625491747722,NA,0.232647629305144,0,0.000582343803185371,NA,0.0335774499361942,0,-0.00136173428339302,0.000929900774613746,0.00159612972138169,0.0451683417085427,0,"S5","null",1000,70,0.352588811263852,81.4012285628251,0,0,0,"none",0,49,0
0.179847805530548,-0.0179680813511566,0.999999999935111,1,-0.0398359916944531,NA,0.455775865085759,0,-0.00159631027403315,NA,0.0379647614114669,0,-0.00544908642300716,-0.00519238423177698,0.00418997400020684,0.0898090452261307,0,"S5","null",1000,70,0.352588811263852,74.9821517884608,0,0,0,"none",0,50,0
0.148231734679116,-0.0181121190013867,0.999999926028773,1,-0.0749161569328643,NA,0.758721394749247,0,-0.00296400632714288,NA,0.0462038220193665,0,-0.00624414945211968,-0.00457722383963439,0.00455401831176959,0.0941733668341709,0,"S5","null",1000,70,0.352588811263852,78.3090096869561,0,0,0,"none",0,51,0
0.175805780406674,-0.018015548131225,0.999999999960035,1,-0.0111666790421513,NA,0.146103724850339,0,-0.000314486080760256,NA,0.0327399391548283,0,0.000340902207285665,-8.50971082460537e-05,0.0020513069819242,0.0335829145728643,0,"S5","null",1000,70,0.352588811263852,89.5905350483818,0,0,0,"none",0,52,0
0.178330337480794,-0.000385998887060067,0.999999999138817,1,-0.0730346464195705,NA,0.734922148320802,0,-0.0026779965993902,NA,0.0452922883985929,0,-0.00424637353659068,-0.00152685006825375,0.00274646107285272,0.0654346733668342,0,"S5","null",1000,70,0.352588811263852,83.0459811922046,0,0,0,"none",0,53,0
0.161015825665339,-0.0296317142729554,0.99999999618813,1,-0.0240407372395239,NA,0.27124506927893,0,-0.000964545717011119,NA,0.0345935318020386,0,-0.00244527100343186,-0.00186530216509865,0.00291299345048271,0.0571356783919598,0,"S5","null",1000,70,0.352588811263852,72.1025352149674,0,0,0,"none",0,54,0
0.215300374892434,-0.0070899943316441,0.999999999999985,1,0.00232777697933413,NA,0.027450953947759,0,0.000194760638345531,NA,0.032517350629155,0,-0.00039943821193419,0.00196431349695628,0.00216531725113021,0.0446457286432161,0,"S5","null",1000,70,0.352588811263852,67.948292764794,0,0,0,"none",0,55,0
0.238877421471075,0.0367295587170989,1,1,0.0770425054836054,NA,0.83079278961919,0,0.00513645879975406,NA,0.0686448833377713,0,0.0145136340729995,-0.00147202426657397,0.00588402813080911,0.140766331658291,0,"S5","null",1000,70,0.352588811263852,96.4642119752054,0,0,0,"none",0,56,0
0.177438961199671,-0.00451913596219771,0.999999999881032,1,-0.0208703338247956,NA,0.269806056427725,0,0.000643638075277221,NA,0.0339324799671703,0,-0.00139973488134365,0.00308766895505527,0.00290242497836299,0.0604422110552764,0,"S5","null",1000,70,0.352588811263852,88.9079107212685,0,0,0,"none",0,57,0
0.200933621049255,-0.00559244249800737,0.999999999999983,1,0.000492589240208552,NA,0.00681470659549543,0,-0.000161974533856949,NA,0.0325131618604308,0,-0.01245375813906,-0.049060927278443,0.0128907467720834,0.383711055276382,0,"S5","null",1000,70,0.352588811263852,93.4258367556883,0,0,0,"none",0,58,0
0.203303794029675,0.0187288003270417,0.999999999999967,1,-0.0354985737105201,NA,0.427761625913923,0,-0.00153698543914218,NA,0.0379087716946196,0,-0.0030907725877997,-0.00117423543294523,0.00223409829286411,0.0523793969849246,0,"S5","null",1000,70,0.352588811263852,74.9129685655503,0,0,0,"none",0,59,0
0.168105953467876,0.0145105024662612,0.999999999445788,1,0.0157258146851907,NA,0.206963643000907,0,0.000530799576535518,NA,0.0332651081198392,0,0.00693941853408426,-0.00464681032052284,0.00396418243757012,0.100824120603015,0,"S5","null",1000,70,0.352588811263852,84.4967860183273,0,0,0,"none",0,60,0
0.171700343476946,0.0138736129751893,0.999999999928633,1,0.0609633915944511,NA,0.711436995554416,0,0.00279421021191224,NA,0.0488473141928845,0,0.0352581911129319,0.035166419516766,0.0126931195354864,0.37594472361809,0,"S5","null",1000,70,0.352588811263852,96.3981638157586,0,0,0,"none",0,61,0
0.176218798148697,0.00585333344306348,0.999999999931542,1,0.0747440399412897,NA,0.792620354269077,0,0.00239409599168716,NA,0.0442305896878118,0,0.0343413335739591,0.0279918717274541,0.0148226590089896,0.337610552763819,0,"S5","null",1000,70,0.352588811263852,90.3884382611398,0,0,0,"none",0,62,0
0.168814929229463,0.000562398944900347,0.999999998489381,1,-0.00611548852032713,NA,0.0734725123710324,0,-0.000393321376020034,NA,0.0328640800563429,0,0.000654681200431205,0.0020297085475514,0.0028315998209085,0.0434949748743719,0,"S5","null",1000,70,0.352588811263852,72.179105771096,0,0,0,"none",0,63,0
0.177229970039168,0.0233217975239666,0.999999999997003,1,0.0398799258608204,NA,0.502967963121078,0,0.00163294416754424,NA,0.0394413313388951,0,0.00585583727150118,0.00273416382971081,0.00317390804548245,0.0821155778894472,0,"S5","null",1000,70,0.352588811263852,82.3682492652553,0,0,0,"none",0,64,0
0.177962688245562,0.00862483473486552,0.999999999915526,1,-0.0142983943961735,NA,0.186981955133007,0,-0.000542792009141928,NA,0.0333962123117164,0,0.00262631659000413,-0.0132926510068291,0.00753831675548706,0.143907035175879,0,"S5","null",1000,70,0.352588811263852,88.5504375911542,0,0,0,"none",0,65,0
0.172530898729398,0.0198089311259741,0.999999999835608,1,-0.0396864384371532,NA,0.458926297727172,0,-0.00067196639183417,NA,0.0337203679668599,0,-0.00492464119372147,0.00702462478185156,0.0040356636615631,0.0967814070351759,0,"S5","null",1000,70,0.352588811263852,73.0669280762337,0,0,0,"none",0,66,0
0.156856834036846,0.0100883593903492,0.999999999120193,1,-0.0188359091331677,NA,0.264181131684622,0,-0.000616264658385605,NA,0.0338279905420104,0,-0.0135864046409897,0.00193126972651496,0.00520700943781964,0.134077889447236,0,"S5","null",1000,70,0.352588811263852,97.3624378064335,0,0,0,"none",0,67,0
0.153013628300241,-0.00844648929984467,0.999999837857601,1,-0.0603958804691109,NA,0.672189448964106,0,-0.00125713619269366,NA,0.0368953517943694,0,-0.00232177077291929,0.000817977420287802,0.00244150522089386,0.0472236180904523,0,"S5","null",1000,70,0.352588811263852,93.4724945451672,0,0,0,"none",0,68,0
0.173418134685831,-0.0307196687597244,0.99999999996293,1,-0.0290653406929911,NA,0.390971717649001,0,-0.00143418133034118,NA,0.0386468506253315,0,-0.000303248799212925,-0.00019173312170822,0.00152114971286316,0.0360025125628141,0,"S5","null",1000,70,0.352588811263852,93.7106600195527,0,0,0,"none",0,69,0
0.194367184596269,-0.00947869252059322,0.999999999997165,1,-0.00424535947794131,NA,0.0530983749356031,0,-0.000185378246551224,NA,0.0325222569829243,0,-0.000117561922341372,-0.000710959725111357,0.00189778433468581,0.0364798994974874,0,"S5","null",1000,70,0.352588811263852,83.1682237064022,0,0,0,"none",0,70,0
0.186847879400153,-0.012052228289962,0.99999999999542,1,0.00213778718278113,NA,0.0269177838174044,0,0.000222617486260317,NA,0.0325621822992875,0,-0.00115518352543995,-0.00660709175362275,0.00357634688760779,0.0841658291457286,0,"S5","null",1000,70,0.352588811263852,73.5177872844297,0,0,0,"none",0,71,0
0.15190221565426,-0.000985088667577306,0.999999991176726,1,-0.0325638235644747,NA,0.446884956440813,0,-0.00166053296153906,NA,0.0399810184318434,0,-0.00151735620826209,-0.00104911207855811,0.00207259165541005,0.0463241206030151,0,"S5","null",1000,70,0.352588811263852,99.0263301055215,0,0,0,"none",0,72,0
0.187846412473405,-0.023924192725153,0.999999999995753,1,0.0406505417805725,NA,0.516526519837719,0,0.000290248604076327,NA,0.0327178045897991,0,0.00169923704806281,-6.13237615760435e-05,0.00164432514624117,0.0423090452261307,0,"S5","null",1000,70,0.352588811263852,95.8955310051343,0,0,0,"none",0,73,0
0.176105587603431,0.0235071794235254,0.999999999995026,1,0.0426099788620552,NA,0.518591876996853,0,0.000334653963868828,NA,0.0327584701677782,0,0.00145196576701446,0.0010506291649539,0.00188367455127335,0.0432412060301508,0,"S5","null",1000,70,0.352588811263852,85.9760817248342,0,0,0,"none",0,74,0
0.187015473244313,0.00564628882412892,0.99999999999454,1,0.0402990673521033,NA,0.504870578742325,0,0.000908163533765572,NA,0.0350037842488109,0,0.0033860083103397,0.0178324893834309,0.00959363213162777,0.180615577889447,0,"S5","null",1000,70,0.352588811263852,91.2434753594491,0,0,0,"none",0,75,0
0.13961033279208,0.0135386714790146,0.99999970558307,1,-0.0669337881183811,NA,0.763650145991235,0,-0.00968411084027274,NA,0.101448903266291,0,-0.00670402949404416,0.0109741257898602,0.00623674021713805,0.128459798994975,0,"S5","null",1000,70,0.352588811263852,99.2509382545653,0,0,0,"none",0,76,0
0.202457406671453,-0.00704503303762291,0.999999999999919,1,-0.0136477675195444,NA,0.167568828298809,0,-0.00076131077029922,NA,0.0339947730535683,0,-0.00201579394604512,-0.00160890674614237,0.00262751669994697,0.0499623115577889,0,"S5","null",1000,70,0.352588811263852,75.7851700563168,0,0,0,"none",0,77,0
0.178444497713766,-0.00760648870856279,0.9999999999925,1,-0.0145935151962743,NA,0.196219054641455,0,-0.000257519368351886,NA,0.0326430252945462,0,-0.00182968583034804,0.00366885093033773,0.00312634169900343,0.0652336683417085,0,"S5","null",1000,70,0.352588811263852,80.3461816192738,0,0,0,"none",0,78,0
0.203855320155536,-0.003371717252395,0.999999999999993,1,0.0718042133636174,NA,0.772445049846185,0,0.00234692268117138,NA,0.0442820714230911,0,0.00540928834829405,0.00156586331800455,0.00364724037316185,0.0712462311557789,0,"S5","null",1000,70,0.352588811263852,88.9617736843619,0,0,0,"none",0,79,0
0.175160794750755,-0.00975837944856704,0.999999999988968,1,0.0109698574979711,NA,0.142585856894737,0,0.000309533602121198,NA,0.0327187242539464,0,-0.000655097808624322,0.00449743860664908,0.0039978513110211,0.0773467336683417,0,"S5","null",1000,70,0.352588811263852,75.5196384711551,0,0,0,"none",0,80,0
0.160078032997184,-0.00427457311444764,0.999999992822392,1,-0.040720244002163,NA,0.501154952590841,0,-0.0038495372038195,NA,0.0543459946450971,0,-0.00248063155333806,-0.00069193251266566,0.00212521756423938,0.0462211055276382,0,"S5","null",1000,70,0.352588811263852,80.1332204017534,0,0,0,"none",0,81,0
0.176626912316903,-0.0352186248866942,0.999999999980008,1,0.013411238137482,NA,0.183830811033264,0,0.00111593988330319,NA,0.0363744860574836,0,0.000950995748535375,-0.00336715580853069,0.00264768375073166,0.0589120603015075,0,"S5","null",1000,70,0.352588811263852,94.7846780599084,0,0,0,"none",0,82,0
0.208724911138404,-0.00658825363981071,0.999999999999997,1,-0.00540676059183716,NA,0.0695283859072994,0,0.000889354915956662,NA,0.0350788800528966,0,-0.00247801900294901,-0.000525660025103686,0.0024194519784993,0.0488542713567839,0,"S5","null",1000,70,0.352588811263852,81.4395977942382,0,0,0,"none",0,83,0
0.258591015195831,-0.0313926377870991,1,1,0.166366190704389,NA,0.990203424885295,1,0.0106429487054134,NA,0.0958950465734783,0,0.184721820464921,-0.0786261513813483,0.0122641814455845,0.915824120603015,1,"S5","null",1000,70,0.352588811263852,75.9187863598137,0,0,0,"none",0,84,0
0.209612375444434,-0.00970296439430161,0.999999999999999,1,-0.068519121445244,NA,0.74820746611092,0,-0.00245726478169471,NA,0.0455381718803442,0,-0.0168507527963738,-0.00651303046629916,0.00662456041946623,0.161902010050251,0,"S5","null",1000,70,0.352588811263852,81.8741104474571,0,0,0,"none",0,85,0
0.146995571153124,-0.0139884277819084,0.9999999677174,1,-0.0627975118565439,NA,0.731141489775879,0,-0.000801996739185387,NA,0.0348856366838172,0,-0.00463413029396676,-0.000340065885441944,0.00253635804015219,0.0657663316582915,0,"S5","null",1000,70,0.352588811263852,99.193890735281,0,0,0,"none",0,86,0
0.200420082670213,0.0153025215125202,0.999999999999558,1,0.0175771914862763,NA,0.222260674463989,0,0.000426922595430061,NA,0.0329867919431602,0,0.00137811752924011,0.000833154476515741,0.0022642961679562,0.0432437185929648,0,"S5","null",1000,70,0.352588811263852,87.7642971667133,0,0,0,"none",0,87,0
0.166436632860106,0.0165649737601282,0.999999999904574,1,0.0670824565007773,NA,0.777147980808993,0,0.00470128975902076,NA,0.065265176109392,0,0.00923161859461105,-0.0118707802294974,0.00568786748528403,0.162143216080402,0,"S5","null",1000,70,0.352588811263852,105.383606057744,0,0,0,"none",0,88,0
0.212411783452694,-0.00897320740835242,0.999999999999916,1,-0.00170850848944853,NA,0.019972960602357,0,0.000736798639488415,NA,0.0339122938844952,0,0.00135090004162644,0.00122841536194289,0.00244937886986528,0.0470904522613065,0,"S5","null",1000,70,0.352588811263852,71.7162406484059,0,0,0,"none",0,89,0
0.186386674694589,0.000453668057581643,0.999999999999161,1,-0.0324876302497373,NA,0.408473222882659,0,0.000204983087161006,NA,0.0325659642812869,0,-0.00217565316903246,-0.00044096605201925,0.00192073801331175,0.0480427135678392,0,"S5","null",1000,70,0.352588811263852,82.7123345534956,0,0,0,"none",0,90,0
0.193082620208102,-0.00423975880155731,0.999999999999011,1,0.030171533630925,NA,0.377050222582698,0,0.00137791513151187,NA,0.0376567357178897,0,0.0052448839411999,0.0116769523836581,0.00466597099360175,0.140522613065327,0,"S5","null",1000,70,0.352588811263852,85.531382113961,0,0,0,"none",0,91,0
0.226899916007344,0.00542945382320358,1,1,0.00529326012444365,NA,0.0639189420564645,0,8.10960694303605e-05,NA,0.0324345431524536,0,0.00117486780014149,0.00320010510770941,0.00211789082242275,0.0535854271356784,0,"S5","null",1000,70,0.352588811263852,72.5084068598317,0,0,0,"none",0,92,0
0.218312924830997,-0.0066005157667836,0.999999999999996,1,0.049114426497569,NA,0.561359037008549,0,0.000981577307110044,NA,0.0350852842977485,0,0.00477241302326582,-0.00505818490305313,0.00341109841491773,0.0743391959798995,0,"S5","null",1000,70,0.352588811263852,86.3304018023689,0,0,0,"none",0,93,0
0.170720772881797,-0.021860665211583,0.999999999904077,1,-0.0830237848834637,NA,0.8500447958157,0,-0.00159295607104427,NA,0.0393735560686134,0,-0.0168755283867685,0.00244469045447683,0.00684391813463125,0.16171608040201,0,"S5","null",1000,70,0.352588811263852,92.9790696383394,0,0,0,"none",0,94,0
0.205978151184959,0.0168777818357201,0.99999999999982,1,0.0205367657805473,NA,0.244431677377831,0,0.00213595072094679,NA,0.0410824990590167,0,-0.00129719987817984,0.00062078057551394,0.0024144318864664,0.0497537688442211,0,"S5","null",1000,70,0.352588811263852,69.0408997726,0,0,0,"none",0,95,0
0.215989356098924,-0.0123551850426511,1,1,0.0535335641629788,NA,0.609830498010155,0,0.000873762177427209,NA,0.0344203989711664,0,0.0106133352881425,-0.0142032529581462,0.00648202181741957,0.164773869346734,0,"S5","null",1000,70,0.352588811263852,75.1792815624455,0,0,0,"none",0,96,0
0.211571352206868,0.00781548551201122,1,1,0.04116769064875,NA,0.552399987018113,0,0.00211412813692488,NA,0.0442858624922494,0,0.00543865120234599,-0.00219590357963093,0.00339797503219047,0.0766130653266332,0,"S5","null",1000,70,0.352588811263852,104.93259585815,0,0,0,"none",0,97,0
0.226095078673228,0.0109168894386539,1,1,0.0721898402328353,NA,0.72857949488684,0,0.00304019115023092,NA,0.047428102865203,0,0.0209053025407878,0.00451928974496294,0.00785655011928147,0.168336683417085,0,"S5","null",1000,70,0.352588811263852,78.8100421763565,0,0,0,"none",0,98,0
0.167949169688942,0.00302648895924144,0.99999999768942,1,-0.015787055918787,NA,0.191221212703999,0,-0.00126334799211804,NA,0.0361364313816285,0,-0.00207622180959115,0.000100777875693333,0.00187706496207567,0.0471281407035176,0,"S5","null",1000,70,0.352588811263852,71.7634777042021,0,0,0,"none",0,99,0
0.180648468192224,0.0186575214383092,0.999999999979371,1,-0.0485221305001505,NA,0.576484712100794,0,-0.00155293153832569,NA,0.0390746576502586,0,-0.00289645134094406,0.00071921976754617,0.00256882338466076,0.0515879396984925,0,"S5","null",1000,70,0.352588811263852,88.8413434793453,0,0,0,"none",0,100,0
0.177947245950458,0.013632421417678,0.999999999996327,1,0.0292921351206683,NA,0.455519422092219,0,0.00111846548770644,NA,0.0403543392673899,0,-0.000231376447167087,0.00798177469851999,0.0051576511261062,0.116713567839196,0,"S5","null",1000,70,0.352588811263852,145.420864836752,0.3,0,0,"none",0,1,0
0.19229050292571,-0.0394595448149466,1,1,0.0603390391754119,NA,0.793416036217483,0,0.0145703633639914,NA,0.183458208834885,0,0.0275978417613233,-0.0265716748520051,0.0130711051235965,0.357575376884422,0,"S5","null",1000,70,0.352588811263852,132.19718589159,0.3,0,0,"none",0,2,0
0.145486949971763,-0.027001447022164,0.999999998684464,1,0.00634847495903465,NA,0.104619571265833,0,-0.000202240532037257,NA,0.0327444773810697,0,-0.000155534345016449,-0.0117534086053328,0.00694256897843033,0.162829145728643,0,"S5","null",1000,70,0.352588811263852,125.99859080224,0.3,0,0,"none",0,3,0
0.195171209591413,0.00708366539816985,0.999999999999984,1,-0.0168938558309687,NA,0.274753555204826,0,-0.00084127997527386,NA,0.0373274602101199,0,0.000289429702293144,0.00207288185018077,0.00241122638660945,0.0537613065326633,0,"S5","null",1000,70,0.352588811263852,143.915603635827,0.3,0,0,"none",0,4,0
0.204020562116202,-0.0189630737617599,1,1,0.0611630295861067,NA,0.801740084699795,0,0.00139358172238586,NA,0.0431542832055147,0,0.00583489442652983,-0.00242955187500798,0.00473893236666616,0.0910527638190955,0,"S5","null",1000,70,0.352588811263852,142.85268320127,0.3,0,0,"none",0,5,0
0.1660845140044,-0.00511833657959431,0.999999999987885,1,-0.0160183508330565,NA,0.265493751600691,0,-0.000802744248762654,NA,0.037155288735815,0,-0.00157102957399355,-0.00154296517594622,0.00277489618239316,0.0498994974874372,0,"S5","null",1000,70,0.352588811263852,143.482220926305,0.3,0,0,"none",0,6,0
0.193180945591051,0.00350983637384905,0.999999999999979,1,0.0378379119619136,NA,0.566853640949416,0,1.02108053304957e-05,NA,0.0324160736289192,0,0.00218686856678431,0.00066773901088839,0.00161654009162728,0.0462713567839196,0,"S5","null",1000,70,0.352588811263852,136.740208432386,0.3,0,0,"none",0,7,0
0.151805141203792,0.00461114263459013,0.999999999864025,1,0.00854688362582294,NA,0.150552324944133,0,-8.81314217919237e-05,NA,0.0324919313662182,0,0.000644548128502514,-0.000445672366246799,0.00125635248134011,0.0374572864321608,0,"S5","null",1000,70,0.352588811263852,137.167324000931,0.3,0,0,"none",0,8,0
0.192253001690531,-0.000684380914724324,0.999999999999457,1,-0.0133838488691926,NA,0.192533292448158,0,-0.0011105329902954,NA,0.0385240841748623,0,-0.00115904680035108,0.000705699951725728,0.00224991588787945,0.0408793969849246,0,"S5","null",1000,70,0.352588811263852,107.157367368871,0.3,0,0,"none",0,9,0
0.139483728801647,0.00767290234035998,0.9999999926536,1,-0.0296677896203392,NA,0.473148366867126,0,-0.00159972709313366,NA,0.046566618703362,0,-0.00170442093064551,0.00164032076993111,0.00223981017835039,0.0476005025125628,0,"S5","null",1000,70,0.352588811263852,132.62410714099,0.3,0,0,"none",0,10,0
0.169433430065271,0.00580422478696171,0.999999999989757,1,0.00998995093955304,NA,0.168520321393188,0,1.28544224348258e-05,NA,0.0324167965263641,0,0.00042130257742936,-0.000552488422127767,0.0013314886988109,0.0339899497487437,0,"S5","null",1000,70,0.352588811263852,154.472557118182,0.3,0,0,"none",0,11,0
0.173638728067503,-0.00529186092413226,0.999999999967294,1,0.0108316667247436,NA,0.155143298973007,0,0.000501683565699465,NA,0.03383390551899,0,0.00317681348632442,0.00424708551134965,0.00364261982650341,0.0794899497487437,0,"S5","null",1000,70,0.352588811263852,107.303129206678,0.3,0,0,"none",0,12,0
0.128922140034854,0.00441755104264936,0.999999729947068,1,0.0233933994048637,NA,0.398989915332265,0,0.00035064156892851,NA,0.0336383809787228,0,0.005302586064683,-0.00584017127099468,0.00418923770094483,0.110743718592965,0,"S5","null",1000,70,0.352588811263852,174.135476975735,0.3,0,0,"none",0,13,0
0.144191410902607,-0.00858855427517435,0.999999924411343,1,-0.0201453058439879,NA,0.300102705655363,0,-0.000101163444580058,NA,0.0324886719593337,0,-0.000413185986266485,-0.00223324549612944,0.00223077780605076,0.0526633165829146,0,"S5","null",1000,70,0.352588811263852,120.684990513236,0.3,0,0,"none",0,14,0
0.130510853296418,-0.0271161905358334,0.999999812670181,1,-0.0778594383373157,NA,0.883858480723093,0,-0.00172461145895619,NA,0.0472685725973055,0,-0.0105961679032659,-0.00390652564355091,0.00633849942737467,0.131198492462312,0,"S5","null",1000,70,0.352588811263852,132.35495825417,0.3,0,0,"none",0,15,0
0.18742142198238,-0.004274133459307,0.999999999999924,1,-0.000881309038464183,NA,0.0139968675883184,0,0.000181263982858174,NA,0.0326623350768367,0,-0.000647095007371451,-0.000425696780313367,0.00131315733635181,0.0344321608040201,0,"S5","null",1000,70,0.352588811263852,123.945994657647,0.3,0,0,"none",0,16,0
0.169811337219092,-0.0197392892304797,0.99999999998898,1,-0.0339597168876524,NA,0.497863331037149,0,-0.00175232102079225,NA,0.0458614832355767,0,-0.00537185187782338,-0.00666325140108881,0.00509662913032449,0.120361809045226,0,"S5","null",1000,70,0.352588811263852,122.995957954188,0.3,0,0,"none",0,17,0
0.204717313232862,-0.0185533367330668,1,1,0.0610522508417386,NA,0.809611741214064,0,0.0067961444145512,NA,0.107739260948651,0,0.0065647064897058,0.00176392190518095,0.0035605688928328,0.0923542713567839,0,"S5","null",1000,70,0.352588811263852,144.110215618848,0.3,0,0,"none",0,18,0
0.179601599873935,0.00534963703380529,0.999999999998015,1,-0.00950423021644724,NA,0.146757259017802,0,-0.00079151069179346,NA,0.0362914995465196,0,-0.00187528057832578,-0.000317705017149706,0.00227285181527074,0.0439623115577889,0,"S5","null",1000,70,0.352588811263852,123.123878305233,0.3,0,0,"none",0,19,0
0.167491314287511,0.0253033901816859,0.999999999994294,1,0.000486244107541738,NA,0.00777174220623256,0,-0.000373696805010629,NA,0.033397045361501,0,-0.000134259104067166,0.00279426198715579,0.00287193005412397,0.0591532663316583,0,"S5","null",1000,70,0.352588811263852,123.926049308464,0.3,0,0,"none",0,20,0
0.192859726905108,0.00887270893891061,0.999999999999997,1,-0.0258770994444928,NA,0.409069919495161,0,-0.000500307494428145,NA,0.0343453139432549,0,-0.00180245565608199,0.00126279880380409,0.00211732683717209,0.0565804020100503,0,"S5","null",1000,70,0.352588811263852,125.696908197532,0.3,0,0,"none",0,21,0
0.148772113241632,0.0146644596796994,0.999999998586028,1,-0.00168793784502731,NA,0.0282354071916537,0,7.5570876666535e-05,NA,0.0324651738756253,0,-0.0011206282223692,-0.002157793059278,0.00342202302708608,0.0553844221105528,0,"S5","null",1000,70,0.352588811263852,149.212698077504,0.3,0,0,"none",0,22,0
0.154186092517246,-0.00190293146519079,0.999999998917144,1,-0.0197999728132988,NA,0.319466197621889,0,-0.00270972674890467,NA,0.0585789632024754,0,-0.00436521605649252,0.0104194234291654,0.00601484578737254,0.144685929648241,0,"S5","null",1000,70,0.352588811263852,140.627950436544,0.3,0,0,"none",0,23,0
0.202149403725324,0.0110763043387905,0.999999999999999,1,0.0188862674878405,NA,0.297865480340015,0,0.000648877691403811,NA,0.035415910830595,0,0.00397636230765869,0.00108771975114851,0.00321227905410862,0.0645577889447236,0,"S5","null",1000,70,0.352588811263852,127.386801839811,0.3,0,0,"none",0,24,0
0.149245881156529,-0.00972952482446324,0.999999988800334,1,-0.0440166134742704,NA,0.593528979267324,0,-0.000502280113128597,NA,0.0340415698852125,0,-0.00321746564487901,0.00200963863286834,0.00313323465387511,0.0633366834170854,0,"S5","null",1000,70,0.352588811263852,116.960096258405,0.3,0,0,"none",0,25,0
0.176787867448733,0.010518954471899,0.999999999997719,1,0.0166667576648552,NA,0.261250804578564,0,0.000589061477223135,NA,0.0347431308456842,0,0.00194969223182601,0.000583511811242975,0.00261213361608496,0.0472537688442211,0,"S5","null",1000,70,0.352588811263852,120.550241657133,0.3,0,0,"none",0,26,0
0.141216592146276,0.0146712588168427,0.999999990114954,1,-0.0289336811889185,NA,0.433633976654804,0,-0.00953335431620802,NA,0.125854139470937,0,-0.00317608147140701,-0.0019196888345201,0.00281885818186267,0.0586733668341709,0,"S5","null",1000,70,0.352588811263852,114.740271945761,0.3,0,0,"none",0,27,0
0.158925121050739,0.00524288398359514,0.999999999643712,1,0.00371357659667135,NA,0.061805576378056,0,0.000472412286557726,NA,0.034108306870893,0,-0.00133684263260142,-0.000153124951784799,0.00172119683678164,0.0398366834170854,0,"S5","null",1000,70,0.352588811263852,139.279958307185,0.3,0,0,"none",0,28,0
0.131967006763665,0.00645763750584913,0.999999775651995,1,-0.0397536759029449,NA,0.577397500021184,0,-0.00202256729491522,NA,0.0491681599234153,0,-0.00912709817355812,0.00271996464210866,0.00436019883367787,0.115125628140704,0,"S5","null",1000,70,0.352588811263852,121.480065766037,0.3,0,0,"none",0,29,0
0.144250828591297,-0.00131403034910998,0.999999997334743,1,0.0116669782383184,NA,0.219138465988584,0,0.000643868651565753,NA,0.0365257102949926,0,0.000819318541652885,-0.00342010297171603,0.00286173546755809,0.0720954773869347,0,"S5","null",1000,70,0.352588811263852,177.529281592701,0.3,0,0,"none",0,30,0
0.186715892449566,-0.0046534329683144,0.999999999999945,1,0.0171803732534488,NA,0.263927093712309,0,-0.00011442847060454,NA,0.0325105871380086,0,0.000448720524256981,0.00106256877301789,0.00181556888943453,0.038535175879397,0,"S5","null",1000,70,0.352588811263852,110.917039346265,0.3,0,0,"none",0,31,0
0.166368243875359,0.00283527324311161,0.999999999906924,1,-0.0427863906226472,NA,0.618242676254876,0,-0.00252032956199057,NA,0.0559889917560565,0,-0.00387142245810986,-0.0034757358893266,0.00422234975057022,0.0843115577889447,0,"S5","null",1000,70,0.352588811263852,153.885024525346,0.3,0,0,"none",0,32,0
0.171570737012343,0.0103516037540568,0.999999999883153,1,-0.00628887956723574,NA,0.0969469005255915,0,-0.000115448733187878,NA,0.0325142626201973,0,-0.00170105792486395,-0.000163347966689368,0.00224990529274337,0.0417060301507538,0,"S5","null",1000,70,0.352588811263852,125.372667680671,0.3,0,0,"none",0,33,0
0.167685627211569,0.0124757211986767,0.999999999978726,1,0.0464048111981796,NA,0.684189929320478,0,0.00231727481199491,NA,0.0551478663358453,0,0.0252496286731118,0.0281951406952943,0.0128244621896369,0.373304020100503,0,"S5","null",1000,70,0.352588811263852,150.662647118795,0.3,0,0,"none",0,34,0
0.208184892504935,-0.00798905688785517,1,1,0.082976776504887,NA,0.913862336141726,0,0.00324650966061773,NA,0.0624255706534453,0,0.0855247970678683,-0.0601934045373193,0.0140829564430716,0.770603015075377,1,"S5","null",1000,70,0.352588811263852,137.09815743783,0.3,0,0,"none",0,35,0
0.187279218014003,-0.00403175082938871,0.99999999999995,1,-0.00601177630143444,NA,0.0967589869909182,0,0.000339545697900347,NA,0.0332593402951591,0,-0.000254946822899759,0.0018405676995779,0.00237414539901648,0.0474472361809045,0,"S5","null",1000,70,0.352588811263852,130.428397183192,0.3,0,0,"none",0,36,0
0.140198395909415,0.0220469710465542,0.999999992307323,1,-0.0759003003952528,NA,0.864289804491494,0,-0.0124062641123444,NA,0.152442852739135,0,-0.0320642067408284,0.00798753306508847,0.00967719402473424,0.289309045226131,0,"S5","null",1000,70,0.352588811263852,106.963702171984,0.3,0,0,"none",0,37,0
0.193323383625725,-0.0183203914756169,0.999999999999998,1,0.048541296710578,NA,0.698595806787957,0,0.0025631549374437,NA,0.0571856126547206,0,0.00301834804100093,0.00251808475901044,0.00284125820501518,0.065178391959799,0,"S5","null",1000,70,0.352588811263852,152.819850101393,0.3,0,0,"none",0,38,0
0.196272791569391,-0.013285240576766,1,1,0.0404486783462906,NA,0.619983961263136,0,0.00415762375287285,NA,0.0789000400967613,0,0.00149476143806292,-0.00658359974109354,0.0048893157900022,0.116298994974874,0,"S5","null",1000,70,0.352588811263852,141.013485489444,0.3,0,0,"none",0,39,0
0.18545756804238,-0.0189683268374347,0.999999999999914,1,0.00448735319824588,NA,0.0719422092526212,0,0.000644734768138194,NA,0.0353081434843531,0,3.04851915770455e-06,0.00021479575602671,0.00203271760338763,0.0350979899497487,0,"S5","null",1000,70,0.352588811263852,117.080450962094,0.3,0,0,"none",0,40,0
0.158458691255824,0.012490117114392,0.99999999998095,1,0.00996240592528907,NA,0.174983847220793,0,-0.000538435440001895,NA,0.0349023322162766,0,-0.000392289146097782,0.00121124058612314,0.0017719557158391,0.0421130653266332,0,"S5","null",1000,70,0.352588811263852,145.874868743086,0.3,0,0,"none",0,41,0
0.173693202911409,-0.00745258956635261,0.999999999982674,1,0.0262248042375914,NA,0.40845770667562,0,0.00154989200536591,NA,0.0455531132899386,0,0.000652624730494773,3.61576007198552e-05,0.00219114559684709,0.0371582914572864,0,"S5","null",1000,70,0.352588811263852,134.15540196137,0.3,0,0,"none",0,42,0
0.130365554089726,0.0172104027874398,0.999999769937038,1,-0.0539309937915489,NA,0.719701792677864,0,-0.00180118959733434,NA,0.0463766772368114,0,-0.0357444880394661,-0.0496021494846808,0.0162380095636584,0.557,1,"S5","null",1000,70,0.352588811263852,126.705965821525,0.3,0,0,"none",0,43,0
0.168787078830634,-0.0131016004607266,0.999999999984126,1,-0.0612990579365249,NA,0.774986149771653,0,-0.00684631366612785,NA,0.0981576034453276,0,-0.0046565648987387,0.000419084769342346,0.00357793143214218,0.0681683417085427,0,"S5","null",1000,70,0.352588811263852,120.436011275245,0.3,0,0,"none",0,44,0
0.144346727556687,0.0216776204792443,0.99999999014582,1,-0.0601908849055419,NA,0.777541110584445,0,-0.00539415119474618,NA,0.0866700534186026,0,-0.0130217794870627,-0.00117258103003573,0.00527543764052563,0.14179648241206,0,"S5","null",1000,70,0.352588811263852,126.652361975728,0.3,0,0,"none",0,45,0
0.200249578014353,0.0173052822392046,0.999999999999987,1,0.0541644645539234,NA,0.707763478919812,0,0.0012506044418798,NA,0.0403411336858507,0,0.00723834945405988,0.00754128689224931,0.00608823641409155,0.128324120603015,0,"S5","null",1000,70,0.352588811263852,130.138090813505,0.3,0,0,"none",0,46,0
0.172233259765262,-0.0200067750960883,0.999999999997943,1,0.0354965002909602,NA,0.540693247964266,0,0.000386368908982006,NA,0.0335054852930642,0,0.00457211368441505,-0.00129280016688071,0.00313497605341362,0.0712763819095477,0,"S5","null",1000,70,0.352588811263852,132.172106708482,0.3,0,0,"none",0,47,0
0.215652910228223,0.00563660040502966,1,1,0.0345091848420177,NA,0.492178335792993,0,0.00147794824628811,NA,0.0427850171582656,0,0.00161407356967154,-0.000664684462466695,0.0017211588286594,0.041713567839196,0,"S5","null",1000,70,0.352588811263852,117.656891875704,0.3,0,0,"none",0,48,0
0.132926733157566,0.0219277431236623,0.999999980854201,1,-0.0290281289376019,NA,0.467713039075452,0,-0.00121932520533078,NA,0.0418439404978748,0,-0.00106820507501458,-5.73924449588627e-05,0.00203052278735189,0.037678391959799,0,"S5","null",1000,70,0.352588811263852,129.23088924831,0.3,0,0,"none",0,49,0
0.14562173196595,-0.0172229079362338,0.99999999688609,1,0.0343425338853017,NA,0.544869393375176,0,0.00241473287357526,NA,0.0569404507991679,0,0.0260459537187009,-0.0401091580010991,0.0169116460890082,0.508570351758794,1,"S5","null",1000,70,0.352588811263852,155.05283474484,0.3,0,0,"none",0,50,0
0.163869395257598,0.00268382075450628,0.999999999969754,1,0.00585176103827083,NA,0.102249070969142,0,0.00127685676353883,NA,0.0428923285652359,0,0.0318876445246608,-0.0855866498689751,0.0162292007617867,0.831557788944724,1,"S5","null",1000,70,0.352588811263852,159.047698717162,0.3,0,0,"none",0,51,0
0.1433594764187,0.0118426217127679,0.999999975738837,1,-0.051845030847649,NA,0.713815164354249,0,-0.00723129309703654,NA,0.103453345020443,0,-0.00220572296947466,-0.000106862867800936,0.00218018184777846,0.0482336683417085,0,"S5","null",1000,70,0.352588811263852,136.395047556791,0.3,0,0,"none",0,52,0
0.156425443501429,-0.00401173140684524,0.999999999962346,1,0.00802198816618618,NA,0.147670425363113,0,-2.40977900300963e-05,NA,0.0324218671401705,0,-0.000727195728388876,0.00159471705773404,0.00185278128962371,0.0507562814070352,0,"S5","null",1000,70,0.352588811263852,159.283251085533,0.3,0,0,"none",0,53,0
0.164514185366468,0.0249896123864458,0.99999999999475,1,-0.00672342135517739,NA,0.110343933329875,0,-0.000280472812796736,NA,0.0330951056635515,0,-0.000681200990776869,6.41333297981845e-05,0.00149369868421871,0.0375854271356784,0,"S5","null",1000,70,0.352588811263852,127.117105292449,0.3,0,0,"none",0,54,0
0.169079911165705,-0.0133614155963322,0.999999999995097,1,0.0490989202452038,NA,0.678429966338922,0,0.00433613522052309,NA,0.0746921784841519,0,0.00892585965798212,0.0022486965639243,0.00493896078370356,0.117291457286432,0,"S5","null",1000,70,0.352588811263852,125.198094772529,0.3,0,0,"none",0,55,0
0.169158851961016,0.0302820738523053,0.999999999999949,1,0.0536063250571675,NA,0.752168075562881,0,0.00301783584441364,NA,0.0626504885612341,0,0.00289481015649241,-0.00146620637027786,0.00311028825258464,0.0614221105527638,0,"S5","null",1000,70,0.352588811263852,145.630327284104,0.3,0,0,"none",0,56,0
0.180543328867264,-0.00448011777281718,0.999999999999551,1,0.00522329894974101,NA,0.0879353298364546,0,-0.000135859517473373,NA,0.0325586333412187,0,-0.00307141796986466,0.0181919398290363,0.00946091738288021,0.25055527638191,0,"S5","null",1000,70,0.352588811263852,131.126326005359,0.3,0,0,"none",0,57,0
0.155308729036587,0.00337965151117367,0.999999999872005,1,-0.0262450776886943,NA,0.443920425372331,0,-0.00296736930377522,NA,0.0625205502001058,0,-0.00117895886445828,0.000467165025424932,0.00150708567044772,0.0414773869346734,0,"S5","null",1000,70,0.352588811263852,154.226959261806,0.3,0,0,"none",0,58,0
0.176255420922029,-0.00923651616025416,0.999999999999927,1,0.0325513346176814,NA,0.508962081444755,0,0.000785266496946036,NA,0.0368456561577696,0,0.000805892586721798,-0.00158107828300619,0.00230718538169697,0.0491281407035176,0,"S5","null",1000,70,0.352588811263852,132.25542481689,0.3,0,0,"none",0,59,0
0.139858492714977,-0.00905330023288507,0.999999953894443,1,-0.0374895907630832,NA,0.546329118323787,0,-0.00123015576920783,NA,0.0410780437334726,0,-0.0122313438581928,-0.0105338466573481,0.00812061162801168,0.17756783919598,0,"S5","null",1000,70,0.352588811263852,125.659607807303,0.3,0,0,"none",0,60,0
0.133261540649952,0.0140498956437134,0.999999976931298,1,0.00733443005190484,NA,0.131214851535644,0,-0.000757417464350937,NA,0.0370980275223347,0,0.000654807296412245,0.000277190087046168,0.00145256339562573,0.0372361809045226,0,"S5","null",1000,70,0.352588811263852,145.894394029688,0.3,0,0,"none",0,61,0
0.170906933683871,0.0115596338186689,0.999999999994798,1,-0.0231639611601186,NA,0.353815555055163,0,-0.00353606347043144,NA,0.0662460712931505,0,-0.00347520792635802,-0.000834710017712248,0.00243107976878427,0.0616155778894472,0,"S5","null",1000,70,0.352588811263852,126.477144128095,0.3,0,0,"none",0,62,0
0.138082873007362,0.0186444675489621,0.99999999044397,1,-0.035266749080421,NA,0.526725010815041,0,-0.00137319155849282,NA,0.0426832505354734,0,-0.0076856650384101,0.000241513751382714,0.00395224328924017,0.0959447236180904,0,"S5","null",1000,70,0.352588811263852,136.984708975445,0.3,0,0,"none",0,63,0
0.149350238847765,-0.0128955912475039,0.999999998485671,1,-0.0794742483268292,NA,0.880119695187584,0,-0.00176541742207841,NA,0.0470009240677666,0,-0.032494086419893,0.00722160380650964,0.0136477591947156,0.290427135678392,0,"S5","null",1000,70,0.352588811263852,118.97243660402,0.3,0,0,"none",0,64,0
0.194266153237522,0.0152836700107665,1,1,0.0853470954576039,NA,0.9387542444979,0,0.0257215808177322,NA,0.294651917845083,0,0.0897734375408084,-0.0143915418686974,0.020960696476277,0.677449748743719,1,"S5","null",1000,70,0.352588811263852,153.212545624111,0.3,0,0,"none",0,65,0
0.180811805597234,-0.00362167993564872,0.9999999999976,1,0.0185095973206444,NA,0.296863574014306,0,0.00155054055646354,NA,0.0453218271974276,0,0.00187381221160229,0.000581901594804688,0.00231753368535011,0.0473266331658291,0,"S5","null",1000,70,0.352588811263852,139.142658025948,0.3,0,0,"none",0,66,0
0.105832980947022,-0.0164509088153794,0.999943766965395,1,-0.0256895850553682,NA,0.41832218867313,0,-0.000340160778526219,NA,0.0334627206526233,0,-0.00213959128254445,-0.00387507384930196,0.00288880133362906,0.0790226130653266,0,"S5","null",1000,70,0.352588811263852,150.325293427618,0.3,0,0,"none",0,67,0
0.145737149213721,-0.00101919677964655,0.999999997367649,1,0.000959933395971114,NA,0.0165281885715658,0,0.000309185683964491,NA,0.0332770603028947,0,-0.000193667608072641,-0.000308315619878142,0.00165444910258411,0.0351306532663317,0,"S5","null",1000,70,0.352588811263852,135.705967931249,0.3,0,0,"none",0,68,0
0.165274330187809,0.00833940327868827,0.999999999987194,1,-0.00315071135089462,NA,0.0539014897284023,0,-0.00139408824008889,NA,0.0433563259686925,0,0.000947744799242837,0.000542724818480435,0.00179528892766199,0.0352286432160804,0,"S5","null",1000,70,0.352588811263852,145.27679752158,0.3,0,0,"none",0,69,0
0.184128452264506,0.0164225769195491,0.999999999999967,1,0.0560732529077414,NA,0.754299974745388,0,0.00433605079170366,NA,0.0772619328761279,0,0.00165288067328237,0.00100859880724609,0.0024625860010776,0.047108040201005,0,"S5","null",1000,70,0.352588811263852,129.931900210743,0.3,0,0,"none",0,70,0
0.130956731218596,0.00294947585209757,0.999999620722152,1,-0.0137529305241619,NA,0.224642867444116,0,-3.09829956442519e-05,NA,0.0324237992988387,0,-0.000957919529223115,0.000357306132867394,0.0018327123086422,0.0395175879396985,0,"S5","null",1000,70,0.352588811263852,136.581763285033,0.3,0,0,"none",0,71,0
0.179811027073785,0.0227545026792684,0.999999999998425,1,-0.00958874463063322,NA,0.142795911633759,0,-0.0014831948142692,NA,0.0421526137075506,0,-0.00167065968305777,0.00683822383555384,0.00523731391750167,0.101695979899497,0,"S5","null",1000,70,0.352588811263852,124.502801847909,0.3,0,0,"none",0,72,0
0.145946570335393,0.00046709237959248,0.999999995306782,1,-0.0243306061680427,NA,0.407524764866093,0,-0.00233607985109148,NA,0.0550727309086267,0,-0.0018436192298637,-0.000806589954990584,0.00255185612074081,0.0476884422110553,0,"S5","null",1000,70,0.352588811263852,159.660507572259,0.3,0,0,"none",0,73,0
0.182389574789111,0.000894668807407522,0.999999999999666,1,0.0442835565161488,NA,0.643039634757715,0,0.0013532635859383,NA,0.0421739495705281,0,0.00400770000785995,0.000582973472300277,0.00302459223939014,0.0626105527638191,0,"S5","null",1000,70,0.352588811263852,131.410802382681,0.3,0,0,"none",0,74,0
0.145159339809809,-0.00402032969096484,0.999999904458871,1,-0.0763105380104847,NA,0.853579717046139,0,-0.013557968262284,NA,0.15910104570091,0,-0.0180183318977633,0.00729320970900129,0.00922077637962353,0.192741206030151,0,"S5","null",1000,70,0.352588811263852,123.84591651633,0.3,0,0,"none",0,75,0
0.17955882152228,-0.0118090889478602,0.9999999999925,1,0.0101580958048402,NA,0.158350333778518,0,0.000474114681742939,NA,0.0340728406055763,0,-0.000230868727015951,0.00889163581478007,0.00605777512850997,0.125907035175879,0,"S5","null",1000,70,0.352588811263852,129.640042010452,0.3,0,0,"none",0,76,0
0.132257023403385,0.0250146851217087,0.999999938481681,1,-0.0320717822538184,NA,0.494701908976182,0,-0.00190237655424664,NA,0.0491332008903454,0,-0.00223899164232844,0.00179945679398282,0.00303362716535351,0.0557989949748744,0,"S5","null",1000,70,0.352588811263852,144.757874274811,0.3,0,0,"none",0,77,0
0.144774635902166,0.0054598846590218,0.999999974085247,1,0.0113311688589969,NA,0.182518469848834,0,0.00177027200969241,NA,0.0470012870064368,0,0.00312174211808264,0.001457308361797,0.00273246772008648,0.0608668341708543,0,"S5","null",1000,70,0.352588811263852,146.078293257948,0.3,0,0,"none",0,78,0
0.157001146007644,0.00609010306422551,0.999999999338655,1,-0.0356157791542515,NA,0.511431049703268,0,-0.00231894354436066,NA,0.051276285978641,0,-0.0253465375881795,0.0420922773063753,0.0121608298147795,0.408708542713568,0,"S5","null",1000,70,0.352588811263852,116.235530054907,0.3,0,0,"none",0,79,0
0.204814975164294,0.00390894127157507,1,1,0.0586151487877121,NA,0.805521891523234,0,0.00490409049412934,NA,0.0855589972703526,0,0.0442136936370343,0.0296760706256767,0.0150223441790462,0.484286432160804,0,"S5","null",1000,70,0.352588811263852,133.080993166348,0.3,0,0,"none",0,80,0
0.15120259810103,0.00533268838873012,0.999999998929395,1,0.0443880874558167,NA,0.671967520251118,0,0.00148365905719485,NA,0.0449217204861812,0,0.000937948044889863,-0.000137454052851069,0.0018851987886793,0.0380929648241206,0,"S5","null",1000,70,0.352588811263852,148.348684728214,0.3,0,0,"none",0,81,0
0.178020933772993,-0.00288532975601296,0.999999999999895,1,0.0259095092871572,NA,0.403174591772241,0,0.00248641246348324,NA,0.0559553068224325,0,-0.000855771201338467,0.00625033168899667,0.00400100843279737,0.0933793969849246,0,"S5","null",1000,70,0.352588811263852,113.425598569148,0.3,0,0,"none",0,82,0
0.168123050041365,0.0260799904370424,0.999999999994268,1,-0.0484758515151386,NA,0.676539262543951,0,-0.00194682585986306,NA,0.0487422756226638,0,-0.00376212535313066,-0.000959789218694998,0.00289997743438506,0.0655502512562814,0,"S5","null",1000,70,0.352588811263852,135.119943910799,0.3,0,0,"none",0,83,0
0.131239971789227,0.0058578237309773,0.99999964928136,1,-0.0354654937636958,NA,0.547438674293295,0,-0.00121605168690452,NA,0.0411212898945368,0,-0.000957301605425229,0.000687001058866889,0.0019632396813333,0.0399798994974874,0,"S5","null",1000,70,0.352588811263852,143.712400615181,0.3,0,0,"none",0,84,0
0.210576254793876,-0.000763367461736789,1,1,0.0868155345570465,NA,0.930752751346426,0,0.0150306577043235,NA,0.182921325007685,0,0.0476279776200332,9.67151494751623e-05,0.0165504917634092,0.402763819095477,0,"S5","null",1000,70,0.352588811263852,121.661796454003,0.3,0,0,"none",0,85,0
0.184232899677896,2.31531351746048e-05,0.999999999999832,1,0.0509345675543054,NA,0.708638725877175,0,0.00093017458409527,NA,0.037961975787222,0,0.00183726390535512,-0.00213821221088627,0.00285459387643297,0.0565402010050251,0,"S5","null",1000,70,0.352588811263852,152.687937884702,0.3,0,0,"none",0,86,0
0.160599750173592,0.00808667973069309,0.999999999959004,1,-0.0282452761944981,NA,0.44910522333374,0,-0.00075657860289149,NA,0.0365423298753707,0,-0.0230642487968771,0.0152038065008644,0.0101378785296991,0.27427135678392,0,"S5","null",1000,70,0.352588811263852,136.503447818294,0.3,0,0,"none",0,87,0
0.144561853591355,-0.00100553007991853,0.999999994770608,1,-0.0314186092123108,NA,0.487752498742218,0,-0.000478374104047387,NA,0.0342480182114186,0,-0.00219836824791865,-0.000814690900520784,0.00259448116428018,0.0494673366834171,0,"S5","null",1000,70,0.352588811263852,123.33001019189,0.3,0,0,"none",0,88,0
0.14830579904888,-0.00856264729966602,0.999999997323879,1,0.00041831964868641,NA,0.00682396504691507,0,-0.000409813581884139,NA,0.0336779528031858,0,0.000637637910026134,0.00149601983599031,0.00192390058871963,0.0467035175879397,0,"S5","null",1000,70,0.352588811263852,134.061257667562,0.3,0,0,"none",0,89,0
0.16743962325468,-0.0219792082240136,0.999999999986497,1,0.0244927315867924,NA,0.373442029673699,0,-0.000202762974211195,NA,0.0327100663550269,0,0.00435807611526583,-0.0048763532943705,0.00428716784768301,0.0916633165829146,0,"S5","null",1000,70,0.352588811263852,125.841871103592,0.3,0,0,"none",0,90,0
0.125823641091284,0.00357630302642321,0.999999661657336,1,-0.0672836855286547,NA,0.805624858066177,0,-0.00531870399693151,NA,0.0844667832975631,0,-0.0299629247931266,-0.0100126214626454,0.0109816879416697,0.285253768844221,0,"S5","null",1000,70,0.352588811263852,114.090043930539,0.3,0,0,"none",0,91,0
0.11497094513536,0.0174724078233751,0.99999863090235,1,-0.0519929171055989,NA,0.742267878163252,0,-0.00284286606204415,NA,0.0605323776589321,0,-0.00878163268810125,-0.00971410847497338,0.00843805694267812,0.166967336683417,0,"S5","null",1000,70,0.352588811263852,142.077935434185,0.3,0,0,"none",0,92,0
0.157561344276267,0.00272353770378265,0.999999999216254,1,-0.0146931915888033,NA,0.223128953278889,0,4.41827489407036e-05,NA,0.0324293550061242,0,-0.0103639702894502,-0.00493315775293926,0.00634482573680099,0.130959798994975,0,"S5","null",1000,70,0.352588811263852,125.898763114125,0.3,0,0,"none",0,93,0
0.165878736472428,0.00475090277435503,0.999999999996735,1,0.0303685899874556,NA,0.485442535903436,0,0.00072828536783394,NA,0.0364320612483985,0,0.00567821229445046,-0.000163567873629779,0.00382316704735756,0.0809698492462312,0,"S5","null",1000,70,0.352588811263852,136.067038471899,0.3,0,0,"none",0,94,0
0.198158086049571,-0.00992661903397202,1,1,0.0151091362758772,NA,0.249091969711153,0,-0.000408865919313504,NA,0.0336731043389132,0,-0.00612333230125308,-0.0531286591448836,0.0183315049452894,0.511042713567839,1,"S5","null",1000,70,0.352588811263852,136.968765090858,0.3,0,0,"none",0,95,0
0.144599133336527,0.0304366012750661,0.999999999789485,1,-0.0228064258286334,NA,0.384273205627681,0,-0.000376920234946486,NA,0.0337388578740471,0,-0.00380643154951849,0.00484303946974496,0.00397968146949619,0.102693467336683,0,"S5","null",1000,70,0.352588811263852,133.137707920747,0.3,0,0,"none",0,96,0
0.12642335508154,-0.0100548264753202,0.999999591676885,1,-0.019178361270844,NA,0.317056562636142,0,1.62026145561144e-05,NA,0.0324177212080612,0,-0.00357459613585945,-0.00644041352052866,0.00434660138360495,0.108874371859296,0,"S5","null",1000,70,0.352588811263852,140.320349135137,0.3,0,0,"none",0,97,0
0.16438993805795,-0.0116842182944451,0.999999999979009,1,0.0273188428462438,NA,0.443212784383604,0,0.000796874415464216,NA,0.0371929532766049,0,0.00187496497922444,-0.000841813825498985,0.00222334200466607,0.0492613065326633,0,"S5","null",1000,70,0.352588811263852,144.270851973639,0.3,0,0,"none",0,98,0
0.139792280217829,-0.0123863864484914,0.999999954535921,1,0.00969056466425727,NA,0.15848467672311,0,-0.000229570084032541,NA,0.0328341089369555,0,0.00190061957853115,-0.00691190809458345,0.004881456139842,0.107138190954774,0,"S5","null",1000,70,0.352588811263852,135.506041377093,0.3,0,0,"none",0,99,0
0.200063280204254,-0.0238030436825957,1,1,0.0335396392812716,NA,0.520940066657843,0,0.00171373129960555,NA,0.0471422917816446,0,-0.000285147951698238,0.00068443345456151,0.001704454693518,0.0371658291457286,0,"S5","null",1000,70,0.352588811263852,143.10420411121,0.3,0,0,"none",0,100,0
0.163845155343056,0.00133619460758892,0.999999999999745,1,0.0332705419107285,NA,0.604570374636455,0,0.00092745345496502,NA,0.0429580091976639,0,0.00222335359261342,-0.00415206401644772,0.00536524587737992,0.10005527638191,0,"S5","null",1000,70,0.352588811263852,197.696008257366,0.6,0,0,"none",0,1,0
0.126008620042677,0.0044899735428903,0.999999962965482,1,-0.000762616396223277,NA,0.0166375961899898,0,-0.000148481313385171,NA,0.0329425075804843,0,-2.23465447776792e-06,0.00249819169498664,0.00244483593518442,0.0673467336683417,0,"S5","null",1000,70,0.352588811263852,218.858266504202,0.6,0,0,"none",0,2,0
0.154333850173917,-0.001200866594012,0.999999999995598,1,0.0334431619592127,NA,0.639392389050235,0,0.00652322004318548,NA,0.142326145535589,0,0.0174345503390696,0.00539455256524529,0.00927446356536603,0.244763819095477,0,"S5","null",1000,70,0.352588811263852,221.563858315835,0.6,0,0,"none",0,3,0
0.136469888151712,-0.00130742686477473,0.9999999974358,1,0.0145234264037807,NA,0.294112158242039,0,5.05763214278333e-05,NA,0.0324685411113316,0,0.000541303744594452,-0.000682208983363915,0.00187786782715639,0.0404497487437186,0,"S5","null",1000,70,0.352588811263852,203.910688156322,0.6,0,0,"none",0,4,0
0.162332729801204,-0.00692475676963228,0.999999999999879,1,0.0457740803676443,NA,0.760525809365721,0,0.0039294848640391,NA,0.0956309665461588,0,0.00871796554064723,0.00349683271855402,0.00478587661548648,0.13477135678392,0,"S5","null",1000,70,0.352588811263852,211.945231705839,0.6,0,0,"none",0,5,0
0.172293323633997,0.0091421785634585,0.999999999999999,1,0.0365931520607054,NA,0.68056142855773,0,0.00135279118263658,NA,0.0514604525492686,0,0.00334914051788509,0.000509540821634968,0.00263094063755614,0.0658768844221106,0,"S5","null",1000,70,0.352588811263852,229.767748177911,0.6,0,0,"none",0,6,0
0.133881729006109,0.00291147876045324,0.999999999802827,1,0.0241832558157696,NA,0.507645250714926,0,0.00019335340702269,NA,0.0332767683672614,0,0.00453588707098982,-0.00365177453310144,0.00337437226036464,0.111193467336683,0,"S5","null",1000,70,0.352588811263852,249.782475373436,0.6,0,0,"none",0,7,0
0.152859750918547,-0.00571108991650906,0.999999999983022,1,0.0093513461476072,NA,0.185407655766067,0,0.000634152549367102,NA,0.0383677098310953,0,0.000325378108379844,0.0178919815484775,0.0119742613630916,0.292625628140704,0,"S5","null",1000,70,0.352588811263852,209.935424675464,0.6,0,0,"none",0,8,0
0.105298678496518,0.00937063315892236,0.999996995944673,1,-0.00755967523716001,NA,0.161441017182517,0,-0.000201710464279227,NA,0.0332571909859477,0,0.000410651863468279,-0.00052289164494237,0.00175780656918327,0.0398291457286432,0,"S5","null",1000,70,0.352588811263852,258.983504288314,0.6,0,0,"none",0,9,0
0.146276507626844,0.00175614918354808,0.999999999986029,1,0.043217445864826,NA,0.755586335186578,0,0.0142400956580908,NA,0.254792426870204,0,0.00581858493402371,-0.00303512935282548,0.00377068071961552,0.108979899497487,0,"S5","null",1000,70,0.352588811263852,207.640057372477,0.6,0,0,"none",0,10,0
0.114103102470398,0.011379076533489,0.999999891247094,1,-0.0337018864564117,NA,0.63101953147873,0,-0.00111468714054257,NA,0.0485487201049931,0,-0.00315425622188912,0.00364448853727832,0.00374940792456999,0.0987211055276382,0,"S5","null",1000,70,0.352588811263852,211.13519461312,0.6,0,0,"none",0,11,0
0.127689514449569,0.00428856235565993,0.999999974308833,1,-0.0150993191565357,NA,0.298728864489943,0,-0.000134493598431776,NA,0.032770399615564,0,-0.000708536918687697,-1.683746727072e-05,0.00168404644462475,0.0344899497487437,0,"S5","null",1000,70,0.352588811263852,209.549721974945,0.6,0,0,"none",0,12,0
0.14529111576299,-0.00506664896603839,0.999999999447823,1,-0.0226743383716792,NA,0.433827276629416,0,-0.00082033362225857,NA,0.0413939342900526,0,-0.00197539808281929,0.00153217678078194,0.00264684544012669,0.0596934673366834,0,"S5","null",1000,70,0.352588811263852,207.782141272904,0.6,0,0,"none",0,13,0
0.136687829644475,-0.000254356391715218,0.999999999301254,1,0.0222646516766058,NA,0.453144446186172,0,0.000673719001802579,NA,0.0396597839670313,0,0.0010791497139086,-0.0021184475569065,0.00266953898502829,0.0649773869346734,0,"S5","null",1000,70,0.352588811263852,241.070785469367,0.6,0,0,"none",0,14,0
0.138549512839747,0.00739053376127235,0.999999999473866,1,-0.013256839420852,NA,0.260555592445673,0,-0.000215992138766906,NA,0.0332403651535787,0,-0.0041007733987808,0.00370234755114573,0.00399109219260536,0.10235175879397,0,"S5","null",1000,70,0.352588811263852,188.551125102582,0.6,0,0,"none",0,15,0
0.125921733470116,-0.000819776085981053,0.999999803697064,1,-0.0634510230740635,NA,0.867577828908706,0,-0.0223654283285348,NA,0.32577152091375,0,-0.0570979820921029,-0.00387629422323577,0.0191344525638032,0.514733668341709,1,"S5","null",1000,70,0.352588811263852,192.060946594938,0.6,0,0,"none",0,16,0
0.167848527685247,-0.000579476869771828,0.999999999999923,1,0.0264577863123226,NA,0.50405932514404,0,0.00515693592610607,NA,0.116642245369657,0,0.00512978965894248,0.00339643940774995,0.00388004828096819,0.112954773869347,0,"S5","null",1000,70,0.352588811263852,205.822710174036,0.6,0,0,"none",0,17,0
0.1254218663336,-0.010455715615563,0.999999954591905,1,-0.0119083399938932,NA,0.243842981611675,0,-6.78644592317808e-05,NA,0.0325102669648776,0,0.00449080431156721,-0.0175767652205262,0.0110888426157449,0.303065326633166,0,"S5","null",1000,70,0.352588811263852,215.302486185148,0.6,0,0,"none",0,18,0
0.122200602283516,-0.0117045215740465,0.999999966823532,1,-0.00412860754492721,NA,0.0839963999070866,0,-0.00114828661094249,NA,0.0470802594545325,0,-3.75033535308173e-05,-0.000767566320237736,0.0017867189838542,0.0385427135678392,0,"S5","null",1000,70,0.352588811263852,207.466072343301,0.6,0,0,"none",0,19,0
0.15839307895083,0.00225678275337719,0.999999999999658,1,0.0136647695324023,NA,0.281898339076488,0,0.000396746802144767,NA,0.0355355560683647,0,0.000219886496034675,0.000787038672953999,0.00194365280676136,0.0394849246231156,0,"S5","null",1000,70,0.352588811263852,204.438659853235,0.6,0,0,"none",0,20,0
0.108436039296515,0.00138136225279054,0.999996400265285,1,-0.0521669577864205,NA,0.817275585567854,0,-0.00754196663365919,NA,0.147056012525402,0,-0.00654148281798871,0.00184893660606947,0.00444435362195383,0.108108040201005,0,"S5","null",1000,70,0.352588811263852,191.417730494011,0.6,0,0,"none",0,21,0
0.112853684820537,0.00442058186088731,0.999999482876698,1,0.0283978251526803,NA,0.555630032838816,0,0.00125918188441427,NA,0.0513128148196154,0,0.00250668990568215,0.00210943482173265,0.00278618164195299,0.0734522613065327,0,"S5","null",1000,70,0.352588811263852,218.757058208916,0.6,0,0,"none",0,22,0
0.129025832236639,-0.0108989178273445,0.999999995757999,1,0.00607687715616227,NA,0.120719820516704,0,5.20704117988587e-05,NA,0.0324622591377315,0,0.00291961080470337,-0.00141359756044383,0.00299689525070935,0.0701834170854271,0,"S5","null",1000,70,0.352588811263852,192.118350530977,0.6,0,0,"none",0,23,0
0.13614177197861,-0.0132125884895467,0.999999999497282,1,0.00104719826719626,NA,0.0219376248494463,0,0.000458798218489953,NA,0.0361551648870896,0,-0.000451767476427285,-0.000582540148701185,0.00195972737942076,0.0394874371859296,0,"S5","null",1000,70,0.352588811263852,211.690629336953,0.6,0,0,"none",0,24,0
0.121033956072628,0.0114845616669105,0.999999943186672,1,0.0232941590648884,NA,0.465957380594712,0,-1.78400503531333e-05,NA,0.0324214417678479,0,0.00600317838307751,-0.00612086737373786,0.00722325024726132,0.15663567839196,0,"S5","null",1000,70,0.352588811263852,209.06458700095,0.6,0,0,"none",0,25,0
0.128587852329052,0.00535333813239863,0.999999984564015,1,-0.00598994644152361,NA,0.122646912035546,0,0.000266107159243822,NA,0.0337838727182018,0,0.00125397674247769,-0.000310194826365807,0.00161360431089622,0.0417989949748744,0,"S5","null",1000,70,0.352588811263852,211.463477152268,0.6,0,0,"none",0,26,0
0.123986048215973,-0.00306432221048102,0.999999891052341,1,-0.0192284318173644,NA,0.387460707296947,0,-0.00019498555647897,NA,0.033231273366305,0,0.000254310863227921,-0.000606176550147827,0.00157237310343222,0.0375577889447236,0,"S5","null",1000,70,0.352588811263852,229.176818979484,0.6,0,0,"none",0,27,0
0.125883812531171,-0.0138538243784664,0.999999995759879,1,0.0310265419089435,NA,0.617918744829036,0,0.0034385652686008,NA,0.0943236974158665,0,0.0100251159097402,-0.00343224898624453,0.0057236644034575,0.156334170854271,0,"S5","null",1000,70,0.352588811263852,262.882806230769,0.6,0,0,"none",0,28,0
0.157426835266498,0.00672800568873085,0.999999999999816,1,0.0307346821388522,NA,0.602658611294856,0,0.00103799239355281,NA,0.0462271876477731,0,0.00080286045522218,0.000808639011039308,0.00201163720367425,0.045537688442211,0,"S5","null",1000,70,0.352588811263852,233.23327736641,0.6,0,0,"none",0,29,0
0.0969674304600275,-0.0107693032595203,0.999985001735645,1,-0.032771274464667,NA,0.640092468674641,0,-0.00100016001984498,NA,0.0464931915152207,0,-0.0111594134055692,-0.00393601812212262,0.00890716770491423,0.178085427135678,0,"S5","null",1000,70,0.352588811263852,214.974638385609,0.6,0,0,"none",0,30,0
0.14444655170109,-0.00730305035190981,0.99999999977244,1,0.00958910778295982,NA,0.200462539576813,0,0.000339380838256117,NA,0.0345057344962591,0,0.00122555642760467,0.00301897268708188,0.00478359555720314,0.0839447236180905,0,"S5","null",1000,70,0.352588811263852,225.992209443048,0.6,0,0,"none",0,31,0
0.113282611778606,-0.00920503081746312,0.999999787408744,1,-0.00682323941358394,NA,0.143746709844784,0,-0.000907073928777531,NA,0.0441951786058196,0,0.000349176800104279,0.000622937145828277,0.00156787310583268,0.0368467336683417,0,"S5","null",1000,70,0.352588811263852,196.60664745269,0.6,0,0,"none",0,32,0
0.121991039449595,0.00214890752619816,0.999999636644343,1,-0.0212075207517283,NA,0.420291726297601,0,-0.00153342917872653,NA,0.054683638672085,0,-0.00121427263302629,-0.00718013732297863,0.00735179820025233,0.14379648241206,0,"S5","null",1000,70,0.352588811263852,221.66353715689,0.6,0,0,"none",0,33,0
0.151248227798166,0.000657534937521559,0.999999999966921,1,0.0111425750194116,NA,0.228514128790926,0,0.000173806777935586,NA,0.0330059585540057,0,0.000257292884719577,-0.000342087061632862,0.00162834399243035,0.0347613065326633,0,"S5","null",1000,70,0.352588811263852,205.932063206954,0.6,0,0,"none",0,34,0
0.124200062525212,-0.005444320348598,0.999999946895885,1,0.00103303270734128,NA,0.0210837820313653,0,-0.000393791444514855,NA,0.0350757912842522,0,0.00342965251545737,-0.00653938899525301,0.00652583703698509,0.130369346733668,0,"S5","null",1000,70,0.352588811263852,223.817962965312,0.6,0,0,"none",0,35,0
0.123652953368351,0.0103746711532515,0.999999991183382,1,-0.0083829792878577,NA,0.175440794082873,0,8.23987385972404e-05,NA,0.0325596079773299,0,-0.00182937863422067,-0.000339960745745159,0.00239419611648413,0.0463643216080402,0,"S5","null",1000,70,0.352588811263852,204.396505061995,0.6,0,0,"none",0,36,0
0.111016235763657,0.00373747934916633,0.999998896300935,1,-0.0165577000113488,NA,0.35596708191817,0,-0.000585766454411697,NA,0.0384282801815531,0,-0.000305749407625216,1.87284283846211e-05,0.00174406182112878,0.0358618090452261,0,"S5","null",1000,70,0.352588811263852,269.981994873744,0.6,0,0,"none",0,37,0
0.120710147664903,0.00263103251789341,0.999999834422623,1,-0.0345620282982798,NA,0.628727521558243,0,-0.00049202740027732,NA,0.0367179031832766,0,-0.00205590606217693,-0.0033646666735626,0.00442563877657036,0.0898994974874372,0,"S5","null",1000,70,0.352588811263852,222.846861574877,0.6,0,0,"none",0,38,0
0.129087851343175,-0.0152414088411136,0.999999989474254,1,-0.0429794307815262,NA,0.692155744210015,0,-0.000452720596300832,NA,0.0355508191370045,0,-0.00130368873209979,0.000542936117672086,0.00205440170676164,0.0432185929648241,0,"S5","null",1000,70,0.352588811263852,175.963312615216,0.6,0,0,"none",0,39,0
0.135852181042668,0.00577153051413249,0.99999998533268,1,-0.0120828887537424,NA,0.23943386511302,0,0.000217175713623089,NA,0.0333128588865102,0,-0.00204265557848712,0.000325876832931643,0.00199373810119832,0.0489572864321608,0,"S5","null",1000,70,0.352588811263852,202.750364840141,0.6,0,0,"none",0,40,0
0.152844436360236,-0.00882834765051483,0.999999999981763,1,-0.00827089662676291,NA,0.167271688153113,0,0.000330587923320596,NA,0.0345277854187322,0,0.00108247439649816,-0.00110827046488186,0.00240696559906423,0.0447738693467337,0,"S5","null",1000,70,0.352588811263852,208.46224422946,0.6,0,0,"none",0,41,0
0.111284993593389,-0.0157160153989239,0.999999397231066,1,-0.0209239380265139,NA,0.430772702297394,0,-0.000108699451029949,NA,0.0326852582105763,0,-0.0052849463820058,0.00573202575911128,0.00807127733041872,0.153143216080402,0,"S5","null",1000,70,0.352588811263852,229.26777524984,0.6,0,0,"none",0,42,0
0.127976664899888,0.00887162997978809,0.999999981818244,1,-0.00930235013295504,NA,0.202498812787543,0,0.000687930404218073,NA,0.0406256996697246,0,-0.00159903659721953,0.00537546590774694,0.00550228131403257,0.123560301507538,0,"S5","null",1000,70,0.352588811263852,256.866746199159,0.6,0,0,"none",0,43,0
0.142729441702635,0.00534271925069944,0.999999999851483,1,0.0160877694061652,NA,0.3289694513583,0,0.00046264454119165,NA,0.0362144506431205,0,-0.0004474951712243,-0.000538042161078584,0.00132660447013532,0.0361809045226131,0,"S5","null",1000,70,0.352588811263852,224.973520359124,0.6,0,0,"none",0,44,0
0.120756362762673,0.00204763548253275,0.999999915734549,1,-0.00309571423505366,NA,0.0665608415753801,0,-0.0004085163290408,NA,0.0354621793629703,0,0.00013362703491687,-0.000227407670648926,0.0016366566493067,0.0319899497487437,0,"S5","null",1000,70,0.352588811263852,213.69450972092,0.6,0,0,"none",0,45,0
0.134038403162113,0.00201580516524982,0.999999989574517,1,0.0332237214459758,NA,0.597010189079994,0,0.000922368211629479,NA,0.0422817468804924,0,0.00518914074141145,0.000495833471693526,0.00373542865667725,0.0839371859296482,0,"S5","null",1000,70,0.352588811263852,211.630650069168,0.6,0,0,"none",0,46,0
0.113174566932724,0.0186526340884335,0.999999485494134,1,-0.0443332925717561,NA,0.732940470676392,0,-0.00323673817487331,NA,0.0822517260505505,0,-0.00296152487826213,0.000448305502449556,0.00216059051203541,0.060643216080402,0,"S5","null",1000,70,0.352588811263852,210.162189441782,0.6,0,0,"none",0,47,0
0.15997072240811,-0.00330855375886506,0.999999999988455,1,0.0560133320604842,NA,0.838360046380363,0,0.00573538405146536,NA,0.121658313506274,0,0.00526852163519728,0.00144271106222671,0.00423703119070509,0.0915879396984925,0,"S5","null",1000,70,0.352588811263852,206.580392020648,0.6,0,0,"none",0,48,0
0.139838692028191,0.00428075924292227,0.999999999911017,1,0.0291127083822212,NA,0.582613334752453,0,0.000852308483310591,NA,0.0434856348216394,0,0.00127243028278679,0.000820198703567319,0.00232341600145036,0.0458743718592965,0,"S5","null",1000,70,0.352588811263852,245.972215160258,0.6,0,0,"none",0,49,0
0.143814006918713,-0.00561969016717183,0.999999999964404,1,-0.00240839846060843,NA,0.0511812054124425,0,-0.000316441489776068,NA,0.0344227837372807,0,-0.000738105096652921,-0.000156857725457378,0.00234285243648839,0.0373743718592965,0,"S5","null",1000,70,0.352588811263852,215.161338466667,0.6,0,0,"none",0,50,0
0.127186862852914,-0.00457735497097845,0.999999981238447,1,-0.00468793557901357,NA,0.102314313353987,0,-0.000473124707907288,NA,0.0364413771304431,0,-0.0035890775329217,0.0029235883213068,0.00422157745681079,0.100479899497487,0,"S5","null",1000,70,0.352588811263852,225.048321704582,0.6,0,0,"none",0,51,0
0.131396997225409,0.00592424551371612,0.999999979562802,1,-0.0226484847579673,NA,0.424697198331762,0,-0.000789676596965041,NA,0.0404860668050493,0,-0.00643139144160513,0.00678286576034035,0.0058392475742992,0.153977386934673,0,"S5","null",1000,70,0.352588811263852,205.713474072766,0.6,0,0,"none",0,52,0
0.159741033007229,-0.00292071948399203,0.999999999997419,1,0.0210228794671387,NA,0.409205732356272,0,0.000888864036104046,NA,0.0423757172916167,0,0.00123455878229299,-0.000329068226048808,0.0018098910427081,0.0410427135678392,0,"S5","null",1000,70,0.352588811263852,204.589283377846,0.6,0,0,"none",0,53,0
0.142673984305583,0.00548342787432151,0.999999999629904,1,0.00739478787770763,NA,0.155421758452652,0,0.000730262752490221,NA,0.0406724434648803,0,-0.000329133629320185,-0.00151912878487846,0.00225610787804155,0.048,0,"S5","null",1000,70,0.352588811263852,237.125254332374,0.6,0,0,"none",0,54,0
0.121275545959365,-0.00047362548352658,0.99999994990077,1,0.00683447314543853,NA,0.141826797949725,0,0.000202802454149654,NA,0.0331741821976173,0,0.00068524336350187,-0.000554789496327623,0.00172754815171287,0.0383241206030151,0,"S5","null",1000,70,0.352588811263852,211.249017096543,0.6,0,0,"none",0,55,0
0.156844650864097,-0.0094627318480617,0.999999999999236,1,0.0323416362382049,NA,0.587267538713768,0,0.000418678475706899,NA,0.0352606758815052,0,0.00151169948593954,-0.00108491324493241,0.00242373909399604,0.0504522613065327,0,"S5","null",1000,70,0.352588811263852,199.413610770488,0.6,0,0,"none",0,56,0
0.150092942142306,-0.0224518199100424,0.999999999999415,1,0.026378384821636,NA,0.505832201260125,0,0.000500341500151012,NA,0.0366637696776172,0,0.000316626396968414,-0.00066124029235383,0.00134072495864215,0.0394246231155779,0,"S5","null",1000,70,0.352588811263852,198.816544944835,0.6,0,0,"none",0,57,0
0.142072913854884,0.0232859136939727,0.999999999962076,1,0.0154392850804716,NA,0.318300039434275,0,0.000446429536705529,NA,0.0359744701000356,0,0.00312058730182574,0.00415887050071752,0.00398220301568546,0.106929648241206,0,"S5","null",1000,70,0.352588811263852,223.141728956998,0.6,0,0,"none",0,58,0
0.185324638556029,0.00508840724354108,1,1,0.0398206662972314,NA,0.671972339134675,0,0.0037619840593889,NA,0.0896857987703074,0,0.00175245252565658,-0.000487896705345048,0.002246909948145,0.0460577889447236,0,"S5","null",1000,70,0.352588811263852,178.658859599453,0.6,0,0,"none",0,59,0
0.156072690002273,-0.00104771155645328,0.999999999978017,1,0.0181711019023446,NA,0.337603838368598,0,0.000414983514162305,NA,0.0350332878561704,0,0.00183657604807107,-0.0010164274833986,0.00251103278280487,0.0483618090452261,0,"S5","null",1000,70,0.352588811263852,189.895446800711,0.6,0,0,"none",0,60,0
0.118966079415831,0.0245722183554426,0.999999991714891,1,-0.0346625739053246,NA,0.639733271993325,0,-0.00549669667935588,NA,0.122637825645557,0,-0.00231397196117275,5.99029944339536e-05,0.00264433537639496,0.0547462311557789,0,"S5","null",1000,70,0.352588811263852,202.498612318123,0.6,0,0,"none",0,61,0
0.167605919747861,-0.0106461989088464,0.999999999999772,1,0.0574515510258071,NA,0.856409767486293,0,0.00536509963316202,NA,0.117061166570252,0,0.00303594598699686,0.000566594822819336,0.00316151607907661,0.0622085427135678,0,"S5","null",1000,70,0.352588811263852,217.214590671143,0.6,0,0,"none",0,62,0
0.0880021540466663,-0.00116436846202448,0.999783811902485,1,-0.0364366732227712,NA,0.686234173585426,0,-0.00490418551062972,NA,0.115916025345537,0,-0.00174020624882055,0.000547965158640891,0.00197576493916519,0.0489572864321608,0,"S5","null",1000,70,0.352588811263852,253.326215598678,0.6,0,0,"none",0,63,0
0.135697806493619,-0.00629313369156864,0.999999987914187,1,-0.0117038127425298,NA,0.233043437534194,0,-0.000566680767775935,NA,0.0372107865560873,0,-0.00188051197344615,0.00294860192436918,0.00375613176333845,0.0840100502512563,0,"S5","null",1000,70,0.352588811263852,203.286948182715,0.6,0,0,"none",0,64,0
0.124292937278616,-0.00108848153788387,0.999999931188022,1,-0.0395851940369636,NA,0.677011226041858,0,-0.00220776653238124,NA,0.0650678213955713,0,-0.0375751261291477,-0.0395382597815761,0.017587633240806,0.612492462311558,1,"S5","null",1000,70,0.352588811263852,189.201291752555,0.6,0,0,"none",0,65,0
0.127363646188544,0.0153266066270757,0.99999997829291,1,-0.0303703488974115,NA,0.558983976470543,0,-0.00325329255986761,NA,0.0828285553246132,0,-0.00254173352573428,9.14466426344875e-05,0.00276076671066916,0.053286432160804,0,"S5","null",1000,70,0.352588811263852,213.244960195546,0.6,0,0,"none",0,66,0
0.150785537371725,-0.00264862573351668,0.999999999921866,1,0.0289344225635807,NA,0.544608146531351,0,0.000193182021157861,NA,0.0330894345354235,0,0.000994540962512104,0.000704979224471283,0.00203602503852093,0.0419748743718593,0,"S5","null",1000,70,0.352588811263852,224.170249982681,0.6,0,0,"none",0,67,0
0.139493747844104,-0.00729880957093533,0.999999999643617,1,0.0177076325653346,NA,0.356739241861377,0,0.00012245529417515,NA,0.0326981623026612,0,0.00160949149563267,-0.00247745665393171,0.00392720538984693,0.0714623115577889,0,"S5","null",1000,70,0.352588811263852,194.41949319247,0.6,0,0,"none",0,68,0
0.072994365525706,-0.00394869606387473,0.998192036964835,1,-0.0414805382130405,NA,0.749911034954831,0,-0.00125479963590867,NA,0.0519366616421632,0,-0.0038866045334515,-4.27769763482857e-05,0.00324140755855461,0.0722562814070352,0,"S5","null",1000,70,0.352588811263852,248.386635590233,0.6,0,0,"none",0,69,0
0.100811727461329,-0.0104352979303916,0.999997500767041,1,0.0425389756616043,NA,0.78540642107764,0,0.00231719500306507,NA,0.0751343684764957,0,0.0203597595263355,0.0106451759147132,0.0117417435607285,0.312168341708543,0,"S5","null",1000,70,0.352588811263852,250.401428290218,0.6,0,0,"none",0,70,0
0.118183693750826,-0.00389613190805505,0.999999607648885,1,-0.045909400835997,NA,0.768300105843617,0,-0.00592830276892269,NA,0.130242409722069,0,-0.000581000170879877,-0.00153543991224736,0.00265046376082858,0.0511733668341709,0,"S5","null",1000,70,0.352588811263852,231.146208842013,0.6,0,0,"none",0,71,0
0.169722190500363,0.00520847826755102,0.999999999999998,1,0.0334592673856148,NA,0.639411163311488,0,0.00627798153224478,NA,0.140001817288482,0,0.00375474827330762,-0.00199001022426518,0.00292305786635645,0.084535175879397,0,"S5","null",1000,70,0.352588811263852,218.455337703092,0.6,0,0,"none",0,72,0
0.149057246414275,0.0115388896047577,0.99999999956492,1,0.015925312984372,NA,0.31591237244012,0,0.000413459777916182,NA,0.0355668423307082,0,0.000216337871761738,-0.00140536809009146,0.00246991394930233,0.0482085427135678,0,"S5","null",1000,70,0.352588811263852,240.187043375181,0.6,0,0,"none",0,73,0
0.136600464362896,0.0038279614192882,0.999999989243221,1,0.0368435892000385,NA,0.662000985012343,0,0.00709591166100675,NA,0.147552009813134,0,0.00464409086425299,-0.00406919744255874,0.00489487227478853,0.11985175879397,0,"S5","null",1000,70,0.352588811263852,224.979812628955,0.6,0,0,"none",0,74,0
0.156213649240063,-0.00225052505798625,0.999999999999411,1,0.062637503344476,NA,0.917913075522666,0,0.0118860282825303,NA,0.220292683946562,0,0.0123212280794263,-0.00219135060761983,0.0079409374235052,0.176193467336683,0,"S5","null",1000,70,0.352588811263852,223.153821294371,0.6,0,0,"none",0,75,0
0.13873867184981,-0.00631827858088633,0.999999998986125,1,-0.0125448022324023,NA,0.254097621806718,0,-0.000788310507036363,NA,0.0411496167123023,0,-0.00317577991708696,-0.00407940979343787,0.00449699974023124,0.101399497487437,0,"S5","null",1000,70,0.352588811263852,216.928299230062,0.6,0,0,"none",0,76,0
0.143522624628098,0.0115303804666684,0.999999997923008,1,-0.019539558163172,NA,0.379282701465202,0,4.29524795979262e-05,NA,0.0324555877583746,0,-0.000704602411396994,0.00132140502952975,0.00238127871769517,0.0476281407035176,0,"S5","null",1000,70,0.352588811263852,212.075981552611,0.6,0,0,"none",0,77,0
0.139456652725501,-0.00845858242473092,0.999999996563381,1,0.0128166233226555,NA,0.253905721467382,0,0.000513526080558046,NA,0.0365917513691405,0,-0.000339583253329649,0.0027854113062072,0.00293131698179069,0.0772336683417085,0,"S5","null",1000,70,0.352588811263852,212.702682909029,0.6,0,0,"none",0,78,0
0.162208285110313,0.0180134458501507,0.999999999999996,1,0.0449510674938288,NA,0.783728377802022,0,0.00278529928044159,NA,0.0773535483420149,0,0.00566189856411496,0.00162412514044377,0.00481453174255528,0.0997060301507538,0,"S5","null",1000,70,0.352588811263852,228.634809472616,0.6,0,0,"none",0,79,0
0.140117979402339,-0.000495349851162378,0.999999999296432,1,-0.011124860427346,NA,0.227222863716231,0,-0.00253046593167582,NA,0.0701946667915786,0,-0.00328439451607249,0.000434110056816161,0.00280595852654773,0.064464824120603,0,"S5","null",1000,70,0.352588811263852,210.187391090083,0.6,0,0,"none",0,80,0
0.128031844702869,-0.00051735014116557,0.99999998950914,1,0.0139195955841913,NA,0.288552566497413,0,-0.000285244494718153,NA,0.0339671022811213,0,0.00359869702428804,-0.00724872163614611,0.00537190400289583,0.139841708542714,0,"S5","null",1000,70,0.352588811263852,231.552920574448,0.6,0,0,"none",0,81,0
0.132808678020217,0.0116904539565609,0.999999998312877,1,-0.00884721680980162,NA,0.194112781039938,0,-0.000277118768135378,NA,0.0340674211448298,0,-0.000117366619842674,0.000352112673464808,0.00117632986006095,0.0328492462311558,0,"S5","null",1000,70,0.352588811263852,222.075915650174,0.6,0,0,"none",0,82,0
0.143158777514395,-0.00588118009806769,0.999999999315849,1,-0.00900705951782524,NA,0.182284133618219,0,-0.000734353861822359,NA,0.040627297690343,0,0.000677796127122336,-0.0030135883237708,0.00407190158384487,0.0701884422110553,0,"S5","null",1000,70,0.352588811263852,219.408004396127,0.6,0,0,"none",0,83,0
0.179943022385166,0.0102768180958445,1,1,0.0437103356428987,NA,0.732466939643518,0,0.0059188181355074,NA,0.126369599262107,0,0.00458401546362969,-0.00348274003295801,0.00398252827782564,0.101678391959799,0,"S5","null",1000,70,0.352588811263852,191.927640545208,0.6,0,0,"none",0,84,0
0.157596579991406,0.0080294008690986,0.99999999999972,1,0.0171953395052837,NA,0.360158005681846,0,0.00113111696701541,NA,0.0484286433735378,0,0.000550107483710594,-0.00029385264096568,0.0017556679111902,0.0361306532663317,0,"S5","null",1000,70,0.352588811263852,230.991424965429,0.6,0,0,"none",0,85,0
0.106878698468233,0.000767264055498111,0.999994875125616,1,-0.0434608284338703,NA,0.737372710961717,0,-0.00166129536115172,NA,0.0552282797701668,0,-0.0028319887102905,-2.37308996230403e-05,0.00262338447515912,0.0612010050251256,0,"S5","null",1000,70,0.352588811263852,217.9888041585,0.6,0,0,"none",0,86,0
0.131906993396487,0.00110559478380952,0.99999999753966,1,-0.00679995790991443,NA,0.149588367149953,0,-0.000117729106180811,NA,0.0327150823873831,0,0.000227844568435346,-0.000437548122240802,0.00153710403452514,0.0349949748743719,0,"S5","null",1000,70,0.352588811263852,233.582205488624,0.6,0,0,"none",0,87,0
0.124972951660491,-0.0117328623589257,0.999999913876731,1,-0.0025958226804065,NA,0.0507434903752373,0,0.00206532748983495,NA,0.0636234892684104,0,4.24125738981683e-05,-0.000267799842057235,0.00179454756299788,0.0370954773869347,0,"S5","null",1000,70,0.352588811263852,221.63570950369,0.6,0,0,"none",0,88,0
0.15480417298824,0.0176455971344614,0.999999999925463,1,-0.0286341148564554,NA,0.52393568920706,0,-0.000764817415518783,NA,0.0407752580739171,0,-0.000836237192086407,-0.000130371275803117,0.00206406925578795,0.0388768844221106,0,"S5","null",1000,70,0.352588811263852,209.920859607767,0.6,0,0,"none",0,89,0
0.140581467455202,-0.022110898054146,0.999999999556716,1,-0.00206780389159767,NA,0.0414231507700609,0,-0.000840988284920679,NA,0.0414340204746861,0,0.00122069377658612,-0.000898457452442849,0.00179578524345795,0.0477688442211055,0,"S5","null",1000,70,0.352588811263852,200.099140158419,0.6,0,0,"none",0,90,0
0.0928711406318418,0.0268006918379757,0.999998933014664,1,-0.0172533109958194,NA,0.362111467560002,0,-0.00121386985136973,NA,0.0493113164741036,0,-0.00325051731329589,0.00697309939542184,0.00581560286878046,0.149902010050251,0,"S5","null",1000,70,0.352588811263852,236.355114257907,0.6,0,0,"none",0,91,0
0.126350629740158,0.0106781050699453,0.999999841153776,1,-0.077158604894238,NA,0.931796428239319,0,-0.0689036332834639,NA,0.760688423107084,1,-0.0211207913905231,0.0063588177873709,0.0079913839080689,0.252675879396985,0,"S5","null",1000,70,0.352588811263852,186.977259555885,0.6,0,0,"none",0,92,0
0.116752067278014,-0.0131697989385868,0.999999955387564,1,-0.0249682623576696,NA,0.494982846249356,0,-0.00174196776462704,NA,0.057746955087389,0,-0.00139289836801209,0.000541964126770397,0.00214391193339046,0.0451356783919598,0,"S5","null",1000,70,0.352588811263852,220.872691536527,0.6,0,0,"none",0,93,0
0.120042429296713,0.00465956314094624,0.999999897446291,1,0.020016642737689,NA,0.41627025405779,0,0.000964647004952526,NA,0.0463064039110421,0,0.00757458556402724,0.00768181669968166,0.00643194836037271,0.178889447236181,0,"S5","null",1000,70,0.352588811263852,242.766963493529,0.6,0,0,"none",0,94,0
0.135261603956256,0.00101196887834346,0.999999998844433,1,-0.0361750494325271,NA,0.637576520796494,0,-0.00169378781265819,NA,0.0570926575140152,0,-0.0251707771033754,-0.00127990418435382,0.0146832815340939,0.283640703517588,0,"S5","null",1000,70,0.352588811263852,182.996555938314,0.6,0,0,"none",0,95,0
0.100815083383183,-0.00324892250117194,0.999995754425297,1,0.00470335926199949,NA,0.107564488533015,0,-8.88346746521272e-05,NA,0.03259111400538,0,0.000187939344330843,-0.00187669725310069,0.00256726157675295,0.0631381909547739,0,"S5","null",1000,70,0.352588811263852,244.352981284591,0.6,0,0,"none",0,96,0
0.105168446114016,0.00370412850654013,0.999996899326246,1,-0.0329504119097287,NA,0.615633998402612,0,-0.00666300788132141,NA,0.138572851879479,0,-0.00795244581880018,0.00179687586570888,0.00633602941092884,0.123336683417085,0,"S5","null",1000,70,0.352588811263852,220.609566879887,0.6,0,0,"none",0,97,0
0.149147182427255,-0.010199478494996,0.999999999989525,1,0.0145238732977979,NA,0.290340332293366,0,0.00013670992320585,NA,0.0327866765205946,0,0.00276056694667132,-0.00448511176324391,0.00491973056329511,0.106565326633166,0,"S5","null",1000,70,0.352588811263852,214.760383159792,0.6,0,0,"none",0,98,0
0.105949066281148,0.00517049890544032,0.999998955517538,1,0.00576406510195415,NA,0.123720709000828,0,0.000557093566953678,NA,0.0379846115124276,0,-2.97799150837717e-05,0.00246316733897975,0.0020474158491894,0.0692060301507538,0,"S5","null",1000,70,0.352588811263852,215.521378881745,0.6,0,0,"none",0,99,0
0.166452051740193,-0.0165407130591446,0.999999999999926,1,0.0175083590016386,NA,0.367140875172281,0,0.00232041785359646,NA,0.0721915431821483,0,0.00273530943489757,0.00255999381365506,0.00382328380560028,0.0825,0,"S5","null",1000,70,0.352588811263852,248.192027485634,0.6,0,0,"none",0,100,0
0.088751627765247,0.011003157289201,0.999998052780025,1,-0.00936720417316019,NA,0.260172639361667,0,-0.000177472782552819,NA,0.0340654432869718,0,-0.00455816765124067,0.00513070676279215,0.00479020174604914,0.177670854271357,0,"S5","null",1000,70,0.352588811263852,378.051258733925,0.9,0,0,"none",0,1,0
0.064105356866333,-0.00380658001180083,0.998707882331417,1,-0.0229915739512581,NA,0.579073838016205,0,-0.01512096856938,NA,0.36870440578954,0,-0.0107431444928563,-0.0146568816445204,0.0111860106860052,0.394070351758794,0,"S5","null",1000,70,0.352588811263852,381.362399541005,0.9,0,0,"none",0,2,0
0.113450120228604,-0.000500279719775852,0.999999962874029,1,-0.0028466857335522,NA,0.0718618249458658,0,0.000285990451029321,NA,0.0358625625543126,0,-0.00048886340662249,-0.000159215380960713,0.00155620626327608,0.0343291457286432,0,"S5","null",1000,70,0.352588811263852,341.370580998049,0.9,0,0,"none",0,3,0
0.114002577640174,0.00598438404826866,0.999999995315731,1,0.0111432204401229,NA,0.299725800438352,0,0.000207913665256833,NA,0.0345757327200668,0,0.00234099989942111,0.00070079505872541,0.00292512773397254,0.0660577889447236,0,"S5","null",1000,70,0.352588811263852,389.034736969946,0.9,0,0,"none",0,4,0
0.0903873854854792,0.00836269966130105,0.999994722051043,1,-0.0147594047153264,NA,0.378654668039178,0,-0.00873161381753709,NA,0.232515467718369,0,-0.00207066454907761,0.0010892686884685,0.00303782765378842,0.065713567839196,0,"S5","null",1000,70,0.352588811263852,362.175374216732,0.9,0,0,"none",0,5,0
0.090761032348159,0.00833877989272061,0.999999112272494,1,0.00399329812649399,NA,0.109858910198549,0,0.000164586849194411,NA,0.0338266663896212,0,-0.000396679827969889,0.000332045761377312,0.00159471907557949,0.037927135678392,0,"S5","null",1000,70,0.352588811263852,327.064637340301,0.9,0,0,"none",0,6,0
0.106437690541398,0.0151939639304207,0.999999993240204,1,-0.0167134394823413,NA,0.448805736715567,0,-0.000926684788801909,NA,0.0540673785101117,0,-0.00295553937520063,0.0012985047753617,0.00416744952152609,0.0855577889447236,0,"S5","null",1000,70,0.352588811263852,345.663930216271,0.9,0,0,"none",0,7,0
0.12021536231446,0.0190540902556689,0.999999999099344,1,0.0141351307473068,NA,0.362627906048519,0,0.00114122996005468,NA,0.0592236762885308,0,0.00878460703312475,0.00630012596590516,0.00693986251140934,0.211738693467337,0,"S5","null",1000,70,0.352588811263852,352.357583568051,0.9,0,0,"none",0,8,0
0.12337694720708,0.0143055947286959,0.999999999999456,1,0.0237822373525237,NA,0.597643785238502,0,0.00329283452426775,NA,0.12011418310293,0,0.000830041853130943,0.000533921235834905,0.00222499303016551,0.0443969849246231,0,"S5","null",1000,70,0.352588811263852,366.052497644575,0.9,0,0,"none",0,9,0
0.115051015914372,0.00401250553465701,0.999999994957198,1,0.0462377504737663,NA,0.882845519975461,0,0.0131638154914201,NA,0.330626741883893,0,0.0359531692344902,0.0201969922703642,0.017543619130819,0.636623115577889,1,"S5","null",1000,70,0.352588811263852,358.214981744175,0.9,0,0,"none",0,10,0
0.101423761550706,0.00325629465820913,0.999999630398331,1,-0.0225165895126184,NA,0.565446629481788,0,-0.00184046256304671,NA,0.079512203894082,0,-0.00354874895141836,0.00128412854251123,0.0034414879782163,0.0874798994974874,0,"S5","null",1000,70,0.352588811263852,385.039638810804,0.9,0,0,"none",0,11,0
0.0742089499873785,-0.00676170293644783,0.999901476464292,1,-0.00287571968013138,NA,0.0835844751613584,0,-0.000378044606396796,NA,0.0389941149872181,0,-0.000640233268925656,-0.00196422650681369,0.00301661878713516,0.0833768844221106,0,"S5","null",1000,70,0.352588811263852,409.958097544124,0.9,0,0,"none",0,12,0
0.0677339377069996,0.0137671652690854,0.99919481739283,1,-0.0401530053506963,NA,0.788389398373669,0,-0.00861549080677835,NA,0.224738605420806,0,-0.00329678871586491,0.00039730908838726,0.00240470018029697,0.0727361809045226,0,"S5","null",1000,70,0.352588811263852,348.433226810227,0.9,0,0,"none",0,13,0
0.0962122363528573,0.0153907464334734,0.99999896845231,1,-0.0126393588605046,NA,0.3253002659839,0,-0.00407438441739586,NA,0.130177739034013,0,-0.00458519360728934,0.00308019407870601,0.00546329995915333,0.125334170854271,0,"S5","null",1000,70,0.352588811263852,371.186179883987,0.9,0,0,"none",0,14,0
0.0823859618071789,0.00446489892048613,0.999982304294909,1,-0.0135725299378399,NA,0.369423897823292,0,-0.000737447418974073,NA,0.0487799586439838,0,-0.000795817769155026,0.000179160910291767,0.0015296153908871,0.0391306532663317,0,"S5","null",1000,70,0.352588811263852,364.232394407726,0.9,0,0,"none",0,15,0
0.104036799353894,-0.000297933763963535,0.999999964307061,1,-0.0211805435750222,NA,0.541955325758082,0,-0.00258381334445313,NA,0.0999289085503967,0,-0.00871826905612102,0.00311374560407277,0.00693845588848284,0.1751608040201,0,"S5","null",1000,70,0.352588811263852,375.382316091686,0.9,0,0,"none",0,16,0
0.114024849734455,-0.00598088628344646,0.999999962124788,1,0.0131163081111941,NA,0.317441848388724,0,0.000453397242242116,NA,0.0389889718170299,0,-0.00166447156324166,-0.00256943356561374,0.00373980065913089,0.0951155778894472,0,"S5","null",1000,70,0.352588811263852,353.971500756701,0.9,0,0,"none",0,17,0
0.0853177861685475,0.00194761296350162,0.999988885241862,1,-0.0198965440770131,NA,0.523085819056508,0,-0.00132528490403492,NA,0.0660602751665624,0,-0.00196778368582492,0.000906806789812655,0.00270118858731341,0.0646532663316583,0,"S5","null",1000,70,0.352588811263852,397.769565071353,0.9,0,0,"none",0,18,0
0.096702856893508,0.00590639895833367,0.999999606740107,1,0.000554804018103495,NA,0.0156607939647828,0,0.000674665596146685,NA,0.047699555168379,0,0.000215686260649626,-0.00188653825018412,0.003420318392352,0.077929648241206,0,"S5","null",1000,70,0.352588811263852,382.95811175568,0.9,0,0,"none",0,19,0
0.101312761024737,0.00197702691823025,0.999999689242409,1,0.0161008968223961,NA,0.41549643506192,0,0.000225189237405999,NA,0.0348527884071855,0,-1.42160671677684e-05,-0.000167943803111023,0.00109231885869511,0.031570351758794,0,"S5","null",1000,70,0.352588811263852,368.189150779408,0.9,0,0,"none",0,20,0
0.135537582447553,0.00307545497470232,0.999999999999655,1,0.0383843047701142,NA,0.812218811551348,0,0.00159336804264993,NA,0.0711834650813074,0,0.00349428625623234,0.000574770539696508,0.00289004495557076,0.0792638190954774,0,"S5","null",1000,70,0.352588811263852,352.232942262595,0.9,0,0,"none",0,21,0
0.121292967068116,-0.00313752706573854,0.999999999917456,1,0.000251692674889349,NA,0.00704655366937545,0,0.000123966953517106,NA,0.0332646066549536,0,-0.000714576078590268,0.000195766764597739,0.00185594488832695,0.0366231155778894,0,"S5","null",1000,70,0.352588811263852,383.493230107848,0.9,0,0,"none",0,22,0
0.101918350130984,-0.0138331919608928,0.999999857872822,1,-0.0235211589999105,NA,0.565134503681095,0,-0.00468106180630208,NA,0.14635279457821,0,-0.00352766977330691,-0.00152126286471934,0.00435157030826208,0.0929120603015075,0,"S5","null",1000,70,0.352588811263852,329.193151511173,0.9,0,0,"none",0,23,0
0.122414436219965,-0.00278963029575232,0.999999999919299,1,0.035711519961485,NA,0.773595316201096,0,0.000978283826300379,NA,0.0542156495295988,0,0.00931098743820467,-9.01946297712117e-05,0.00753490744490049,0.16022864321608,0,"S5","null",1000,70,0.352588811263852,367.179215549011,0.9,0,0,"none",0,24,0
0.131078517276661,-0.00782238775320462,0.999999999997274,1,0.0128358497373118,NA,0.343604693985057,0,0.000250843829163431,NA,0.0353669319754224,0,0.0017717122284934,-0.000368717648126283,0.002524139279211,0.0510251256281407,0,"S5","null",1000,70,0.352588811263852,353.09279879478,0.9,0,0,"none",0,25,0
0.128879400811424,-0.003687327107978,0.999999999976298,1,0.040741844881251,NA,0.841254692068881,0,0.00501860470259883,NA,0.164272587803042,0,0.00314530943677251,0.000326479591387901,0.00353307903808912,0.0740653266331658,0,"S5","null",1000,70,0.352588811263852,440.860470058566,0.9,0,0,"none",0,26,0
0.0894500197355964,0.0124565327515008,0.999997060972893,1,-0.0159790862500919,NA,0.404874725945726,0,-0.000984805593267048,NA,0.0544781330843855,0,-0.00118432289524503,0.000768671763462378,0.00237097885851084,0.0482261306532663,0,"S5","null",1000,70,0.352588811263852,356.432897270886,0.9,0,0,"none",0,27,0
0.0746546002733203,-0.00774975694651216,0.999767081600337,1,-0.0300565343069824,NA,0.672704388445551,0,-0.00318825708172007,NA,0.110312359483481,0,-0.00199665371030775,-0.00122319016482779,0.00287156242612113,0.0645100502512563,0,"S5","null",1000,70,0.352588811263852,333.903521506225,0.9,0,0,"none",0,28,0
0.0903960600407052,0.00593434606212278,0.999990668430173,1,-0.0307826698045599,NA,0.680251906402586,0,-0.00208711261472217,NA,0.0834900528790814,0,-0.00878271735081901,0.000836261565482141,0.00660604425885571,0.150856783919598,0,"S5","null",1000,70,0.352588811263852,327.668514143897,0.9,0,0,"none",0,29,0
0.0931687499684457,-0.00255532099204769,0.999997872910529,1,-0.0191111082125901,NA,0.480487598814546,0,-0.00362617189157261,NA,0.12323854465577,0,-0.00597858625453567,-0.00816185090575121,0.00686219894953812,0.24143216080402,0,"S5","null",1000,70,0.352588811263852,403.122725139535,0.9,0,0,"none",0,30,0
0.0901277417387548,0.0054355918035533,0.999990996726733,1,-0.043951670684595,NA,0.837693313174964,0,-0.0135532887213493,NA,0.320197959685117,0,-0.00591300600652147,-0.00280397849214465,0.0065170689515308,0.127477386934673,0,"S5","null",1000,70,0.352588811263852,297.657391140244,0.9,0,0,"none",0,31,0
0.117259582035463,-0.0007345722325905,0.999999991088848,1,0.0189735702065448,NA,0.470176860559544,0,0.0138584199196274,NA,0.349144606829043,0,0.0012821356630688,-0.000513799025435068,0.00193853728428837,0.0504597989949749,0,"S5","null",1000,70,0.352588811263852,345.896783405269,0.9,0,0,"none",0,32,0
0.100679475604113,0.000997053476328373,0.999999654829512,1,0.000808488979254212,NA,0.0219017989779566,0,0.000136682518935355,NA,0.033398743926395,0,0.000826376268054291,-0.000334000782155032,0.00178104157258928,0.0402964824120603,0,"S5","null",1000,70,0.352588811263852,346.981917445771,0.9,0,0,"none",0,33,0
0.100319664850646,0.000251693282946593,0.999999800278371,1,0.0312338080494889,NA,0.726137591738226,0,0.00481975277135184,NA,0.159683167666222,0,0.0017769743636622,0.000636304557880866,0.00249287602470128,0.0583618090452261,0,"S5","null",1000,70,0.352588811263852,364.029321300337,0.9,0,0,"none",0,34,0
0.104639190963983,0.00728209857096744,0.99999973076133,1,-0.00312022818635777,NA,0.0822850726673106,0,9.41131330161397e-05,NA,0.0328967114230055,0,0.0012994549742956,0.00365393703350839,0.00346571678386627,0.109140703517588,0,"S5","null",1000,70,0.352588811263852,348.409269135922,0.9,0,0,"none",0,35,0
0.0943601973316315,-0.00187271291391977,0.99999918025684,1,-0.00699407689403581,NA,0.19213540491377,0,-0.000449384105867076,NA,0.0404922739270654,0,-0.000582921693847071,-0.000109032591623245,0.00174389798279649,0.0372412060301508,0,"S5","null",1000,70,0.352588811263852,343.405619689775,0.9,0,0,"none",0,36,0
0.110989362972905,-0.0157444586836301,0.999999999781441,1,-0.0048308295859849,NA,0.134823495586938,0,-0.00171762316826647,NA,0.0756921377264195,0,-0.000758385953372818,-0.00099258867792605,0.00187792579083805,0.0524095477386935,0,"S5","null",1000,70,0.352588811263852,372.687263373633,0.9,0,0,"none",0,37,0
0.111495502309052,0.00535805503956376,0.99999998765483,1,-0.0203676049331548,NA,0.483475221275944,0,-0.00337322501433493,NA,0.112646318400475,0,-0.0018712562702096,-0.000944097561702513,0.00298275687621052,0.0603969849246231,0,"S5","null",1000,70,0.352588811263852,306.301353226354,0.9,0,0,"none",0,38,0
0.104973113291885,-4.24573402448334e-05,0.999999869771556,1,-0.0159677117873878,NA,0.40685478165239,0,-4.80321685673795e-05,NA,0.0325427838562986,0,4.12419321475117e-06,-0.000230763026987062,0.00184162171796059,0.0319070351758794,0,"S5","null",1000,70,0.352588811263852,352.123851320703,0.9,0,0,"none",0,39,0
0.139884143251181,0.00705121797782768,0.999999999999983,1,0.0323559821247219,NA,0.737079861055323,0,0.00173963544415701,NA,0.0771358191640207,0,0.0102492936291766,0.00454889794154236,0.00800461316398283,0.205798994974874,0,"S5","null",1000,70,0.352588811263852,331.069752492025,0.9,0,0,"none",0,40,0
0.0814503978257986,-0.00652108987522624,0.999963566614216,1,-0.0265621247140656,NA,0.647692807144951,0,-0.00413841655331664,NA,0.138751661455868,0,-0.00238644731845632,-0.000875525319190027,0.00329293853518685,0.0702763819095477,0,"S5","null",1000,70,0.352588811263852,374.651838417037,0.9,0,0,"none",0,41,0
0.100926457429466,-0.00734212997748742,0.99999980588886,1,-0.0182653291783144,NA,0.474489946825287,0,-0.00208239327459853,NA,0.0879271952416486,0,-0.000343219150890894,-0.000100518293193802,0.00163881864123044,0.03428391959799,0,"S5","null",1000,70,0.352588811263852,392.425270000318,0.9,0,0,"none",0,42,0
0.131715695465092,0.0035530701139366,0.999999999980737,1,0.0345435922665824,NA,0.72329242396288,0,0.00114617149081187,NA,0.057242353300324,0,0.00390538282819436,0.0017392629060618,0.00409370426997622,0.0938969849246231,0,"S5","null",1000,70,0.352588811263852,342.587658588827,0.9,0,0,"none",0,43,0
0.121502962509982,-0.00389126295489031,0.999999999753087,1,0.0162236874285314,NA,0.414799110682574,0,0.00103558424077619,NA,0.0567241989180703,0,0.000673823438432157,-0.000671433959848082,0.00153353847795804,0.0469698492462312,0,"S5","null",1000,70,0.352588811263852,355.888799258452,0.9,0,0,"none",0,44,0
0.0598971715594103,-0.00916292597690292,0.998297928587654,1,-0.0286508457834497,NA,0.698046236339527,0,-0.00139729932435634,NA,0.0704634634962571,0,-0.00420325006262245,-0.00174741464717845,0.00637521535967594,0.108751256281407,0,"S5","null",1000,70,0.352588811263852,385.480137747066,0.9,0,0,"none",0,45,0
0.108331915686274,-0.00367383424672403,0.999999981508514,1,0.026534926980861,NA,0.648430075158442,0,0.00123688742578197,NA,0.0641357201232799,0,0.00362034849399212,-0.00119989156429169,0.00375215765154699,0.0874874371859296,0,"S5","null",1000,70,0.352588811263852,423.929279388294,0.9,0,0,"none",0,46,0
0.10172361212791,0.0099080258724629,0.999999941661404,1,0.0181378180818193,NA,0.475565073138914,0,0.0010283985047004,NA,0.057686838184141,0,0.0218152226393972,0.0264986958989693,0.0188791230259451,0.624092964824121,1,"S5","null",1000,70,0.352588811263852,394.51078978006,0.9,0,0,"none",0,47,0
0.0876238923449501,0.00344085885461535,0.999957660531557,1,-0.00373777932530131,NA,0.0948649817310093,0,-0.0005651713015865,NA,0.0422172137621081,0,0.000666544227375056,-3.7966939322093e-05,0.00146776227860583,0.0346809045226131,0,"S5","null",1000,70,0.352588811263852,340.211359608462,0.9,0,0,"none",0,48,0
0.0957580252929773,0.00634196934636002,0.999998894358076,1,-0.00037541838485502,NA,0.00979604557245684,0,-0.000480467847496702,NA,0.0405705203422286,0,-0.000651386019706825,0.000533627445761867,0.00189527965464551,0.0406507537688442,0,"S5","null",1000,70,0.352588811263852,323.667630311571,0.9,0,0,"none",0,49,0
0.101756241224983,0.0048003779351065,0.999998659187253,1,-0.018708065294751,NA,0.450384012179234,0,-0.00108306874315841,NA,0.0555688427359747,0,-0.00519468961924704,0.00125034973227159,0.00411688039069034,0.10544472361809,0,"S5","null",1000,70,0.352588811263852,339.788931790511,0.9,0,0,"none",0,50,0
0.0945030626804624,-0.00665967266621937,0.999998097018179,1,-0.0282149714004459,NA,0.653577188421836,0,-0.00875434179884813,NA,0.239797986858804,0,-0.00185755985672006,-0.000861658771239764,0.00283565552778386,0.0596457286432161,0,"S5","null",1000,70,0.352588811263852,342.716922184184,0.9,0,0,"none",0,51,0
0.116855173486685,-0.00689663412575547,0.999999998770458,1,0.0338479247456622,NA,0.745973780542705,0,0.00484095588680258,NA,0.157008689471615,0,0.00285738780058339,-0.0016219043404803,0.00317765361489816,0.0878090452261307,0,"S5","null",1000,70,0.352588811263852,352.441539181647,0.9,0,0,"none",0,52,0
0.108895912685617,0.00495487194655206,0.999999954677118,1,0.0100544180351457,NA,0.25850405724585,0,0.00248908941386471,NA,0.0949098998112236,0,0.000465070983828587,0.000223312577261996,0.00179490369882726,0.0390904522613065,0,"S5","null",1000,70,0.352588811263852,343.454020918916,0.9,0,0,"none",0,53,0
0.0780737029822187,0.00446262595527193,0.999819761997848,1,-0.0332603791505824,NA,0.722426021143098,0,-0.00155498966486644,NA,0.0690170131551471,0,-0.000707458542341913,-9.30965752209103e-05,0.00176430354401391,0.0345954773869347,0,"S5","null",1000,70,0.352588811263852,326.489244318559,0.9,0,0,"none",0,54,0
0.111338613961222,0.011173145143259,0.999999985212572,1,0.0344905447290451,NA,0.758414613952975,0,0.00557460153831701,NA,0.168998735510292,0,0.0337232095538572,0.00436014353622596,0.013298732003309,0.457909547738693,0,"S5","null",1000,70,0.352588811263852,392.509783795426,0.9,0,0,"none",0,55,0
0.112101140122571,0.0136277867984877,0.999999993957142,1,0.034533773861747,NA,0.728921376271379,0,0.000853938087649269,NA,0.0494910973167441,0,0.00782503348296911,-0.000278278038643346,0.00659785838590786,0.132085427135678,0,"S5","null",1000,70,0.352588811263852,309.673721795307,0.9,0,0,"none",0,56,0
0.118303009651645,2.16451330838164e-06,0.999999997124113,1,0.00656394070232135,NA,0.168576386599984,0,0.000593671643316045,NA,0.0436433931929731,0,0.0011909184368128,0.00145534654068058,0.00278114954875196,0.066929648241206,0,"S5","null",1000,70,0.352588811263852,333.635642127631,0.9,0,0,"none",0,57,0
0.111483939660044,-0.00525671789432111,0.999999977975396,1,-0.0210654645560983,NA,0.509853759647439,0,-0.0045765132125762,NA,0.143982008376787,0,-0.00227643974394755,-0.0011210361291717,0.00296834031886345,0.069464824120603,0,"S5","null",1000,70,0.352588811263852,351.321220147086,0.9,0,0,"none",0,58,0
0.101186820202713,0.000343346054043851,0.999999801589802,1,0.0148386827302015,NA,0.400695347280259,0,0.00233913283002606,NA,0.0939051609594944,0,0.00313926227603369,-0.00220782055476894,0.00466157449787517,0.110185929648241,0,"S5","null",1000,70,0.352588811263852,398.66730563224,0.9,0,0,"none",0,59,0
0.142323544888061,0.0057255684840938,0.99999999999985,1,0.035448441173976,NA,0.751401253446455,0,0.0033800072101794,NA,0.115422418722282,0,0.0040535745923534,-4.27063722028136e-05,0.00415397656417666,0.0833492462311558,0,"S5","null",1000,70,0.352588811263852,358.401378315799,0.9,0,0,"none",0,60,0
0.0964898135803735,0.00308421776026626,0.999998320384563,1,-0.0245048944055852,NA,0.584601960489064,0,-0.0020965323122956,NA,0.0849420924852875,0,-0.00151877305082755,4.55408941750015e-05,0.00253930974447493,0.0482763819095477,0,"S5","null",1000,70,0.352588811263852,376.774120770476,0.9,0,0,"none",0,61,0
0.113575607306427,-0.00203610935048545,0.999999993465857,1,0.0103985833821241,NA,0.277029180882541,0,0.0032915463549603,NA,0.118895865835864,0,-0.000437179923888073,-0.00185155437897817,0.00377525357670878,0.0776356783919598,0,"S5","null",1000,70,0.352588811263852,380.173440200554,0.9,0,0,"none",0,62,0
0.0874076653927131,-0.00950567908209801,0.999982817365109,1,-0.0260565159221365,NA,0.608100693650895,0,-0.0207065829561457,NA,0.454200719739361,0,-0.00081694466639484,-0.000271828205727064,0.00156510747656212,0.0385527638190955,0,"S5","null",1000,70,0.352588811263852,334.952122669065,0.9,0,0,"none",0,63,0
0.112682624760005,-0.00987257858975779,0.999999998578849,1,0.0199448078175124,NA,0.517476230687149,0,0.00115923214407145,NA,0.0602601978183982,0,0.000945919895845057,4.34410038385769e-06,0.00168047397954236,0.0391482412060302,0,"S5","null",1000,70,0.352588811263852,367.011623373209,0.9,0,0,"none",0,64,0
0.130919327631156,0.00888262657899615,0.999999997604938,1,-0.017423254782248,NA,0.386516281775532,0,-0.00204418233191833,NA,0.076852981653099,0,-0.00073920184475316,0.000309614181444882,0.00177516065001145,0.0378417085427136,0,"S5","null",1000,70,0.352588811263852,281.407992325346,0.9,0,0,"none",0,65,0
0.122426911700773,-0.0228049222628721,0.999999999965145,1,0.0297465707621102,NA,0.679806543285395,0,0.00127126252778509,NA,0.0630421249570736,0,0.00404757252464815,0.000197109075297332,0.00410583599629727,0.083,0,"S5","null",1000,70,0.352588811263852,376.365707070836,0.9,0,0,"none",0,66,0
0.091685544040274,-0.0232613611194852,0.999999185837088,1,-0.0281821503729156,NA,0.622947804780431,0,-0.00126570739938051,NA,0.0604638144226194,0,-0.0141763299050242,-0.0256337716860594,0.014439747425081,0.541474874371859,1,"S5","null",1000,70,0.352588811263852,322.292564359204,0.9,0,0,"none",0,67,0
0.146080784399805,-0.0150387645199349,0.999999999999982,1,0.0312617701228542,NA,0.672703173690267,0,0.00261644141879905,NA,0.095599567319166,0,0.00228868830788018,-0.000483289811582645,0.00257469167072177,0.0568190954773869,0,"S5","null",1000,70,0.352588811263852,311.473189955616,0.9,0,0,"none",0,68,0
0.103832237396558,0.00376003088145462,0.99999992905108,1,0.0150610009376495,NA,0.399570625773409,0,-0.000262036913831086,NA,0.0354026764199684,0,0.00131173224632314,0.0030388654781692,0.0050866695202409,0.109409547738693,0,"S5","null",1000,70,0.352588811263852,358.155718234027,0.9,0,0,"none",0,69,0
0.0958812581310244,6.67201001514642e-05,0.999994116520345,1,-0.0192020242346761,NA,0.456043680601948,0,-0.000525524501293418,NA,0.0418785746060584,0,-0.000555083729780509,0.000395578241646733,0.00179647544421252,0.036821608040201,0,"S5","null",1000,70,0.352588811263852,360.187021216057,0.9,0,0,"none",0,70,0
0.104823088170322,-0.00408833669125677,0.999999895176357,1,0.00745286162591872,NA,0.203107309455635,0,8.07981624077229e-05,NA,0.0327537139043289,0,0.00146718395075857,0.000819915111685125,0.00212911277497457,0.0551884422110553,0,"S5","null",1000,70,0.352588811263852,383.790074732392,0.9,0,0,"none",0,71,0
0.0836330718115309,-0.0137762318125351,0.99998969597058,1,-0.0260784068267459,NA,0.607539128403903,0,-0.00284793043516812,NA,0.102440213106971,0,-0.000494952018299796,-0.000111768758042703,0.00178284803455653,0.0358768844221106,0,"S5","null",1000,70,0.352588811263852,351.912196785111,0.9,0,0,"none",0,72,0
0.115868951534229,0.00260939662591209,0.999999997652506,1,0.0192473579221012,NA,0.500245487797949,0,0.0179353791176815,NA,0.433220771448747,0,0.000862909921638473,-0.00053679895190543,0.00211139187546025,0.0512688442211055,0,"S5","null",1000,70,0.352588811263852,379.449559366901,0.9,0,0,"none",0,73,0
0.144312186411956,-0.00189940650740454,0.999999999999939,1,0.0643495098435438,NA,0.972557361546744,1,0.057349903949308,NA,0.956518612816602,1,0.0116415006964583,-0.00153689055635242,0.0088792701344533,0.198814070351759,0,"S5","null",1000,70,0.352588811263852,359.463401617293,0.9,0,0,"none",0,74,0
0.0858858253601989,-0.0114784987791357,0.999993616713559,1,-0.00946806477256758,NA,0.25489097114533,0,-0.000329083522601867,NA,0.0370779642214044,0,-0.000433196036295696,-0.000576693345734873,0.0018827557048553,0.0408442211055276,0,"S5","null",1000,70,0.352588811263852,401.584467029499,0.9,0,0,"none",0,75,0
0.134890967051205,0.0108328749015002,0.999999999971419,1,0.0235104503704438,NA,0.552495786969438,0,0.000326423250393202,NA,0.0364205546757144,0,0.000940429594806723,0.000112593538825749,0.00175398047701936,0.0386482412060302,0,"S5","null",1000,70,0.352588811263852,338.003471106561,0.9,0,0,"none",0,76,0
0.0869207158363078,-0.00408147746922705,0.999966997703676,1,-0.00525087070475767,NA,0.133386497602686,0,-0.00020788146837246,NA,0.0341712601591272,0,-0.000382310903223778,-0.000681839175678172,0.00208770312515549,0.0431532663316583,0,"S5","null",1000,70,0.352588811263852,323.7674643793,0.9,0,0,"none",0,77,0
0.144737298751576,0.00335161369670123,0.999999999999825,1,0.0471170315467024,NA,0.889475528565445,0,0.00418872277205539,NA,0.137641762957197,0,0.0311026749989715,0.000948347063352455,0.0115702553699919,0.414718592964824,0,"S5","null",1000,70,0.352588811263852,384.703821401745,0.9,0,0,"none",0,78,0
0.0929857299984845,0.0191502137548954,0.999999143661135,1,-0.00797252017213127,NA,0.21298633991201,0,-0.000198800284485051,NA,0.0343367138837906,0,-0.000416113313044324,0.000547192206938281,0.00180175453447445,0.0418341708542714,0,"S5","null",1000,70,0.352588811263852,363.318286855458,0.9,0,0,"none",0,79,0
0.108237722075477,0.0158262765180619,0.999999989394002,1,0.00185257320740112,NA,0.04982064078778,0,0.000183866731728422,NA,0.0340192392164801,0,0.000101844876151069,0.00040635464566369,0.00173955981132691,0.0386683417085427,0,"S5","null",1000,70,0.352588811263852,364.56080452574,0.9,0,0,"none",0,80,0
0.0802061677985352,-0.00023824881181614,0.999923378741412,1,-0.0224645105429492,NA,0.559705186600309,0,-0.000711356397081006,NA,0.0472517954096464,0,-0.0030113214346214,-0.00239807434172512,0.00393867299041876,0.106690954773869,0,"S5","null",1000,70,0.352588811263852,353.262693049796,0.9,0,0,"none",0,81,0
0.107894356235156,-0.00575087917939085,0.999999976996166,1,0.0120669779789268,NA,0.316050930106733,0,0.00119864313544975,NA,0.0618410814113594,0,0.00342924770409171,-0.00515361787148233,0.0069400380682798,0.159494974874372,0,"S5","null",1000,70,0.352588811263852,335.850940383661,0.9,0,0,"none",0,82,0
0.100101483826589,0.0086039727178121,0.999998150840137,1,-0.00190188985536676,NA,0.047988709757924,0,0.000106520750222491,NA,0.0329535609478101,0,4.05544912044826e-05,-0.000494902120629588,0.00194715536414039,0.0377035175879397,0,"S5","null",1000,70,0.352588811263852,346.367275829486,0.9,0,0,"none",0,83,0
0.1167177961005,0.00030640382966952,0.999999990311956,1,0.0185193329402319,NA,0.45640565138308,0,0.00141022458081079,NA,0.0675323505155131,0,0.00172963487153858,0.000538521272739115,0.00255821511910017,0.054891959798995,0,"S5","null",1000,70,0.352588811263852,370.623754962474,0.9,0,0,"none",0,84,0
0.0909112343743637,0.0106167941568586,0.999995655559155,1,-0.0257446787484659,NA,0.612536787677379,0,-0.00347334410639413,NA,0.121132721698556,0,-0.000952399329770839,-0.000991837348020915,0.00322975390493057,0.0552286432160804,0,"S5","null",1000,70,0.352588811263852,338.626199315208,0.9,0,0,"none",0,85,0
0.0952057677649773,-0.00341279333865085,0.999997991296883,1,-0.00663843416668909,NA,0.1748954024251,0,-0.000246017342536624,NA,0.0350052439705632,0,-0.00206794901366807,-0.00549508052782734,0.00710170371039051,0.167565326633166,0,"S5","null",1000,70,0.352588811263852,302.342004170395,0.9,0,0,"none",0,86,0
0.0918647478835731,-0.0089457192465238,0.999993403226002,1,-0.00242124389879849,NA,0.0640261796473012,0,0.000186856584595326,NA,0.0339587106805124,0,-0.000585922447131733,0.000338641442009891,0.00182134689220701,0.0380628140703518,0,"S5","null",1000,70,0.352588811263852,330.420193835959,0.9,0,0,"none",0,87,0
0.117936606757038,-0.0134349942664732,0.99999999996615,1,0.0333763547032771,NA,0.7485849650915,0,0.00253750744888389,NA,0.0973620345429439,0,0.00322374599636531,-0.000170477489677401,0.00364780976045636,0.0724221105527638,0,"S5","null",1000,70,0.352588811263852,371.838897682631,0.9,0,0,"none",0,88,0
0.147824762886015,0.00483296465192187,0.999999999999988,1,0.018665510553918,NA,0.452400981385644,0,0.000486317614526509,NA,0.0401736075985432,0,0.00106369462269534,0.000789386789367289,0.00213413749597563,0.0499623115577889,0,"S5","null",1000,70,0.352588811263852,319.723604066177,0.9,0,0,"none",0,89,0
0.104261257193121,-0.0134085706303566,0.999999928618031,1,-0.00199968337732111,NA,0.0526624274085914,0,0.000304043616897319,NA,0.036498997826907,0,-0.000691421061609964,0.000423403435000478,0.00205470559881414,0.0422236180904523,0,"S5","null",1000,70,0.352588811263852,362.02972414796,0.9,0,0,"none",0,90,0
0.10657356791024,0.0111004279722746,0.999999939043455,1,-0.0249426789242741,NA,0.56392654281415,0,-0.00033320269295873,NA,0.0365254735775039,0,-0.00154325472540304,0.00012201088927905,0.00174868881383543,0.0471909547738693,0,"S5","null",1000,70,0.352588811263852,294.355488526886,0.9,0,0,"none",0,91,0
0.103951830676937,-0.0121747974301963,0.999999913186351,1,0.00396774855036987,NA,0.104822958459883,0,-9.03241655436842e-05,NA,0.0328027834674296,0,-0.000239458446314451,-0.0013660921332515,0.00251157133169047,0.0616909547738693,0,"S5","null",1000,70,0.352588811263852,308.678144088062,0.9,0,0,"none",0,92,0
0.114922009812867,0.000344578329473214,0.999999979706881,1,-0.0117137736154431,NA,0.294141365017948,0,-0.000739111338399503,NA,0.0467311965896214,0,-0.000853745244580935,1.57212820219696e-05,0.00188961712433031,0.0391884422110553,0,"S5","null",1000,70,0.352588811263852,354.572535060345,0.9,0,0,"none",0,93,0
0.099650524226144,-0.00460679279359612,0.999998788401979,1,0.00461133096364188,NA,0.121659830079194,0,0.000346123570492828,NA,0.0375890611371859,0,0.000315894854498334,-0.000316170787738048,0.00172476743826297,0.0378040201005025,0,"S5","null",1000,70,0.352588811263852,370.471158876691,0.9,0,0,"none",0,94,0
0.118618236435787,-0.00635626514527936,0.999999995676998,1,0.00179684810347545,NA,0.0475972486936986,0,0.000279904618165321,NA,0.0358155188833697,0,-0.000373079619700569,-0.000342209885720341,0.00195179556805902,0.0373391959798995,0,"S5","null",1000,70,0.352588811263852,350.114886074702,0.9,0,0,"none",0,95,0
0.122154502258481,0.00268933316609244,0.999999999646191,1,0.0131426294599212,NA,0.333488076902057,0,4.37024294079763e-05,NA,0.0325020567734275,0,0.000863422736129101,7.9175414671268e-05,0.001781838894431,0.035891959798995,0,"S5","null",1000,70,0.352588811263852,339.230960863857,0.9,0,0,"none",0,96,0
0.098357747512704,0.0104159195734402,0.999999682873873,1,-0.0188564730577546,NA,0.486404707048642,0,-0.00184549862780106,NA,0.0806569753850977,0,-0.000483320609942094,0.000183324273958093,0.00193078649833149,0.034178391959799,0,"S5","null",1000,70,0.352588811263852,363.155955343084,0.9,0,0,"none",0,97,0
0.140820659292972,0.0125999565679316,0.999999999999974,1,0.0361998804237444,NA,0.789593837796876,0,0.0250352572525662,NA,0.558512202835617,1,0.00685393479767735,0.00598569512206454,0.00747964301217439,0.198952261306533,0,"S5","null",1000,70,0.352588811263852,327.357967418346,0.9,0,0,"none",0,98,0
0.137353632868779,-0.0121866316558953,0.999999999999176,1,0.0403197028911111,NA,0.830975845355746,0,0.0062602501820356,NA,0.191042271731168,0,0.00346044518322667,0.00059934916550858,0.00365799123485704,0.0775753768844221,0,"S5","null",1000,70,0.352588811263852,357.589114226581,0.9,0,0,"none",0,99,0
0.108806827710134,0.0139595262732431,0.999999985095467,1,-0.017854820928383,NA,0.44817052065107,0,-0.00017380805216478,NA,0.0339308276608841,0,-0.00176731615765748,0.00235918470150922,0.0043452230255944,0.0911457286432161,0,"S5","null",1000,70,0.352588811263852,341.659486598312,0.9,0,0,"none",0,100,0
0.489430956155962,0.286143105652898,1,1,0.356980237447426,NA,0.999998903849736,1,0.309006538167336,NA,0.97878693558934,1,0.372379258366851,0.338699051461897,NA,1,1,"S5","signal",1000,70,0.352588811263852,92.7423414633477,0,0,0,"none",0,1,1
0.50476613551569,0.309939323560727,1,1,0.309261186876907,NA,0.999961680946801,1,0.206985182833657,NA,0.797776175322734,1,0.290853645683666,0.260574949577939,NA,1,1,"S5","signal",1000,70,0.352588811263852,79.1127708364969,0,0,0,"none",0,2,1
0.481761361242939,0.281044523172352,1,1,0.324332908761558,NA,0.999980349813154,1,0.272343314835258,NA,0.941475136855382,1,0.287245725425244,0.250647417989354,NA,1,1,"S5","signal",1000,70,0.352588811263852,88.2771551293363,0,0,0,"none",0,3,1
0.43994706561306,0.311534860913582,1,1,0.299963170475985,NA,0.999984067800197,1,0.293299775332173,NA,0.994654844232694,1,0.291867335131007,0.423142072518316,NA,1,1,"S5","signal",1000,70,0.352588811263852,90.5710945667154,0,0,0,"none",0,4,1
0.472573001759997,0.2957079444768,1,1,0.277907614250328,NA,0.999789339245162,1,0.152344379454289,NA,0.634404824313572,1,0.281211957821814,0.237500022483073,NA,1,1,"S5","signal",1000,70,0.352588811263852,77.7502155685766,0,0,0,"none",0,5,1
0.499376148843202,0.312630502939539,1,1,0.319631861885108,NA,0.999942238330525,1,0.154659959607587,NA,0.612483789701996,1,0.29158583695882,0.365683252012673,NA,1,1,"S5","signal",1000,70,0.352588811263852,79.2184491270527,0,0,0,"none",0,6,1
0.500015505651623,0.3170050382454,1,1,0.345985033218528,NA,0.999996662823562,1,0.322335859038146,NA,0.989553683062378,1,0.341742873127653,0.219740680088125,NA,1,1,"S5","signal",1000,70,0.352588811263852,85.7149711910283,0,0,0,"none",0,7,1
0.442089506222079,0.316588542827968,1,1,0.270529081322909,NA,0.999628090307398,1,0.190912162612127,NA,0.756656755504712,1,0.331359944789311,0.258814289319202,NA,1,1,"S5","signal",1000,70,0.352588811263852,87.7519632310565,0,0,0,"none",0,8,1
0.460745800455063,0.289845084735174,1,1,0.220199945122493,NA,0.992379443960059,1,0.0916407803985207,NA,0.418468311865782,0,0.214202612769307,0.185977169471833,0.00536218883042462,0.981904522613065,1,"S5","signal",1000,70,0.352588811263852,64.4013703322358,0,0,0,"none",0,9,1
0.492963243250525,0.302478260791825,1,1,0.29077968047197,NA,0.999960816378263,1,0.236820787393559,NA,0.905386423791055,1,0.318700451895429,0.389671719261289,NA,1,1,"S5","signal",1000,70,0.352588811263852,91.1959800540377,0,0,0,"none",0,10,1
0.448881714966327,0.298575522144855,1,1,0.213550527308276,NA,0.99745404957346,1,0.128180672111588,NA,0.618676664380908,1,0.226288712821061,0.324859070340548,NA,1,1,"S5","signal",1000,70,0.352588811263852,92.0687082817743,0,0,0,"none",0,11,1
0.517995694106219,0.283103996669394,1,1,0.299131307192052,NA,0.999961883200958,1,0.232418946331543,NA,0.879102104117528,1,0.265474288067865,0.210288025245842,NA,1,1,"S5","signal",1000,70,0.352588811263852,88.6617206525546,0,0,0,"none",0,12,1
0.495336102065811,0.295432192059269,1,1,0.274721512037806,NA,0.99992706393509,1,0.155460644046191,NA,0.683149142917393,1,0.287427386173376,0.261342486580967,NA,1,1,"S5","signal",1000,70,0.352588811263852,89.5952853055645,0,0,0,"none",0,13,1
0.395463919139569,0.325721920252295,1,1,0.167877357064171,NA,0.958575938471003,1,0.0117433535750346,NA,0.0886621966135987,0,0.18964374110414,0.328023955021761,NA,1,1,"S5","signal",1000,70,0.352588811263852,66.7363762306914,0,0,0,"none",0,14,1
0.513718238512818,0.308926268735921,1,1,0.352307867852701,NA,0.999996081200019,1,0.32405112381843,NA,0.991429031734929,1,0.4052383566432,0.313094264719473,NA,1,1,"S5","signal",1000,70,0.352588811263852,90.1509389469686,0,0,0,"none",0,15,1
0.463413091863313,0.320757575602279,1,1,0.307561850972168,NA,0.999996347557862,1,0.233053132181735,NA,0.905787455420362,1,0.33526691486303,0.2853885589512,NA,1,1,"S5","signal",1000,70,0.352588811263852,108.043627926309,0,0,0,"none",0,16,1
0.48134932874295,0.312027022566784,1,1,0.345566739925559,NA,0.999998924383169,1,0.33820257144388,NA,0.998975086380498,1,0.340948561508557,0.270643126269939,NA,1,1,"S5","signal",1000,70,0.352588811263852,91.6987832192012,0,0,0,"none",0,17,1
0.480042401137526,0.30524751698952,1,1,0.280058187657741,NA,0.999700713981669,1,0.103384886388534,NA,0.465162116323427,0,0.29462122975807,0.375864977130212,NA,1,1,"S5","signal",1000,70,0.352588811263852,70.4197751368493,0,0,0,"none",0,18,1
0.447032989561171,0.32058516161423,1,1,0.226273983373466,NA,0.998588334492681,1,0.0690484816031237,NA,0.363571144454739,0,0.232953062490865,0.241061583160816,NA,1,1,"S5","signal",1000,70,0.352588811263852,84.1736814625098,0,0,0,"none",0,19,1
0.4840364531135,0.30719025901746,1,1,0.395279101407802,NA,0.999999974935486,1,0.377650290242236,NA,0.999926857498425,1,0.409596920329305,0.25271982905273,NA,1,1,"S5","signal",1000,70,0.352588811263852,96.3288668427056,0,0,0,"none",0,20,1
0.447656971512853,0.270559340028832,1,1,0.276037088343779,NA,0.999937663443057,1,0.256987556663789,NA,0.953450667769342,1,0.285169760114847,0.296321835769822,NA,1,1,"S5","signal",1000,70,0.352588811263852,88.7617621114445,0,0,0,"none",0,21,1
0.383869466125204,0.318066681634926,1,1,0.206990328479838,NA,0.98318269677801,1,0.0353191133481316,NA,0.189536973483413,0,0.219218165790819,0.322325062399897,NA,1,1,"S5","signal",1000,70,0.352588811263852,54.4509422710086,0,0,0,"none",0,22,1
0.499691172787106,0.290180906309292,1,1,0.39031077046496,NA,0.999999520469195,1,0.336636164908097,NA,0.990546682629424,1,0.384591641321162,0.400520010705251,NA,1,1,"S5","signal",1000,70,0.352588811263852,79.8114014194389,0,0,0,"none",0,23,1
0.484109481014753,0.27609559130167,1,1,0.3523358427389,NA,0.999991984896661,1,0.334990041019339,NA,0.984934395967972,1,0.364907079308777,0.3082237274343,NA,1,1,"S5","signal",1000,70,0.352588811263852,67.3585234852553,0,0,0,"none",0,24,1
0.480199738125581,0.277456316788453,1,1,0.2690902695781,NA,0.999815684656756,1,0.118518815425734,NA,0.553495953010298,1,0.307858862314847,0.252813711617193,NA,1,1,"S5","signal",1000,70,0.352588811263852,85.5298747395112,0,0,0,"none",0,25,1
0.538729699002804,0.299878335107612,1,1,0.438365710967402,NA,0.999999999576967,1,0.386081220748905,NA,0.999822410618046,1,0.406373078223907,0.288601817972411,NA,1,1,"S5","signal",1000,70,0.352588811263852,96.3410143417525,0,0,0,"none",0,26,1
0.475894168807482,0.287662806303871,1,1,0.401809558403406,NA,0.999999989715368,1,0.376257464723965,NA,0.999645426483375,1,0.459722021874064,0.449499898380312,NA,1,1,"S5","signal",1000,70,0.352588811263852,92.8777784624366,0,0,0,"none",0,27,1
0.523830534276279,0.317903730946774,1,1,0.328162007232637,NA,0.999973673483967,1,0.315117628162455,NA,0.980130129554453,1,0.291536353455605,0.359267521041705,NA,1,1,"S5","signal",1000,70,0.352588811263852,79.6724025017508,0,0,0,"none",0,28,1
0.54261992320665,0.28926189678613,1,1,0.321936717223746,NA,0.999949693793641,1,0.325676233179751,NA,0.990928409461267,1,0.366586489914454,0.170555952800271,NA,1,1,"S5","signal",1000,70,0.352588811263852,78.4886599134207,0,0,0,"none",0,29,1
0.530418707949251,0.304669886103747,1,1,0.370904293174985,NA,0.999996109806056,1,0.333521573000753,NA,0.992227197017687,1,0.317737687276367,0.309609144259403,NA,1,1,"S5","signal",1000,70,0.352588811263852,84.6768413957529,0,0,0,"none",0,30,1
0.43166660884653,0.286104417149945,1,1,0.326990671443553,NA,0.999994196015432,1,0.23555487335818,NA,0.89119644271416,1,0.275071802371303,0.415348709915859,NA,1,1,"S5","signal",1000,70,0.352588811263852,80.6398158533534,0,0,0,"none",0,31,1
0.475301440300938,0.301973269700993,1,1,0.402479045366217,NA,0.999999793029637,1,0.383919375717864,NA,0.998885075418919,1,0.372397544124993,0.310303031506715,NA,1,1,"S5","signal",1000,70,0.352588811263852,68.5396161539559,0,0,0,"none",0,32,1
0.470101125936708,0.299478449164707,1,1,0.25318442985958,NA,0.999223045508165,1,0.20197912577904,NA,0.809180726748894,1,0.261716592505871,0.186451028873068,0.000603030227080405,0.999396984924623,1,"S5","signal",1000,70,0.352588811263852,73.5186207907916,0,0,0,"none",0,33,1
0.481880212168414,0.324741560474209,1,1,0.295639591452911,NA,0.999937236955148,1,0.278239366105641,NA,0.954279340832264,1,0.32759432650537,0.400979546606384,NA,1,1,"S5","signal",1000,70,0.352588811263852,82.8625326361818,0,0,0,"none",0,34,1
0.512572931128741,0.284841635503528,1,1,0.332126211633953,NA,0.999991188974146,1,0.284001350824126,NA,0.949733553471771,1,0.387766501312,0.256337184035274,NA,1,1,"S5","signal",1000,70,0.352588811263852,85.0375706487184,0,0,0,"none",0,35,1
0.519710981905834,0.313101573563609,1,1,0.245466842626273,NA,0.996460606222217,1,0.0503270984567017,NA,0.252727317007853,0,0.254160552876485,0.330652466896629,NA,1,1,"S5","signal",1000,70,0.352588811263852,71.1024334651706,0,0,0,"none",0,36,1
0.481368758879549,0.319473504756128,1,1,0.257763417498399,NA,0.999763167133922,1,0.269006706497764,NA,0.984025115328053,1,0.246381024019765,0.312678860258066,NA,1,1,"S5","signal",1000,70,0.352588811263852,93.8945436159318,0,0,0,"none",0,37,1
0.541026848672007,0.282770587615884,1,1,0.286073056066308,NA,0.999770220131084,1,0.21488571424517,NA,0.833816130821993,1,0.315301105300436,0.252393797012682,NA,1,1,"S5","signal",1000,70,0.352588811263852,70.4126457866533,0,0,0,"none",0,38,1
0.527598160067511,0.280442864228332,1,1,0.319263799087439,NA,0.999987592207119,1,0.207624548097771,NA,0.811742237946507,1,0.351443371099393,0.294187542084931,NA,1,1,"S5","signal",1000,70,0.352588811263852,84.7339628770505,0,0,0,"none",0,39,1
0.521437663251718,0.308589980104921,1,1,0.318111888059687,NA,0.999989891217241,1,0.269792463717916,NA,0.95142082147759,1,0.343274182484542,0.276778185753119,NA,1,1,"S5","signal",1000,70,0.352588811263852,88.6576213934576,0,0,0,"none",0,40,1
0.498860098321851,0.283006557045436,1,1,0.37404127673837,NA,0.999989497304513,1,0.36228902399225,NA,0.992307594604531,1,0.351647010927093,0.341709876866596,NA,1,1,"S5","signal",1000,70,0.352588811263852,61.5571894465466,0,0,0,"none",0,41,1
0.433148182039005,0.282076364450069,1,1,0.272493177550649,NA,0.999886381729687,1,0.126634192746221,NA,0.593035741368769,1,0.259558974656923,0.303049010413032,NA,1,1,"S5","signal",1000,70,0.352588811263852,82.9882511625489,0,0,0,"none",0,42,1
0.421591995850484,0.292332595846913,1,1,0.21442366128765,NA,0.997390418600696,1,0.0598636668024647,NA,0.325423768779611,0,0.230514554778,0.313376341664106,NA,1,1,"S5","signal",1000,70,0.352588811263852,83.8292596981835,0,0,0,"none",0,43,1
0.48581240933116,0.279361443540468,1,1,0.302468671167054,NA,0.999886408893014,1,0.203620316196031,NA,0.777812169850467,1,0.276803337782813,0.205906539271037,0.0003668433881406,0.999633165829146,1,"S5","signal",1000,70,0.352588811263852,67.7487785989578,0,0,0,"none",0,44,1
0.529163968365823,0.319194841226547,1,1,0.360458313956133,NA,0.999998102088787,1,0.338871980955635,NA,0.997531214832462,1,0.419901378927491,0.272691058230075,NA,1,1,"S5","signal",1000,70,0.352588811263852,87.9190898897281,0,0,0,"none",0,45,1
0.469004918450287,0.2904377160238,1,1,0.261352017241428,NA,0.999680696148095,1,0.233888020768726,NA,0.913784077206338,1,0.213155221545666,0.371337335371004,NA,1,1,"S5","signal",1000,70,0.352588811263852,80.9528975456707,0,0,0,"none",0,46,1
0.521181745314348,0.314094116405564,1,1,0.317706218646078,NA,0.999978977254266,1,0.248521345114918,NA,0.904522136455015,1,0.299111861333257,0.416678517812948,NA,1,1,"S5","signal",1000,70,0.352588811263852,90.1652770836397,0,0,0,"none",0,47,1
0.517830095483096,0.307967728457903,1,1,0.329566792940056,NA,0.999962463812364,1,0.286447634398171,NA,0.953740550349757,1,0.278427461698261,0.236727906276391,NA,1,1,"S5","signal",1000,70,0.352588811263852,71.2598755739205,0,0,0,"none",0,48,1
0.489426912275356,0.295383155192394,1,1,0.304957640761959,NA,0.999943398659116,1,0.260480518673713,NA,0.921945706257166,1,0.307902636719211,0.336519496315462,NA,1,1,"S5","signal",1000,70,0.352588811263852,81.4212723985433,0,0,0,"none",0,49,1
0.588828730808205,0.312307350132924,1,1,0.341528118005772,NA,0.999993561007251,1,0.226457714039453,NA,0.822491449717856,1,0.338463532073255,0.256491935813245,NA,1,1,"S5","signal",1000,70,0.352588811263852,86.2389356739816,0,0,0,"none",0,50,1
0.371431262602105,0.272571634473551,1,1,0.136349241689961,NA,0.957997141723969,1,0.0104994741205449,NA,0.0944522823281111,0,0.142381070329907,0.299208455394967,NA,1,1,"S5","signal",1000,70,0.352588811263852,86.0558979265116,0,0,0,"none",0,51,1
0.502116716410187,0.302281964602159,1,1,0.241125010999719,NA,0.999131736029709,1,0.212842088747284,NA,0.871853638495154,1,0.22027404971149,0.327702629632565,NA,1,1,"S5","signal",1000,70,0.352588811263852,83.1193902080551,0,0,0,"none",0,52,1
0.471884773305078,0.291991016760664,1,1,0.345408211824855,NA,0.999983041999852,1,0.326770596990518,NA,0.980224609993658,1,0.362248490174116,0.247040954313589,NA,1,1,"S5","signal",1000,70,0.352588811263852,71.9894164912787,0,0,0,"none",0,53,1
0.400858731521751,0.290169709379533,1,1,0.181204350187232,NA,0.979396350299879,1,0.0349159569513434,NA,0.205256659405186,0,0.143452942604924,0.331543862377253,NA,1,1,"S5","signal",1000,70,0.352588811263852,67.957753906908,0,0,0,"none",0,54,1
0.509353523692602,0.295744657852368,1,1,0.382360101539608,NA,0.999999515706909,1,0.34012173292721,NA,0.99552972696494,1,0.323385985080226,0.271190349580455,NA,1,1,"S5","signal",1000,70,0.352588811263852,81.8276151916271,0,0,0,"none",0,55,1
0.460918721518033,0.289051321370603,1,1,0.347821654595435,NA,0.999987408967651,1,0.280485058986797,NA,0.921832714852687,1,0.358872821777475,0.366777624444628,NA,1,1,"S5","signal",1000,70,0.352588811263852,72.8942314442932,0,0,0,"none",0,56,1
0.448831145481629,0.275111444737095,1,1,0.25326169511695,NA,0.999705670845919,1,0.23275471059349,NA,0.937309833949352,1,0.260572429623607,0.196021463459109,0.00142717153742371,0.998572864321608,1,"S5","signal",1000,70,0.352588811263852,89.3409162494098,0,0,0,"none",0,57,1
0.488425754372352,0.292388540338089,1,1,0.333683272578342,NA,0.999995842504091,1,0.296125478478078,NA,0.977158655763435,1,0.296637712057957,0.360760167559023,NA,1,1,"S5","signal",1000,70,0.352588811263852,92.3143312481977,0,0,0,"none",0,58,1
0.435884043552377,0.293083779890682,1,1,0.317297689097847,NA,0.999990028985952,1,0.303478553152146,NA,0.988272084580885,1,0.356214872366709,0.267860405796532,NA,1,1,"S5","signal",1000,70,0.352588811263852,81.7819653154447,0,0,0,"none",0,59,1
0.518537680995993,0.316117604594988,1,1,0.355994089994297,NA,0.999997433477906,1,0.337717624770259,NA,0.996192693807119,1,0.341621910342921,0.335233293312684,NA,1,1,"S5","signal",1000,70,0.352588811263852,89.292844188868,0,0,0,"none",0,60,1
0.512170708204592,0.309728462382255,1,1,0.459256422191168,NA,0.999999999204645,1,0.406962107616405,NA,0.999900895055186,1,0.574547870788511,0.35367008238152,NA,1,1,"S5","signal",1000,70,0.352588811263852,82.9775025160142,0,0,0,"none",0,61,1
0.500954482570393,0.280182873916714,1,1,0.387878584075616,NA,0.999999742870175,1,0.348182622109242,NA,0.998187058628719,1,0.412190965184538,0.366888928926577,NA,1,1,"S5","signal",1000,70,0.352588811263852,86.5033793487213,0,0,0,"none",0,62,1
0.451140970526595,0.267832819267481,1,1,0.324594009431198,NA,0.999991394069041,1,0.337138460337452,NA,0.998213099412882,1,0.383482090870495,0.335480579549549,NA,1,1,"S5","signal",1000,70,0.352588811263852,88.4666034491797,0,0,0,"none",0,63,1
0.505243807557976,0.296380401329696,1,1,0.287946827450443,NA,0.99976840863134,1,0.279265002737302,NA,0.941667295696203,1,0.280351035409092,0.41513346542012,NA,1,1,"S5","signal",1000,70,0.352588811263852,72.1085263532653,0,0,0,"none",0,64,1
0.507300845953289,0.320183083654721,1,1,0.343465513140628,NA,0.999999003424822,1,0.291860150200252,NA,0.98490274852642,1,0.335062574347759,0.425380391023812,NA,1,1,"S5","signal",1000,70,0.352588811263852,95.691726993393,0,0,0,"none",0,65,1
0.493787683004737,0.299804695515991,1,1,0.201498485504432,NA,0.984276561968441,1,0.0469591026894256,NA,0.240327898298254,0,0.159561127835753,0.26823148173552,0.000135681801093118,0.99986432160804,1,"S5","signal",1000,70,0.352588811263852,63.7453091599148,0,0,0,"none",0,66,1
0.483280189580875,0.292267685033753,1,1,0.325794787699542,NA,0.99999720071691,1,0.320874435320111,NA,0.997165587179306,1,0.320069236764451,0.247000290264882,NA,1,1,"S5","signal",1000,70,0.352588811263852,92.5017907583225,0,0,0,"none",0,67,1
0.521107242708028,0.287496680456909,1,1,0.304699069240583,NA,0.99992232445521,1,0.281951638405469,NA,0.958964833778085,1,0.291127471422971,0.27753408646969,NA,1,1,"S5","signal",1000,70,0.352588811263852,78.2072491967916,0,0,0,"none",0,68,1
0.450336385297652,0.296234973897482,1,1,0.38687260387328,NA,0.999999938882638,1,0.370964882910551,NA,0.999880416907687,1,0.422108787612624,0.46381341079103,NA,1,1,"S5","signal",1000,70,0.352588811263852,91.3200767559328,0,0,0,"none",0,69,1
0.463202377850673,0.323147047091485,1,1,0.324032934348667,NA,0.999992080523691,1,0.278125962317866,NA,0.964364683351479,1,0.280304406766323,0.28653272954235,NA,1,1,"S5","signal",1000,70,0.352588811263852,92.1812198382146,0,0,0,"none",0,70,1
0.474766892743426,0.298657128556254,1,1,0.2815789820311,NA,0.999619038230821,1,0.244307253881182,NA,0.864320130664183,1,0.287281035499226,0.195833664967259,NA,1,1,"S5","signal",1000,70,0.352588811263852,71.2220579311279,0,0,0,"none",0,71,1
0.493085004963036,0.311074030961725,1,1,0.212608951515122,NA,0.996469957097366,1,0.221789468811542,NA,0.891917715583946,1,0.236970407904695,0.281232781303297,NA,1,1,"S5","signal",1000,70,0.352588811263852,82.941385700136,0,0,0,"none",0,72,1
0.526165228996829,0.303834828374665,1,1,0.258379843126629,NA,0.999068910157153,1,0.147275887005104,NA,0.615228554516516,1,0.271528042682167,0.364481101348266,NA,1,1,"S5","signal",1000,70,0.352588811263852,76.1576786780204,0,0,0,"none",0,73,1
0.529071376761493,0.295554531182725,1,1,0.421947386801708,NA,0.999999992160591,1,0.372115719915148,NA,0.999344689763766,1,0.436432604664443,0.291054855148026,NA,1,1,"S5","signal",1000,70,0.352588811263852,96.6226490687973,0,0,0,"none",0,74,1
0.467660602617488,0.289423766210291,1,1,0.264693444099443,NA,0.999627366315382,1,0.214959219928545,NA,0.847059609606227,1,0.241845091961499,0.227406700288327,NA,1,1,"S5","signal",1000,70,0.352588811263852,75.4977324176513,0,0,0,"none",0,75,1
0.52777093274845,0.319997526147902,1,1,0.29468239752473,NA,0.999951863385565,1,0.238578694017441,NA,0.889176523073786,1,0.307306829189044,0.252356530820273,NA,1,1,"S5","signal",1000,70,0.352588811263852,84.9480269552063,0,0,0,"none",0,76,1
0.475868125600737,0.300227913314845,1,1,0.339224696243485,NA,0.999997799104302,1,0.305371506643002,NA,0.9919376303789,1,0.349782975366781,0.238132997311692,NA,1,1,"S5","signal",1000,70,0.352588811263852,86.0968401435528,0,0,0,"none",0,77,1
0.510688586920344,0.308406099458106,1,1,0.379055996499573,NA,0.999989118765081,1,0.337783675064805,NA,0.978158503675059,1,0.362022511731171,0.185932177144829,NA,1,1,"S5","signal",1000,70,0.352588811263852,63.8939161217183,0,0,0,"none",0,78,1
0.513047356804595,0.31098161773775,1,1,0.290717559501618,NA,0.999949776714788,1,0.287430725790614,NA,0.985938703784237,1,0.284257524296688,0.319612170154083,NA,1,1,"S5","signal",1000,70,0.352588811263852,96.5729271698546,0,0,0,"none",0,79,1
0.496125416087184,0.287830696848417,1,1,0.346735595131318,NA,0.999994605507828,1,0.303834546042987,NA,0.970480287925215,1,0.323270541040256,0.211562370701982,NA,1,1,"S5","signal",1000,70,0.352588811263852,80.6810418116836,0,0,0,"none",0,80,1
0.494463141662041,0.31869695709304,1,1,0.379231052824661,NA,0.999999951830914,1,0.345676933525438,NA,0.999219982270736,1,0.395510029089306,0.452402808101733,NA,1,1,"S5","signal",1000,70,0.352588811263852,95.1459121565789,0,0,0,"none",0,81,1
0.526849891491988,0.302238464307057,1,1,0.42913287476846,NA,0.999999999006264,1,0.422292245359266,NA,0.999995715599267,1,0.416258589904119,0.335535843969883,NA,1,1,"S5","signal",1000,70,0.352588811263852,100.515129805034,0,0,0,"none",0,82,1
0.468882487769408,0.301531800371782,1,1,0.292998625433213,NA,0.999915076279826,1,0.275105364385441,NA,0.975076010332862,1,0.301683556699852,0.20301026925719,NA,1,1,"S5","signal",1000,70,0.352588811263852,86.0116308354162,0,0,0,"none",0,83,1
0.444263677065507,0.312358692725092,1,1,0.260571418725189,NA,0.999721854849898,1,0.206018361881424,NA,0.83405085191627,1,0.264871443118077,0.335322341938825,NA,1,1,"S5","signal",1000,70,0.352588811263852,92.1277062426927,0,0,0,"none",0,84,1
0.503867080654141,0.289405066709731,1,1,0.20983295804845,NA,0.988878424905019,1,0.0200240458523754,NA,0.122355699297453,0,0.216245892786357,0.383388491799942,NA,1,1,"S5","signal",1000,70,0.352588811263852,66.4619283125427,0,0,0,"none",0,85,1
0.460291550826729,0.312065275524517,1,1,0.238010069621901,NA,0.999511143775234,1,0.172890956016892,NA,0.772706392613249,1,0.254157987083924,0.407624956291118,NA,1,1,"S5","signal",1000,70,0.352588811263852,99.3976326650836,0,0,0,"none",0,86,1
0.455223276466592,0.296982109308652,1,1,0.399577160832276,NA,0.99999994409772,1,0.388098586623018,NA,0.999949025930392,1,0.413377349942243,0.370578694585957,NA,1,1,"S5","signal",1000,70,0.352588811263852,78.2391581981996,0,0,0,"none",0,87,1
0.487526317701536,0.301819500339016,1,1,0.285848167179684,NA,0.999896947921998,1,0.17471037441575,NA,0.706374397362998,1,0.304635672277497,0.363351733062769,NA,1,1,"S5","signal",1000,70,0.352588811263852,82.6133396962788,0,0,0,"none",0,88,1
0.518670052005908,0.293650880581143,1,1,0.344268801243931,NA,0.999998569923297,1,0.282292639220294,NA,0.967743442032687,1,0.38191417337172,0.299165683826581,NA,1,1,"S5","signal",1000,70,0.352588811263852,93.5182026677392,0,0,0,"none",0,89,1
0.437604860699209,0.293680294852339,1,1,0.259761554037119,NA,0.99951627375552,1,0.103128474206644,NA,0.483103909499703,0,0.29121616248231,0.253838715819042,NA,1,1,"S5","signal",1000,70,0.352588811263852,81.2186667924395,0,0,0,"none",0,90,1
0.480159481649452,0.268273125007134,1,1,0.225600621257139,NA,0.998365858657822,1,0.103466550288675,NA,0.516472895075187,1,0.192206027316969,0.211144459283304,0.00179499514737508,0.997502512562814,1,"S5","signal",1000,70,0.352588811263852,89.1599064268654,0,0,0,"none",0,91,1
0.498927705571368,0.30943768436234,1,1,0.245771494987367,NA,0.998268157355532,1,0.135892083975729,NA,0.596223004906935,1,0.265149884316914,0.40498970577807,NA,1,1,"S5","signal",1000,70,0.352588811263852,84.5280503730466,0,0,0,"none",0,92,1
0.518651024295921,0.306764661444859,1,1,0.215922095088882,NA,0.987244701484757,1,0.0438648997060098,NA,0.220065885725323,0,0.155733446838473,0.256264141678666,0.00210669734271573,0.997650753768844,1,"S5","signal",1000,70,0.352588811263852,54.7312737246972,0,0,0,"none",0,93,1
0.474841115390364,0.288659710935095,1,1,0.313833975630308,NA,0.999992105393169,1,0.267752887413897,NA,0.955554383934918,1,0.313790755435671,0.25731541007177,NA,1,1,"S5","signal",1000,70,0.352588811263852,93.7048194169965,0,0,0,"none",0,94,1
0.526618605571094,0.308275434622146,1,1,0.424440146100968,NA,0.999999996147443,1,0.38246978775232,NA,0.999855888429203,1,0.408286009120837,0.313103832151577,NA,1,1,"S5","signal",1000,70,0.352588811263852,82.9686670977681,0,0,0,"none",0,95,1
0.459212808019444,0.314565338928385,1,1,0.207588411567208,NA,0.996661050136661,1,0.108433699185534,NA,0.540133119852948,1,0.228452418139591,0.263603016075902,NA,1,1,"S5","signal",1000,70,0.352588811263852,95.0012019299141,0,0,0,"none",0,96,1
0.476542429065969,0.311178367840914,1,1,0.240285968294626,NA,0.996715818120611,1,0.233326457631143,NA,0.859578836259352,1,0.205238442228343,0.273133695696548,NA,1,1,"S5","signal",1000,70,0.352588811263852,72.8915631067605,0,0,0,"none",0,97,1
0.51216467764017,0.315110069657115,1,1,0.295335941255476,NA,0.999952624843742,1,0.244684146678071,NA,0.91991852113538,1,0.315741732042232,0.271858244689907,NA,1,1,"S5","signal",1000,70,0.352588811263852,93.6073159257946,0,0,0,"none",0,98,1
0.490473301661852,0.268191171652983,1,1,0.32026307307021,NA,0.999941655352375,1,0.26679934698334,NA,0.900195055694494,1,0.330552075442903,0.235098123454202,NA,1,1,"S5","signal",1000,70,0.352588811263852,73.2290881481936,0,0,0,"none",0,99,1
0.496835837372742,0.288065411113567,1,1,0.377913735743859,NA,0.999999802420252,1,0.350825421571041,NA,0.998880258457138,1,0.375585945261225,0.269373562206758,NA,1,1,"S5","signal",1000,70,0.352588811263852,80.6499152793106,0,0,0,"none",0,100,1
0.47283331741413,0.307543974821977,1,1,0.270655310443306,NA,0.999993317921926,1,0.256743633932293,NA,0.999907770981163,1,0.239474293161723,0.248181491241779,NA,1,1,"S5","signal",1000,70,0.352588811263852,139.784524220207,0.3,0,0,"none",0,1,1
0.421790131610617,0.319970289460866,1,1,0.292496618521681,NA,0.999998148564036,1,0.268695459004698,NA,0.999974466396818,1,0.333841868452865,0.401244893619793,NA,1,1,"S5","signal",1000,70,0.352588811263852,141.436006272234,0.3,0,0,"none",0,2,1
0.521880612027639,0.307523018541596,1,1,0.35195562856561,NA,0.999999878588629,1,0.308079157772015,NA,0.999979962862284,1,0.318704025910922,0.357223326892164,NA,1,1,"S5","signal",1000,70,0.352588811263852,128.443138075245,0.3,0,0,"none",0,3,1
0.449069956299674,0.324634073120815,1,1,0.305532830608431,NA,0.999994894826017,1,0.267806712870848,NA,0.999651438277142,1,0.265038819300905,0.300320211995163,NA,1,1,"S5","signal",1000,70,0.352588811263852,111.861664860794,0.3,0,0,"none",0,4,1
0.405201624511766,0.307821970684193,1,1,0.203197467335313,NA,0.99970563601516,1,0.17493511894559,NA,0.975427772809692,1,0.217083564757616,0.232994342991378,NA,1,1,"S5","signal",1000,70,0.352588811263852,157.912311251483,0.3,0,0,"none",0,5,1
0.450895212659778,0.279747306516454,1,1,0.25533583651089,NA,0.999996616754865,1,0.254679128436227,NA,0.999994602947089,1,0.263669455004329,0.25265982737245,NA,1,1,"S5","signal",1000,70,0.352588811263852,150.258684156033,0.3,0,0,"none",0,6,1
0.442050847464596,0.292285528085554,1,1,0.178534173785414,NA,0.996930444397806,1,0.0676256086667625,NA,0.493510267557465,0,0.219917516201869,0.311939450208461,NA,1,1,"S5","signal",1000,70,0.352588811263852,124.444264827191,0.3,0,0,"none",0,7,1
0.436039871364231,0.320430619640982,1,1,0.23653270658204,NA,0.999776158025211,1,0.201920390807417,NA,0.970873650321203,1,0.233249037571414,0.342589844211178,NA,1,1,"S5","signal",1000,70,0.352588811263852,116.788605093752,0.3,0,0,"none",0,8,1
0.448811568141789,0.316158052830138,1,1,0.213975714882506,NA,0.999074874195427,1,0.21723129217228,NA,0.991110886108776,1,0.209842807413896,0.315296048601214,NA,1,1,"S5","signal",1000,70,0.352588811263852,124.758910407353,0.3,0,0,"none",0,9,1
0.470382212662125,0.312373038894482,1,1,0.288882093453422,NA,0.999998621083637,1,0.253703109232941,NA,0.999873394064688,1,0.331115120354408,0.381981231258591,NA,1,1,"S5","signal",1000,70,0.352588811263852,159.052170971607,0.3,0,0,"none",0,10,1
0.427779973881441,0.310702619229973,1,1,0.275528363632394,NA,0.999999656868499,1,0.253741276233882,NA,0.999997230402571,1,0.341241671877055,0.331729024100539,NA,1,1,"S5","signal",1000,70,0.352588811263852,183.734592211016,0.3,0,0,"none",0,11,1
0.42872366078874,0.283039464148986,1,1,0.277668192410072,NA,0.999998968873778,1,0.236205248160081,NA,0.999817741922014,1,0.315551672447437,0.288646458698734,NA,1,1,"S5","signal",1000,70,0.352588811263852,145.796324887934,0.3,0,0,"none",0,12,1
0.463061308292302,0.303178224783212,1,1,0.357386506690742,NA,0.999999999150437,1,0.324139136202526,NA,0.999999939811435,1,0.338702566485512,0.38953039209726,NA,1,1,"S5","signal",1000,70,0.352588811263852,141.93470065063,0.3,0,0,"none",0,13,1
0.498275469509577,0.296357148033006,1,1,0.329280292459063,NA,0.999999983492499,1,0.30867213243466,NA,0.999999791512397,1,0.330850231333363,0.326739220462417,NA,1,1,"S5","signal",1000,70,0.352588811263852,139.759497957863,0.3,0,0,"none",0,14,1
0.447056238936327,0.311764261501374,1,1,0.213970760956659,NA,0.999653610979735,1,0.182335241257773,NA,0.965297999346109,1,0.192085069317739,0.203929634618897,NA,1,1,"S5","signal",1000,70,0.352588811263852,129.175982803871,0.3,0,0,"none",0,15,1
0.469902446144437,0.30398702725261,1,1,0.310640360299164,NA,0.999999837514923,1,0.258952144160132,NA,0.999895869203716,1,0.274472014573501,0.337112501349976,NA,1,1,"S5","signal",1000,70,0.352588811263852,139.48277700065,0.3,0,0,"none",0,16,1
0.517018525393462,0.314596613572152,1,1,0.488272517038617,NA,1,1,0.443585014732864,NA,1,1,0.474109478317461,0.307206285168019,NA,1,1,"S5","signal",1000,70,0.352588811263852,147.621186255133,0.3,0,0,"none",0,17,1
0.435836292434882,0.287736244071369,1,1,0.312068983786662,NA,0.99999955173578,1,0.312928636939244,NA,0.999999500692882,1,0.305529234181852,0.244835703536647,NA,1,1,"S5","signal",1000,70,0.352588811263852,131.532990301776,0.3,0,0,"none",0,18,1
0.456365904014402,0.297311562921389,1,1,0.291756901503717,NA,0.999984700396042,1,0.252023746092961,NA,0.996083405560013,1,0.277085372293536,0.374392003280166,NA,1,1,"S5","signal",1000,70,0.352588811263852,105.432128290402,0.3,0,0,"none",0,19,1
0.45524107801137,0.278408044602557,1,1,0.320905336471215,NA,0.999999804527314,1,0.291264515701533,NA,0.999992401172269,1,0.32088474162634,0.303205880991006,NA,1,1,"S5","signal",1000,70,0.352588811263852,121.574356222294,0.3,0,0,"none",0,20,1
0.481187180291327,0.272647895341192,1,1,0.308821675207538,NA,0.999999945100033,1,0.292468748104257,NA,0.999999698860565,1,0.295937238285631,0.318464225993458,NA,1,1,"S5","signal",1000,70,0.352588811263852,166.336211054859,0.3,0,0,"none",0,21,1
0.475923155422354,0.297419683582539,1,1,0.320155153837191,NA,0.99999992887709,1,0.276216860980402,NA,0.999984128273869,1,0.382374389507559,0.292292261782957,NA,1,1,"S5","signal",1000,70,0.352588811263852,141.882809652499,0.3,0,0,"none",0,22,1
0.473108044578677,0.293072727760193,1,1,0.309888324790486,NA,0.999999914573469,1,0.275605663466681,NA,0.999996373989878,1,0.316877674572614,0.313755694362769,NA,1,1,"S5","signal",1000,70,0.352588811263852,144.126118652522,0.3,0,0,"none",0,23,1
0.451923009329639,0.297951142141337,1,1,0.346965153424735,NA,0.999999999449917,1,0.295241262391076,NA,0.999999576944491,1,0.339826899322974,0.288461766738126,NA,1,1,"S5","signal",1000,70,0.352588811263852,156.80019637764,0.3,0,0,"none",0,24,1
0.482859212741529,0.307599384595261,1,1,0.265294621874631,NA,0.999970078498832,1,0.237743704343751,NA,0.99885888374534,1,0.277889713671377,0.277972616918071,NA,1,1,"S5","signal",1000,70,0.352588811263852,131.037054035663,0.3,0,0,"none",0,25,1
0.460947534355721,0.302739768457347,1,1,0.280329242166758,NA,0.999949540729772,1,0.215313557584856,NA,0.962153614752426,1,0.29111028090764,0.40114943492165,NA,1,1,"S5","signal",1000,70,0.352588811263852,92.6165912037924,0.3,0,0,"none",0,26,1
0.454563913044471,0.292582175099402,1,1,0.304045672777133,NA,0.999999880579027,1,0.273233744278597,NA,0.999997526865061,1,0.31135422409042,0.18441232788497,NA,1,1,"S5","signal",1000,70,0.352588811263852,128.105726617879,0.3,0,0,"none",0,27,1
0.453105210094469,0.285307463810315,1,1,0.35660288691453,NA,0.999999999689696,1,0.323073180302575,NA,0.999999996982805,1,0.325666279189878,0.282647961461727,NA,1,1,"S5","signal",1000,70,0.352588811263852,158.21117436434,0.3,0,0,"none",0,28,1
0.512717695887214,0.293789149129566,1,1,0.412685012077121,NA,0.999999999880477,1,0.368439630167782,NA,0.999999989323397,1,0.450603583362761,0.333742096971644,NA,1,1,"S5","signal",1000,70,0.352588811263852,128.265661091206,0.3,0,0,"none",0,29,1
0.412111370528327,0.309856184761567,1,1,0.270273172481417,NA,0.999996851519756,1,0.252717378560748,NA,0.999954380695513,1,0.304038262242788,0.286674207221379,NA,1,1,"S5","signal",1000,70,0.352588811263852,147.440569499551,0.3,0,0,"none",0,30,1
0.474148553203433,0.307224146403135,1,1,0.253022387861159,NA,0.999977967190395,1,0.220676704241155,NA,0.998165002021409,1,0.289389621026743,0.316881304394586,NA,1,1,"S5","signal",1000,70,0.352588811263852,130.500133234284,0.3,0,0,"none",0,31,1
0.478035298418904,0.296155540295047,1,1,0.305670074624957,NA,0.999996995725915,1,0.275509581979598,NA,0.999827884583667,1,0.346362786450628,0.286164759100291,NA,1,1,"S5","signal",1000,70,0.352588811263852,118.386293650979,0.3,0,0,"none",0,32,1
0.459358229067339,0.302143187252795,1,1,0.2792446558663,NA,0.999998707914676,1,0.280687359224712,NA,0.999999393650471,1,0.328363060795528,0.338243565460931,NA,1,1,"S5","signal",1000,70,0.352588811263852,149.709792400457,0.3,0,0,"none",0,33,1
0.49566498955562,0.293346636515339,1,1,0.225846327479293,NA,0.999307213007513,1,0.159997320091256,NA,0.842320746660568,1,0.25195833874734,0.251853003928721,NA,1,1,"S5","signal",1000,70,0.352588811263852,116.881690659195,0.3,0,0,"none",0,34,1
0.459453728879174,0.301275714583101,1,1,0.216713785494253,NA,0.99938814098916,1,0.130376994389088,NA,0.786272760854539,1,0.224643488689931,0.259766693655016,NA,1,1,"S5","signal",1000,70,0.352588811263852,116.267951523987,0.3,0,0,"none",0,35,1
0.440857781661903,0.305731454145783,1,1,0.317227939710934,NA,0.999999957938989,1,0.280246210794882,NA,0.999997793745957,1,0.380132396982071,0.337973619139945,NA,1,1,"S5","signal",1000,70,0.352588811263852,153.696635319946,0.3,0,0,"none",0,36,1
0.441036880258926,0.307205596738389,1,1,0.286325030789653,NA,0.999997953335427,1,0.255959503885937,NA,0.999226651919052,1,0.343164087749608,0.261504607552399,NA,1,1,"S5","signal",1000,70,0.352588811263852,126.797153844557,0.3,0,0,"none",0,37,1
0.499060297774857,0.297270507771124,1,1,0.31405159096723,NA,0.999999731040834,1,0.308366499447114,NA,0.999999689526148,1,0.272564594154322,0.361909183145211,NA,1,1,"S5","signal",1000,70,0.352588811263852,138.704396876441,0.3,0,0,"none",0,38,1
0.414177130225142,0.30884029008719,1,1,0.226147395340293,NA,0.999894118835432,1,0.217061152554413,NA,0.997826759213566,1,0.20790428078337,0.288711199572771,NA,1,1,"S5","signal",1000,70,0.352588811263852,141.574458253112,0.3,0,0,"none",0,39,1
0.448377368647142,0.310311911051451,1,1,0.300959575795172,NA,0.999999698322012,1,0.275147372823031,NA,0.999996847301958,1,0.3338845674284,0.283910612521531,NA,1,1,"S5","signal",1000,70,0.352588811263852,153.246509132991,0.3,0,0,"none",0,40,1
0.464683484328973,0.28512270755762,1,1,0.366879810581472,NA,0.999999998985512,1,0.353394743000327,NA,0.999999999345753,1,0.382096207894257,0.337744636730636,NA,1,1,"S5","signal",1000,70,0.352588811263852,136.314034767362,0.3,0,0,"none",0,41,1
0.482047856965125,0.321779023852819,1,1,0.372957989657694,NA,0.999999999936907,1,0.321281440041271,NA,0.999999980093317,1,0.372379151367334,0.367776508812075,NA,1,1,"S5","signal",1000,70,0.352588811263852,167.646050705041,0.3,0,0,"none",0,42,1
0.504308285230302,0.313219150407927,1,1,0.376438765048681,NA,0.999999998750915,1,0.318307040775503,NA,0.999997201896348,1,0.3542965255528,0.398367756202945,NA,1,1,"S5","signal",1000,70,0.352588811263852,132.978015782984,0.3,0,0,"none",0,43,1
0.447013208974786,0.299009395470277,1,1,0.236055755487712,NA,0.99987823420552,1,0.192734691290556,NA,0.98043044685005,1,0.274224582052989,0.200645090551186,NA,1,1,"S5","signal",1000,70,0.352588811263852,125.976133919687,0.3,0,0,"none",0,44,1
0.49239277489648,0.277301928826756,1,1,0.336823021051361,NA,0.999999928469656,1,0.299687998365903,NA,0.999986713622403,1,0.328619963374845,0.24833766168296,NA,1,1,"S5","signal",1000,70,0.352588811263852,130.335322168298,0.3,0,0,"none",0,45,1
0.493249084222484,0.303304294576733,1,1,0.351947000222887,NA,0.999999993848273,1,0.330138049016642,NA,0.999999918806945,1,0.316032385919369,0.36012097493109,NA,1,1,"S5","signal",1000,70,0.352588811263852,133.672976063063,0.3,0,0,"none",0,46,1
0.505538261483356,0.302502413569874,1,1,0.307370552268851,NA,0.99999972986467,1,0.263860979702604,NA,0.999932897300648,1,0.260958249823703,0.357741139470647,NA,1,1,"S5","signal",1000,70,0.352588811263852,142.312570307752,0.3,0,0,"none",0,47,1
0.520051070091017,0.315333977934638,1,1,0.411167592206003,NA,0.999999999956934,1,0.383081034369633,NA,0.999999999956056,1,0.380020800856249,0.278957377229025,NA,1,1,"S5","signal",1000,70,0.352588811263852,139.724386602476,0.3,0,0,"none",0,48,1
0.47649499641702,0.277659799946767,1,1,0.342829502147038,NA,0.999999996971766,1,0.301187910442547,NA,0.999999824008137,1,0.305776095027956,0.277252776822513,NA,1,1,"S5","signal",1000,70,0.352588811263852,149.184220651541,0.3,0,0,"none",0,49,1
0.418363841607643,0.318974256975105,1,1,0.260111516150836,NA,0.999985167685348,1,0.228203494281273,NA,0.998406314915245,1,0.267936068975319,0.237856244642091,NA,1,1,"S5","signal",1000,70,0.352588811263852,140.766645971018,0.3,0,0,"none",0,50,1
0.443740665259762,0.307091581813969,1,1,0.273134648738467,NA,0.999993422519275,1,0.247831401652577,NA,0.999812788515069,1,0.243226294552052,0.315458885635354,NA,1,1,"S5","signal",1000,70,0.352588811263852,135.701381675208,0.3,0,0,"none",0,51,1
0.475049387904864,0.283200504689781,1,1,0.247882714482358,NA,0.999981335418791,1,0.199236986946619,NA,0.991469677874404,1,0.280321262471367,0.270480796705895,NA,1,1,"S5","signal",1000,70,0.352588811263852,141.010069663734,0.3,0,0,"none",0,52,1
0.447072608902279,0.300330224515724,1,1,0.290584877985442,NA,0.99999941168656,1,0.268800871376151,NA,0.999969171847301,1,0.289914095559208,0.258164533745832,NA,1,1,"S5","signal",1000,70,0.352588811263852,133.233564100077,0.3,0,0,"none",0,53,1
0.497560892547505,0.302135284645678,1,1,0.333536992723733,NA,0.999999996174435,1,0.290407717005121,NA,0.999999443107365,1,0.339329104804757,0.244612473317796,NA,1,1,"S5","signal",1000,70,0.352588811263852,149.99319790928,0.3,0,0,"none",0,54,1
0.438186587038788,0.310809176012707,1,1,0.286915863205158,NA,0.999996081882,1,0.278907691994463,NA,0.999987187930995,1,0.299815910205582,0.333872066746353,NA,1,1,"S5","signal",1000,70,0.352588811263852,124.059144852029,0.3,0,0,"none",0,55,1
0.4146639470725,0.302277387600779,1,1,0.190124391010316,NA,0.99834510820378,1,0.121755471760103,NA,0.772600082142246,1,0.183219814924317,0.384244845514926,NA,1,1,"S5","signal",1000,70,0.352588811263852,134.574317236719,0.3,0,0,"none",0,56,1
0.449739804332352,0.309275333826946,1,1,0.315910270493538,NA,0.999999933756131,1,0.278065934847847,NA,0.999989150027083,1,0.364985577995114,0.250466505648437,NA,1,1,"S5","signal",1000,70,0.352588811263852,142.005736082072,0.3,0,0,"none",0,57,1
0.480262611718937,0.318064179987296,1,1,0.354083042532319,NA,0.999999992681996,1,0.303622972494206,NA,0.999990757442935,1,0.36930958407503,0.281220942570402,NA,1,1,"S5","signal",1000,70,0.352588811263852,137.326046504273,0.3,0,0,"none",0,58,1
0.473727150267322,0.287782571331533,1,1,0.369543173404392,NA,0.999999989189913,1,0.33305783024502,NA,0.999999713767612,1,0.312364713525653,0.340123468365408,NA,1,1,"S5","signal",1000,70,0.352588811263852,123.337782697785,0.3,0,0,"none",0,59,1
0.500690881919042,0.287438606633895,1,1,0.382384630391384,NA,0.999999999877021,1,0.337824871308889,NA,0.999999974504282,1,0.353524904831913,0.334156514863116,NA,1,1,"S5","signal",1000,70,0.352588811263852,133.102404971522,0.3,0,0,"none",0,60,1
0.406611878841948,0.315259870191006,1,1,0.3316763116208,NA,0.999999998735822,1,0.303161031998971,NA,0.999999988841208,1,0.374552876863658,0.329067451443255,NA,1,1,"S5","signal",1000,70,0.352588811263852,159.083457198571,0.3,0,0,"none",0,61,1
0.509523026272208,0.276261901980496,1,1,0.317884254985968,NA,0.99999905233123,1,0.273805717196744,NA,0.999693432786047,1,0.349093116417587,0.252558446004037,NA,1,1,"S5","signal",1000,70,0.352588811263852,124.6706597735,0.3,0,0,"none",0,62,1
0.439005465655552,0.296418305102118,1,1,0.319669114364614,NA,0.999999981302074,1,0.290943263334053,NA,0.999999649589026,1,0.342612464978029,0.293552186540821,NA,1,1,"S5","signal",1000,70,0.352588811263852,144.931350019743,0.3,0,0,"none",0,63,1
0.468158298609077,0.289883201246583,1,1,0.402383470591465,NA,0.999999999999623,1,0.335203796870295,NA,0.999999997590389,1,0.382150038256306,0.342322945318554,NA,1,1,"S5","signal",1000,70,0.352588811263852,145.197432058746,0.3,0,0,"none",0,64,1
0.487688608849874,0.311996208881757,1,1,0.349164919839746,NA,0.999999969161757,1,0.298572713369434,NA,0.999979677978144,1,0.352949588098771,0.393750497816968,NA,1,1,"S5","signal",1000,70,0.352588811263852,122.347726050864,0.3,0,0,"none",0,65,1
0.41716742832406,0.334547462765568,1,1,0.211797328338408,NA,0.99925039834271,1,0.178067510588729,NA,0.952292892476711,1,0.19800908640923,0.31412529071116,NA,1,1,"S5","signal",1000,70,0.352588811263852,131.943987030543,0.3,0,0,"none",0,66,1
0.455252328529224,0.258040081367034,1,1,0.290962774630778,NA,0.999999548405198,1,0.276716518218821,NA,0.999995246429642,1,0.285866999691402,0.238348068097884,NA,1,1,"S5","signal",1000,70,0.352588811263852,135.234655766321,0.3,0,0,"none",0,67,1
0.470024197542842,0.285830105422314,1,1,0.320504068804842,NA,0.999999946951694,1,0.301983237574227,NA,0.999999749854662,1,0.342255187166439,0.318431771037963,NA,1,1,"S5","signal",1000,70,0.352588811263852,142.47660909011,0.3,0,0,"none",0,68,1
0.483485359252821,0.297514457258985,1,1,0.187311676776145,NA,0.994146462796719,1,0.102195850587338,NA,0.610301232087718,1,0.138511395598666,0.286602830800574,NA,1,1,"S5","signal",1000,70,0.352588811263852,113.405263209273,0.3,0,0,"none",0,69,1
0.459118598515566,0.310808784530612,1,1,0.235570986529005,NA,0.999317675162885,1,0.242220471912602,NA,0.995563902283374,1,0.192260072178228,0.319834720895328,NA,1,1,"S5","signal",1000,70,0.352588811263852,109.001199641478,0.3,0,0,"none",0,70,1
0.436117356749431,0.280797755243278,1,1,0.299182356812549,NA,0.999999909671789,1,0.27389112952891,NA,0.999995705987978,1,0.305771422351604,0.290856476237339,NA,1,1,"S5","signal",1000,70,0.352588811263852,160.590056831071,0.3,0,0,"none",0,71,1
0.46046168138797,0.312081270464384,1,1,0.293154249012931,NA,0.999997699434447,1,0.269510811678541,NA,0.999661613150639,1,0.321821815076944,0.283741153650923,NA,1,1,"S5","signal",1000,70,0.352588811263852,128.75455109365,0.3,0,0,"none",0,72,1
0.487484029638476,0.301631601728607,1,1,0.361946665644628,NA,0.999999956314108,1,0.337856208839838,NA,0.999999649389332,1,0.367961950895821,0.273752561010799,NA,1,1,"S5","signal",1000,70,0.352588811263852,112.375719544503,0.3,0,0,"none",0,73,1
0.487513270375445,0.297336820582058,1,1,0.338917668330452,NA,0.999999995330982,1,0.317893787097515,NA,0.999999998636234,1,0.305632937972689,0.34493023966442,NA,1,1,"S5","signal",1000,70,0.352588811263852,166.949224562553,0.3,0,0,"none",0,74,1
0.463734619975065,0.286925667713454,1,1,0.324099710108696,NA,0.999999958563435,1,0.314018238974359,NA,0.999999983522723,1,0.326552620234761,0.256971305556258,NA,1,1,"S5","signal",1000,70,0.352588811263852,144.445039713317,0.3,0,0,"none",0,75,1
0.475653627037592,0.314762491608049,1,1,0.379655498832974,NA,0.999999999607623,1,0.3363955525678,NA,0.999999992683935,1,0.406300756743779,0.346270124556131,NA,1,1,"S5","signal",1000,70,0.352588811263852,151.20591517898,0.3,0,0,"none",0,76,1
0.487182788703759,0.305171752906423,1,1,0.286570397953095,NA,0.99999710568705,1,0.26570696397733,NA,0.999939741222117,1,0.263078310509637,0.337489137327909,NA,1,1,"S5","signal",1000,70,0.352588811263852,124.312267969435,0.3,0,0,"none",0,77,1
0.463915185103477,0.28412389203173,1,1,0.351826224047564,NA,0.999999931508593,1,0.3076032605247,NA,0.999974013073354,1,0.34202928376993,0.309044671698176,NA,1,1,"S5","signal",1000,70,0.352588811263852,114.844932371019,0.3,0,0,"none",0,78,1
0.46788595382246,0.30127095027224,1,1,0.28671847299354,NA,0.999996709759042,1,0.278396630302537,NA,0.999980494520607,1,0.311712907859742,0.329553911361617,NA,1,1,"S5","signal",1000,70,0.352588811263852,139.240726956346,0.3,0,0,"none",0,79,1
0.466288516645977,0.311560614919413,1,1,0.381861885636828,NA,0.999999999668051,1,0.351459821843388,NA,0.99999999656668,1,0.411473424820099,0.463395464066586,NA,1,1,"S5","signal",1000,70,0.352588811263852,143.526461814613,0.3,0,0,"none",0,80,1
0.501789661125192,0.282391374779851,1,1,0.249061642089524,NA,0.999885248650571,1,0.230690327364871,NA,0.990885904132143,1,0.184731313545357,0.246887839914661,NA,1,1,"S5","signal",1000,70,0.352588811263852,120.768933582071,0.3,0,0,"none",0,81,1
0.442123419044515,0.294128331635447,1,1,0.250485029044354,NA,0.999976209448504,1,0.220976099257607,NA,0.99863183937783,1,0.234669694645243,0.31377354863825,NA,1,1,"S5","signal",1000,70,0.352588811263852,135.646300639904,0.3,0,0,"none",0,82,1
0.442492239024751,0.290965553445844,1,1,0.234814766440306,NA,0.999962491417684,1,0.208321182127644,NA,0.995300715848969,1,0.24311972849189,0.258714310710323,NA,1,1,"S5","signal",1000,70,0.352588811263852,151.770950974597,0.3,0,0,"none",0,83,1
0.496092974368765,0.306985874498939,1,1,0.316504982597193,NA,0.999999857361487,1,0.286852382609687,NA,0.999995872771281,1,0.320068480440391,0.21460266516791,NA,1,1,"S5","signal",1000,70,0.352588811263852,139.565606732501,0.3,0,0,"none",0,84,1
0.440815310482902,0.315825105635423,1,1,0.302166092795155,NA,0.999997363376814,1,0.272533754193661,NA,0.999778762669845,1,0.2839024400146,0.259172167703325,NA,1,1,"S5","signal",1000,70,0.352588811263852,118.443614154329,0.3,0,0,"none",0,85,1
0.524209901999332,0.321769997340517,1,1,0.349170356533471,NA,0.999999953815188,1,0.324657626374248,NA,0.999999277054563,1,0.371248665809256,0.325805602497598,NA,1,1,"S5","signal",1000,70,0.352588811263852,119.587953567262,0.3,0,0,"none",0,86,1
0.431666936559877,0.281443609622624,1,1,0.320745722912293,NA,0.999999488144292,1,0.288535102357356,NA,0.9999541184585,1,0.310739255154292,0.295821550783182,NA,1,1,"S5","signal",1000,70,0.352588811263852,120.301968585198,0.3,0,0,"none",0,87,1
0.44596498813483,0.297455258084573,1,1,0.325482559611797,NA,0.999999818988376,1,0.277864477443615,NA,0.999931745395833,1,0.336472098163887,0.274843859714407,NA,1,1,"S5","signal",1000,70,0.352588811263852,116.121641232519,0.3,0,0,"none",0,88,1
0.478084426800137,0.307333635389519,1,1,0.345083713333581,NA,0.999999990534792,1,0.34096488069329,NA,0.999999995743244,1,0.354851840472894,0.327926897060466,NA,1,1,"S5","signal",1000,70,0.352588811263852,146.413655122194,0.3,0,0,"none",0,89,1
0.485688554889225,0.285020228367968,1,1,0.377512985951536,NA,0.999999997514078,1,0.323014569781311,NA,0.999999330052117,1,0.362957085794526,0.295163144326401,NA,1,1,"S5","signal",1000,70,0.352588811263852,129.237243481899,0.3,0,0,"none",0,90,1
0.43723108999366,0.297653351156738,1,1,0.29223655873581,NA,0.999999019257651,1,0.258327674062646,NA,0.99994850751797,1,0.252607511109251,0.31451416912625,NA,1,1,"S5","signal",1000,70,0.352588811263852,131.670152490621,0.3,0,0,"none",0,91,1
0.479563278710449,0.297746318036101,1,1,0.269408510315163,NA,0.999993302062695,1,0.232664363802498,NA,0.998946573186389,1,0.261454824105053,0.270703848729012,NA,1,1,"S5","signal",1000,70,0.352588811263852,147.107229120004,0.3,0,0,"none",0,92,1
0.492053721562209,0.273250549926894,1,1,0.332475267450554,NA,0.999999990669712,1,0.30748102389982,NA,0.999999952469807,1,0.406681718069493,0.278362135955925,NA,1,1,"S5","signal",1000,70,0.352588811263852,149.490804774614,0.3,0,0,"none",0,93,1
0.414754270513054,0.30792985456237,1,1,0.222133422647887,NA,0.999785707215785,1,0.183201867893436,NA,0.970560426211524,1,0.236196421104249,0.308794772827256,NA,1,1,"S5","signal",1000,70,0.352588811263852,136.293375333517,0.3,0,0,"none",0,94,1
0.435723549651072,0.28922238529844,1,1,0.280959357936576,NA,0.999999515530548,1,0.242163955313277,NA,0.999816399384701,1,0.316711954844109,0.353531828951814,NA,1,1,"S5","signal",1000,70,0.352588811263852,141.134345817752,0.3,0,0,"none",0,95,1
0.489963748827279,0.308988048251675,1,1,0.299600215033943,NA,0.999999075875592,1,0.244502656204049,NA,0.999595491168881,1,0.314320156458889,0.277144702808812,NA,1,1,"S5","signal",1000,70,0.352588811263852,142.46379489314,0.3,0,0,"none",0,96,1
0.503139410274997,0.282402089712751,1,1,0.393067954007918,NA,0.999999999410578,1,0.335480901360146,NA,0.999999763871142,1,0.324427331647889,0.292378000997359,NA,1,1,"S5","signal",1000,70,0.352588811263852,130.626890241903,0.3,0,0,"none",0,97,1
0.399854438879007,0.309201065483824,1,1,0.166105850168509,NA,0.995302868785791,1,0.0565419352278325,NA,0.440003781502025,0,0.204022857451508,0.279369040018589,NA,1,1,"S5","signal",1000,70,0.352588811263852,137.298140130856,0.3,0,0,"none",0,98,1
0.428714323449887,0.325395645579553,1,1,0.275922531240849,NA,0.999996198778299,1,0.258992023611869,NA,0.999964948445162,1,0.326695577323145,0.413921140132897,NA,1,1,"S5","signal",1000,70,0.352588811263852,142.234143071389,0.3,0,0,"none",0,99,1
0.461964437672299,0.312976373908346,1,1,0.34978670148418,NA,0.999999983769151,1,0.326028489139996,NA,0.999999939195726,1,0.309885869964512,0.31650750006321,NA,1,1,"S5","signal",1000,70,0.352588811263852,140.434751876455,0.3,0,0,"none",0,100,1
0.395383905367832,0.297196990168615,1,1,0.324329047257204,NA,0.999999999918136,1,0.294713328297704,NA,1,1,0.378293563696029,0.377292325009334,NA,1,1,"S5","signal",1000,70,0.352588811263852,231.378616739759,0.6,0,0,"none",0,1,1
0.394747171518757,0.310377831206292,1,1,0.204854324107616,NA,0.999983046147236,1,0.172760680039067,NA,0.999981295819838,1,0.205127690053686,0.30716986728122,NA,1,1,"S5","signal",1000,70,0.352588811263852,238.935234677252,0.6,0,0,"none",0,2,1
0.432720563581289,0.312654797920503,1,1,0.275240617183996,NA,0.999999944110519,1,0.245575482747694,NA,0.999999999956409,1,0.32314638895082,0.367075032099946,NA,1,1,"S5","signal",1000,70,0.352588811263852,231.822243217187,0.6,0,0,"none",0,3,1
0.459871563587942,0.323954289119899,1,1,0.321746265772964,NA,0.999999999941063,1,0.282027919039774,NA,0.999999999999998,1,0.358759961444165,0.333196295348242,NA,1,1,"S5","signal",1000,70,0.352588811263852,232.580872316127,0.6,0,0,"none",0,4,1
0.41931202059773,0.304785912685363,1,1,0.315641285486027,NA,0.999999999578657,1,0.275058843569286,NA,0.999999999997665,1,0.326657478297807,0.331862451178535,NA,1,1,"S5","signal",1000,70,0.352588811263852,221.839544133212,0.6,0,0,"none",0,5,1
0.399525206753209,0.321973192875779,1,1,0.257115022382662,NA,0.999999737223296,1,0.225026073731673,NA,0.999999988328118,1,0.307585096667151,0.31388329892995,NA,1,1,"S5","signal",1000,70,0.352588811263852,209.789288705499,0.6,0,0,"none",0,6,1
0.423184161650148,0.309216207912982,1,1,0.300008970788638,NA,0.999999995378397,1,0.286121083300069,NA,0.999999999999977,1,0.281387783381265,0.333097079737122,NA,1,1,"S5","signal",1000,70,0.352588811263852,203.426165330804,0.6,0,0,"none",0,7,1
0.465785274665028,0.29371405763824,1,1,0.265438263015487,NA,0.999998133756407,1,0.236982178960999,NA,0.999999905947186,1,0.241959688885516,0.287427548597756,NA,1,1,"S5","signal",1000,70,0.352588811263852,156.695648714336,0.6,0,0,"none",0,8,1
0.490255243942059,0.307027963640415,1,1,0.375325186455986,NA,0.999999999999909,1,0.333010464171725,NA,1,1,0.396332055354996,0.329467680569547,NA,1,1,"S5","signal",1000,70,0.352588811263852,212.351660665611,0.6,0,0,"none",0,9,1
0.456257157483719,0.296545730200233,1,1,0.361582135271192,NA,0.999999999999993,1,0.335558065479118,NA,1,1,0.363382371750957,0.250719063411417,NA,1,1,"S5","signal",1000,70,0.352588811263852,240.220758280312,0.6,0,0,"none",0,10,1
0.429306231833186,0.28324858961274,1,1,0.269446446700444,NA,0.999999986294059,1,0.242491689721022,NA,0.999999999983258,1,0.280759707088645,0.208859809919017,NA,1,1,"S5","signal",1000,70,0.352588811263852,225.012256836181,0.6,0,0,"none",0,11,1
0.451872425723281,0.281099995136791,1,1,0.337912401629935,NA,0.999999999998264,1,0.295504067398355,NA,1,1,0.295885590041358,0.321844366175884,NA,1,1,"S5","signal",1000,70,0.352588811263852,252.378812960574,0.6,0,0,"none",0,12,1
0.401286777549974,0.298484726148875,1,1,0.272510862931055,NA,0.9999999895778,1,0.261534123311458,NA,0.9999999999999,1,0.288135083088588,0.240935763253582,NA,1,1,"S5","signal",1000,70,0.352588811263852,223.417875702325,0.6,0,0,"none",0,13,1
0.480160112395943,0.320979321140714,1,1,0.350426341031129,NA,0.999999999993041,1,0.311555356618029,NA,1,1,0.351392630586739,0.292346813120428,NA,1,1,"S5","signal",1000,70,0.352588811263852,235.773998087293,0.6,0,0,"none",0,14,1
0.400717319380853,0.283470568421933,1,1,0.281126547717606,NA,0.999999993096994,1,0.250591879483493,NA,0.999999999994538,1,0.311070976922848,0.302238733336726,NA,1,1,"S5","signal",1000,70,0.352588811263852,225.258999617953,0.6,0,0,"none",0,15,1
0.430149647528548,0.279456134875577,1,1,0.303147271860083,NA,0.999999995810932,1,0.285052125037903,NA,0.999999999999959,1,0.345925125743371,0.367159158983295,NA,1,1,"S5","signal",1000,70,0.352588811263852,200.293868240602,0.6,0,0,"none",0,16,1
0.463712917233441,0.302543120748225,1,1,0.40308405600131,NA,0.999999999999999,1,0.364770286638925,NA,1,1,0.390312052227209,0.313031478856167,NA,1,1,"S5","signal",1000,70,0.352588811263852,259.494922996315,0.6,0,0,"none",0,17,1
0.396820659357685,0.300713236056712,1,1,0.251855991072891,NA,0.999999910091036,1,0.21938513197262,NA,0.999999999624712,1,0.196061380097954,0.247033272119269,NA,1,1,"S5","signal",1000,70,0.352588811263852,244.543613197013,0.6,0,0,"none",0,18,1
0.442908043150344,0.289354270822648,1,1,0.315541236570527,NA,0.999999999994498,1,0.270236327079554,NA,1,1,0.318029354542529,0.338962840498266,NA,1,1,"S5","signal",1000,70,0.352588811263852,229.285591133903,0.6,0,0,"none",0,19,1
0.393149307998895,0.307516248855335,1,1,0.307146208622675,NA,0.999999999947944,1,0.261431097075609,NA,0.999999999999934,1,0.350212043438633,0.336444844690682,NA,1,1,"S5","signal",1000,70,0.352588811263852,274.025409116173,0.6,0,0,"none",0,20,1
0.408699356119095,0.301776601798636,1,1,0.358899499255799,NA,0.999999999999973,1,0.340445212913477,NA,1,1,0.383150042426202,0.232832178046762,NA,1,1,"S5","signal",1000,70,0.352588811263852,240.972476889376,0.6,0,0,"none",0,21,1
0.448023371493934,0.317602054686988,1,1,0.327044611541525,NA,0.999999999932289,1,0.280510780010806,NA,0.999999999999945,1,0.341822602225445,0.279259929302366,NA,1,1,"S5","signal",1000,70,0.352588811263852,240.290339422847,0.6,0,0,"none",0,22,1
0.410959267610457,0.290720988721372,1,1,0.224574260672102,NA,0.999994638445973,1,0.212293135461073,NA,0.99999994668049,1,0.244595683130304,0.293439834510166,NA,1,1,"S5","signal",1000,70,0.352588811263852,224.744920572165,0.6,0,0,"none",0,23,1
0.435233944096072,0.305610559013292,1,1,0.3252688131715,NA,0.999999999456925,1,0.302487871853033,NA,0.999999999999959,1,0.330705210988261,0.323944599611375,NA,1,1,"S5","signal",1000,70,0.352588811263852,192.080804877721,0.6,0,0,"none",0,24,1
0.425776768194046,0.28876988640386,1,1,0.293201852538711,NA,0.999999983840522,1,0.26317780781702,NA,0.999999999950294,1,0.323984373698206,0.355771712799416,NA,1,1,"S5","signal",1000,70,0.352588811263852,181.075327520061,0.6,0,0,"none",0,25,1
0.432926688774407,0.302081161101725,1,1,0.305802267353733,NA,0.999999992239606,1,0.305788144458611,NA,0.999999999999999,1,0.325506941122832,0.314427789431347,NA,1,1,"S5","signal",1000,70,0.352588811263852,200.685783017449,0.6,0,0,"none",0,26,1
0.42471826111201,0.328656750314968,1,1,0.272515613437557,NA,0.999999990363177,1,0.243064943173975,NA,0.999999999999236,1,0.312884159261288,0.275641121139263,NA,1,1,"S5","signal",1000,70,0.352588811263852,243.114597862453,0.6,0,0,"none",0,27,1
0.416135837906817,0.30456594788956,1,1,0.192310261055233,NA,0.999878045142099,1,0.187990868331644,NA,0.99999496824955,1,0.237634996183581,0.294207255204639,NA,1,1,"S5","signal",1000,70,0.352588811263852,207.62181674649,0.6,0,0,"none",0,28,1
0.436474285902733,0.31310903187521,1,1,0.300231225463239,NA,0.999999999647658,1,0.26742208858186,NA,0.99999999999999,1,0.30904217244726,0.301807827567718,NA,1,1,"S5","signal",1000,70,0.352588811263852,239.023852481641,0.6,0,0,"none",0,29,1
0.442189109758463,0.282131910372338,1,1,0.348580861834066,NA,0.999999999999112,1,0.313041195122691,NA,1,1,0.313496560468325,0.313947122995421,NA,1,1,"S5","signal",1000,70,0.352588811263852,223.647463635651,0.6,0,0,"none",0,30,1
0.389187062176497,0.293542680903762,1,1,0.243618131421555,NA,0.999998463882405,1,0.21603706652507,NA,0.999999959371839,1,0.239425875660759,0.277480615690094,NA,1,1,"S5","signal",1000,70,0.352588811263852,193.90510997131,0.6,0,0,"none",0,31,1
0.489103874230142,0.301570263410575,1,1,0.34030566368136,NA,0.999999999996921,1,0.318808555020828,NA,1,1,0.330667891140086,0.306718282701042,NA,1,1,"S5","signal",1000,70,0.352588811263852,200.492164946551,0.6,0,0,"none",0,32,1
0.448473381762136,0.295585100511282,1,1,0.350163139786604,NA,0.999999999980871,1,0.314197149662216,NA,1,1,0.343298388429102,0.258421339298912,NA,1,1,"S5","signal",1000,70,0.352588811263852,199.446079223446,0.6,0,0,"none",0,33,1
0.469120195380755,0.297458488963064,1,1,0.350837578664098,NA,0.999999999999816,1,0.324211824269479,NA,1,1,0.319768025992914,0.298029932748268,NA,1,1,"S5","signal",1000,70,0.352588811263852,246.140673889863,0.6,0,0,"none",0,34,1
0.409763334310288,0.328116479608759,1,1,0.259120620138426,NA,0.999999319356617,1,0.252500600041335,NA,0.999999999898336,1,0.27314178119955,0.262023169844425,NA,1,1,"S5","signal",1000,70,0.352588811263852,210.603654236266,0.6,0,0,"none",0,35,1
0.414637944066347,0.299188449018979,1,1,0.335136021502326,NA,0.999999999995996,1,0.285850549636932,NA,0.999999999999986,1,0.306040267213345,0.288937153296764,NA,1,1,"S5","signal",1000,70,0.352588811263852,226.472023022267,0.6,0,0,"none",0,36,1
0.444359998598676,0.310565847531826,1,1,0.378447920469374,NA,0.999999999999651,1,0.354541967854784,NA,1,1,0.399859256976523,0.410656297005858,NA,1,1,"S5","signal",1000,70,0.352588811263852,240.539626313965,0.6,0,0,"none",0,37,1
0.41663276197629,0.310164774147314,1,1,0.255268136390318,NA,0.999999878955444,1,0.21449153115164,NA,0.999999992587478,1,0.281682069942782,0.330493511079903,NA,1,1,"S5","signal",1000,70,0.352588811263852,239.687633265082,0.6,0,0,"none",0,38,1
0.450283398834757,0.307826798370671,1,1,0.34198117788401,NA,0.99999999988765,1,0.333554603895694,NA,1,1,0.29422160212848,0.249396696656941,NA,1,1,"S5","signal",1000,70,0.352588811263852,210.224771438691,0.6,0,0,"none",0,39,1
0.364298048423515,0.296487161003246,1,1,0.271507967767064,NA,0.999999984194927,1,0.245119253647648,NA,0.999999999991517,1,0.298323146374636,0.272045967332949,NA,1,1,"S5","signal",1000,70,0.352588811263852,231.70627172415,0.6,0,0,"none",0,40,1
0.461148682495769,0.307466492951642,1,1,0.272474162254741,NA,0.999999818919621,1,0.235819285817909,NA,0.999999982059993,1,0.299089027389249,0.296086599276598,NA,1,1,"S5","signal",1000,70,0.352588811263852,198.717896474823,0.6,0,0,"none",0,41,1
0.444541426455419,0.289595184642389,1,1,0.336896356407012,NA,0.999999999873382,1,0.317816627460805,NA,1,1,0.343706825445441,0.304162452503618,NA,1,1,"S5","signal",1000,70,0.352588811263852,211.965226960393,0.6,0,0,"none",0,42,1
0.42843306302383,0.298592406984752,1,1,0.310662286372922,NA,0.999999999521505,1,0.275906113245531,NA,0.99999999999984,1,0.300094836374,0.2706867446891,NA,1,1,"S5","signal",1000,70,0.352588811263852,201.983531688703,0.6,0,0,"none",0,43,1
0.447511053675721,0.29765751790314,1,1,0.336814904749596,NA,0.999999999997764,1,0.286652969291204,NA,0.999999999999999,1,0.300792664886716,0.359049233417748,NA,1,1,"S5","signal",1000,70,0.352588811263852,254.452763063185,0.6,0,0,"none",0,44,1
0.458298376022031,0.306261303194395,1,1,0.365595483861045,NA,0.999999999968934,1,0.335502750615341,NA,0.999999999999999,1,0.333854222558124,0.359309765687565,NA,1,1,"S5","signal",1000,70,0.352588811263852,186.902432216562,0.6,0,0,"none",0,45,1
0.429584829128714,0.313605498410476,1,1,0.254303033840307,NA,0.999999398131284,1,0.229296135313268,NA,0.999999989461645,1,0.294622690309098,0.280021421237752,NA,1,1,"S5","signal",1000,70,0.352588811263852,203.492148373957,0.6,0,0,"none",0,46,1
0.40311224693512,0.3006480919626,1,1,0.269460257221736,NA,0.999999990314908,1,0.252076228868467,NA,0.999999999999396,1,0.295261829568788,0.283197390793764,NA,1,1,"S5","signal",1000,70,0.352588811263852,234.024691767915,0.6,0,0,"none",0,47,1
0.436733077225327,0.309750424982747,1,1,0.29044649555815,NA,0.999999998864886,1,0.268330825317517,NA,0.999999999999989,1,0.337240696173956,0.34239628814694,NA,1,1,"S5","signal",1000,70,0.352588811263852,251.158959381631,0.6,0,0,"none",0,48,1
0.465091120038137,0.276370803605711,1,1,0.354334162823942,NA,0.999999999999739,1,0.320328763728808,NA,1,1,0.345739253782179,0.249390935191238,NA,1,1,"S5","signal",1000,70,0.352588811263852,225.331300860358,0.6,0,0,"none",0,49,1
0.453602568188588,0.305947798064751,1,1,0.271032776511695,NA,0.999999977891237,1,0.242265743904502,NA,0.99999999998631,1,0.274823208725652,0.375596548005438,NA,1,1,"S5","signal",1000,70,0.352588811263852,218.415854206529,0.6,0,0,"none",0,50,1
0.445958327847447,0.287552862680538,1,1,0.337435224793954,NA,0.999999999951944,1,0.294120060543852,NA,0.999999999999975,1,0.306408831192449,0.236615819018739,NA,1,1,"S5","signal",1000,70,0.352588811263852,195.988176229828,0.6,0,0,"none",0,51,1
0.416922891915358,0.311152990109333,1,1,0.190894376564824,NA,0.999839673087707,1,0.157410516368354,NA,0.999024696940245,1,0.226342238636276,0.305946167272855,NA,1,1,"S5","signal",1000,70,0.352588811263852,204.396494093072,0.6,0,0,"none",0,52,1
0.46741794497656,0.306656410218967,1,1,0.327240429289666,NA,0.999999998985908,1,0.292772035618466,NA,0.999999999999845,1,0.361896291436537,0.339879514308428,NA,1,1,"S5","signal",1000,70,0.352588811263852,196.175911147354,0.6,0,0,"none",0,53,1
0.422845043035508,0.281917955891741,1,1,0.291897078335779,NA,0.999999998133556,1,0.274703163539778,NA,0.999999999999995,1,0.335668031998435,0.307781937531603,NA,1,1,"S5","signal",1000,70,0.352588811263852,241.231200330586,0.6,0,0,"none",0,54,1
0.391473186165888,0.304228286067048,1,1,0.273287380909985,NA,0.999999936689706,1,0.256438873684505,NA,0.999999999995133,1,0.307475686114837,0.351922538475965,NA,1,1,"S5","signal",1000,70,0.352588811263852,213.747095019046,0.6,0,0,"none",0,55,1
0.437642944068311,0.299021956442344,1,1,0.351497176016418,NA,0.999999999996258,1,0.331617693733048,NA,1,1,0.328036188161776,0.326922542418836,NA,1,1,"S5","signal",1000,70,0.352588811263852,201.84961335422,0.6,0,0,"none",0,56,1
0.465653560677256,0.308344342043489,1,1,0.28821132610521,NA,0.999999926509634,1,0.228758690138265,NA,0.999999235145425,1,0.239694191484492,0.339319047298885,NA,1,1,"S5","signal",1000,70,0.352588811263852,185.348059382855,0.6,0,0,"none",0,57,1
0.474644473344561,0.302218682868939,1,1,0.345565564468348,NA,0.999999999936645,1,0.315206998286648,NA,1,1,0.328212160017466,0.351909752542703,NA,1,1,"S5","signal",1000,70,0.352588811263852,211.9666338049,0.6,0,0,"none",0,58,1
0.502901004762572,0.316318549941536,1,1,0.337413676894194,NA,0.999999999971621,1,0.295655987798751,NA,0.999999999999999,1,0.339000417047004,0.334562841261879,NA,1,1,"S5","signal",1000,70,0.352588811263852,229.393138871799,0.6,0,0,"none",0,59,1
0.391901796626446,0.299497323882916,1,1,0.263239223400809,NA,0.9999999626204,1,0.237294453195075,NA,0.999999999978008,1,0.259275413834322,0.316662322994162,NA,1,1,"S5","signal",1000,70,0.352588811263852,231.597131212039,0.6,0,0,"none",0,60,1
0.466537153020619,0.290333888147036,1,1,0.327487101119636,NA,0.999999996020175,1,0.305903676566412,NA,0.999999999999781,1,0.292779152844206,0.330144213704456,NA,1,1,"S5","signal",1000,70,0.352588811263852,176.251932126541,0.6,0,0,"none",0,61,1
0.498004092268851,0.284280174385617,1,1,0.41037865232002,NA,0.999999999999991,1,0.367318700943414,NA,1,1,0.34026666310717,0.312056178030438,NA,1,1,"S5","signal",1000,70,0.352588811263852,202.757671994643,0.6,0,0,"none",0,62,1
0.449424839789571,0.297492259956792,1,1,0.28307003419717,NA,0.999999997464804,1,0.27706831380421,NA,1,1,0.282369807423251,0.233793465173385,NA,1,1,"S5","signal",1000,70,0.352588811263852,257.457274152173,0.6,0,0,"none",0,63,1
0.464539780715695,0.301479995501979,1,1,0.331218762303794,NA,0.999999999515403,1,0.316610449578975,NA,1,1,0.329449359326669,0.233966578303645,NA,1,1,"S5","signal",1000,70,0.352588811263852,187.894372003608,0.6,0,0,"none",0,64,1
0.381350034166486,0.299721364739255,1,1,0.335145788189179,NA,0.999999999999112,1,0.304051579169595,NA,1,1,0.321953272305974,0.307951315204758,NA,1,1,"S5","signal",1000,70,0.352588811263852,268.546366306206,0.6,0,0,"none",0,65,1
0.440746877352962,0.286626039733472,1,1,0.350566297610477,NA,0.999999999999698,1,0.314030489907722,NA,1,1,0.36156262870442,0.28556754962589,NA,1,1,"S5","signal",1000,70,0.352588811263852,237.137218541138,0.6,0,0,"none",0,66,1
0.462247210364022,0.284313524448607,1,1,0.352272455850305,NA,0.99999999999987,1,0.318194487264098,NA,1,1,0.351722280127413,0.232226087606809,NA,1,1,"S5","signal",1000,70,0.352588811263852,232.619846335322,0.6,0,0,"none",0,67,1
0.468560776710808,0.303275221970739,1,1,0.338934984611282,NA,0.999999999908194,1,0.316140126901166,NA,1,1,0.323693933035653,0.3037833844724,NA,1,1,"S5","signal",1000,70,0.352588811263852,214.755410666957,0.6,0,0,"none",0,68,1
0.419675471568446,0.300918048246553,1,1,0.262238557720691,NA,0.999998976894714,1,0.24896139138254,NA,0.999999999151057,1,0.261522112243357,0.299886025632703,NA,1,1,"S5","signal",1000,70,0.352588811263852,199.412007693765,0.6,0,0,"none",0,69,1
0.423184043414552,0.315348156433329,1,1,0.351072115536471,NA,0.999999999999567,1,0.311733469548845,NA,1,1,0.348500446443883,0.36964985103423,NA,1,1,"S5","signal",1000,70,0.352588811263852,228.031554818638,0.6,0,0,"none",0,70,1
0.440337451188258,0.303012967747076,1,1,0.264236105553161,NA,0.999998696907023,1,0.250172769663617,NA,0.999999997074798,1,0.297373406229247,0.292192465673152,NA,1,1,"S5","signal",1000,70,0.352588811263852,200.235803946771,0.6,0,0,"none",0,71,1
0.424718543991507,0.310589181612782,1,1,0.274889789870201,NA,0.999999949688535,1,0.240671961761009,NA,0.999999999821187,1,0.271857100965091,0.344598803456878,NA,1,1,"S5","signal",1000,70,0.352588811263852,219.109246153468,0.6,0,0,"none",0,72,1
0.449751622004841,0.301769716634009,1,1,0.327859075414626,NA,0.99999999940228,1,0.269351309815656,NA,0.999999999848268,1,0.322926421478186,0.294376504943389,NA,1,1,"S5","signal",1000,70,0.352588811263852,207.653518120767,0.6,0,0,"none",0,73,1
0.422823664560266,0.303545921960234,1,1,0.290354522069397,NA,0.999999951121213,1,0.266355121515344,NA,0.999999999926827,1,0.273719828267085,0.32176552922785,NA,1,1,"S5","signal",1000,70,0.352588811263852,215.455729499062,0.6,0,0,"none",0,74,1
0.432635137223757,0.313268475077495,1,1,0.229317694218831,NA,0.999971533783217,1,0.218110204052383,NA,0.999999791767437,1,0.217194224070034,0.336669031152852,NA,1,1,"S5","signal",1000,70,0.352588811263852,177.794400763738,0.6,0,0,"none",0,75,1
0.44567089260221,0.299377796544384,1,1,0.301983639882662,NA,0.999999999871877,1,0.280654566124554,NA,1,1,0.312268037017251,0.296201225776433,NA,1,1,"S5","signal",1000,70,0.352588811263852,230.368760051127,0.6,0,0,"none",0,76,1
0.431030326362536,0.30921433625384,1,1,0.277338523508779,NA,0.999999972109129,1,0.258411784343102,NA,0.999999999998904,1,0.339292264232987,0.301780722680927,NA,1,1,"S5","signal",1000,70,0.352588811263852,238.626565099311,0.6,0,0,"none",0,77,1
0.508269886559708,0.299747126481106,1,1,0.365297101289749,NA,0.999999999999467,1,0.338282692520567,NA,1,1,0.368885865376283,0.264271089433482,NA,1,1,"S5","signal",1000,70,0.352588811263852,219.497864368183,0.6,0,0,"none",0,78,1
0.445332402268344,0.299281586744588,1,1,0.289259168525415,NA,0.999999966720094,1,0.265216835441645,NA,0.999999999978686,1,0.277014812141402,0.274687522399845,NA,1,1,"S5","signal",1000,70,0.352588811263852,218.806283740737,0.6,0,0,"none",0,79,1
0.413829025822764,0.291732057927088,1,1,0.356089928203996,NA,0.999999999999856,1,0.333558672383319,NA,1,1,0.385151378463453,0.36176804866544,NA,1,1,"S5","signal",1000,70,0.352588811263852,219.042396020389,0.6,0,0,"none",0,80,1
0.482620256140261,0.301276939501802,1,1,0.388002338205831,NA,0.999999999999996,1,0.359244047697966,NA,1,1,0.374114523317863,0.308977185083369,NA,1,1,"S5","signal",1000,70,0.352588811263852,217.783995534672,0.6,0,0,"none",0,81,1
0.44242728464884,0.291102654139245,1,1,0.312294892918611,NA,0.999999997994255,1,0.297279151437816,NA,0.999999999999995,1,0.326039081239218,0.268675453274273,NA,1,1,"S5","signal",1000,70,0.352588811263852,185.813868758299,0.6,0,0,"none",0,82,1
0.421329831991522,0.303869091553665,1,1,0.283922772189422,NA,0.999999998497118,1,0.268025112261427,NA,1,1,0.299627345602981,0.292102453573954,NA,1,1,"S5","signal",1000,70,0.352588811263852,243.204791002629,0.6,0,0,"none",0,83,1
0.463176486292358,0.322435054571894,1,1,0.386276595726986,NA,0.99999999999998,1,0.352682442229085,NA,1,1,0.373175779028437,0.308873049258348,NA,1,1,"S5","signal",1000,70,0.352588811263852,250.24006404394,0.6,0,0,"none",0,84,1
0.456048929289657,0.269932857079591,1,1,0.347709519997214,NA,0.999999999997414,1,0.315944144583111,NA,1,1,0.375073701940149,0.301026211792458,NA,1,1,"S5","signal",1000,70,0.352588811263852,215.445228179769,0.6,0,0,"none",0,85,1
0.415204719329875,0.28611163035705,1,1,0.242625074681651,NA,0.999999398996975,1,0.198812812668814,NA,0.999999785597318,1,0.231346983801435,0.258055425307696,NA,1,1,"S5","signal",1000,70,0.352588811263852,215.676894989855,0.6,0,0,"none",0,86,1
0.440983480988307,0.317577338302249,1,1,0.282831005712471,NA,0.999999997955849,1,0.257511286817975,NA,0.999999999999699,1,0.305007867219827,0.272911946353302,NA,1,1,"S5","signal",1000,70,0.352588811263852,239.832868790381,0.6,0,0,"none",0,87,1
0.431762711072561,0.31380596302238,1,1,0.314419397520261,NA,0.999999999086752,1,0.277581207174129,NA,0.999999999999687,1,0.354404621856307,0.355722892545398,NA,1,1,"S5","signal",1000,70,0.352588811263852,227.106963578267,0.6,0,0,"none",0,88,1
0.440929708294496,0.312533500362702,1,1,0.225343659906753,NA,0.99998440729231,1,0.209676697369886,NA,0.999999214810709,1,0.236085762007934,0.284196462270755,NA,1,1,"S5","signal",1000,70,0.352588811263852,198.862304463784,0.6,0,0,"none",0,89,1
0.406537855988602,0.306985221456465,1,1,0.220988287616911,NA,0.999998036736881,1,0.202328739080693,NA,0.999999997277925,1,0.254441593559779,0.28206407071707,NA,1,1,"S5","signal",1000,70,0.352588811263852,237.901322464867,0.6,0,0,"none",0,90,1
0.439725025161551,0.299152026348097,1,1,0.366086524061587,NA,0.999999999999976,1,0.332202633367975,NA,1,1,0.337909433794191,0.27073313313499,NA,1,1,"S5","signal",1000,70,0.352588811263852,230.785475523631,0.6,0,0,"none",0,91,1
0.431219420193977,0.309547911225914,1,1,0.324729447887863,NA,0.999999999939771,1,0.293456814727503,NA,0.999999999999995,1,0.359315014734142,0.315750383974011,NA,1,1,"S5","signal",1000,70,0.352588811263852,223.601998415751,0.6,0,0,"none",0,92,1
0.450892610472347,0.299443727594998,1,1,0.334096698858024,NA,0.999999999988959,1,0.309899216209554,NA,1,1,0.302438069980888,0.282593057970002,NA,1,1,"S5","signal",1000,70,0.352588811263852,224.929018772213,0.6,0,0,"none",0,93,1
0.484367182915535,0.299162576201912,1,1,0.368637696547575,NA,0.999999999998876,1,0.327490484600916,NA,1,1,0.329741909083115,0.257812612961378,NA,1,1,"S5","signal",1000,70,0.352588811263852,215.950565171345,0.6,0,0,"none",0,94,1
0.41427271662774,0.297693258917063,1,1,0.235170955898352,NA,0.999996275952726,1,0.211800466505628,NA,0.999999839057993,1,0.286387016243518,0.266244373533061,NA,1,1,"S5","signal",1000,70,0.352588811263852,204.013991450508,0.6,0,0,"none",0,95,1
0.4006115304276,0.301273482815052,1,1,0.282187816692423,NA,0.999999961709416,1,0.252865390138077,NA,0.999999999756916,1,0.325847525141802,0.308344800036578,NA,1,1,"S5","signal",1000,70,0.352588811263852,224.350078313099,0.6,0,0,"none",0,96,1
0.435160963579494,0.301821983925369,1,1,0.352567025899076,NA,0.99999999999967,1,0.323002327629447,NA,1,1,0.363915999626337,0.308175905019127,NA,1,1,"S5","signal",1000,70,0.352588811263852,241.621018403046,0.6,0,0,"none",0,97,1
0.432595643764749,0.292825627113684,1,1,0.258356118045578,NA,0.999999909971563,1,0.232251676412931,NA,0.999999999892896,1,0.288275745791988,0.244638218073319,NA,1,1,"S5","signal",1000,70,0.352588811263852,229.836337342715,0.6,0,0,"none",0,98,1
0.455560658006599,0.316889422235839,1,1,0.310166033916365,NA,0.99999999065789,1,0.261327916976801,NA,0.999999999294453,1,0.307928634401039,0.371672246322384,NA,1,1,"S5","signal",1000,70,0.352588811263852,213.296992787238,0.6,0,0,"none",0,99,1
0.460895476431902,0.294875900309997,1,1,0.331223168622513,NA,0.999999999486828,1,0.292568892785772,NA,0.999999999999303,1,0.360329405109146,0.368155889006682,NA,1,1,"S5","signal",1000,70,0.352588811263852,185.674509232896,0.6,0,0,"none",0,100,1
0.404796388408146,0.311668446742854,1,1,0.312644460227337,NA,0.999999999996822,1,0.275087374846827,NA,1,1,0.369278832708405,0.298713429113338,NA,1,1,"S5","signal",1000,70,0.352588811263852,341.325264241653,0.9,0,0,"none",0,1,1
0.426536219836041,0.295300599663395,1,1,0.362312818791706,NA,1,1,0.311260926538109,NA,1,1,0.361065776883828,0.310754899432629,NA,1,1,"S5","signal",1000,70,0.352588811263852,399.307555425649,0.9,0,0,"none",0,2,1
0.462666231806062,0.291515968816512,1,1,0.394000742452832,NA,1,1,0.358489138648953,NA,1,1,0.375051141467286,0.28522543845179,NA,1,1,"S5","signal",1000,70,0.352588811263852,335.522893783625,0.9,0,0,"none",0,3,1
0.438546481458808,0.302168034856316,1,1,0.300900141980608,NA,0.999999999966747,1,0.271678634190788,NA,1,1,0.273480747600997,0.303026386069594,NA,1,1,"S5","signal",1000,70,0.352588811263852,299.714457995996,0.9,0,0,"none",0,4,1
0.416497123870821,0.287077402581216,1,1,0.353617811471679,NA,1,1,0.319691284442448,NA,1,1,0.355982788553998,0.282302887473034,NA,1,1,"S5","signal",1000,70,0.352588811263852,379.649168243332,0.9,0,0,"none",0,5,1
0.463241244020734,0.29410022905776,1,1,0.423329686114635,NA,1,1,0.370105620657035,NA,1,1,0.431947753178956,0.318037318333884,NA,1,1,"S5","signal",1000,70,0.352588811263852,364.275473435379,0.9,0,0,"none",0,6,1
0.442837195185406,0.307795246614396,1,1,0.328841375161785,NA,0.999999999999188,1,0.305662974479694,NA,1,1,0.318990752582928,0.301769545463029,NA,1,1,"S5","signal",1000,70,0.352588811263852,323.827692872507,0.9,0,0,"none",0,7,1
0.386156216712263,0.29607408678192,1,1,0.269295604368426,NA,0.999999999573116,1,0.222017387912575,NA,1,1,0.281045600762685,0.258705334800184,NA,1,1,"S5","signal",1000,70,0.352588811263852,345.479965291582,0.9,0,0,"none",0,8,1
0.378850573365019,0.30191447062675,1,1,0.28539683166502,NA,0.99999999994471,1,0.262007094322723,NA,1,1,0.243174490948795,0.302487816163548,NA,1,1,"S5","signal",1000,70,0.352588811263852,363.235063121179,0.9,0,0,"none",0,9,1
0.360923064824788,0.306663642601762,1,1,0.209190141827412,NA,0.999999000480367,1,0.176221847547407,NA,0.999999999989174,1,0.25367943331231,0.296677179200258,NA,1,1,"S5","signal",1000,70,0.352588811263852,371.955418830393,0.9,0,0,"none",0,10,1
0.382019138473384,0.30615467102312,1,1,0.289700584933276,NA,0.999999999971505,1,0.260255142679154,NA,1,1,0.259241499646194,0.308897072049688,NA,1,1,"S5","signal",1000,70,0.352588811263852,344.466439245003,0.9,0,0,"none",0,11,1
0.414542566976146,0.301011045998856,1,1,0.328780527911543,NA,0.999999999999035,1,0.310913583245378,NA,1,1,0.335657814829271,0.332766987026826,NA,1,1,"S5","signal",1000,70,0.352588811263852,337.217596917261,0.9,0,0,"none",0,12,1
0.388922736468928,0.300449780244689,1,1,0.348401699069802,NA,0.999999999999999,1,0.287458733264604,NA,1,1,0.325309948809972,0.326222519809798,NA,1,1,"S5","signal",1000,70,0.352588811263852,353.450334355229,0.9,0,0,"none",0,13,1
0.414266947961115,0.321075204573778,1,1,0.298328336221945,NA,0.999999999997392,1,0.26550453446211,NA,1,1,0.316751722770144,0.328171848764495,NA,1,1,"S5","signal",1000,70,0.352588811263852,388.198646445337,0.9,0,0,"none",0,14,1
0.365372203867861,0.307590971296658,1,1,0.254542055350821,NA,0.999999972087105,1,0.217633478257016,NA,1,1,0.304480918603113,0.3418453667786,NA,1,1,"S5","signal",1000,70,0.352588811263852,316.384729771815,0.9,0,0,"none",0,15,1
0.378494863242665,0.306822729334341,1,1,0.274378829472915,NA,0.999999999382392,1,0.247398882493188,NA,1,1,0.283382818205336,0.352068067401875,NA,1,1,"S5","signal",1000,70,0.352588811263852,327.265299950992,0.9,0,0,"none",0,16,1
0.415300108201761,0.280911108825203,1,1,0.276336877012112,NA,0.999999999521204,1,0.258537290326403,NA,1,1,0.310677877379633,0.317976442766831,NA,1,1,"S5","signal",1000,70,0.352588811263852,291.899355745044,0.9,0,0,"none",0,17,1
0.352180978192043,0.297041255688389,1,1,0.232455302438359,NA,0.999999986765383,1,0.216724727059709,NA,1,1,0.25609643078265,0.285736539300118,NA,1,1,"S5","signal",1000,70,0.352588811263852,351.532186618183,0.9,0,0,"none",0,18,1
0.379210004080727,0.293439110809204,1,1,0.259061158699019,NA,0.99999999981426,1,0.220367571082795,NA,1,1,0.300301866023124,0.317040598966569,NA,1,1,"S5","signal",1000,70,0.352588811263852,374.870972901357,0.9,0,0,"none",0,19,1
0.388360213265547,0.299557021759416,1,1,0.304645773904998,NA,0.999999999998407,1,0.281910178521271,NA,1,1,0.309897085316001,0.3159631321189,NA,1,1,"S5","signal",1000,70,0.352588811263852,365.804635005295,0.9,0,0,"none",0,20,1
0.41633539475561,0.302498812575266,1,1,0.349290610190955,NA,0.999999999999999,1,0.30807207021224,NA,1,1,0.310127150174931,0.290170393239409,NA,1,1,"S5","signal",1000,70,0.352588811263852,358.00132248969,0.9,0,0,"none",0,21,1
0.415823270766636,0.309529147673613,1,1,0.339976376769266,NA,0.999999999999997,1,0.31515768362321,NA,1,1,0.31579001949221,0.304310824559994,NA,1,1,"S5","signal",1000,70,0.352588811263852,386.139283951222,0.9,0,0,"none",0,22,1
0.423389561689336,0.304582714596536,1,1,0.345175872256553,NA,0.999999999999976,1,0.311588698805974,NA,1,1,0.338964913763498,0.286331157686773,NA,1,1,"S5","signal",1000,70,0.352588811263852,326.601063333303,0.9,0,0,"none",0,23,1
0.406827714092797,0.294309087804754,1,1,0.331734430901485,NA,0.999999999999999,1,0.305185295226289,NA,1,1,0.326389252612943,0.29625866962386,NA,1,1,"S5","signal",1000,70,0.352588811263852,368.198876278006,0.9,0,0,"none",0,24,1
0.401661901068188,0.299321028456213,1,1,0.277305273191398,NA,0.999999999997034,1,0.244572988839246,NA,1,1,0.29825210352802,0.332868160336018,NA,1,1,"S5","signal",1000,70,0.352588811263852,414.865241899552,0.9,0,0,"none",0,25,1
0.44869550142511,0.29830045019794,1,1,0.338908685338356,NA,0.999999999999969,1,0.304339441270478,NA,1,1,0.290918333389202,0.340230049811107,NA,1,1,"S5","signal",1000,70,0.352588811263852,346.13493896826,0.9,0,0,"none",0,26,1
0.355074840908727,0.298595662922719,1,1,0.236898239732897,NA,0.999999995631229,1,0.224391152737983,NA,1,1,0.282745672405041,0.277499900227895,NA,1,1,"S5","signal",1000,70,0.352588811263852,387.85701605885,0.9,0,0,"none",0,27,1
0.455886644317289,0.30427670854286,1,1,0.366172426925725,NA,1,1,0.317075458586022,NA,1,1,0.305128848470917,0.279575396961735,NA,1,1,"S5","signal",1000,70,0.352588811263852,350.206294175025,0.9,0,0,"none",0,28,1
0.398839789918849,0.296654861498623,1,1,0.274493321216397,NA,0.999999999950455,1,0.257790824632009,NA,1,1,0.267508429455629,0.269596788480342,NA,1,1,"S5","signal",1000,70,0.352588811263852,379.575325227591,0.9,0,0,"none",0,29,1
0.433104621468145,0.30197767594169,1,1,0.367767578842058,NA,1,1,0.341387130384386,NA,1,1,0.378874915169937,0.339712969233626,NA,1,1,"S5","signal",1000,70,0.352588811263852,356.498353824747,0.9,0,0,"none",0,30,1
0.417834104226005,0.297491760923909,1,1,0.357036584231662,NA,1,1,0.338962812656289,NA,1,1,0.365215525755741,0.311305676084959,NA,1,1,"S5","signal",1000,70,0.352588811263852,316.110772402603,0.9,0,0,"none",0,31,1
0.357810042826626,0.307997189312037,1,1,0.263164407250777,NA,0.999999999902088,1,0.242997712807812,NA,1,1,0.299271939296293,0.342104995258942,NA,1,1,"S5","signal",1000,70,0.352588811263852,411.097525483892,0.9,0,0,"none",0,32,1
0.344563806160787,0.292005804174196,1,1,0.166494857233384,NA,0.999971201060132,1,0.167055654364465,NA,0.999999999999253,1,0.215536146450779,0.28031794542823,NA,1,1,"S5","signal",1000,70,0.352588811263852,369.613328024971,0.9,0,0,"none",0,33,1
0.377737225016504,0.314029214573123,1,1,0.260681820481821,NA,0.99999999934393,1,0.23629074539199,NA,1,1,0.281593084736999,0.292477386472773,NA,1,1,"S5","signal",1000,70,0.352588811263852,344.333352730861,0.9,0,0,"none",0,34,1
0.458956278552353,0.304714079479195,1,1,0.316422052647076,NA,0.999999999986518,1,0.28015598760551,NA,1,1,0.280000828601841,0.354105527597525,NA,1,1,"S5","signal",1000,70,0.352588811263852,311.968314721504,0.9,0,0,"none",0,35,1
0.435199172377392,0.29297905520122,1,1,0.369854702584322,NA,1,1,0.343441878363856,NA,1,1,0.323415217146631,0.259354072303036,NA,1,1,"S5","signal",1000,70,0.352588811263852,387.862113277802,0.9,0,0,"none",0,36,1
0.416249316521176,0.307811934773311,1,1,0.352414702809314,NA,0.999999999999999,1,0.31991548821346,NA,1,1,0.375858011052498,0.312163334782588,NA,1,1,"S5","signal",1000,70,0.352588811263852,344.582260197369,0.9,0,0,"none",0,37,1
0.419601610224255,0.298344923578137,1,1,0.311426180444814,NA,0.99999999999975,1,0.286618124574327,NA,1,1,0.274669481657383,0.301919852357311,NA,1,1,"S5","signal",1000,70,0.352588811263852,365.408616428638,0.9,0,0,"none",0,38,1
0.412328028407126,0.30079815626783,1,1,0.340336685278466,NA,1,1,0.319708656322203,NA,1,1,0.390010131147758,0.312816633476457,NA,1,1,"S5","signal",1000,70,0.352588811263852,390.638921278096,0.9,0,0,"none",0,39,1
0.42543191314498,0.290876952188124,1,1,0.384950950671056,NA,1,1,0.343137687567098,NA,1,1,0.359639927667311,0.312114680024714,NA,1,1,"S5","signal",1000,70,0.352588811263852,407.873132494375,0.9,0,0,"none",0,40,1
0.404881194985182,0.289778933647283,1,1,0.286155307492759,NA,0.999999999898542,1,0.257233974395156,NA,1,1,0.31507650244155,0.266276836694524,NA,1,1,"S5","signal",1000,70,0.352588811263852,317.099858219064,0.9,0,0,"none",0,41,1
0.382719920786136,0.298358116710074,1,1,0.303056966929218,NA,0.999999999998465,1,0.278870723924483,NA,1,1,0.277825775374569,0.311607345118067,NA,1,1,"S5","signal",1000,70,0.352588811263852,353.901142393354,0.9,0,0,"none",0,42,1
0.391419812839606,0.300429813205046,1,1,0.283436865541521,NA,0.99999999998736,1,0.257618158071499,NA,1,1,0.296783922081352,0.271276557622615,NA,1,1,"S5","signal",1000,70,0.352588811263852,371.292684161071,0.9,0,0,"none",0,43,1
0.403050092210122,0.320146040526709,1,1,0.284688078395417,NA,0.999999999956927,1,0.24242773776887,NA,1,1,0.249031331962569,0.361773692817256,NA,1,1,"S5","signal",1000,70,0.352588811263852,362.372916582151,0.9,0,0,"none",0,44,1
0.440091036713778,0.302248831205027,1,1,0.329981798243626,NA,0.99999999999984,1,0.273306398122153,NA,1,1,0.317192339341511,0.333048232211164,NA,1,1,"S5","signal",1000,70,0.352588811263852,328.334781112794,0.9,0,0,"none",0,45,1
0.401960776829452,0.29855357269183,1,1,0.345576540565749,NA,0.999999999999996,1,0.307127455563597,NA,1,1,0.369159186172288,0.292070993676863,NA,1,1,"S5","signal",1000,70,0.352588811263852,338.079859755656,0.9,0,0,"none",0,46,1
0.427756295831352,0.293692415851475,1,1,0.356843960946083,NA,1,1,0.319628012280421,NA,1,1,0.297877885183248,0.293620629554396,NA,1,1,"S5","signal",1000,70,0.352588811263852,397.802987568346,0.9,0,0,"none",0,47,1
0.421048772413275,0.300819960409527,1,1,0.381302930870289,NA,1,1,0.338369882567323,NA,1,1,0.348995652580421,0.335967317033083,NA,1,1,"S5","signal",1000,70,0.352588811263852,384.652329368737,0.9,0,0,"none",0,48,1
0.399822498361976,0.312525372341673,1,1,0.324875300306614,NA,0.99999999999998,1,0.293349028897014,NA,1,1,0.283379666493762,0.30519499082589,NA,1,1,"S5","signal",1000,70,0.352588811263852,348.686183856055,0.9,0,0,"none",0,49,1
0.394609775945336,0.300430154572211,1,1,0.250829084145226,NA,0.999999906397228,1,0.23664310550308,NA,1,1,0.263453321535041,0.301911868109269,NA,1,1,"S5","signal",1000,70,0.352588811263852,284.391307529071,0.9,0,0,"none",0,50,1
0.411984078859425,0.288189152781102,1,1,0.351148861681788,NA,0.999999999999999,1,0.321600881307273,NA,1,1,0.358287819720237,0.311453761447851,NA,1,1,"S5","signal",1000,70,0.352588811263852,361.080281451292,0.9,0,0,"none",0,51,1
0.384348272007826,0.309629242867252,1,1,0.237078419613369,NA,0.999999880050008,1,0.215028524020954,NA,0.999999999999998,1,0.256808198076335,0.297742610689742,NA,1,1,"S5","signal",1000,70,0.352588811263852,321.058631273738,0.9,0,0,"none",0,52,1
0.367288891658313,0.29276619545512,1,1,0.327534041445907,NA,0.999999999999998,1,0.299404950072258,NA,1,1,0.310090950358775,0.327756277439808,NA,1,1,"S5","signal",1000,70,0.352588811263852,397.81008483065,0.9,0,0,"none",0,53,1
0.386134519949886,0.31246023767947,1,1,0.204062527060183,NA,0.999988334432517,1,0.191635188403134,NA,0.999999999999263,1,0.223053498003006,0.28961283418276,NA,1,1,"S5","signal",1000,70,0.352588811263852,307.798286063825,0.9,0,0,"none",0,54,1
0.421649473003432,0.300488772058863,1,1,0.306774207348736,NA,0.999999999998315,1,0.282767323609284,NA,1,1,0.335653695661334,0.334311625871605,NA,1,1,"S5","signal",1000,70,0.352588811263852,338.888874018875,0.9,0,0,"none",0,55,1
0.42379598323837,0.314059138347306,1,1,0.335686111876104,NA,0.999999999999972,1,0.295960111726453,NA,1,1,0.379601709436564,0.330545133426574,NA,1,1,"S5","signal",1000,70,0.352588811263852,343.716215654887,0.9,0,0,"none",0,56,1
0.436771713814974,0.296964544613936,1,1,0.340196941636901,NA,0.999999999999981,1,0.289185027962725,NA,1,1,0.323216658604843,0.341187489697293,NA,1,1,"S5","signal",1000,70,0.352588811263852,372.187109561759,0.9,0,0,"none",0,57,1
0.479184878610618,0.300852169809695,1,1,0.383914766461067,NA,1,1,0.342207583263135,NA,1,1,0.372651823682669,0.298650235743723,NA,1,1,"S5","signal",1000,70,0.352588811263852,346.152621283193,0.9,0,0,"none",0,58,1
0.425080510477796,0.311497782370688,1,1,0.329631991978034,NA,0.99999999999998,1,0.308269582983403,NA,1,1,0.304329198517909,0.295239265056789,NA,1,1,"S5","signal",1000,70,0.352588811263852,379.502389782183,0.9,0,0,"none",0,59,1
0.38278655502447,0.2868346805513,1,1,0.287913310941706,NA,0.99999999993905,1,0.269473434924227,NA,1,1,0.195800766104862,0.297307696572113,NA,1,1,"S5","signal",1000,70,0.352588811263852,327.968527594109,0.9,0,0,"none",0,60,1
0.400311169291738,0.286579368193398,1,1,0.289743396566183,NA,0.99999999998616,1,0.254726562692126,NA,1,1,0.281190682792793,0.294375915481355,NA,1,1,"S5","signal",1000,70,0.352588811263852,353.527056552017,0.9,0,0,"none",0,61,1
0.417247225605813,0.306719204735404,1,1,0.252579449867101,NA,0.999999999036229,1,0.241992899770362,NA,1,1,0.260084986749612,0.296280207157476,NA,1,1,"S5","signal",1000,70,0.352588811263852,376.253540851198,0.9,0,0,"none",0,62,1
0.432462355336541,0.297861604394502,1,1,0.309500647769453,NA,0.999999999999628,1,0.284755812565003,NA,1,1,0.268187834925978,0.272522008896581,NA,1,1,"S5","signal",1000,70,0.352588811263852,339.227802549083,0.9,0,0,"none",0,63,1
0.373092026437811,0.299039999711752,1,1,0.286958810944185,NA,0.999999999983321,1,0.268157934164672,NA,1,1,0.27701358478158,0.282631117395127,NA,1,1,"S5","signal",1000,70,0.352588811263852,373.702442969611,0.9,0,0,"none",0,64,1
0.455633801580848,0.288875118104694,1,1,0.366364472580284,NA,0.999999999999999,1,0.33110257021852,NA,1,1,0.325822778707982,0.293005467948401,NA,1,1,"S5","signal",1000,70,0.352588811263852,337.275941165436,0.9,0,0,"none",0,65,1
0.38111673541776,0.285101712917059,1,1,0.225387792806173,NA,0.999999975604738,1,0.199750971988619,NA,1,1,0.285742753187211,0.241675706570291,NA,1,1,"S5","signal",1000,70,0.352588811263852,348.489402997083,0.9,0,0,"none",0,66,1
0.356792493972011,0.29494941266638,1,1,0.242350946931005,NA,0.999999992371968,1,0.203418576668566,NA,1,1,0.306078949115303,0.331948597418541,NA,1,1,"S5","signal",1000,70,0.352588811263852,339.729969197237,0.9,0,0,"none",0,67,1
0.414102129385598,0.307903916178269,1,1,0.323790679077646,NA,0.999999999999828,1,0.289927515593436,NA,1,1,0.362187681082992,0.349474557456727,NA,1,1,"S5","signal",1000,70,0.352588811263852,347.507569028187,0.9,0,0,"none",0,68,1
0.429699726673537,0.29917469644676,1,1,0.315472967212039,NA,0.999999999999904,1,0.284476237171471,NA,1,1,0.317709841939086,0.325294762593748,NA,1,1,"S5","signal",1000,70,0.352588811263852,352.429617926449,0.9,0,0,"none",0,69,1
0.395320996754379,0.289955061619923,1,1,0.3657577150584,NA,1,1,0.351406210486171,NA,1,1,0.355115120023234,0.290093008061091,NA,1,1,"S5","signal",1000,70,0.352588811263852,385.073221032803,0.9,0,0,"none",0,70,1
0.342290744609471,0.285514174549574,1,1,0.224194004075454,NA,0.999999985770831,1,0.204838784763742,NA,1,1,0.296812587679952,0.293588400007502,NA,1,1,"S5","signal",1000,70,0.352588811263852,358.670134458608,0.9,0,0,"none",0,71,1
0.390935053067934,0.307769836365597,1,1,0.290936082521543,NA,0.999999999993476,1,0.260940546699999,NA,1,1,0.332162755898244,0.299427802754637,NA,1,1,"S5","signal",1000,70,0.352588811263852,387.638463190161,0.9,0,0,"none",0,72,1
0.362339535260534,0.298427662716817,1,1,0.318957406850504,NA,0.999999999999779,1,0.288947162717381,NA,1,1,0.291974935845876,0.323932531181474,NA,1,1,"S5","signal",1000,70,0.352588811263852,368.798230944146,0.9,0,0,"none",0,73,1
0.365976275394415,0.290439407516886,1,1,0.310185927391683,NA,0.99999999999997,1,0.282703263526827,NA,1,1,0.318224168737624,0.271544069504979,NA,1,1,"S5","signal",1000,70,0.352588811263852,342.221560577529,0.9,0,0,"none",0,74,1
0.402071373626653,0.294506889018417,1,1,0.307746503406065,NA,0.999999999996498,1,0.274297394493647,NA,1,1,0.303441794350243,0.299847656329116,NA,1,1,"S5","signal",1000,70,0.352588811263852,318.674422158053,0.9,0,0,"none",0,75,1
0.428663034156924,0.304674015333149,1,1,0.342459662132877,NA,0.999999999999999,1,0.329151466699878,NA,1,1,0.335959339434588,0.278318896636187,NA,1,1,"S5","signal",1000,70,0.352588811263852,364.150096035871,0.9,0,0,"none",0,76,1
0.408627107606044,0.29633016515519,1,1,0.345720977689922,NA,0.999999999999996,1,0.310683810433356,NA,1,1,0.31412660735157,0.315565303473377,NA,1,1,"S5","signal",1000,70,0.352588811263852,338.911424996065,0.9,0,0,"none",0,77,1
0.390582013154099,0.295326566829092,1,1,0.272868457251191,NA,0.999999999990377,1,0.249973055848127,NA,1,1,0.288557290128324,0.310847256974476,NA,1,1,"S5","signal",1000,70,0.352588811263852,378.679500266751,0.9,0,0,"none",0,78,1
0.398397517947491,0.287596092393451,1,1,0.29536675602149,NA,0.99999999999747,1,0.264188526847226,NA,1,1,0.285993447852859,0.331806209774865,NA,1,1,"S5","signal",1000,70,0.352588811263852,373.197199938038,0.9,0,0,"none",0,79,1
0.390688966835132,0.284639840038522,1,1,0.344040071564684,NA,1,1,0.327402163258338,NA,1,1,0.297296407167117,0.262545954693813,NA,1,1,"S5","signal",1000,70,0.352588811263852,376.204152932113,0.9,0,0,"none",0,80,1
0.405466170817134,0.307117079762529,1,1,0.263969829645317,NA,0.999999998107793,1,0.246582365393354,NA,1,1,0.260636403096701,0.304984138234959,NA,1,1,"S5","signal",1000,70,0.352588811263852,315.192503429896,0.9,0,0,"none",0,81,1
0.426281184183427,0.317916574907296,1,1,0.28260500915496,NA,0.999999999826288,1,0.262945458324482,NA,1,1,0.293508576932599,0.270561763649336,NA,1,1,"S5","signal",1000,70,0.352588811263852,351.005728282003,0.9,0,0,"none",0,82,1
0.394408143039659,0.288857732784125,1,1,0.275058061978837,NA,0.999999999959957,1,0.26286031138176,NA,1,1,0.269347918915018,0.292191096222624,NA,1,1,"S5","signal",1000,70,0.352588811263852,362.926890675639,0.9,0,0,"none",0,83,1
0.384504626106639,0.29656411968529,1,1,0.280191302129947,NA,0.999999999880707,1,0.261518608953111,NA,1,1,0.268876758631388,0.282582484365347,NA,1,1,"S5","signal",1000,70,0.352588811263852,356.885724354235,0.9,0,0,"none",0,84,1
0.40239705571609,0.296021449869075,1,1,0.282919234534436,NA,0.999999999994939,1,0.264060254119627,NA,1,1,0.287072386670596,0.331289922328855,NA,1,1,"S5","signal",1000,70,0.352588811263852,391.528952999181,0.9,0,0,"none",0,85,1
0.40050402696597,0.297627802755296,1,1,0.271892943670524,NA,0.999999999627448,1,0.259191561837727,NA,1,1,0.283899423088794,0.299741274410795,NA,1,1,"S5","signal",1000,70,0.352588811263852,402.51077346934,0.9,0,0,"none",0,86,1
0.476251125014343,0.299972427145534,1,1,0.394039803028559,NA,1,1,0.356787621655465,NA,1,1,0.407221101045319,0.338100424053396,NA,1,1,"S5","signal",1000,70,0.352588811263852,326.130993110324,0.9,0,0,"none",0,87,1
0.36368610858985,0.281343129220622,1,1,0.308533255909131,NA,0.999999999999985,1,0.272974177799156,NA,1,1,0.266563119419332,0.310833071883192,NA,1,1,"S5","signal",1000,70,0.352588811263852,384.850930429404,0.9,0,0,"none",0,88,1
0.369726036538396,0.303171671776546,1,1,0.236942645882054,NA,0.999999975241163,1,0.216607884992483,NA,1,1,0.297084276586897,0.343046508039729,NA,1,1,"S5","signal",1000,70,0.352588811263852,344.05429149426,0.9,0,0,"none",0,89,1
0.422668576239071,0.285825937765304,1,1,0.319285555716642,NA,0.999999999999941,1,0.289079759351749,NA,1,1,0.258978040269625,0.280366774559891,NA,1,1,"S5","signal",1000,70,0.352588811263852,313.810744337509,0.9,0,0,"none",0,90,1
0.405849411474135,0.313623003253282,1,1,0.31508378740656,NA,0.999999999996185,1,0.273261661154901,NA,1,1,0.299727751061679,0.346214789913749,NA,1,1,"S5","signal",1000,70,0.352588811263852,347.759157140689,0.9,0,0,"none",0,91,1
0.393306319999185,0.293146749412632,1,1,0.300948075128258,NA,0.999999999999978,1,0.262361026967997,NA,1,1,0.294894710459677,0.265398382432021,NA,1,1,"S5","signal",1000,70,0.352588811263852,392.410949385271,0.9,0,0,"none",0,92,1
0.381479943504263,0.299974899159218,1,1,0.3441126818822,NA,1,1,0.31149591169376,NA,1,1,0.307973469964885,0.311437976724628,NA,1,1,"S5","signal",1000,70,0.352588811263852,417.834968945803,0.9,0,0,"none",0,93,1
0.423615037865263,0.29931465569993,1,1,0.285689569574695,NA,0.999999999951738,1,0.274642171946246,NA,1,1,0.296540812735686,0.27703244236925,NA,1,1,"S5","signal",1000,70,0.352588811263852,346.71822407942,0.9,0,0,"none",0,94,1
0.348132988274364,0.289670210704493,1,1,0.260691314613427,NA,0.999999999906179,1,0.225190781941815,NA,1,1,0.317645141952698,0.34566775094661,NA,1,1,"S5","signal",1000,70,0.352588811263852,357.945075392409,0.9,0,0,"none",0,95,1
0.406507434890414,0.31146998499741,1,1,0.247652764500706,NA,0.999999904816274,1,0.23547832082208,NA,1,1,0.250887166425074,0.348926577259633,NA,1,1,"S5","signal",1000,70,0.352588811263852,304.097042905776,0.9,0,0,"none",0,96,1
0.457405958344002,0.29971280378313,1,1,0.288612371939487,NA,0.999999999989568,1,0.266921110593215,NA,1,1,0.316463106314157,0.308948636345326,NA,1,1,"S5","signal",1000,70,0.352588811263852,336.8832875277,0.9,0,0,"none",0,97,1
0.443871601259404,0.304123454470164,1,1,0.400897040113476,NA,1,1,0.353724766719601,NA,1,1,0.344953798489847,0.270762707557507,NA,1,1,"S5","signal",1000,70,0.352588811263852,367.27794013338,0.9,0,0,"none",0,98,1
0.399341114554437,0.312405933465017,1,1,0.331502857345964,NA,0.999999999999998,1,0.304837089481516,NA,1,1,0.296722079394797,0.333248815882908,NA,1,1,"S5","signal",1000,70,0.352588811263852,371.944716041938,0.9,0,0,"none",0,99,1
0.430707095248452,0.3183932464048,1,1,0.36317872888328,NA,1,1,0.333508562169258,NA,1,1,0.318615577519077,0.364813664648869,NA,1,1,"S5","signal",1000,70,0.352588811263852,347.790473743218,0.9,0,0,"none",0,100,1
0.520581782589202,0.0102510624875908,1,1,0.36600618464657,NA,0.999999997769041,1,0.322466255060055,NA,0.999416650280393,1,0.381851047383046,-0.0404147444055202,NA,1,1,"S5","main",1000,70,0.352588811263852,96.5111812886571,0,0,0,"none",0,1,1
0.488325278649185,-0.00517681396779308,1,1,0.309919417903117,NA,0.999993047537108,1,0.304315787296124,NA,0.994071836740714,1,0.349176144965207,-0.0128267163703438,NA,1,1,"S5","main",1000,70,0.352588811263852,79.2416871911768,0,0,0,"none",0,2,1
0.449821332003699,0.0226941836275925,1,1,0.302576163478659,NA,0.999991322499642,1,0.264949016246367,NA,0.967531052952897,1,0.326438379324605,-0.000218805891206066,5.02525189233767e-05,0.999949748743719,1,"S5","main",1000,70,0.352588811263852,79.9790447361737,0,0,0,"none",0,3,1
0.487936667117798,0.00188147873715556,1,1,0.251207877390311,NA,0.999568183859736,1,0.0788243311044737,NA,0.402036134609566,0,0.216338098353311,0.0820823084352939,0.0104936529161943,0.933402010050251,1,"S5","main",1000,70,0.352588811263852,76.1540915935974,0,0,0,"none",0,4,1
0.459380568089555,-0.0101085092418606,1,1,0.278781974867916,NA,0.99997392532583,1,0.18100888806197,NA,0.779420796958404,1,0.293779920402407,-0.0416096374021696,0.000381919143817682,0.999618090452261,1,"S5","main",1000,70,0.352588811263852,86.7886548507646,0,0,0,"none",0,5,1
0.500469126410016,-0.0133778158454337,1,1,0.352493787744869,NA,0.999998995014713,1,0.338457003910585,NA,0.998468369389995,1,0.400742723812265,-0.00660318252081771,NA,1,1,"S5","main",1000,70,0.352588811263852,72.6981265253842,0,0,0,"none",0,6,1
0.521128905922573,-0.00970684288561763,1,1,0.35233178098359,NA,0.999999008678123,1,0.331790032926427,NA,0.994584601995159,1,0.35176678555466,-0.00829023454703832,NA,1,1,"S5","main",1000,70,0.352588811263852,84.3707948005516,0,0,0,"none",0,7,1
0.487267766364922,-0.0219044129429468,1,1,0.33827125440398,NA,0.999996796991999,1,0.313939435138613,NA,0.993495960176348,1,0.365352555073561,-0.066212885383317,NA,1,1,"S5","main",1000,70,0.352588811263852,72.982921286454,0,0,0,"none",0,8,1
0.493817108182946,0.0211092970112015,1,1,0.291994365005889,NA,0.99999053820953,1,0.221157247776765,NA,0.889382750815832,1,0.231371718791756,0.0287449448519659,0.00886809581253769,0.972939698492462,1,"S5","main",1000,70,0.352588811263852,89.5002492475263,0,0,0,"none",0,9,1
0.507109885782095,-0.0116417755674546,1,1,0.304645770328459,NA,0.999989502801891,1,0.26632451132764,NA,0.953774563545766,1,0.331184916238418,-0.0288170652726576,NA,1,1,"S5","main",1000,70,0.352588811263852,79.1625579655554,0,0,0,"none",0,10,1
0.479958837596586,-0.0196148200435495,1,1,0.236605566283361,NA,0.999471012967707,1,0.107786767772882,NA,0.529920229423943,1,0.242369223485987,0.0929107072262733,0.00597224614571783,0.982178391959799,1,"S5","main",1000,70,0.352588811263852,95.1718585169393,0,0,0,"none",0,11,1
0.506757294329549,0.00546359744050611,1,1,0.308115459892021,NA,0.999963300186065,1,0.240660277877139,NA,0.8875726061965,1,0.302923687716983,0.0456111560999685,0.00206770164793748,0.99636432160804,1,"S5","main",1000,70,0.352588811263852,72.9554996530285,0,0,0,"none",0,12,1
0.478278490495281,0.00448593005524501,1,1,0.324990645090308,NA,0.99999812166053,1,0.301399276954227,NA,0.994253041551565,1,0.298551832943078,0.0292401738006985,0.000464835800041202,0.999535175879397,1,"S5","main",1000,70,0.352588811263852,98.8312911668466,0,0,0,"none",0,13,1
0.470226566126361,-0.00449213474448435,1,1,0.280816459505577,NA,0.999938655648803,1,0.113224987462316,NA,0.52300868569356,1,0.260718845376634,-0.116860800297564,0.00201021820793649,0.995097989949749,1,"S5","main",1000,70,0.352588811263852,69.346107788223,0,0,0,"none",0,14,1
0.499801828819448,-0.00710911016385671,1,1,0.393868315927147,NA,0.999999995440807,1,0.349892371972202,NA,0.999466675212241,1,0.399059051233066,0.000967614750865477,NA,1,1,"S5","main",1000,70,0.352588811263852,79.732482103495,0,0,0,"none",0,15,1
0.520705487949158,-0.00639886822224273,1,1,0.334543366259872,NA,0.999997297382089,1,0.277845644894253,NA,0.957978191164395,1,0.330170761109396,0.0454813511985488,0.00286188095268617,0.997138190954774,1,"S5","main",1000,70,0.352588811263852,82.8553025712266,0,0,0,"none",0,16,1
0.467242854344653,0.00387415397917346,1,1,0.267573855034418,NA,0.999895024409043,1,0.259418934927576,NA,0.961594978378307,1,0.31334464905661,0.0729098247241481,NA,1,1,"S5","main",1000,70,0.352588811263852,81.9810392538734,0,0,0,"none",0,17,1
0.459287222829894,0.000836781812765361,1,1,0.230032740404462,NA,0.999315954353893,1,0.120353805361893,NA,0.572364191261668,1,0.208081835318773,-0.0266281023385163,0.0127958648452663,0.92093216080402,1,"S5","main",1000,70,0.352588811263852,84.1068459735764,0,0,0,"none",0,18,1
0.486294550754011,0.00998469597570714,1,1,0.305174935994005,NA,0.999988731193747,1,0.201172636459262,NA,0.782956213567794,1,0.30669699182741,-0.046554888187171,0.000194549414350654,0.999756281407035,1,"S5","main",1000,70,0.352588811263852,83.3785964897577,0,0,0,"none",0,19,1
0.460015531093003,-0.00205104659197717,1,1,0.25938029205013,NA,0.999861028888299,1,0.26582695846119,NA,0.982671539957676,1,0.291717308705435,0.017891908997145,NA,1,1,"S5","main",1000,70,0.352588811263852,85.8980490752551,0,0,0,"none",0,20,1
0.487171174980556,0.00487694172479423,1,1,0.293273668719473,NA,0.999893557718468,1,0.259736082154148,NA,0.90795336026927,1,0.277037076408495,0.0474836278582852,0.0033474092431953,0.988427135678392,1,"S5","main",1000,70,0.352588811263852,66.9817762808027,0,0,0,"none",0,21,1
0.486544043395632,-0.0252883337298659,1,1,0.306301728477716,NA,0.999995817531781,1,0.287777339621841,NA,0.993222341234312,1,0.323230101363527,0.01188422880035,NA,1,1,"S5","main",1000,70,0.352588811263852,95.9394435875211,0,0,0,"none",0,22,1
0.457012214528203,0.0275802390926955,1,1,0.211353731773422,NA,0.99573809455801,1,0.117906313992552,NA,0.538848596171028,1,0.0868166849008889,-0.0247992752518013,0.016845767605169,0.487467336683417,0,"S5","main",1000,70,0.352588811263852,71.4246418207857,0,0,0,"none",0,23,1
0.464365604749746,0.0296134274983833,1,1,0.272054675743548,NA,0.999847051830977,1,0.186820733777028,NA,0.76207776513623,1,0.279405192193134,-0.0674268286350832,0.00243035987109113,0.994459798994975,1,"S5","main",1000,70,0.352588811263852,78.1134486803722,0,0,0,"none",0,24,1
0.472829701990493,-0.0182976174764532,1,1,0.294133920831452,NA,0.999977426173218,1,0.17735227753451,NA,0.742238979112113,1,0.309371112767546,-0.0761674807001026,0.00439678548783693,0.995309045226131,1,"S5","main",1000,70,0.352588811263852,86.5397175841577,0,0,0,"none",0,25,1
0.532100344369886,0.0243378982932627,1,1,0.33810916992634,NA,0.999995462885105,1,0.246740458173749,NA,0.887500319200844,1,0.330411359820847,0.0392546881642044,0.00075630040979665,0.999243718592965,1,"S5","main",1000,70,0.352588811263852,76.2331367531254,0,0,0,"none",0,26,1
0.506083892266782,0.000636345984657006,1,1,0.365926982004659,NA,0.999999952590999,1,0.354618399408844,NA,0.999695472912672,1,0.376941328577287,0.0184819608975745,NA,1,1,"S5","main",1000,70,0.352588811263852,84.7982496881875,0,0,0,"none",0,27,1
0.529653564892487,-0.0161617513453905,1,1,0.300432754870498,NA,0.999980377159131,1,0.269085000702409,NA,0.962558021942908,1,0.296075893750839,0.000127710124701853,0.00309183916751808,0.995344221105528,1,"S5","main",1000,70,0.352588811263852,83.9140499364415,0,0,0,"none",0,28,1
0.523293302557324,0.0151682629867975,1,1,0.365513447261571,NA,0.999999388433741,1,0.360539201589139,NA,0.998154419551817,1,0.358143588888365,-0.0241972873953825,0.000675896379519283,0.999324120603015,1,"S5","main",1000,70,0.352588811263852,70.851465182117,0,0,0,"none",0,29,1
0.446746328334555,0.0198628175623375,1,1,0.299758582029559,NA,0.999994309892037,1,0.307420852105695,NA,0.998080584704933,1,0.300250134388883,0.0169464685797012,0.000505239293713057,0.999361809045226,1,"S5","main",1000,70,0.352588811263852,88.3076647353971,0,0,0,"none",0,30,1
0.526771074384874,-0.00184199419255589,1,1,0.321986302611795,NA,0.999995647471697,1,0.266622940759306,NA,0.957575884050475,1,0.314218970408366,-0.0255416381971877,0.000761325661688961,0.999238693467337,1,"S5","main",1000,70,0.352588811263852,79.6987917048109,0,0,0,"none",0,31,1
0.50259062571688,0.00938797041878179,1,1,0.354491176022172,NA,0.999999847306628,1,0.333675497612989,NA,0.999305200055736,1,0.346826887497115,0.101654072012166,NA,1,1,"S5","main",1000,70,0.352588811263852,89.0777335692092,0,0,0,"none",0,32,1
0.484988775691282,0.0184190480317603,1,1,0.290386985603826,NA,0.99995139592707,1,0.136733485532618,NA,0.598964473917722,1,0.305393318064764,-0.0706685391486817,0.00132124915794211,0.998130653266332,1,"S5","main",1000,70,0.352588811263852,77.6166281459619,0,0,0,"none",0,33,1
0.469621816075033,-0.00991416604303552,1,1,0.322979019022158,NA,0.99999079483345,1,0.126079775686489,NA,0.535266462005572,1,0.345397386204995,-0.122935169370858,NA,1,1,"S5","main",1000,70,0.352588811263852,78.3922369482892,0,0,0,"none",0,34,1
0.518911302408261,-0.00359707225798144,1,1,0.376463818758634,NA,0.999999991119512,1,0.311877101674999,NA,0.992578590496741,1,0.404230729042847,0.0698781436399396,NA,1,1,"S5","main",1000,70,0.352588811263852,94.0372248229487,0,0,0,"none",0,35,1
0.499623759545224,-0.0151053104147511,1,1,0.300189098136376,NA,0.999984449777142,1,0.284280425202457,NA,0.970498277857188,1,0.272265362449318,-0.0462252258021464,0.00310328245809329,0.99177135678392,1,"S5","main",1000,70,0.352588811263852,84.8117235067899,0,0,0,"none",0,36,1
0.458216768479904,0.0234372948868372,1,1,0.300506116557395,NA,0.999980373918997,1,0.256231769444723,NA,0.934376320600584,1,0.313957945398021,0.064278098311417,0.0019501962926134,0.997427135678392,1,"S5","main",1000,70,0.352588811263852,87.6201907319768,0,0,0,"none",0,37,1
0.443698328089855,-0.0355935794197271,1,1,0.240402807567549,NA,0.999645675764492,1,0.132329222549085,NA,0.643703499989192,1,0.23680006346815,-0.0844870164521878,0.00534093520241022,0.981304020100503,1,"S5","main",1000,70,0.352588811263852,87.2940331373592,0,0,0,"none",0,38,1
0.520720813166906,-0.00942076519885207,1,1,0.425866674833332,NA,0.99999999989344,1,0.411050066371041,NA,0.999992714584822,1,0.460280117169188,-0.0420474221973276,NA,1,1,"S5","main",1000,70,0.352588811263852,92.2694876619072,0,0,0,"none",0,39,1
0.465897913496588,0.00492725106731678,1,1,0.310180190702502,NA,0.999993579474341,1,0.311794024349339,NA,0.997036954674349,1,0.273792431255738,0.0339996394392232,0.00602600597308361,0.985354271356784,1,"S5","main",1000,70,0.352588811263852,80.2139567070855,0,0,0,"none",0,40,1
0.484037910242,0.01074554285987,1,1,0.336987330219819,NA,0.999999880240352,1,0.29909212446128,NA,0.996908508762941,1,0.369871891836821,-0.0725770807213728,NA,1,1,"S5","main",1000,70,0.352588811263852,93.6489660547771,0,0,0,"none",0,41,1
0.466195288097338,-0.00815267698302685,1,1,0.22809571289583,NA,0.998793944838001,1,0.107610152885711,NA,0.507393182667991,1,0.19986292180475,-0.0478387216711147,0.0120977115421474,0.876663316582915,1,"S5","main",1000,70,0.352588811263852,76.31256476369,0,0,0,"none",0,42,1
0.474589514183429,0.00743338423649618,1,1,0.359516293665058,NA,0.999999984322739,1,0.321687788689744,NA,0.999251852340828,1,0.376929827128332,-0.0273841022436155,NA,1,1,"S5","main",1000,70,0.352588811263852,98.8526377873997,0,0,0,"none",0,43,1
0.468483864596929,0.00521394176005567,1,1,0.311253252725319,NA,0.999999784370806,1,0.265625654562382,NA,0.991542159658176,1,0.326190751380258,-0.0509876153132943,NA,1,1,"S5","main",1000,70,0.352588811263852,112.622897420321,0,0,0,"none",0,44,1
0.501848566424663,0.0110509140880286,1,1,0.422065147676637,NA,0.999999999955063,1,0.39439534808482,NA,0.999998296448608,1,0.416974573729116,-0.0458611400771123,NA,1,1,"S5","main",1000,70,0.352588811263852,99.2978581977949,0,0,0,"none",0,45,1
0.521770099221331,0.00903883351806097,1,1,0.39356778215384,NA,0.999999996304721,1,0.337101806608269,NA,0.997154424297245,1,0.421226009125663,-0.0779872520904689,NA,1,1,"S5","main",1000,70,0.352588811263852,90.065803588789,0,0,0,"none",0,46,1
0.441618373776737,-0.00548464481132969,1,1,0.252838252206162,NA,0.999513651361033,1,0.0962591146082797,NA,0.436206543098417,0,0.232305033030134,-0.0342196519571163,0.0105151273245297,0.928618090452261,1,"S5","main",1000,70,0.352588811263852,73.2113535874478,0,0,0,"none",0,47,1
0.454743009227747,0.00234840692147958,1,1,0.32427415576971,NA,0.99999736294335,1,0.318276985599394,NA,0.998887466825835,1,0.30402316519788,0.00415851242155256,0.00241525532214507,0.997045226130653,1,"S5","main",1000,70,0.352588811263852,76.6238974607288,0,0,0,"none",0,48,1
0.535458342443405,-0.00329079002511233,1,1,0.337239255728888,NA,0.999997593638567,1,0.24480403788941,NA,0.899860334709125,1,0.32684565041292,0.0145989162493371,0.000791477173043137,0.999208542713568,1,"S5","main",1000,70,0.352588811263852,81.9153891938919,0,0,0,"none",0,49,1
0.532264056115682,0.00437774329245343,1,1,0.311389023047018,NA,0.999978713403389,1,0.280113938491256,NA,0.96377034369237,1,0.298040487523941,-0.00647150422570148,0.00714053131576371,0.989927135678392,1,"S5","main",1000,70,0.352588811263852,72.1662837494042,0,0,0,"none",0,50,1
0.502273437598149,0.00069264157758286,1,1,0.345905319040365,NA,0.999999974109927,1,0.321358424530861,NA,0.999071740040044,1,0.348652958665097,0.0750666322630392,NA,1,1,"S5","main",1000,70,0.352588811263852,99.1551518191832,0,0,0,"none",0,51,1
0.490758415337966,-0.0211079265056577,1,1,0.343731781018569,NA,0.999999995068409,1,0.352486677116995,NA,0.999997969497429,1,0.362244145582114,0.0294625393681373,NA,1,1,"S5","main",1000,70,0.352588811263852,107.227773847751,0,0,0,"none",0,52,1
0.517335802531251,-0.0044541607178574,1,1,0.360249526354495,NA,0.999999930283185,1,0.344463030450244,NA,0.999564191227041,1,0.355989185633428,0.0321723087406536,NA,1,1,"S5","main",1000,70,0.352588811263852,90.0123049545886,0,0,0,"none",0,53,1
0.506422457638202,0.0198934646300483,1,1,0.286394878013944,NA,0.999951054226922,1,0.238890266115462,NA,0.919110729670714,1,0.278674977575488,-0.0500224182702851,0.0033946516694213,0.993811557788945,1,"S5","main",1000,70,0.352588811263852,85.120975153183,0,0,0,"none",0,54,1
0.502338657790055,0.00242159100390042,1,1,0.284558852122293,NA,0.999813879310386,1,0.260962986323316,NA,0.914207219218834,1,0.296441523110371,0.015319533275039,0.00611592896887234,0.984804020100502,1,"S5","main",1000,70,0.352588811263852,65.9898710820657,0,0,0,"none",0,55,1
0.523849019403711,0.0235626562212873,1,1,0.428724117609913,NA,0.999999999927693,1,0.392396699336254,NA,0.99992847661018,1,0.431324266390691,0.00922766052741794,NA,1,1,"S5","main",1000,70,0.352588811263852,85.6900292865573,0,0,0,"none",0,56,1
0.514667506534921,0.00695196732712422,1,1,0.293081167706584,NA,0.999988322717188,1,0.201818155001367,NA,0.849035040701629,1,0.264094582385094,0.0369435332164464,0.00532762567603769,0.986090452261307,1,"S5","main",1000,70,0.352588811263852,91.2958254364393,0,0,0,"none",0,57,1
0.477195096918046,-0.000912265507619982,1,1,0.327863853131985,NA,0.999999725018224,1,0.297710817069442,NA,0.996783563983623,1,0.341506075208996,-0.0145695584029779,NA,1,1,"S5","main",1000,70,0.352588811263852,101.017720771962,0,0,0,"none",0,58,1
0.487350143080467,0.0250092615461363,1,1,0.283962379881885,NA,0.999921547402706,1,0.193604755734786,NA,0.792602499706506,1,0.265884510254488,-0.0136104524503943,0.00575791694006948,0.978331658291457,1,"S5","main",1000,70,0.352588811263852,78.0972114670239,0,0,0,"none",0,59,1
0.467301678450411,-0.00521053321473514,1,1,0.277885793060608,NA,0.999938140111615,1,0.300159343573009,NA,0.990587798800673,1,0.254581841700148,0.05505051659775,0.0040902101597701,0.984241206030151,1,"S5","main",1000,70,0.352588811263852,78.5006449923561,0,0,0,"none",0,60,1
0.452546747440437,-0.0116502793833568,1,1,0.307330294094536,NA,0.999991169271043,1,0.276121877195393,NA,0.970452271939164,1,0.29966212018626,0.0795450491076968,0.00215204291743388,0.997768844221106,1,"S5","main",1000,70,0.352588811263852,76.088090218573,0,0,0,"none",0,61,1
0.478206946609753,-0.000455717022886813,1,1,0.32321305434933,NA,0.999999079451231,1,0.313247823848742,NA,0.997218778857635,1,0.30212235734112,-0.0293827449460812,NA,1,1,"S5","main",1000,70,0.352588811263852,85.9503683224495,0,0,0,"none",0,62,1
0.485254326524928,-0.0303145277937355,1,1,0.258766373895912,NA,0.99988769234197,1,0.229789939355618,NA,0.922627167162869,1,0.25455047467482,-0.0282899675887613,0.00579421644475426,0.979731155778894,1,"S5","main",1000,70,0.352588811263852,88.0873206964243,0,0,0,"none",0,63,1
0.455675550190749,0.00158346727440847,1,1,0.319678916172764,NA,0.999998305022307,1,0.271439833656647,NA,0.978452215593958,1,0.291844185449122,-0.0311357696779182,0.0041243021166721,0.994517587939698,1,"S5","main",1000,70,0.352588811263852,86.8335597186339,0,0,0,"none",0,64,1
0.53209167083281,0.0204827535298997,1,1,0.243218312854039,NA,0.998429251365115,1,0.179339095296089,NA,0.736788169282405,1,0.214165991421304,-0.00923589349421572,0.0123916600177295,0.857537688442211,1,"S5","main",1000,70,0.352588811263852,63.8554005707399,0,0,0,"none",0,65,1
0.472876476939391,-0.000214263992420345,1,1,0.255153960958407,NA,0.999649478644186,1,0.201559812245056,NA,0.831484242997853,1,0.277946092480028,0.0472811866411234,0.0044303065891776,0.990238693467337,1,"S5","main",1000,70,0.352588811263852,72.7084174210726,0,0,0,"none",0,66,1
0.491621018624626,0.0133882383001532,1,1,0.107759015576776,NA,0.837087387854006,0,0.015672103782045,NA,0.116738470763784,0,0.0017623864498203,0.00589294616903777,0.00378861209207643,0.0736532663316583,0,"S5","main",1000,70,0.352588811263852,65.8129667803806,0,0,0,"none",0,67,1
0.501323312458809,0.00661389889328565,1,1,0.255010253957882,NA,0.999084976353565,1,0.141436888339186,NA,0.59539322636866,1,0.314794125884014,-0.0174901655354577,0.00264792206241426,0.994866834170854,1,"S5","main",1000,70,0.352588811263852,66.9416988236548,0,0,0,"none",0,68,1
0.459625186017113,-0.0177622869771222,1,1,0.253396031311495,NA,0.999948290908035,1,0.17346181528233,NA,0.793117479563257,1,0.262857985024442,0.048951748608063,0.00359717715315582,0.994482412060302,1,"S5","main",1000,70,0.352588811263852,103.599749519668,0,0,0,"none",0,69,1
0.498175194653565,0.0177455796582086,1,1,0.307011233640908,NA,0.999996176363145,1,0.295661179047291,NA,0.98948198361558,1,0.30763293165724,0.0444244328391772,0.00235758497605004,0.995821608040201,1,"S5","main",1000,70,0.352588811263852,83.7320320847888,0,0,0,"none",0,70,1
0.507893803206727,-0.00982997795129865,1,1,0.296944023185633,NA,0.999961561324017,1,0.28514573277241,NA,0.977257803590703,1,0.285965949549603,-0.0245059357233138,0.00311817951600925,0.995070351758794,1,"S5","main",1000,70,0.352588811263852,81.2256724972851,0,0,0,"none",0,71,1
0.504864053787382,-0.0101015662639642,1,1,0.324373866763172,NA,0.999997494713462,1,0.294177497406368,NA,0.983833377058311,1,0.33978133430608,0.0384458462712091,NA,1,1,"S5","main",1000,70,0.352588811263852,88.6415212818884,0,0,0,"none",0,72,1
0.532424940180283,-0.000148940032746009,1,1,0.348044480170238,NA,0.999999583996264,1,0.339386900050841,NA,0.999500640749969,1,0.327718743195358,-0.046563990772206,NA,1,1,"S5","main",1000,70,0.352588811263852,81.2135459711773,0,0,0,"none",0,73,1
0.458455318740597,0.0212553278920676,1,1,0.22949001245127,NA,0.999218365502706,1,0.0403565466282923,NA,0.249379429360521,0,0.285250645907235,0.0227106887896437,0.00229145353797546,0.997072864321608,1,"S5","main",1000,70,0.352588811263852,86.6952469791688,0,0,0,"none",0,74,1
0.522148337365735,-0.0093679804049476,1,1,0.331025477090849,NA,0.999999186550385,1,0.298297391514507,NA,0.979271101718484,1,0.32299559958159,0.0898015392215872,NA,1,1,"S5","main",1000,70,0.352588811263852,89.3809254943738,0,0,0,"none",0,75,1
0.484741329375961,0.0138540505511899,1,1,0.346636939030734,NA,0.99999794476901,1,0.314734483892622,NA,0.987784958816908,1,0.345840988869159,-0.0367333929782167,0.00106489761435798,0.998507537688442,1,"S5","main",1000,70,0.352588811263852,69.3530179974595,0,0,0,"none",0,76,1
0.519271603962981,0.0129094223319992,1,1,0.317890537528169,NA,0.999998448544525,1,0.258522675936508,NA,0.963050946131511,1,0.326897884213556,0.0496799456381029,NA,1,1,"S5","main",1000,70,0.352588811263852,89.0755837044072,0,0,0,"none",0,77,1
0.466777980586381,-0.00122635420333671,1,1,0.292960545140814,NA,0.999936316826833,1,0.186522981643777,NA,0.750619439921683,1,0.270455874261194,0.0488898276596015,0.0087222820773642,0.98229648241206,1,"S5","main",1000,70,0.352588811263852,68.9752040886771,0,0,0,"none",0,78,1
0.518006773195635,0.000761935908780675,1,1,0.370966564700012,NA,0.999999890512002,1,0.324436008552516,NA,0.993214368071944,1,0.39276972226326,0.103473524090895,NA,1,1,"S5","main",1000,70,0.352588811263852,80.2257643438074,0,0,0,"none",0,79,1
0.456625709898237,0.0139383266083569,1,1,0.269252067017394,NA,0.999896504362978,1,0.255716176470452,NA,0.960240592098846,1,0.306441508881348,-0.0674585022873343,NA,1,1,"S5","main",1000,70,0.352588811263852,82.7697335463809,0,0,0,"none",0,80,1
0.529256608027027,0.0126029532288667,1,1,0.397931578843613,NA,0.999999994259236,1,0.350577811595634,NA,0.999072740150641,1,0.383348360028879,0.0175725757182594,NA,1,1,"S5","main",1000,70,0.352588811263852,86.0825719866055,0,0,0,"none",0,81,1
0.486213494318325,0.0128491982818211,1,1,0.356824917848217,NA,0.999999814946406,1,0.347870169809046,NA,0.999323584398144,1,0.372059034892742,0.112113717964382,NA,1,1,"S5","main",1000,70,0.352588811263852,72.153862740252,0,0,0,"none",0,82,1
0.475125514566158,-0.0229966062502853,1,1,0.353141545035535,NA,0.999999924642818,1,0.313661386885468,NA,0.996307859068611,1,0.377086922537774,-0.0610191925067158,NA,1,1,"S5","main",1000,70,0.352588811263852,90.8034979424635,0,0,0,"none",0,83,1
0.503414491210255,-0.0305908927128016,1,1,0.345487634635086,NA,0.999999547516416,1,0.310939760418072,NA,0.990479429271139,1,0.353854843579215,-0.0869196953878612,NA,1,1,"S5","main",1000,70,0.352588811263852,81.3357325975248,0,0,0,"none",0,84,1
0.506031672960305,0.0338659829101829,1,1,0.358614742064615,NA,0.999999874323644,1,0.340894550403999,NA,0.999568272673341,1,0.362039367683522,-0.0150077483386079,NA,1,1,"S5","main",1000,70,0.352588811263852,84.0449698333816,0,0,0,"none",0,85,1
0.497064000139694,0.0377365046780098,1,1,0.240372658260621,NA,0.998815384853081,1,0.184073917879486,NA,0.762949429228623,1,0.229910245613194,-0.0179018386666357,0.0108536669995494,0.913618090452261,1,"S5","main",1000,70,0.352588811263852,71.9447954353288,0,0,0,"none",0,86,1
0.462090735491867,-0.0114413616692366,1,1,0.300279028397979,NA,0.999989710454072,1,0.27737872445787,NA,0.980121805937984,1,0.310572308513891,0.0247970038020352,0.000841729691966583,0.999158291457286,1,"S5","main",1000,70,0.352588811263852,86.2988600775429,0,0,0,"none",0,87,1
0.440053054269107,-0.0151063384455169,1,1,0.28143870808217,NA,0.99998770419322,1,0.234964204934457,NA,0.942943481585125,1,0.2622557736195,0.0316726731206488,0.00140810181385919,0.997015075376884,1,"S5","main",1000,70,0.352588811263852,88.1974073540928,0,0,0,"none",0,88,1
0.480224615677977,-0.00879480635084269,1,1,0.302613478331694,NA,0.999989889567092,1,0.277683453019237,NA,0.97588110593726,1,0.197659597562654,0.0146833274052365,0.0123477071605318,0.878801507537688,1,"S5","main",1000,70,0.352588811263852,78.1002261592715,0,0,0,"none",0,89,1
0.515412193855146,0.00266791073556669,1,1,0.338663047264627,NA,0.999999929236346,1,0.30982357088768,NA,0.999374423681493,1,0.339466880638092,0.0339147274136488,NA,1,1,"S5","main",1000,70,0.352588811263852,106.746572603096,0,0,0,"none",0,90,1
0.508319963392411,-0.0356052259699791,1,1,0.332217777537956,NA,0.999999532643343,1,0.288336355339568,NA,0.992403926698208,1,0.356369250804675,-0.0545556071984697,NA,1,1,"S5","main",1000,70,0.352588811263852,97.0911596949118,0,0,0,"none",0,91,1
0.482765517689127,-0.0147803400422047,1,1,0.319926747201505,NA,0.999998300403543,1,0.305263550013876,NA,0.996050829331223,1,0.353653746350277,-0.048197578276277,NA,1,1,"S5","main",1000,70,0.352588811263852,82.0895148250525,0,0,0,"none",0,92,1
0.469789931453661,-0.0158583297077865,1,1,0.259901980303722,NA,0.999732604408229,1,0.13632138483959,NA,0.601107377106395,1,0.277016381037773,0.0201937382209789,0.00274036703815081,0.992082914572864,1,"S5","main",1000,70,0.352588811263852,75.1941928534265,0,0,0,"none",0,93,1
0.483942308404488,0.00810607604582954,1,1,0.308503850480819,NA,0.999993566174218,1,0.244913517942061,NA,0.916087278747654,1,0.314824739502056,-0.193301952683397,NA,1,1,"S5","main",1000,70,0.352588811263852,81.5106121440792,0,0,0,"none",0,94,1
0.520207165168202,0.000425218014857866,1,1,0.358451440093925,NA,0.999999900961811,1,0.304367522561245,NA,0.990266861807822,1,0.38372894647162,0.00722953678329852,NA,1,1,"S5","main",1000,70,0.352588811263852,87.1641772150144,0,0,0,"none",0,95,1
0.490363804750941,-0.014052733608298,1,1,0.26151905048671,NA,0.999745596778294,1,0.16148459110636,NA,0.701374631197794,1,0.269396735615194,-0.0462071863634507,0.00282382018751431,0.99236432160804,1,"S5","main",1000,70,0.352588811263852,77.2487823667221,0,0,0,"none",0,96,1
0.483583642110113,-0.00510027438925545,1,1,0.290151644828367,NA,0.999991983192696,1,0.281404247130246,NA,0.992597142492973,1,0.284964893544657,-0.0502372962532945,0.00331454220953532,0.995947236180905,1,"S5","main",1000,70,0.352588811263852,96.218699816198,0,0,0,"none",0,97,1
0.494420840170575,-0.00441935428140448,1,1,0.246839556575446,NA,0.999525499386076,1,0.11691968563167,NA,0.53204031650745,1,0.259380195614675,-0.0600868409812956,0.00439909171047551,0.985711055276382,1,"S5","main",1000,70,0.352588811263852,72.311105922183,0,0,0,"none",0,98,1
0.48064298567469,0.0228129775326942,1,1,0.276274208877957,NA,0.999979672644747,1,0.274411871385733,NA,0.984217736934852,1,0.328277457476565,0.0777203592065302,NA,1,1,"S5","main",1000,70,0.352588811263852,96.1819565013258,0,0,0,"none",0,99,1
0.448361512916642,0.00558341756061977,1,1,0.277726709858477,NA,0.99998249589983,1,0.229739378777397,NA,0.910740477733464,1,0.274451972968823,0.02272632411418,0.00363753760707046,0.994886934673367,1,"S5","main",1000,70,0.352588811263852,87.233197944951,0,0,0,"none",0,100,1
0.491800619915149,0.00115201586400717,1,1,0.363978892268763,NA,0.999999999999445,1,0.335358791127517,NA,0.99999999999131,1,0.366544728081915,0.0263531020021696,NA,1,1,"S5","main",1000,70,0.352588811263852,151.519329050593,0.3,0,0,"none",0,1,1
0.424230906240318,0.0162584086274785,1,1,0.273614166389354,NA,0.999999805016327,1,0.229753374293787,NA,0.999942381116228,1,0.261808450246924,0.00221180309096997,NA,1,1,"S5","main",1000,70,0.352588811263852,139.403194429577,0.3,0,0,"none",0,2,1
0.460267933966573,0.0080676196559307,1,1,0.309301297122445,NA,0.99999997576723,1,0.270050306912985,NA,0.999981850216052,1,0.331625031801453,-0.038688960477362,NA,1,1,"S5","main",1000,70,0.352588811263852,123.279640298479,0.3,0,0,"none",0,3,1
0.48399590192132,0.0215721398548038,1,1,0.321611028630392,NA,0.999999999243103,1,0.2884884126624,NA,0.999999923016538,1,0.358099338534404,0.0951417863613479,NA,1,1,"S5","main",1000,70,0.352588811263852,160.866292732604,0.3,0,0,"none",0,4,1
0.484810662445372,-0.0178340724271901,1,1,0.353327408419436,NA,0.999999999998433,1,0.301994002544214,NA,0.999999995399394,1,0.356385569390747,-0.0370289537976577,NA,1,1,"S5","main",1000,70,0.352588811263852,149.202893414915,0.3,0,0,"none",0,5,1
0.445279592986634,0.00357664066537144,1,1,0.279059283268948,NA,0.99999993933414,1,0.235403678888825,NA,0.999907489885325,1,0.338718205155865,0.0756472136579238,NA,1,1,"S5","main",1000,70,0.352588811263852,146.297286756144,0.3,0,0,"none",0,6,1
0.427668331643513,0.00717499693390544,1,1,0.30101167879377,NA,0.999999990245185,1,0.276910836311257,NA,0.99999962595119,1,0.300792798824406,-0.00635083778990254,NA,1,1,"S5","main",1000,70,0.352588811263852,148.314276190359,0.3,0,0,"none",0,7,1
0.437017799754868,-0.0156517388409203,1,1,0.307385337140366,NA,0.999999998452105,1,0.275254356843365,NA,0.999999763076213,1,0.326474482466408,0.0546461673493091,NA,1,1,"S5","main",1000,70,0.352588811263852,151.218110156234,0.3,0,0,"none",0,8,1
0.489192287210688,0.00821274845523643,1,1,0.291652326990775,NA,0.999999865433044,1,0.242711337559289,NA,0.999933935284881,1,0.283499902277127,-0.0119072115888494,NA,1,1,"S5","main",1000,70,0.352588811263852,138.113434518028,0.3,0,0,"none",0,9,1
0.475280798354564,-0.00133924094415068,1,1,0.346787207596003,NA,0.999999999865428,1,0.29832976145241,NA,0.999999833904488,1,0.353575387054225,-0.0280848736322549,NA,1,1,"S5","main",1000,70,0.352588811263852,133.74357452821,0.3,0,0,"none",0,10,1
0.474266545610007,0.00329125269583703,1,1,0.326412096335439,NA,0.999999997684095,1,0.299574496468306,NA,0.999999892829633,1,0.315185147281836,0.0612699161311216,NA,1,1,"S5","main",1000,70,0.352588811263852,136.535997054663,0.3,0,0,"none",0,11,1
0.443426802495667,-0.0116170811616966,1,1,0.227328799142849,NA,0.999886608430956,1,0.238255789043676,NA,0.99929781789584,1,0.212619470247893,-0.0363207827743362,0.00446564847634125,0.98421608040201,1,"S5","main",1000,70,0.352588811263852,118.560503304179,0.3,0,0,"none",0,12,1
0.470645970266729,0.00855732402860058,1,1,0.340375972917643,NA,0.999999999593378,1,0.315416026140225,NA,0.999999979629664,1,0.351286603924319,0.0564076977808294,NA,1,1,"S5","main",1000,70,0.352588811263852,134.999230912229,0.3,0,0,"none",0,13,1
0.486636968691133,0.00716016369165221,1,1,0.365916566375359,NA,0.999999999980058,1,0.315443457938312,NA,0.999999973283199,1,0.386959786886546,-0.00693406838383055,NA,1,1,"S5","main",1000,70,0.352588811263852,135.165820546686,0.3,0,0,"none",0,14,1
0.424129605062756,-0.0121559083348281,1,1,0.256506347599176,NA,0.999999552828398,1,0.201898113744189,NA,0.997967417149146,1,0.230109754666281,-0.0451435770495973,0.000208547953531981,0.999791457286432,1,"S5","main",1000,70,0.352588811263852,142.790098284762,0.3,0,0,"none",0,15,1
0.424447838902805,-0.0132494544169279,1,1,0.266334385305614,NA,0.999999314790165,1,0.275851852702416,NA,0.999999275559271,1,0.291465120314292,0.0119199195893043,NA,1,1,"S5","main",1000,70,0.352588811263852,142.577457655967,0.3,0,0,"none",0,16,1
0.456261458435597,-0.00540474415747998,1,1,0.295684586937793,NA,0.99999994155441,1,0.293119748518826,NA,0.999999967189192,1,0.27127121505851,0.0225409246408605,NA,1,1,"S5","main",1000,70,0.352588811263852,143.226996865038,0.3,0,0,"none",0,17,1
0.49457893039473,-0.025323327889004,1,1,0.338977616731387,NA,0.999999999518808,1,0.294351329056895,NA,0.999999903408396,1,0.340981109757951,-0.0831117155098757,NA,1,1,"S5","main",1000,70,0.352588811263852,140.632382316319,0.3,0,0,"none",0,18,1
0.470616559778434,0.000898610545852609,1,1,0.296778201064936,NA,0.999999976029432,1,0.273708539717428,NA,0.999999445465072,1,0.272544791373689,-0.00410838909911732,NA,1,1,"S5","main",1000,70,0.352588811263852,146.177321581108,0.3,0,0,"none",0,19,1
0.49560512478214,0.0103417121783982,1,1,0.307032824188018,NA,0.999999893110197,1,0.293138821145721,NA,0.999999560059354,1,0.305006379825986,-0.0101580042948815,NA,1,1,"S5","main",1000,70,0.352588811263852,117.722882348234,0.3,0,0,"none",0,20,1
0.469275996397101,0.0194703355930587,1,1,0.277883614122854,NA,0.999999774599554,1,0.254702818489562,NA,0.9999779288487,1,0.259287765867913,0.0656221889362791,NA,1,1,"S5","main",1000,70,0.352588811263852,135.985168886844,0.3,0,0,"none",0,21,1
0.47504271104535,0.0275315122435949,1,1,0.270403926117139,NA,0.999997228349832,1,0.245537509656522,NA,0.999813299234131,1,0.274273869632169,0.122457752145216,NA,1,1,"S5","main",1000,70,0.352588811263852,127.122640101758,0.3,0,0,"none",0,22,1
0.479030108226067,0.0028164356216007,1,1,0.349067907812211,NA,0.999999999998047,1,0.339426044519046,NA,0.999999999999443,1,0.33956649785221,-0.0708304068344933,NA,1,1,"S5","main",1000,70,0.352588811263852,153.103098540234,0.3,0,0,"none",0,23,1
0.41892735362026,-0.00999859297618466,1,1,0.261044010817044,NA,0.999999242805155,1,0.245955963628188,NA,0.999970887744212,1,0.312521744285043,-0.0367033289672178,NA,1,1,"S5","main",1000,70,0.352588811263852,144.171415950401,0.3,0,0,"none",0,24,1
0.457158736728622,0.019098702362407,1,1,0.318885360515805,NA,0.999999996419599,1,0.304443179892746,NA,0.999999942994196,1,0.338259820323531,0.0481427360982725,NA,1,1,"S5","main",1000,70,0.352588811263852,139.696264368524,0.3,0,0,"none",0,25,1
0.494919047754587,0.00351301781071742,1,1,0.332687157992645,NA,0.99999999949477,1,0.311902313677827,NA,0.999999999073199,1,0.338951529400138,0.005382974987769,NA,1,1,"S5","main",1000,70,0.352588811263852,141.219480454066,0.3,0,0,"none",0,26,1
0.448777013234702,-0.00530219826456946,1,1,0.267067872553648,NA,0.999999302102699,1,0.232499472325407,NA,0.999817883238059,1,0.246292184297072,0.0447256081054806,0.000683434257357898,0.999316582914573,1,"S5","main",1000,70,0.352588811263852,139.896776965602,0.3,0,0,"none",0,27,1
0.409427832623865,-0.00417719461145092,1,1,0.278050455804895,NA,0.999999943348369,1,0.238740642895717,NA,0.999965007759281,1,0.282421697478998,-0.00328363010443586,NA,1,1,"S5","main",1000,70,0.352588811263852,143.852714447608,0.3,0,0,"none",0,28,1
0.470637699135334,-0.00158484039846153,1,1,0.313768038627398,NA,0.999999995203153,1,0.266199436758784,NA,0.999995077326258,1,0.320038810577698,0.0690346450438375,NA,1,1,"S5","main",1000,70,0.352588811263852,136.607763851908,0.3,0,0,"none",0,29,1
0.434307172228132,-0.00088642844767995,1,1,0.30659488702348,NA,0.99999999113742,1,0.261006162790146,NA,0.999982026783635,1,0.31844705118384,0.0621222376465516,NA,1,1,"S5","main",1000,70,0.352588811263852,127.49966417447,0.3,0,0,"none",0,30,1
0.488185359186023,-0.00221515557206387,1,1,0.381583436638947,NA,0.999999999997205,1,0.372136540106337,NA,0.999999999999885,1,0.436852145415071,0.00570568102535375,NA,1,1,"S5","main",1000,70,0.352588811263852,139.642481514855,0.3,0,0,"none",0,31,1
0.483991003044913,-0.0196472380348376,1,1,0.327867419989853,NA,0.999999997725964,1,0.284810459555303,NA,0.999999153050901,1,0.329174613652082,-0.11742721741012,NA,1,1,"S5","main",1000,70,0.352588811263852,127.48408756365,0.3,0,0,"none",0,32,1
0.477115502473197,0.0350181475485109,1,1,0.314845905203395,NA,0.999999999346087,1,0.275311837055456,NA,0.999999954980083,1,0.337507830168584,0.0930491522296834,NA,1,1,"S5","main",1000,70,0.352588811263852,139.647772638876,0.3,0,0,"none",0,33,1
0.454931879313158,0.00892805429171214,1,1,0.288211273949933,NA,0.999999859183056,1,0.286462086614879,NA,0.999999631762179,1,0.335630889042096,0.00748593542140836,NA,1,1,"S5","main",1000,70,0.352588811263852,132.900785681714,0.3,0,0,"none",0,34,1
0.496903829309824,-0.00224087354123662,1,1,0.315945246609536,NA,0.999999960829634,1,0.268811534018612,NA,0.999984242431632,1,0.322017996069767,-0.0734505981269801,NA,1,1,"S5","main",1000,70,0.352588811263852,126.69105304931,0.3,0,0,"none",0,35,1
0.448627748737533,0.00543726105030919,1,1,0.272136723118878,NA,0.999999630632644,1,0.230076379574843,NA,0.999848475810974,1,0.239862455111144,0.00367911128026312,NA,1,1,"S5","main",1000,70,0.352588811263852,130.432761706431,0.3,0,0,"none",0,36,1
0.465458559865899,-0.00659218079993473,1,1,0.272327466087121,NA,0.999999893702938,1,0.248423147993365,NA,0.999990298823998,1,0.267806159657407,-0.00138909254379833,NA,1,1,"S5","main",1000,70,0.352588811263852,154.662456703672,0.3,0,0,"none",0,37,1
0.475230198622671,-0.0160839305537,1,1,0.278845231547249,NA,0.999998877777281,1,0.267085093738987,NA,0.999986506667018,1,0.24392447539246,0.0523066351064652,0.00221864871046685,0.997781407035176,1,"S5","main",1000,70,0.352588811263852,118.629139405704,0.3,0,0,"none",0,38,1
0.415542076303636,-0.0166941585621244,1,1,0.247866545227488,NA,0.999999097618239,1,0.220924098479745,NA,0.999664039070056,1,0.289662441644618,-0.00626636536192524,NA,1,1,"S5","main",1000,70,0.352588811263852,153.355670856961,0.3,0,0,"none",0,39,1
0.484386926729236,0.00266135873050491,1,1,0.294296970808787,NA,0.999999845507798,1,0.22954762964624,NA,0.998561011414113,1,0.32235174349353,-0.0295628388626442,NA,1,1,"S5","main",1000,70,0.352588811263852,120.205319018897,0.3,0,0,"none",0,40,1
0.445602227172321,-5.70491627549197e-05,1,1,0.255915156835792,NA,0.999997581037004,1,0.230931009494408,NA,0.999323753091532,1,0.236395072193771,0.0244809830774496,0.000359305510302077,0.999640703517588,1,"S5","main",1000,70,0.352588811263852,129.903422501857,0.3,0,0,"none",0,41,1
0.43720334399582,-0.00302550107854719,1,1,0.282654848067223,NA,0.999999934374339,1,0.260175782349746,NA,0.99999845727602,1,0.313072277477437,-0.00346051225453542,NA,1,1,"S5","main",1000,70,0.352588811263852,137.755807823069,0.3,0,0,"none",0,42,1
0.447262989077795,0.00933586295392568,1,1,0.292536180952492,NA,0.999999987554464,1,0.265884117844654,NA,0.999993792664242,1,0.317801604282996,-0.00325339465486313,NA,1,1,"S5","main",1000,70,0.352588811263852,150.167412650217,0.3,0,0,"none",0,43,1
0.466244835717853,-0.0225990179421002,1,1,0.27420288001567,NA,0.999999694317694,1,0.235995234720184,NA,0.999935615999817,1,0.301732200432434,-0.0939409618756708,NA,1,1,"S5","main",1000,70,0.352588811263852,139.500117971783,0.3,0,0,"none",0,44,1
0.527326223148435,-0.00451118657256026,1,1,0.416070014871155,NA,0.999999999999991,1,0.373424859981137,NA,0.999999999999166,1,0.43189246350814,0.120004370112311,NA,1,1,"S5","main",1000,70,0.352588811263852,147.345144641663,0.3,0,0,"none",0,45,1
0.482959320746657,0.0158823873743025,1,1,0.339962850928351,NA,0.999999999283202,1,0.317812816240694,NA,0.999999977834894,1,0.310788709559557,-0.0213149966576211,NA,1,1,"S5","main",1000,70,0.352588811263852,120.476491154546,0.3,0,0,"none",0,46,1
0.419766139975675,-0.00385362974600937,1,1,0.223678464946071,NA,0.999961476067722,1,0.213849976450774,NA,0.999596347449858,1,0.215757205419684,-0.070229069675344,0.00135295564878593,0.997050251256281,1,"S5","main",1000,70,0.352588811263852,133.876387051739,0.3,0,0,"none",0,47,1
0.441343986789678,-0.0206406520221001,1,1,0.318780201319938,NA,0.999999995136254,1,0.301965086998149,NA,0.999999991068618,1,0.30696915874096,-0.104302377983749,NA,1,1,"S5","main",1000,70,0.352588811263852,145.235281400337,0.3,0,0,"none",0,48,1
0.491873521706131,-0.00637800250131709,1,1,0.324861233792151,NA,0.999999999833418,1,0.311408715197065,NA,0.999999999543288,1,0.325303287958885,0.002439191763513,NA,1,1,"S5","main",1000,70,0.352588811263852,149.855840521677,0.3,0,0,"none",0,49,1
0.486582168025216,-0.0248763159967103,1,1,0.319573927496201,NA,0.999999956981047,1,0.308491751201394,NA,0.999999279540385,1,0.331470682849675,0.00414528376946928,NA,1,1,"S5","main",1000,70,0.352588811263852,116.1556616037,0.3,0,0,"none",0,50,1
0.479522327785978,-0.0087459224367117,1,1,0.30309494634743,NA,0.999999991238914,1,0.276411052836947,NA,0.999999812471672,1,0.284863266145318,-0.0613727268613207,NA,1,1,"S5","main",1000,70,0.352588811263852,129.145150329028,0.3,0,0,"none",0,51,1
0.443684791344613,-0.0211902301605632,1,1,0.312149497162103,NA,0.999999999967699,1,0.283202763856359,NA,0.999999996796051,1,0.2845149919001,0.0194101559165212,NA,1,1,"S5","main",1000,70,0.352588811263852,176.691839965106,0.3,0,0,"none",0,52,1
0.439805479914704,0.0292404771172626,1,1,0.259005860219893,NA,0.999996093378571,1,0.203155328925854,NA,0.986503597518448,1,0.276837927007791,0.0420290339070189,NA,1,1,"S5","main",1000,70,0.352588811263852,127.925526424869,0.3,0,0,"none",0,53,1
0.463469688830927,-0.0017889953688039,1,1,0.304038105358834,NA,0.999999994230652,1,0.275996031537202,NA,0.999997859168219,1,0.321964032085499,0.0340781402536414,NA,1,1,"S5","main",1000,70,0.352588811263852,145.785012380975,0.3,0,0,"none",0,54,1
0.500353160144096,0.00773881000228698,1,1,0.324332178720522,NA,0.999999946955311,1,0.290443866749025,NA,0.999987859123688,1,0.341984195684138,0.0231307415189087,NA,1,1,"S5","main",1000,70,0.352588811263852,113.414762025619,0.3,0,0,"none",0,55,1
0.460897568210318,0.000681469349003319,1,1,0.293160349162633,NA,0.999999495908853,1,0.279768202220272,NA,0.99998632677556,1,0.308179474028802,0.00712325553515952,NA,1,1,"S5","main",1000,70,0.352588811263852,115.600451262404,0.3,0,0,"none",0,56,1
0.466148514980686,-0.0160103717468622,1,1,0.286952433493471,NA,0.999999966315459,1,0.242435645968883,NA,0.999963124231806,1,0.277323156308447,0.0219226891829537,NA,1,1,"S5","main",1000,70,0.352588811263852,139.888558629854,0.3,0,0,"none",0,57,1
0.450931021505502,-0.01563947386107,1,1,0.24523594311169,NA,0.999998609379609,1,0.23646439439899,NA,0.999991908583897,1,0.254445733028794,0.0184405411246498,0.000178396442177965,0.999821608040201,1,"S5","main",1000,70,0.352588811263852,149.458747410124,0.3,0,0,"none",0,58,1
0.461993113229884,0.00662572854853082,1,1,0.310735959878406,NA,0.999999987721563,1,0.281642867036496,NA,0.999997645910587,1,0.268108971170944,0.0169219506496469,NA,1,1,"S5","main",1000,70,0.352588811263852,136.511004708813,0.3,0,0,"none",0,59,1
0.493719274500368,-0.000154784705470664,1,1,0.330641464118348,NA,0.999999998707572,1,0.30202348232935,NA,0.99999988081769,1,0.331767394979563,-0.00107856682089099,NA,1,1,"S5","main",1000,70,0.352588811263852,141.005257371318,0.3,0,0,"none",0,60,1
0.497275477618803,-0.0181988968556852,1,1,0.298486199091153,NA,0.999999600627298,1,0.253224307259903,NA,0.99939310911193,1,0.261856335184093,-0.0199184104642132,0.00168041147216392,0.998130653266332,1,"S5","main",1000,70,0.352588811263852,115.023409563953,0.3,0,0,"none",0,61,1
0.480553686421543,-0.0187165705990026,1,1,0.297507990240514,NA,0.999999960292999,1,0.283968903452223,NA,0.999999311697584,1,0.275881595076638,-0.0520115537229184,NA,1,1,"S5","main",1000,70,0.352588811263852,133.973278190845,0.3,0,0,"none",0,62,1
0.461661125793069,0.00899977379358773,1,1,0.382135645298853,NA,0.999999999999999,1,0.349283626247332,NA,0.999999999999927,1,0.407642633679557,-0.0173258345378362,NA,1,1,"S5","main",1000,70,0.352588811263852,170.395607782116,0.3,0,0,"none",0,63,1
0.435501036335877,-0.0188520920059089,1,1,0.318317412193269,NA,0.999999999945442,1,0.309018074370883,NA,0.999999999951259,1,0.33892399465666,-0.006630087071214,NA,1,1,"S5","main",1000,70,0.352588811263852,157.577048596637,0.3,0,0,"none",0,64,1
0.489076673303606,-0.0302587910006013,1,1,0.350221649864965,NA,0.999999999984207,1,0.299965117228199,NA,0.999999990318605,1,0.361441585252369,-0.0198416948346957,NA,1,1,"S5","main",1000,70,0.352588811263852,139.568962823254,0.3,0,0,"none",0,65,1
0.468895666766502,0.00456517534200078,1,1,0.331716735216543,NA,0.999999996368557,1,0.299407258631982,NA,0.999999767602855,1,0.343816303207061,0.0109724942503464,NA,1,1,"S5","main",1000,70,0.352588811263852,122.879204772219,0.3,0,0,"none",0,66,1
0.454844925477688,0.00874161796830931,1,1,0.303397801413434,NA,0.999999982675563,1,0.243389693015593,NA,0.999706525402007,1,0.29974708808737,-0.0315998531904532,NA,1,1,"S5","main",1000,70,0.352588811263852,135.776430549149,0.3,0,0,"none",0,67,1
0.452907201969653,-0.00569149829107694,1,1,0.318704927833768,NA,0.999999998952082,1,0.304730338402557,NA,0.999999989622908,1,0.348604455397287,-0.0257740620274208,NA,1,1,"S5","main",1000,70,0.352588811263852,136.2527302441,0.3,0,0,"none",0,68,1
0.468639012142985,0.0228285252825668,1,1,0.356696932553938,NA,0.999999999701403,1,0.308342077205387,NA,0.999999589292688,1,0.342446327761499,0.0323499333972538,NA,1,1,"S5","main",1000,70,0.352588811263852,119.925455970176,0.3,0,0,"none",0,69,1
0.440422585654177,0.00301699302292261,1,1,0.294745619212906,NA,0.999999996828522,1,0.245696326402598,NA,0.999992521137797,1,0.275398538570497,-2.60447071771621e-06,NA,1,1,"S5","main",1000,70,0.352588811263852,140.122649196552,0.3,0,0,"none",0,70,1
0.443894671738456,0.00765127132122687,1,1,0.28475714375916,NA,0.999999872728581,1,0.253506107316679,NA,0.999971511576206,1,0.304267264060489,0.0717662270481993,NA,1,1,"S5","main",1000,70,0.352588811263852,152.299488118358,0.3,0,0,"none",0,71,1
0.500808440592134,0.00636767695498701,1,1,0.346370719563204,NA,0.999999997969312,1,0.323922891245233,NA,0.999999951116906,1,0.348945446754011,-0.0247938560801698,NA,1,1,"S5","main",1000,70,0.352588811263852,125.610769515967,0.3,0,0,"none",0,72,1
0.456523854916135,0.00079743990102432,1,1,0.311006981703038,NA,0.999999956892949,1,0.273898123774464,NA,0.99998578792886,1,0.299676783129207,-0.0200740696491698,NA,1,1,"S5","main",1000,70,0.352588811263852,126.652988455025,0.3,0,0,"none",0,73,1
0.454078646688767,-0.0049569869395957,1,1,0.319382001956507,NA,0.999999999759853,1,0.301212497103207,NA,0.999999999316743,1,0.316966567653978,-0.0356407162099119,NA,1,1,"S5","main",1000,70,0.352588811263852,152.909082880835,0.3,0,0,"none",0,74,1
0.513930493428955,-0.00197552821623102,1,1,0.335233083474445,NA,0.999999982743175,1,0.291318005374781,NA,0.999990405248991,1,0.365580972628228,0.0332903913071596,NA,1,1,"S5","main",1000,70,0.352588811263852,115.131916827094,0.3,0,0,"none",0,75,1
0.479013982101159,-0.0158737613125151,1,1,0.282257656287082,NA,0.999999779876337,1,0.259124814637463,NA,0.99997348339169,1,0.293591813795406,0.103788226355001,NA,1,1,"S5","main",1000,70,0.352588811263852,142.554653305615,0.3,0,0,"none",0,76,1
0.464934955407169,0.0213256293374233,1,1,0.34381138080514,NA,0.999999999685137,1,0.33870288054199,NA,0.999999999966384,1,0.330423063526901,0.0509515798125082,NA,1,1,"S5","main",1000,70,0.352588811263852,136.488736968638,0.3,0,0,"none",0,77,1
0.493850353693386,0.0253535687316914,1,1,0.350294209145479,NA,0.999999999895291,1,0.315886895002312,NA,0.999999999167898,1,0.332979544609179,-0.00191143766658754,NA,1,1,"S5","main",1000,70,0.352588811263852,141.474178265161,0.3,0,0,"none",0,78,1
0.472205567961741,-0.0131868311926637,1,1,0.268833547450524,NA,0.999999363469789,1,0.265991908690564,NA,0.999998408839084,1,0.251768748853308,0.0206104191522021,0.000417095907063966,0.999582914572864,1,"S5","main",1000,70,0.352588811263852,142.840940226047,0.3,0,0,"none",0,79,1
0.446785696742932,0.0183647232424665,1,1,0.264973487476831,NA,0.999999532238549,1,0.232834238879705,NA,0.999784898148232,1,0.291747359372567,0.0418247746532049,NA,1,1,"S5","main",1000,70,0.352588811263852,140.163680166387,0.3,0,0,"none",0,80,1
0.459730558035091,0.0026557999326378,1,1,0.277385222060184,NA,0.999999823367295,1,0.246676022974956,NA,0.999956105864897,1,0.253481609142475,0.057843794415178,NA,1,1,"S5","main",1000,70,0.352588811263852,140.406887763315,0.3,0,0,"none",0,81,1
0.472433339590091,0.0127965264053528,1,1,0.244691580635908,NA,0.999985730732967,1,0.233665491782943,NA,0.999618577764654,1,0.23857192189238,0.0431450699761843,0.00332014862166434,0.99621608040201,1,"S5","main",1000,70,0.352588811263852,122.556155973041,0.3,0,0,"none",0,82,1
0.490238854376485,0.00356746109256239,1,1,0.361541419304854,NA,0.999999999992693,1,0.340277686581522,NA,0.999999999979055,1,0.378061813659117,-0.0283895618587589,NA,1,1,"S5","main",1000,70,0.352588811263852,129.920371658504,0.3,0,0,"none",0,83,1
0.428964173233849,0.017823703440644,1,1,0.298450432594671,NA,0.99999997691024,1,0.261104194524437,NA,0.999996451827687,1,0.29643359414287,0.00434665719373193,NA,1,1,"S5","main",1000,70,0.352588811263852,134.478834506563,0.3,0,0,"none",0,84,1
0.469391239567492,0.00743194963476777,1,1,0.329975909539045,NA,0.999999994517558,1,0.316866084749227,NA,0.999999976574853,1,0.34665076807902,-0.0528485618346096,NA,1,1,"S5","main",1000,70,0.352588811263852,125.932610758427,0.3,0,0,"none",0,85,1
0.467695384064817,-0.0138407714967244,1,1,0.335839532539675,NA,0.99999999989446,1,0.29826098511888,NA,0.99999999469475,1,0.338615599105955,0.030075200748952,NA,1,1,"S5","main",1000,70,0.352588811263852,154.000701189879,0.3,0,0,"none",0,86,1
0.483654932893846,0.00185346444321437,1,1,0.326883213369014,NA,0.999999998942558,1,0.267560588642247,NA,0.999982382456424,1,0.32639660981179,0.0205601617578399,NA,1,1,"S5","main",1000,70,0.352588811263852,145.329149619499,0.3,0,0,"none",0,87,1
0.481764735026433,0.00992481395123885,1,1,0.337497576959609,NA,0.999999999692521,1,0.328125461684396,NA,0.999999999786148,1,0.354452278911547,-0.0149246398525089,NA,1,1,"S5","main",1000,70,0.352588811263852,144.591628588954,0.3,0,0,"none",0,88,1
0.44023879688906,-0.00292321455173597,1,1,0.306299486680325,NA,0.999999996293341,1,0.290280046338714,NA,0.999999971877564,1,0.288263236226838,-0.00559484014861967,NA,1,1,"S5","main",1000,70,0.352588811263852,137.138623832829,0.3,0,0,"none",0,89,1
0.429367886214926,-0.00609516254377309,1,1,0.264662988713984,NA,0.99999887124192,1,0.243964438955438,NA,0.999966755553655,1,0.241724814807847,-0.066935966071693,NA,1,1,"S5","main",1000,70,0.352588811263852,135.903751743446,0.3,0,0,"none",0,90,1
0.480336411114265,-0.00758773021473752,1,1,0.359009121856538,NA,0.999999999959185,1,0.331515996879229,NA,0.999999998076377,1,0.378295974051748,0.080681632343162,NA,1,1,"S5","main",1000,70,0.352588811263852,133.730046674875,0.3,0,0,"none",0,91,1
0.44591762946618,0.0296741901909192,1,1,0.296607312346731,NA,0.999999999311871,1,0.259177882101373,NA,0.999999727457785,1,0.308304974424548,0.0744112108008765,NA,1,1,"S5","main",1000,70,0.352588811263852,157.69743647704,0.3,0,0,"none",0,92,1
0.45049863997114,-0.00327624035756495,1,1,0.266861682739983,NA,0.999999577397622,1,0.251034627544538,NA,0.999991859864256,1,0.270499613056201,-0.023522626752887,NA,1,1,"S5","main",1000,70,0.352588811263852,147.166401861724,0.3,0,0,"none",0,93,1
0.500291352911173,-0.00365017256259979,1,1,0.312489177263621,NA,0.99999998272733,1,0.284418858495099,NA,0.999999437489183,1,0.28644127075415,0.00627796359787176,0.000241212090832231,0.999758793969849,1,"S5","main",1000,70,0.352588811263852,135.048558704783,0.3,0,0,"none",0,94,1
0.457448367881032,0.00586179842559238,1,1,0.302561617711113,NA,0.999999958251259,1,0.250810285992533,NA,0.999929278686385,1,0.316275564699413,0.0335402237897429,NA,1,1,"S5","main",1000,70,0.352588811263852,114.834917351682,0.3,0,0,"none",0,95,1
0.451869392776596,0.0101158125137552,1,1,0.307157090404246,NA,0.999999954933252,1,0.276803375970601,NA,0.99999680930892,1,0.322836026121025,-0.000383191251369582,NA,1,1,"S5","main",1000,70,0.352588811263852,131.760448969969,0.3,0,0,"none",0,96,1
0.457121970370819,0.00511690951916368,1,1,0.306735465175352,NA,0.999999991186637,1,0.28110797679714,NA,0.999999774992195,1,0.306687881963951,0.00529098753434854,NA,1,1,"S5","main",1000,70,0.352588811263852,139.860562878496,0.3,0,0,"none",0,97,1
0.445543760960662,0.0069770241052852,1,1,0.308189361460468,NA,0.999999957357864,1,0.303497846804952,NA,0.99999942974882,1,0.359677202275174,-0.0374935145521578,NA,1,1,"S5","main",1000,70,0.352588811263852,128.612324290908,0.3,0,0,"none",0,98,1
0.479378438925508,-0.00643256171025085,1,1,0.281278105516009,NA,0.999999306229858,1,0.234400263915429,NA,0.998859950143827,1,0.297006043989367,0.0308988730492659,NA,1,1,"S5","main",1000,70,0.352588811263852,137.144990039505,0.3,0,0,"none",0,99,1
0.428359461300448,0.0078395145013581,1,1,0.255560940433371,NA,0.999989095143842,1,0.234419377340409,NA,0.998813238162887,1,0.272169229474392,0.116187925012294,NA,1,1,"S5","main",1000,70,0.352588811263852,123.503638337262,0.3,0,0,"none",0,100,1
0.465935630333661,0.0052530529483449,1,1,0.342290451852617,NA,0.999999999999991,1,0.313204103573342,NA,1,1,0.35566775230063,0.0333399959365991,NA,1,1,"S5","main",1000,70,0.352588811263852,224.704805266369,0.6,0,0,"none",0,1,1
0.412682206559043,-0.00846399654217655,1,1,0.249655447260098,NA,0.99999998247153,1,0.237165582735873,NA,0.999999999996638,1,0.225217286826522,-0.0106690041124523,NA,1,1,"S5","main",1000,70,0.352588811263852,214.576147155626,0.6,0,0,"none",0,2,1
0.462463826776254,0.0185787587275464,1,1,0.324535374121043,NA,0.999999999998114,1,0.317620258766725,NA,1,1,0.306268365222492,0.0711783568223839,NA,1,1,"S5","main",1000,70,0.352588811263852,188.96499572727,0.6,0,0,"none",0,3,1
0.393345343173197,-0.0125051763864217,1,1,0.287500543992572,NA,0.999999999999461,1,0.268312354114388,NA,1,1,0.290936750331172,0.019951813246697,NA,1,1,"S5","main",1000,70,0.352588811263852,222.757433593995,0.6,0,0,"none",0,4,1
0.429240147374865,-0.0159070983735186,1,1,0.308525931910105,NA,0.999999999999861,1,0.260645535302819,NA,1,1,0.313065136097566,-0.00333483862554214,NA,1,1,"S5","main",1000,70,0.352588811263852,227.446470089995,0.6,0,0,"none",0,5,1
0.418977842021642,0.00532766063111461,1,1,0.264539844484206,NA,0.999999993462814,1,0.249912980779045,NA,0.999999999999909,1,0.270445480524238,-0.00297185297638807,NA,1,1,"S5","main",1000,70,0.352588811263852,198.535164491188,0.6,0,0,"none",0,6,1
0.444702660279503,-0.00374591180195557,1,1,0.277487479763151,NA,0.99999999982371,1,0.256023443556638,NA,0.999999999999999,1,0.276685055810808,0.0134323017151859,NA,1,1,"S5","main",1000,70,0.352588811263852,239.985627517522,0.6,0,0,"none",0,7,1
0.413202347593135,0.0212886237680035,1,1,0.298829235931576,NA,0.99999999999994,1,0.267447324223212,NA,1,1,0.314016990481621,0.0242298348393103,NA,1,1,"S5","main",1000,70,0.352588811263852,271.884408352587,0.6,0,0,"none",0,8,1
0.457592265700156,0.00731664171053366,1,1,0.340311974682885,NA,1,1,0.315318201195357,NA,1,1,0.356642215993674,-0.0299127948048407,NA,1,1,"S5","main",1000,70,0.352588811263852,214.335666526547,0.6,0,0,"none",0,9,1
0.398396616555377,0.0161436924052466,1,1,0.279660076482117,NA,0.999999999986579,1,0.255505944284514,NA,1,1,0.275879681998025,-0.00126437382534383,NA,1,1,"S5","main",1000,70,0.352588811263852,234.477339578399,0.6,0,0,"none",0,10,1
0.430169418362313,-0.0117244770396998,1,1,0.320245769938786,NA,0.999999999999694,1,0.290865485970014,NA,1,1,0.30507155069369,0.00250225959544354,NA,1,1,"S5","main",1000,70,0.352588811263852,212.073971225152,0.6,0,0,"none",0,11,1
0.464717720807089,-0.000293371505508219,1,1,0.345874637250398,NA,0.999999999999993,1,0.304296057592024,NA,1,1,0.367799951818762,-0.00885072562053854,NA,1,1,"S5","main",1000,70,0.352588811263852,196.620248426027,0.6,0,0,"none",0,12,1
0.485398886283737,0.0154436688007316,1,1,0.387423403524283,NA,1,1,0.324426319989734,NA,1,1,0.401223814316386,0.0515620095160103,NA,1,1,"S5","main",1000,70,0.352588811263852,225.52762429975,0.6,0,0,"none",0,13,1
0.467186736238963,0.00903675012137966,1,1,0.320212508541977,NA,0.999999999999955,1,0.310229962550641,NA,1,1,0.343358891296386,-0.0179678605234234,NA,1,1,"S5","main",1000,70,0.352588811263852,223.010281909398,0.6,0,0,"none",0,14,1
0.449460805177488,0.00722776134189459,1,1,0.255791860843796,NA,0.999999943689076,1,0.222304523664621,NA,0.999999994454664,1,0.240864914291291,0.0167516995919052,0.000871881203320485,0.999128140703518,1,"S5","main",1000,70,0.352588811263852,190.160808967176,0.6,0,0,"none",0,15,1
0.431647855587603,0.00987381980395934,1,1,0.297952754148644,NA,0.999999999999383,1,0.271393217223311,NA,1,1,0.293850768441009,0.0253961594380777,NA,1,1,"S5","main",1000,70,0.352588811263852,250.384912782621,0.6,0,0,"none",0,16,1
0.445082950641061,0.00416574028915703,1,1,0.307515420798518,NA,0.999999999999856,1,0.28691782194722,NA,1,1,0.30106059412443,0.00959678499986883,NA,1,1,"S5","main",1000,70,0.352588811263852,229.191863426372,0.6,0,0,"none",0,17,1
0.431359859393255,0.0295365180882738,1,1,0.301697892786371,NA,0.999999999991792,1,0.271297082646471,NA,0.999999999999997,1,0.298425979007856,0.0139327591196011,NA,1,1,"S5","main",1000,70,0.352588811263852,218.214692312868,0.6,0,0,"none",0,18,1
0.448578865824204,-0.0135559855084725,1,1,0.319729519650357,NA,0.999999999999206,1,0.285023002582988,NA,1,1,0.317308676754919,5.76296824358023e-05,NA,1,1,"S5","main",1000,70,0.352588811263852,191.849853172257,0.6,0,0,"none",0,19,1
0.425738316451615,-0.00688977145674172,1,1,0.258146093359775,NA,0.999999997729143,1,0.236087981341429,NA,0.999999999970983,1,0.24768923781685,-0.0279442898176256,NA,1,1,"S5","main",1000,70,0.352588811263852,201.165552970944,0.6,0,0,"none",0,20,1
0.40972309973886,0.000109040675036761,1,1,0.312875603807308,NA,0.999999999999832,1,0.284757062213155,NA,1,1,0.321245158661508,-0.00649865313005051,NA,1,1,"S5","main",1000,70,0.352588811263852,230.194361628135,0.6,0,0,"none",0,21,1
0.425654643136606,0.000945471526074246,1,1,0.31431599976826,NA,0.999999999999995,1,0.294195541102513,NA,1,1,0.320395186249029,0.0129685817204367,NA,1,1,"S5","main",1000,70,0.352588811263852,221.517971481424,0.6,0,0,"none",0,22,1
0.464139300732379,-0.00350991933565578,1,1,0.330743113142373,NA,0.999999999999415,1,0.293613189793764,NA,0.999999999999999,1,0.340922554274333,-0.0229253757432363,NA,1,1,"S5","main",1000,70,0.352588811263852,199.50403033591,0.6,0,0,"none",0,23,1
0.428639048058075,-0.00875746879629558,1,1,0.310421275625211,NA,0.999999999999109,1,0.291398710232065,NA,1,1,0.294938330560289,-0.030387126971892,NA,1,1,"S5","main",1000,70,0.352588811263852,215.950593035388,0.6,0,0,"none",0,24,1
0.427166875310297,0.00985252927865453,1,1,0.320321183286996,NA,0.999999999999991,1,0.264827722925047,NA,1,1,0.346537538430907,0.00956390720668113,NA,1,1,"S5","main",1000,70,0.352588811263852,230.819662254043,0.6,0,0,"none",0,25,1
0.471264736081286,-0.00529812495060973,1,1,0.330140918846237,NA,0.999999999999501,1,0.301570939500835,NA,1,1,0.347515831897612,-0.0314829219978734,NA,1,1,"S5","main",1000,70,0.352588811263852,186.804900172377,0.6,0,0,"none",0,26,1
0.454779650381536,-0.00684186667446325,1,1,0.324330038289458,NA,0.999999999999938,1,0.29774995705497,NA,1,1,0.325518292308834,-0.0412612745853269,NA,1,1,"S5","main",1000,70,0.352588811263852,203.736460176576,0.6,0,0,"none",0,27,1
0.437262928332569,-0.012349264255924,1,1,0.300807633018877,NA,0.99999999999493,1,0.264577732068192,NA,0.999999999999998,1,0.302246238967183,0.0269923603290276,NA,1,1,"S5","main",1000,70,0.352588811263852,226.363359529275,0.6,0,0,"none",0,28,1
0.434285841735919,0.00615267413403066,1,1,0.357086953081293,NA,1,1,0.311476676633062,NA,1,1,0.390472403525226,-0.0153747316427038,NA,1,1,"S5","main",1000,70,0.352588811263852,260.515648192331,0.6,0,0,"none",0,29,1
0.444270204763258,-0.00491495343206226,1,1,0.289425328931907,NA,0.999999999979732,1,0.276416999921326,NA,1,1,0.305593697130878,0.0176430017387943,NA,1,1,"S5","main",1000,70,0.352588811263852,226.103588460807,0.6,0,0,"none",0,30,1
0.464421178989355,-0.0121135226773056,1,1,0.337624942016628,NA,0.999999999999954,1,0.290647956926764,NA,1,1,0.343901490017309,-0.03978846120577,NA,1,1,"S5","main",1000,70,0.352588811263852,213.251514306663,0.6,0,0,"none",0,31,1
0.391108331263246,0.0202023078282357,1,1,0.300895692131167,NA,0.999999999999746,1,0.275670520694614,NA,1,1,0.292682557406565,0.018761940512943,NA,1,1,"S5","main",1000,70,0.352588811263852,249.414645060399,0.6,0,0,"none",0,32,1
0.42813127066656,-0.0138048468725479,1,1,0.280975073609473,NA,0.999999999627704,1,0.251753086222395,NA,0.999999999999544,1,0.265749718504121,0.0137964257085272,NA,1,1,"S5","main",1000,70,0.352588811263852,204.148418283581,0.6,0,0,"none",0,33,1
0.425447707425839,0.00770398728847283,1,1,0.298233574973863,NA,0.999999999987363,1,0.259098552184923,NA,0.999999999999956,1,0.288539361587763,0.0736671530857137,NA,1,1,"S5","main",1000,70,0.352588811263852,221.036996811299,0.6,0,0,"none",0,34,1
0.502276918667576,0.012964855206276,1,1,0.363512337379104,NA,1,1,0.317014479983417,NA,1,1,0.346425599467517,-0.0241370566251718,NA,1,1,"S5","main",1000,70,0.352588811263852,210.152126491006,0.6,0,0,"none",0,35,1
0.436682282115184,-0.00140812818210601,1,1,0.309398567979004,NA,0.999999999999841,1,0.277097613261383,NA,1,1,0.313847274564997,0.0622538056035259,NA,1,1,"S5","main",1000,70,0.352588811263852,225.004802567818,0.6,0,0,"none",0,36,1
0.423782961158359,-0.0024523637690034,1,1,0.296669959043005,NA,0.999999999996306,1,0.279981725234335,NA,1,1,0.302014783689415,0.0229856363658158,NA,1,1,"S5","main",1000,70,0.352588811263852,230.167933268596,0.6,0,0,"none",0,37,1
0.462460239594992,0.00515555286891299,1,1,0.333040911515873,NA,0.999999999998256,1,0.311523570157702,NA,1,1,0.352401891504624,0.00272636356506907,NA,1,1,"S5","main",1000,70,0.352588811263852,186.976133117239,0.6,0,0,"none",0,38,1
0.435801740311368,-0.000180882792093688,1,1,0.287707750868718,NA,0.999999999825547,1,0.264716726434556,NA,0.999999999999982,1,0.310359308873255,0.0135385027512713,NA,1,1,"S5","main",1000,70,0.352588811263852,195.65450634858,0.6,0,0,"none",0,39,1
0.4135842852495,-0.00525760095677291,1,1,0.268323415035783,NA,0.999999999298706,1,0.230608975040342,NA,0.999999999958024,1,0.270686375213099,-0.0105611295368325,NA,1,1,"S5","main",1000,70,0.352588811263852,207.760962630574,0.6,0,0,"none",0,40,1
0.454068717548157,0.0117149644299138,1,1,0.304117481225433,NA,0.999999999988995,1,0.281178087847548,NA,1,1,0.313246012158122,0.0389262163662743,NA,1,1,"S5","main",1000,70,0.352588811263852,211.3123556982,0.6,0,0,"none",0,41,1
0.423344691722747,-0.0030695127323202,1,1,0.273661830435307,NA,0.999999998184539,1,0.253438790638709,NA,0.999999999999829,1,0.274641168724545,-0.00329896065902706,NA,1,1,"S5","main",1000,70,0.352588811263852,191.370087801746,0.6,0,0,"none",0,42,1
0.434153435516477,-0.00605859111379312,1,1,0.325668295847173,NA,0.999999999999999,1,0.286447888856465,NA,1,1,0.365321807357429,0.0263441448337859,NA,1,1,"S5","main",1000,70,0.352588811263852,222.541388443183,0.6,0,0,"none",0,43,1
0.444827011326714,-0.00971661248984646,1,1,0.295748838444314,NA,0.999999999991407,1,0.274525166921931,NA,1,1,0.284939636640217,-0.0304135811385801,NA,1,1,"S5","main",1000,70,0.352588811263852,202.309338912105,0.6,0,0,"none",0,44,1
0.42437927308321,-0.0141558187925193,1,1,0.290309075058299,NA,0.999999999992828,1,0.240611678540166,NA,0.999999999998493,1,0.285403706615479,-0.0301971106146109,NA,1,1,"S5","main",1000,70,0.352588811263852,212.54840771153,0.6,0,0,"none",0,45,1
0.424548920458678,0.0143529950461584,1,1,0.257897854413626,NA,0.999999998997439,1,0.239205088442395,NA,0.999999999999916,1,0.248440651628527,0.0107861409803998,NA,1,1,"S5","main",1000,70,0.352588811263852,211.991782288491,0.6,0,0,"none",0,46,1
0.428564175027542,0.00921679130837568,1,1,0.287098364814162,NA,0.99999999995737,1,0.231041669235696,NA,0.999999999557276,1,0.294046848094773,0.0200365208225938,NA,1,1,"S5","main",1000,70,0.352588811263852,203.952469204984,0.6,0,0,"none",0,47,1
0.416226705687244,-9.12179692025845e-05,1,1,0.254381483952958,NA,0.999999999170515,1,0.217391344263874,NA,0.999999999770318,1,0.238297634154578,0.0166605371739547,NA,1,1,"S5","main",1000,70,0.352588811263852,225.728134318026,0.6,0,0,"none",0,48,1
0.444114312170942,-0.00811805145176583,1,1,0.330051289934027,NA,0.999999999999963,1,0.295581473698429,NA,1,1,0.331133877150464,-0.0176585073119773,NA,1,1,"S5","main",1000,70,0.352588811263852,213.686400343302,0.6,0,0,"none",0,49,1
0.425574314950852,0.00981534272059574,1,1,0.265271464384088,NA,0.999999998522794,1,0.24964792302332,NA,0.999999999999926,1,0.269590518174064,-0.0262286515992635,NA,1,1,"S5","main",1000,70,0.352588811263852,210.281329533718,0.6,0,0,"none",0,50,1
0.458241164984964,-0.0131155805897288,1,1,0.289742080480395,NA,0.999999999805224,1,0.284414985634657,NA,1,1,0.281920940826722,-0.0494799463520659,NA,1,1,"S5","main",1000,70,0.352588811263852,187.151773522242,0.6,0,0,"none",0,51,1
0.440585411080951,-0.0181158450880727,1,1,0.314123306575544,NA,0.999999999999305,1,0.29076686423053,NA,1,1,0.320375810824547,0.0415265592779247,NA,1,1,"S5","main",1000,70,0.352588811263852,205.754016442196,0.6,0,0,"none",0,52,1
0.401860810038569,0.00163948765581688,1,1,0.275061892072857,NA,0.999999999996397,1,0.252816544856285,NA,1,1,0.280626336180667,-0.0159762524951917,NA,1,1,"S5","main",1000,70,0.352588811263852,237.652153466307,0.6,0,0,"none",0,53,1
0.431568585645742,-0.00427313833159119,1,1,0.297303969879879,NA,0.999999999999778,1,0.273392243250913,NA,1,1,0.308502554499814,-0.0496008996133001,NA,1,1,"S5","main",1000,70,0.352588811263852,231.859777812047,0.6,0,0,"none",0,54,1
0.424948563435407,-0.000224655954305923,1,1,0.303440313871605,NA,0.999999999999983,1,0.27083213215497,NA,1,1,0.292994879893736,-0.00611392010461567,NA,1,1,"S5","main",1000,70,0.352588811263852,259.175988736858,0.6,0,0,"none",0,55,1
0.402274083341395,-0.00934363517180704,1,1,0.232962193442889,NA,0.999999924017474,1,0.195321861391308,NA,0.999999789325252,1,0.23501746751171,0.0160597368598499,NA,1,1,"S5","main",1000,70,0.352588811263852,211.335563109007,0.6,0,0,"none",0,56,1
0.433238202744788,-0.0131877071029607,1,1,0.324079222197205,NA,0.999999999999919,1,0.291151924664269,NA,1,1,0.330976427024106,0.00541777794608935,NA,1,1,"S5","main",1000,70,0.352588811263852,214.149204278206,0.6,0,0,"none",0,57,1
0.412767259138272,0.00980259623514666,1,1,0.281418329859489,NA,0.999999999998128,1,0.256859508022148,NA,1,1,0.276044334214271,0.00791425330878424,NA,1,1,"S5","main",1000,70,0.352588811263852,233.749036490224,0.6,0,0,"none",0,58,1
0.400227316611,-0.00155146722610915,1,1,0.316288696366024,NA,0.999999999999998,1,0.277283013324601,NA,1,1,0.330959674951395,-0.0257886771374408,NA,1,1,"S5","main",1000,70,0.352588811263852,250.371158400503,0.6,0,0,"none",0,59,1
0.418815761438927,0.00155986739210796,1,1,0.295771568698812,NA,0.999999999998639,1,0.264268857163638,NA,1,1,0.298880532716388,0.025016888531753,NA,1,1,"S5","main",1000,70,0.352588811263852,216.812952353133,0.6,0,0,"none",0,60,1
0.409056182951242,0.00556817409596759,1,1,0.275391961949369,NA,0.99999999997372,1,0.26347235910608,NA,1,1,0.288669445131614,0.0188618438394499,NA,1,1,"S5","main",1000,70,0.352588811263852,220.208461787915,0.6,0,0,"none",0,61,1
0.449982716132313,-0.0121450909282688,1,1,0.329674066494786,NA,0.999999999999842,1,0.29378774646082,NA,1,1,0.338683719086667,0.0221203190865575,NA,1,1,"S5","main",1000,70,0.352588811263852,208.712963808485,0.6,0,0,"none",0,62,1
0.417961131168678,-0.00333590350402358,1,1,0.27580320895339,NA,0.999999999843639,1,0.224559019952027,NA,0.999999999891425,1,0.268719182435375,-0.00757219244277715,NA,1,1,"S5","main",1000,70,0.352588811263852,223.225410231501,0.6,0,0,"none",0,63,1
0.45518161217111,-0.00399992302612044,1,1,0.326035118035208,NA,0.999999999999981,1,0.29813907068226,NA,1,1,0.31108659180352,-0.0171158565241242,NA,1,1,"S5","main",1000,70,0.352588811263852,239.17468617965,0.6,0,0,"none",0,64,1
0.400957024665819,0.00917192842135025,1,1,0.29541927180329,NA,0.999999999999811,1,0.285380857788204,NA,1,1,0.291486998324074,0.0244048415142216,NA,1,1,"S5","main",1000,70,0.352588811263852,254.853522309035,0.6,0,0,"none",0,65,1
0.45166011880683,0.000247031378676644,1,1,0.270729232209218,NA,0.999999998351975,1,0.271067667227447,NA,0.999999999999999,1,0.285081566369343,0.0542535589237079,NA,1,1,"S5","main",1000,70,0.352588811263852,202.188730769373,0.6,0,0,"none",0,66,1
0.452564707335883,0.00964156681111361,1,1,0.327152759434965,NA,0.999999999999982,1,0.282957773772347,NA,1,1,0.327035615128239,0.0250308001754603,NA,1,1,"S5","main",1000,70,0.352588811263852,215.217771239261,0.6,0,0,"none",0,67,1
0.42488562258277,0.00316705768958494,1,1,0.309838493769176,NA,0.999999999998993,1,0.277520449054548,NA,1,1,0.339525692169934,0.0501160397017502,NA,1,1,"S5","main",1000,70,0.352588811263852,224.440718619323,0.6,0,0,"none",0,68,1
0.453891468436809,0.00135829062013177,1,1,0.336857167314671,NA,0.999999999999998,1,0.306520761560371,NA,1,1,0.331324461169474,0.0400569900474458,NA,1,1,"S5","main",1000,70,0.352588811263852,226.081753576986,0.6,0,0,"none",0,69,1
0.40468638450942,-0.000785627932118855,1,1,0.249769126813365,NA,0.9999999933197,1,0.204919312981644,NA,0.999999991039445,1,0.238477959287093,-0.0360515206859518,NA,1,1,"S5","main",1000,70,0.352588811263852,226.961760205376,0.6,0,0,"none",0,70,1
0.456620610909263,-0.013997140083134,1,1,0.314330700039642,NA,0.999999999995983,1,0.277947812393138,NA,0.999999999999996,1,0.309987758667022,-0.0319008067332624,NA,1,1,"S5","main",1000,70,0.352588811263852,187.000172465426,0.6,0,0,"none",0,71,1
0.464967324589374,0.0163799330351453,1,1,0.343419315903873,NA,0.999999999999993,1,0.313696029173089,NA,1,1,0.347551135537136,-0.0518150238971606,NA,1,1,"S5","main",1000,70,0.352588811263852,212.345801527913,0.6,0,0,"none",0,72,1
0.425629643354934,0.00215805064466613,1,1,0.299602470765703,NA,0.999999999992649,1,0.257610784972579,NA,0.999999999999955,1,0.301805307873911,0.0290546473472733,NA,1,1,"S5","main",1000,70,0.352588811263852,210.159246833384,0.6,0,0,"none",0,73,1
0.440581477426416,0.0274055287881048,1,1,0.316046547474172,NA,0.99999999999989,1,0.286782549908376,NA,1,1,0.31612101877996,0.0187789497975992,NA,1,1,"S5","main",1000,70,0.352588811263852,228.481917981406,0.6,0,0,"none",0,74,1
0.436386062154731,0.0106645999679345,1,1,0.29034266299238,NA,0.999999999982648,1,0.266107483804458,NA,1,1,0.315950217603322,-0.00717530420754716,NA,1,1,"S5","main",1000,70,0.352588811263852,227.165098050582,0.6,0,0,"none",0,75,1
0.459982240755383,0.0186603513617314,1,1,0.317550926133151,NA,0.999999999998742,1,0.264235802939623,NA,0.999999999999317,1,0.329915687959016,0.0298866108727712,NA,1,1,"S5","main",1000,70,0.352588811263852,228.527726921014,0.6,0,0,"none",0,76,1
0.451427455447719,0.0132054961688075,1,1,0.291834638912271,NA,0.999999999824095,1,0.269649069196899,NA,0.999999999999993,1,0.269820605765698,0.0355013474754183,NA,1,1,"S5","main",1000,70,0.352588811263852,194.937876786572,0.6,0,0,"none",0,77,1
0.449566150567504,0.00486046517155472,1,1,0.313155907938485,NA,0.999999999999308,1,0.288568141576277,NA,1,1,0.309499874443529,-0.00731907151650323,NA,1,1,"S5","main",1000,70,0.352588811263852,201.960650531346,0.6,0,0,"none",0,78,1
0.450742157905566,-0.0138967665147425,1,1,0.323916188667947,NA,0.999999999999849,1,0.281523676561013,NA,1,1,0.323325869816716,0.044588861602197,NA,1,1,"S5","main",1000,70,0.352588811263852,202.747300504612,0.6,0,0,"none",0,79,1
0.429271889787329,0.0207769472340346,1,1,0.289142102989233,NA,0.999999999997936,1,0.268964862546719,NA,1,1,0.292504370014885,0.0189689586635616,NA,1,1,"S5","main",1000,70,0.352588811263852,231.950659036695,0.6,0,0,"none",0,80,1
0.45124351223451,0.0160222878284398,1,1,0.330431680711435,NA,0.999999999999996,1,0.302822885435898,NA,1,1,0.337035309773489,0.00159950078918206,NA,1,1,"S5","main",1000,70,0.352588811263852,224.476444031816,0.6,0,0,"none",0,81,1
0.442453075946039,-0.000526439945187637,1,1,0.339767201565537,NA,1,1,0.300376774916382,NA,1,1,0.342818675040541,-0.0207085452404915,NA,1,1,"S5","main",1000,70,0.352588811263852,251.418009404782,0.6,0,0,"none",0,82,1
0.414958868655467,0.0069713509001933,1,1,0.307946641835361,NA,0.999999999999088,1,0.272633335763624,NA,1,1,0.303180041401539,-0.00905861051096519,NA,1,1,"S5","main",1000,70,0.352588811263852,224.229151601578,0.6,0,0,"none",0,83,1
0.448448477535462,0.0165572552127064,1,1,0.323409756948832,NA,0.999999999999994,1,0.297242061479438,NA,1,1,0.340987081905535,0.00364447473043766,NA,1,1,"S5","main",1000,70,0.352588811263852,234.689314336555,0.6,0,0,"none",0,84,1
0.439454101157873,0.0121392853170415,1,1,0.311405240177418,NA,0.99999999999965,1,0.299537418814075,NA,1,1,0.307556038348293,0.00165495450097254,NA,1,1,"S5","main",1000,70,0.352588811263852,229.355827206497,0.6,0,0,"none",0,85,1
0.461414567554454,-0.00682331988731533,1,1,0.313692334087218,NA,0.999999999997721,1,0.270932298517685,NA,0.999999999999995,1,0.345782550136309,0.00295881575745421,NA,1,1,"S5","main",1000,70,0.352588811263852,207.943818657494,0.6,0,0,"none",0,86,1
0.417149126615945,-0.0176890968280298,1,1,0.297004128319346,NA,0.999999999998057,1,0.258204769646842,NA,0.999999999999999,1,0.298834095277324,-0.048093433015019,NA,1,1,"S5","main",1000,70,0.352588811263852,221.585873713901,0.6,0,0,"none",0,87,1
0.430615722444267,0.00523897303874785,1,1,0.319080804273063,NA,0.999999999999995,1,0.304362445436851,NA,1,1,0.321478561303699,0.0176635108194029,NA,1,1,"S5","main",1000,70,0.352588811263852,238.446688295566,0.6,0,0,"none",0,88,1
0.413455687637142,-0.00382126518476832,1,1,0.267762413401045,NA,0.999999999924238,1,0.25810330316292,NA,1,1,0.260373669056405,0.0135850694764815,NA,1,1,"S5","main",1000,70,0.352588811263852,229.45275182999,0.6,0,0,"none",0,89,1
0.434486588910836,-0.00901896556674277,1,1,0.310525026505152,NA,0.99999999999945,1,0.281263847770043,NA,1,1,0.303405796573829,0.00206125439013966,NA,1,1,"S5","main",1000,70,0.352588811263852,215.719494426365,0.6,0,0,"none",0,90,1
0.415537512796491,0.00877538796493177,1,1,0.254792931028146,NA,0.999999986953641,1,0.238502014593059,NA,0.999999999994647,1,0.22800748946582,0.0221440217067706,NA,1,1,"S5","main",1000,70,0.352588811263852,193.986980256579,0.6,0,0,"none",0,91,1
0.448021812984526,0.00116866749273687,1,1,0.263964148646394,NA,0.999999994394215,1,0.229426144308063,NA,0.999999999869986,1,0.268279782829229,-0.0120619021332367,NA,1,1,"S5","main",1000,70,0.352588811263852,202.106428457428,0.6,0,0,"none",0,92,1
0.447691992080355,0.00711537169045961,1,1,0.317454157510819,NA,0.99999999999999,1,0.286207280321139,NA,1,1,0.317246691877174,0.0470469806169127,NA,1,1,"S5","main",1000,70,0.352588811263852,243.632239628355,0.6,0,0,"none",0,93,1
0.423098519055972,0.00848989354600974,1,1,0.322501835241308,NA,0.999999999999999,1,0.280202827849544,NA,1,1,0.328201641367828,0.0159119243406899,NA,1,1,"S5","main",1000,70,0.352588811263852,222.977675879558,0.6,0,0,"none",0,94,1
0.441614996357341,0.0116306741493058,1,1,0.324018712231955,NA,0.999999999999999,1,0.295777877121163,NA,1,1,0.336777275924477,0.031751333649075,NA,1,1,"S5","main",1000,70,0.352588811263852,252.354743362226,0.6,0,0,"none",0,95,1
0.424270387272112,-0.0238019881568143,1,1,0.250498032424697,NA,0.99999999430448,1,0.232315200650352,NA,0.999999999999343,1,0.251891536693477,0.0224206907100644,NA,1,1,"S5","main",1000,70,0.352588811263852,213.119065695784,0.6,0,0,"none",0,96,1
0.468017730271634,0.00812121850092549,1,1,0.295800128998554,NA,0.999999999800322,1,0.30113688180495,NA,1,1,0.283413439065898,0.0586101044206754,NA,1,1,"S5","main",1000,70,0.352588811263852,181.364460973747,0.6,0,0,"none",0,97,1
0.422698071173905,0.0192985357975771,1,1,0.289821202087261,NA,0.999999999994345,1,0.252159063131975,NA,0.999999999999998,1,0.275240128755505,0.0110003616526151,NA,1,1,"S5","main",1000,70,0.352588811263852,216.530841395428,0.6,0,0,"none",0,98,1
0.42481394514339,0.00703770340226428,1,1,0.273234139961128,NA,0.999999999844774,1,0.238378438315743,NA,0.99999999999908,1,0.278788849865911,0.0200963095005453,NA,1,1,"S5","main",1000,70,0.352588811263852,215.00416285751,0.6,0,0,"none",0,99,1
0.414206835225795,-0.0101795905128106,1,1,0.294014421074117,NA,0.999999999998152,1,0.265714326218631,NA,1,1,0.291890785285954,2.03858403563025e-05,NA,1,1,"S5","main",1000,70,0.352588811263852,227.279776401489,0.6,0,0,"none",0,100,1
0.405362627320567,0.00755151546627295,1,1,0.291006291448101,NA,1,1,0.254447899610508,NA,1,1,0.27704687373828,0.0189336784544739,NA,1,1,"S5","main",1000,70,0.352588811263852,360.308251780074,0.9,0,0,"none",0,1,1
0.448474751125346,0.00946396021770388,1,1,0.345601993240772,NA,1,1,0.326057792405303,NA,1,1,0.361877993139151,0.0227643229093997,NA,1,1,"S5","main",1000,70,0.352588811263852,383.626690780917,0.9,0,0,"none",0,2,1
0.411913473339646,0.00480216858066997,1,1,0.322778023984838,NA,1,1,0.277452388381913,NA,1,1,0.324751302983619,-0.000737082388988789,NA,1,1,"S5","main",1000,70,0.352588811263852,354.90671564755,0.9,0,0,"none",0,3,1
0.405890313411848,-0.0110547493974132,1,1,0.300547573546998,NA,1,1,0.287430256061328,NA,1,1,0.302939145346276,0.0070823867519266,NA,1,1,"S5","main",1000,70,0.352588811263852,334.728034033959,0.9,0,0,"none",0,4,1
0.390263916880183,-0.00323412039659818,1,1,0.298096119421957,NA,1,1,0.276146629792861,NA,1,1,0.298539667864914,0.00730375223765422,NA,1,1,"S5","main",1000,70,0.352588811263852,370.01184622479,0.9,0,0,"none",0,5,1
0.378171180836216,-0.0217467077714829,1,1,0.229439030207396,NA,0.999999999897019,1,0.212827546716637,NA,1,1,0.223487841942796,-0.0186487788407692,NA,1,1,"S5","main",1000,70,0.352588811263852,308.709789213293,0.9,0,0,"none",0,6,1
0.411644934385853,-0.0131529126679329,1,1,0.279179514850336,NA,0.999999999999958,1,0.257989157712852,NA,1,1,0.269470560342288,-0.0124818470968316,NA,1,1,"S5","main",1000,70,0.352588811263852,315.691332353347,0.9,0,0,"none",0,7,1
0.406350540584327,0.00870463438031343,1,1,0.294084205260155,NA,1,1,0.255030975693558,NA,1,1,0.306364875893841,0.028467996623005,NA,1,1,"S5","main",1000,70,0.352588811263852,350.890746851073,0.9,0,0,"none",0,8,1
0.401253180319374,0.0118081092489465,1,1,0.287081107967065,NA,1,1,0.256836871378445,NA,1,1,0.27621329343191,0.0100100357961264,NA,1,1,"S5","main",1000,70,0.352588811263852,327.276179071788,0.9,0,0,"none",0,9,1
0.380999141023545,-0.00816207827595742,1,1,0.276368041357495,NA,1,1,0.248887398277075,NA,1,1,0.281291614921596,-0.0247400297228454,NA,1,1,"S5","main",1000,70,0.352588811263852,374.631887601191,0.9,0,0,"none",0,10,1
0.401709988891567,0.0161859889240235,1,1,0.280441358307197,NA,1,1,0.265880483407832,NA,1,1,0.254812344471977,0.0202426643295309,NA,1,1,"S5","main",1000,70,0.352588811263852,344.91606343069,0.9,0,0,"none",0,11,1
0.396544675111865,-0.00525828283334204,1,1,0.265829651583634,NA,0.999999999999997,1,0.226233180554862,NA,1,1,0.259053805011538,-0.00542611270799732,NA,1,1,"S5","main",1000,70,0.352588811263852,409.135571605868,0.9,0,0,"none",0,12,1
0.422767632067895,-0.0165096971717997,1,1,0.333475763541106,NA,1,1,0.301910401264421,NA,1,1,0.34128653109193,-0.0127972000260414,NA,1,1,"S5","main",1000,70,0.352588811263852,317.715489504311,0.9,0,0,"none",0,13,1
0.450857620587402,-0.0142252466384839,1,1,0.350317515832539,NA,1,1,0.312626722782265,NA,1,1,0.363203483571078,0.000154369749093657,NA,1,1,"S5","main",1000,70,0.352588811263852,368.70726258573,0.9,0,0,"none",0,14,1
0.422701131269405,0.00646702680923746,1,1,0.317370609031654,NA,1,1,0.288491471722762,NA,1,1,0.308105589704141,0.0403234983776709,NA,1,1,"S5","main",1000,70,0.352588811263852,331.981728967784,0.9,0,0,"none",0,15,1
0.428031489130195,-0.0125014057495646,1,1,0.316409671968196,NA,1,1,0.289281311925646,NA,1,1,0.306755165851379,0.00351854229559479,NA,1,1,"S5","main",1000,70,0.352588811263852,307.976308798694,0.9,0,0,"none",0,16,1
0.395103162402771,-0.00801697407108801,1,1,0.304572062243673,NA,1,1,0.289271098530105,NA,1,1,0.294758648177433,-0.010545774303908,NA,1,1,"S5","main",1000,70,0.352588811263852,345.991361068028,0.9,0,0,"none",0,17,1
0.38880651723452,-0.00166085780631101,1,1,0.29093385630585,NA,1,1,0.259868764706613,NA,1,1,0.283377148266591,-0.00752263229323725,NA,1,1,"S5","main",1000,70,0.352588811263852,345.69682931411,0.9,0,0,"none",0,18,1
0.433481809640914,-0.00356129781788909,1,1,0.319636960558443,NA,1,1,0.299587217227575,NA,1,1,0.321414000621597,0.00467288332538573,NA,1,1,"S5","main",1000,70,0.352588811263852,368.675177190002,0.9,0,0,"none",0,19,1
0.376038963922745,0.0039892041038255,1,1,0.284415633187501,NA,1,1,0.261668616302901,NA,1,1,0.291405557955782,-0.0242752497995505,NA,1,1,"S5","main",1000,70,0.352588811263852,433.307959029452,0.9,0,0,"none",0,20,1
0.417981361169107,-0.000842910979500945,1,1,0.296442447075471,NA,1,1,0.271619134515139,NA,1,1,0.294883705366712,-0.0250452087479411,NA,1,1,"S5","main",1000,70,0.352588811263852,359.380558569651,0.9,0,0,"none",0,21,1
0.432406449301941,-0.00541021753596439,1,1,0.333099739569755,NA,1,1,0.303080880920691,NA,1,1,0.334690448903596,0.000284202484010317,NA,1,1,"S5","main",1000,70,0.352588811263852,350.4645698192,0.9,0,0,"none",0,22,1
0.39534141923119,-0.00156119381769683,1,1,0.277356377546435,NA,1,1,0.237966662207005,NA,1,1,0.276353481532763,0.0139448340571064,NA,1,1,"S5","main",1000,70,0.352588811263852,386.043076016478,0.9,0,0,"none",0,23,1
0.40962798713234,-0.00358191697479132,1,1,0.29913048327326,NA,1,1,0.28810309816534,NA,1,1,0.287494650811385,0.00111350349709925,NA,1,1,"S5","main",1000,70,0.352588811263852,339.04356843787,0.9,0,0,"none",0,24,1
0.439231061500791,-0.00611411917523596,1,1,0.289469214256984,NA,0.999999999999997,1,0.252957530873191,NA,1,1,0.284700596321921,0.013348817009781,NA,1,1,"S5","main",1000,70,0.352588811263852,321.499572361828,0.9,0,0,"none",0,25,1
0.413262524897343,0.00806968812199512,1,1,0.317712485494125,NA,1,1,0.287356680895481,NA,1,1,0.331592597972904,-0.00828902550400254,NA,1,1,"S5","main",1000,70,0.352588811263852,409.544389147855,0.9,0,0,"none",0,26,1
0.402830152638088,-0.00364282204998455,1,1,0.282543356892939,NA,1,1,0.262422612019893,NA,1,1,0.265292957330142,0.0031176440842449,NA,1,1,"S5","main",1000,70,0.352588811263852,366.854846817499,0.9,0,0,"none",0,27,1
0.401042222915808,0.000289087938652486,1,1,0.270612781152437,NA,0.999999999999943,1,0.263706973359306,NA,1,1,0.270083028858111,0.00506285680181262,NA,1,1,"S5","main",1000,70,0.352588811263852,292.080424932092,0.9,0,0,"none",0,28,1
0.425211799488673,-0.000112511971116501,1,1,0.316299831895146,NA,1,1,0.291036111563304,NA,1,1,0.307562750917578,-0.00687527197971589,NA,1,1,"S5","main",1000,70,0.352588811263852,341.458325798901,0.9,0,0,"none",0,29,1
0.383696202602471,0.0141007174848622,1,1,0.258830709271889,NA,0.999999999999993,1,0.244398793686444,NA,1,1,0.245854164092743,0.0041153366852828,NA,1,1,"S5","main",1000,70,0.352588811263852,355.222806793585,0.9,0,0,"none",0,30,1
0.389649558173741,-0.00125511229862845,1,1,0.289014301118571,NA,1,1,0.255143657472655,NA,1,1,0.302184228345868,0.00167460291799708,NA,1,1,"S5","main",1000,70,0.352588811263852,370.763541498699,0.9,0,0,"none",0,31,1
0.433688911496921,-0.000944150777613482,1,1,0.323234004717379,NA,1,1,0.291530090332672,NA,1,1,0.325911147293834,-0.00673037751301058,NA,1,1,"S5","main",1000,70,0.352588811263852,328.618023125274,0.9,0,0,"none",0,32,1
0.41508425973612,0.00178105362486498,1,1,0.323507587570268,NA,1,1,0.288131734036951,NA,1,1,0.33559372379331,0.013765434947973,NA,1,1,"S5","main",1000,70,0.352588811263852,377.40396837713,0.9,0,0,"none",0,33,1
0.419994965696842,0.0116707479164691,1,1,0.333057105838834,NA,1,1,0.2966001347334,NA,1,1,0.364075047677197,-0.0101567994041787,NA,1,1,"S5","main",1000,70,0.352588811263852,332.862793543914,0.9,0,0,"none",0,34,1
0.404414630150243,0.00412283763372652,1,1,0.303727948998468,NA,1,1,0.284775513916226,NA,1,1,0.322641884040077,-0.0110174990568186,NA,1,1,"S5","main",1000,70,0.352588811263852,389.936413483417,0.9,0,0,"none",0,35,1
0.399997916330422,0.00131662472001541,1,1,0.291611562959193,NA,1,1,0.252729469625732,NA,1,1,0.265489715108736,-0.00649149019709085,NA,1,1,"S5","main",1000,70,0.352588811263852,350.223218899305,0.9,0,0,"none",0,36,1
0.379858820526854,-7.42760964390574e-05,1,1,0.264096471599107,NA,0.999999999999875,1,0.249712306684916,NA,1,1,0.273931049792921,0.0128743509922555,NA,1,1,"S5","main",1000,70,0.352588811263852,342.474734587757,0.9,0,0,"none",0,37,1
0.428004166003352,-0.0150745218041264,1,1,0.349716318133928,NA,1,1,0.309799043740547,NA,1,1,0.357918249077693,-0.0106962413268681,NA,1,1,"S5","main",1000,70,0.352588811263852,360.895278870111,0.9,0,0,"none",0,38,1
0.419524267057363,-0.000598148810505727,1,1,0.328709299494137,NA,1,1,0.305408757525665,NA,1,1,0.341028747885362,-0.00860194942340901,NA,1,1,"S5","main",1000,70,0.352588811263852,405.979973681969,0.9,0,0,"none",0,39,1
0.39593694751442,-0.000789371662865184,1,1,0.284820858535477,NA,1,1,0.256514361346547,NA,1,1,0.283398748408861,0.00198399684930161,NA,1,1,"S5","main",1000,70,0.352588811263852,378.750973986399,0.9,0,0,"none",0,40,1
0.393359413078401,-0.00309821091637535,1,1,0.293210840564015,NA,1,1,0.271720256668655,NA,1,1,0.311316250247815,-0.00859600817650606,NA,1,1,"S5","main",1000,70,0.352588811263852,393.660826291263,0.9,0,0,"none",0,41,1
0.407758519206686,-0.0140840920431395,1,1,0.296932666323737,NA,1,1,0.282451649710221,NA,1,1,0.294849323668169,-0.0225755880859192,NA,1,1,"S5","main",1000,70,0.352588811263852,364.861033329912,0.9,0,0,"none",0,42,1
0.39756215940005,0.00982701634495873,1,1,0.307289064219974,NA,1,1,0.28867316055487,NA,1,1,0.299488260120459,-0.0129309485032273,NA,1,1,"S5","main",1000,70,0.352588811263852,407.060698879531,0.9,0,0,"none",0,43,1
0.406559376947316,-0.00587425436099088,1,1,0.293228582792938,NA,1,1,0.235300141356633,NA,1,1,0.283215303945905,0.00171414304514099,NA,1,1,"S5","main",1000,70,0.352588811263852,347.497120525223,0.9,0,0,"none",0,44,1
0.395134594839313,0.00810368751283343,1,1,0.304429731767023,NA,1,1,0.279062948056837,NA,1,1,0.324035738872396,0.0366059690379424,NA,1,1,"S5","main",1000,70,0.352588811263852,403.425755277365,0.9,0,0,"none",0,45,1
0.396852250303807,-0.000788151965450558,1,1,0.274196934575866,NA,1,1,0.238454467279359,NA,1,1,0.280231420251513,-0.00865707433363351,NA,1,1,"S5","main",1000,70,0.352588811263852,352.134807335943,0.9,0,0,"none",0,46,1
0.435876816969691,0.0030822630871116,1,1,0.326464817134114,NA,1,1,0.291230937376508,NA,1,1,0.327173456397196,-0.0049381790941903,NA,1,1,"S5","main",1000,70,0.352588811263852,364.354698562605,0.9,0,0,"none",0,47,1
0.381351468073374,-0.000381337820865183,1,1,0.287646062180227,NA,1,1,0.265201034349251,NA,1,1,0.298382402116708,-0.018477459833884,NA,1,1,"S5","main",1000,70,0.352588811263852,373.743185991263,0.9,0,0,"none",0,48,1
0.419399356187759,-0.00340091953692493,1,1,0.28324351598144,NA,0.999999999999994,1,0.249787198160068,NA,1,1,0.270959935864992,0.00180362602749441,NA,1,1,"S5","main",1000,70,0.352588811263852,314.665319909021,0.9,0,0,"none",0,49,1
0.445226231231826,0.00623795276996678,1,1,0.338114765988044,NA,1,1,0.31302021861696,NA,1,1,0.346309789433302,0.00462166594738761,NA,1,1,"S5","main",1000,70,0.352588811263852,376.289442246617,0.9,0,0,"none",0,50,1
0.384159472702345,0.0100453931649605,1,1,0.269552673427049,NA,1,1,0.246501665799759,NA,1,1,0.235077413601318,0.0142590269839342,NA,1,1,"S5","main",1000,70,0.352588811263852,346.792401202675,0.9,0,0,"none",0,51,1
0.410516240084252,0.00517894861491304,1,1,0.294640131699299,NA,1,1,0.246663610183181,NA,1,1,0.279367889205431,0.0270948912689962,NA,1,1,"S5","main",1000,70,0.352588811263852,311.870064620757,0.9,0,0,"none",0,52,1
0.379414276868712,-0.0137009089238858,1,1,0.295750362840039,NA,1,1,0.256641134271186,NA,1,1,0.2967497419092,-0.00367493245301306,NA,1,1,"S5","main",1000,70,0.352588811263852,373.501904286268,0.9,0,0,"none",0,53,1
0.388723904254125,-0.00904275312054491,1,1,0.294214780423313,NA,1,1,0.254933220894552,NA,1,1,0.289108932399507,-0.0224223115630133,NA,1,1,"S5","main",1000,70,0.352588811263852,350.73401813115,0.9,0,0,"none",0,54,1
0.379868168838693,-0.00263215700658836,1,1,0.281713205125953,NA,1,1,0.248364429532484,NA,1,1,0.26742437678946,0.024937564276653,NA,1,1,"S5","main",1000,70,0.352588811263852,375.096972593977,0.9,0,0,"none",0,55,1
0.41404533775959,-0.00233538341361932,1,1,0.323731375600525,NA,1,1,0.30002527701966,NA,1,1,0.32496275222265,-0.0227840466893566,NA,1,1,"S5","main",1000,70,0.352588811263852,387.954724756301,0.9,0,0,"none",0,56,1
0.377719959494066,0.0021207603805051,1,1,0.295894639658021,NA,1,1,0.26506632067648,NA,1,1,0.294879293341823,-0.0140212676117704,NA,1,1,"S5","main",1000,70,0.352588811263852,346.115330332278,0.9,0,0,"none",0,57,1
0.403127191195419,0.00308134116555938,1,1,0.276145642280716,NA,0.999999999999997,1,0.253354301918162,NA,1,1,0.284818698240441,0.00159623501733123,NA,1,1,"S5","main",1000,70,0.352588811263852,299.653321036749,0.9,0,0,"none",0,58,1
0.407673965871151,0.00295698658165648,1,1,0.309796774373972,NA,1,1,0.285941069239351,NA,1,1,0.301063666687911,-0.0190548093351794,NA,1,1,"S5","main",1000,70,0.352588811263852,387.575371532478,0.9,0,0,"none",0,59,1
0.422209440065351,-0.0045044857621373,1,1,0.3146639594846,NA,1,1,0.269481029810341,NA,1,1,0.32370227809771,0.0383312578820304,NA,1,1,"S5","main",1000,70,0.352588811263852,347.796271449639,0.9,0,0,"none",0,60,1
0.417158081904458,0.0132033419320055,1,1,0.328933076529405,NA,1,1,0.30525132294752,NA,1,1,0.320623637774651,0.0107524891323771,NA,1,1,"S5","main",1000,70,0.352588811263852,310.175873456595,0.9,0,0,"none",0,61,1
0.39268820611485,0.00174683716073315,1,1,0.309101163889716,NA,1,1,0.287686804875105,NA,1,1,0.327566894864599,-0.0318766818978494,NA,1,1,"S5","main",1000,70,0.352588811263852,392.447839950715,0.9,0,0,"none",0,62,1
0.368081776980606,0.00196338914444036,1,1,0.24015028929161,NA,0.99999999999987,1,0.210357818440522,NA,1,1,0.225283164692691,0.0104960457134247,NA,1,1,"S5","main",1000,70,0.352588811263852,392.37873652864,0.9,0,0,"none",0,63,1
0.420649582656127,0.00221623891376984,1,1,0.360566813308422,NA,1,1,0.329273618308509,NA,1,1,0.367755386558663,-0.00285111863368349,NA,1,1,"S5","main",1000,70,0.352588811263852,361.249598202278,0.9,0,0,"none",0,64,1
0.415576372872439,-0.00783606613125986,1,1,0.309157121545168,NA,1,1,0.295339573991112,NA,1,1,0.303604098439157,-0.0146469875437896,NA,1,1,"S5","main",1000,70,0.352588811263852,339.543020350132,0.9,0,0,"none",0,65,1
0.393932793556792,0.000142733261252543,1,1,0.310269636166953,NA,1,1,0.281698515215415,NA,1,1,0.328989731275256,-0.0169828260297152,NA,1,1,"S5","main",1000,70,0.352588811263852,395.544370068346,0.9,0,0,"none",0,66,1
0.415363254653275,0.00283848138773847,1,1,0.284708549307214,NA,0.999999999999997,1,0.254318814529605,NA,1,1,0.277548303265574,-0.0146444289081416,NA,1,1,"S5","main",1000,70,0.352588811263852,321.326472168342,0.9,0,0,"none",0,67,1
0.370708779651936,0.00163816705894759,1,1,0.264411226643998,NA,1,1,0.229028076720663,NA,1,1,0.28133217788197,0.0053996230970247,NA,1,1,"S5","main",1000,70,0.352588811263852,395.546160755942,0.9,0,0,"none",0,68,1
0.432104071534579,-0.000220639142518911,1,1,0.329990161536948,NA,1,1,0.307589688783321,NA,1,1,0.344421554799713,0.0252947761750401,NA,1,1,"S5","main",1000,70,0.352588811263852,375.64339470246,0.9,0,0,"none",0,69,1
0.39801132512373,-0.00728686202273041,1,1,0.286189202845744,NA,1,1,0.259533076589099,NA,1,1,0.255605689925663,0.00479924591618378,NA,1,1,"S5","main",1000,70,0.352588811263852,351.572620197433,0.9,0,0,"none",0,70,1
0.403184146070807,0.00135982034870734,1,1,0.300337820065283,NA,1,1,0.273236962092845,NA,1,1,0.308037905649214,0.0133158043818848,NA,1,1,"S5","main",1000,70,0.352588811263852,332.834875055815,0.9,0,0,"none",0,71,1
0.363386038334335,0.00411160292364896,1,1,0.279245054264975,NA,1,1,0.258521578508706,NA,1,1,0.28596775891107,-0.0107011754057092,NA,1,1,"S5","main",1000,70,0.352588811263852,394.553902348546,0.9,0,0,"none",0,72,1
0.388849185070817,0.0016158730399498,1,1,0.29718356734196,NA,1,1,0.260617734083005,NA,1,1,0.291798107288508,-0.0325778889512128,NA,1,1,"S5","main",1000,70,0.352588811263852,346.20454583312,0.9,0,0,"none",0,73,1
0.416453996573884,0.000690670736485715,1,1,0.298038880655589,NA,1,1,0.256089251155201,NA,1,1,0.310397326309671,-0.00693671604421127,NA,1,1,"S5","main",1000,70,0.352588811263852,337.986066500229,0.9,0,0,"none",0,74,1
0.398020060755788,0.0102094115008968,1,1,0.293975761389868,NA,1,1,0.275789669056852,NA,1,1,0.303261571901507,0.0436282879553551,NA,1,1,"S5","main",1000,70,0.352588811263852,382.716917692185,0.9,0,0,"none",0,75,1
0.439030163424661,-0.000404989583854652,1,1,0.303385625072046,NA,1,1,0.270311148861749,NA,1,1,0.289798453578066,-0.0195048068684183,NA,1,1,"S5","main",1000,70,0.352588811263852,293.212378082877,0.9,0,0,"none",0,76,1
0.405949696944749,0.0002249914364996,1,1,0.310812556647272,NA,1,1,0.276891952993887,NA,1,1,0.310191944627649,-0.00217401965919957,NA,1,1,"S5","main",1000,70,0.352588811263852,335.447096103641,0.9,0,0,"none",0,77,1
0.416012722847655,-0.00215033495885351,1,1,0.313921314255289,NA,1,1,0.300144247184656,NA,1,1,0.322362284560641,0.0228266184904315,NA,1,1,"S5","main",1000,70,0.352588811263852,363.948783603877,0.9,0,0,"none",0,78,1
0.39735740911646,-0.00240436089240469,1,1,0.301015424036147,NA,1,1,0.261389529160007,NA,1,1,0.295148125758012,-0.00404890124718824,NA,1,1,"S5","main",1000,70,0.352588811263852,333.505315877357,0.9,0,0,"none",0,79,1
0.417584059233848,0.00807205920618252,1,1,0.300909068163187,NA,1,1,0.267575721066279,NA,1,1,0.288605965865431,0.0304840679824562,NA,1,1,"S5","main",1000,70,0.352588811263852,301.335662167226,0.9,0,0,"none",0,80,1
0.403278120287885,0.00929790141029637,1,1,0.302789944533936,NA,1,1,0.262871763635542,NA,1,1,0.306396513108865,0.0307579097879531,NA,1,1,"S5","main",1000,70,0.352588811263852,362.444411679595,0.9,0,0,"none",0,81,1
0.38181373473994,-0.0117883047705855,1,1,0.279422254777899,NA,1,1,0.259607351392097,NA,1,1,0.269709856209769,-0.00866284232444754,NA,1,1,"S5","main",1000,70,0.352588811263852,351.387206588341,0.9,0,0,"none",0,82,1
0.390867883026034,-0.000609241503035036,1,1,0.290552793576369,NA,1,1,0.253197018813999,NA,1,1,0.306769272582274,0.000423390770132176,NA,1,1,"S5","main",1000,70,0.352588811263852,415.368628814511,0.9,0,0,"none",0,83,1
0.38991864611104,-0.00249460650652305,1,1,0.30394888977728,NA,1,1,0.283881651788867,NA,1,1,0.312270214546489,-0.0135448081176709,NA,1,1,"S5","main",1000,70,0.352588811263852,359.745997670701,0.9,0,0,"none",0,84,1
0.417292746062839,0.00281883900807732,1,1,0.304780863560248,NA,1,1,0.276452347239706,NA,1,1,0.315298714304437,0.00384329623303744,NA,1,1,"S5","main",1000,70,0.352588811263852,336.524433576949,0.9,0,0,"none",0,85,1
0.395294105034842,0.0071825220059144,1,1,0.301708347815293,NA,1,1,0.273069767721359,NA,1,1,0.301979666628766,0.00417393947927693,NA,1,1,"S5","main",1000,70,0.352588811263852,393.225169097027,0.9,0,0,"none",0,86,1
0.408778551449935,-0.00824893649614793,1,1,0.328728104589417,NA,1,1,0.291383113006108,NA,1,1,0.335869785467671,-0.0430818749026668,NA,1,1,"S5","main",1000,70,0.352588811263852,391.930591315868,0.9,0,0,"none",0,87,1
0.410447940855508,0.00225584604677765,1,1,0.320755879663953,NA,1,1,0.280959014033387,NA,1,1,0.330596523007905,-0.0226196437082851,NA,1,1,"S5","main",1000,70,0.352588811263852,373.037524150005,0.9,0,0,"none",0,88,1
0.434330217255546,-0.00141172901239475,1,1,0.316932901942001,NA,1,1,0.264680255729573,NA,1,1,0.34276772867187,-0.0204176603825166,NA,1,1,"S5","main",1000,70,0.352588811263852,327.316824738176,0.9,0,0,"none",0,89,1
0.379794653029751,0.00125689807228105,1,1,0.280688060598132,NA,1,1,0.24655570873726,NA,1,1,0.288279950852124,0.00108634484103239,NA,1,1,"S5","main",1000,70,0.352588811263852,370.511521140473,0.9,0,0,"none",0,90,1
0.427886102574468,-0.00125954748041111,1,1,0.312142724121586,NA,1,1,0.275766117306724,NA,1,1,0.324501532560531,-0.0129763455912606,NA,1,1,"S5","main",1000,70,0.352588811263852,314.294359614107,0.9,0,0,"none",0,91,1
0.382663403513168,0.00121727717087279,1,1,0.285034486703902,NA,1,1,0.25333989341119,NA,1,1,0.281867227135766,0.0145345761792214,NA,1,1,"S5","main",1000,70,0.352588811263852,387.043346645517,0.9,0,0,"none",0,92,1
0.4051343691052,0.00911441399421583,1,1,0.291278722728782,NA,1,1,0.275172720708031,NA,1,1,0.282702462185612,0.000338860623269167,NA,1,1,"S5","main",1000,70,0.352588811263852,332.903883578432,0.9,0,0,"none",0,93,1
0.380286439949565,-0.00492151362548784,1,1,0.266114604262868,NA,0.999999999999997,1,0.243499897589652,NA,1,1,0.255214763062874,0.0198835606181192,NA,1,1,"S5","main",1000,70,0.352588811263852,349.613198768843,0.9,0,0,"none",0,94,1
0.41011007915991,0.000981160019337177,1,1,0.316207320275179,NA,1,1,0.287359618882163,NA,1,1,0.320054158831728,0.0233377500562105,NA,1,1,"S5","main",1000,70,0.352588811263852,367.579561005781,0.9,0,0,"none",0,95,1
0.398273075968032,0.0026944996623799,1,1,0.291553137889708,NA,1,1,0.264747216736317,NA,1,1,0.291048253465561,-0.0152551954451463,NA,1,1,"S5","main",1000,70,0.352588811263852,405.12720531259,0.9,0,0,"none",0,96,1
0.395563494540758,0.000650661048335105,1,1,0.291000426278473,NA,1,1,0.264896251309774,NA,1,1,0.279774039889843,0.0350628501925158,NA,1,1,"S5","main",1000,70,0.352588811263852,354.47339224412,0.9,0,0,"none",0,97,1
0.387721593682909,0.0132196352854682,1,1,0.298815503150161,NA,1,1,0.277810352643124,NA,1,1,0.291378421623188,0.0284078158760935,NA,1,1,"S5","main",1000,70,0.352588811263852,374.344854168576,0.9,0,0,"none",0,98,1
0.417132111861354,-0.000795935394775234,1,1,0.328294483523146,NA,1,1,0.297197933316491,NA,1,1,0.325880595475301,0.012348842867159,NA,1,1,"S5","main",1000,70,0.352588811263852,355.107912223007,0.9,0,0,"none",0,99,1
0.390872942706153,0.00226455823013919,1,1,0.319078179235859,NA,1,1,0.295900753412299,NA,1,1,0.324424483929917,-0.00228070473865907,NA,1,1,"S5","main",1000,70,0.352588811263852,364.9886777591,0.9,0,0,"none",0,100,1
