"OLS_beta_X","OLS_beta_XZ","OLS_score","OLS_reject","MVMR_beta_X","MVMR_beta_XZ","MVMR_score","MVMR_reject","MRBMA_beta_X","MRBMA_beta_XZ","MRBMA_score","MRBMA_reject","MR_beta_X","MR_beta_XZ","MR_pip_mcse","MR_score","MR_reject","scenario","arm","n","target_F","pi_val","F_observed","iv_corr","pleio_frac","pleio_delta","nl_form","nl_coef","rep_id","gamma_true"
0.163219148800214,-0.0249760862619664,0.999992644624451,1,0.0630444153397384,NA,0.673867706393115,0,0.00292692882894855,NA,0.0465604181482687,0,0.0036668324921785,-0.000375846351714309,0.00207880973232106,0.0511608040201005,0,"S6","null",500,70,0.500915658514495,84.4692135293789,0,0.2,0.1,"none",0,1,0
0.132720895504393,0.0208353815721089,0.999831203818596,1,-0.0128148769028533,NA,0.167660375854583,0,-2.93604524132562e-05,NA,0.0324180110023237,0,-0.00043153802685993,0.00186429636748921,0.00227428733447571,0.0458391959798995,0,"S6","null",500,70,0.500915658514495,90.2238815172159,0,0.2,0.1,"none",0,2,0
0.189948167635552,0.0207052984871577,0.999999971058589,1,0.0889620983626498,NA,0.857896727080247,0,0.00295726949310628,NA,0.0482782145069623,0,0.0522230395605097,-0.0140512678998788,0.0132936220900356,0.365293969849246,0,"S6","null",500,70,0.500915658514495,95.5130791562631,0,0.2,0.1,"none",0,3,0
0.173666997953311,-0.0206106419217772,0.999999945878714,1,0.0271839189168958,NA,0.371698129587289,0,0.0026037630699076,NA,0.0481635697915776,0,0.00326670126308805,-0.00674242614508745,0.00592694792665513,0.105582914572864,0,"S6","null",500,70,0.500915658514495,90.2447021082666,0,0.2,0.1,"none",0,4,0
0.187929880475694,-0.0254236709061858,0.999999909335641,1,0.0397253536778679,NA,0.472050692670341,0,0.00287604469551953,NA,0.0494401367706705,0,0.000533807009668466,-0.000631492709289328,0.00168179839510046,0.0375979899497487,0,"S6","null",500,70,0.500915658514495,82.0853548267604,0,0.2,0.1,"none",0,5,0
0.120967777734819,-0.0352642351747923,0.999901347071091,1,-0.0217541390464511,NA,0.280700008583541,0,-0.000521611461996254,NA,0.0331691110121992,0,-0.00290352769120601,-0.00709730952279859,0.0048471334700115,0.112886934673367,0,"S6","null",500,70,0.500915658514495,79.8387049084664,0,0.2,0.1,"none",0,6,0
0.131735467811882,0.0204737499155416,0.999919578730912,1,0.014805643812552,NA,0.19274048298444,0,0.0006031079364579,NA,0.0334919424872159,0,0.00258499669872223,0.000778968188307976,0.00214879020393564,0.0476834170854271,0,"S6","null",500,70,0.500915658514495,88.0617664730219,0,0.2,0.1,"none",0,7,0
0.143094785343371,0.00299355956127984,0.999938512101931,1,0.032248919949999,NA,0.406650611206434,0,0.000451100005509527,NA,0.0330756800457864,0,0.0078447760384812,-0.00687176599988727,0.00518213883114791,0.121587939698492,0,"S6","null",500,70,0.500915658514495,89.8027031235877,0,0.2,0.1,"none",0,8,0
0.173491923750364,0.0103538160437917,0.999989527770929,1,0.102767966254048,NA,0.868979853965741,0,0.0342567250462763,NA,0.225012321960179,0,0.0142641321373896,0.00472244731544376,0.00542302290331303,0.134045226130653,0,"S6","null",500,70,0.500915658514495,79.8807303898096,0,0.2,0.1,"none",0,9,0
0.188908686247204,0.0156725112406101,0.999999941642045,1,0.0431477837756928,NA,0.479732561862399,0,0.00165794531219095,NA,0.0374856810623311,0,0.00599503018652268,0.006409938439427,0.00316542304560709,0.0994673366834171,0,"S6","null",500,70,0.500915658514495,63.0199698682058,0,0.2,0.1,"none",0,10,0
0.149958411249398,0.0145431651103117,0.999955231061861,1,-0.0938727308131333,NA,0.861220856579676,0,-0.00209325658086994,NA,0.041309034861786,0,-0.0477026889173772,0.0186969908788157,0.0125071457568238,0.36236432160804,0,"S6","null",500,70,0.500915658514495,75.3111816501983,0,0.2,0.1,"none",0,11,0
0.0846228673312245,0.011555572862412,0.972336168220457,1,-0.0427774430759016,NA,0.523938142101912,0,-0.00154408630929676,NA,0.0385023397105743,0,-0.00430942584239667,-0.000669202633995534,0.00215277260907325,0.0610427135678392,0,"S6","null",500,70,0.500915658514495,89.8320373920744,0,0.2,0.1,"none",0,12,0
0.232637821985219,-0.0304442017217943,0.999999999999549,1,0.191036818811575,NA,0.998037807483355,1,0.0194656207540831,NA,0.145692197120354,0,0.239693554460623,-0.0444686001890324,0.00492363852646371,0.985937185929648,1,"S6","null",500,70,0.500915658514495,72.870784552479,0,0.2,0.1,"none",0,13,0
0.168454662900733,0.0133665206186624,0.999995265466461,1,-0.0206414368817914,NA,0.230891733253892,0,0.000129730758490095,NA,0.0324614938031839,0,-0.00172958592834483,-0.000848090251281828,0.00164710645482366,0.0417587939698492,0,"S6","null",500,70,0.500915658514495,66.7839672995217,0,0.2,0.1,"none",0,14,0
0.167975738475719,0.0203418584212284,0.999999848952274,1,0.00603465956337599,NA,0.0782731280635828,0,0.00123078905553109,NA,0.0362446968086474,0,0.000523264223543505,0.000852881308060384,0.00204143120158008,0.0393969849246231,0,"S6","null",500,70,0.500915658514495,81.8478397270075,0,0.2,0.1,"none",0,15,0
0.216642229727052,0.0129598241118335,0.999999999926513,1,0.132290672950281,NA,0.971512335146208,1,0.0290872533135502,NA,0.212248638840355,0,0.167087055797749,0.0470008906263856,0.0111365386737056,0.901346733668342,1,"S6","null",500,70,0.500915658514495,80.7089696172149,0,0.2,0.1,"none",0,16,0
0.195788619575819,0.0243584752548964,0.999999998920598,1,0.0578334435754653,NA,0.665563220028427,0,0.00135412077989813,NA,0.0370649673475231,0,0.00595465842529387,0.00106766873618787,0.00376829147257078,0.0719246231155779,0,"S6","null",500,70,0.500915658514495,81.6185738162331,0,0.2,0.1,"none",0,17,0
0.146590586872898,0.0204378315240855,0.999946980502074,1,0.0213920076652474,NA,0.271618688264888,0,1.17923939631531e-05,NA,0.0324157360191446,0,0.00291091088097504,0.00326744617814029,0.00284802633881105,0.0598618090452261,0,"S6","null",500,70,0.500915658514495,90.0762435190504,0,0.2,0.1,"none",0,18,0
0.19380669802502,-0.00618132475655523,0.999999958870403,1,0.0796578390902075,NA,0.78098801734769,0,0.0120766423568995,NA,0.114953365422883,0,0.0132185697389324,0.00799887008294033,0.00576379820628163,0.148087939698492,0,"S6","null",500,70,0.500915658514495,81.6045958247311,0,0.2,0.1,"none",0,19,0
0.197373539038965,-0.0163093729764765,0.999999901975432,1,0.0919705568301958,NA,0.832586339566319,0,0.00453821582732002,NA,0.0567811518583164,0,0.00808897930057822,-0.00275781886196335,0.00429894682228337,0.0838015075376884,0,"S6","null",500,70,0.500915658514495,82.1149237523657,0,0.2,0.1,"none",0,20,0
0.181495668429571,-0.0188670900147346,0.999999906332336,1,0.0522481270456976,NA,0.586904039685587,0,0.000817876900413231,NA,0.0339507307606728,0,0.00918497699380503,-0.00548462602150721,0.00510087823540925,0.112881909547739,0,"S6","null",500,70,0.500915658514495,80.0394795496876,0,0.2,0.1,"none",0,21,0
0.150460518912408,-0.00350363009075285,0.999969086531516,1,-0.0156128954802257,NA,0.201928173363572,0,-0.000945827835395951,NA,0.0349374118187327,0,5.92009979180824e-05,-0.000656111239471938,0.00189504962529018,0.0359698492462312,0,"S6","null",500,70,0.500915658514495,91.6676943126144,0,0.2,0.1,"none",0,22,0
0.201949937110928,0.00688537693811123,0.999999999487133,1,0.103551804994285,NA,0.918052253776891,0,0.0142370646649416,NA,0.13296669557794,0,0.0597861257795518,-0.0157189312316196,0.0137210805779104,0.417251256281407,0,"S6","null",500,70,0.500915658514495,83.9453847465287,0,0.2,0.1,"none",0,23,0
0.209214674637674,-0.0364647422997164,0.999999999985821,1,0.0821568553628733,NA,0.860798524726913,0,0.00433221576187456,NA,0.0622370467102256,0,0.00998969220918394,-0.00238172676299013,0.00490640678358594,0.10564824120603,0,"S6","null",500,70,0.500915658514495,92.95476330752,0,0.2,0.1,"none",0,24,0
0.168378884659223,-0.0116202050373926,0.999997856674896,1,0.0642583148755833,NA,0.671462298744401,0,0.00327490236823597,NA,0.0497629726988918,0,0.00181462989466665,-0.000152300959812014,0.00204293369582421,0.0389472361809045,0,"S6","null",500,70,0.500915658514495,71.0017317606128,0,0.2,0.1,"none",0,25,0
0.088473397667241,-0.0130558258244151,0.986255555205935,1,0.00876782373872476,NA,0.1249885540417,0,-0.000270306035948745,NA,0.0326730587705315,0,-0.00077453796883099,0.00215282838713828,0.0019552880483534,0.0491984924623116,0,"S6","null",500,70,0.500915658514495,103.018526271601,0,0.2,0.1,"none",0,26,0
0.22547407928946,-0.0205815125911747,0.999999999955697,1,0.0432015340138465,NA,0.497102899387614,0,0.00118840109188114,NA,0.0357628739205708,0,0.00161291797402515,-0.00300076438571275,0.00283181027811188,0.057748743718593,0,"S6","null",500,70,0.500915658514495,78.7642869019693,0,0.2,0.1,"none",0,27,0
0.17419987570801,0.000375221590223092,0.999999461437022,1,-0.0334173955965556,NA,0.415713457230986,0,-0.00239320303684799,NA,0.0452339222638294,0,-0.0104487450581173,-0.0735832580355887,0.0220483873421335,0.564422110552764,1,"S6","null",500,70,0.500915658514495,86.9001215243686,0,0.2,0.1,"none",0,28,0
0.166658695222589,0.00748016911339838,0.999999312334711,1,0.0455567707083741,NA,0.586367947353586,0,0.00120986897493577,NA,0.0371291407868376,0,0.00740762170817536,-0.00185943830872168,0.00337627738413279,0.0891381909547739,0,"S6","null",500,70,0.500915658514495,97.9263353490576,0,0.2,0.1,"none",0,29,0
0.115150536150007,0.0171765653708639,0.999282899011791,1,-0.0244363608994193,NA,0.326950241294139,0,-0.000727964521994834,NA,0.0341280203142905,0,-0.00100087864072047,-0.00387365801133525,0.00288076584138428,0.0666557788944724,0,"S6","null",500,70,0.500915658514495,92.1750245398986,0,0.2,0.1,"none",0,30,0
0.142360736204082,-0.0057980821686024,0.999762630593269,1,-0.0282366882182678,NA,0.329518479731265,0,0.00118125748516959,NA,0.0355461196459227,0,-0.00214293018642647,1.38826335734432e-05,0.00240879846114253,0.0488819095477387,0,"S6","null",500,70,0.500915658514495,70.6555371240903,0,0.2,0.1,"none",0,31,0
0.16609663239147,0.0100587468808154,0.999999886502677,1,0.100899316689767,NA,0.950260069287188,1,0.0117945185970478,NA,0.123067935142759,0,0.111599935934101,0.0731674296357961,0.016580590949826,0.852515075376884,1,"S6","null",500,70,0.500915658514495,111.542550128365,0,0.2,0.1,"none",0,32,0
0.137651400638368,-0.0134712341843748,0.999843336419795,1,-0.0273770543541424,NA,0.32873843836915,0,-0.000739844552484597,NA,0.0339405167402352,0,-0.00288187060300099,0.00216913919268527,0.00277844956548279,0.0568743718592965,0,"S6","null",500,70,0.500915658514495,82.8475995639542,0,0.2,0.1,"none",0,33,0
0.19275216433266,0.00384231670534171,0.999999828978961,1,0.11316045202975,NA,0.928988714233345,0,0.0126832118883057,NA,0.114508756182321,0,0.0289095358000414,0.00299024533151558,0.0100286348758307,0.21927135678392,0,"S6","null",500,70,0.500915658514495,91.469972091561,0,0.2,0.1,"none",0,34,0
0.181532021001749,-0.018771720605436,0.999999828696196,1,-0.0116402516306039,NA,0.145068609445201,0,-0.00112590814690129,NA,0.0352894524985568,0,0.000672577463560979,0.00114762283697649,0.00221447889803424,0.0384396984924623,0,"S6","null",500,70,0.500915658514495,78.3879116189738,0,0.2,0.1,"none",0,35,0
0.174639332455911,-0.0273935116779942,0.999999995846104,1,0.0602472339134539,NA,0.751151792047677,0,0.00368880463783271,NA,0.0585684092902587,0,0.0176290934366773,-0.00400443016298566,0.00723899017131374,0.1875,0,"S6","null",500,70,0.500915658514495,102.994996801823,0,0.2,0.1,"none",0,36,0
0.19772847264153,-0.00815128178875633,0.999999995890366,1,0.0342318368280221,NA,0.411314363550795,0,0.00065057777358289,NA,0.0335724786329182,0,0.000855608786865273,-0.000390652019456514,0.00186642524667691,0.0362412060301508,0,"S6","null",500,70,0.500915658514495,89.7988323683901,0,0.2,0.1,"none",0,37,0
0.150407241386648,0.0126191279954346,0.999983590408093,1,-0.0262220062917831,NA,0.323766915323971,0,-0.00435494143706425,NA,0.0549361646223851,0,-0.00395096044088749,-0.000864867121960958,0.00250717213434386,0.0538040201005025,0,"S6","null",500,70,0.500915658514495,78.802882422327,0,0.2,0.1,"none",0,38,0
0.274927794249489,0.00149333576287415,1,1,0.176274744641077,NA,0.997629166314486,1,0.0897038975998062,NA,0.52470709887283,1,0.226379483613627,0.0543476965449402,0.00634616682629031,0.976361809045226,1,"S6","null",500,70,0.500915658514495,87.717157609075,0,0.2,0.1,"none",0,39,0
0.196555044551905,-0.00237345323284549,0.999999993268265,1,0.0883168596238183,NA,0.846554373705242,0,0.00286286131252424,NA,0.0469973904716171,0,0.00508861774542189,0.000347383721775898,0.00268576576973452,0.0632311557788945,0,"S6","null",500,70,0.500915658514495,81.1386949670786,0,0.2,0.1,"none",0,40,0
0.16242410047241,-0.0020025593276391,0.999987154914736,1,-0.0171720938052759,NA,0.216539085508275,0,-0.000361667964265451,NA,0.0328265183236205,0,0.000968451212533423,0.000762815869930751,0.00168673108873179,0.0385954773869347,0,"S6","null",500,70,0.500915658514495,83.7845514110017,0,0.2,0.1,"none",0,41,0
0.167643752007101,-0.00198541094176388,0.999999235855546,1,0.0942356287953941,NA,0.861292991188916,0,0.00620890015117687,NA,0.0698540591718326,0,0.00297153738112273,0.000153991222392488,0.00276739202422912,0.0504070351758794,0,"S6","null",500,70,0.500915658514495,81.5115190841956,0,0.2,0.1,"none",0,42,0
0.209011020474607,0.0180152643987638,0.9999999971887,1,0.101920082111623,NA,0.868064880738631,0,0.00719650417411314,NA,0.070542133149213,0,0.00437831038062539,0.000694428585298941,0.0025021801275337,0.0553768844221106,0,"S6","null",500,70,0.500915658514495,70.6034561543091,0,0.2,0.1,"none",0,43,0
0.182387418882866,-0.0045286238248499,0.99999976468117,1,0.0422934119076933,NA,0.473907785056646,0,0.0121819241627189,NA,0.109618053808958,0,0.00517871538366392,-0.00122726372893807,0.00289076725525276,0.0676206030150754,0,"S6","null",500,70,0.500915658514495,73.8199228523958,0,0.2,0.1,"none",0,44,0
0.208350597147006,-0.00502121635091258,0.999999999220208,1,0.0399751137444381,NA,0.447704940401267,0,0.00328065335648074,NA,0.0484731679053101,0,0.00333408527574172,-0.0137510810920399,0.00661882448132313,0.154484924623116,0,"S6","null",500,70,0.500915658514495,64.9063523224317,0,0.2,0.1,"none",0,45,0
0.205907212958751,-0.0234175607380864,0.999999994644162,1,0.0673607813646728,NA,0.727697515580871,0,0.00354559315104583,NA,0.0527833317018444,0,0.00685210069648777,-0.00945040639399701,0.00607143396955352,0.120748743718593,0,"S6","null",500,70,0.500915658514495,89.9375306941734,0,0.2,0.1,"none",0,46,0
0.173163743279173,-0.0037277764965417,0.999999084224143,1,0.0588693590937519,NA,0.672026937418045,0,0.00110372833154208,NA,0.0359793359605135,0,0.00525193680201609,-0.000406626543914793,0.00318605971681341,0.0624698492462312,0,"S6","null",500,70,0.500915658514495,79.9702633909009,0,0.2,0.1,"none",0,47,0
0.199845986719543,-0.0144616030952579,0.99999993762666,1,0.0507384422625722,NA,0.574803687577813,0,0.00106976249050469,NA,0.0354008533667705,0,0.00248057227048941,-0.00478739064769169,0.00279221342237727,0.0678793969849246,0,"S6","null",500,70,0.500915658514495,88.2573597111133,0,0.2,0.1,"none",0,48,0
0.168901219859155,0.00585674104632852,0.999999031182549,1,0.0912589858209703,NA,0.868693527827477,0,0.0116296842379754,NA,0.110461584771536,0,0.0583488862415698,-0.029318724481939,0.0158822176386225,0.483899497487437,0,"S6","null",500,70,0.500915658514495,92.4896403069432,0,0.2,0.1,"none",0,49,0
0.211076736811017,0.0182434198653564,0.999999994554577,1,0.0583328269463829,NA,0.587960646630938,0,0.00324580790993618,NA,0.0458679527729379,0,0.00791209838110414,0.00469464509070715,0.00436139718559735,0.0897462311557789,0,"S6","null",500,70,0.500915658514495,61.2684312596525,0,0.2,0.1,"none",0,50,0
0.158818114041631,0.0583365546065499,0.999999993116719,1,0.0935995661487669,NA,0.899125780080454,0,0.00357033525738298,NA,0.0540286495259698,0,0.144128152488732,0.0643505236960874,0.0147362716044122,0.875798994974874,1,"S6","null",500,70,0.500915658514495,110.514854745952,0,0.2,0.1,"none",0,51,0
0.17406838669931,0.00797024023330179,0.999999568312566,1,-0.0101138439823267,NA,0.130817636272006,0,0.000352633205197371,NA,0.0328104210487005,0,-0.000950158517275587,0.00116323524895232,0.00168731610796576,0.0412010050251256,0,"S6","null",500,70,0.500915658514495,89.0135535001402,0,0.2,0.1,"none",0,52,0
0.214274133534236,0.0211309377789901,0.999999997963212,1,0.064408769795168,NA,0.670555744585415,0,0.00391097427510625,NA,0.0509119866087823,0,0.0147475213222089,0.0109001692831859,0.00631388668233329,0.156899497487437,0,"S6","null",500,70,0.500915658514495,70.2493610787383,0,0.2,0.1,"none",0,53,0
0.178598147975674,0.016230406423976,0.999999958811057,1,0.0863179702642435,NA,0.887100285638607,0,0.00284920922710404,NA,0.0506415010595117,0,0.0232389749207844,0.00639072397229125,0.0101273006558901,0.216434673366834,0,"S6","null",500,70,0.500915658514495,112.953303687162,0,0.2,0.1,"none",0,54,0
0.223719203707649,0.00902723711812976,0.99999999918856,1,0.116314971375406,NA,0.927024108127272,0,0.0254910218982083,NA,0.178525326441958,0,0.0398573028972661,-0.0043246145386235,0.0108100295917483,0.28105527638191,0,"S6","null",500,70,0.500915658514495,74.9175813652386,0,0.2,0.1,"none",0,55,0
0.170803859903126,-0.00396278614524658,0.999999318477593,1,0.0673128010230666,NA,0.731198671674935,0,0.00297002942255975,NA,0.0487976891455988,0,0.00808323163212865,0.00151220992134515,0.00443608507299204,0.0857261306532663,0,"S6","null",500,70,0.500915658514495,93.0195088759336,0,0.2,0.1,"none",0,56,0
0.151710098730929,-0.019075516313037,0.99999053946664,1,0.0091198732996481,NA,0.122177158283972,0,0.0018504748518514,NA,0.0415803914989878,0,0.000629149683252708,0.000926897792830682,0.00142374084936436,0.0380427135678392,0,"S6","null",500,70,0.500915658514495,91.8025061444869,0,0.2,0.1,"none",0,57,0
0.181455347173056,0.0180967615727028,0.999999922996851,1,0.0829032306983323,NA,0.848155526591241,0,0.00315374919555505,NA,0.0522466196792457,0,0.0608570167982543,0.0539025935556213,0.0208813774023444,0.571824120603015,1,"S6","null",500,70,0.500915658514495,109.958880478888,0,0.2,0.1,"none",0,58,0
0.15844097326354,0.0238265283987463,0.999998954184911,1,0.030692356821528,NA,0.377747448962331,0,0.000314393602582227,NA,0.0326902788816823,0,0.000556250983662481,8.20153307504778e-05,0.00123831354363151,0.0319497487437186,0,"S6","null",500,70,0.500915658514495,70.7579151340156,0,0.2,0.1,"none",0,59,0
0.174701712062693,0.0168571032795243,0.999998044228958,1,0.0117158185146076,NA,0.14281119589078,0,0.00144084926427126,NA,0.0373876922488368,0,0.00141516774815713,-0.00118420697022907,0.00192398030500533,0.041394472361809,0,"S6","null",500,70,0.500915658514495,80.2750547679878,0,0.2,0.1,"none",0,60,0
0.142994211477711,0.00740127383573072,0.999900498569092,1,-0.0746826996273843,NA,0.734478138966004,0,-0.00311387564385513,NA,0.0462291897962247,0,-0.00746132262202517,-0.00178976463602584,0.00401429057506756,0.0830929648241206,0,"S6","null",500,70,0.500915658514495,73.2077905682097,0,0.2,0.1,"none",0,61,0
0.120773484829166,-0.00575498812652816,0.99851094522361,1,0.0292827708046119,NA,0.342452988920424,0,0.000933936823959595,NA,0.034473249013335,0,0.00203836808430452,-0.00148564621166736,0.00239478089439774,0.0475251256281407,0,"S6","null",500,70,0.500915658514495,77.6257222754444,0,0.2,0.1,"none",0,62,0
0.108608154849652,-0.024299942935835,0.999501860858365,1,-0.0193837919328183,NA,0.260205050787343,0,-2.64971312875699e-05,NA,0.0324177705136571,0,5.15557225117624e-05,-0.00558707111031662,0.00381155840685715,0.0871130653266332,0,"S6","null",500,70,0.500915658514495,82.211026246038,0,0.2,0.1,"none",0,63,0
0.177116397591913,0.0122099927141191,0.999999431786392,1,0.0620068131116222,NA,0.657934026391172,0,0.0022516940092202,NA,0.0418142094123266,0,0.00994223676343473,0.000433270416876053,0.00412288587390826,0.0952663316582915,0,"S6","null",500,70,0.500915658514495,77.1767312816908,0,0.2,0.1,"none",0,64,0
0.190320862552385,-0.00436570957952727,0.999999996579928,1,0.0790435741470192,NA,0.811888766344394,0,0.00283842782876523,NA,0.0468698420738885,0,0.0096599609231212,-0.0030760222927863,0.00429751252786105,0.105386934673367,0,"S6","null",500,70,0.500915658514495,77.2144582650619,0,0.2,0.1,"none",0,65,0
0.189284783024984,-0.00594096321005691,0.99999997049644,1,0.0745660274987999,NA,0.765644123617166,0,0.0111512186431341,NA,0.104459548987245,0,0.0158096081437246,-0.0474493165570091,0.0116580739085372,0.406344221105528,0,"S6","null",500,70,0.500915658514495,73.4136902605622,0,0.2,0.1,"none",0,66,0
0.261791361506408,-0.0225264901002966,0.999999999999998,1,0.0766762760636758,NA,0.761671731838359,0,0.0105672579650169,NA,0.0999812013137852,0,0.0049594095052498,-0.00252978077100406,0.00368457853300011,0.0740778894472362,0,"S6","null",500,70,0.500915658514495,72.9737248406278,0,0.2,0.1,"none",0,67,0
0.200832694787825,-0.0382097269936184,0.999999999963007,1,0.114779314084145,NA,0.95972742427373,1,0.0257724804972075,NA,0.202142584803235,0,0.132638959371384,-0.113929840308748,0.00600023145087525,0.975115577889447,1,"S6","null",500,70,0.500915658514495,103.427069621523,0,0.2,0.1,"none",0,68,0
0.154937638416172,0.0185357114430318,0.999987568341691,1,-0.0107937082497194,NA,0.132966797282586,0,-0.000364933448634388,NA,0.0328002792665467,0,-0.00568008748106798,0.0102630106009294,0.00462253292290507,0.130846733668342,0,"S6","null",500,70,0.500915658514495,73.9889277428113,0,0.2,0.1,"none",0,69,0
0.168939107681894,-0.0241661436829422,0.999999879839479,1,0.120159106889975,NA,0.959458762660923,1,0.0131312928815126,NA,0.117482097063753,0,0.0823915979477639,0.0122780714991374,0.0139279281243596,0.526726130653266,1,"S6","null",500,70,0.500915658514495,101.003460011437,0,0.2,0.1,"none",0,70,0
0.139337772201956,-0.0076115049644672,0.999909190979226,1,-0.0437855229521449,NA,0.497230180628567,0,-0.00105252882485663,NA,0.0349578666953294,0,-0.00959484435842978,0.000194658429711834,0.00433252845086544,0.0938341708542714,0,"S6","null",500,70,0.500915658514495,66.0879436566682,0,0.2,0.1,"none",0,71,0
0.208462908623319,-0.00559950974835824,0.999999997715139,1,0.0709481443182448,NA,0.726260128771783,0,0.00658562088301285,NA,0.0697111907283416,0,0.00275216748174282,0.000839475047689211,0.00204942448149799,0.0488291457286432,0,"S6","null",500,70,0.500915658514495,70.2848920079228,0,0.2,0.1,"none",0,72,0
0.170696349985793,-0.00513674830988692,0.999997530582158,1,0.0686043847205138,NA,0.758300135226344,0,0.0192650767551208,NA,0.170317282517108,0,0.0134243703817783,-0.00964511400060852,0.00802767310650903,0.164291457286432,0,"S6","null",500,70,0.500915658514495,97.0731682499248,0,0.2,0.1,"none",0,73,0
0.199642820175536,-0.0188012390157216,0.999999990385798,1,0.0936747753643078,NA,0.86685215531688,0,0.0108645670728632,NA,0.104020085030815,0,0.0241660300250201,-0.00758234582740308,0.0106559006870658,0.201188442211055,0,"S6","null",500,70,0.500915658514495,89.2247890089072,0,0.2,0.1,"none",0,74,0
0.173409911272379,-0.0153831697387585,0.999996492630877,1,-0.108862184983334,NA,0.865947085391707,0,-0.0128080634400167,NA,0.100051269740309,0,-0.00349028658881976,-0.00136461304865113,0.00269807989931555,0.0494522613065327,0,"S6","null",500,70,0.500915658514495,63.4806208959913,0,0.2,0.1,"none",0,75,0
0.210193786191302,-0.026955049083606,0.999999982142287,1,-0.000838780461782028,NA,0.00930313129983995,0,-6.85942353675775e-05,NA,0.03242667547117,0,0.000196064170009032,0.000517234996869204,0.00161996899404215,0.033927135678392,0,"S6","null",500,70,0.500915658514495,61.5011420991077,0,0.2,0.1,"none",0,76,0
0.179362767253826,0.0229999007797185,0.999999964912872,1,0.078606070656088,NA,0.848612635458401,0,0.00235565702654163,NA,0.0449858175295604,0,0.0186001530450223,0.0053680226325466,0.00671489262631918,0.175856783919598,0,"S6","null",500,70,0.500915658514495,106.081480206572,0,0.2,0.1,"none",0,77,0
0.152138737550473,-0.0121388812442545,0.999994193298561,1,0.0344717421707737,NA,0.434310589889816,0,0.000201082103074873,NA,0.0325506769887051,0,-9.77053016361795e-05,-0.000194174263978138,0.00175260521272102,0.033251256281407,0,"S6","null",500,70,0.500915658514495,84.939850652119,0,0.2,0.1,"none",0,78,0
0.177637211265386,0.0296329532103403,0.999999995072057,1,0.0885115124655241,NA,0.88146145494314,0,0.00974051580639471,NA,0.0954902431193986,0,0.00430248227618243,0.000846242057663168,0.00289642372268955,0.0633442211055276,0,"S6","null",500,70,0.500915658514495,84.749380377152,0,0.2,0.1,"none",0,79,0
0.153479324600944,-0.00555317071346324,0.999989904549221,1,0.121611194014732,NA,0.963485407752096,1,0.0156472609483681,NA,0.135695258519923,0,0.150571499753843,-0.0203501898052325,0.0172417785111062,0.8188391959799,1,"S6","null",500,70,0.500915658514495,88.0148978513801,0,0.2,0.1,"none",0,80,0
0.223467299422856,-0.00563880920793714,0.99999999992099,1,0.174571709000963,NA,0.994519293075453,1,0.056864213086306,NA,0.348208164084393,0,0.216996631944835,-0.0103181120596757,0.0125245449569047,0.948010050251256,1,"S6","null",500,70,0.500915658514495,83.3008832057102,0,0.2,0.1,"none",0,81,0
0.20631676067375,-0.000176473022833065,0.99999999914586,1,0.100621987675142,NA,0.907905241622338,0,0.00654149877040031,NA,0.0742464560862447,0,0.0465631493931004,-0.00544181163632381,0.0109181836042472,0.336155778894472,0,"S6","null",500,70,0.500915658514495,83.6702446317119,0,0.2,0.1,"none",0,82,0
0.128593250284389,0.00247680138613429,0.998905504564019,1,0.0301597801876403,NA,0.342929523990859,0,0.00196606085527519,NA,0.0396563020251774,0,0.0085561600006777,-0.000376222544745962,0.0045151344143607,0.0843140703517588,0,"S6","null",500,70,0.500915658514495,75.5700851455885,0,0.2,0.1,"none",0,83,0
0.16712450067078,-0.0136860967747136,0.999998586434506,1,0.017977829254168,NA,0.212300072425618,0,0.000982043491965216,NA,0.0350004946143183,0,0.000255119526107522,-0.00200514935213425,0.00247713796295513,0.0443391959798995,0,"S6","null",500,70,0.500915658514495,67.7965817070789,0,0.2,0.1,"none",0,84,0
0.141401239761363,0.0140271473167536,0.999951363703193,1,-0.0305272604088768,NA,0.393626937273664,0,-0.00332960859275169,NA,0.0499890435919866,0,-0.00223782495904519,-0.00714451080862534,0.00521744494829671,0.10601256281407,0,"S6","null",500,70,0.500915658514495,96.3274724750473,0,0.2,0.1,"none",0,85,0
0.231488359081927,0.00442026072425784,0.99999999993469,1,0.0884938892316954,NA,0.815665244876836,0,0.00617545286168906,NA,0.0699412623014908,0,0.00402734526090229,0.000357286924302789,0.00200175216945467,0.0550477386934673,0,"S6","null",500,70,0.500915658514495,73.1418630889926,0,0.2,0.1,"none",0,86,0
0.164217676362265,0.0262694439425805,0.9999997844527,1,0.0428637740887337,NA,0.513918420606278,0,0.00093567653215089,NA,0.0349008537936011,0,0.0125844202767084,0.0128117278905844,0.0083308030923339,0.154909547738693,0,"S6","null",500,70,0.500915658514495,70.2888821548592,0,0.2,0.1,"none",0,87,0
0.169112385253233,0.00693979254246883,0.999993526751561,1,0.0216254379400868,NA,0.252018422808851,0,0.000479122855854156,NA,0.0330035019859156,0,0.00134955597884773,0.0063258583852685,0.00445573022814306,0.0872060301507538,0,"S6","null",500,70,0.500915658514495,66.5040806624708,0,0.2,0.1,"none",0,88,0
0.179014208852,-0.0247388314956147,0.999998703091684,1,0.0276121161325073,NA,0.327931892319304,0,0.0010966936522584,NA,0.0355129995998011,0,0.0034615392490743,0.00123384088059229,0.00260311815596617,0.0570979899497487,0,"S6","null",500,70,0.500915658514495,87.4227857174784,0,0.2,0.1,"none",0,89,0
0.183713799521798,0.00807678243347193,0.999999912291921,1,0.0442474089326279,NA,0.498800469571806,0,0.00211716602021573,NA,0.0408682525033506,0,0.00210201375983182,0.000816459515869202,0.0018444790212837,0.0439422110552764,0,"S6","null",500,70,0.500915658514495,67.1017314400857,0,0.2,0.1,"none",0,90,0
0.223654867344806,0.00144023457897824,0.999999999945201,1,0.112269206969714,NA,0.926854700448131,0,0.0077134156883805,NA,0.075853969295203,0,0.0230709921232148,-0.00542948092026246,0.00598737171095279,0.192552763819095,0,"S6","null",500,70,0.500915658514495,73.5939696907253,0,0.2,0.1,"none",0,91,0
0.177382883396242,-0.0394030742612965,0.999999850181794,1,0.0328291883279285,NA,0.41300814711723,0,5.23103585196242e-05,NA,0.0324238950934724,0,0.00228610058810094,0.000738651790328467,0.00200933301392171,0.0475753768844221,0,"S6","null",500,70,0.500915658514495,73.8008414027186,0,0.2,0.1,"none",0,92,0
0.150056780714532,-0.00982791845974394,0.999967649888885,1,0.0278889745599735,NA,0.344215689900156,0,0.00172528688790532,NA,0.0394512659003466,0,0.000236150291801248,0.000338581864237854,0.00149015337510106,0.0320050251256281,0,"S6","null",500,70,0.500915658514495,84.4347441301426,0,0.2,0.1,"none",0,93,0
0.17410468344257,-0.0129144642867115,0.999998599024727,1,0.0292907931309881,NA,0.32970460958205,0,0.000782250232923587,NA,0.0337776383797319,0,-0.000333342401985084,-0.0270340253039706,0.00844770140875484,0.242736180904523,0,"S6","null",500,70,0.500915658514495,62.6565653921241,0,0.2,0.1,"none",0,94,0
0.196773497490462,-0.0254507433108858,0.999999999565966,1,0.092769727999154,NA,0.886700925062228,0,0.00413067047726704,NA,0.0587581460545088,0,0.0481194211751217,0.0064491377281826,0.0149481759009733,0.344288944723618,0,"S6","null",500,70,0.500915658514495,78.7470744545799,0,0.2,0.1,"none",0,95,0
0.142672546946174,0.0038192657465684,0.99990275961662,1,0.0252571480597294,NA,0.312749437669164,0,0.000453522745662771,NA,0.0330245082238655,0,0.00244032832150968,0.0157225515610506,0.006410841644134,0.157778894472362,0,"S6","null",500,70,0.500915658514495,87.0338345076668,0,0.2,0.1,"none",0,96,0
0.18701940693424,-0.00780242234719617,0.999999971308688,1,0.0838318251770375,NA,0.820714703051946,0,0.00376859413096885,NA,0.0527510968869376,0,0.00696615200962239,-0.00119763346791511,0.00299756329847076,0.0779346733668342,0,"S6","null",500,70,0.500915658514495,85.5978422749306,0,0.2,0.1,"none",0,97,0
0.147421647838614,-0.00532738583995742,0.999986509815487,1,0.0294872706254549,NA,0.38747315611941,0,0.000632070316002065,NA,0.0335376534566094,0,0.00131705911251169,-0.00266841698176132,0.00288886508735583,0.0574195979899497,0,"S6","null",500,70,0.500915658514495,85.1771640704445,0,0.2,0.1,"none",0,98,0
0.151364204479617,0.0176420434016405,0.999989311912894,1,-0.0186047211630478,NA,0.224010369795664,0,0.000626527410317518,NA,0.0333765729709235,0,-0.00149138888651997,0.00269493775960067,0.00194648873088516,0.0539522613065327,0,"S6","null",500,70,0.500915658514495,74.6302820561412,0,0.2,0.1,"none",0,99,0
0.189370743874849,0.0116303379448593,0.999999989131072,1,0.0632425107437678,NA,0.725064946947761,0,0.00428021201094008,NA,0.0582082290130131,0,0.00225374447399699,0.00244513916113959,0.00292786878701414,0.059462311557789,0,"S6","null",500,70,0.500915658514495,81.321134952359,0,0.2,0.1,"none",0,100,0
0.186841757886902,-0.0214834186432776,0.999999865730705,1,0.0767328853742317,NA,0.74213753976234,0,0.00718163451195591,NA,0.0745948543778401,0,0.00439961050962184,-0.00449819025139207,0.00297857450763743,0.0773140703517588,0,"S6","null",500,70,0.500915658514495,67.0379421120715,0,0.4,0.1,"none",0,1,0
0.187832134160115,0.00181301637950264,0.999999983483426,1,0.0468676953934184,NA,0.569778066233227,0,0.00347014684452485,NA,0.0535344648491966,0,0.000716047916142915,0.000197952956997399,0.00118096737638059,0.0326130653266332,0,"S6","null",500,70,0.500915658514495,83.2603953391582,0,0.4,0.1,"none",0,2,0
0.21570439289796,-0.0127389045280574,0.999999999862052,1,0.195275750486716,NA,0.997204971386921,1,0.117531418536582,NA,0.598720359620126,1,0.230600292604544,0.0211112455969337,0.00859206748790322,0.958592964824121,1,"S6","null",500,70,0.500915658514495,68.6229076811078,0,0.4,0.1,"none",0,3,0
0.189271561812355,-0.0265233139989464,0.99999999624208,1,0.0697542793190855,NA,0.73668835520708,0,0.00551861085304442,NA,0.0684295274611988,0,0.000962072603209353,0.000258475695653668,0.0019121467700983,0.0369447236180905,0,"S6","null",500,70,0.500915658514495,77.8710919338446,0,0.4,0.1,"none",0,4,0
0.198768384460703,0.0089783616743352,0.999999977161633,1,0.0692521450375825,NA,0.716373807960831,0,0.00357756981333329,NA,0.0517415533245252,0,0.00685782536486401,0.00167109505816663,0.00300756331298112,0.0771180904522613,0,"S6","null",500,70,0.500915658514495,75.4888928185277,0,0.4,0.1,"none",0,5,0
0.183201618270139,-0.00430150561296259,0.999999554899192,1,0.12613570087399,NA,0.958291607511414,1,0.0340252583530049,NA,0.23672591433568,0,0.0577680147657302,-0.062629765343334,0.0145851570627573,0.597208542713568,1,"S6","null",500,70,0.500915658514495,93.5709080405351,0,0.4,0.1,"none",0,6,0
0.160106597469544,-0.00511564895257705,0.999999150078372,1,0.0693754894042254,NA,0.749155134642162,0,0.000884200872105728,NA,0.0344906510723947,0,0.00639445429298202,-0.0391142699346696,0.0121538733337178,0.336105527638191,0,"S6","null",500,70,0.500915658514495,75.0172194493341,0,0.4,0.1,"none",0,7,0
0.141772598336329,0.0116040673627306,0.999935914826876,1,0.0106995191540189,NA,0.139010811046832,0,-0.000169559882649627,NA,0.0325095431145888,0,0.00107894109745324,0.008217897413618,0.00434184634015171,0.108902010050251,0,"S6","null",500,70,0.500915658514495,78.0545894686523,0,0.4,0.1,"none",0,8,0
0.174424480767133,0.00971409992122695,0.999999727913419,1,0.0521547666573472,NA,0.613861550747575,0,0.000980312956620923,NA,0.0352339373053139,0,0.0046624882007408,-0.0203431744834155,0.00953207973688105,0.23222864321608,0,"S6","null",500,70,0.500915658514495,81.8826673170795,0,0.4,0.1,"none",0,9,0
0.24750424899748,0.0128083465737102,0.999999999999986,1,0.154180597603336,NA,0.989148305506499,1,0.0117751753272418,NA,0.106493112568697,0,0.0537955914442888,0.0254511530063828,0.0136210680887486,0.438743718592965,0,"S6","null",500,70,0.500915658514495,76.3880990309398,0,0.4,0.1,"none",0,10,0
0.188773385673737,0.0269501454410278,0.999999999435025,1,0.156399560688529,NA,0.995139319498466,1,0.113239427544775,NA,0.685538017471596,1,0.158775746289208,9.82964654438374e-05,0.0138356592392293,0.876733668341709,1,"S6","null",500,70,0.500915658514495,103.40612876813,0,0.4,0.1,"none",0,11,0
0.169531072663817,-0.0151469666070677,0.999997066775234,1,0.0641122563956667,NA,0.694935579792834,0,0.0016207102986002,NA,0.0390427074023702,0,0.0199395326505977,0.00652458815633142,0.00732059213334897,0.181610552763819,0,"S6","null",500,70,0.500915658514495,80.4795322678532,0,0.4,0.1,"none",0,12,0
0.18871524965749,0.000775378993213923,0.999999859609915,1,0.0497720070412056,NA,0.561050396929425,0,0.00251881327394221,NA,0.043348893791195,0,0.00053123659155209,0.0045934820268261,0.00347345664507719,0.074286432160804,0,"S6","null",500,70,0.500915658514495,82.72722323657,0,0.4,0.1,"none",0,13,0
0.21377101208386,0.00880512149666906,0.999999994386593,1,0.157785911644135,NA,0.977591780055641,1,0.0281580084480087,NA,0.188518154953701,0,0.162740412709626,-0.0487016272180344,0.014556544456048,0.8055,1,"S6","null",500,70,0.500915658514495,65.1909722058288,0,0.4,0.1,"none",0,14,0
0.177222104418426,-0.0192533593598801,0.999999901083583,1,0.136787580691263,NA,0.982133647267001,1,0.0122569074551031,NA,0.109800800931884,0,0.135650628758579,-0.00855911976161674,0.0125444554973634,0.779879396984925,1,"S6","null",500,70,0.500915658514495,108.333397327855,0,0.4,0.1,"none",0,15,0
0.209399052837368,-0.0259674860091556,0.999999998549823,1,0.0452439131926933,NA,0.473533333065409,0,0.00072407311504547,NA,0.0335719114039427,0,0.0107920236830311,-0.0287054509680031,0.0103490390371064,0.235515075376884,0,"S6","null",500,70,0.500915658514495,66.7150866397619,0,0.4,0.1,"none",0,16,0
0.165911317281699,-0.00101167318041808,0.999996111945986,1,0.0754335053474631,NA,0.790195734438813,0,0.00479369215422698,NA,0.0622023484400504,0,0.00910654195766957,0.00246421774838649,0.00431044248130732,0.0993040201005025,0,"S6","null",500,70,0.500915658514495,87.732446605987,0,0.4,0.1,"none",0,17,0
0.158859508989593,-0.000819571752731629,0.999983772073962,1,0.0910566370847292,NA,0.835531097255023,0,0.00571921424116046,NA,0.0648601660215426,0,0.0239392328760812,0.0267848473504951,0.0102149132603486,0.292708542713568,0,"S6","null",500,70,0.500915658514495,70.4466562596231,0,0.4,0.1,"none",0,18,0
0.220312376181084,-0.0114685453878118,0.999999999996736,1,0.125076083072759,NA,0.97073147749519,1,0.0168086438535835,NA,0.148283384919812,0,0.092984186347878,-0.0281187274268066,0.016726034829943,0.611025125628141,1,"S6","null",500,70,0.500915658514495,92.9474433753852,0,0.4,0.1,"none",0,19,0
0.179846024731972,0.0125564299178219,0.999999985823397,1,0.118243934902473,NA,0.953745621555903,1,0.0128671824457283,NA,0.116654045769426,0,0.0109146136875783,0.000311124705811123,0.00496280716842685,0.109075376884422,0,"S6","null",500,70,0.500915658514495,89.6163762496678,0,0.4,0.1,"none",0,20,0
0.212019392467037,-0.00549589866501562,0.999999999984143,1,0.166920411162186,NA,0.996098484026576,1,0.0278673293503901,NA,0.195144434669913,0,0.199716403259624,-0.0178975312918041,0.00785769566356067,0.966143216080402,1,"S6","null",500,70,0.500915658514495,95.3482910150723,0,0.4,0.1,"none",0,21,0
0.233860866628216,-0.00170856247881141,0.999999999936413,1,0.0627549640683172,NA,0.619829268829976,0,0.00191844263781936,NA,0.0386391239429313,0,-0.000234999725970985,-0.00149860292630592,0.00188555904667622,0.040072864321608,0,"S6","null",500,70,0.500915658514495,55.0384785314163,0,0.4,0.1,"none",0,22,0
0.217432464428304,0.0131365684958005,0.999999997789844,1,0.0724334735391004,NA,0.745686119641239,0,0.00244003160217273,NA,0.0431679722121032,0,0.0306277977982818,-0.034194185772923,0.0162825283003822,0.378846733668342,0,"S6","null",500,70,0.500915658514495,84.7708289160883,0,0.4,0.1,"none",0,23,0
0.160083915605077,0.0134239309043696,0.999989666541807,1,0.0751590361904135,NA,0.734479422876937,0,0.00619204446211607,NA,0.066749078191923,0,0.0207603978088663,0.00245044899157031,0.00596602603771667,0.164304020100503,0,"S6","null",500,70,0.500915658514495,71.1077435619814,0,0.4,0.1,"none",0,24,0
0.185257291741955,0.00213041797426498,0.999999959837682,1,0.0913536373757413,NA,0.882167376301949,0,0.0123074372027387,NA,0.120403398041065,0,0.0140347439499954,0.000235387730802903,0.00560456441635005,0.131663316582915,0,"S6","null",500,70,0.500915658514495,94.9802303008318,0,0.4,0.1,"none",0,25,0
0.224306128386161,-0.0108956446435551,0.999999999977428,1,0.100494854375332,NA,0.901220093034504,0,0.0157356973778114,NA,0.133933159522874,0,0.027704638848597,-0.00442645943581182,0.00800233599445683,0.215042713567839,0,"S6","null",500,70,0.500915658514495,87.9806226901017,0,0.4,0.1,"none",0,26,0
0.180249687428954,-0.0110976809566434,0.999999710221808,1,0.116825053195352,NA,0.956673800118451,1,0.00542160718011342,NA,0.0683893553705518,0,0.0742532491645222,-0.00580058364330477,0.0173667972099331,0.48027135678392,0,"S6","null",500,70,0.500915658514495,91.0008453338655,0,0.4,0.1,"none",0,27,0
0.166306211808356,0.00250487542955755,0.999998019209341,1,0.105841355538535,NA,0.903382326059036,0,0.00637749394389312,NA,0.0700143770414734,0,0.0223523570541983,-0.00239508134078445,0.00786197435423741,0.176494974874372,0,"S6","null",500,70,0.500915658514495,72.7139483026623,0,0.4,0.1,"none",0,28,0
0.174837847508546,0.0129662624582402,0.999999649573518,1,0.101388409202364,NA,0.929170413231685,0,0.0120605573470918,NA,0.114067111330348,0,0.0126324236486758,-0.00122647829148274,0.00471513975679164,0.130005025125628,0,"S6","null",500,70,0.500915658514495,95.595517090592,0,0.4,0.1,"none",0,29,0
0.168210567633788,-0.0217870341693749,0.999999447198439,1,0.056621444349968,NA,0.669804314064957,0,0.000993045609071947,NA,0.0353979483149495,0,0.0106869973880984,0.00066134104078779,0.00518769592832027,0.109329145728643,0,"S6","null",500,70,0.500915658514495,90.8463435993419,0,0.4,0.1,"none",0,30,0
0.226021743590217,-0.0218041227004179,0.999999999991215,1,0.119942949903594,NA,0.958433146421834,1,0.0346211908207075,NA,0.24279701569048,0,0.0845863485439891,-0.0189527841946587,0.0132319293011466,0.547336683417085,1,"S6","null",500,70,0.500915658514495,85.2998813832853,0,0.4,0.1,"none",0,31,0
0.175493694975536,0.0197727441597551,0.999999628063914,1,0.0505908392600204,NA,0.604463210296895,0,0.00268812788607749,NA,0.0470265101713821,0,0.00298212699043183,0.000929900370021967,0.00265690971021673,0.0514798994974874,0,"S6","null",500,70,0.500915658514495,95.2844580062116,0,0.4,0.1,"none",0,32,0
0.192551472656845,-0.00293952137305263,0.999999972682533,1,0.056391287642705,NA,0.616917018539809,0,0.00340628186767828,NA,0.0488345726800088,0,0.00623425020065475,-0.00124124404994539,0.0024661988065823,0.0740603015075377,0,"S6","null",500,70,0.500915658514495,68.1104239646915,0,0.4,0.1,"none",0,33,0
0.178762807730021,-0.0114281210960089,0.999999887415538,1,0.0357584900095606,NA,0.456258303696112,0,-0.000306107047906617,NA,0.0327607028953684,0,0.00299870197574179,-0.000198564115232648,0.00196095894382049,0.0488291457286432,0,"S6","null",500,70,0.500915658514495,95.2123966760826,0,0.4,0.1,"none",0,34,0
0.200682715458766,0.0314548107255301,0.999999999808658,1,0.181889471080269,NA,0.999171843119893,1,0.0744350212703913,NA,0.480927944738904,0,0.191659023330673,0.0511217974921489,0.00603055946652047,0.977811557788945,1,"S6","null",500,70,0.500915658514495,111.205351874908,0,0.4,0.1,"none",0,35,0
0.202950682508791,0.0220461723466171,0.999999966228712,1,0.0774394127209563,NA,0.749942289357083,0,0.00563228273320203,NA,0.0623426214315305,0,0.00335927399841888,0.000304063857049469,0.00252018058227773,0.0526356783919598,0,"S6","null",500,70,0.500915658514495,73.7257674354746,0,0.4,0.1,"none",0,36,0
0.208303550952506,0.0042975011400978,0.999999999847619,1,0.0737168561941434,NA,0.804075409449325,0,0.00608511563188073,NA,0.0736880887894155,0,0.0118218037739813,0.00479066673859144,0.0066225660719755,0.133859296482412,0,"S6","null",500,70,0.500915658514495,101.340881691218,0,0.4,0.1,"none",0,37,0
0.261325467691493,-0.00963875632632862,0.999999999999935,1,0.224740731923745,NA,0.999599678322768,1,0.131493361054397,NA,0.646107517057042,1,0.229499334445424,0.0125533278057068,0.00882021406918554,0.968937185929648,1,"S6","null",500,70,0.500915658514495,92.5333538134739,0,0.4,0.1,"none",0,38,0
0.17937499885044,-0.00212984770647063,0.999999969972016,1,0.123645192192306,NA,0.958112159820233,1,0.0105377610867219,NA,0.0972575231414082,0,0.0355554907417338,-0.00508017718374629,0.00829749408691722,0.262756281407035,0,"S6","null",500,70,0.500915658514495,87.0439033214271,0,0.4,0.1,"none",0,39,0
0.186033078145553,0.0226278164587664,0.999999948151712,1,0.080880781022973,NA,0.808327229911736,0,0.00951221988907289,NA,0.0951450072378464,0,0.00822662420485553,-0.00825070826677374,0.00582644126591183,0.122010050251256,0,"S6","null",500,70,0.500915658514495,94.2426517108674,0,0.4,0.1,"none",0,40,0
0.159213786635447,-0.00395430800143705,0.999993037873518,1,0.000279603325619646,NA,0.00357612619664538,0,0.0012664072408499,NA,0.036985252037985,0,-0.000899907564092524,0.00219536760416167,0.00232724640740248,0.0490552763819095,0,"S6","null",500,70,0.500915658514495,85.7372827022403,0,0.4,0.1,"none",0,41,0
0.190822003473593,0.00543670808820335,0.99999998941268,1,0.0692064537894976,NA,0.713715561390824,0,0.00607430244949457,NA,0.065865740765487,0,-6.64985388636268e-05,0.012162711816416,0.00830020960966856,0.152241206030151,0,"S6","null",500,70,0.500915658514495,76.2362799143961,0,0.4,0.1,"none",0,42,0
0.257970765892241,0.00155795110518286,0.999999999982946,1,0.192397477683656,NA,0.988686837562006,1,0.0391524471713699,NA,0.217701931089907,0,0.0825412249841622,-0.0355524005937053,0.0174036102985987,0.492072864321608,0,"S6","null",500,70,0.500915658514495,56.8136482975143,0,0.4,0.1,"none",0,43,0
0.218071172652,0.0112557060700905,0.999999999672122,1,0.0520412626547162,NA,0.586614676761561,0,0.00152787133928056,NA,0.0383795382532621,0,0.00994995859295787,0.00747561791876707,0.00629208830267834,0.135042713567839,0,"S6","null",500,70,0.500915658514495,82.3403568847602,0,0.4,0.1,"none",0,44,0
0.20206930306947,-0.0108786424742068,0.999999999247756,1,0.0767838757105752,NA,0.820183339016248,0,0.00425586585468892,NA,0.0601898490957189,0,0.00673307260242929,0.000946992879261027,0.00268298201128407,0.0776909547738694,0,"S6","null",500,70,0.500915658514495,95.8587907193909,0,0.4,0.1,"none",0,45,0
0.172020527873934,0.0216981273504867,0.999999953811986,1,0.112963116382823,NA,0.968076311760357,1,0.0421603270094899,NA,0.338191512473627,0,0.100493251372801,0.0272363259210384,0.0186129910953083,0.698494974874372,1,"S6","null",500,70,0.500915658514495,113.666522812129,0,0.4,0.1,"none",0,46,0
0.156833437632335,-0.0202964801116321,0.9999908772297,1,0.106532767896668,NA,0.921603977904756,0,0.00857184533002893,NA,0.085133531139633,0,0.0107277155759173,-0.00712435377578732,0.00661306636756808,0.134959798994975,0,"S6","null",500,70,0.500915658514495,89.8546011848326,0,0.4,0.1,"none",0,47,0
0.180724814293097,0.0255488662117844,0.999999073254314,1,0.052174768948077,NA,0.583409667872688,0,0.00201503853785738,NA,0.0408298344589385,0,0.00579566407917185,-0.000992868877378827,0.00262830182911038,0.0712814070351759,0,"S6","null",500,70,0.500915658514495,82.5712989005598,0,0.4,0.1,"none",0,48,0
0.203922919611029,0.0135529059519908,0.999999997157496,1,0.120340028895464,NA,0.959601655596181,1,0.0253437967269562,NA,0.208154757817318,0,0.0458155443647353,0.0156204693733844,0.0147005311758285,0.349964824120603,0,"S6","null",500,70,0.500915658514495,104.663717425707,0,0.4,0.1,"none",0,49,0
0.21700229642167,-0.0211916938732955,0.999999999753665,1,0.118257133175585,NA,0.964612259044179,1,0.0261651242482486,NA,0.21396843947115,0,0.0861944841865763,0.026321499677268,0.0174535942378242,0.609718592964824,1,"S6","null",500,70,0.500915658514495,115.156583384219,0,0.4,0.1,"none",0,50,0
0.189360424076608,0.0183717268617623,0.99999995894178,1,0.0255988072748397,NA,0.315679656514322,0,0.00207410369332405,NA,0.041303595787515,0,8.57902740519529e-05,0.000322195777064857,0.00167854567377699,0.0372537688442211,0,"S6","null",500,70,0.500915658514495,83.497264141565,0,0.4,0.1,"none",0,51,0
0.237796940832773,0.00799984689620366,0.999999999999737,1,0.155628781572135,NA,0.986884470386852,1,0.0142482690527765,NA,0.122067716320905,0,0.0950583715763352,-0.00438980988929122,0.0133885449943909,0.553329145728643,1,"S6","null",500,70,0.500915658514495,75.3279428268429,0,0.4,0.1,"none",0,52,0
0.204964458159652,0.00904060381477249,0.999999999742002,1,0.122677620693293,NA,0.963567274226638,1,0.011319228059694,NA,0.103340521862913,0,0.0251613911702593,-0.00515974128860259,0.00694801189972153,0.214251256281407,0,"S6","null",500,70,0.500915658514495,88.4236659696942,0,0.4,0.1,"none",0,53,0
0.224155249364392,-0.0288675462324592,0.999999999963756,1,0.12558281927867,NA,0.94926575977134,0,0.0211175585931707,NA,0.159151351582847,0,0.0218727651866212,-0.00845586703935572,0.00838776558624945,0.188804020100503,0,"S6","null",500,70,0.500915658514495,78.078264599219,0,0.4,0.1,"none",0,54,0
0.14048615022076,0.00169140946158015,0.999958767737765,1,0.0108797894084853,NA,0.144921940740088,0,0.000748425219927022,NA,0.0341103769692821,0,0.00176715143150184,0.00069379660064526,0.00221765195322877,0.0422638190954774,0,"S6","null",500,70,0.500915658514495,94.7397791987059,0,0.4,0.1,"none",0,55,0
0.254324803951687,0.0172831678385912,0.999999999999639,1,0.129450311696517,NA,0.960205109909533,1,0.0451439608283186,NA,0.301267566967882,0,0.0365530505061468,-0.00330737049626339,0.0105473848761772,0.264047738693467,0,"S6","null",500,70,0.500915658514495,93.9774197223645,0,0.4,0.1,"none",0,56,0
0.238637223291051,0.0179107637668521,0.99999999999758,1,0.170759119054744,NA,0.994442125641697,1,0.0455677131366484,NA,0.296581219744502,0,0.0709862525119223,-0.0224094032935496,0.0170999188294474,0.470336683417085,0,"S6","null",500,70,0.500915658514495,82.1293637903115,0,0.4,0.1,"none",0,57,0
0.192556715217052,-0.00195386763238775,0.999999966829893,1,0.0647373095778371,NA,0.657345827784635,0,0.00211107892324562,NA,0.0402623427821589,0,0.0195011419847906,0.0196664700711421,0.00957872862892443,0.221824120603015,0,"S6","null",500,70,0.500915658514495,66.4595577007288,0,0.4,0.1,"none",0,58,0
0.249068106851233,0.0289978552526009,0.999999999999934,1,0.185326244737582,NA,0.994234870967241,1,0.0552398482404605,NA,0.329476279726531,0,0.136689133592119,0.0126482407126257,0.015678784543364,0.697974874371859,1,"S6","null",500,70,0.500915658514495,69.5122879298167,0,0.4,0.1,"none",0,59,0
0.146568025447113,-0.0164531480476248,0.99998368698781,1,-0.00146931744277981,NA,0.0177718469252546,0,0.000554909885934544,NA,0.0333195204052732,0,-0.0323419783720678,-0.0522117504130956,0.015737125528307,0.428354271356784,0,"S6","null",500,70,0.500915658514495,68.8673270963228,0,0.4,0.1,"none",0,60,0
0.207783484394486,-0.00280823047486386,0.999999997734438,1,0.161660687178209,NA,0.992868734726578,1,0.0336938419456541,NA,0.231870013719198,0,0.16110128716034,-0.0796963152539216,0.0077713120237629,0.943552763819095,1,"S6","null",500,70,0.500915658514495,88.8155764233059,0,0.4,0.1,"none",0,61,0
0.215527543725327,0.0178500462765605,0.999999999311209,1,0.0909353418838726,NA,0.865498970150843,0,0.0117447877677369,NA,0.108905752650922,0,0.0238051951727661,0.00907533668743402,0.00751439124279335,0.213047738693467,0,"S6","null",500,70,0.500915658514495,90.384425360877,0,0.4,0.1,"none",0,62,0
0.250844650574934,-0.0207144619103732,0.999999999981253,1,0.0785934243789448,NA,0.745836177729515,0,0.00286136259134245,NA,0.0440817047662852,0,0.0426914983153391,-0.0272145306069709,0.0112040302315616,0.345879396984925,0,"S6","null",500,70,0.500915658514495,77.02677713621,0,0.4,0.1,"none",0,63,0
0.190128492589286,-0.0246766194149439,0.999999999536736,1,0.0665856146985376,NA,0.751242320691314,0,0.00356411002613271,NA,0.0554510790646195,0,0.00237084524380798,-0.00112244449473938,0.00234024846478457,0.0464045226130653,0,"S6","null",500,70,0.500915658514495,86.5317387882404,0,0.4,0.1,"none",0,64,0
0.209942732627039,0.00505647819085281,0.999999991256516,1,0.136763058481618,NA,0.968918517136625,1,0.0391844571031843,NA,0.261883926689918,0,0.0948847740410014,0.0101408995151811,0.0142230151674669,0.567195979899497,1,"S6","null",500,70,0.500915658514495,90.8672951060471,0,0.4,0.1,"none",0,65,0
0.177649273733885,0.00818965588137521,0.999999797349025,1,0.0596560569342007,NA,0.673113494764102,0,0.00320574336747815,NA,0.0499951651974855,0,0.00724336564308106,0.00472006443531487,0.00387937998365191,0.0918492462311558,0,"S6","null",500,70,0.500915658514495,83.7564521554617,0,0.4,0.1,"none",0,66,0
0.167170395622637,-0.007818815914167,0.99999982702751,1,0.00647315908093032,NA,0.0870616164723028,0,1.22003746390685e-05,NA,0.0324158227739654,0,0.000690244176305005,-0.00308145805864779,0.00279081376448503,0.0564547738693467,0,"S6","null",500,70,0.500915658514495,76.9261193133066,0,0.4,0.1,"none",0,67,0
0.19720002649664,0.0112229401303765,0.999999995155634,1,0.0796519879541233,NA,0.79681224553243,0,0.00343877858797724,NA,0.0504950928025688,0,0.0132255892623422,0.00705450293343768,0.00532508653459082,0.150748743718593,0,"S6","null",500,70,0.500915658514495,77.7252927382493,0,0.4,0.1,"none",0,68,0
0.128624083749734,0.00202085853430532,0.999550091555236,1,-0.0231702057066127,NA,0.289392176470159,0,-0.000143683712621107,NA,0.0324768536273071,0,-0.00420078346441339,0.00215177381318352,0.00296349526692775,0.0667688442211055,0,"S6","null",500,70,0.500915658514495,77.8938476803641,0,0.4,0.1,"none",0,69,0
0.214491878717211,0.0296758104464287,0.999999999735399,1,0.0608983504193651,NA,0.662092846266957,0,0.00100247457261045,NA,0.034992374560959,0,0.00264880978083258,0.000616880108759955,0.00237251411700411,0.0446030150753769,0,"S6","null",500,70,0.500915658514495,94.3770381576277,0,0.4,0.1,"none",0,70,0
0.241317499808839,0.00745354185829553,0.999999999929896,1,0.0593158411216294,NA,0.602400628079824,0,0.00375845224906237,NA,0.0511551854473003,0,0.00494645663244286,-0.000804710709821557,0.00237238858731198,0.0610804020100503,0,"S6","null",500,70,0.500915658514495,69.5879136396952,0,0.4,0.1,"none",0,71,0
0.21471783416025,0.0097602874623687,0.999999999969325,1,0.158362922484766,NA,0.995082297168586,1,0.0482289694466683,NA,0.332336558099593,0,0.208035394026528,-0.00076439955059601,0.00615537655686596,0.97605527638191,1,"S6","null",500,70,0.500915658514495,100.439521714145,0,0.4,0.1,"none",0,72,0
0.144890963070373,0.000790472653404059,0.999924267599436,1,0.0283467804811319,NA,0.342830035166192,0,0.00247578126899933,NA,0.0435125839805387,0,0.00102378738441187,-0.00171610777478897,0.0020817343222352,0.046535175879397,0,"S6","null",500,70,0.500915658514495,73.2323563535916,0,0.4,0.1,"none",0,73,0
0.137708001212233,0.0135266916959428,0.999804571515455,1,0.014141928370597,NA,0.182487431640881,0,0.000269648367044153,NA,0.0326636482264266,0,0.000660224899189834,0.00317841438474449,0.00253604731078792,0.0535804020100503,0,"S6","null",500,70,0.500915658514495,87.8372978984889,0,0.4,0.1,"none",0,74,0
0.19620094916238,0.0193370557056001,0.999999933407221,1,0.0906104907636879,NA,0.821855125069954,0,0.0124293332950131,NA,0.107281932921589,0,0.0238077737861325,0.0215996028176838,0.00951368601830448,0.241532663316583,0,"S6","null",500,70,0.500915658514495,72.7721432988512,0,0.4,0.1,"none",0,75,0
0.188762754916632,-0.00223090335930464,0.999999988149626,1,0.0590647409015329,NA,0.712653818276474,0,0.00138010978276325,NA,0.0379436078021762,0,0.0567514135859142,-0.0397525131894607,0.0172045632032227,0.552924623115578,1,"S6","null",500,70,0.500915658514495,90.3220738437461,0,0.4,0.1,"none",0,76,0
0.187927624643477,-0.00962851435189293,0.999999982057674,1,0.129292043834617,NA,0.968662738161004,1,0.0124148743941452,NA,0.10990115191844,0,0.134146368848797,-0.0319119990846037,0.0124926519996288,0.775595477386935,1,"S6","null",500,70,0.500915658514495,91.4567800940786,0,0.4,0.1,"none",0,77,0
0.187996640508073,0.0193627807724842,0.999999944192026,1,0.111188547623312,NA,0.931552732261883,0,0.00276584022667037,NA,0.0457954344741943,0,0.0701948700098353,0.0166247928098291,0.0171695521302035,0.466223618090452,0,"S6","null",500,70,0.500915658514495,87.8140660430345,0,0.4,0.1,"none",0,78,0
0.222000759238124,-0.00274671801931908,0.999999999955405,1,0.122136226473175,NA,0.952093179280145,1,0.0404634289896044,NA,0.282073480328917,0,0.0254025997018612,0.0114535593660214,0.00954075081751498,0.221022613065327,0,"S6","null",500,70,0.500915658514495,84.4998539818851,0,0.4,0.1,"none",0,79,0
0.174377851660213,0.00842613686763643,0.999999269635416,1,0.160120289728017,NA,0.989491088555164,1,0.0228052310858021,NA,0.170095805385127,0,0.138283530121665,-0.0255463116573402,0.0204776777847826,0.747336683417085,1,"S6","null",500,70,0.500915658514495,86.9741226869396,0,0.4,0.1,"none",0,80,0
0.164212708293626,-0.0246220804216225,0.999998619809363,1,0.024981076213511,NA,0.32524752514726,0,0.000478278574045578,NA,0.0331677262211868,0,-0.000533539108776802,0.00357566116052921,0.00266173859001718,0.0591356783919598,0,"S6","null",500,70,0.500915658514495,85.4199561712771,0,0.4,0.1,"none",0,81,0
0.159832070007352,0.0033564142284649,0.999985230093728,1,0.0889799072200795,NA,0.840967903259041,0,0.00567099412931221,NA,0.0652322917983463,0,0.00882647579440917,-0.000199728952189042,0.00360207097730074,0.0917010050251256,0,"S6","null",500,70,0.500915658514495,82.8490835726377,0,0.4,0.1,"none",0,82,0
0.196239173196119,0.0162033844021745,0.999999997102197,1,0.0842034302657932,NA,0.833899703385323,0,0.00919723699087318,NA,0.0960484864364866,0,0.0134323379681566,-0.00156938015187311,0.0049400568825007,0.126211055276382,0,"S6","null",500,70,0.500915658514495,77.7869018932075,0,0.4,0.1,"none",0,83,0
0.204483177069712,0.0166815556182227,0.999999996990471,1,0.0964183540245326,NA,0.856606770158802,0,0.00591472790854276,NA,0.0682247224408292,0,0.0231216805067894,0.00159284361441096,0.00802943894632225,0.178871859296482,0,"S6","null",500,70,0.500915658514495,77.804700196173,0,0.4,0.1,"none",0,84,0
0.160888166931663,0.0152791949508617,0.999996925191182,1,0.0541152274176409,NA,0.67136660264918,0,0.00131122967411719,NA,0.0378851683755993,0,0.00340752906537517,0.00221338497361736,0.00346899898745121,0.0615050251256281,0,"S6","null",500,70,0.500915658514495,113.845786577742,0,0.4,0.1,"none",0,85,0
0.157579755496748,0.00551326503894303,0.999995065750802,1,0.0470937737895211,NA,0.557405893844152,0,0.00189902805047104,NA,0.0399450518375976,0,0.00974960910548501,-0.00773987414248046,0.00526918401763013,0.129188442211055,0,"S6","null",500,70,0.500915658514495,77.4572837764831,0,0.4,0.1,"none",0,86,0
0.210345396438354,-0.0230383017999525,0.999999999853427,1,0.100706513462423,NA,0.936655667605081,0,0.0096987240617207,NA,0.101725152606479,0,0.0630811478142534,-0.0403738834700791,0.0168954882006718,0.544424623115578,1,"S6","null",500,70,0.500915658514495,99.4311576985702,0,0.4,0.1,"none",0,87,0
0.231157903857289,-0.00734252224632757,0.999999999977007,1,0.113647579549857,NA,0.902344314026768,0,0.0242124125689271,NA,0.172968340422338,0,0.0242577080361919,0.00206432482481596,0.00884309682676923,0.182645728643216,0,"S6","null",500,70,0.500915658514495,62.0640446609886,0,0.4,0.1,"none",0,88,0
0.23362191062427,-0.0199231514696818,0.999999999998137,1,0.137316123274743,NA,0.971057869900216,1,0.0279442492402909,NA,0.201048385236641,0,0.178021656661271,0.0110728380613457,0.0130745830302529,0.883510050251256,1,"S6","null",500,70,0.500915658514495,77.9259434728649,0,0.4,0.1,"none",0,89,0
0.1931762457935,0.0184024741674166,0.999999936057979,1,0.100799248601025,NA,0.893698588345062,0,0.00681568544926814,NA,0.0734644881681473,0,0.0894128127430682,0.0827328033745177,0.0174826509331212,0.8233391959799,1,"S6","null",500,70,0.500915658514495,95.7618122850703,0,0.4,0.1,"none",0,90,0
0.151178952559834,-0.0159655201633153,0.999989514429902,1,0.113922958406644,NA,0.958552717596808,1,0.0115276355056804,NA,0.112386433015218,0,0.025618208436469,-0.00601231787032878,0.00922309865453513,0.223326633165829,0,"S6","null",500,70,0.500915658514495,104.546948903202,0,0.4,0.1,"none",0,91,0
0.195459181459974,-0.0298038970848461,0.999999999127391,1,0.0578445562753036,NA,0.6559218434926,0,0.00124557145256625,NA,0.0364727024250404,0,0.00144154354238471,0.000755757250733518,0.00154509560775486,0.0397412060301508,0,"S6","null",500,70,0.500915658514495,84.0402614494991,0,0.4,0.1,"none",0,92,0
0.253146288762678,-0.00150456402906043,1,1,0.19441976757396,NA,0.998845481422642,1,0.137719307281725,NA,0.708815860652947,1,0.161143792077796,-0.0534358865147029,0.0126696117524465,0.89728391959799,1,"S6","null",500,70,0.500915658514495,80.2095472004682,0,0.4,0.1,"none",0,93,0
0.167402572345975,0.0130331073243868,0.999999839060126,1,0.074408168458766,NA,0.797207476725924,0,0.00413576707192652,NA,0.0579412019605188,0,0.0664575502664002,-0.0211068067252744,0.0178079162802445,0.489974874371859,0,"S6","null",500,70,0.500915658514495,100.068517346575,0,0.4,0.1,"none",0,94,0
0.173784947175306,-0.0356417759293111,0.999999984130982,1,0.0814544443802527,NA,0.830626984878561,0,0.00720735615255345,NA,0.0784479655389467,0,0.0122759744507316,0.0021579019397778,0.00422006486771313,0.117969849246231,0,"S6","null",500,70,0.500915658514495,80.2881053176544,0,0.4,0.1,"none",0,95,0
0.243863215193157,0.0111350504391894,0.999999999996313,1,0.14749593551525,NA,0.981527600248505,1,0.0356461284299457,NA,0.24549501934463,0,0.0523582037716335,-0.00734640721362229,0.0139756431713343,0.345251256281407,0,"S6","null",500,70,0.500915658514495,90.0776070241968,0,0.4,0.1,"none",0,96,0
0.195170097427224,-0.0229988371444615,0.999999902714217,1,0.0293806622008244,NA,0.33710318168414,0,0.0013818125174865,NA,0.0367004966947088,0,0.00409846199095021,0.0025902372117735,0.00329277394761361,0.0636105527638191,0,"S6","null",500,70,0.500915658514495,75.4892646187035,0,0.4,0.1,"none",0,97,0
0.170710918292973,-0.0154201732222864,0.999999657243668,1,0.0597398744268132,NA,0.705985030747645,0,0.00201033508110286,NA,0.0423096619086662,0,0.00438535634689573,-0.00209787861153697,0.00279615267822668,0.0680778894472362,0,"S6","null",500,70,0.500915658514495,88.8736983455967,0,0.4,0.1,"none",0,98,0
0.200115956344768,-0.0291532736703334,0.999999945977086,1,0.0669555921106605,NA,0.662752815404667,0,0.00399374036458449,NA,0.0526040047722451,0,-0.000350473158643486,0.00112675862507732,0.00193921770877838,0.035891959798995,0,"S6","null",500,70,0.500915658514495,69.1904001209967,0,0.4,0.1,"none",0,99,0
0.18496735732637,0.0106159419085729,0.999999965187713,1,0.103500412910932,NA,0.888971603531699,0,0.0419874655739533,NA,0.272227048866693,0,0.0176009855403629,0.00856950226322963,0.00752601018700548,0.183766331658291,0,"S6","null",500,70,0.500915658514495,67.1073154211809,0,0.4,0.1,"none",0,100,0
0.229668930871771,0.0116690489887456,0.999999999846291,1,0.0942059943526159,NA,0.869372722547645,0,0.00794215601862928,NA,0.0793454929991901,0,0.00789019578503815,-0.00283692782057964,0.00358064917236543,0.0852964824120603,0,"S6","null",500,70,0.500915658514495,77.162819221714,0,0.2,0.3,"none",0,1,0
0.216468701817457,0.00175216114135588,0.999999999584343,1,0.153162718860601,NA,0.981992777619039,1,0.0265078351607903,NA,0.188765521306334,0,0.119530521649149,-0.00106838566949302,0.0158922233305627,0.636062814070352,1,"S6","null",500,70,0.500915658514495,70.9579921162685,0,0.2,0.3,"none",0,2,0
0.215755395171731,-0.028044989938374,0.999999999913545,1,0.112777474861455,NA,0.946480398648092,0,0.0196357681732144,NA,0.160430336986752,0,0.0380091750858553,0.0171496477391446,0.0161586509186556,0.329045226130653,0,"S6","null",500,70,0.500915658514495,113.935337588437,0,0.2,0.3,"none",0,3,0
0.148193203783873,0.0286188794135504,0.999967192639378,1,0.104540752651518,NA,0.913794520165516,0,0.0095353210640252,NA,0.0898314304473243,0,0.126802324047424,0.123917457778654,0.00854152724942751,0.945859296482412,1,"S6","null",500,70,0.500915658514495,86.8492201560733,0,0.2,0.3,"none",0,4,0
0.165237688549502,0.0111192926651411,0.999995915758542,1,0.0654723793042766,NA,0.704766207943073,0,0.00301907543500236,NA,0.0471941060530424,0,0.0231843358167784,0.00710371701881351,0.0091875061715583,0.194665829145729,0,"S6","null",500,70,0.500915658514495,83.8057041134193,0,0.2,0.3,"none",0,5,0
0.157982277337976,-0.00289500107351826,0.999991291910414,1,0.162681338790147,NA,0.996166480987136,1,0.011027844171355,NA,0.106326902489298,0,0.188521723254514,0.0201954366453211,0.0116584313180878,0.931947236180904,1,"S6","null",500,70,0.500915658514495,98.6230440241269,0,0.2,0.3,"none",0,6,0
0.172923713884651,0.0123914081680093,0.99998180750933,1,0.101781031001576,NA,0.879134506383795,0,0.00669350969814438,NA,0.0705376647803475,0,0.0100037457319162,0.00048960336718954,0.00459444585102889,0.0938417085427136,0,"S6","null",500,70,0.500915658514495,82.0771663451815,0,0.2,0.3,"none",0,7,0
0.259297524909153,0.00437447911018741,0.999999999999996,1,0.190369657866903,NA,0.999217829025768,1,0.121486011486344,NA,0.680350854665982,1,0.244821499236154,-0.0146370618439788,0.00133154003710965,0.997753768844221,1,"S6","null",500,70,0.500915658514495,88.0166402110686,0,0.2,0.3,"none",0,8,0
0.258782578595621,0.0316155141522124,0.999999999999987,1,0.116660400367592,NA,0.924887090437433,0,0.0139177552668813,NA,0.112611334396884,0,0.0246766190362083,0.00737655010505938,0.00841666769219357,0.192376884422111,0,"S6","null",500,70,0.500915658514495,73.1714908001265,0,0.2,0.3,"none",0,9,0
0.156230321382952,0.0116993121150586,0.999972288892804,1,0.0631228639667838,NA,0.698128215460661,0,0.0011094872675991,NA,0.0355371840640756,0,0.00484310939645103,0.00109781930701201,0.00309845899228021,0.063537688442211,0,"S6","null",500,70,0.500915658514495,86.9091052380157,0,0.2,0.3,"none",0,10,0
0.246141132952198,0.0113376417800468,0.999999999999,1,0.138939118058045,NA,0.98302878773514,1,0.0291471488333042,NA,0.220001761837746,0,0.1775383817697,0.0594767416863737,0.00893579860887813,0.936168341708543,1,"S6","null",500,70,0.500915658514495,101.508627536914,0,0.2,0.3,"none",0,11,0
0.198164257048364,-0.00249779157983051,0.999999993502314,1,0.0761015310427166,NA,0.76601988965474,0,0.00820225237010495,NA,0.0840057176114374,0,0.00414899788513028,0.00122054953515026,0.00253229254472586,0.0589673366834171,0,"S6","null",500,70,0.500915658514495,69.0866217155727,0,0.2,0.3,"none",0,12,0
0.225606912337815,-0.00278592170581147,0.999999999857188,1,0.201315113028116,NA,0.998847935869243,1,0.0791769609523486,NA,0.434337320069237,0,0.263428108168183,-0.0166593679580583,0.00283907367091828,0.991912060301508,1,"S6","null",500,70,0.500915658514495,94.3375614173213,0,0.2,0.3,"none",0,13,0
0.159988628937837,-0.0201625464364681,0.999993705047632,1,0.151526199338458,NA,0.9808676519914,1,0.025626662676963,NA,0.190422937702812,0,0.140971356256597,-0.120551084684385,0.00774966485580205,0.94920351758794,1,"S6","null",500,70,0.500915658514495,87.0800805608406,0,0.2,0.3,"none",0,14,0
0.28039909854859,0.00898670787077805,0.999999999999981,1,0.217123937784472,NA,0.998519572852456,1,0.0861564489941098,NA,0.431868182393837,0,0.267244851268966,-0.0557535161592001,0.00335528761079246,0.993143216080402,1,"S6","null",500,70,0.500915658514495,77.2809598830334,0,0.2,0.3,"none",0,15,0
0.154020166225017,-0.00198503468606347,0.999995591356117,1,0.0790500879222356,NA,0.823373077631066,0,0.00263504362938975,NA,0.0457809085706214,0,0.0131714013990343,-0.00461036895326217,0.00579219350319566,0.132427135678392,0,"S6","null",500,70,0.500915658514495,90.2382811093168,0,0.2,0.3,"none",0,16,0
0.217041353473139,-0.0177167427044277,0.999999999532472,1,0.137238353615083,NA,0.969565611509847,1,0.024658521350418,NA,0.18386231927407,0,0.131501384295206,-0.0579701462969221,0.0149712497393339,0.779263819095477,1,"S6","null",500,70,0.500915658514495,84.1460019462845,0,0.2,0.3,"none",0,17,0
0.216372805407275,-0.0350100528893174,0.999999999219024,1,0.112328365958513,NA,0.90882525027612,0,0.0117313530444595,NA,0.102122404397655,0,0.0775323669382127,-0.040718422059694,0.0152394170074127,0.541326633165829,1,"S6","null",500,70,0.500915658514495,81.3913947871178,0,0.2,0.3,"none",0,18,0
0.22517512990006,0.0130468861150558,0.999999999972687,1,0.121557438945821,NA,0.949677396212112,0,0.00948996940439274,NA,0.0913831353936555,0,0.0783483075259281,0.00979349154061821,0.0148947123843758,0.489424623115578,0,"S6","null",500,70,0.500915658514495,77.4442220204187,0,0.2,0.3,"none",0,19,0
0.196432820350347,-0.00396891536538903,0.999999996451395,1,0.0578033940249407,NA,0.675145570576861,0,0.0019783415845911,NA,0.0418079464300195,0,0.0206324826660465,-0.0107952239421117,0.00884328393412914,0.207542713567839,0,"S6","null",500,70,0.500915658514495,85.921295970396,0,0.2,0.3,"none",0,20,0
0.213539719848854,-0.0132841241134375,0.999999999944086,1,0.136785248006223,NA,0.979410093086704,1,0.0155662821254139,NA,0.131834803474392,0,0.0893493367719732,0.0146381860312349,0.015067276970802,0.551394472361809,1,"S6","null",500,70,0.500915658514495,95.4549676294375,0,0.2,0.3,"none",0,21,0
0.196811461249219,0.00499198953391742,0.99999998380363,1,0.0972468621323673,NA,0.910061522620446,0,0.00783608613861355,NA,0.0882454055799686,0,0.0536150225335712,-0.0030180472981377,0.0119588285615344,0.391404522613065,0,"S6","null",500,70,0.500915658514495,108.006258603653,0,0.2,0.3,"none",0,22,0
0.198962325973898,0.0325724399172011,0.999999999251661,1,0.0716476801654782,NA,0.756013469461673,0,0.00219564200845713,NA,0.0424829214370803,0,0.03412514663926,0.0326032559312014,0.0138657143258867,0.327927135678392,0,"S6","null",500,70,0.500915658514495,83.7199825429672,0,0.2,0.3,"none",0,23,0
0.180190668259117,-0.00260569505796966,0.999999604027179,1,0.0964090395046688,NA,0.90412872311078,0,0.00489283001046784,NA,0.0636171318509712,0,0.0827997931466358,0.00428115143518661,0.0165179170129509,0.522311557788945,1,"S6","null",500,70,0.500915658514495,92.8488963517276,0,0.2,0.3,"none",0,24,0
0.25056832556702,-0.00364184519359041,0.999999999999269,1,0.159550413228841,NA,0.972244048459515,1,0.0192956222521778,NA,0.1347106101652,0,0.0137176262860733,0.00027091670515382,0.00439470157079539,0.111645728643216,0,"S6","null",500,70,0.500915658514495,53.7762379490779,0,0.2,0.3,"none",0,25,0
0.226190424455141,0.0027169535543379,0.999999998055537,1,0.0950160228790647,NA,0.852395124003098,0,0.0185816509947972,NA,0.143903502252422,0,0.0094134388002872,-0.010680812449114,0.00634424962284288,0.151587939698492,0,"S6","null",500,70,0.500915658514495,79.185313763605,0,0.2,0.3,"none",0,26,0
0.202879908563985,0.0076343437707323,0.999999999824333,1,0.157763206580389,NA,0.997356247973685,1,0.0809690135011702,NA,0.522520888416191,1,0.181243983656483,0.0649799084625033,0.00679491620924191,0.963082914572864,1,"S6","null",500,70,0.500915658514495,105.479801174632,0,0.2,0.3,"none",0,27,0
0.236284566784403,-0.00647146389640134,0.999999999997751,1,0.164557588757959,NA,0.988050627650702,1,0.0333243256100864,NA,0.219235771869356,0,0.101041527551962,-0.000252881578764725,0.0223686694188383,0.553977386934673,1,"S6","null",500,70,0.500915658514495,78.8453725927193,0,0.2,0.3,"none",0,28,0
0.21497082182748,-0.0176217701232672,0.999999999898366,1,0.161558955117902,NA,0.995285790574882,1,0.159086771920649,NA,0.842060337772865,1,0.151931773164316,-0.0230904756744763,0.0148034522733655,0.827613065326633,1,"S6","null",500,70,0.500915658514495,92.3172853182032,0,0.2,0.3,"none",0,29,0
0.21629373983386,-0.00882900366423114,0.999999999686104,1,0.126373754872826,NA,0.964971381294198,1,0.014288864206727,NA,0.127371078604102,0,0.187990400805486,0.0807405275513577,0.00693887877435802,0.944027638190955,1,"S6","null",500,70,0.500915658514495,89.0147642170824,0,0.2,0.3,"none",0,30,0
0.20140527593677,-0.020070546547248,0.999999999944418,1,0.100470088790079,NA,0.932311744550422,0,0.0165433475398655,NA,0.15443499989355,0,0.00880636502064241,-0.00313804263084426,0.00495806447650559,0.104786432160804,0,"S6","null",500,70,0.500915658514495,108.724543275403,0,0.2,0.3,"none",0,31,0
0.217737463780498,-0.00952147003013593,0.999999999256629,1,0.0849914568629503,NA,0.804257023218201,0,0.00468644385859672,NA,0.0574588111854366,0,0.00288659058501381,0.00112393294411975,0.00186846445586681,0.0506809045226131,0,"S6","null",500,70,0.500915658514495,75.4619535277935,0,0.2,0.3,"none",0,32,0
0.190925238270249,0.0177470241864948,0.999999911058242,1,0.0899650174868678,NA,0.840174749715636,0,0.0199738617467723,NA,0.15508220501795,0,0.00344032316964387,0.000538996341772742,0.00218022019133296,0.055464824120603,0,"S6","null",500,70,0.500915658514495,84.3862869120606,0,0.2,0.3,"none",0,33,0
0.212361892139977,0.0188298217074868,0.999999990392553,1,0.104219848645627,NA,0.86382418457776,0,0.00799984418112071,NA,0.0770646568126513,0,0.00946587513634918,0.00853793254446542,0.00440799673954399,0.121110552763819,0,"S6","null",500,70,0.500915658514495,77.4722723346689,0,0.2,0.3,"none",0,34,0
0.25181370894295,-0.0105382718294704,0.999999999999867,1,0.135497641510111,NA,0.962426544285857,1,0.0212495311479768,NA,0.15205035251683,0,0.0932157762053556,-0.0471877148397876,0.0151414763026013,0.583484924623116,1,"S6","null",500,70,0.500915658514495,68.9500120173765,0,0.2,0.3,"none",0,35,0
0.143107446931956,0.0108100143625555,0.999865799312563,1,0.0813331095014838,NA,0.827588812894162,0,0.00403882356047793,NA,0.0574234771041027,0,0.0193144964026338,0.00418738610692853,0.00728380224788178,0.169482412060302,0,"S6","null",500,70,0.500915658514495,95.9062764212836,0,0.2,0.3,"none",0,36,0
0.280171658803592,-0.00118665259187419,0.999999999999998,1,0.20076937400732,NA,0.999218703773055,1,0.135386558289065,NA,0.712362620351228,1,0.226823372849582,-0.00165267179330831,0.00463853045666553,0.985439698492462,1,"S6","null",500,70,0.500915658514495,113.050598559047,0,0.2,0.3,"none",0,37,0
0.264291031051275,0.0182207497841204,0.999999999999637,1,0.208219915354641,NA,0.999104459871221,1,0.208310561804759,NA,0.936233955495449,1,0.20858397098336,0.00614291538671325,0.0143348718168481,0.926595477386935,1,"S6","null",500,70,0.500915658514495,85.3494995274924,0,0.2,0.3,"none",0,38,0
0.210651998122263,-0.0425197515068612,0.999999999931562,1,0.0850510940050128,NA,0.845933255296236,0,0.00376307527229921,NA,0.0547657696536759,0,0.0225480557322807,-0.0195729359939858,0.00955162919678194,0.238736180904523,0,"S6","null",500,70,0.500915658514495,94.9188896003934,0,0.2,0.3,"none",0,39,0
0.211729957804883,0.0264634343005669,0.999999999684185,1,0.104123839190944,NA,0.908430858014555,0,0.0104221116964985,NA,0.100967429995142,0,0.0138700659327975,0.00261128545225404,0.00442010984632436,0.128025125628141,0,"S6","null",500,70,0.500915658514495,76.5368360741519,0,0.2,0.3,"none",0,40,0
0.144196278388139,0.0248600534570199,0.999838883547587,1,0.0471134865593681,NA,0.517458597695772,0,0.00305483693403142,NA,0.0469241776925534,0,0.0087191886908046,0.00468860191104578,0.00383004915365919,0.0962964824120603,0,"S6","null",500,70,0.500915658514495,83.1762740637029,0,0.2,0.3,"none",0,41,0
0.236013923964546,-0.0100698471018443,0.999999999994921,1,0.256156418995117,NA,0.99995818782078,1,0.270806332630684,NA,0.996702321322624,1,0.255440428340467,-0.00907440998012491,0.00119306230093292,0.998145728643216,1,"S6","null",500,70,0.500915658514495,82.7516306105517,0,0.2,0.3,"none",0,42,0
0.185178950217156,0.00787483316452269,0.999999845861222,1,0.114715976803541,NA,0.931648988945357,0,0.0184104282360618,NA,0.143065140671805,0,0.0560746801525697,1.92040377674516e-05,0.0148443457539423,0.363871859296482,0,"S6","null",500,70,0.500915658514495,80.3284578336011,0,0.2,0.3,"none",0,43,0
0.249328008523439,0.0215194269517003,0.999999999998939,1,0.186571157253025,NA,0.997365054577368,1,0.027530921555643,NA,0.199409210248867,0,0.129092708668656,0.0358335008753366,0.0156856313778864,0.739806532663317,1,"S6","null",500,70,0.500915658514495,80.6552903531228,0,0.2,0.3,"none",0,44,0
0.233736464442561,0.0188693352823233,0.999999999978306,1,0.114530322756896,NA,0.920313713685929,0,0.00728583020037069,NA,0.0759125520445744,0,0.00994951550284928,-0.00243508953867406,0.00426454690052872,0.0997939698492462,0,"S6","null",500,70,0.500915658514495,87.6620660328545,0,0.2,0.3,"none",0,45,0
0.229292346421238,-0.00761245002717239,0.999999999996679,1,0.19269269595117,NA,0.998695509079645,1,0.117064264275698,NA,0.645292104451206,1,0.214281234225763,-0.0253763800049817,0.00817161005122268,0.960753768844221,1,"S6","null",500,70,0.500915658514495,91.0361527471886,0,0.2,0.3,"none",0,46,0
0.173616012891207,0.0154313795971082,0.999999197238681,1,0.122712846923162,NA,0.945575582337798,0,0.0178093581716673,NA,0.148954980938413,0,0.0340239778391727,0.00862071289766051,0.0103764213757452,0.24993216080402,0,"S6","null",500,70,0.500915658514495,72.9436828857688,0,0.2,0.3,"none",0,47,0
0.1818041260863,0.00595643961464235,0.999999971976924,1,0.141283576804915,NA,0.98599196446132,1,0.0345159783549798,NA,0.242275005988679,0,0.0588228058530079,0.0158741234261991,0.0140288875850506,0.431663316582915,0,"S6","null",500,70,0.500915658514495,95.7834513945731,0,0.2,0.3,"none",0,48,0
0.245651900403973,-0.00333474763738363,0.999999999998897,1,0.113219096710345,NA,0.90188952380377,0,0.01629773456684,NA,0.127205296678581,0,0.0141442914594305,0.00405599316290774,0.00505108376287862,0.126298994974874,0,"S6","null",500,70,0.500915658514495,62.4783154778976,0,0.2,0.3,"none",0,49,0
0.235104601924344,0.0297160275891326,0.99999999998777,1,0.16559391337786,NA,0.988671359625988,1,0.0304707258904409,NA,0.203782557319977,0,0.138768316474386,-0.00131202126095498,0.0205362474667624,0.692804020100502,1,"S6","null",500,70,0.500915658514495,70.3141724071347,0,0.2,0.3,"none",0,50,0
0.240312862712095,0.00653988362960243,0.999999999985753,1,0.183017724151255,NA,0.993821167134242,1,0.069970306220534,NA,0.395899487421137,0,0.161653773740637,-0.0574895610055677,0.0161411252426818,0.832268844221105,1,"S6","null",500,70,0.500915658514495,75.9175229539903,0,0.2,0.3,"none",0,51,0
0.197179337985496,-0.0127214300935407,0.999999997783376,1,0.11551195328875,NA,0.947204363991952,0,0.04099643360544,NA,0.273064624961367,0,0.0034119702985819,-0.000152852021353071,0.00203895542309131,0.0557236180904523,0,"S6","null",500,70,0.500915658514495,77.7793613660211,0,0.2,0.3,"none",0,52,0
0.248532307247846,0.00989067761848264,0.999999999917408,1,0.178074558193779,NA,0.986824411153232,1,0.0607590950249039,NA,0.330443584180295,0,0.126294684988328,-0.0120322543782377,0.0172772882539778,0.614188442211055,1,"S6","null",500,70,0.500915658514495,65.5840420486741,0,0.2,0.3,"none",0,53,0
0.25510232799906,0.00421406642681884,0.999999999999436,1,0.214787940267177,NA,0.996433061757366,1,0.120663652758984,NA,0.538092104292404,1,0.0478407425896607,-0.0162109042866549,0.0129812674920817,0.311359296482412,0,"S6","null",500,70,0.500915658514495,54.8970385746296,0,0.2,0.3,"none",0,54,0
0.222297583677357,0.0206339161444565,0.999999997650338,1,0.121857141475873,NA,0.941285711371665,0,0.0282938731743253,NA,0.199769750105712,0,0.0156167413414572,-0.00163728195707845,0.00613289568868404,0.135540201005025,0,"S6","null",500,70,0.500915658514495,87.8609568750621,0,0.2,0.3,"none",0,55,0
0.174045284415777,-0.000558471541299315,0.999999540085163,1,0.0931947874483409,NA,0.870462652159017,0,0.007104472736975,NA,0.0786216485309977,0,0.0306492673041368,0.0175759720967029,0.0109602925200821,0.278097989949749,0,"S6","null",500,70,0.500915658514495,85.5972581132293,0,0.2,0.3,"none",0,56,0
0.196573916978171,0.00613453591225498,0.999999990009246,1,0.0739698938903656,NA,0.804604108102458,0,0.00625684930164235,NA,0.0755773213899244,0,0.0104368854891844,0.00434246576781204,0.00520040200185283,0.121442211055276,0,"S6","null",500,70,0.500915658514495,103.256915793921,0,0.2,0.3,"none",0,57,0
0.18800164988154,-0.0202192089593212,0.999999959518412,1,0.154081108052135,NA,0.988626087130359,1,0.029787075800599,NA,0.213665408207138,0,0.179974368767415,-0.137973790306053,0.00173054820567053,0.996025125628141,1,"S6","null",500,70,0.500915658514495,97.989958560548,0,0.2,0.3,"none",0,58,0
0.253239153286618,0.0183891889045446,0.999999999987198,1,0.138686467180946,NA,0.945904688122888,0,0.100741750831884,NA,0.491417472670157,0,0.0737340061154884,0.0305249388236941,0.0133520117115432,0.460422110552764,0,"S6","null",500,70,0.500915658514495,69.598592568378,0,0.2,0.3,"none",0,59,0
0.292126501940409,-0.00717034675778242,1,1,0.166770937784971,NA,0.992533392934499,1,0.037481687839549,NA,0.253599039079632,0,0.0908634143780866,-0.00779842515222083,0.0163830322049389,0.53743216080402,1,"S6","null",500,70,0.500915658514495,89.8147284722931,0,0.2,0.3,"none",0,60,0
0.225401307956506,-0.0106240214853269,0.999999999999695,1,0.117614826285773,NA,0.959310334846376,1,0.0100293340306914,NA,0.0958467725464604,0,0.0640981130074076,-0.010523571414816,0.0120999277336232,0.43520351758794,0,"S6","null",500,70,0.500915658514495,98.6652580001788,0,0.2,0.3,"none",0,61,0
0.259853081703764,-0.00876878610987246,0.99999999999467,1,0.151200232076828,NA,0.972850287036512,1,0.0339053118468402,NA,0.210382027786188,0,0.117081669404952,-0.0288331010951312,0.0214185828750913,0.629861809045226,1,"S6","null",500,70,0.500915658514495,84.669477772477,0,0.2,0.3,"none",0,62,0
0.245992638642184,0.00743548793796046,0.999999999998105,1,0.166237763026752,NA,0.984120985840523,1,0.0547175762927371,NA,0.298814377484596,0,0.0850988217568597,-0.0319282250602718,0.0157360945593935,0.550773869346734,1,"S6","null",500,70,0.500915658514495,67.2419485924936,0,0.2,0.3,"none",0,63,0
0.197584328740601,-0.0161313559025383,0.99999999950963,1,0.108186023949661,NA,0.956861184424176,1,0.0110667743551109,NA,0.113826317244863,0,0.0953125428386469,-0.0388979415944242,0.0151393894367146,0.709123115577889,1,"S6","null",500,70,0.500915658514495,104.492827515022,0,0.2,0.3,"none",0,64,0
0.186332029817683,0.0305449108548531,0.999999891539417,1,0.0278552398976476,NA,0.318814805244766,0,0.000541875928812611,NA,0.0331623665923492,0,-0.00193504044263194,0.0106352424367199,0.00703778423128248,0.129746231155779,0,"S6","null",500,70,0.500915658514495,67.8572434116775,0,0.2,0.3,"none",0,65,0
0.18468527824335,0.0144761285366683,0.999999831897836,1,0.0709000593371671,NA,0.731723476001183,0,0.0063229190951729,NA,0.0694265431223454,0,0.00581524834733464,0.00466179669919059,0.00483938981866215,0.0866130653266332,0,"S6","null",500,70,0.500915658514495,78.5311798418027,0,0.2,0.3,"none",0,66,0
0.157849985371109,-0.0127658403668406,0.999989542351491,1,0.0641862205325557,NA,0.695063888020575,0,0.00107222614295964,NA,0.0351048658893934,0,0.00654957679022024,-0.0159312486848369,0.00552136971640711,0.16894472361809,0,"S6","null",500,70,0.500915658514495,80.2628091618901,0,0.2,0.3,"none",0,67,0
0.191331660050972,-0.0257665066157094,0.999999972769914,1,0.102940662909104,NA,0.908718048452298,0,0.0333440440275287,NA,0.236644066322965,0,0.0227445106521379,-0.00707817813457285,0.00946545647879543,0.196057788944724,0,"S6","null",500,70,0.500915658514495,82.6225484694806,0,0.2,0.3,"none",0,68,0
0.217767585680361,0.0228196816359315,0.999999999671346,1,0.0942959692003659,NA,0.874481088260916,0,0.00358423147001594,NA,0.0551069353299069,0,0.0845501411136625,0.0628323594623579,0.0162478067053446,0.655869346733668,1,"S6","null",500,70,0.500915658514495,98.7235356266518,0,0.2,0.3,"none",0,69,0
0.228783929822156,0.0031734171236868,0.999999999725304,1,0.132563271448758,NA,0.954496338524145,1,0.00645736007140526,NA,0.0675931432631308,0,0.0487238545714262,0.0386298818794172,0.015832281319368,0.427032663316583,0,"S6","null",500,70,0.500915658514495,75.996910706913,0,0.2,0.3,"none",0,70,0
0.281934291110455,-0.0157414788958612,0.999999999999998,1,0.187508906083479,NA,0.997489576619149,1,0.155940892439987,NA,0.772925787820984,1,0.157455151156034,0.0100202911029646,0.0183138228917404,0.796907035175879,1,"S6","null",500,70,0.500915658514495,100.854452235298,0,0.2,0.3,"none",0,71,0
0.180398681661108,0.0179150521821364,0.999999348719153,1,0.0882632982694668,NA,0.854930944260667,0,0.0019961980665595,NA,0.0408809911605882,0,0.0037533205459747,4.27985883621347e-05,0.00206644747160426,0.0524221105527638,0,"S6","null",500,70,0.500915658514495,101.648669665379,0,0.2,0.3,"none",0,72,0
0.211452645876697,-0.020157094149772,0.999999999900784,1,0.0911340932047678,NA,0.860456220133257,0,0.017985498342164,NA,0.148857560934516,0,0.00522775382463941,-0.00275136148666556,0.00409836423074939,0.0758190954773869,0,"S6","null",500,70,0.500915658514495,86.0672818096873,0,0.2,0.3,"none",0,73,0
0.24391176779473,-0.00788572116499101,0.999999999996916,1,0.202754505289062,NA,0.997267729131628,1,0.0510553450120617,NA,0.298862593373562,0,0.184244897052802,0.0584808969486419,0.0138468653514214,0.846213567839196,1,"S6","null",500,70,0.500915658514495,67.5719870252549,0,0.2,0.3,"none",0,74,0
0.20462652592322,0.00417582652609283,0.999999987522648,1,0.154045462088185,NA,0.982917405104998,1,0.0276766875681361,NA,0.189921369376569,0,0.15342779043825,0.0361524419229717,0.0185441827742897,0.775384422110553,1,"S6","null",500,70,0.500915658514495,75.2804715627222,0,0.2,0.3,"none",0,75,0
0.228740633939699,-0.012095617542238,0.999999999963635,1,0.182807163800677,NA,0.997542911482445,1,0.117046299810001,NA,0.614777175303571,1,0.140997031936742,-0.0151089983766154,0.0227610617955021,0.770577889447236,1,"S6","null",500,70,0.500915658514495,94.4085133680967,0,0.2,0.3,"none",0,76,0
0.17797832570846,-0.0202952855659672,0.999999357126893,1,0.0964850671937598,NA,0.897673042083795,0,0.00794703509777321,NA,0.084993453468334,0,0.0599366147454822,-0.0605097862706181,0.015711053162666,0.606100502512563,1,"S6","null",500,70,0.500915658514495,98.5417716206353,0,0.2,0.3,"none",0,77,0
0.275150418416974,-0.0121006408174619,0.999999999999988,1,0.201744837135518,NA,0.99801983262479,1,0.0758074897843816,NA,0.414164727463565,0,0.233636376722805,-0.0330207555868841,0.00742394384275719,0.965927135678392,1,"S6","null",500,70,0.500915658514495,81.8519450380945,0,0.2,0.3,"none",0,78,0
0.181362322557646,-0.00775966120000165,0.999999936183309,1,0.0713611792743229,NA,0.75022307157287,0,0.00160933771748317,NA,0.0377615741983719,0,0.0342187875959894,-0.0309456332686687,0.0142381172371445,0.35463567839196,0,"S6","null",500,70,0.500915658514495,77.9412233278565,0,0.2,0.3,"none",0,79,0
0.182040423037078,0.0158070092456825,0.999999556010779,1,0.0858621219455699,NA,0.825269092820096,0,0.00369359316508877,NA,0.0522513486451951,0,0.0465222354136585,0.0557743300086648,0.0154535006191751,0.52563567839196,1,"S6","null",500,70,0.500915658514495,85.3453915128372,0,0.2,0.3,"none",0,80,0
0.195790322507138,-0.0178673675521106,0.999999989492316,1,0.0978614183502305,NA,0.87152668955734,0,0.0139701855096053,NA,0.116279115136564,0,0.0569480989873579,-0.041170050906004,0.0130177331372575,0.524954773869347,1,"S6","null",500,70,0.500915658514495,76.520601250047,0,0.2,0.3,"none",0,81,0
0.20015150311038,0.00916243185057543,0.999999999816653,1,0.123819497344229,NA,0.97170297969979,1,0.0153079098377779,NA,0.134924263727752,0,0.0433675260189347,0.00584248055738367,0.0123130974038907,0.325032663316583,0,"S6","null",500,70,0.500915658514495,77.3329563136441,0,0.2,0.3,"none",0,82,0
0.221114550104886,-0.00418355218994151,0.999999999803215,1,0.179025131950876,NA,0.996300806919385,1,0.0593166688549231,NA,0.365752846463676,0,0.178703545370777,0.0644084319234111,0.011511529911101,0.915025125628141,1,"S6","null",500,70,0.500915658514495,80.06202657071,0,0.2,0.3,"none",0,83,0
0.210098720023484,-0.00372370732585381,0.999999999913042,1,0.143910874350598,NA,0.990152119815152,1,0.0168871632518793,NA,0.150141776352678,0,0.105849915039623,0.0138431285953494,0.0167976135085431,0.651517587939698,1,"S6","null",500,70,0.500915658514495,97.1491209987012,0,0.2,0.3,"none",0,84,0
0.229555449453599,-0.00252590746839104,0.999999999942199,1,0.11345544994931,NA,0.936322974325868,0,0.0294188585679029,NA,0.218903301344435,0,0.0415138237364993,0.00154012490515168,0.0129864657444161,0.290002512562814,0,"S6","null",500,70,0.500915658514495,89.0592126158606,0,0.2,0.3,"none",0,85,0
0.2315865978223,0.0206878349409368,0.999999999997132,1,0.199143865392951,NA,0.998638430344371,1,0.10403642604891,NA,0.540104063847118,1,0.229936284906557,0.0463817779400334,0.00950043342216197,0.974557788944724,1,"S6","null",500,70,0.500915658514495,81.399343405328,0,0.2,0.3,"none",0,86,0
0.258315818943956,0.0150930451262114,0.999999999999982,1,0.172429654592879,NA,0.995984792841873,1,0.0665302716160215,NA,0.429122162471262,0,0.142615597924179,-0.0316933881551614,0.0203305529814076,0.789052763819096,1,"S6","null",500,70,0.500915658514495,94.0970779497044,0,0.2,0.3,"none",0,87,0
0.23564088949074,-0.000741818552316742,0.999999996688009,1,0.163379859009384,NA,0.981934656089955,1,0.0213049595677172,NA,0.149253801337247,0,0.0394222892471248,0.00337717915887826,0.0105523622611783,0.252778894472362,0,"S6","null",500,70,0.500915658514495,74.9680950120444,0,0.2,0.3,"none",0,88,0
0.136167467059201,0.00915216895167792,0.999826365552128,1,0.063542269967793,NA,0.724196849549358,0,0.00488603550426229,NA,0.0638804375118308,0,0.00952657169956632,-0.00495740539142454,0.00546229815733328,0.110040201005025,0,"S6","null",500,70,0.500915658514495,94.0362759800178,0,0.2,0.3,"none",0,89,0
0.18003633756658,-0.00121676597299839,0.999999785822024,1,0.0923392722508189,NA,0.912530086259635,0,0.00542204715025709,NA,0.0686147311911706,0,0.0248714823565266,-0.00551821913570661,0.00879408447612222,0.223138190954774,0,"S6","null",500,70,0.500915658514495,107.072087231093,0,0.2,0.3,"none",0,90,0
0.166447403280346,-0.00880266588658739,0.999993100337566,1,0.0915575769980602,NA,0.871213575319589,0,0.00951026100007,NA,0.0940106996623001,0,0.010571792978659,-0.00358848996814816,0.00553866823464961,0.111,0,"S6","null",500,70,0.500915658514495,88.494149287094,0,0.2,0.3,"none",0,91,0
0.248974945025412,0.0128898362799982,0.999999999998839,1,0.134984610409459,NA,0.968842121866279,1,0.0401477854300143,NA,0.265244675554961,0,0.0509735933343083,-0.0100832818250987,0.0120148316079166,0.343929648241206,0,"S6","null",500,70,0.500915658514495,90.8987882076308,0,0.2,0.3,"none",0,92,0
0.218815450796043,-0.0186721908984623,0.999999999998018,1,0.126148603593386,NA,0.960126481685965,1,0.0096908822020755,NA,0.0944518948289776,0,0.0237482914624117,-0.00276103190723844,0.00812173320896955,0.189768844221106,0,"S6","null",500,70,0.500915658514495,72.1946788948724,0,0.2,0.3,"none",0,93,0
0.225734797336054,-0.0045402539922603,0.999999999660661,1,0.0659548591011528,NA,0.655926426597449,0,0.00171934912000121,NA,0.0378907413763224,0,0.0014039051596099,-0.00390109940312855,0.00315004120715631,0.0582939698492462,0,"S6","null",500,70,0.500915658514495,68.8419309243204,0,0.2,0.3,"none",0,94,0
0.162485161549859,-0.00636452247127786,0.999996028593435,1,0.0399122833546406,NA,0.492512608333522,0,0.00116769380870255,NA,0.0363730364033988,0,0.0123670140103417,-0.00326393325534051,0.00545675063979924,0.117537688442211,0,"S6","null",500,70,0.500915658514495,86.240074085407,0,0.2,0.3,"none",0,95,0
0.233766881659475,0.00200940958816104,0.999999999997916,1,0.154803677761072,NA,0.990977970002662,1,0.0134016305338043,NA,0.120612202556854,0,0.168449689513629,-0.0162534982974386,0.0141482868660349,0.879301507537688,1,"S6","null",500,70,0.500915658514495,98.7623571388303,0,0.2,0.3,"none",0,96,0
0.209420819376058,-0.0217935113909555,0.999999999951409,1,0.154339755204567,NA,0.993334547841629,1,0.0538668530895323,NA,0.38354245338998,0,0.20497922147376,-0.0203990980362515,0.00887738854188801,0.961869346733668,1,"S6","null",500,70,0.500915658514495,97.9192497447787,0,0.2,0.3,"none",0,97,0
0.168788200455552,0.0168802350324055,0.999995355767874,1,0.0163443413100827,NA,0.201343156480543,0,0.000604585834667536,NA,0.0334126955672914,0,0.00134603587010083,0.00390275470925274,0.0027186917024789,0.0624422110552764,0,"S6","null",500,70,0.500915658514495,85.3084417033669,0,0.2,0.3,"none",0,98,0
0.179965971796575,-0.036743136897505,0.999999861384383,1,0.124536664833025,NA,0.931082388840351,0,0.00836770833479451,NA,0.0767875249126999,0,0.010781211196496,0.000848486950296233,0.00398838937709897,0.0981105527638191,0,"S6","null",500,70,0.500915658514495,71.3335131236982,0,0.2,0.3,"none",0,99,0
0.206004765651959,-0.0108445787577187,0.999999998962016,1,0.119505549660552,NA,0.948590588972589,0,0.0295044011704841,NA,0.215094246426198,0,0.0116283505957868,0.0038839756865048,0.00507827811483423,0.113590452261307,0,"S6","null",500,70,0.500915658514495,83.8355008240294,0,0.2,0.3,"none",0,100,0
0.205502996467638,0.00511707486960132,0.999999941902319,1,0.196465581985507,NA,0.997334009090723,1,0.0284510576396908,NA,0.194011908700061,0,0.131853171115066,0.0523642551002503,0.0182305524905302,0.768798994974874,1,"S6","null",500,70,0.500915658514495,74.2053840232091,0,0.4,0.3,"none",0,1,0
0.239784903061004,0.0135351149608169,0.999999999998912,1,0.205144723978187,NA,0.999460236710134,1,0.142889552641663,NA,0.784596758189942,1,0.164089817505082,-0.00304472793551202,0.0172528412703505,0.844753768844221,1,"S6","null",500,70,0.500915658514495,92.1562508795513,0,0.4,0.3,"none",0,2,0
0.205327317719929,0.00304655280268561,0.999999990487771,1,0.216760672663814,NA,0.999668707408387,1,0.178508890983572,NA,0.863381529399282,1,0.183094341716247,0.00508464292242565,0.01041844613009,0.883733668341709,1,"S6","null",500,70,0.500915658514495,102.486942398092,0,0.4,0.3,"none",0,3,0
0.302244198270531,-0.00756228735330696,1,1,0.269292237325738,NA,0.99996080176254,1,0.204659290397066,NA,0.870079829903731,1,0.27784623719012,-0.010026307453717,0.000915161700478953,0.998869346733668,1,"S6","null",500,70,0.500915658514495,77.7824898349817,0,0.4,0.3,"none",0,4,0
0.274504684002634,-0.00218154179828425,0.999999999999997,1,0.206249184462191,NA,0.999314472686868,1,0.200561387407238,NA,0.932480940678027,1,0.122525563599333,0.00872213728483915,0.0159061864818242,0.672959798994975,1,"S6","null",500,70,0.500915658514495,92.9909259812139,0,0.4,0.3,"none",0,5,0
0.260262799571436,0.00434171639315418,0.999999999999795,1,0.236641539165757,NA,0.999804327906039,1,0.226160659551875,NA,0.92447888949166,1,0.281429078485238,0.0326260895371313,0.000937334903383222,0.998927135678392,1,"S6","null",500,70,0.500915658514495,86.4077377789282,0,0.4,0.3,"none",0,6,0
0.243285081715419,-0.0104672635555596,0.999999999982165,1,0.210631203453309,NA,0.998270568129608,1,0.114415686345755,NA,0.574848909949022,1,0.186072551958661,0.0216071918805759,0.0150207166126054,0.842030150753769,1,"S6","null",500,70,0.500915658514495,76.8435815801283,0,0.4,0.3,"none",0,7,0
0.287219898855291,-0.0151142805307882,1,1,0.289713588459724,NA,0.999999392115836,1,0.270748716034903,NA,0.99671385141235,1,0.344617497772199,-0.0368598922096964,NA,1,1,"S6","null",500,70,0.500915658514495,99.2141832457145,0,0.4,0.3,"none",0,8,0
0.261937160437251,-0.0212598880254948,0.999999999999995,1,0.212063559797512,NA,0.999768680760318,1,0.124112186906744,NA,0.663599339605201,1,0.217048678940237,-0.0507660483473346,0.00710527927817304,0.983344221105528,1,"S6","null",500,70,0.500915658514495,105.764748870073,0,0.4,0.3,"none",0,9,0
0.324826288391446,-0.0154935308958513,1,1,0.350521791032022,NA,0.999999884542464,1,0.309964672598646,NA,0.994058120495442,1,0.374329436770051,0.000431109429552986,NA,1,1,"S6","null",500,70,0.500915658514495,86.6258660802324,0,0.4,0.3,"none",0,10,0
0.236565536596136,-0.0131789897577506,0.999999999999318,1,0.224473658561442,NA,0.999929284491858,1,0.228763554877007,NA,0.986364613580047,1,0.263256769576901,-0.0218542157297164,NA,1,1,"S6","null",500,70,0.500915658514495,98.6352018113552,0,0.4,0.3,"none",0,11,0
0.266348471357217,-0.00443043652797268,0.999999999999761,1,0.17531334664028,NA,0.991943527942279,1,0.0914408970760439,NA,0.493569603292507,0,0.177154728602858,0.0068979189795448,0.0156514893764126,0.822793969849246,1,"S6","null",500,70,0.500915658514495,72.2725524248392,0,0.4,0.3,"none",0,12,0
0.19902031575632,-0.0301638692627263,0.999999980017738,1,0.162370406479496,NA,0.989751214931377,1,0.0520484255179264,NA,0.317320294733159,0,0.10546345483458,0.000227408599925181,0.018836669495241,0.598479899497487,1,"S6","null",500,70,0.500915658514495,84.7408431505436,0,0.4,0.3,"none",0,13,0
0.311876865054579,0.011541671545617,1,1,0.321461182553724,NA,0.999998397742822,1,0.315408486912713,NA,0.998597545371567,1,0.372603039685717,-0.00927008829063608,NA,1,1,"S6","null",500,70,0.500915658514495,85.07173485767,0,0.4,0.3,"none",0,14,0
0.256490175467577,0.0165964647000568,0.999999999999996,1,0.250370891999346,NA,0.999982112858551,1,0.23700068936548,NA,0.97372181037462,1,0.262111687890001,0.0669290403418874,NA,1,1,"S6","null",500,70,0.500915658514495,95.7534645203228,0,0.4,0.3,"none",0,15,0
0.299784458520176,0.00797409197645904,1,1,0.300496452300468,NA,0.999999734509022,1,0.276892828217034,NA,0.996295330878341,1,0.299880577271383,0.103451624731961,NA,1,1,"S6","null",500,70,0.500915658514495,86.2905952192223,0,0.4,0.3,"none",0,16,0
0.261504742483885,0.0129582193707306,0.999999999999958,1,0.306862225164546,NA,0.999999737863112,1,0.281574545516339,NA,0.999025469881209,1,0.342460230126172,0.0226993246123048,NA,1,1,"S6","null",500,70,0.500915658514495,96.352835631479,0,0.4,0.3,"none",0,17,0
0.315909411142233,-0.0114484196701775,1,1,0.305655859354289,NA,0.999999284832573,1,0.315445370251665,NA,0.999793974944436,1,0.276746825173699,0.0710506203443694,NA,1,1,"S6","null",500,70,0.500915658514495,101.389585157921,0,0.4,0.3,"none",0,18,0
0.289859054598257,0.00295626737138787,1,1,0.291941401755911,NA,0.999999703413887,1,0.266738445530938,NA,0.996029692284488,1,0.263836551573643,0.0222769825438899,NA,1,1,"S6","null",500,70,0.500915658514495,96.5151814361714,0,0.4,0.3,"none",0,19,0
0.266619809160286,0.00173195340950797,0.999999999999749,1,0.275063395759776,NA,0.99998533330017,1,0.25605778755234,NA,0.980764360590668,1,0.317289229232092,-0.0320960044603674,NA,1,1,"S6","null",500,70,0.500915658514495,97.5718330122503,0,0.4,0.3,"none",0,20,0
0.262294812958593,-0.0169666501739857,0.999999999999492,1,0.231912778290282,NA,0.99990234697794,1,0.174065874016713,NA,0.868035516074038,1,0.255358880573333,0.00828940542888181,0.00317074335279639,0.994130653266332,1,"S6","null",500,70,0.500915658514495,112.103695471131,0,0.4,0.3,"none",0,21,0
0.312457630196201,-0.0117211263808517,1,1,0.317656156306969,NA,0.999999844947367,1,0.288007330090111,NA,0.992777953891274,1,0.345330058419952,-0.108263730792344,NA,1,1,"S6","null",500,70,0.500915658514495,89.3779856072099,0,0.4,0.3,"none",0,22,0
0.273785484615559,-0.0174436821050153,1,1,0.262579490147188,NA,0.999997483451137,1,0.238188590999952,NA,0.989899246303546,1,0.2871593877639,0.0259445795024738,NA,1,1,"S6","null",500,70,0.500915658514495,93.4190963972829,0,0.4,0.3,"none",0,23,0
0.256387062560474,0.0453899495210886,0.999999999999876,1,0.227890044236488,NA,0.999393220563374,1,0.223357560477074,NA,0.920391596305161,1,0.259898254207507,0.112255957503196,0.00220952337999205,0.99714824120603,1,"S6","null",500,70,0.500915658514495,77.525167324511,0,0.4,0.3,"none",0,24,0
0.35716491441772,0.0137302279962501,1,1,0.384469723998521,NA,0.999999996172607,1,0.34892726096619,NA,0.998996566450314,1,0.41921569184964,-0.0358402206689821,NA,1,1,"S6","null",500,70,0.500915658514495,81.6291224791546,0,0.4,0.3,"none",0,25,0
0.240244424479945,0.0122314512645476,0.999999999993964,1,0.238787112269912,NA,0.999861463074743,1,0.198311215137252,NA,0.881743293667186,1,0.2462019576216,0.0368461127588182,0.00739588953727979,0.977103015075377,1,"S6","null",500,70,0.500915658514495,83.211581195592,0,0.4,0.3,"none",0,26,0
0.221606192396267,0.0319532934764314,0.999999990519982,1,0.163910073290459,NA,0.973021809770626,1,0.0549258880474706,NA,0.291387698234823,0,0.0140537799056013,0.00158983152583184,0.00569639732960189,0.11351256281407,0,"S6","null",500,70,0.500915658514495,70.0968364633351,0,0.4,0.3,"none",0,27,0
0.269788965183241,0.00505025732821791,0.999999999999924,1,0.2699198591546,NA,0.999981397538273,1,0.267388398921431,NA,0.996997962180016,1,0.247610324170075,-0.037786568622219,0.00281754419808954,0.992507537688442,1,"S6","null",500,70,0.500915658514495,77.924886494442,0,0.4,0.3,"none",0,28,0
0.276350710161271,-0.0281240144388385,1,1,0.261372959706054,NA,0.99999658021251,1,0.25512064902899,NA,0.997359898842722,1,0.260276791362447,-0.000560323573515398,0.000655361519124489,0.999125628140703,1,"S6","null",500,70,0.500915658514495,108.653213475088,0,0.4,0.3,"none",0,29,0
0.194751403824694,-0.0379510805665009,0.999999999221064,1,0.210728947304861,NA,0.999196907127413,1,0.140502758337309,NA,0.684119853851798,1,0.216149240577041,0.0222173670030063,0.00759835857034761,0.950002512562814,1,"S6","null",500,70,0.500915658514495,74.6923871579757,0,0.4,0.3,"none",0,30,0
0.321013821112763,0.00814388812146652,1,1,0.285867209218139,NA,0.999986088201129,1,0.31474027770356,NA,0.998751420154604,1,0.341399263642414,-0.0477535748849203,NA,1,1,"S6","null",500,70,0.500915658514495,70.111439012377,0,0.4,0.3,"none",0,31,0
0.245943513219601,0.0183953525282904,0.999999999990249,1,0.243711650566094,NA,0.999919387614053,1,0.235888246119666,NA,0.965158731426916,1,0.229948926504729,0.009919737228593,0.00892664451918235,0.974286432160804,1,"S6","null",500,70,0.500915658514495,89.8054745422886,0,0.4,0.3,"none",0,32,0
0.267143952133141,0.00876281776951237,0.999999999999881,1,0.260141646980949,NA,0.999848087730394,1,0.271833241722511,NA,0.959657482181551,1,0.287066078796408,-0.0506059211656314,0.00294783990172726,0.995869346733668,1,"S6","null",500,70,0.500915658514495,78.1272906157161,0,0.4,0.3,"none",0,33,0
0.303230589469939,-0.0148212142873483,1,1,0.319706009770671,NA,0.999999460147133,1,0.294984986655784,NA,0.994802963559503,1,0.367746570350773,0.0463306781662559,NA,1,1,"S6","null",500,70,0.500915658514495,81.9634183642373,0,0.4,0.3,"none",0,34,0
0.279974226145139,-0.0149407826391287,0.999999999999798,1,0.266906294035877,NA,0.99980861659308,1,0.224161456038818,NA,0.852491259413582,1,0.214022594572661,-0.0270875479615869,0.0118695453508431,0.887821608040201,1,"S6","null",500,70,0.500915658514495,74.2616780723498,0,0.4,0.3,"none",0,35,0
0.242636918282242,0.0394292036553254,0.999999999999994,1,0.250683184860408,NA,0.999975993770759,1,0.202554527045302,NA,0.936019665510698,1,0.288815363072655,0.0665499710633368,NA,1,1,"S6","null",500,70,0.500915658514495,78.4404548082306,0,0.4,0.3,"none",0,36,0
0.25433482756751,0.0150461362600393,0.9999999999982,1,0.191096252938701,NA,0.994783935482696,1,0.113218517593114,NA,0.575356192673919,1,0.206659289443471,0.0336482450508498,0.0150252972436346,0.902658291457286,1,"S6","null",500,70,0.500915658514495,70.7535103433005,0,0.4,0.3,"none",0,37,0
0.217216798027637,-0.00417862080088122,0.999999999433694,1,0.201968619961116,NA,0.997817673236308,1,0.0768527936555893,NA,0.41684824408695,0,0.266993500573722,-0.0144421140738232,0.00756812945381775,0.98578391959799,1,"S6","null",500,70,0.500915658514495,72.7243030962498,0,0.4,0.3,"none",0,38,0
0.245734008247765,0.00423945626721251,0.999999999999827,1,0.197417153814841,NA,0.9986625763734,1,0.105537812513175,NA,0.585572060751073,1,0.105219305708016,0.0222839950206293,0.0189850270117452,0.634766331658291,1,"S6","null",500,70,0.500915658514495,79.0551398434145,0,0.4,0.3,"none",0,39,0
0.238343797517422,0.0334631659775992,0.999999999996596,1,0.255618519716166,NA,0.999978901293584,1,0.259369217141115,NA,0.991590368930567,1,0.283661183329067,0.0551257932707192,NA,1,1,"S6","null",500,70,0.500915658514495,94.3581904712923,0,0.4,0.3,"none",0,40,0
0.256077926273781,0.0176628263094218,0.999999999999948,1,0.256310903576799,NA,0.999937494183207,1,0.244265469306026,NA,0.963997241006259,1,0.235668894461355,0.0216447959744791,0.00788294530234655,0.96355527638191,1,"S6","null",500,70,0.500915658514495,71.9065760786819,0,0.4,0.3,"none",0,41,0
0.202635610611677,0.0243906433295427,0.999999998931008,1,0.223068980530088,NA,0.999887602819015,1,0.183491924028483,NA,0.871208884685882,1,0.289800554135046,0.0431400784370424,NA,1,1,"S6","null",500,70,0.500915658514495,89.9629743152555,0,0.4,0.3,"none",0,42,0
0.295140986804941,-0.0101546778639192,1,1,0.305378105473689,NA,0.999999560908336,1,0.25737340966826,NA,0.966789000732828,1,0.315139151411852,0.0141063869917419,NA,1,1,"S6","null",500,70,0.500915658514495,82.4235686028075,0,0.4,0.3,"none",0,43,0
0.302028916662108,0.0127987401785472,1,1,0.236616068380923,NA,0.999380504803774,1,0.0425628850545265,NA,0.241813376155108,0,0.221932995098683,-0.0537744866199486,0.0119316881927152,0.923045226130653,1,"S6","null",500,70,0.500915658514495,66.1740351571661,0,0.4,0.3,"none",0,44,0
0.23500169901639,-0.013009817654596,0.999999999961063,1,0.201474262784324,NA,0.998864190127479,1,0.108156202843695,NA,0.583960292776943,1,0.231530878187368,-0.114915667995551,0.0016131058574402,0.998386934673367,1,"S6","null",500,70,0.500915658514495,82.6782168015379,0,0.4,0.3,"none",0,45,0
0.257884305112108,0.0191247007445793,0.999999999999996,1,0.222109777231208,NA,0.99970685963941,1,0.129079466595607,NA,0.660844991659048,1,0.262882194305887,0.00452853402784721,0.00235876977114968,0.994997487437186,1,"S6","null",500,70,0.500915658514495,81.062455343014,0,0.4,0.3,"none",0,46,0
0.203619131076594,-0.0286632599116147,0.999999999213096,1,0.107926112115023,NA,0.92431242389015,0,0.0133918155252039,NA,0.12333323076824,0,0.0072187479184826,-0.00326890534990322,0.00413460212492475,0.0886457286432161,0,"S6","null",500,70,0.500915658514495,88.7984722885794,0,0.4,0.3,"none",0,47,0
0.286795391692464,0.00940104120024667,1,1,0.281562155791764,NA,0.999991232211859,1,0.241737975478922,NA,0.943173956117242,1,0.296226935276342,0.0661275264195015,NA,1,1,"S6","null",500,70,0.500915658514495,83.642528093347,0,0.4,0.3,"none",0,48,0
0.203303799040177,-0.00168699451573022,0.999999976358082,1,0.17915449101992,NA,0.994899088462051,1,0.0584978133753821,NA,0.350222338330903,0,0.23101693386726,-0.00649950993491183,0.0102742401239849,0.944422110552764,1,"S6","null",500,70,0.500915658514495,88.3974935022758,0,0.4,0.3,"none",0,49,0
0.285623998633534,-0.0090501246822905,1,1,0.247656252149663,NA,0.999937194906457,1,0.153843325461978,NA,0.752707077359886,1,0.216206485445954,-0.0465743309399464,0.011041067427102,0.94555527638191,1,"S6","null",500,70,0.500915658514495,83.1602593272805,0,0.4,0.3,"none",0,50,0
0.239260730310288,-0.0172225618843526,0.999999999860749,1,0.203642468911915,NA,0.997663170696729,1,0.0350929142891471,NA,0.228923777505193,0,0.203158167986138,0.0725953463515954,0.00799899816196464,0.936246231155779,1,"S6","null",500,70,0.500915658514495,76.7310843652249,0,0.4,0.3,"none",0,51,0
0.33442806389682,0.0118585665156322,1,1,0.379021395499439,NA,0.999999999492886,1,0.330871481579177,NA,0.999565914909143,1,0.399648857383265,-0.0150096980516189,NA,1,1,"S6","null",500,70,0.500915658514495,91.2033840812975,0,0.4,0.3,"none",0,52,0
0.25017795918281,-0.0133412518258977,0.999999999998832,1,0.213483881722364,NA,0.999552897110815,1,0.140837999490295,NA,0.739623421865591,1,0.215500670239761,-0.0423994809836803,0.00905696685383779,0.951180904522613,1,"S6","null",500,70,0.500915658514495,79.324471675905,0,0.4,0.3,"none",0,53,0
0.241458971656926,0.00624732549101474,0.999999999970873,1,0.14805228207252,NA,0.983985347791808,1,0.0120557728100379,NA,0.10664309201816,0,0.0224178600938745,-0.00427618413409965,0.00671570957115679,0.182761306532663,0,"S6","null",500,70,0.500915658514495,85.0548947268896,0,0.4,0.3,"none",0,54,0
0.254177881416617,-0.0106504814263641,0.999999999999434,1,0.261969309848408,NA,0.999995002744241,1,0.230655793975676,NA,0.987266432164484,1,0.264550548055355,0.0143059540531409,0.00126351732889875,0.998062814070352,1,"S6","null",500,70,0.500915658514495,103.943654586745,0,0.4,0.3,"none",0,55,0
0.286781864478614,-0.0343140217484889,1,1,0.224979275844492,NA,0.999036558644201,1,0.111481049092633,NA,0.527351415614162,1,0.221479896177878,-0.0595907102464255,0.00796403006970907,0.964492462311558,1,"S6","null",500,70,0.500915658514495,71.5407161876334,0,0.4,0.3,"none",0,56,0
0.286259414203553,-0.0158591263327499,1,1,0.249505440403601,NA,0.999939496875258,1,0.202206682401484,NA,0.904448947561154,1,0.269979107716196,-0.0465309083851169,0.004233064450168,0.99528391959799,1,"S6","null",500,70,0.500915658514495,87.6169442625971,0,0.4,0.3,"none",0,57,0
0.257001920494628,0.0119871277048298,0.999999999993716,1,0.132462843173237,NA,0.918556983427087,0,0.0116342622313574,NA,0.0924315698099633,0,0.0103379802081797,0.00760491133288139,0.00499294623711204,0.117849246231156,0,"S6","null",500,70,0.500915658514495,61.2817651000708,0,0.4,0.3,"none",0,58,0
0.32426770862832,0.00265399891774249,1,1,0.349113381164337,NA,0.99999997739951,1,0.307729853688073,NA,0.99843446426824,1,0.391242405398408,-0.0558124810771164,NA,1,1,"S6","null",500,70,0.500915658514495,88.914486390158,0,0.4,0.3,"none",0,59,0
0.29909366481453,-0.0173571304889239,1,1,0.249775403880494,NA,0.999987121641427,1,0.22973674597465,NA,0.980251720224218,1,0.273887218083879,-0.0295747961261541,NA,1,1,"S6","null",500,70,0.500915658514495,117.526494060599,0,0.4,0.3,"none",0,60,0
0.224676859432834,0.00545694539595072,0.999999995011716,1,0.109746580661614,NA,0.88166688448592,0,0.00608653369624529,NA,0.0635027135706468,0,0.00383843787297492,-0.00173224181991629,0.00335947857987712,0.0588643216080402,0,"S6","null",500,70,0.500915658514495,69.0271239785825,0,0.4,0.3,"none",0,61,0
0.246973819519352,-0.0318748527409125,0.999999999999985,1,0.204796747451425,NA,0.999416272327419,1,0.112720997499502,NA,0.642650991248642,1,0.158946901144464,0.014873477339744,0.0126013212637729,0.813145728643216,1,"S6","null",500,70,0.500915658514495,85.7473808411345,0,0.4,0.3,"none",0,62,0
0.239145988756017,0.00176862475149613,0.999999999998867,1,0.352523285007948,NA,0.999999995226543,1,0.316380764771939,NA,0.999507215766236,1,0.376693340540148,-0.0557967597947091,NA,1,1,"S6","null",500,70,0.500915658514495,78.7514908931603,0,0.4,0.3,"none",0,63,0
0.307974434201264,-0.0150189641291208,1,1,0.331228831298302,NA,0.999999812720946,1,0.338003943387999,NA,0.999878722704149,1,0.401433256720454,-0.0109866338224388,NA,1,1,"S6","null",500,70,0.500915658514495,82.9788984962543,0,0.4,0.3,"none",0,64,0
0.218244786605576,-0.00610630905966438,0.999999998532496,1,0.203778421082374,NA,0.999075296894988,1,0.193297346838637,NA,0.90794116543266,1,0.13976396203511,-0.00598786586247586,0.0168525971996533,0.752942211055276,1,"S6","null",500,70,0.500915658514495,97.1023238396391,0,0.4,0.3,"none",0,65,0
0.209583976566776,-0.0281332023483857,0.999999999914396,1,0.180793672047138,NA,0.993056211437702,1,0.120196960281688,NA,0.626770306181847,1,0.00931427151218167,6.81574070719956e-05,0.00431700121895628,0.0908693467336683,0,"S6","null",500,70,0.500915658514495,64.0958722907231,0,0.4,0.3,"none",0,66,0
0.28165116824473,0.0174407616501531,1,1,0.315215489674235,NA,0.999999744764743,1,0.310863581988723,NA,0.998561456086506,1,0.373648172614955,0.0195335948185324,NA,1,1,"S6","null",500,70,0.500915658514495,84.7902603951818,0,0.4,0.3,"none",0,67,0
0.248247615333844,0.00426220265341024,0.999999999999944,1,0.242494431376889,NA,0.999972754005461,1,0.202088926965329,NA,0.92733701644843,1,0.251928737413453,0.00376204409565693,0.00336657942341127,0.992070351758794,1,"S6","null",500,70,0.500915658514495,78.5980827479895,0,0.4,0.3,"none",0,68,0
0.22270490501378,-0.00149463630265723,0.999999999982946,1,0.186020440731351,NA,0.998503194648418,1,0.095250841315148,NA,0.541104096963464,1,0.0872271400107692,-0.0204013868023525,0.0172141558598421,0.574605527638191,1,"S6","null",500,70,0.500915658514495,81.3237248690956,0,0.4,0.3,"none",0,69,0
0.271056404078877,0.0111705026383147,0.999999999999971,1,0.174414320635799,NA,0.990381974047345,1,0.0499025911264242,NA,0.303588239499211,0,0.114720953755822,0.0253585058217627,0.0160271335247635,0.637645728643216,1,"S6","null",500,70,0.500915658514495,74.389616976626,0,0.4,0.3,"none",0,70,0
0.273222046315418,0.00568623721145826,0.999999999999754,1,0.288608955370959,NA,0.999981488216574,1,0.266053418760614,NA,0.97186161592509,1,0.32271969315926,-0.0524480538447235,NA,1,1,"S6","null",500,70,0.500915658514495,75.050040412675,0,0.4,0.3,"none",0,71,0
0.275701652193326,0.0104053580026189,0.999999999999996,1,0.180260779253767,NA,0.994241106257303,1,0.0283243451045418,NA,0.1889050849746,0,0.0816522505385873,0.0015207016901338,0.0149442414495682,0.474497487437186,0,"S6","null",500,70,0.500915658514495,76.8465366420409,0,0.4,0.3,"none",0,72,0
0.25782930829933,0.00988820781674363,0.999999999999929,1,0.239600328728959,NA,0.999742015599701,1,0.245027285139325,NA,0.925428474335818,1,0.142429651896879,0.0226167727338158,0.0172106606318234,0.744982412060301,1,"S6","null",500,70,0.500915658514495,73.6632049031853,0,0.4,0.3,"none",0,73,0
0.264250000687297,-0.00674216269988039,0.999999999996076,1,0.251057429652102,NA,0.999940116090069,1,0.240742099533678,NA,0.95957255373918,1,0.265205243353569,-0.0188027059310656,0.00068845950925035,0.999311557788945,1,"S6","null",500,70,0.500915658514495,95.3470784645346,0,0.4,0.3,"none",0,74,0
0.28380571621646,-0.00202898937407136,0.999999999999992,1,0.266276738913151,NA,0.999921103075926,1,0.22049563539997,NA,0.895347885499599,1,0.288763444632416,-0.00647502353909868,0.00610528963106205,0.990942211055276,1,"S6","null",500,70,0.500915658514495,68.9694434628371,0,0.4,0.3,"none",0,75,0
0.21610555172316,0.0146475337853868,0.999999998017395,1,0.173217892983729,NA,0.992274201595612,1,0.0545247753343075,NA,0.342324830791458,0,0.0545772985006338,-0.00630398097045235,0.0153270192374767,0.351050251256281,0,"S6","null",500,70,0.500915658514495,84.219899170606,0,0.4,0.3,"none",0,76,0
0.315209731805984,0.0128489768774489,1,1,0.292059676414168,NA,0.999999225391832,1,0.269724303829484,NA,0.997060741330811,1,0.305492010434609,0.0367367121898571,NA,1,1,"S6","null",500,70,0.500915658514495,95.3517810343901,0,0.4,0.3,"none",0,77,0
0.235932756723148,-0.0220849186424006,0.999999999987053,1,0.188542690951514,NA,0.997109836775117,1,0.0472077739623974,NA,0.2903706319928,0,0.2192989776103,0.0747819738993284,0.0082068247888513,0.969871859296482,1,"S6","null",500,70,0.500915658514495,76.4328034688985,0,0.4,0.3,"none",0,78,0
0.313054189501398,-0.00403541185704345,1,1,0.287538851688149,NA,0.99997812800522,1,0.206447138277377,NA,0.853439906248031,1,0.294414590781541,-0.0473212420114311,0.00240935511824062,0.996243718592965,1,"S6","null",500,70,0.500915658514495,75.7338724628836,0,0.4,0.3,"none",0,79,0
0.196470794934789,0.00252652152271331,0.999999988191213,1,0.134383835775953,NA,0.969574414955974,1,0.0170378705191979,NA,0.138166540919138,0,0.0970871859937175,0.00634986687744679,0.0169735883834596,0.57441959798995,1,"S6","null",500,70,0.500915658514495,75.0006940062697,0,0.4,0.3,"none",0,80,0
0.220525534511525,-0.019126840006867,0.999999999769082,1,0.19305010314896,NA,0.997857191028716,1,0.103450716445818,NA,0.570969054857837,1,0.134158901157821,0.00291186205561294,0.0161935542417103,0.708273869346734,1,"S6","null",500,70,0.500915658514495,84.2548725715524,0,0.4,0.3,"none",0,81,0
0.248839826822692,0.0363629906882285,0.999999999999533,1,0.235546570096737,NA,0.999943636522494,1,0.213025028197623,NA,0.961663270031177,1,0.241649617058174,0.0201644302578038,0.00361047116068591,0.989359296482412,1,"S6","null",500,70,0.500915658514495,102.991305727664,0,0.4,0.3,"none",0,82,0
0.214413439728911,0.00115064089035487,0.999999999351758,1,0.163058118305426,NA,0.993547104214451,1,0.0136493293927388,NA,0.115257387299588,0,0.140189502594288,0.0232432107480223,0.0133113943547826,0.751922110552764,1,"S6","null",500,70,0.500915658514495,85.8785575684425,0,0.4,0.3,"none",0,83,0
0.281452867368948,0.00674133266606223,1,1,0.214364917789708,NA,0.99957771378726,1,0.209811014274559,NA,0.930832062694096,1,0.229816139563721,-0.00988725220932888,0.00815087824325352,0.968821608040201,1,"S6","null",500,70,0.500915658514495,86.9452542313819,0,0.4,0.3,"none",0,84,0
0.222107427493545,-0.00723490310261874,0.999999999711321,1,0.154706333900768,NA,0.986931819863941,1,0.0191772183834234,NA,0.148019296454796,0,0.133306002933766,-0.00998299515477133,0.0167266544463299,0.710706030150754,1,"S6","null",500,70,0.500915658514495,95.2883415066787,0,0.4,0.3,"none",0,85,0
0.257443240658733,-0.0270248102040703,0.999999999999997,1,0.245797541352725,NA,0.99996242479174,1,0.246481746313161,NA,0.979324617088307,1,0.272663877044146,-0.0596957339882775,0.000401147637443023,0.999454773869347,1,"S6","null",500,70,0.500915658514495,82.0264884820609,0,0.4,0.3,"none",0,86,0
0.262268121199383,0.00158927487667486,0.999999999999927,1,0.19046050168128,NA,0.996737005957017,1,0.0385525949674187,NA,0.243314560654787,0,0.17783570732874,0.00856396967758898,0.0134607737736633,0.842479899497487,1,"S6","null",500,70,0.500915658514495,81.7488149265571,0,0.4,0.3,"none",0,87,0
0.250196700482558,0.0423081988901027,0.999999999999763,1,0.224998088723704,NA,0.999878990621289,1,0.152110128643466,NA,0.780852006752323,1,0.222728868406699,0.0529250579059984,0.00695324725808356,0.990585427135678,1,"S6","null",500,70,0.500915658514495,92.5646102745308,0,0.4,0.3,"none",0,88,0
0.287603932332,-0.0190740151075032,1,1,0.292374526940991,NA,0.999998183101547,1,0.268699742409851,NA,0.977097091587114,1,0.350722811886686,-0.0121377729909688,NA,1,1,"S6","null",500,70,0.500915658514495,93.49506799142,0,0.4,0.3,"none",0,89,0
0.236605712639589,0.00518879679500297,0.99999999993998,1,0.237066422007022,NA,0.999923876728828,1,0.193173499919034,NA,0.897255954123184,1,0.27345583273501,0.0520391194023281,0.000675896379519316,0.999324120603015,1,"S6","null",500,70,0.500915658514495,95.1574615302456,0,0.4,0.3,"none",0,90,0
0.244293339160227,-0.013626320709138,0.999999999999793,1,0.210636826019606,NA,0.999478443361974,1,0.0867922528880941,NA,0.479485933363151,0,0.225466370595242,-0.0375006548928959,0.00764820185618162,0.971537688442211,1,"S6","null",500,70,0.500915658514495,87.5856362819857,0,0.4,0.3,"none",0,91,0
0.222708664177717,0.00380297884480239,0.999999999964911,1,0.183348368737714,NA,0.994741910948261,1,0.0584315827914724,NA,0.311877401952081,0,0.118312758297251,0.00327081943298065,0.01421298255643,0.616515075376884,1,"S6","null",500,70,0.500915658514495,68.271959370317,0,0.4,0.3,"none",0,92,0
0.290096576114982,0.052109476260305,1,1,0.227351037584885,NA,0.999283026414755,1,0.102198935917749,NA,0.520433401604057,1,0.221546673735039,0.018157216334639,0.010667100266934,0.936168341708543,1,"S6","null",500,70,0.500915658514495,76.7539673494747,0,0.4,0.3,"none",0,93,0
0.278629372027832,-0.00928451598600958,0.99999999999984,1,0.273470553803114,NA,0.999974337349484,1,0.254853013773038,NA,0.970679192335557,1,0.26513026208831,0.0456097534938186,0.00334030130971121,0.991786432160804,1,"S6","null",500,70,0.500915658514495,94.5857808126137,0,0.4,0.3,"none",0,94,0
0.256343354300237,-0.00297663976340606,0.999999999996581,1,0.240270934344575,NA,0.99962978840797,1,0.240497170007448,NA,0.950178597621859,1,0.28023004527773,-0.0524555017150221,0.00452267714826487,0.988258793969849,1,"S6","null",500,70,0.500915658514495,78.6157132081433,0,0.4,0.3,"none",0,95,0
0.303778729819764,0.00419638761719357,1,1,0.250941510706407,NA,0.999951185039325,1,0.195114393072282,NA,0.857146865075284,1,0.269235520772161,-0.0488210944683493,0.00169108628339938,0.997447236180904,1,"S6","null",500,70,0.500915658514495,86.2130186117737,0,0.4,0.3,"none",0,96,0
0.242934215342612,-0.00245289204648247,0.999999999991018,1,0.20771193966094,NA,0.999269210878489,1,0.105928267171103,NA,0.580411332806683,1,0.233369801173288,0.0678859319201708,0.00452459444520849,0.979781407035176,1,"S6","null",500,70,0.500915658514495,100.586705455471,0,0.4,0.3,"none",0,97,0
0.280017159720076,0.0167127691442102,0.999999999999998,1,0.252096376954138,NA,0.999874533201643,1,0.269084247546799,NA,0.982068611482626,1,0.273719023515654,-0.087121449175815,0.00182011535059252,0.996736180904523,1,"S6","null",500,70,0.500915658514495,71.1609645468403,0,0.4,0.3,"none",0,98,0
0.29160892447693,0.0350974083422254,1,1,0.280940979861718,NA,0.999996952466015,1,0.272097559024119,NA,0.992993306414995,1,0.340704447961691,-0.00310289614789799,NA,1,1,"S6","null",500,70,0.500915658514495,82.4419447923964,0,0.4,0.3,"none",0,99,0
0.257193259563205,-0.00602169186877657,0.99999999999997,1,0.226884118796823,NA,0.99982428543064,1,0.173783033845374,NA,0.839860252367864,1,0.236466088836893,0.0744782950333226,0.00577726189882154,0.988464824120603,1,"S6","null",500,70,0.500915658514495,91.4084567726419,0,0.4,0.3,"none",0,100,0
0.521933983539448,0.301902092471954,1,1,0.347068356977965,NA,0.999975468557249,1,0.357941634682533,NA,0.991856711458799,1,0.339599330671696,0.267986746424895,NA,1,1,"S6","signal",500,70,0.500915658514495,80.2883555908005,0,0.2,0.1,"none",0,1,1
0.424998085044846,0.306934743294806,1,1,0.238859950296709,NA,0.999435696299375,1,0.229089116767096,NA,0.922534243966492,1,0.271135289254886,0.36529604767214,NA,1,1,"S6","signal",500,70,0.500915658514495,88.027754061751,0,0.2,0.1,"none",0,2,1
0.507035490913282,0.287071406937977,1,1,0.400591322393653,NA,0.999999721996402,1,0.371433797718608,NA,0.997244919600741,1,0.387776244530538,0.362271690957266,NA,1,1,"S6","signal",500,70,0.500915658514495,89.0582263016878,0,0.2,0.1,"none",0,3,1
0.391311113112841,0.31172276316561,1,1,0.277875038058143,NA,0.999931554996723,1,0.23430975013243,NA,0.904463107498343,1,0.280309680415198,0.311105983541033,NA,1,1,"S6","signal",500,70,0.500915658514495,110.4018244107,0,0.2,0.1,"none",0,4,1
0.479395589278684,0.311400845795478,1,1,0.385587433363053,NA,0.999999010510295,1,0.340745546003815,NA,0.986526259946223,1,0.375791329386871,0.323084855409488,NA,1,1,"S6","signal",500,70,0.500915658514495,86.7826050292324,0,0.2,0.1,"none",0,5,1
0.476937973017652,0.283994824071789,1,1,0.310102271592556,NA,0.99992311616063,1,0.204968047141955,NA,0.771562232543048,1,0.238350328086101,0.339671645793333,NA,1,1,"S6","signal",500,70,0.500915658514495,80.8784674703756,0,0.2,0.1,"none",0,6,1
0.45693050806643,0.248837054093229,1,1,0.396354932173145,NA,0.99999961954179,1,0.39328450268822,NA,0.999611254386547,1,0.354997607946292,0.359081468228151,NA,1,1,"S6","signal",500,70,0.500915658514495,76.3493992478118,0,0.2,0.1,"none",0,7,1
0.433991221814163,0.296515559489003,1,1,0.358334834550873,NA,0.999998319606543,1,0.352132670679412,NA,0.998491095365863,1,0.36085337270051,0.36671149101386,NA,1,1,"S6","signal",500,70,0.500915658514495,89.1429473677593,0,0.2,0.1,"none",0,8,1
0.472287866372808,0.303302515360425,1,1,0.407979965994031,NA,0.999997806245433,1,0.353644693148058,NA,0.97089528269568,1,0.35890586777699,0.33186341971953,NA,1,1,"S6","signal",500,70,0.500915658514495,63.7730948710784,0,0.2,0.1,"none",0,9,1
0.417498825969571,0.275576652760086,1,1,0.333023120811144,NA,0.999987391475007,1,0.327412070572646,NA,0.994717089270521,1,0.326199262112665,0.333868431976642,NA,1,1,"S6","signal",500,70,0.500915658514495,74.1203553341716,0,0.2,0.1,"none",0,10,1
0.479334965166103,0.292255271935162,1,1,0.310996570561902,NA,0.999967308308654,1,0.288754534943651,NA,0.971196984128081,1,0.363081108559082,0.348720155115589,NA,1,1,"S6","signal",500,70,0.500915658514495,99.5936008953966,0,0.2,0.1,"none",0,11,1
0.510119507269162,0.266609943509563,1,1,0.230489430683981,NA,0.997372788997343,1,0.0877904909861078,NA,0.411521546180536,0,0.229744474773816,0.155990698309335,0.00418289864175093,0.990871859296482,1,"S6","signal",500,70,0.500915658514495,82.3882242801718,0,0.2,0.1,"none",0,12,1
0.424845032158956,0.308537422811885,1,1,0.335676690805044,NA,0.999984013305895,1,0.327686184727372,NA,0.990046072590365,1,0.405343046957267,0.336621420587106,NA,1,1,"S6","signal",500,70,0.500915658514495,81.9788624672399,0,0.2,0.1,"none",0,13,1
0.46330821921544,0.295482529736231,1,1,0.38222754634127,NA,0.999999493676857,1,0.273950777965292,NA,0.901885728241599,1,0.412987690778037,0.315790343881286,NA,1,1,"S6","signal",500,70,0.500915658514495,87.1077170225896,0,0.2,0.1,"none",0,14,1
0.464157997707456,0.294909787846656,1,1,0.340283451591566,NA,0.999974321096852,1,0.298799988798704,NA,0.943597787115369,1,0.427795690091369,0.349948489305014,NA,1,1,"S6","signal",500,70,0.500915658514495,83.3707000014521,0,0.2,0.1,"none",0,15,1
0.477797295155248,0.28738077925721,1,1,0.346021540949834,NA,0.999960496765135,1,0.328409051681569,NA,0.987972176851221,1,0.338403902771236,0.370842798887318,NA,1,1,"S6","signal",500,70,0.500915658514495,76.142244953369,0,0.2,0.1,"none",0,16,1
0.427091344164445,0.326209531407098,1,1,0.323122543315022,NA,0.999818117721002,1,0.189942378542376,NA,0.695849637946225,1,0.326120012031566,0.357774021955498,NA,1,1,"S6","signal",500,70,0.500915658514495,74.0054132720099,0,0.2,0.1,"none",0,17,1
0.419618981628971,0.276158938737889,1,1,0.183209412475856,NA,0.983781159544824,1,0.0289275142833203,NA,0.186682433930872,0,0.125880510761311,0.296966195455739,NA,1,1,"S6","signal",500,70,0.500915658514495,76.738216337434,0,0.2,0.1,"none",0,18,1
0.468092720108308,0.315801307396392,1,1,0.391753520333946,NA,0.999998860713729,1,0.342125777761158,NA,0.992505284209388,1,0.423625737706756,0.354380839691247,NA,1,1,"S6","signal",500,70,0.500915658514495,67.2900684509296,0,0.2,0.1,"none",0,19,1
0.481836496980317,0.267625263920119,1,1,0.468903281440798,NA,0.999999999555442,1,0.434762476869413,NA,0.999983064679402,1,0.405071125030982,0.281280581990309,NA,1,1,"S6","signal",500,70,0.500915658514495,87.879498786414,0,0.2,0.1,"none",0,20,1
0.4732689402773,0.305689216975221,1,1,0.311319155796744,NA,0.999963565027274,1,0.269753580830646,NA,0.953195373261382,1,0.29875450808185,0.34298619573273,NA,1,1,"S6","signal",500,70,0.500915658514495,92.5123115338143,0,0.2,0.1,"none",0,21,1
0.436179873314033,0.302172327543799,1,1,0.221339363862336,NA,0.996958611200341,1,0.0949556530802925,NA,0.463099025899012,0,0.28307923659058,0.311297112119388,NA,1,1,"S6","signal",500,70,0.500915658514495,89.3903416113893,0,0.2,0.1,"none",0,22,1
0.474677049497472,0.296129978978087,1,1,0.413291744691237,NA,0.999999908240984,1,0.360670395337693,NA,0.997090742473811,1,0.447288158926068,0.222413158733316,NA,1,1,"S6","signal",500,70,0.500915658514495,78.4763005197161,0,0.2,0.1,"none",0,23,1
0.422964931426193,0.298387358408973,1,1,0.317590460444724,NA,0.999987854920352,1,0.235668389409567,NA,0.90346355356518,1,0.382497322308273,0.306462548101271,NA,1,1,"S6","signal",500,70,0.500915658514495,99.7077434425024,0,0.2,0.1,"none",0,24,1
0.43856469881249,0.291217280492179,1,1,0.290816152332287,NA,0.999879808464034,1,0.29723672666015,NA,0.965452105845763,1,0.386558161591039,0.372774147347789,NA,1,1,"S6","signal",500,70,0.500915658514495,108.305122534626,0,0.2,0.1,"none",0,25,1
0.497693880999765,0.26951276959618,1,1,0.369175059320837,NA,0.999993944457726,1,0.350666554629889,NA,0.983107532633896,1,0.402372539541984,0.264166146900331,NA,1,1,"S6","signal",500,70,0.500915658514495,75.6834784035983,0,0.2,0.1,"none",0,26,1
0.458821451433332,0.294367275273604,1,1,0.397235431199755,NA,0.999999236991261,1,0.346690314887742,NA,0.970488637117269,1,0.4186592485861,0.317715086621867,NA,1,1,"S6","signal",500,70,0.500915658514495,79.6892142534882,0,0.2,0.1,"none",0,27,1
0.474009233705994,0.318777211483026,1,1,0.340694259609139,NA,0.999991322771088,1,0.299855635777099,NA,0.964073374959098,1,0.37754383395714,0.273390267827368,NA,1,1,"S6","signal",500,70,0.500915658514495,77.6712142886298,0,0.2,0.1,"none",0,28,1
0.421684576535055,0.287867549386101,1,1,0.434099664915584,NA,0.999999987189052,1,0.380271935399404,NA,0.999438801913382,1,0.465733509248264,0.4619418148992,NA,1,1,"S6","signal",500,70,0.500915658514495,91.4305633574688,0,0.2,0.1,"none",0,29,1
0.515760884708003,0.278071144582702,1,1,0.414353560012418,NA,0.999999763428897,1,0.383548891255699,NA,0.998078811596361,1,0.394191199272277,0.287643218105862,NA,1,1,"S6","signal",500,70,0.500915658514495,74.0573503832562,0,0.2,0.1,"none",0,30,1
0.469100637390788,0.312360191086824,1,1,0.310280161539011,NA,0.99977144887512,1,0.324537855890537,NA,0.971279901674485,1,0.324042705745682,0.389479774646243,NA,1,1,"S6","signal",500,70,0.500915658514495,81.8003862837865,0,0.2,0.1,"none",0,31,1
0.495324304431078,0.27415958285033,1,1,0.420134269686133,NA,0.999999263420249,1,0.378417087651613,NA,0.9941806335331,1,0.400690657804424,0.23218181679986,NA,1,1,"S6","signal",500,70,0.500915658514495,70.1045972828457,0,0.2,0.1,"none",0,32,1
0.443574202226807,0.277314401828646,1,1,0.373722495264472,NA,0.999993556217441,1,0.334318754057588,NA,0.972062279153345,1,0.341981993104988,0.23524096692245,NA,1,1,"S6","signal",500,70,0.500915658514495,67.3483612848926,0,0.2,0.1,"none",0,33,1
0.438612970013111,0.310255634074955,1,1,0.261162535683727,NA,0.99933442599819,1,0.101619968170531,NA,0.455163241459231,0,0.295562118419208,0.229696719013584,NA,1,1,"S6","signal",500,70,0.500915658514495,87.1431451351909,0,0.2,0.1,"none",0,34,1
0.417745125789616,0.295017807737499,1,1,0.305389679061535,NA,0.99997975933799,1,0.302880122209376,NA,0.99598892975634,1,0.368311209648975,0.286274731389019,NA,1,1,"S6","signal",500,70,0.500915658514495,95.5819044171951,0,0.2,0.1,"none",0,35,1
0.579655676788767,0.309091971034395,1,1,0.514497053626979,NA,0.999999999887521,1,0.450376322298604,NA,0.999920280573456,1,0.483289921449453,0.429856752347249,NA,1,1,"S6","signal",500,70,0.500915658514495,84.9447082513939,0,0.2,0.1,"none",0,36,1
0.444217121800321,0.320001376778235,1,1,0.371001193429052,NA,0.999999087497485,1,0.350182462766831,NA,0.998475560696087,1,0.382958454082865,0.304440894293765,NA,1,1,"S6","signal",500,70,0.500915658514495,82.8791337648531,0,0.2,0.1,"none",0,37,1
0.531619864781855,0.322043770904857,1,1,0.427795468855166,NA,0.999999811587882,1,0.413973589889009,NA,0.99923841157301,1,0.432390495368349,0.278781901268148,NA,1,1,"S6","signal",500,70,0.500915658514495,75.1691805829209,0,0.2,0.1,"none",0,38,1
0.486985660200767,0.292387148823364,1,1,0.444466141975502,NA,0.999999934381994,1,0.41357668771177,NA,0.998015642728298,1,0.397623857129595,0.278420606184275,NA,1,1,"S6","signal",500,70,0.500915658514495,75.8796494046434,0,0.2,0.1,"none",0,39,1
0.46355536261114,0.301707800518561,1,1,0.415078808886819,NA,0.999999888473746,1,0.360647262683888,NA,0.99719903753252,1,0.441290841727098,0.279890722096682,NA,1,1,"S6","signal",500,70,0.500915658514495,82.1484034406288,0,0.2,0.1,"none",0,40,1
0.462541272709547,0.287048244692654,1,1,0.375426041977663,NA,0.999999236797938,1,0.373998658573698,NA,0.999855732608108,1,0.334047058461973,0.343098473982852,NA,1,1,"S6","signal",500,70,0.500915658514495,89.3395784268859,0,0.2,0.1,"none",0,41,1
0.44727013530963,0.308326901265857,1,1,0.432170473897029,NA,0.999999979076155,1,0.380990324534546,NA,0.998221745309514,1,0.406473132020115,0.333351699785246,NA,1,1,"S6","signal",500,70,0.500915658514495,87.9346429167785,0,0.2,0.1,"none",0,42,1
0.457137825477061,0.323089554183683,1,1,0.334948133072222,NA,0.999958518652826,1,0.214386062350013,NA,0.770919548320618,1,0.328778657635593,0.315386753401078,NA,1,1,"S6","signal",500,70,0.500915658514495,80.2447517934019,0,0.2,0.1,"none",0,43,1
0.451248872455922,0.303797698171782,1,1,0.327735024322983,NA,0.999957725414607,1,0.250522816271995,NA,0.891733524609433,1,0.317055530989824,0.303415411299024,NA,1,1,"S6","signal",500,70,0.500915658514495,81.6463601491617,0,0.2,0.1,"none",0,44,1
0.486407282142644,0.293512831929192,1,1,0.295735117078671,NA,0.999942397370995,1,0.251921323271315,NA,0.93254667215079,1,0.317424304778914,0.316124344825417,NA,1,1,"S6","signal",500,70,0.500915658514495,87.0633678404295,0,0.2,0.1,"none",0,45,1
0.470469668200171,0.321393679750411,1,1,0.348517270420985,NA,0.999995461497183,1,0.254768628591079,NA,0.896079584817455,1,0.313994520532793,0.265172984611178,NA,1,1,"S6","signal",500,70,0.500915658514495,85.9505767896503,0,0.2,0.1,"none",0,46,1
0.513751372485664,0.317918554548247,1,1,0.322180326997313,NA,0.999881328303996,1,0.275021406272275,NA,0.906594865225941,1,0.336791151249944,0.299374192025851,NA,1,1,"S6","signal",500,70,0.500915658514495,85.2424121930364,0,0.2,0.1,"none",0,47,1
0.542826700571458,0.281920272443991,1,1,0.416181649823831,NA,0.999999333307512,1,0.339866204598223,NA,0.972363361068512,1,0.339474151023829,0.274540829331683,NA,1,1,"S6","signal",500,70,0.500915658514495,77.2198272651071,0,0.2,0.1,"none",0,48,1
0.49377355342063,0.301568285030064,1,1,0.476080438108582,NA,0.99999999996436,1,0.429095947660001,NA,0.999989629107255,1,0.488797194245938,0.311264552301243,NA,1,1,"S6","signal",500,70,0.500915658514495,113.566303205654,0,0.2,0.1,"none",0,49,1
0.514182022315635,0.296202295841972,1,1,0.408075201496251,NA,0.999999728887498,1,0.345048064982654,NA,0.984329710549854,1,0.437935649163269,0.395193632959701,NA,1,1,"S6","signal",500,70,0.500915658514495,90.6505231939497,0,0.2,0.1,"none",0,50,1
0.463486703779822,0.31919487204066,1,1,0.241868320329361,NA,0.998785640539958,1,0.144022594722886,NA,0.641591926612271,1,0.235855513736746,0.286953814402963,NA,1,1,"S6","signal",500,70,0.500915658514495,96.3640429218725,0,0.2,0.1,"none",0,51,1
0.435677023027032,0.291805883031351,1,1,0.311319325180228,NA,0.999996986186998,1,0.263809513988992,NA,0.986456451795067,1,0.311464974991877,0.338443233492459,NA,1,1,"S6","signal",500,70,0.500915658514495,114.249336934931,0,0.2,0.1,"none",0,52,1
0.504278773543503,0.283842778114852,1,1,0.40513599234692,NA,0.999999330456926,1,0.374102728716169,NA,0.996741970247055,1,0.470208499555048,0.233353830104769,NA,1,1,"S6","signal",500,70,0.500915658514495,70.9731694054198,0,0.2,0.1,"none",0,53,1
0.502897636353808,0.287120616142884,1,1,0.32169668426055,NA,0.999984338317679,1,0.277871957455995,NA,0.95436311975519,1,0.334016386115665,0.315731225253192,NA,1,1,"S6","signal",500,70,0.500915658514495,84.8109716545257,0,0.2,0.1,"none",0,54,1
0.469188385719449,0.299922352477672,1,1,0.258138125571257,NA,0.999425810946288,1,0.067405737931609,NA,0.336951012944153,0,0.208797002476169,0.332693685903207,NA,1,1,"S6","signal",500,70,0.500915658514495,80.882504377389,0,0.2,0.1,"none",0,55,1
0.492645456634188,0.291943852254019,1,1,0.422625999394683,NA,0.999999991275137,1,0.398290310837422,NA,0.999954634898864,1,0.387672423982016,0.355319474294753,NA,1,1,"S6","signal",500,70,0.500915658514495,99.9369271008082,0,0.2,0.1,"none",0,56,1
0.522032736300964,0.306914781765266,1,1,0.451436164002201,NA,0.99999993079533,1,0.420871571347567,NA,0.999547912781157,1,0.498695330874568,0.344545438513646,NA,1,1,"S6","signal",500,70,0.500915658514495,83.6660981309387,0,0.2,0.1,"none",0,57,1
0.496645750744394,0.302083671262328,1,1,0.408355509514219,NA,0.999999674891768,1,0.320716721560874,NA,0.961411801841285,1,0.418502641134731,0.286144807890029,NA,1,1,"S6","signal",500,70,0.500915658514495,90.6174008784869,0,0.2,0.1,"none",0,58,1
0.345034457093,0.283629124092595,1,1,0.216547888520433,NA,0.994046781174998,1,0.036420658727684,NA,0.202338095190263,0,0.30891190111355,0.225555771544131,NA,1,1,"S6","signal",500,70,0.500915658514495,86.6626969255659,0,0.2,0.1,"none",0,59,1
0.473398425690717,0.295912196394454,1,1,0.302459262538779,NA,0.999972954242084,1,0.232072249040706,NA,0.901794003268202,1,0.290294629810383,0.312927631498475,NA,1,1,"S6","signal",500,70,0.500915658514495,101.065708971146,0,0.2,0.1,"none",0,60,1
0.473593774710644,0.325129660813179,1,1,0.334671085989292,NA,0.999993096311642,1,0.301176864917622,NA,0.980211948594874,1,0.321824337283608,0.329325915277437,NA,1,1,"S6","signal",500,70,0.500915658514495,96.1722850183481,0,0.2,0.1,"none",0,61,1
0.436183663355336,0.293025545291887,1,1,0.415722274027321,NA,0.999999984594378,1,0.377339952061601,NA,0.999630462795477,1,0.40406163662244,0.289592079822318,NA,1,1,"S6","signal",500,70,0.500915658514495,101.371615881545,0,0.2,0.1,"none",0,62,1
0.463820578882816,0.331592549221239,1,1,0.374542461761147,NA,0.999998046403525,1,0.316079620286502,NA,0.973500222785318,1,0.38196287278274,0.310185231307782,NA,1,1,"S6","signal",500,70,0.500915658514495,88.1806167619557,0,0.2,0.1,"none",0,63,1
0.509261449979068,0.308295963952604,1,1,0.342066348589901,NA,0.999977354185948,1,0.326475858904316,NA,0.975129715655597,1,0.332976724778157,0.34385613709645,NA,1,1,"S6","signal",500,70,0.500915658514495,79.4778693361196,0,0.2,0.1,"none",0,64,1
0.4798603040667,0.286839074630342,1,1,0.334756936916918,NA,0.999950463324167,1,0.338926358966947,NA,0.987603990510647,1,0.389854539067441,0.330527679446976,NA,1,1,"S6","signal",500,70,0.500915658514495,77.5733369151965,0,0.2,0.1,"none",0,65,1
0.45416203211083,0.306991001374641,1,1,0.376853185055226,NA,0.999999776880184,1,0.355547008442302,NA,0.998946513878403,1,0.365390879367458,0.311355465069643,NA,1,1,"S6","signal",500,70,0.500915658514495,94.052609345543,0,0.2,0.1,"none",0,66,1
0.421740057686369,0.308893459049014,1,1,0.346337020772722,NA,0.999996261234356,1,0.31832245675079,NA,0.986353706979187,1,0.345506563912757,0.312917824212605,NA,1,1,"S6","signal",500,70,0.500915658514495,90.354730891604,0,0.2,0.1,"none",0,67,1
0.474183512133614,0.31406109409514,1,1,0.228049044798222,NA,0.995994484903577,1,0.131437165690748,NA,0.573234044389787,1,0.285734249522221,0.293877854706491,NA,1,1,"S6","signal",500,70,0.500915658514495,89.8938777408906,0,0.2,0.1,"none",0,68,1
0.461304124511875,0.283075052805483,1,1,0.328825738148458,NA,0.999984460874714,1,0.279587069395562,NA,0.946944290872393,1,0.257808820052141,0.234018671099988,NA,1,1,"S6","signal",500,70,0.500915658514495,82.2963147011002,0,0.2,0.1,"none",0,69,1
0.483187640695655,0.290664603368898,1,1,0.396234257271086,NA,0.999999918217253,1,0.392920502972104,NA,0.99997250281838,1,0.411471558415965,0.26600359995504,NA,1,1,"S6","signal",500,70,0.500915658514495,82.8954367229196,0,0.2,0.1,"none",0,70,1
0.484759805527815,0.284962463730177,1,1,0.34439042063601,NA,0.999994722079275,1,0.319116258297541,NA,0.982273048692266,1,0.382638669519427,0.359173499712269,NA,1,1,"S6","signal",500,70,0.500915658514495,86.0622753735076,0,0.2,0.1,"none",0,71,1
0.491677293739669,0.297447338023695,1,1,0.307085858042351,NA,0.999867198650859,1,0.238368114368906,NA,0.851602385581142,1,0.305285217330203,0.270345735345643,NA,1,1,"S6","signal",500,70,0.500915658514495,71.2458016038198,0,0.2,0.1,"none",0,72,1
0.3995840768029,0.291997916724225,1,1,0.190845258329283,NA,0.993734591392933,1,0.0649807663408447,NA,0.376121833349169,0,0.203771086121471,0.290557913354547,NA,1,1,"S6","signal",500,70,0.500915658514495,80.2301794913041,0,0.2,0.1,"none",0,73,1
0.507264967989075,0.276279059796902,1,1,0.355975414243077,NA,0.999999560461409,1,0.340066315114901,NA,0.999786513826417,1,0.382705634424295,0.255681883719321,NA,1,1,"S6","signal",500,70,0.500915658514495,91.8201551702606,0,0.2,0.1,"none",0,74,1
0.47599583562766,0.322496591305914,1,1,0.322008908267538,NA,0.999950670568505,1,0.290845350051266,NA,0.966980823663147,1,0.40121959121966,0.305328317084843,NA,1,1,"S6","signal",500,70,0.500915658514495,87.431865452389,0,0.2,0.1,"none",0,75,1
0.527057518218488,0.288971222719471,1,1,0.390902257769697,NA,0.999999815945258,1,0.345608000153313,NA,0.994937257613088,1,0.391457732583507,0.225801216797163,NA,1,1,"S6","signal",500,70,0.500915658514495,96.4386057422765,0,0.2,0.1,"none",0,76,1
0.439218903716148,0.300393675100454,1,1,0.267541773487189,NA,0.999455667097793,1,0.230225412224988,NA,0.899277138836817,1,0.253861199858632,0.315895312392018,NA,1,1,"S6","signal",500,70,0.500915658514495,83.4643417747062,0,0.2,0.1,"none",0,77,1
0.475346255706302,0.286815197057788,1,1,0.37037279256381,NA,0.999999489644478,1,0.315878464812758,NA,0.980542180048556,1,0.448289146087215,0.426014364995959,NA,1,1,"S6","signal",500,70,0.500915658514495,96.5068396272373,0,0.2,0.1,"none",0,78,1
0.458958112058448,0.311287130961988,1,1,0.272504249780047,NA,0.999818873166866,1,0.0807538978349174,NA,0.397994780083536,0,0.312455760610389,0.315104356938345,NA,1,1,"S6","signal",500,70,0.500915658514495,85.0440835727661,0,0.2,0.1,"none",0,79,1
0.478400863246485,0.280684642429504,1,1,0.401413732212375,NA,0.999999968888803,1,0.365571285462049,NA,0.999267619216609,1,0.416062588225099,0.296952265251844,NA,1,1,"S6","signal",500,70,0.500915658514495,96.2638344058031,0,0.2,0.1,"none",0,80,1
0.449464163482738,0.315627772121802,1,1,0.280903727049031,NA,0.998771596396022,1,0.136946881721857,NA,0.543630509573224,1,0.33893785384771,0.383949884017413,NA,1,1,"S6","signal",500,70,0.500915658514495,65.7281697311928,0,0.2,0.1,"none",0,81,1
0.506872215272921,0.295855597623894,1,1,0.438077237012776,NA,0.999999967532759,1,0.383973447820277,NA,0.997983734806446,1,0.437616117209463,0.323203015925013,NA,1,1,"S6","signal",500,70,0.500915658514495,79.992979072307,0,0.2,0.1,"none",0,82,1
0.479747911601774,0.286583658061784,1,1,0.301846967571391,NA,0.999833830893407,1,0.271085533175505,NA,0.926088199420558,1,0.272815992356346,0.31107969181893,NA,1,1,"S6","signal",500,70,0.500915658514495,75.0467766050646,0,0.2,0.1,"none",0,83,1
0.49435590162178,0.300912454662104,1,1,0.334571538119041,NA,0.999965123292917,1,0.294169245486051,NA,0.949667225134139,1,0.333829348698202,0.372708787766071,NA,1,1,"S6","signal",500,70,0.500915658514495,87.258603053495,0,0.2,0.1,"none",0,84,1
0.465916346566969,0.291142866089944,1,1,0.289350851780707,NA,0.999071940277033,1,0.0393265010142381,NA,0.192888957713817,0,0.205330903591823,0.364029076569993,NA,1,1,"S6","signal",500,70,0.500915658514495,70.2192863820792,0,0.2,0.1,"none",0,85,1
0.506601360193012,0.303278144407402,1,1,0.339525914167301,NA,0.999814636636629,1,0.172541280511662,NA,0.578492131775631,1,0.318748235677908,0.350568451524051,NA,1,1,"S6","signal",500,70,0.500915658514495,69.7887132917958,0,0.2,0.1,"none",0,86,1
0.408881387650713,0.31708752952023,1,1,0.326054688210997,NA,0.999977889860965,1,0.287706113875113,NA,0.963303286177604,1,0.317253263309927,0.308232928603389,NA,1,1,"S6","signal",500,70,0.500915658514495,92.8524654026916,0,0.2,0.1,"none",0,87,1
0.438519886027927,0.274297675592225,1,1,0.270782674736673,NA,0.999853312466835,1,0.222632402760482,NA,0.891617572399528,1,0.241297352150358,0.251229895998178,NA,1,1,"S6","signal",500,70,0.500915658514495,101.691612568199,0,0.2,0.1,"none",0,88,1
0.466546440724861,0.320450504958481,1,1,0.253515172093946,NA,0.998352632445667,1,0.122501199390896,NA,0.518059724079894,1,0.281222090498726,0.319822807102281,NA,1,1,"S6","signal",500,70,0.500915658514495,70.8471859653688,0,0.2,0.1,"none",0,89,1
0.479702099811393,0.309972601145495,1,1,0.329168368569075,NA,0.999882790452416,1,0.306816519799981,NA,0.923587999981932,1,0.330755705178654,0.304911389622583,NA,1,1,"S6","signal",500,70,0.500915658514495,60.5168728128293,0,0.2,0.1,"none",0,90,1
0.454795887887046,0.288169089262704,1,1,0.1866953049618,NA,0.98810545441796,1,0.0363088657579634,NA,0.215379838103593,0,0.232174029085789,0.211814703917033,NA,1,1,"S6","signal",500,70,0.500915658514495,80.451593306138,0,0.2,0.1,"none",0,91,1
0.465194868149314,0.259531795222134,1,1,0.342017735176413,NA,0.999998999210755,1,0.291343731730546,NA,0.986981655725,1,0.337718051251846,0.248921321709602,NA,1,1,"S6","signal",500,70,0.500915658514495,102.370009641928,0,0.2,0.1,"none",0,92,1
0.451027434143298,0.282548164923165,1,1,0.276660259661974,NA,0.999940849256633,1,0.249596554083695,NA,0.936731958881566,1,0.368368274751376,0.350306070850269,NA,1,1,"S6","signal",500,70,0.500915658514495,103.735131069423,0,0.2,0.1,"none",0,93,1
0.448938129073857,0.297185513908426,1,1,0.396976513338322,NA,0.999999788030121,1,0.382484486265341,NA,0.999597503475858,1,0.386690872296533,0.387691722724462,NA,1,1,"S6","signal",500,70,0.500915658514495,93.4969375408987,0,0.2,0.1,"none",0,94,1
0.43349042882144,0.304504546915594,1,1,0.372112743427434,NA,0.999997511467574,1,0.342524765750094,NA,0.990500556063215,1,0.379565800472563,0.154598054906978,NA,1,1,"S6","signal",500,70,0.500915658514495,79.3843124093686,0,0.2,0.1,"none",0,95,1
0.430907451564061,0.321981738167374,1,1,0.314800267311778,NA,0.999969019573709,1,0.245184444451287,NA,0.905867882092826,1,0.396780104616096,0.447017847818667,NA,1,1,"S6","signal",500,70,0.500915658514495,88.6111781140527,0,0.2,0.1,"none",0,96,1
0.466163064287917,0.256892870414242,1,1,0.39782910180626,NA,0.999999669118041,1,0.376954365304997,NA,0.9987282911363,1,0.407361403394104,0.249703306477788,NA,1,1,"S6","signal",500,70,0.500915658514495,88.3186080582214,0,0.2,0.1,"none",0,97,1
0.458260745862279,0.300252727431338,1,1,0.2702878709698,NA,0.99975085326124,1,0.17539825668486,NA,0.751300410536401,1,0.239284627251081,0.24871290530653,NA,1,1,"S6","signal",500,70,0.500915658514495,102.850793483728,0,0.2,0.1,"none",0,98,1
0.452964988016024,0.274936729874153,1,1,0.383046794378315,NA,0.999999894854335,1,0.347252114366043,NA,0.998362938936251,1,0.408429742617741,0.265557017504963,NA,1,1,"S6","signal",500,70,0.500915658514495,90.6194609246637,0,0.2,0.1,"none",0,99,1
0.457049333134586,0.28131672729164,1,1,0.30439380580143,NA,0.999907217423533,1,0.189691775497135,NA,0.738723357393609,1,0.285876203636492,0.226946306563311,NA,1,1,"S6","signal",500,70,0.500915658514495,74.506342814245,0,0.2,0.1,"none",0,100,1
0.489467681645233,0.289171544132556,1,1,0.375763424857132,NA,0.999997630800191,1,0.344926054307398,NA,0.995155691053737,1,0.418187089166591,0.322054969739794,NA,1,1,"S6","signal",500,70,0.500915658514495,84.2274244255715,0,0.4,0.1,"none",0,1,1
0.473152611865763,0.299472253785227,1,1,0.426582016732291,NA,0.999999991132722,1,0.386452684674441,NA,0.999609584352254,1,0.459686604638667,0.348373825590671,NA,1,1,"S6","signal",500,70,0.500915658514495,98.4900116686142,0,0.4,0.1,"none",0,2,1
0.542548691751608,0.308698201639006,1,1,0.569086606735388,NA,0.999999999979178,1,0.519475205907067,NA,0.999900233377918,1,0.533849375059868,0.298846880552145,NA,1,1,"S6","signal",500,70,0.500915658514495,74.1121467960522,0,0.4,0.1,"none",0,3,1
0.49366288416318,0.328228475521147,1,1,0.436456404807043,NA,0.999999164393932,1,0.41173311676974,NA,0.994449663737665,1,0.47021042608995,0.36064996482454,NA,1,1,"S6","signal",500,70,0.500915658514495,66.2442893496895,0,0.4,0.1,"none",0,4,1
0.424853086442548,0.298509749071457,1,1,0.297833086231329,NA,0.999958756896171,1,0.236427127849057,NA,0.903854893988702,1,0.366588213712584,0.287065672890477,NA,1,1,"S6","signal",500,70,0.500915658514495,92.5930220969181,0,0.4,0.1,"none",0,5,1
0.448275967901264,0.285737187011972,1,1,0.382584911929607,NA,0.999995588142451,1,0.316469651612234,NA,0.951747283189612,1,0.340984512505677,0.372888740267494,NA,1,1,"S6","signal",500,70,0.500915658514495,69.1738129668417,0,0.4,0.1,"none",0,6,1
0.533792757144888,0.301471755806206,1,1,0.409909149637649,NA,0.999999815598937,1,0.384502527137621,NA,0.999801150359589,1,0.388298028300028,0.320173325441052,NA,1,1,"S6","signal",500,70,0.500915658514495,107.117866799528,0,0.4,0.1,"none",0,7,1
0.490705205301396,0.309912870384737,1,1,0.313301286502471,NA,0.999940638318433,1,0.296091983269598,NA,0.958347901827063,1,0.354576391463578,0.181341029992383,NA,1,1,"S6","signal",500,70,0.500915658514495,82.2402003894343,0,0.4,0.1,"none",0,8,1
0.445632059531438,0.296268139131361,1,1,0.439419783228236,NA,0.999999934898366,1,0.395578276909817,NA,0.998938790981627,1,0.419247916537298,0.391934145536045,NA,1,1,"S6","signal",500,70,0.500915658514495,72.8196261504925,0,0.4,0.1,"none",0,9,1
0.49950966742107,0.307065796031739,1,1,0.258243924300707,NA,0.998164671834273,1,0.0965181969660193,NA,0.413435847568398,0,0.25913903196501,0.214971089761614,NA,1,1,"S6","signal",500,70,0.500915658514495,83.3371516395927,0,0.4,0.1,"none",0,10,1
0.423510853704326,0.310438671757589,1,1,0.314112330407639,NA,0.999917731970664,1,0.252287723406872,NA,0.846974550382088,1,0.299185701386846,0.289975454873067,NA,1,1,"S6","signal",500,70,0.500915658514495,75.6941513765627,0,0.4,0.1,"none",0,11,1
0.467484327308619,0.283720395635376,1,1,0.333424431948215,NA,0.999845258422064,1,0.315251070826453,NA,0.965286679281269,1,0.296596414234332,0.354878277573369,NA,1,1,"S6","signal",500,70,0.500915658514495,64.0613337934346,0,0.4,0.1,"none",0,12,1
0.563915908829815,0.299555089924907,1,1,0.36375661839227,NA,0.999987318512004,1,0.329230060900954,NA,0.96700982386976,1,0.399387445300713,0.380824837123147,NA,1,1,"S6","signal",500,70,0.500915658514495,81.4042338670555,0,0.4,0.1,"none",0,13,1
0.496270641447608,0.260926242878943,1,1,0.413602169154009,NA,0.99999964700837,1,0.359700212011757,NA,0.987518884235835,1,0.413008479797367,0.282449037014574,NA,1,1,"S6","signal",500,70,0.500915658514495,72.309756516952,0,0.4,0.1,"none",0,14,1
0.440637276001518,0.307611575618009,1,1,0.366684888764813,NA,0.999995068439911,1,0.336548683607241,NA,0.985731599955715,1,0.37751400686163,0.296678947253437,NA,1,1,"S6","signal",500,70,0.500915658514495,74.9283547491687,0,0.4,0.1,"none",0,15,1
0.516615386159363,0.292989516160135,1,1,0.370136721436826,NA,0.999998988040806,1,0.363776557967081,NA,0.998353089079924,1,0.402645236331037,0.34711683096824,NA,1,1,"S6","signal",500,70,0.500915658514495,95.2009337398761,0,0.4,0.1,"none",0,16,1
0.52163959298431,0.305717150538703,1,1,0.45633444351463,NA,0.999999859725918,1,0.441907003701314,NA,0.999367915179662,1,0.388302384254755,0.439513522622035,NA,1,1,"S6","signal",500,70,0.500915658514495,76.7293851706769,0,0.4,0.1,"none",0,17,1
0.468698734195061,0.295380672924116,1,1,0.322317221729905,NA,0.999996387990822,1,0.29236970898524,NA,0.994620471807535,1,0.29857654573922,0.287735940250972,NA,1,1,"S6","signal",500,70,0.500915658514495,114.998360099887,0,0.4,0.1,"none",0,18,1
0.452885224074256,0.303942729324495,1,1,0.372437096481019,NA,0.999996136819024,1,0.328759144100404,NA,0.982717011980209,1,0.417143385410797,0.317219729077486,NA,1,1,"S6","signal",500,70,0.500915658514495,79.0675010570882,0,0.4,0.1,"none",0,19,1
0.408566440251324,0.29450670765444,1,1,0.28060266220236,NA,0.999711916971776,1,0.258934666940015,NA,0.910913989996437,1,0.303658094295754,0.331686327064062,NA,1,1,"S6","signal",500,70,0.500915658514495,73.3717312052172,0,0.4,0.1,"none",0,20,1
0.514375242177539,0.29397956662446,1,1,0.41012927814255,NA,0.99999989821477,1,0.392826135992765,NA,0.999835367865055,1,0.392337067701618,0.166363709592991,NA,1,1,"S6","signal",500,70,0.500915658514495,98.243367038775,0,0.4,0.1,"none",0,21,1
0.466332089508454,0.264705173893453,1,1,0.281007647918276,NA,0.999746747318964,1,0.157262627072033,NA,0.64549777303431,1,0.3362932858644,0.283646312722792,NA,1,1,"S6","signal",500,70,0.500915658514495,73.1689682152761,0,0.4,0.1,"none",0,22,1
0.441160833771946,0.296055171728023,1,1,0.340719703339573,NA,0.99998948271451,1,0.338891318673797,NA,0.988938957747471,1,0.35088665944444,0.226515303162285,NA,1,1,"S6","signal",500,70,0.500915658514495,82.1369188629967,0,0.4,0.1,"none",0,23,1
0.491655510430958,0.300355354318666,1,1,0.39349665467039,NA,0.999998102615912,1,0.361925182421451,NA,0.99274269676076,1,0.395605727398466,0.251488110040868,NA,1,1,"S6","signal",500,70,0.500915658514495,81.4307510392936,0,0.4,0.1,"none",0,24,1
0.520632401500474,0.286071422879048,1,1,0.441332299022073,NA,0.999999990089496,1,0.378078696778876,NA,0.998924041866906,1,0.427614975623163,0.230238377309241,NA,1,1,"S6","signal",500,70,0.500915658514495,82.129587494903,0,0.4,0.1,"none",0,25,1
0.525129867949893,0.32863709343495,1,1,0.35394058547248,NA,0.999996751694171,1,0.336244598842647,NA,0.997935711797283,1,0.325919134183386,0.306633134794932,NA,1,1,"S6","signal",500,70,0.500915658514495,91.1428508252396,0,0.4,0.1,"none",0,26,1
0.508897614174727,0.326714564997717,1,1,0.379540468645397,NA,0.999999807209111,1,0.319743955066949,NA,0.996127347348003,1,0.385523052362378,0.306189845268927,NA,1,1,"S6","signal",500,70,0.500915658514495,95.4624447536507,0,0.4,0.1,"none",0,27,1
0.516616014549471,0.290143489098511,1,1,0.396697610789395,NA,0.999999859170785,1,0.370119490081126,NA,0.999811365228518,1,0.393243618053256,0.255406528135485,NA,1,1,"S6","signal",500,70,0.500915658514495,91.1508533932963,0,0.4,0.1,"none",0,28,1
0.520084213675584,0.307047197775584,1,1,0.47308065950549,NA,0.999999913299706,1,0.412772689101448,NA,0.996558042878543,1,0.418993910499992,0.412381588219395,NA,1,1,"S6","signal",500,70,0.500915658514495,75.2335399215091,0,0.4,0.1,"none",0,29,1
0.507065386572829,0.324623974180875,1,1,0.350408338432965,NA,0.9999983545185,1,0.319186318129156,NA,0.98903536289863,1,0.383490397409601,0.229749003845815,NA,1,1,"S6","signal",500,70,0.500915658514495,82.5441412636455,0,0.4,0.1,"none",0,30,1
0.457911716175323,0.28053872204605,1,1,0.34180152515068,NA,0.999995914172928,1,0.281927710460398,NA,0.940993470064272,1,0.369244794401831,0.317311123946411,NA,1,1,"S6","signal",500,70,0.500915658514495,84.1643184360112,0,0.4,0.1,"none",0,31,1
0.472853359979993,0.306780775349683,1,1,0.267240484826065,NA,0.999537512258989,1,0.162024555941566,NA,0.669832535946958,1,0.359571711196165,0.323840114456865,NA,1,1,"S6","signal",500,70,0.500915658514495,87.3467104156131,0,0.4,0.1,"none",0,32,1
0.528369534301829,0.342961446389725,1,1,0.337142386274607,NA,0.999928647422552,1,0.294042541314765,NA,0.956827897680701,1,0.286469762542301,0.337817902222437,NA,1,1,"S6","signal",500,70,0.500915658514495,75.7299583074823,0,0.4,0.1,"none",0,33,1
0.472717613723577,0.296962354227842,1,1,0.375310874212628,NA,0.999997760791171,1,0.331895828843293,NA,0.975853314468896,1,0.275643703447872,0.413735840621627,NA,1,1,"S6","signal",500,70,0.500915658514495,82.5289547506048,0,0.4,0.1,"none",0,34,1
0.549234586682338,0.284909362462497,1,1,0.503425846088179,NA,0.999999999890425,1,0.488487081781159,NA,0.999998934132163,1,0.512324061849321,0.361458327724471,NA,1,1,"S6","signal",500,70,0.500915658514495,87.2185342555732,0,0.4,0.1,"none",0,35,1
0.466366432645062,0.278079843547098,1,1,0.354069172901214,NA,0.999976489742355,1,0.270456572491826,NA,0.861284013326812,1,0.363774500866927,0.300263206187643,NA,1,1,"S6","signal",500,70,0.500915658514495,71.8136604004073,0,0.4,0.1,"none",0,36,1
0.49415073244926,0.306846967943508,1,1,0.346373918851405,NA,0.999987147328211,1,0.326612848436877,NA,0.990798990863157,1,0.404938086740653,0.291568885374049,NA,1,1,"S6","signal",500,70,0.500915658514495,78.4029352801229,0,0.4,0.1,"none",0,37,1
0.480886158634933,0.264193016407038,1,1,0.407388003738615,NA,0.999997343378206,1,0.374412913141063,NA,0.977194724560521,1,0.33201657091786,0.215980921805634,NA,1,1,"S6","signal",500,70,0.500915658514495,64.3970427966966,0,0.4,0.1,"none",0,38,1
0.440063965602966,0.265763382757882,1,1,0.417668337095719,NA,0.999999991365254,1,0.402107070876727,NA,0.999961855295204,1,0.4421847570967,0.308871698174182,NA,1,1,"S6","signal",500,70,0.500915658514495,85.7009085867408,0,0.4,0.1,"none",0,39,1
0.474520995398986,0.28647395200075,1,1,0.392281353938102,NA,0.999999881779718,1,0.329067501399976,NA,0.991388900446219,1,0.393215983548829,0.340587025366789,NA,1,1,"S6","signal",500,70,0.500915658514495,106.568061530324,0,0.4,0.1,"none",0,40,1
0.490081679184127,0.319873696336091,1,1,0.394056329995306,NA,0.999999754314017,1,0.362976981050094,NA,0.999101163933306,1,0.357603516069546,0.313463761789133,NA,1,1,"S6","signal",500,70,0.500915658514495,94.5372581681543,0,0.4,0.1,"none",0,41,1
0.483607167146765,0.299519647023492,1,1,0.362654235810956,NA,0.999997840636908,1,0.310154575332655,NA,0.98037538523768,1,0.335825636512186,0.319687493687303,NA,1,1,"S6","signal",500,70,0.500915658514495,85.4934650031334,0,0.4,0.1,"none",0,42,1
0.525329508327025,0.307267990038219,1,1,0.399462237582174,NA,0.999999845644857,1,0.380263623766941,NA,0.999618597646138,1,0.390227370081567,0.232855696736472,NA,1,1,"S6","signal",500,70,0.500915658514495,89.517060340247,0,0.4,0.1,"none",0,43,1
0.400032347589483,0.299135826142134,1,1,0.374163510794498,NA,0.999999760231464,1,0.333580065555418,NA,0.993038920036178,1,0.357576035154453,0.278201213673762,NA,1,1,"S6","signal",500,70,0.500915658514495,92.4775604528862,0,0.4,0.1,"none",0,44,1
0.490856810763072,0.299668608674135,1,1,0.366544172036566,NA,0.999999905128378,1,0.34983271931303,NA,0.999731466223263,1,0.371934900735501,0.308722017601449,NA,1,1,"S6","signal",500,70,0.500915658514495,88.1852963070067,0,0.4,0.1,"none",0,45,1
0.537893107889562,0.302732750027088,1,1,0.471239491233647,NA,0.99999998853251,1,0.452616499388779,NA,0.999940948069281,1,0.505072443209884,0.409312743530286,NA,1,1,"S6","signal",500,70,0.500915658514495,72.462310208338,0,0.4,0.1,"none",0,46,1
0.539625639476318,0.305481249749234,1,1,0.37092110668934,NA,0.999999736614439,1,0.344023745281937,NA,0.998321259621979,1,0.414957270933143,0.245738627372588,NA,1,1,"S6","signal",500,70,0.500915658514495,99.7714663333944,0,0.4,0.1,"none",0,47,1
0.504058839500354,0.288711770634342,1,1,0.464068331201018,NA,0.999999936178198,1,0.455381290009799,NA,0.999873427664528,1,0.473075778826538,0.364207069046435,NA,1,1,"S6","signal",500,70,0.500915658514495,74.0880044989082,0,0.4,0.1,"none",0,48,1
0.496254802397999,0.295425538218983,1,1,0.45855624954909,NA,0.99999996073899,1,0.38418986533921,NA,0.995579339684495,1,0.522098066148443,0.391433223928386,NA,1,1,"S6","signal",500,70,0.500915658514495,81.3060265055448,0,0.4,0.1,"none",0,49,1
0.519354594102283,0.284336986969822,1,1,0.385740030648141,NA,0.999999666582219,1,0.319497738443052,NA,0.979056852176913,1,0.411909682054387,0.275577157368797,NA,1,1,"S6","signal",500,70,0.500915658514495,92.4659146668651,0,0.4,0.1,"none",0,50,1
0.51332538486425,0.29829922917483,1,1,0.299257442618392,NA,0.99990684247964,1,0.251005984355423,NA,0.889408887226488,1,0.335266821630565,0.186324007819501,NA,1,1,"S6","signal",500,70,0.500915658514495,84.1150333284486,0,0.4,0.1,"none",0,51,1
0.481129747049991,0.295697326806242,1,1,0.366076297895696,NA,0.999998749989455,1,0.289109340957235,NA,0.95078121588415,1,0.434913879933633,0.291124741086897,NA,1,1,"S6","signal",500,70,0.500915658514495,99.2210188507923,0,0.4,0.1,"none",0,52,1
0.479371017079467,0.301980398177379,1,1,0.37373676172926,NA,0.999999883096441,1,0.325532648689952,NA,0.998500976872285,1,0.411852261793331,0.2060650532907,NA,1,1,"S6","signal",500,70,0.500915658514495,91.9407699314394,0,0.4,0.1,"none",0,53,1
0.478856280295998,0.297398943210312,1,1,0.363847924861688,NA,0.999988347028998,1,0.350980698780605,NA,0.976618937261682,1,0.350750503024555,0.321446081716082,NA,1,1,"S6","signal",500,70,0.500915658514495,73.0614236750982,0,0.4,0.1,"none",0,54,1
0.441060204927702,0.310721401608132,1,1,0.230612314889372,NA,0.994641842246972,1,0.116565826942731,NA,0.495904570202614,0,0.237349571417488,0.408246852412761,NA,1,1,"S6","signal",500,70,0.500915658514495,74.1982464151019,0,0.4,0.1,"none",0,55,1
0.48634883593308,0.299866819814686,1,1,0.32107305417547,NA,0.999952271264395,1,0.280655391437077,NA,0.934187931868375,1,0.392805803575772,0.321557009523401,NA,1,1,"S6","signal",500,70,0.500915658514495,88.5127617153268,0,0.4,0.1,"none",0,56,1
0.470648373964937,0.277582147503991,1,1,0.386223016422833,NA,0.999999656796968,1,0.313148042714327,NA,0.956724732520061,1,0.370869068816151,0.398399100877956,NA,1,1,"S6","signal",500,70,0.500915658514495,93.0162670320861,0,0.4,0.1,"none",0,57,1
0.435960593965044,0.294013559720823,1,1,0.283413551728286,NA,0.99994255620611,1,0.249584917010097,NA,0.927450816527155,1,0.340243167244601,0.269464700011156,NA,1,1,"S6","signal",500,70,0.500915658514495,81.6504674343777,0,0.4,0.1,"none",0,58,1
0.464001165675805,0.311232975545761,1,1,0.39095732319114,NA,0.999999899241344,1,0.346498790865536,NA,0.997402188834083,1,0.430220884495233,0.304721584161927,NA,1,1,"S6","signal",500,70,0.500915658514495,95.1417855116448,0,0.4,0.1,"none",0,59,1
0.506471737148941,0.334618453239481,1,1,0.411409651455884,NA,0.999999719135446,1,0.344229922918409,NA,0.974392487241463,1,0.422586698522996,0.292558761584937,NA,1,1,"S6","signal",500,70,0.500915658514495,86.8273592027411,0,0.4,0.1,"none",0,60,1
0.469886422272554,0.314364032418816,1,1,0.377383269895613,NA,0.999999056275928,1,0.314085324856545,NA,0.977566103203324,1,0.368865187744052,0.281833868606091,NA,1,1,"S6","signal",500,70,0.500915658514495,91.794541011108,0,0.4,0.1,"none",0,61,1
0.478283779282772,0.293075314213893,1,1,0.402517147700766,NA,0.999999891829029,1,0.389224751202243,NA,0.999856343310214,1,0.460336302579875,0.257067190625894,NA,1,1,"S6","signal",500,70,0.500915658514495,86.5074886756815,0,0.4,0.1,"none",0,62,1
0.440084143196157,0.339020547861495,1,1,0.304811914938659,NA,0.999865127825722,1,0.226021808796691,NA,0.806296822517413,1,0.302576156234333,0.409893729491929,NA,1,1,"S6","signal",500,70,0.500915658514495,86.1432844600589,0,0.4,0.1,"none",0,63,1
0.481720632901839,0.291094048187362,1,1,0.438445739551719,NA,0.999998488260541,1,0.414445327632403,NA,0.995645925327422,1,0.373068454161719,0.239005196992132,NA,1,1,"S6","signal",500,70,0.500915658514495,63.3524390137915,0,0.4,0.1,"none",0,64,1
0.504134786455752,0.291531479409182,1,1,0.409713053126418,NA,0.999995599194146,1,0.358945217577273,NA,0.983105241590986,1,0.422960846825152,0.307968621106852,NA,1,1,"S6","signal",500,70,0.500915658514495,59.9954416629889,0,0.4,0.1,"none",0,65,1
0.451491441407994,0.328505663107898,1,1,0.317633038754697,NA,0.999954268525595,1,0.25253211066474,NA,0.891287153499836,1,0.32554866655823,0.245572446386154,NA,1,1,"S6","signal",500,70,0.500915658514495,91.2150290066836,0,0.4,0.1,"none",0,66,1
0.503941531031211,0.302036792711521,1,1,0.428235463246207,NA,0.999999942529357,1,0.393043856333759,NA,0.99924941455701,1,0.528785664297159,0.297455137186779,NA,1,1,"S6","signal",500,70,0.500915658514495,85.6310323043286,0,0.4,0.1,"none",0,67,1
0.510072204315351,0.288809560885733,1,1,0.416959744433597,NA,0.999999905958567,1,0.410200819979642,NA,0.999868670182169,1,0.418047531215609,0.314343124822696,NA,1,1,"S6","signal",500,70,0.500915658514495,81.4629739107607,0,0.4,0.1,"none",0,68,1
0.508526525605962,0.294942307834608,1,1,0.334381714765895,NA,0.999990175197099,1,0.302090462199964,NA,0.98325598949401,1,0.344965919723368,0.272085543001205,NA,1,1,"S6","signal",500,70,0.500915658514495,94.6808582735937,0,0.4,0.1,"none",0,69,1
0.515159561834425,0.304338264400912,1,1,0.473382437216306,NA,0.999999999753585,1,0.449729791904408,NA,0.99999777136681,1,0.427863802467125,0.319360355374906,NA,1,1,"S6","signal",500,70,0.500915658514495,94.289588695327,0,0.4,0.1,"none",0,70,1
0.47624632709199,0.29939506506677,1,1,0.452435198837313,NA,0.999999988103947,1,0.405505710575951,NA,0.999355894588168,1,0.405057682555603,0.231969256347747,NA,1,1,"S6","signal",500,70,0.500915658514495,87.3632438078374,0,0.4,0.1,"none",0,71,1
0.551485369574171,0.275863218461621,1,1,0.466140535685748,NA,0.999999982274378,1,0.418437667504767,NA,0.999645551469988,1,0.44788936899422,0.271319594040779,NA,1,1,"S6","signal",500,70,0.500915658514495,75.735612044684,0,0.4,0.1,"none",0,72,1
0.504476410666773,0.295723643659013,1,1,0.241124747193511,NA,0.994532328719578,1,0.147909669618995,NA,0.542953276425903,1,0.261747428351316,0.220994578077991,0.00326018157090902,0.994188442211055,1,"S6","signal",500,70,0.500915658514495,59.9607595718455,0,0.4,0.1,"none",0,73,1
0.499518616388306,0.304984454148584,1,1,0.370091725704072,NA,0.999998007417642,1,0.343766083878547,NA,0.994656594786289,1,0.368623079418453,0.287590079537888,NA,1,1,"S6","signal",500,70,0.500915658514495,86.8225251525722,0,0.4,0.1,"none",0,74,1
0.520508254756163,0.332191954090014,1,1,0.281889645033405,NA,0.999673516125232,1,0.262399927812658,NA,0.928120704723861,1,0.393912805719565,0.409175313110096,NA,1,1,"S6","signal",500,70,0.500915658514495,88.9209358692473,0,0.4,0.1,"none",0,75,1
0.587078264328395,0.301134595405507,1,1,0.491273653140972,NA,0.999999999023084,1,0.472753394832697,NA,0.999962998723969,1,0.487432133324569,0.308953921414403,NA,1,1,"S6","signal",500,70,0.500915658514495,88.2370062915241,0,0.4,0.1,"none",0,76,1
0.508809653933402,0.308013041801191,1,1,0.360687786348675,NA,0.999994912225149,1,0.364390169071107,NA,0.994866744482856,1,0.441929344266657,0.337853199458689,NA,1,1,"S6","signal",500,70,0.500915658514495,95.6774028572598,0,0.4,0.1,"none",0,77,1
0.520276996151744,0.311265467435549,1,1,0.410269829228247,NA,0.999999668385881,1,0.407242565130482,NA,0.999705194482553,1,0.3917124712418,0.418704729744767,NA,1,1,"S6","signal",500,70,0.500915658514495,101.31351338984,0,0.4,0.1,"none",0,78,1
0.484045597392998,0.307995744886342,1,1,0.396879988674781,NA,0.999996458864721,1,0.332770434936857,NA,0.96416112512555,1,0.460098752994677,0.280881845638009,NA,1,1,"S6","signal",500,70,0.500915658514495,71.7506808342803,0,0.4,0.1,"none",0,79,1
0.477049827637468,0.321359007341685,1,1,0.367936232841692,NA,0.999999307807325,1,0.335734793486978,NA,0.995289712493292,1,0.398866620871707,0.305484335830175,NA,1,1,"S6","signal",500,70,0.500915658514495,88.7550587549338,0,0.4,0.1,"none",0,80,1
0.478055969975464,0.297870619261352,1,1,0.348760308024336,NA,0.999987750271635,1,0.278773749412921,NA,0.933433791934629,1,0.310511867261964,0.386472877438211,NA,1,1,"S6","signal",500,70,0.500915658514495,72.793258776811,0,0.4,0.1,"none",0,81,1
0.459250250983808,0.267861053168353,1,1,0.236303955208505,NA,0.997738729852943,1,0.111083991077418,NA,0.518870390572956,1,0.236152371162437,0.214419318468991,0.00190708309314225,0.998092964824121,1,"S6","signal",500,70,0.500915658514495,76.1681980988842,0,0.4,0.1,"none",0,82,1
0.547255205373992,0.3037492760074,1,1,0.476913115782944,NA,0.99999999548553,1,0.445569992472502,NA,0.999931326497702,1,0.460316726394512,0.204912826691039,NA,1,1,"S6","signal",500,70,0.500915658514495,73.7474936472138,0,0.4,0.1,"none",0,83,1
0.471456192606101,0.293144048883209,1,1,0.354906498355024,NA,0.99994684472808,1,0.229948257018609,NA,0.734690699310465,1,0.417753105435084,0.399301634399887,NA,1,1,"S6","signal",500,70,0.500915658514495,79.8867412181606,0,0.4,0.1,"none",0,84,1
0.486660772395095,0.282748978151002,1,1,0.421941347183262,NA,0.999999703122548,1,0.34478683160569,NA,0.977249363552239,1,0.435721001728353,0.330442208687488,NA,1,1,"S6","signal",500,70,0.500915658514495,66.7150610404003,0,0.4,0.1,"none",0,85,1
0.39645089422388,0.312780323528426,1,1,0.291641291701583,NA,0.999982179837364,1,0.269363388655079,NA,0.970158578079638,1,0.333452787847026,0.266312675237414,NA,1,1,"S6","signal",500,70,0.500915658514495,102.154427343295,0,0.4,0.1,"none",0,86,1
0.513825643269325,0.291485861158227,1,1,0.442412127407915,NA,0.999999899945212,1,0.385751344065965,NA,0.992427055001825,1,0.456294889653582,0.348842039520221,NA,1,1,"S6","signal",500,70,0.500915658514495,78.6747692318966,0,0.4,0.1,"none",0,87,1
0.50271229428912,0.315204998857201,1,1,0.31221639527022,NA,0.999888476868434,1,0.211164455614322,NA,0.768670471767005,1,0.327375669876176,0.33145213079039,NA,1,1,"S6","signal",500,70,0.500915658514495,65.6066681823089,0,0.4,0.1,"none",0,88,1
0.497017123034683,0.307952086647869,1,1,0.231790785017176,NA,0.9975946769392,1,0.110679735046601,NA,0.511444928491265,1,0.251110085600485,0.254755621714889,NA,1,1,"S6","signal",500,70,0.500915658514495,82.9177340851924,0,0.4,0.1,"none",0,89,1
0.490889718525911,0.289674289218227,1,1,0.333894017618804,NA,0.999980247083749,1,0.291329132986982,NA,0.962834640683325,1,0.357227955308409,0.288626076176039,NA,1,1,"S6","signal",500,70,0.500915658514495,82.1302075815262,0,0.4,0.1,"none",0,90,1
0.476950718895347,0.285209339792317,1,1,0.407964928102414,NA,0.99999983389299,1,0.372495883890777,NA,0.998043843681455,1,0.398389926800452,0.309341399901908,NA,1,1,"S6","signal",500,70,0.500915658514495,80.4604342506899,0,0.4,0.1,"none",0,91,1
0.470056089150577,0.306524438224166,1,1,0.383700426489233,NA,0.999991674255319,1,0.336227445299363,NA,0.977865799961627,1,0.370860496183181,0.399224087645037,NA,1,1,"S6","signal",500,70,0.500915658514495,81.1349940885526,0,0.4,0.1,"none",0,92,1
0.438722093666363,0.294711803191378,1,1,0.325523796291964,NA,0.999992426988891,1,0.287478890615993,NA,0.982075959045317,1,0.407237711132073,0.411228265451457,NA,1,1,"S6","signal",500,70,0.500915658514495,93.5839886073397,0,0.4,0.1,"none",0,93,1
0.484165614971026,0.307543035114881,1,1,0.398160069522681,NA,0.999999584519812,1,0.371232577099603,NA,0.996356169795687,1,0.429492615344181,0.260092603977218,NA,1,1,"S6","signal",500,70,0.500915658514495,79.3817920133573,0,0.4,0.1,"none",0,94,1
0.488167144517591,0.28295782949932,1,1,0.391982415764765,NA,0.999999863535016,1,0.387188438524891,NA,0.999789146981457,1,0.425774126543539,0.282408103060364,NA,1,1,"S6","signal",500,70,0.500915658514495,104.982212266123,0,0.4,0.1,"none",0,95,1
0.471447806757443,0.304849291727521,1,1,0.380973865980501,NA,0.999999299527385,1,0.344023244249573,NA,0.997022470679968,1,0.372829853334269,0.325476429982723,NA,1,1,"S6","signal",500,70,0.500915658514495,89.5084145588364,0,0.4,0.1,"none",0,96,1
0.453246523254847,0.290499790031536,1,1,0.367760199758998,NA,0.999999505131735,1,0.350851828961589,NA,0.99872248099991,1,0.375845998143364,0.251437621225928,NA,1,1,"S6","signal",500,70,0.500915658514495,95.8569059074677,0,0.4,0.1,"none",0,97,1
0.517551612701372,0.309850493885399,1,1,0.437290326405845,NA,0.999999999612416,1,0.426776807842681,NA,0.999993518376126,1,0.408848036416215,0.287490163852497,NA,1,1,"S6","signal",500,70,0.500915658514495,104.958799858783,0,0.4,0.1,"none",0,98,1
0.535775403335738,0.305076392393748,1,1,0.395904368339718,NA,0.99999720552519,1,0.366054185535789,NA,0.991464551733946,1,0.403801614560456,0.283070707504875,NA,1,1,"S6","signal",500,70,0.500915658514495,70.046487471346,0,0.4,0.1,"none",0,99,1
0.540813719629324,0.30981584478792,1,1,0.483637522109694,NA,0.999999999769772,1,0.430490782069392,NA,0.999931607105236,1,0.400168595025503,0.410948798777437,NA,1,1,"S6","signal",500,70,0.500915658514495,89.0477721168137,0,0.4,0.1,"none",0,100,1
0.520690349836251,0.310964007040475,1,1,0.407254051937292,NA,0.99999913518114,1,0.36570056388636,NA,0.995379192631158,1,0.437368080151374,0.311132045298032,NA,1,1,"S6","signal",500,70,0.500915658514495,85.0974848053823,0,0.2,0.3,"none",0,1,1
0.458954140675285,0.28957665680347,1,1,0.379376433859624,NA,0.999997009402087,1,0.338195627138512,NA,0.981475214772804,1,0.398682461931552,0.23329725195185,NA,1,1,"S6","signal",500,70,0.500915658514495,76.4745472434493,0,0.2,0.3,"none",0,2,1
0.478696825452279,0.264485364871141,1,1,0.452028785923986,NA,0.999999950016542,1,0.431990391228008,NA,0.99969607324532,1,0.544698571475996,0.300735758473403,NA,1,1,"S6","signal",500,70,0.500915658514495,84.1179055666162,0,0.2,0.3,"none",0,3,1
0.481912935097956,0.293160275102113,1,1,0.498581496780039,NA,0.999999999614222,1,0.459364399899575,NA,0.999978372649603,1,0.47973962243409,0.409968950399139,NA,1,1,"S6","signal",500,70,0.500915658514495,82.7644579649602,0,0.2,0.3,"none",0,4,1
0.498503673607917,0.288774041610541,1,1,0.359000034544316,NA,0.999997002665039,1,0.306623604134514,NA,0.98218749679578,1,0.360362016879126,0.268038672228463,NA,1,1,"S6","signal",500,70,0.500915658514495,92.0846074908672,0,0.2,0.3,"none",0,5,1
0.510561041837994,0.310239468513999,1,1,0.463480003202814,NA,0.999999998683565,1,0.435795214918503,NA,0.999987970792157,1,0.498310987797559,0.245134590419581,NA,1,1,"S6","signal",500,70,0.500915658514495,104.647923869558,0,0.2,0.3,"none",0,6,1
0.547197382138003,0.290500349344341,1,1,0.425669568820457,NA,0.99999995854288,1,0.414151643080474,NA,0.999978476329188,1,0.463652596745181,0.21717573574847,NA,1,1,"S6","signal",500,70,0.500915658514495,88.514224873792,0,0.2,0.3,"none",0,7,1
0.505107295101969,0.300814974808057,1,1,0.35347326027683,NA,0.999952515352831,1,0.344600653656345,NA,0.97709592207891,1,0.381105471308623,0.406568028204908,NA,1,1,"S6","signal",500,70,0.500915658514495,69.336800807412,0,0.2,0.3,"none",0,8,1
0.493474515253969,0.297831421723883,1,1,0.461067024774029,NA,0.999999999775067,1,0.445779514367854,NA,0.999999612757909,1,0.498202109664375,0.246411230739818,NA,1,1,"S6","signal",500,70,0.500915658514495,97.0056346254142,0,0.2,0.3,"none",0,9,1
0.540626415323104,0.30218220003422,1,1,0.512538519471698,NA,0.999999999982162,1,0.488111753148593,NA,0.999999769739635,1,0.582223459425754,0.235923916390952,NA,1,1,"S6","signal",500,70,0.500915658514495,88.3657130950381,0,0.2,0.3,"none",0,10,1
0.553888209390448,0.308076867939767,1,1,0.535377851887872,NA,0.99999999987813,1,0.475531550173147,NA,0.999973909385787,1,0.556017194297063,0.374692857156516,NA,1,1,"S6","signal",500,70,0.500915658514495,80.3340487387383,0,0.2,0.3,"none",0,11,1
0.520365214804954,0.297369915037564,1,1,0.356897865953193,NA,0.999998770531237,1,0.346863032359978,NA,0.997895247346618,1,0.449212348824544,0.321207494507938,NA,1,1,"S6","signal",500,70,0.500915658514495,95.5400981175529,0,0.2,0.3,"none",0,12,1
0.509046590719658,0.312243348523702,1,1,0.394601462557461,NA,0.99999859390308,1,0.332404663145473,NA,0.9715763972129,1,0.386893071699551,0.215810444431567,NA,1,1,"S6","signal",500,70,0.500915658514495,82.5746351608484,0,0.2,0.3,"none",0,13,1
0.433875525677041,0.308280174791525,1,1,0.300269447958048,NA,0.99943268294917,1,0.125542591327514,NA,0.4966713802526,0,0.28388652157275,0.281182366246493,NA,1,1,"S6","signal",500,70,0.500915658514495,61.859616922027,0,0.2,0.3,"none",0,14,1
0.543388179962685,0.271098373396117,1,1,0.417628047486255,NA,0.999999367889122,1,0.360720806684005,NA,0.981306043096207,1,0.437427144235739,0.238998300785019,NA,1,1,"S6","signal",500,70,0.500915658514495,68.9536090365751,0,0.2,0.3,"none",0,15,1
0.536959622060137,0.291700162311234,1,1,0.460814990121131,NA,0.99999999982461,1,0.423812732834164,NA,0.99998502548553,1,0.488670411612593,0.291428433736444,NA,1,1,"S6","signal",500,70,0.500915658514495,97.3271963294524,0,0.2,0.3,"none",0,16,1
0.470522047798727,0.32861032053549,1,1,0.319068537179708,NA,0.999913550836347,1,0.19887428809464,NA,0.761114533502547,1,0.315526561319704,0.319613860155293,NA,1,1,"S6","signal",500,70,0.500915658514495,86.4399983848262,0,0.2,0.3,"none",0,17,1
0.470712245446223,0.294961102150656,1,1,0.415669686732282,NA,0.999999980786445,1,0.370074017290279,NA,0.999532191156656,1,0.428293739611823,0.254518267789825,NA,1,1,"S6","signal",500,70,0.500915658514495,94.0144733795389,0,0.2,0.3,"none",0,18,1
0.46761766408547,0.291482735848346,1,1,0.465733808225231,NA,0.999999999151574,1,0.427549579992907,NA,0.999950000008415,1,0.478175575930765,0.324002597324661,NA,1,1,"S6","signal",500,70,0.500915658514495,95.6029689068007,0,0.2,0.3,"none",0,19,1
0.425980152670806,0.271125974727843,1,1,0.273281210023557,NA,0.999783110257256,1,0.251366361181785,NA,0.926737281027206,1,0.297874291805609,0.207824758993857,NA,1,1,"S6","signal",500,70,0.500915658514495,91.1248463538135,0,0.2,0.3,"none",0,20,1
0.568636972808168,0.343763842833166,1,1,0.407023953647734,NA,0.999997234734712,1,0.369076956343855,NA,0.99060915236629,1,0.350073395289094,0.318974734216011,NA,1,1,"S6","signal",500,70,0.500915658514495,84.1715511690416,0,0.2,0.3,"none",0,21,1
0.495017192895995,0.327113500800396,1,1,0.442507869055213,NA,0.999999612033795,1,0.396809334828445,NA,0.995862583147981,1,0.430832583499925,0.417724828857272,NA,1,1,"S6","signal",500,70,0.500915658514495,93.099205593107,0,0.2,0.3,"none",0,22,1
0.559150323230758,0.285894114636253,1,1,0.509655476521379,NA,0.999999999994705,1,0.46597648388869,NA,0.999999492549239,1,0.518603919872168,0.241199911544466,NA,1,1,"S6","signal",500,70,0.500915658514495,94.2647003971653,0,0.2,0.3,"none",0,23,1
0.487386558327848,0.312197155569458,1,1,0.495819254917471,NA,0.999999998364573,1,0.483142993687702,NA,0.999988182267777,1,0.53371855970874,0.304793581715196,NA,1,1,"S6","signal",500,70,0.500915658514495,84.7621555016254,0,0.2,0.3,"none",0,24,1
0.492412602128147,0.313614003084436,1,1,0.501132015877383,NA,0.999999998606371,1,0.404866458169176,NA,0.999445812289178,1,0.505777652590247,0.42198338654349,NA,1,1,"S6","signal",500,70,0.500915658514495,85.4643041359368,0,0.2,0.3,"none",0,25,1
0.522648918028034,0.330853888627786,1,1,0.301018797788449,NA,0.999291330528955,1,0.100204764008515,NA,0.42049607984735,0,0.30753264773128,0.369738229028416,NA,1,1,"S6","signal",500,70,0.500915658514495,67.2966332938461,0,0.2,0.3,"none",0,26,1
0.493241262387492,0.309575567619659,1,1,0.43483965953163,NA,0.999999393369658,1,0.366466075223633,NA,0.971442302798932,1,0.496142138389617,0.368887395129679,NA,1,1,"S6","signal",500,70,0.500915658514495,70.3573031245654,0,0.2,0.3,"none",0,27,1
0.441935208239557,0.292156101514004,1,1,0.366047719550117,NA,0.99999903905406,1,0.313914705692604,NA,0.976677837784266,1,0.340717154156333,0.263540298206819,NA,1,1,"S6","signal",500,70,0.500915658514495,83.2442823235478,0,0.2,0.3,"none",0,28,1
0.482848914583335,0.303928721493064,1,1,0.377327455636776,NA,0.999998535232388,1,0.35192909440746,NA,0.994365117972345,1,0.465137302334611,0.254757231655533,NA,1,1,"S6","signal",500,70,0.500915658514495,96.0488004598353,0,0.2,0.3,"none",0,29,1
0.470137770539134,0.27692020547098,1,1,0.451955555754466,NA,0.999999979139994,1,0.389307363942028,NA,0.998563678244283,1,0.4535125518468,0.381730599190433,NA,1,1,"S6","signal",500,70,0.500915658514495,71.9785391442844,0,0.2,0.3,"none",0,30,1
0.519007302372216,0.28179896544434,1,1,0.451667671821496,NA,0.999999999993979,1,0.424107767607856,NA,0.999999498582034,1,0.402317849173783,0.291133051087348,NA,1,1,"S6","signal",500,70,0.500915658514495,126.281014509816,0,0.2,0.3,"none",0,31,1
0.503516492221491,0.317710156959193,1,1,0.46603970156932,NA,0.999999989635475,1,0.450539512195222,NA,0.999684992700914,1,0.502148739253364,0.27626487842714,NA,1,1,"S6","signal",500,70,0.500915658514495,99.7801470817368,0,0.2,0.3,"none",0,32,1
0.418644710763221,0.294625099072943,1,1,0.378164449594902,NA,0.999998085141757,1,0.384657720787535,NA,0.999351701014727,1,0.425626475717979,0.357174451840067,NA,1,1,"S6","signal",500,70,0.500915658514495,78.8296992111978,0,0.2,0.3,"none",0,33,1
0.458574433307852,0.279165920127005,1,1,0.376511660376743,NA,0.999994122169828,1,0.395618044921243,NA,0.993515920086685,1,0.336597856499683,0.32159048978855,NA,1,1,"S6","signal",500,70,0.500915658514495,64.6543514728501,0,0.2,0.3,"none",0,34,1
0.514498844247146,0.297482227514379,1,1,0.45472127611998,NA,0.999999864594967,1,0.443317015335796,NA,0.999669245166275,1,0.558432833871923,0.34602490137539,NA,1,1,"S6","signal",500,70,0.500915658514495,83.6087012774138,0,0.2,0.3,"none",0,35,1
0.478498026447458,0.323379188369855,1,1,0.435427686445804,NA,0.999999979887031,1,0.413232795279621,NA,0.999967613414377,1,0.449706071546869,0.243296245341932,NA,1,1,"S6","signal",500,70,0.500915658514495,102.217970385703,0,0.2,0.3,"none",0,36,1
0.468940738042464,0.318075785969522,1,1,0.405797417028906,NA,0.999994435743848,1,0.380973702029366,NA,0.992406485937586,1,0.30918644066383,0.368683966680913,NA,1,1,"S6","signal",500,70,0.500915658514495,76.1142713687378,0,0.2,0.3,"none",0,37,1
0.492626257338586,0.29744791854256,1,1,0.449524956734594,NA,0.999999998995296,1,0.437644877228044,NA,0.999987799644552,1,0.398395033141043,0.332566582819425,NA,1,1,"S6","signal",500,70,0.500915658514495,99.7440991017748,0,0.2,0.3,"none",0,38,1
0.555010970490831,0.305481926556629,1,1,0.52359491945667,NA,0.999999999999096,1,0.469740725904388,NA,0.999999753257815,1,0.533862449815618,0.225286576992184,NA,1,1,"S6","signal",500,70,0.500915658514495,102.459522500263,0,0.2,0.3,"none",0,39,1
0.492609617340765,0.317182263303319,1,1,0.343634235739857,NA,0.999980198496458,1,0.279979248858418,NA,0.929788052563284,1,0.405019000337253,0.320693275913592,NA,1,1,"S6","signal",500,70,0.500915658514495,87.9900153649376,0,0.2,0.3,"none",0,40,1
0.427436038748334,0.30906174716594,1,1,0.294422123202739,NA,0.999925227253692,1,0.219733557382109,NA,0.851908916763227,1,0.269882228963617,0.313459331672115,NA,1,1,"S6","signal",500,70,0.500915658514495,92.9810959992278,0,0.2,0.3,"none",0,41,1
0.493817885878826,0.31614949311713,1,1,0.353806164344052,NA,0.99999924212181,1,0.333526530698125,NA,0.998478483355172,1,0.395295267219146,0.338409504292708,NA,1,1,"S6","signal",500,70,0.500915658514495,107.864614537224,0,0.2,0.3,"none",0,42,1
0.4580459991899,0.293005984092251,1,1,0.349575169655719,NA,0.999993300368792,1,0.316188365176305,NA,0.984552039156082,1,0.337836226635026,0.237236490653166,NA,1,1,"S6","signal",500,70,0.500915658514495,85.1656110991229,0,0.2,0.3,"none",0,43,1
0.561874386936337,0.309706741218565,1,1,0.430323587062184,NA,0.999999932520954,1,0.38874791508124,NA,0.998980162181595,1,0.45603336335197,0.321938371177307,NA,1,1,"S6","signal",500,70,0.500915658514495,83.8115138301855,0,0.2,0.3,"none",0,44,1
0.525434259805311,0.315484492452615,1,1,0.494635349818756,NA,0.999999991253138,1,0.455132779019637,NA,0.998455575606704,1,0.51530337622327,0.392506598459716,NA,1,1,"S6","signal",500,70,0.500915658514495,81.427809237378,0,0.2,0.3,"none",0,45,1
0.517373650133412,0.29028919723848,1,1,0.470509097610367,NA,0.999999999870165,1,0.416025128376292,NA,0.999971839542879,1,0.487406379580179,0.304100295568822,NA,1,1,"S6","signal",500,70,0.500915658514495,93.0080419448848,0,0.2,0.3,"none",0,46,1
0.558215079257622,0.288617627547185,1,1,0.375841963810068,NA,0.999999131093485,1,0.296513696547657,NA,0.971960093981985,1,0.380728639708925,0.278168210886705,NA,1,1,"S6","signal",500,70,0.500915658514495,90.4518508825294,0,0.2,0.3,"none",0,47,1
0.492366851039315,0.303768652932608,1,1,0.417047482555667,NA,0.999998601098768,1,0.387884934305069,NA,0.987484566398806,1,0.485361673120692,0.383854334085125,NA,1,1,"S6","signal",500,70,0.500915658514495,73.4732202867615,0,0.2,0.3,"none",0,48,1
0.51343145407311,0.287708884545721,1,1,0.347004479412998,NA,0.999963231647157,1,0.244527377061209,NA,0.816453868395907,1,0.297533225186195,0.293804511632219,NA,1,1,"S6","signal",500,70,0.500915658514495,66.388155554604,0,0.2,0.3,"none",0,49,1
0.508731155924853,0.311027969198394,1,1,0.382226078849685,NA,0.999999800896267,1,0.340597138229232,NA,0.998133580101766,1,0.408408605102895,0.247214472843219,NA,1,1,"S6","signal",500,70,0.500915658514495,82.0160081274224,0,0.2,0.3,"none",0,50,1
0.459727045246436,0.313554827017738,1,1,0.39113832059717,NA,0.999999307508537,1,0.423092710147206,NA,0.999927985545339,1,0.442322561270942,0.249600695790724,NA,1,1,"S6","signal",500,70,0.500915658514495,80.177524875187,0,0.2,0.3,"none",0,51,1
0.541322754764393,0.27599800206483,1,1,0.473459382732697,NA,0.999999973092578,1,0.459036156408664,NA,0.999859829316646,1,0.468633741537829,0.157337387508621,NA,1,1,"S6","signal",500,70,0.500915658514495,78.6992624500729,0,0.2,0.3,"none",0,52,1
0.481839509427889,0.288825422751204,1,1,0.384900298322829,NA,0.999999889970367,1,0.360078450551962,NA,0.999517844573259,1,0.385211818382788,0.169604061218968,NA,1,1,"S6","signal",500,70,0.500915658514495,85.2753921653237,0,0.2,0.3,"none",0,53,1
0.466635275384953,0.307896884816477,1,1,0.439297332259019,NA,0.999999657730805,1,0.402860301797404,NA,0.99384161652582,1,0.47517646278637,0.341391633679092,NA,1,1,"S6","signal",500,70,0.500915658514495,65.034511591123,0,0.2,0.3,"none",0,54,1
0.448121525990091,0.287125081957971,1,1,0.346309351793505,NA,0.999981051409202,1,0.324549994641722,NA,0.971425387420005,1,0.358614781853794,0.297355361028272,NA,1,1,"S6","signal",500,70,0.500915658514495,78.646784911333,0,0.2,0.3,"none",0,55,1
0.427619293124365,0.314726509325985,1,1,0.387098226570508,NA,0.99999492352033,1,0.305574155145161,NA,0.935847551977796,1,0.376634305243525,0.34104410020798,NA,1,1,"S6","signal",500,70,0.500915658514495,67.8780139666152,0,0.2,0.3,"none",0,56,1
0.579925567306563,0.283303767490936,1,1,0.544986662583167,NA,0.999999999981348,1,0.523044954002937,NA,0.999999776726406,1,0.628466032011732,0.224445276922822,NA,1,1,"S6","signal",500,70,0.500915658514495,82.7034272539989,0,0.2,0.3,"none",0,57,1
0.495211691790995,0.275715001897432,1,1,0.42053525568567,NA,0.999999968211003,1,0.381061238219156,NA,0.999385230467063,1,0.442480214984638,0.283423648278038,NA,1,1,"S6","signal",500,70,0.500915658514495,98.2711732665952,0,0.2,0.3,"none",0,58,1
0.575173802368408,0.288053588753083,1,1,0.448187833070349,NA,0.99999998639197,1,0.349486905113548,NA,0.98803717893613,1,0.462126172017412,0.296095267862244,NA,1,1,"S6","signal",500,70,0.500915658514495,82.1955406193464,0,0.2,0.3,"none",0,59,1
0.538485367561834,0.300862944754219,1,1,0.498422008864343,NA,0.999999999745794,1,0.457798791594735,NA,0.999993063400255,1,0.453209664705115,0.431247028879505,NA,1,1,"S6","signal",500,70,0.500915658514495,89.2118636724137,0,0.2,0.3,"none",0,60,1
0.503921347350003,0.312277346028845,1,1,0.348899755456678,NA,0.999996560511645,1,0.317855173334522,NA,0.989242297098679,1,0.372996330384731,0.264382541161974,NA,1,1,"S6","signal",500,70,0.500915658514495,94.6150841290344,0,0.2,0.3,"none",0,61,1
0.488834847761973,0.309577040922941,1,1,0.403588468807253,NA,0.999999927900417,1,0.374392748251816,NA,0.999106255609303,1,0.477401724661243,0.205382597555369,NA,1,1,"S6","signal",500,70,0.500915658514495,92.1271032824839,0,0.2,0.3,"none",0,62,1
0.503911321508745,0.2774717319275,1,1,0.508251829944255,NA,0.999999999888613,1,0.442819336704199,NA,0.999961483207983,1,0.537713545261476,0.333604843540356,NA,1,1,"S6","signal",500,70,0.500915658514495,80.5579454891152,0,0.2,0.3,"none",0,63,1
0.551018178612903,0.298099455015475,1,1,0.527667843687771,NA,0.999999999996934,1,0.503056453000452,NA,0.999999848786435,1,0.554279851295625,0.326854958358973,NA,1,1,"S6","signal",500,70,0.500915658514495,93.3623257897967,0,0.2,0.3,"none",0,64,1
0.529207967524996,0.317303598394507,1,1,0.422835978007287,NA,0.999987620869008,1,0.412671604194608,NA,0.993390848013926,1,0.432693954026664,0.344384910752076,NA,1,1,"S6","signal",500,70,0.500915658514495,57.5226834343264,0,0.2,0.3,"none",0,65,1
0.540584019247578,0.322573838463313,1,1,0.493883485961644,NA,0.999999990563034,1,0.4284295165631,NA,0.998051550975656,1,0.506479863847949,0.207779976555574,NA,1,1,"S6","signal",500,70,0.500915658514495,70.3784717022186,0,0.2,0.3,"none",0,66,1
0.505891396800416,0.299161121703092,1,1,0.438693184643844,NA,0.999999998190537,1,0.390328415239741,NA,0.999937841799192,1,0.419831202573932,0.236467460636034,NA,1,1,"S6","signal",500,70,0.500915658514495,94.3085986178295,0,0.2,0.3,"none",0,67,1
0.4839176995662,0.27303569500638,1,1,0.392786032728959,NA,0.999999583087868,1,0.352163169475016,NA,0.989515864377648,1,0.429376624446702,0.286573564157618,NA,1,1,"S6","signal",500,70,0.500915658514495,73.4333819456358,0,0.2,0.3,"none",0,68,1
0.478910091906305,0.322330656845088,1,1,0.298694890659476,NA,0.999797285831821,1,0.232415951219299,NA,0.862632757747923,1,0.312842096902002,0.423151968599378,NA,1,1,"S6","signal",500,70,0.500915658514495,80.6761178960549,0,0.2,0.3,"none",0,69,1
0.533438020010172,0.317498883708694,1,1,0.399778391077152,NA,0.999983794121592,1,0.355136023183032,NA,0.975601778858132,1,0.374629055826019,0.388129924141628,NA,1,1,"S6","signal",500,70,0.500915658514495,65.4183275363831,0,0.2,0.3,"none",0,70,1
0.525929127619757,0.311354597198666,1,1,0.504863702160146,NA,0.999999999967376,1,0.404823326524462,NA,0.999830710688714,1,0.491111771156098,0.334939347352552,NA,1,1,"S6","signal",500,70,0.500915658514495,90.2367919638222,0,0.2,0.3,"none",0,71,1
0.425798601709246,0.323518529129481,1,1,0.278202884382975,NA,0.999731059932747,1,0.203501839696228,NA,0.780514798278375,1,0.261850237349703,0.390395808936022,NA,1,1,"S6","signal",500,70,0.500915658514495,79.7212047232125,0,0.2,0.3,"none",0,72,1
0.496582150576078,0.2910304555267,1,1,0.50998083587006,NA,0.999999996674725,1,0.478455763355457,NA,0.999940778353849,1,0.53439019491688,0.291147716756075,NA,1,1,"S6","signal",500,70,0.500915658514495,80.0551671915623,0,0.2,0.3,"none",0,73,1
0.56575519329622,0.275827818001017,1,1,0.456680692415363,NA,0.999999946148825,1,0.361507010748589,NA,0.952786764691887,1,0.5126563850013,0.336608995152264,NA,1,1,"S6","signal",500,70,0.500915658514495,74.1892767239094,0,0.2,0.3,"none",0,74,1
0.528535168022127,0.285762369255925,1,1,0.384941627429697,NA,0.999998954646974,1,0.360270301691526,NA,0.996892992976889,1,0.396503550274767,0.180658314563106,NA,1,1,"S6","signal",500,70,0.500915658514495,83.3060458475527,0,0.2,0.3,"none",0,75,1
0.511128953820777,0.295722871440973,1,1,0.369306647652774,NA,0.999997988254993,1,0.328650589998932,NA,0.991744343170822,1,0.357602112364207,0.277842471806838,NA,1,1,"S6","signal",500,70,0.500915658514495,95.6106511819655,0,0.2,0.3,"none",0,76,1
0.47595230170159,0.293133262401805,1,1,0.377957408241652,NA,0.999998561476008,1,0.330065978255669,NA,0.987355416087721,1,0.385275735935509,0.284745700234337,NA,1,1,"S6","signal",500,70,0.500915658514495,95.4368109338695,0,0.2,0.3,"none",0,77,1
0.486702054817607,0.322538696001339,1,1,0.315998152725041,NA,0.99992940649957,1,0.29114996494972,NA,0.971411745558564,1,0.292965428755156,0.285566305622149,NA,1,1,"S6","signal",500,70,0.500915658514495,83.8647268850073,0,0.2,0.3,"none",0,78,1
0.562910378684199,0.30643976167704,1,1,0.533409786422762,NA,0.999999999944007,1,0.508784302918749,NA,0.999985057367855,1,0.497419581734568,0.361039984367222,NA,1,1,"S6","signal",500,70,0.500915658514495,81.9670620688743,0,0.2,0.3,"none",0,79,1
0.515726769109278,0.311716197223465,1,1,0.352556706711533,NA,0.999986814548247,1,0.21180471003988,NA,0.737759912239649,1,0.331359908234655,0.2479007374412,NA,1,1,"S6","signal",500,70,0.500915658514495,85.7006042756061,0,0.2,0.3,"none",0,80,1
0.494567812615082,0.307265204157684,1,1,0.317948369963063,NA,0.999761259630196,1,0.0915457922033437,NA,0.368459969257054,0,0.314485120445986,0.385547785240194,NA,1,1,"S6","signal",500,70,0.500915658514495,67.2155969160227,0,0.2,0.3,"none",0,81,1
0.551565378052288,0.294328665589933,1,1,0.39485425723231,NA,0.999998852049433,1,0.372825333260046,NA,0.996763005996701,1,0.392660344505689,0.263780705698214,NA,1,1,"S6","signal",500,70,0.500915658514495,75.0497688376466,0,0.2,0.3,"none",0,82,1
0.493987652453777,0.296661260318059,1,1,0.422439188464729,NA,0.999999970847996,1,0.386246839619582,NA,0.999579421909259,1,0.446538908864672,0.299765678509103,NA,1,1,"S6","signal",500,70,0.500915658514495,99.0088869399654,0,0.2,0.3,"none",0,83,1
0.511019331886997,0.302843093969885,1,1,0.372880896546022,NA,0.999995663674832,1,0.339398940485894,NA,0.991678913319909,1,0.41143243776254,0.270594004895864,NA,1,1,"S6","signal",500,70,0.500915658514495,78.9565080622682,0,0.2,0.3,"none",0,84,1
0.544027788590629,0.325821940182312,1,1,0.452651133802474,NA,0.999998952448253,1,0.444584646311103,NA,0.999530191751801,1,0.393070609022272,0.266916925135426,NA,1,1,"S6","signal",500,70,0.500915658514495,73.490732143009,0,0.2,0.3,"none",0,85,1
0.493512142843557,0.310006505274942,1,1,0.424692633349118,NA,0.999999999622808,1,0.368160718512951,NA,0.999942316627875,1,0.405238417518167,0.335628812737503,NA,1,1,"S6","signal",500,70,0.500915658514495,126.685372889181,0,0.2,0.3,"none",0,86,1
0.525114251010342,0.273769861437127,1,1,0.467554028603409,NA,0.999999964356846,1,0.407653092112496,NA,0.992092476074134,1,0.431855562816073,0.269413344795743,NA,1,1,"S6","signal",500,70,0.500915658514495,75.718701314654,0,0.2,0.3,"none",0,87,1
0.567623124686625,0.309681719616738,1,1,0.397347394444177,NA,0.999996285285534,1,0.394355032721513,NA,0.996506806347916,1,0.382265190570328,0.398980419290431,NA,1,1,"S6","signal",500,70,0.500915658514495,80.3441175223388,0,0.2,0.3,"none",0,88,1
0.557817205100677,0.264881476371131,1,1,0.498746861206394,NA,0.999999999917811,1,0.462041731908493,NA,0.999999307198089,1,0.57573471411016,0.221984785378962,NA,1,1,"S6","signal",500,70,0.500915658514495,78.1650893932065,0,0.2,0.3,"none",0,89,1
0.519334919713248,0.323263930460168,1,1,0.547177270467726,NA,0.999999999998011,1,0.472876374688109,NA,0.999998058665378,1,0.548051846353875,0.322113348690821,NA,1,1,"S6","signal",500,70,0.500915658514495,86.8511065699002,0,0.2,0.3,"none",0,90,1
0.567712614493337,0.313501765696435,1,1,0.464018017044452,NA,0.9999999247843,1,0.435472096281366,NA,0.999798059840375,1,0.492939346577762,0.258528064875812,NA,1,1,"S6","signal",500,70,0.500915658514495,73.656121563895,0,0.2,0.3,"none",0,91,1
0.473900506805895,0.301432564937686,1,1,0.444334580221086,NA,0.999999954544842,1,0.430406902701859,NA,0.999965184548745,1,0.438848025891425,0.344188845553562,NA,1,1,"S6","signal",500,70,0.500915658514495,76.9360807205968,0,0.2,0.3,"none",0,92,1
0.473803059285581,0.274092107535433,1,1,0.351733038496225,NA,0.999995258418107,1,0.303417874914331,NA,0.968656523664652,1,0.339120292866416,0.29430019129477,NA,1,1,"S6","signal",500,70,0.500915658514495,79.7324343666866,0,0.2,0.3,"none",0,93,1
0.548966235506258,0.290373005005551,1,1,0.37305338095711,NA,0.999991827456883,1,0.341862779439664,NA,0.977539267641896,1,0.421409733292836,0.368089677318159,NA,1,1,"S6","signal",500,70,0.500915658514495,63.6532033436177,0,0.2,0.3,"none",0,94,1
0.468305157881812,0.293937998588824,1,1,0.40419002440743,NA,0.999999644333635,1,0.375434298651103,NA,0.99913463958518,1,0.394360745572004,0.248557322958748,NA,1,1,"S6","signal",500,70,0.500915658514495,83.4977368711317,0,0.2,0.3,"none",0,95,1
0.572486175757207,0.29458025585325,1,1,0.446458439822772,NA,0.99999999197333,1,0.407406246846954,NA,0.999886253792798,1,0.472464162986715,0.20791834971172,NA,1,1,"S6","signal",500,70,0.500915658514495,86.9790755867922,0,0.2,0.3,"none",0,96,1
0.504768841789564,0.3066798804247,1,1,0.439083302034105,NA,0.999999991300718,1,0.406407515317037,NA,0.999709632361693,1,0.451396815660966,0.244318117127783,NA,1,1,"S6","signal",500,70,0.500915658514495,88.4179998049434,0,0.2,0.3,"none",0,97,1
0.493706646877165,0.309841383835974,1,1,0.381227678768478,NA,0.999995586576563,1,0.342584446235611,NA,0.980416093201291,1,0.421984598828308,0.337712667927606,NA,1,1,"S6","signal",500,70,0.500915658514495,72.9986484987223,0,0.2,0.3,"none",0,98,1
0.463578624018911,0.313487983279826,1,1,0.44379787740069,NA,0.999999965873314,1,0.404582100666557,NA,0.999398417969817,1,0.538716743821908,0.3729211598127,NA,1,1,"S6","signal",500,70,0.500915658514495,85.0676061614357,0,0.2,0.3,"none",0,99,1
0.472533043235457,0.322876912743604,1,1,0.403639488440162,NA,0.999999997063947,1,0.380829857820962,NA,0.999955464028791,1,0.372690154794563,0.330469107458945,NA,1,1,"S6","signal",500,70,0.500915658514495,114.504408383854,0,0.2,0.3,"none",0,100,1
0.620183411723378,0.30737351626977,1,1,0.551170143248073,NA,0.99999999998612,1,0.480509228013429,NA,0.999991465253425,1,0.514547119461425,0.376796301542052,NA,1,1,"S6","signal",500,70,0.500915658514495,91.5794682485234,0,0.4,0.3,"none",0,1,1
0.581741407886477,0.283491859442664,1,1,0.584409084441309,NA,0.99999999999974,1,0.51964593097928,NA,0.999999097300234,1,0.611625346829304,0.245316451893648,NA,1,1,"S6","signal",500,70,0.500915658514495,85.0613071233416,0,0.4,0.3,"none",0,2,1
0.580272593848766,0.310553645293419,1,1,0.5662384385244,NA,0.999999999993841,1,0.495652848970312,NA,0.999998700533703,1,0.618848384999588,0.202496765976486,NA,1,1,"S6","signal",500,70,0.500915658514495,72.6019444225777,0,0.4,0.3,"none",0,3,1
0.460213479583531,0.319463348539473,1,1,0.547032393510713,NA,0.999999999997838,1,0.534446029304897,NA,0.999999992760542,1,0.561802506821344,0.417464794598488,NA,1,1,"S6","signal",500,70,0.500915658514495,77.122693505183,0,0.4,0.3,"none",0,4,1
0.539261203072916,0.309097031735,1,1,0.434401742119809,NA,0.999999859447598,1,0.38446678232539,NA,0.997631598194438,1,0.439619933470091,0.373068109146543,NA,1,1,"S6","signal",500,70,0.500915658514495,78.182497116772,0,0.4,0.3,"none",0,5,1
0.53014225154602,0.321672939521146,1,1,0.496663940051948,NA,0.999999976825119,1,0.43550962591707,NA,0.994866787193,1,0.51654867437099,0.321795593079583,NA,1,1,"S6","signal",500,70,0.500915658514495,61.3687263565168,0,0.4,0.3,"none",0,6,1
0.582763542960902,0.281185283702237,1,1,0.486153210147349,NA,0.999999998436693,1,0.428009969973735,NA,0.998168463048483,1,0.503964376007279,0.258587804177072,NA,1,1,"S6","signal",500,70,0.500915658514495,74.5850656247168,0,0.4,0.3,"none",0,7,1
0.597646055758953,0.308241794092386,1,1,0.59968412633858,NA,1,1,0.534386180218486,NA,0.999999988168497,1,0.623596594623355,0.248549527492793,NA,1,1,"S6","signal",500,70,0.500915658514495,98.3955456141715,0,0.4,0.3,"none",0,8,1
0.549273050617281,0.30819291474202,1,1,0.56026837526207,NA,0.999999999999996,1,0.513398774488765,NA,0.999999996197208,1,0.569749633979496,0.283322891980033,NA,1,1,"S6","signal",500,70,0.500915658514495,116.019104398478,0,0.4,0.3,"none",0,9,1
0.66184512547832,0.257356152110904,1,1,0.648774260781939,NA,0.999999999999999,1,0.60534951280795,NA,0.999999999294907,1,0.681132791803323,0.209212482532925,NA,1,1,"S6","signal",500,70,0.500915658514495,85.4487755837618,0,0.4,0.3,"none",0,10,1
0.527408104609958,0.302787727684453,1,1,0.475712558188457,NA,0.999999996270135,1,0.467374344040317,NA,0.999986183018897,1,0.488921958709658,0.210859961535881,NA,1,1,"S6","signal",500,70,0.500915658514495,77.7589265089475,0,0.4,0.3,"none",0,11,1
0.590360689083178,0.313790492162198,1,1,0.562307403041023,NA,0.999999999999936,1,0.496689191938096,NA,0.999999964367146,1,0.624474793488943,0.207274674569498,NA,1,1,"S6","signal",500,70,0.500915658514495,96.3899723183751,0,0.4,0.3,"none",0,12,1
0.518602779078533,0.330787634071287,1,1,0.541829327610541,NA,0.999999998508901,1,0.474116752764458,NA,0.999347831296318,1,0.619097789154891,0.34878825215172,NA,1,1,"S6","signal",500,70,0.500915658514495,62.2836877206398,0,0.4,0.3,"none",0,13,1
0.662806082270885,0.294412501401767,1,1,0.590907394987875,NA,0.999999999847566,1,0.552593171607308,NA,0.999983750495453,1,0.642840597488765,0.283398928577961,NA,1,1,"S6","signal",500,70,0.500915658514495,77.6685737479362,0,0.4,0.3,"none",0,14,1
0.536092736518675,0.319106124668618,1,1,0.461151145869967,NA,0.999999782201585,1,0.403821514590327,NA,0.993188507417774,1,0.469553070197131,0.30577100955909,NA,1,1,"S6","signal",500,70,0.500915658514495,70.6204237040431,0,0.4,0.3,"none",0,15,1
0.592267555324259,0.291879688360569,1,1,0.459532095318049,NA,0.999999912043033,1,0.407125094510348,NA,0.997068145007796,1,0.449528947830022,0.362043924681387,NA,1,1,"S6","signal",500,70,0.500915658514495,57.8844550760417,0,0.4,0.3,"none",0,16,1
0.597545602585883,0.284185420646877,1,1,0.591049909850477,NA,0.999999999999966,1,0.50029970188475,NA,0.999994109904902,1,0.607932347476562,0.329661009024087,NA,1,1,"S6","signal",500,70,0.500915658514495,89.0300827713608,0,0.4,0.3,"none",0,17,1
0.537329211762825,0.30140686457941,1,1,0.431840260030606,NA,0.999999780325323,1,0.383597730384323,NA,0.996248371107681,1,0.484078808103861,0.327701224477761,NA,1,1,"S6","signal",500,70,0.500915658514495,77.9973467418804,0,0.4,0.3,"none",0,18,1
0.596586501391428,0.335373769661994,1,1,0.548966867443343,NA,0.999999999979298,1,0.498855437495981,NA,0.999994642348331,1,0.539299580844008,0.324887448726045,NA,1,1,"S6","signal",500,70,0.500915658514495,82.0982812439439,0,0.4,0.3,"none",0,19,1
0.580656796928496,0.320632687156933,1,1,0.561450395684024,NA,0.999999999993934,1,0.483056989279292,NA,0.999995958541327,1,0.58823071021196,0.401803140751518,NA,1,1,"S6","signal",500,70,0.500915658514495,94.5285914643486,0,0.4,0.3,"none",0,20,1
0.572272981594792,0.29417830161447,1,1,0.502368078684443,NA,0.999999999951507,1,0.470785649335426,NA,0.999999057443425,1,0.514012541510791,0.249738442402202,NA,1,1,"S6","signal",500,70,0.500915658514495,85.2997362544834,0,0.4,0.3,"none",0,21,1
0.543572759198718,0.294802197357882,1,1,0.502852729650633,NA,0.999999999813834,1,0.528461507109311,NA,0.999999988817199,1,0.527882645040972,0.257257003549857,NA,1,1,"S6","signal",500,70,0.500915658514495,82.3801405074335,0,0.4,0.3,"none",0,22,1
0.533374622597627,0.301856761280718,1,1,0.489716609285472,NA,0.99999999561937,1,0.475523907941076,NA,0.999991226260866,1,0.600154529952347,0.310394722734599,NA,1,1,"S6","signal",500,70,0.500915658514495,80.1502461370545,0,0.4,0.3,"none",0,23,1
0.557039241825917,0.29487626224536,1,1,0.621762701989676,NA,0.999999999999044,1,0.575982986275324,NA,0.999999938200819,1,0.592230809590095,0.362749753041378,NA,1,1,"S6","signal",500,70,0.500915658514495,81.9225495285101,0,0.4,0.3,"none",0,24,1
0.479219053342135,0.321160319062753,1,1,0.431839406072976,NA,0.999999919701784,1,0.443587549408125,NA,0.999986928301304,1,0.439406002393572,0.253439643384046,NA,1,1,"S6","signal",500,70,0.500915658514495,80.763865342367,0,0.4,0.3,"none",0,25,1
0.602648184591868,0.304854992078579,1,1,0.570826563755677,NA,0.999999999999865,1,0.528949524938253,NA,0.999999977184159,1,0.607161431587329,0.276612981484624,NA,1,1,"S6","signal",500,70,0.500915658514495,98.5590618830725,0,0.4,0.3,"none",0,26,1
0.582739558173446,0.304677659011055,1,1,0.608946031687009,NA,0.999999999999946,1,0.547659203919799,NA,0.999999795178671,1,0.643896671074513,0.363879465022864,NA,1,1,"S6","signal",500,70,0.500915658514495,90.5547218088436,0,0.4,0.3,"none",0,27,1
0.512923668453699,0.3090380223916,1,1,0.492253946609193,NA,0.999999999894478,1,0.449105502221089,NA,0.999972424699444,1,0.525340484400536,0.239197226515413,NA,1,1,"S6","signal",500,70,0.500915658514495,94.7472488589904,0,0.4,0.3,"none",0,28,1
0.57609909782808,0.306484257611595,1,1,0.541066071943359,NA,0.999999999998848,1,0.497590754313785,NA,0.999999609624703,1,0.604744468833083,0.315710675101168,NA,1,1,"S6","signal",500,70,0.500915658514495,94.5487310475313,0,0.4,0.3,"none",0,29,1
0.593397972643091,0.292300763020277,1,1,0.511593387357572,NA,0.99999999784863,1,0.474406251466211,NA,0.999917840004174,1,0.504677933474805,0.256110078323663,NA,1,1,"S6","signal",500,70,0.500915658514495,77.9826205889916,0,0.4,0.3,"none",0,30,1
0.614789639895695,0.305664629059532,1,1,0.56053751256414,NA,0.99999999999896,1,0.523109293435931,NA,0.999999532516808,1,0.561948517042297,0.292124298732362,NA,1,1,"S6","signal",500,70,0.500915658514495,86.5101830261644,0,0.4,0.3,"none",0,31,1
0.51723938679964,0.305710615573601,1,1,0.504245602502305,NA,0.999999999419476,1,0.431324609477016,NA,0.999925256872383,1,0.548436163217038,0.321374512607484,NA,1,1,"S6","signal",500,70,0.500915658514495,86.487795384378,0,0.4,0.3,"none",0,32,1
0.558120821504596,0.320953453053467,1,1,0.430165456520711,NA,0.999999995681387,1,0.391023121075541,NA,0.999917656599212,1,0.46131692750292,0.170424888852148,NA,1,1,"S6","signal",500,70,0.500915658514495,110.651765323627,0,0.4,0.3,"none",0,33,1
0.550920367975325,0.280670497098263,1,1,0.541014502731456,NA,0.999999999997174,1,0.507430992622078,NA,0.999999809641284,1,0.521946211596135,0.351333268866822,NA,1,1,"S6","signal",500,70,0.500915658514495,96.2755428722158,0,0.4,0.3,"none",0,34,1
0.600375942055919,0.280184685858537,1,1,0.579821762703247,NA,0.99999999999946,1,0.52716040847058,NA,0.999999514918412,1,0.561490120704774,0.264409293385687,NA,1,1,"S6","signal",500,70,0.500915658514495,79.8630871386864,0,0.4,0.3,"none",0,35,1
0.519852446931754,0.290278847074304,1,1,0.572397664874906,NA,0.999999999999446,1,0.511265195293449,NA,0.999998908876275,1,0.620311191506223,0.277675374814246,NA,1,1,"S6","signal",500,70,0.500915658514495,99.0660800177213,0,0.4,0.3,"none",0,36,1
0.570050420578621,0.300420529340658,1,1,0.478821056049659,NA,0.99999990161921,1,0.419011603607472,NA,0.991222264752024,1,0.399423362193387,0.276884052911895,NA,1,1,"S6","signal",500,70,0.500915658514495,64.7563085743221,0,0.4,0.3,"none",0,37,1
0.668130397113254,0.316062554835478,1,1,0.599156838940358,NA,0.999999999998221,1,0.572499702247609,NA,0.999999965317598,1,0.642991898706589,0.372068409843096,NA,1,1,"S6","signal",500,70,0.500915658514495,80.1217347827855,0,0.4,0.3,"none",0,38,1
0.562207869680555,0.306793577348972,1,1,0.530431364874614,NA,0.999999999986373,1,0.496047918624354,NA,0.999999283282154,1,0.537952505393624,0.343886140319589,NA,1,1,"S6","signal",500,70,0.500915658514495,96.0150906621106,0,0.4,0.3,"none",0,39,1
0.662826396272358,0.317322834871779,1,1,0.717542577300377,NA,1,1,0.70118593614116,NA,0.999999999964111,1,0.764975136928232,0.377528214682823,NA,1,1,"S6","signal",500,70,0.500915658514495,76.378732596837,0,0.4,0.3,"none",0,40,1
0.53248143066714,0.303561470792734,1,1,0.45217825007107,NA,0.999999995654365,1,0.40573617444351,NA,0.999902706557095,1,0.484217185906691,0.375684538335941,NA,1,1,"S6","signal",500,70,0.500915658514495,96.1399601874187,0,0.4,0.3,"none",0,41,1
0.515345619570176,0.288101935019161,1,1,0.484254363671259,NA,0.999999999815625,1,0.445131323270852,NA,0.999985909876629,1,0.524424849558322,0.248404005252953,NA,1,1,"S6","signal",500,70,0.500915658514495,86.5953901242289,0,0.4,0.3,"none",0,42,1
0.558180302808487,0.300089432180228,1,1,0.571658013141588,NA,0.999999999901682,1,0.568024031561786,NA,0.999999767106482,1,0.589216603479102,0.358810660215105,NA,1,1,"S6","signal",500,70,0.500915658514495,78.8816990873715,0,0.4,0.3,"none",0,43,1
0.500009925563594,0.293305981047919,1,1,0.423089457908107,NA,0.999999814328594,1,0.386784511436866,NA,0.998860312104007,1,0.469279189918171,0.391394724783583,NA,1,1,"S6","signal",500,70,0.500915658514495,74.1116999276314,0,0.4,0.3,"none",0,44,1
0.553982173603272,0.302945731088458,1,1,0.635803690837989,NA,1,1,0.598771102174852,NA,0.9999999998343,1,0.642787347364264,0.305385384877831,NA,1,1,"S6","signal",500,70,0.500915658514495,85.3839448536919,0,0.4,0.3,"none",0,45,1
0.544118786672298,0.323501774380924,1,1,0.478460474593968,NA,0.999999951127592,1,0.505855926493154,NA,0.999962204591255,1,0.525668218297183,0.320864975946106,NA,1,1,"S6","signal",500,70,0.500915658514495,68.7175129559175,0,0.4,0.3,"none",0,46,1
0.546494214163809,0.327515051479652,1,1,0.499239927141418,NA,0.999999990408719,1,0.445399111254405,NA,0.999757658645485,1,0.575660821874647,0.314536553748697,NA,1,1,"S6","signal",500,70,0.500915658514495,70.7884813013067,0,0.4,0.3,"none",0,47,1
0.508580562114854,0.281692638909673,1,1,0.428209812467954,NA,0.999999974886991,1,0.421776387880205,NA,0.999881211378455,1,0.447759450937133,0.18074644212471,NA,1,1,"S6","signal",500,70,0.500915658514495,75.9023202322673,0,0.4,0.3,"none",0,48,1
0.574896557254084,0.28723450711502,1,1,0.550423480803678,NA,0.999999999985681,1,0.504830122588109,NA,0.999999501447224,1,0.551495973038143,0.307820016550062,NA,1,1,"S6","signal",500,70,0.500915658514495,81.4650969413015,0,0.4,0.3,"none",0,49,1
0.528564742270608,0.307462236917612,1,1,0.414819951676869,NA,0.999999947736227,1,0.420253251351785,NA,0.999961030335916,1,0.429396694521025,0.272282399675936,NA,1,1,"S6","signal",500,70,0.500915658514495,90.4209072651781,0,0.4,0.3,"none",0,50,1
0.627478985929877,0.276789397574406,1,1,0.564963424159514,NA,0.999999999443566,1,0.53766139106531,NA,0.99996792121445,1,0.579433047549121,0.373073618848228,NA,1,1,"S6","signal",500,70,0.500915658514495,60.7907356906409,0,0.4,0.3,"none",0,51,1
0.558445304947094,0.276032902864303,1,1,0.466395497423492,NA,0.999999999871663,1,0.412825454532004,NA,0.999892488615787,1,0.421088765302569,0.19657642759246,NA,1,1,"S6","signal",500,70,0.500915658514495,92.0704227549885,0,0.4,0.3,"none",0,52,1
0.524280474401771,0.285810094224953,1,1,0.518516760258069,NA,0.9999999999694,1,0.495494204851588,NA,0.999996249327189,1,0.563928350516586,0.425011492444257,NA,1,1,"S6","signal",500,70,0.500915658514495,87.1513494466234,0,0.4,0.3,"none",0,53,1
0.518729228433424,0.299442646561743,1,1,0.574297392594633,NA,0.999999999999883,1,0.561358100371725,NA,0.999999993724764,1,0.594460167587027,0.329229281176201,NA,1,1,"S6","signal",500,70,0.500915658514495,86.7999919260381,0,0.4,0.3,"none",0,54,1
0.60939661809148,0.317297794835335,1,1,0.637140495907463,NA,0.999999999999988,1,0.599397349891735,NA,0.999999988433364,1,0.619807026583364,0.284294975661209,NA,1,1,"S6","signal",500,70,0.500915658514495,80.6097196533597,0,0.4,0.3,"none",0,55,1
0.60743854943591,0.306493918519813,1,1,0.613617914056197,NA,1,1,0.580681956017749,NA,0.999999999786404,1,0.602441895843272,0.319256221981758,NA,1,1,"S6","signal",500,70,0.500915658514495,103.981747859248,0,0.4,0.3,"none",0,56,1
0.552370235318807,0.303488687009745,1,1,0.54133896212297,NA,0.999999999991293,1,0.520227519652122,NA,0.999999919324512,1,0.532729725490045,0.265671128011296,NA,1,1,"S6","signal",500,70,0.500915658514495,80.2608987601894,0,0.4,0.3,"none",0,57,1
0.635774034865115,0.257738776805084,1,1,0.535173340213435,NA,0.999999999976628,1,0.467136407808009,NA,0.999971297864287,1,0.554461985597686,0.158341093886507,NA,1,1,"S6","signal",500,70,0.500915658514495,88.3414306872028,0,0.4,0.3,"none",0,58,1
0.600248654635569,0.309119907665949,1,1,0.562723399445194,NA,0.99999999999995,1,0.5024467607815,NA,0.999999994808818,1,0.572345032118535,0.276954581605406,NA,1,1,"S6","signal",500,70,0.500915658514495,102.259495621472,0,0.4,0.3,"none",0,59,1
0.574300661815961,0.301988116828,1,1,0.499887279614379,NA,0.999999996585929,1,0.468639256029591,NA,0.999957788985958,1,0.527614988474844,0.190230750980747,NA,1,1,"S6","signal",500,70,0.500915658514495,77.8078302802318,0,0.4,0.3,"none",0,60,1
0.551501932343359,0.314766845918132,1,1,0.495516668942604,NA,0.999999999998884,1,0.453093882349404,NA,0.999999833855501,1,0.504817915406083,0.300135171045066,NA,1,1,"S6","signal",500,70,0.500915658514495,103.824855956778,0,0.4,0.3,"none",0,61,1
0.524511295281372,0.308188152129211,1,1,0.470147358180454,NA,0.999999999984027,1,0.437644367107201,NA,0.999998826133015,1,0.569978662409948,0.243461828943874,NA,1,1,"S6","signal",500,70,0.500915658514495,97.7239329399698,0,0.4,0.3,"none",0,62,1
0.511754403427736,0.285245491653388,1,1,0.524651481794256,NA,0.999999999999829,1,0.436871705056735,NA,0.999980953542012,1,0.552872685511803,0.345632265597305,NA,1,1,"S6","signal",500,70,0.500915658514495,109.938651704794,0,0.4,0.3,"none",0,63,1
0.539183026625361,0.308584347235371,1,1,0.514003149353565,NA,0.999999999868465,1,0.449938979468008,NA,0.999904799875976,1,0.538868501424296,0.344114733149391,NA,1,1,"S6","signal",500,70,0.500915658514495,85.5356195418124,0,0.4,0.3,"none",0,64,1
0.566397979403535,0.301282687708956,1,1,0.600154372610232,NA,0.999999999999965,1,0.59505707240317,NA,0.999999998533563,1,0.56102110908972,0.329471609687707,NA,1,1,"S6","signal",500,70,0.500915658514495,95.7352475838028,0,0.4,0.3,"none",0,65,1
0.52408616218163,0.330001185058935,1,1,0.402218433288058,NA,0.999996989232805,1,0.434088751212978,NA,0.999884278493243,1,0.436271557889789,0.293581243263611,NA,1,1,"S6","signal",500,70,0.500915658514495,65.8706290991749,0,0.4,0.3,"none",0,66,1
0.564436371554949,0.325876718509961,1,1,0.570120924222614,NA,0.999999999990261,1,0.563651176972885,NA,0.999999949893818,1,0.65930467749893,0.193127331333886,NA,1,1,"S6","signal",500,70,0.500915658514495,78.914736025576,0,0.4,0.3,"none",0,67,1
0.584702089505528,0.317234025990835,1,1,0.542818807287057,NA,0.999999999999581,1,0.500668178406254,NA,0.999999067051009,1,0.549973113901491,0.319798066507805,NA,1,1,"S6","signal",500,70,0.500915658514495,99.7406714007398,0,0.4,0.3,"none",0,68,1
0.642606288436135,0.300947652527555,1,1,0.624827417262248,NA,0.999999999999997,1,0.591657974961573,NA,0.999999999518657,1,0.643529282181935,0.323340222138874,NA,1,1,"S6","signal",500,70,0.500915658514495,98.8704796996997,0,0.4,0.3,"none",0,69,1
0.568174934093165,0.306605511146257,1,1,0.58145440427256,NA,0.999999999999007,1,0.524485241037916,NA,0.999985406252326,1,0.636778691255167,0.375932831408458,NA,1,1,"S6","signal",500,70,0.500915658514495,81.638667884083,0,0.4,0.3,"none",0,70,1
0.532498475800399,0.312880699852416,1,1,0.514032218281171,NA,0.999999999997261,1,0.47313409764303,NA,0.999999880264177,1,0.560028006596143,0.239858858776957,NA,1,1,"S6","signal",500,70,0.500915658514495,102.957657073672,0,0.4,0.3,"none",0,71,1
0.587063765964132,0.306008266584761,1,1,0.624087037959884,NA,0.999999999999999,1,0.554785141635287,NA,0.999999998112163,1,0.641766088099425,0.388325239210919,NA,1,1,"S6","signal",500,70,0.500915658514495,101.622258238209,0,0.4,0.3,"none",0,72,1
0.504906122665023,0.275115121164045,1,1,0.512842339928866,NA,0.999999999960421,1,0.451374633823027,NA,0.999985445759413,1,0.526927336933591,0.330266369426133,NA,1,1,"S6","signal",500,70,0.500915658514495,79.6615459535128,0,0.4,0.3,"none",0,73,1
0.50931225936769,0.307947847090891,1,1,0.464761401842686,NA,0.999999950880399,1,0.439604476147225,NA,0.99810603136208,1,0.507210621522059,0.26086155317282,NA,1,1,"S6","signal",500,70,0.500915658514495,64.5654865473402,0,0.4,0.3,"none",0,74,1
0.576748322502624,0.320987829045508,1,1,0.662339524452126,NA,1,1,0.65407414075977,NA,0.999999999935104,1,0.608598584725146,0.439702311492647,NA,1,1,"S6","signal",500,70,0.500915658514495,101.404056041896,0,0.4,0.3,"none",0,75,1
0.571650207378011,0.278724707157454,1,1,0.618703452622779,NA,1,1,0.604579994511943,NA,0.999999999999869,1,0.627243623253285,0.343706640033359,NA,1,1,"S6","signal",500,70,0.500915658514495,113.363177947773,0,0.4,0.3,"none",0,76,1
0.567835446642904,0.298890920219865,1,1,0.420602762154578,NA,0.999999862271101,1,0.399719173365845,NA,0.9997709836526,1,0.518757263765734,0.328921962047845,NA,1,1,"S6","signal",500,70,0.500915658514495,83.8364679627396,0,0.4,0.3,"none",0,77,1
0.510540730691464,0.31815383617122,1,1,0.575482312983562,NA,0.999999999997986,1,0.557150890908797,NA,0.999999997785309,1,0.543971727066875,0.311019496454069,NA,1,1,"S6","signal",500,70,0.500915658514495,96.357668052715,0,0.4,0.3,"none",0,78,1
0.482474740376392,0.293950155307731,1,1,0.455643576771094,NA,0.999999997618487,1,0.458949575350949,NA,0.999998890952179,1,0.549016141817209,0.24879380267797,NA,1,1,"S6","signal",500,70,0.500915658514495,85.882961347588,0,0.4,0.3,"none",0,79,1
0.582245312898571,0.275215792208579,1,1,0.527649992875456,NA,0.9999999980647,1,0.498396253950597,NA,0.999985518294077,1,0.564627123189928,0.395050629644513,NA,1,1,"S6","signal",500,70,0.500915658514495,67.9084051235354,0,0.4,0.3,"none",0,80,1
0.578185472083686,0.312517218701781,1,1,0.611765479777892,NA,1,1,0.59117394695284,NA,0.999999999992111,1,0.670346971846691,0.411629426398588,NA,1,1,"S6","signal",500,70,0.500915658514495,106.116486872187,0,0.4,0.3,"none",0,81,1
0.519627191272412,0.343806583429981,1,1,0.503305100415866,NA,0.999999999527405,1,0.468604710207499,NA,0.999990919955752,1,0.518400288408375,0.383666110330518,NA,1,1,"S6","signal",500,70,0.500915658514495,92.4812668956682,0,0.4,0.3,"none",0,82,1
0.570890058342676,0.306684936465228,1,1,0.486641383006134,NA,0.999999998518067,1,0.460741743339855,NA,0.999979493796911,1,0.558523260891753,0.349379310529353,NA,1,1,"S6","signal",500,70,0.500915658514495,77.7147628061648,0,0.4,0.3,"none",0,83,1
0.580520154420738,0.295450099297928,1,1,0.505942913437178,NA,0.999999986354083,1,0.482972889023671,NA,0.999846791777095,1,0.49412765802867,0.198852464179044,NA,1,1,"S6","signal",500,70,0.500915658514495,76.0443948812601,0,0.4,0.3,"none",0,84,1
0.581478823398557,0.274876459744295,1,1,0.545039345137737,NA,0.999999999867934,1,0.503818311216297,NA,0.999996397397614,1,0.545491326754664,0.344949864770531,NA,1,1,"S6","signal",500,70,0.500915658514495,76.1030919605044,0,0.4,0.3,"none",0,85,1
0.540257873660936,0.29135202065622,1,1,0.472312946650729,NA,0.999999999450787,1,0.416226938713749,NA,0.999947305566429,1,0.518063580673434,0.323346269025345,NA,1,1,"S6","signal",500,70,0.500915658514495,89.8764411173882,0,0.4,0.3,"none",0,86,1
0.612189051567876,0.299913199753987,1,1,0.513887307394609,NA,0.999999999962978,1,0.492308300743877,NA,0.999997747917669,1,0.500299831061947,0.3195715876201,NA,1,1,"S6","signal",500,70,0.500915658514495,90.5645516608885,0,0.4,0.3,"none",0,87,1
0.602532368236623,0.295755242964189,1,1,0.537579621806289,NA,0.999999999976128,1,0.519641209667646,NA,0.999998678011277,1,0.555788290751374,0.259455442981274,NA,1,1,"S6","signal",500,70,0.500915658514495,81.0287301518464,0,0.4,0.3,"none",0,88,1
0.549653498738294,0.324255609736204,1,1,0.430029980422283,NA,0.999999678068365,1,0.405694266539128,NA,0.999339955351874,1,0.472787721136937,0.359313601032169,NA,1,1,"S6","signal",500,70,0.500915658514495,73.7189394592325,0,0.4,0.3,"none",0,89,1
0.541707880398035,0.31245845150687,1,1,0.511404227563859,NA,0.999999994436054,1,0.479322819560445,NA,0.999823198146504,1,0.576753386282297,0.296765205987636,NA,1,1,"S6","signal",500,70,0.500915658514495,71.963886672586,0,0.4,0.3,"none",0,90,1
0.503729601100614,0.313496754298521,1,1,0.370361854723105,NA,0.99999950231552,1,0.349614609513393,NA,0.999477825862279,1,0.48086513004314,0.321260826494345,NA,1,1,"S6","signal",500,70,0.500915658514495,97.8676192861215,0,0.4,0.3,"none",0,91,1
0.609330790564008,0.323249093678546,1,1,0.586213352485108,NA,0.999999999999998,1,0.538160427181452,NA,0.999999999440349,1,0.587365097322084,0.351698787580758,NA,1,1,"S6","signal",500,70,0.500915658514495,125.128737597449,0,0.4,0.3,"none",0,92,1
0.6228267087224,0.275210268558476,1,1,0.599215080117184,NA,0.999999999999991,1,0.553955960193865,NA,0.999999971835866,1,0.600503080584553,0.325740085908113,NA,1,1,"S6","signal",500,70,0.500915658514495,76.1601488645455,0,0.4,0.3,"none",0,93,1
0.544372035528323,0.317819536160795,1,1,0.513471322722584,NA,0.999999999972169,1,0.483064598880618,NA,0.999997834146434,1,0.579597793552398,0.457662580132876,NA,1,1,"S6","signal",500,70,0.500915658514495,94.0776013898479,0,0.4,0.3,"none",0,94,1
0.610430779798814,0.282919772841733,1,1,0.552339461927935,NA,0.99999999999988,1,0.51250521772089,NA,0.999999988553043,1,0.577459504971291,0.318216024065599,NA,1,1,"S6","signal",500,70,0.500915658514495,106.194871324168,0,0.4,0.3,"none",0,95,1
0.57828020870116,0.273840601466186,1,1,0.59780680035406,NA,0.999999999999997,1,0.540620023641167,NA,0.999999995380083,1,0.639340225897751,0.268854676215493,NA,1,1,"S6","signal",500,70,0.500915658514495,96.0838220821711,0,0.4,0.3,"none",0,96,1
0.603703687891637,0.318791490126101,1,1,0.56498887462836,NA,0.999999999988735,1,0.540907782262787,NA,0.999999912681324,1,0.581294878938053,0.30098540892466,NA,1,1,"S6","signal",500,70,0.500915658514495,99.5553283526271,0,0.4,0.3,"none",0,97,1
0.498035027503794,0.310782835014258,1,1,0.438601197934876,NA,0.999999931464668,1,0.417464631988521,NA,0.999746151154364,1,0.494023739518229,0.345457884798762,NA,1,1,"S6","signal",500,70,0.500915658514495,71.4233448675251,0,0.4,0.3,"none",0,98,1
0.567533765639579,0.297182428327492,1,1,0.515674600195273,NA,0.999999999981554,1,0.485481758892508,NA,0.999996499616226,1,0.524911237536365,0.202947387874275,NA,1,1,"S6","signal",500,70,0.500915658514495,84.6187557758422,0,0.4,0.3,"none",0,99,1
0.60852492434732,0.305042585440267,1,1,0.616242768140503,NA,0.999999999999992,1,0.587719887013444,NA,0.999999999919016,1,0.579349289543737,0.317453361883684,NA,1,1,"S6","signal",500,70,0.500915658514495,89.0365209041419,0,0.4,0.3,"none",0,100,1
0.443733272839838,-0.0286064168984036,1,1,0.321769836241951,NA,0.999999296860012,1,0.302445190720459,NA,0.99178032090009,1,0.348094487800093,-0.0418959042563546,NA,1,1,"S6","main",500,70,0.500915658514495,96.3131150314627,0,0.2,0.1,"none",0,1,1
0.484677632929096,-0.0102853637144552,1,1,0.334959900329127,NA,0.999998487073879,1,0.285745956591777,NA,0.980203899054723,1,0.336155307871737,0.014518231303482,0.00055026508221099,0.999449748743719,1,"S6","main",500,70,0.500915658514495,87.5446946498836,0,0.2,0.1,"none",0,2,1
0.469805498920584,-0.0098876919101839,1,1,0.392101429541161,NA,0.999999999511115,1,0.35618063729245,NA,0.999916889700358,1,0.385922536195721,-0.0162566725624561,NA,1,1,"S6","main",500,70,0.500915658514495,115.154995168398,0,0.2,0.1,"none",0,3,1
0.484496402158889,-0.0180177703102326,1,1,0.34520518733288,NA,0.999998520187746,1,0.348576796712037,NA,0.999288919768078,1,0.334982240831383,-0.0241901325066618,NA,1,1,"S6","main",500,70,0.500915658514495,77.9155072221357,0,0.2,0.1,"none",0,4,1
0.454356388634335,0.00970977415305458,1,1,0.328802079347355,NA,0.999999746739262,1,0.312472050922267,NA,0.998729764637499,1,0.346052750593701,-0.0733513017519677,NA,1,1,"S6","main",500,70,0.500915658514495,103.406204550319,0,0.2,0.1,"none",0,5,1
0.456541960129151,-0.00302377454166502,1,1,0.34325102699914,NA,0.999999055602123,1,0.355095726155613,NA,0.998562546853396,1,0.371694244362108,-0.0129181032499769,NA,1,1,"S6","main",500,70,0.500915658514495,82.5367605913864,0,0.2,0.1,"none",0,6,1
0.488758966274974,-0.00134363396465398,1,1,0.372093146179386,NA,0.999999973227191,1,0.355619940847209,NA,0.998777414586985,1,0.347484809656632,0.0110806487458136,NA,1,1,"S6","main",500,70,0.500915658514495,89.2937179708702,0,0.2,0.1,"none",0,7,1
0.499892276351748,0.00798365701839358,1,1,0.341217000632188,NA,0.999999306162299,1,0.301280309530436,NA,0.99654858538602,1,0.324915800000702,0.102412003620715,NA,1,1,"S6","main",500,70,0.500915658514495,94.0358178620533,0,0.2,0.1,"none",0,8,1
0.476776854080411,-0.0363071062602221,1,1,0.370659318420699,NA,0.999999964343947,1,0.359456420188771,NA,0.99978636638844,1,0.399851625778792,0.0316903534720528,NA,1,1,"S6","main",500,70,0.500915658514495,79.8765548581318,0,0.2,0.1,"none",0,9,1
0.47256752276918,0.00926555123923855,1,1,0.295089370289427,NA,0.999993378307575,1,0.298567623433984,NA,0.997156955111063,1,0.274015856564384,-0.0111470793549899,0.00122564336285765,0.997922110552764,1,"S6","main",500,70,0.500915658514495,109.43317375094,0,0.2,0.1,"none",0,10,1
0.461181153099687,0.00259483463580151,1,1,0.324364684064511,NA,0.999994209854951,1,0.267648926182496,NA,0.92581044355339,1,0.312652790032763,-0.13897314693536,NA,1,1,"S6","main",500,70,0.500915658514495,72.6231308536172,0,0.2,0.1,"none",0,11,1
0.496962064096801,0.000132330619402182,1,1,0.367544580981487,NA,0.999999853176355,1,0.30926414447478,NA,0.985323754191034,1,0.349521793212563,0.0779237793673502,NA,1,1,"S6","main",500,70,0.500915658514495,87.4618806164204,0,0.2,0.1,"none",0,12,1
0.421676865413584,0.0195500824835743,1,1,0.245620533940227,NA,0.999354650333952,1,0.145743524592548,NA,0.666818298758742,1,0.264814371099115,-0.0176693032052767,0.00668604806990634,0.980763819095477,1,"S6","main",500,70,0.500915658514495,75.1605960074282,0,0.2,0.1,"none",0,13,1
0.484274319606653,-0.0127636919999716,1,1,0.308781916784035,NA,0.999976872182907,1,0.273338123192971,NA,0.95969068773223,1,0.290225543564499,-0.0189567392129274,0.00653937848015335,0.985027638190955,1,"S6","main",500,70,0.500915658514495,84.0489590218913,0,0.2,0.1,"none",0,14,1
0.440970698872892,0.00362978065250718,1,1,0.33405484941856,NA,0.999999868274895,1,0.290307031778862,NA,0.995897784380926,1,0.293473578769104,0.0501563862080202,NA,1,1,"S6","main",500,70,0.500915658514495,112.755105953462,0,0.2,0.1,"none",0,15,1
0.495224433047257,-0.0185818420324036,1,1,0.400490579841327,NA,0.99999999863884,1,0.334002326820841,NA,0.999230654932643,1,0.398307409366224,0.0173468955339342,NA,1,1,"S6","main",500,70,0.500915658514495,91.3097893285595,0,0.2,0.1,"none",0,16,1
0.499900946350024,0.0288564026974247,1,1,0.34512406663808,NA,0.999998395215813,1,0.314600824711425,NA,0.984229182870131,1,0.365319448763167,0.116368430386865,NA,1,1,"S6","main",500,70,0.500915658514495,80.551753679447,0,0.2,0.1,"none",0,17,1
0.48567157509856,0.0143162636443108,1,1,0.336047667450661,NA,0.999999311496769,1,0.303845971802663,NA,0.991275403042158,1,0.342285932620262,0.0384330836359027,NA,1,1,"S6","main",500,70,0.500915658514495,91.3616200734316,0,0.2,0.1,"none",0,18,1
0.429912724057081,-0.0218368813225218,1,1,0.286473580237226,NA,0.99997664741374,1,0.210848722328896,NA,0.85118898694412,1,0.237479898479558,-0.0692864727555801,0.00260152597482101,0.991381909547739,1,"S6","main",500,70,0.500915658514495,96.0428710843586,0,0.2,0.1,"none",0,19,1
0.437509853870204,-0.000512139352874257,1,1,0.330107903832213,NA,0.999997687309536,1,0.317504643800045,NA,0.99242058805902,1,0.339071303580826,0.00071907510446142,NA,1,1,"S6","main",500,70,0.500915658514495,80.3021578631965,0,0.2,0.1,"none",0,20,1
0.469568185287975,-0.00687706121472527,1,1,0.350573631854164,NA,0.999999874965003,1,0.344073093737876,NA,0.999877300711415,1,0.346219433027842,0.00567131259887214,NA,1,1,"S6","main",500,70,0.500915658514495,98.7705689098161,0,0.2,0.1,"none",0,21,1
0.467493378722302,-0.0118361440919173,1,1,0.344347035728385,NA,0.99999862901587,1,0.280515289711561,NA,0.96329447983292,1,0.377537402535819,0.0607071929494122,NA,1,1,"S6","main",500,70,0.500915658514495,82.6388169361246,0,0.2,0.1,"none",0,22,1
0.410666320658418,0.000197733059482083,1,1,0.241742097818153,NA,0.999314480540133,1,0.0676226036220932,NA,0.335269965059798,0,0.235444099563901,-0.0519085410750772,0.00967448712287706,0.943226130653266,1,"S6","main",500,70,0.500915658514495,73.4546269524987,0,0.2,0.1,"none",0,23,1
0.418156942064992,-0.0110902969493199,1,1,0.292385187136912,NA,0.999990956683144,1,0.27203631795288,NA,0.967788085302151,1,0.331361248397062,-0.0115252752392306,NA,1,1,"S6","main",500,70,0.500915658514495,100.29862951286,0,0.2,0.1,"none",0,24,1
0.418027434975195,-0.0110171670987738,1,1,0.289160507700622,NA,0.999973919116586,1,0.269534474992933,NA,0.966661926478287,1,0.242225939331345,-0.0541255346194827,0.00687885653962225,0.973738693467337,1,"S6","main",500,70,0.500915658514495,85.9283086410279,0,0.2,0.1,"none",0,25,1
0.460897262402918,-0.0120439250778495,1,1,0.400484527472813,NA,0.999999994776918,1,0.37029887715281,NA,0.999792072605352,1,0.435726234283008,-0.0280883615609356,NA,1,1,"S6","main",500,70,0.500915658514495,93.5900465506145,0,0.2,0.1,"none",0,26,1
0.429290804703571,0.00472972719840546,1,1,0.287239806881036,NA,0.999916828100835,1,0.193446133873706,NA,0.764865251366973,1,0.288325943175824,-0.00107211556180381,0.0074813341484026,0.982168341708543,1,"S6","main",500,70,0.500915658514495,76.8168754189355,0,0.2,0.1,"none",0,27,1
0.509539609363166,0.0156354895367547,1,1,0.341651901452035,NA,0.999999235412181,1,0.273014103488768,NA,0.980625808490935,1,0.320442830690411,0.0908186455853275,0.000381919143817638,0.999618090452261,1,"S6","main",500,70,0.500915658514495,94.796193598433,0,0.2,0.1,"none",0,28,1
0.474613100000047,0.00728518211230945,1,1,0.342631120516142,NA,0.999995249682076,1,0.286638878402663,NA,0.927532353701904,1,0.401434033230232,0.104263809614107,NA,1,1,"S6","main",500,70,0.500915658514495,64.6261397426389,0,0.2,0.1,"none",0,29,1
0.490485458367776,0.00592131258754964,1,1,0.40655439527063,NA,0.999999991198056,1,0.348974975392381,NA,0.998870110205504,1,0.464157802888766,-0.11977182701756,NA,1,1,"S6","main",500,70,0.500915658514495,75.9373056948542,0,0.2,0.1,"none",0,30,1
0.500399067540467,0.0134853880586885,1,1,0.337899963913098,NA,0.999998798127823,1,0.318682366978406,NA,0.993255215716,1,0.402674455443156,0.000294426556183686,NA,1,1,"S6","main",500,70,0.500915658514495,99.246180595831,0,0.2,0.1,"none",0,31,1
0.450339229296245,-0.00683592179491627,1,1,0.316517086058006,NA,0.999998537752787,1,0.279632592372064,NA,0.983942975590745,1,0.314199700790782,0.0206221732192546,NA,1,1,"S6","main",500,70,0.500915658514495,89.2296862549117,0,0.2,0.1,"none",0,32,1
0.459531073390417,-0.00625072345069091,1,1,0.334293674198264,NA,0.999998655031074,1,0.347074037702648,NA,0.99817196788634,1,0.310945001959872,0.0114169431378824,0.000751275157904465,0.999248743718593,1,"S6","main",500,70,0.500915658514495,84.0651963881099,0,0.2,0.1,"none",0,33,1
0.4801201022591,-0.000144011419813438,1,1,0.326598125285119,NA,0.999998981219975,1,0.294770853928283,NA,0.986213726175727,1,0.360253987628111,0.0614932619582156,NA,1,1,"S6","main",500,70,0.500915658514495,76.6085884698667,0,0.2,0.1,"none",0,34,1
0.435845203092748,0.000669623976263934,1,1,0.295093646189397,NA,0.999995103681911,1,0.280055805821981,NA,0.988806496609447,1,0.280457623563604,0.0120000987084987,0.00628108561139323,0.991120603015075,1,"S6","main",500,70,0.500915658514495,94.105289232808,0,0.2,0.1,"none",0,35,1
0.481189719411035,-0.0205867503695841,1,1,0.323735241852815,NA,0.999998703749689,1,0.283948684603314,NA,0.98599371998139,1,0.344604306705324,-0.0762255380645734,NA,1,1,"S6","main",500,70,0.500915658514495,90.3423339049044,0,0.2,0.1,"none",0,36,1
0.512906292672869,-0.0197999247532239,1,1,0.394332799994852,NA,0.99999999274178,1,0.373282339813549,NA,0.999981810849781,1,0.370664286752813,0.0313435834349493,NA,1,1,"S6","main",500,70,0.500915658514495,97.9475768922943,0,0.2,0.1,"none",0,37,1
0.457426069449041,0.00296752770070037,1,1,0.371403225295329,NA,0.999999854666655,1,0.344943508369423,NA,0.998056105123821,1,0.361855613294931,0.0672718016635429,0.000351767632463699,0.99964824120603,1,"S6","main",500,70,0.500915658514495,81.7636885301858,0,0.2,0.1,"none",0,38,1
0.466219117135578,-0.00430804210657445,1,1,0.392968093787352,NA,0.999999986241815,1,0.363308183845569,NA,0.998566419700404,1,0.40156054648864,-0.0280041808886474,NA,1,1,"S6","main",500,70,0.500915658514495,79.6489546954074,0,0.2,0.1,"none",0,39,1
0.405592430113191,0.00180743648920885,1,1,0.323616527560309,NA,0.999999331006978,1,0.266511752373254,NA,0.976983355124117,1,0.340449526927662,0.0371505377727029,NA,1,1,"S6","main",500,70,0.500915658514495,92.7347575329332,0,0.2,0.1,"none",0,40,1
0.510843517184,0.0157552420971644,1,1,0.361958424062993,NA,0.999999846696592,1,0.338382127502079,NA,0.998730546281921,1,0.395746508718702,-0.0415043438390524,NA,1,1,"S6","main",500,70,0.500915658514495,82.098314951469,0,0.2,0.1,"none",0,41,1
0.479101650184602,0.000419641374154275,1,1,0.368917859062568,NA,0.999999835938359,1,0.337138515413756,NA,0.993273220692572,1,0.302113169864947,-0.0683402308152487,0.00191662679186765,0.996678391959799,1,"S6","main",500,70,0.500915658514495,78.6814302079665,0,0.2,0.1,"none",0,42,1
0.460861866032608,0.010478200193526,1,1,0.32353126912086,NA,0.999997106024118,1,0.196763503201068,NA,0.767492842849879,1,0.32817907942108,-0.0041698289263972,NA,1,1,"S6","main",500,70,0.500915658514495,95.3061016399941,0,0.2,0.1,"none",0,43,1
0.452842292549689,-0.0306652822311076,1,1,0.330514348314069,NA,0.9999999463903,1,0.258833299144843,NA,0.974084139212938,1,0.342377455777041,-0.0590638398487928,NA,1,1,"S6","main",500,70,0.500915658514495,105.897269219262,0,0.2,0.1,"none",0,44,1
0.497692130810071,0.00105933068179615,1,1,0.391269072648402,NA,0.999999994777843,1,0.346636969487063,NA,0.99947310179529,1,0.429987021781722,-0.0362188886919292,NA,1,1,"S6","main",500,70,0.500915658514495,98.5616041972178,0,0.2,0.1,"none",0,45,1
0.483480096751005,-0.00872545127758048,1,1,0.362699066078559,NA,0.999998369308777,1,0.357861976313746,NA,0.9945651460605,1,0.352815923628573,-0.0156036203524627,0.000644765607360185,0.999175879396985,1,"S6","main",500,70,0.500915658514495,75.2110373226041,0,0.2,0.1,"none",0,46,1
0.476798940687799,-0.0522392920572467,1,1,0.308163805976005,NA,0.999997275013209,1,0.284984766990711,NA,0.994958090564836,1,0.317000394796869,-0.0685680282743698,NA,1,1,"S6","main",500,70,0.500915658514495,91.4551987631385,0,0.2,0.1,"none",0,47,1
0.41559418787622,0.000320037324964561,1,1,0.301073759894561,NA,0.999994954344941,1,0.237920909391225,NA,0.937356986704659,1,0.28309882953903,-0.0605696263440957,0.00210306791694297,0.997896984924623,1,"S6","main",500,70,0.500915658514495,83.5422374620794,0,0.2,0.1,"none",0,48,1
0.455281725344578,-0.00998098056801428,1,1,0.294508199467201,NA,0.99995961635444,1,0.264210987040334,NA,0.927666195642335,1,0.2974841053488,0.0366230749287845,0.00414488867045887,0.991623115577889,1,"S6","main",500,70,0.500915658514495,79.3004291511086,0,0.2,0.1,"none",0,49,1
0.494198662645814,0.008539157023858,1,1,0.411252807905447,NA,0.99999999708599,1,0.345117635525274,NA,0.994287917281619,1,0.44051225360747,-0.0739214855201289,NA,1,1,"S6","main",500,70,0.500915658514495,95.2797535759273,0,0.2,0.1,"none",0,50,1
0.414462198761241,-0.0112443413882894,1,1,0.339947650519197,NA,0.999999932705203,1,0.304866723234425,NA,0.998470664123264,1,0.341893618848887,-0.0784665270264202,NA,1,1,"S6","main",500,70,0.500915658514495,111.707509325801,0,0.2,0.1,"none",0,51,1
0.462588428074271,0.00578125351024882,1,1,0.333447716906371,NA,0.999999831772351,1,0.309389215853873,NA,0.998437879476224,1,0.340845831975016,-0.02038678836226,NA,1,1,"S6","main",500,70,0.500915658514495,100.170984766425,0,0.2,0.1,"none",0,52,1
0.452516059042282,0.0128249308121926,1,1,0.317628201050245,NA,0.999994402000468,1,0.303350213505677,NA,0.990037378663368,1,0.30383709058888,0.0219556116666813,0.00189837615901476,0.997087939698492,1,"S6","main",500,70,0.500915658514495,80.6163308163355,0,0.2,0.1,"none",0,53,1
0.473015586027985,0.0119812199787819,1,1,0.373067878705656,NA,0.999999954369718,1,0.330870581011707,NA,0.995709087965538,1,0.38832896538006,0.0178563146859789,NA,1,1,"S6","main",500,70,0.500915658514495,89.1340750239128,0,0.2,0.1,"none",0,54,1
0.513500695652751,-0.00167936503200272,1,1,0.423402596907668,NA,0.999999994645614,1,0.362850611935102,NA,0.994703914729749,1,0.428369891851215,-0.0491894927850497,NA,1,1,"S6","main",500,70,0.500915658514495,69.0019997418046,0,0.2,0.1,"none",0,55,1
0.437108035720379,-0.03165627136171,1,1,0.312924156807498,NA,0.999995254436831,1,0.276379360506657,NA,0.982059560396928,1,0.299876107049716,-0.0727003759828031,NA,1,1,"S6","main",500,70,0.500915658514495,83.983125295614,0,0.2,0.1,"none",0,56,1
0.521057828596883,0.019907054840156,1,1,0.29811123639224,NA,0.999967520634408,1,0.252900622701768,NA,0.935170782720234,1,0.246499036961467,-0.0413255229614384,0.00816462927970472,0.959037688442211,1,"S6","main",500,70,0.500915658514495,76.5144974333843,0,0.2,0.1,"none",0,57,1
0.479438957607556,0.0155800411271886,1,1,0.36290144329152,NA,0.999999892901222,1,0.24925208265893,NA,0.920064605902623,1,0.432194533863164,0.104954819352835,NA,1,1,"S6","main",500,70,0.500915658514495,90.4560681488268,0,0.2,0.1,"none",0,58,1
0.443533428156201,-0.0148181701483061,1,1,0.281589205069071,NA,0.999977985210432,1,0.212718509774452,NA,0.883816695487401,1,0.257551143769571,-0.0628735017069868,0.00110805586119338,0.99712311557789,1,"S6","main",500,70,0.500915658514495,88.5333885628725,0,0.2,0.1,"none",0,59,1
0.499056551978886,0.0240963978489392,1,1,0.424139407850077,NA,0.999999998841722,1,0.383760986242641,NA,0.999890901965789,1,0.491389739172895,-0.011502866915661,NA,1,1,"S6","main",500,70,0.500915658514495,81.3901889201155,0,0.2,0.1,"none",0,60,1
0.423252009909297,-0.00071317410863035,1,1,0.382389543783718,NA,0.999999998774506,1,0.331081894710278,NA,0.998692811201691,1,0.38181681773702,0.00296673255843091,NA,1,1,"S6","main",500,70,0.500915658514495,89.0414880310984,0,0.2,0.1,"none",0,61,1
0.46638749428521,-0.00751298378246638,1,1,0.294729676102985,NA,0.999936813986166,1,0.207236689780722,NA,0.785947108833286,1,0.256808299128266,-0.0212888777733852,0.00827371713992335,0.959293969849246,1,"S6","main",500,70,0.500915658514495,69.1939358036932,0,0.2,0.1,"none",0,62,1
0.500994062900943,-0.00973504835595673,1,1,0.37675332352172,NA,0.999999706622965,1,0.341266488087848,NA,0.985185878715411,1,0.412257305692035,0.0223313538576179,NA,1,1,"S6","main",500,70,0.500915658514495,84.3022459661201,0,0.2,0.1,"none",0,63,1
0.447194099100797,0.0184295006570268,1,1,0.346401985089038,NA,0.999999610864373,1,0.307687001542079,NA,0.978660138917339,1,0.379408297555737,-0.0306823940222047,NA,1,1,"S6","main",500,70,0.500915658514495,98.1157208081545,0,0.2,0.1,"none",0,64,1
0.46502114098429,0.0145776635884467,1,1,0.321534670669762,NA,0.999979827974687,1,0.282986153635343,NA,0.937052910289768,1,0.348672155567508,0.0543606175043157,NA,1,1,"S6","main",500,70,0.500915658514495,72.8868947365258,0,0.2,0.1,"none",0,65,1
0.473453914462617,-0.0189571580243778,1,1,0.257071208960304,NA,0.998551801692668,1,0.189006688681189,NA,0.725152145257456,1,0.216882083441205,-0.00401745478111396,0.0166687921655183,0.845881909547739,1,"S6","main",500,70,0.500915658514495,67.4130185648089,0,0.2,0.1,"none",0,66,1
0.458217348019286,-0.0159471733596329,1,1,0.269973970187525,NA,0.999758129406357,1,0.18432581631607,NA,0.733286877014137,1,0.27137537607865,-0.0720601557244669,0.00538925810986469,0.980095477386935,1,"S6","main",500,70,0.500915658514495,73.2188341701115,0,0.2,0.1,"none",0,67,1
0.473495785983275,-0.000120920986615277,1,1,0.392748416843648,NA,0.999999999333929,1,0.389124012635674,NA,0.999995182934682,1,0.409142447882175,0.0182011258138939,NA,1,1,"S6","main",500,70,0.500915658514495,96.5600538401842,0,0.2,0.1,"none",0,68,1
0.454509878197046,-0.0101711992616532,1,1,0.288990237171801,NA,0.999950291526943,1,0.188498845163599,NA,0.75027556671711,1,0.262795454691886,-0.149013900545984,NA,1,1,"S6","main",500,70,0.500915658514495,69.4614803719968,0,0.2,0.1,"none",0,69,1
0.500871878446513,-0.00525970930343763,1,1,0.413112460708455,NA,0.999999999663756,1,0.384232841525875,NA,0.999984462605184,1,0.401795719437563,-0.0413216903377271,NA,1,1,"S6","main",500,70,0.500915658514495,85.0386834501542,0,0.2,0.1,"none",0,70,1
0.445230994093447,-0.0234649812950668,1,1,0.364166187731097,NA,0.999999773302311,1,0.361911675119957,NA,0.999042970546864,1,0.420080239448023,-0.0344480476520452,NA,1,1,"S6","main",500,70,0.500915658514495,86.1327038913956,0,0.2,0.1,"none",0,71,1
0.4619762794251,-0.0403708349179059,1,1,0.339248351987589,NA,0.999999399597916,1,0.311720548898128,NA,0.997073658361324,1,0.333162421681588,-0.109232674819236,NA,1,1,"S6","main",500,70,0.500915658514495,82.8414727907794,0,0.2,0.1,"none",0,72,1
0.503855656527919,0.0125550021003828,1,1,0.440445094987927,NA,0.99999999970181,1,0.40601603748349,NA,0.999951099173627,1,0.489278982731468,-0.0393205108895736,NA,1,1,"S6","main",500,70,0.500915658514495,88.1370937544819,0,0.2,0.1,"none",0,73,1
0.50853927630385,0.0530485930171361,1,1,0.360891402010912,NA,0.99999965909051,1,0.294024769358342,NA,0.971693408585915,1,0.338749237713893,0.0714396220079725,NA,1,1,"S6","main",500,70,0.500915658514495,82.1717035602478,0,0.2,0.1,"none",0,74,1
0.440485794196637,-0.0249347525365371,1,1,0.283237785049046,NA,0.999812234884968,1,0.286330627795885,NA,0.97061488385819,1,0.203393773653532,-0.00755541746865251,0.0161930628707661,0.835595477386935,1,"S6","main",500,70,0.500915658514495,70.3631215857538,0,0.2,0.1,"none",0,75,1
0.451590590861556,0.0284426272306066,1,1,0.34053996893135,NA,0.999999736426954,1,0.288912076032474,NA,0.982834509465398,1,0.373578963180369,0.0336721653079043,NA,1,1,"S6","main",500,70,0.500915658514495,82.8052412833725,0,0.2,0.1,"none",0,76,1
0.497681619671705,-0.00101188937974962,1,1,0.347961404765414,NA,0.999997569369705,1,0.310437625133118,NA,0.972621441788631,1,0.365605021892931,-0.0683232954844209,NA,1,1,"S6","main",500,70,0.500915658514495,77.6041059513052,0,0.2,0.1,"none",0,77,1
0.487179315338635,-0.0101383556169479,1,1,0.400477785257205,NA,0.999999992806623,1,0.381559399428926,NA,0.999902488614394,1,0.424412961634879,0.00270013584604389,NA,1,1,"S6","main",500,70,0.500915658514495,85.5009346539945,0,0.2,0.1,"none",0,78,1
0.448244928373943,0.011138016268286,1,1,0.320491714569039,NA,0.999998812558513,1,0.296350945115115,NA,0.99088311654987,1,0.309462619753838,0.0770398354279309,NA,1,1,"S6","main",500,70,0.500915658514495,89.9915592971266,0,0.2,0.1,"none",0,79,1
0.41621272231844,-0.0038704457188539,1,1,0.223161330447478,NA,0.997581545815861,1,0.0797882319106989,NA,0.385012455186241,0,0.152331893057664,0.0328428713736997,0.0131441294283877,0.715075376884422,1,"S6","main",500,70,0.500915658514495,75.7265624718078,0,0.2,0.1,"none",0,80,1
0.477522460828178,0.000266182649282078,1,1,0.348351281226747,NA,0.999998622709345,1,0.320978385472309,NA,0.993061594992958,1,0.307271007431147,0.0893340233629562,NA,1,1,"S6","main",500,70,0.500915658514495,78.6993795424374,0,0.2,0.1,"none",0,81,1
0.461809529113474,0.0050348742301636,1,1,0.308835634008737,NA,0.999995881495455,1,0.21122312912758,NA,0.802574953812247,1,0.316055551125865,-0.00155917157735867,NA,1,1,"S6","main",500,70,0.500915658514495,85.5725236221728,0,0.2,0.1,"none",0,82,1
0.464071285378271,-0.0140676325342129,1,1,0.346215792967572,NA,0.999999868855918,1,0.297994849020098,NA,0.994586097127857,1,0.343534988024559,0.00278498104426568,NA,1,1,"S6","main",500,70,0.500915658514495,82.6545585632656,0,0.2,0.1,"none",0,83,1
0.439641380109473,0.01890985591963,1,1,0.371151231854851,NA,0.99999998807062,1,0.318246101421907,NA,0.993991494714216,1,0.378221050388474,0.0383067586747921,0.000153270182716297,0.999846733668342,1,"S6","main",500,70,0.500915658514495,101.947047795039,0,0.2,0.1,"none",0,84,1
0.491565244363074,-0.0298836056398136,1,1,0.348507518458218,NA,0.999994577480336,1,0.308908160460618,NA,0.972235926720176,1,0.351536288921353,0.0577552626639756,0.000997512500628774,0.999002512562814,1,"S6","main",500,70,0.500915658514495,73.3613149534445,0,0.2,0.1,"none",0,85,1
0.48893882122303,0.0190927818387965,1,1,0.328319133262116,NA,0.999991647115959,1,0.256278971164716,NA,0.911890230644773,1,0.316022904353427,0.0733413678582905,0.00230212700683579,0.996952261306533,1,"S6","main",500,70,0.500915658514495,85.7884538321668,0,0.2,0.1,"none",0,86,1
0.46352678537366,0.0161017533298961,1,1,0.295331046894003,NA,0.999995032947754,1,0.291395256634959,NA,0.998232815765471,1,0.270260817020492,0.0365758962177349,NA,1,1,"S6","main",500,70,0.500915658514495,89.4777745883251,0,0.2,0.1,"none",0,87,1
0.469566989760841,0.00807155756813136,1,1,0.285249806253149,NA,0.999979529582088,1,0.204430724159161,NA,0.836304037442332,1,0.227727145254464,-0.0340570312448633,0.0100276831171884,0.959417085427136,1,"S6","main",500,70,0.500915658514495,92.5761520011158,0,0.2,0.1,"none",0,88,1
0.472931792487154,-0.00838971513145381,1,1,0.355431766265942,NA,0.999999925421653,1,0.301808380723309,NA,0.986096113753507,1,0.364947801722432,-0.0182344507304759,NA,1,1,"S6","main",500,70,0.500915658514495,85.8158860415688,0,0.2,0.1,"none",0,89,1
0.466472909976539,0.00568514395300375,1,1,0.401221543279341,NA,0.999999999602703,1,0.33953683484243,NA,0.99953923566227,1,0.434733027378862,0.00600950405639495,NA,1,1,"S6","main",500,70,0.500915658514495,109.807549967231,0,0.2,0.1,"none",0,90,1
0.48160502469912,0.0228988528569089,1,1,0.381640019937593,NA,0.999999997874834,1,0.361601572013795,NA,0.999972566672457,1,0.392871292336773,0.00577488373310831,NA,1,1,"S6","main",500,70,0.500915658514495,99.1426102958088,0,0.2,0.1,"none",0,91,1
0.477680036523258,0.0196494140640313,1,1,0.368331482307644,NA,0.999999620742348,1,0.333965822678697,NA,0.994954746604648,1,0.359270521331453,0.0735559380631066,NA,1,1,"S6","main",500,70,0.500915658514495,73.5353641691006,0,0.2,0.1,"none",0,92,1
0.450180070000793,0.0184653219349676,1,1,0.350336535175711,NA,0.999998799692961,1,0.284011965316182,NA,0.946067159139611,1,0.389391819641638,0.0639282141310758,NA,1,1,"S6","main",500,70,0.500915658514495,78.9412130832753,0,0.2,0.1,"none",0,93,1
0.465570003044535,0.00647766793157779,1,1,0.360900831321431,NA,0.999999919398112,1,0.356103284645098,NA,0.999600306211019,1,0.379787479503833,-0.064834718741083,NA,1,1,"S6","main",500,70,0.500915658514495,94.7246268796965,0,0.2,0.1,"none",0,94,1
0.488426107466369,-0.018838405864706,1,1,0.313377134631366,NA,0.999992707304234,1,0.277414880810369,NA,0.960039651037842,1,0.33308336994938,-0.180214670279473,NA,1,1,"S6","main",500,70,0.500915658514495,80.7925674511388,0,0.2,0.1,"none",0,95,1
0.454590853216437,-0.0412179782616346,1,1,0.336872618273866,NA,0.999999918704664,1,0.278482005095175,NA,0.983753387475422,1,0.33392322969283,-0.0302276177932933,NA,1,1,"S6","main",500,70,0.500915658514495,95.7349559599397,0,0.2,0.1,"none",0,96,1
0.47063979869399,0.0180703388313272,1,1,0.409937349213765,NA,0.999999999933867,1,0.379935095995707,NA,0.999991227554096,1,0.431229534947998,0.102201965208892,NA,1,1,"S6","main",500,70,0.500915658514495,106.805297955455,0,0.2,0.1,"none",0,97,1
0.51608343212537,0.00529201040636445,1,1,0.390080340277749,NA,0.999999867924353,1,0.291551001951913,NA,0.943920963709111,1,0.401570091368358,0.0113758187883403,NA,1,1,"S6","main",500,70,0.500915658514495,74.3569838255045,0,0.2,0.1,"none",0,98,1
0.418216484807599,-0.0113830876350367,1,1,0.30204902811901,NA,0.999987255772964,1,0.284650320620938,NA,0.96877160891439,1,0.334758354932588,0.0153683895290307,NA,1,1,"S6","main",500,70,0.500915658514495,91.8961198162771,0,0.2,0.1,"none",0,99,1
0.500808949016961,-0.0217141150632109,1,1,0.357615683645664,NA,0.999999898605179,1,0.309348898135453,NA,0.990443351035543,1,0.365294772858893,-0.0338887709423238,NA,1,1,"S6","main",500,70,0.500915658514495,89.6792078955589,0,0.2,0.1,"none",0,100,1
0.4485275917633,0.00869687671000026,1,1,0.315455332819522,NA,0.999987361804043,1,0.280262097798697,NA,0.976533797850828,1,0.308170977894829,-0.0050822278791283,0.0037254600184405,0.9956608040201,1,"S6","main",500,70,0.500915658514495,81.6762188344815,0,0.4,0.1,"none",0,1,1
0.435490477360292,-0.00691434215181109,1,1,0.329504672537829,NA,0.999998497235927,1,0.309283509480313,NA,0.996445020900622,1,0.3143180530428,-0.00546596148734001,0.00317798768416885,0.996806532663317,1,"S6","main",500,70,0.500915658514495,84.7504223773733,0,0.4,0.1,"none",0,2,1
0.47873999664687,0.00681588565132324,1,1,0.389186500365347,NA,0.999999939366636,1,0.366139366148975,NA,0.999014726689527,1,0.358512392708983,-0.00818637584567205,NA,1,1,"S6","main",500,70,0.500915658514495,81.9357522980964,0,0.4,0.1,"none",0,3,1
0.466117534517908,-0.0154475037738138,1,1,0.353711476343687,NA,0.999998483015216,1,0.293458222394997,NA,0.970105410366432,1,0.371959794729099,-0.123152162899819,NA,1,1,"S6","main",500,70,0.500915658514495,80.0382263187851,0,0.4,0.1,"none",0,4,1
0.549420305217009,-0.033323196476279,1,1,0.393486247176372,NA,0.999999988116136,1,0.330281434630659,NA,0.998664973509571,1,0.425817351804217,-0.00507549541705152,NA,1,1,"S6","main",500,70,0.500915658514495,91.9638834118813,0,0.4,0.1,"none",0,5,1
0.418272452316994,0.000263285441726284,1,1,0.204345865199002,NA,0.996923868223292,1,0.0974239762267124,NA,0.488333521847013,0,0.146660356098832,-0.0573258837934001,0.0163103642612568,0.781685929648241,1,"S6","main",500,70,0.500915658514495,83.3076038928538,0,0.4,0.1,"none",0,6,1
0.468269443501187,-0.00715713950820639,1,1,0.39101190916151,NA,0.999999975666278,1,0.333057218367528,NA,0.98683158803732,1,0.359821358397401,-0.0498443987795552,NA,1,1,"S6","main",500,70,0.500915658514495,76.4380978527121,0,0.4,0.1,"none",0,7,1
0.464644893222556,-0.00110220044735566,1,1,0.393395442425275,NA,0.999999999862182,1,0.369217769432916,NA,0.999996799077467,1,0.393615376515687,-0.0458885689834443,NA,1,1,"S6","main",500,70,0.500915658514495,109.017801015173,0,0.4,0.1,"none",0,8,1
0.470254538024255,0.0137334514291752,1,1,0.388374607022529,NA,0.999999967324242,1,0.354095659291234,NA,0.998536255786461,1,0.38650671650275,-0.0206277762653054,NA,1,1,"S6","main",500,70,0.500915658514495,80.8248863650646,0,0.4,0.1,"none",0,9,1
0.423227319394594,-0.00309360497101433,1,1,0.313939881212165,NA,0.999999117591859,1,0.277173305966118,NA,0.974060586863712,1,0.303976736264228,0.0622154527507287,NA,1,1,"S6","main",500,70,0.500915658514495,87.47760571297,0,0.4,0.1,"none",0,10,1
0.538427886508196,0.0103633969878222,1,1,0.392894943497806,NA,0.999999941204266,1,0.341730463468941,NA,0.997019477744997,1,0.38815232118462,-0.0146545750368613,NA,1,1,"S6","main",500,70,0.500915658514495,80.5056765806042,0,0.4,0.1,"none",0,11,1
0.498225678879433,-0.0172510703446669,1,1,0.311802028242275,NA,0.999994622746728,1,0.267726404069253,NA,0.977744428896703,1,0.244343945830864,-0.0204647230094346,0.00592879077550528,0.972984924623116,1,"S6","main",500,70,0.500915658514495,103.641900219398,0,0.4,0.1,"none",0,12,1
0.534880963496136,0.0177293871544715,1,1,0.394267672144303,NA,0.99999970364192,1,0.360421916354262,NA,0.993251752364918,1,0.390766971022269,-0.02384869079109,NA,1,1,"S6","main",500,70,0.500915658514495,75.6680413859208,0,0.4,0.1,"none",0,13,1
0.466459227515291,0.00959449079036608,1,1,0.356929830363586,NA,0.999999894260897,1,0.340062812745398,NA,0.999358339461246,1,0.328984063199211,0.0453503265506747,NA,1,1,"S6","main",500,70,0.500915658514495,87.5272802294722,0,0.4,0.1,"none",0,14,1
0.486212698906117,0.00231910170482087,1,1,0.430284637247877,NA,0.999999997319482,1,0.377260777969417,NA,0.999580759442555,1,0.446087856644795,-0.0695046175786654,NA,1,1,"S6","main",500,70,0.500915658514495,76.5190183822899,0,0.4,0.1,"none",0,15,1
0.449429931730698,0.00514603304782237,1,1,0.385628025216134,NA,0.999999987815414,1,0.332927703148438,NA,0.995641200224627,1,0.38106606605332,0.0659889300418429,NA,1,1,"S6","main",500,70,0.500915658514495,84.1157873348918,0,0.4,0.1,"none",0,16,1
0.452481293844275,-0.0213905680718867,1,1,0.367059004887443,NA,0.999997140929211,1,0.396200647782665,NA,0.997992615570903,1,0.305558840630873,-0.00393013628054694,0.00331995797362153,0.991409547738693,1,"S6","main",500,70,0.500915658514495,62.2568715655231,0,0.4,0.1,"none",0,17,1
0.497062713916936,-0.00729932305028701,1,1,0.386072623018146,NA,0.999999980633469,1,0.3375005785793,NA,0.998763618446867,1,0.357408493224876,0.0608833066390962,NA,1,1,"S6","main",500,70,0.500915658514495,87.9294391711095,0,0.4,0.1,"none",0,18,1
0.528544556587239,-0.0204521180989807,1,1,0.386472001234567,NA,0.999999926432541,1,0.286540256762146,NA,0.928463636417166,1,0.373442476203007,0.00375002185501731,NA,1,1,"S6","main",500,70,0.500915658514495,82.2514879664891,0,0.4,0.1,"none",0,19,1
0.499707500351698,0.012713780064081,1,1,0.381578752704535,NA,0.999999954707686,1,0.369164922025811,NA,0.999274019602592,1,0.377384283797037,0.00964535449614732,NA,1,1,"S6","main",500,70,0.500915658514495,84.3475242751898,0,0.4,0.1,"none",0,20,1
0.455448910173506,-0.00675949675459798,1,1,0.360279198789707,NA,0.999999495675908,1,0.388385884894422,NA,0.999930636148338,1,0.392656004559071,0.0938363212111714,NA,1,1,"S6","main",500,70,0.500915658514495,75.3297928024065,0,0.4,0.1,"none",0,21,1
0.479759541085376,-0.00454527553527831,1,1,0.351642294233203,NA,0.999999860553846,1,0.331252159203161,NA,0.999373059002454,1,0.356212560194763,0.00660106663024573,NA,1,1,"S6","main",500,70,0.500915658514495,78.3927077978913,0,0.4,0.1,"none",0,22,1
0.522169483247284,-0.0198985822044017,1,1,0.415146463484133,NA,0.999999966491152,1,0.400395028172955,NA,0.999630672707267,1,0.396740512610134,0.0302507908706047,NA,1,1,"S6","main",500,70,0.500915658514495,77.0376602434898,0,0.4,0.1,"none",0,23,1
0.504489588940499,0.0336850838583505,1,1,0.411316965427952,NA,0.999999999800225,1,0.389454080906892,NA,0.999993162446728,1,0.416993315409579,0.0461884378129361,NA,1,1,"S6","main",500,70,0.500915658514495,92.0548904530444,0,0.4,0.1,"none",0,24,1
0.48075730511458,0.0165570890545032,1,1,0.379846959358292,NA,0.999999558980606,1,0.387810673794261,NA,0.998455487106129,1,0.41518174218206,-0.0452470755334287,0.000276388854078573,0.999723618090452,1,"S6","main",500,70,0.500915658514495,66.8046891412955,0,0.4,0.1,"none",0,25,1
0.397802293409173,-0.00896266601804888,1,1,0.234871372916446,NA,0.998132860785498,1,0.0445314095138389,NA,0.244808219554632,0,0.149403904647873,-0.165660939421486,0.0117426196111141,0.925062814070352,1,"S6","main",500,70,0.500915658514495,68.6690314402677,0,0.4,0.1,"none",0,26,1
0.53987566744599,0.00826659521280194,1,1,0.411189987835667,NA,0.999999985117345,1,0.365072820428928,NA,0.999134928501583,1,0.411016686257454,0.0252731611274134,NA,1,1,"S6","main",500,70,0.500915658514495,82.4997636849433,0,0.4,0.1,"none",0,27,1
0.512192367379894,0.00283679909695992,1,1,0.412700437037159,NA,0.999999995089068,1,0.410795062152003,NA,0.999928607636811,1,0.378193291673725,0.0202498030691583,NA,1,1,"S6","main",500,70,0.500915658514495,84.0099393283417,0,0.4,0.1,"none",0,28,1
0.548154896227178,0.00192051911172274,1,1,0.420462570446581,NA,0.999999968902681,1,0.390035474691613,NA,0.999618388093198,1,0.438855109135304,-0.00660090373851837,NA,1,1,"S6","main",500,70,0.500915658514495,71.4316701995358,0,0.4,0.1,"none",0,29,1
0.465726177430141,0.00601366147624823,1,1,0.293773051296082,NA,0.99995683501692,1,0.261211775299274,NA,0.923071571961847,1,0.324902962188214,0.0897903402273563,NA,1,1,"S6","main",500,70,0.500915658514495,80.9475876839706,0,0.4,0.1,"none",0,30,1
0.465863240161163,-0.0357331255925346,1,1,0.35037620675159,NA,0.999999860281336,1,0.342493620197136,NA,0.999764637756864,1,0.327470337708356,0.0875368034731842,NA,1,1,"S6","main",500,70,0.500915658514495,98.6633860078745,0,0.4,0.1,"none",0,31,1
0.521897867711296,0.0406148298767648,1,1,0.43607672705631,NA,0.999999999812286,1,0.377373098517001,NA,0.999924936229746,1,0.443378450562129,-0.023748661115378,NA,1,1,"S6","main",500,70,0.500915658514495,98.6583619710253,0,0.4,0.1,"none",0,32,1
0.522650884178721,-0.0153238080027126,1,1,0.444960876206583,NA,0.99999999981712,1,0.414538346010182,NA,0.999970333053735,1,0.488594756141583,0.0503462567455085,NA,1,1,"S6","main",500,70,0.500915658514495,88.8206917415485,0,0.4,0.1,"none",0,33,1
0.478132678242129,0.0245814323606385,1,1,0.364253076180889,NA,0.999999982726443,1,0.33720923753456,NA,0.999466350747001,1,0.378245817283984,-0.00894598670286359,NA,1,1,"S6","main",500,70,0.500915658514495,108.114947866145,0,0.4,0.1,"none",0,34,1
0.504505835105183,-0.00816296180917348,1,1,0.394741465648658,NA,0.999999994523165,1,0.374376399838487,NA,0.99989073793851,1,0.387545696543605,0.0194230219965054,NA,1,1,"S6","main",500,70,0.500915658514495,85.1340620623348,0,0.4,0.1,"none",0,35,1
0.495465225241537,-0.00540936753744802,1,1,0.390510104897948,NA,0.999999997789016,1,0.367712652692867,NA,0.999935002587874,1,0.415146028928674,-0.0543865473412199,NA,1,1,"S6","main",500,70,0.500915658514495,83.2298577658117,0,0.4,0.1,"none",0,36,1
0.474959842412494,-0.00955348402621353,1,1,0.364701767190263,NA,0.999999397236664,1,0.309416707049565,NA,0.97653719519314,1,0.355510131472022,-0.0232024549388489,NA,1,1,"S6","main",500,70,0.500915658514495,77.6602837797262,0,0.4,0.1,"none",0,37,1
0.528430235998772,-0.0140491750786758,1,1,0.406854828427436,NA,0.999999992982895,1,0.365537354328637,NA,0.999655674900235,1,0.424021855001523,0.0550208061812606,NA,1,1,"S6","main",500,70,0.500915658514495,84.1466650254937,0,0.4,0.1,"none",0,38,1
0.445929367119726,-0.0286727094830106,1,1,0.327538884090317,NA,0.999992902771091,1,0.241292754889879,NA,0.87867892121299,1,0.248623294019717,-0.0133264884815943,0.00684432082737673,0.960007537688442,1,"S6","main",500,70,0.500915658514495,82.9753009937618,0,0.4,0.1,"none",0,39,1
0.482208274375925,0.00946656172706535,1,1,0.363451757909857,NA,0.999999993103675,1,0.3390800641897,NA,0.999923478274605,1,0.344446122095063,-0.0477881279638681,NA,1,1,"S6","main",500,70,0.500915658514495,116.504586849369,0,0.4,0.1,"none",0,40,1
0.52901714570292,0.0168212069614604,1,1,0.428741613130798,NA,0.999999997148191,1,0.385709143612025,NA,0.999440995159696,1,0.452572772760943,0.00155095703130229,NA,1,1,"S6","main",500,70,0.500915658514495,80.3818440468388,0,0.4,0.1,"none",0,41,1
0.496308400876267,0.031149546393552,1,1,0.379285307571181,NA,0.999999988038591,1,0.338391993706278,NA,0.998932492322522,1,0.335124817624235,0.0451952919141986,NA,1,1,"S6","main",500,70,0.500915658514495,91.424957711308,0,0.4,0.1,"none",0,42,1
0.478625664487569,-0.0250486867614409,1,1,0.344831999634362,NA,0.999999615901884,1,0.320370009098205,NA,0.99273815598246,1,0.327000196242474,-0.0875611528842955,NA,1,1,"S6","main",500,70,0.500915658514495,79.10883306999,0,0.4,0.1,"none",0,43,1
0.471356116744761,-0.000598080568399344,1,1,0.351366163024674,NA,0.999999945570807,1,0.316988669103061,NA,0.998852946106614,1,0.3931931666791,0.0696879708874504,NA,1,1,"S6","main",500,70,0.500915658514495,94.156989827939,0,0.4,0.1,"none",0,44,1
0.471764950133475,0.0163471603322631,1,1,0.416114686857577,NA,0.999999987644923,1,0.369301690724653,NA,0.998066890196652,1,0.439622453288924,0.0511210207413884,NA,1,1,"S6","main",500,70,0.500915658514495,78.68548707251,0,0.4,0.1,"none",0,45,1
0.476760526280173,0.024273916413178,1,1,0.390356753489373,NA,0.999999975727866,1,0.336771354952805,NA,0.995994502490437,1,0.38960797533137,0.0483715498585127,NA,1,1,"S6","main",500,70,0.500915658514495,79.0860143378012,0,0.4,0.1,"none",0,46,1
0.518032775485337,0.00560564753186465,1,1,0.437114905786186,NA,0.999999999986937,1,0.406465413252462,NA,0.999997511677305,1,0.455023134554094,0.00726873962049721,NA,1,1,"S6","main",500,70,0.500915658514495,105.478792097101,0,0.4,0.1,"none",0,47,1
0.481173354229434,0.0239568619695452,1,1,0.357650124348989,NA,0.99999889089166,1,0.271230605137031,NA,0.911545553189846,1,0.33991752200666,-0.00139124582106095,9.04545340620898e-05,0.999909547738693,1,"S6","main",500,70,0.500915658514495,76.2025882884403,0,0.4,0.1,"none",0,48,1
0.514453133437658,-0.0166482695681036,1,1,0.418849361787822,NA,0.99999999827208,1,0.382781268191781,NA,0.999764716017792,1,0.384529509013555,-0.041920207854118,NA,1,1,"S6","main",500,70,0.500915658514495,66.7562554813307,0,0.4,0.1,"none",0,49,1
0.508018570423679,-0.00818733646877212,1,1,0.394090699165248,NA,0.999999996085439,1,0.345610510655076,NA,0.998890596390437,1,0.403680487892501,-0.0262231717965179,NA,1,1,"S6","main",500,70,0.500915658514495,92.9290464037664,0,0.4,0.1,"none",0,50,1
0.448637067757207,-0.00838104614055638,1,1,0.36796123596729,NA,0.999999927282249,1,0.342487478161707,NA,0.999103447377311,1,0.385164152555386,-0.00756936728488245,NA,1,1,"S6","main",500,70,0.500915658514495,84.4188408840753,0,0.4,0.1,"none",0,51,1
0.513367752373598,0.00616345308810489,1,1,0.348351401573867,NA,0.999999150557173,1,0.345353773431515,NA,0.999447414841514,1,0.307691267849088,0.0140691980232233,0.00241743043283078,0.99693216080402,1,"S6","main",500,70,0.500915658514495,82.4636299519404,0,0.4,0.1,"none",0,52,1
0.441596851916869,-0.00868319786589279,1,1,0.363598120377953,NA,0.999999998926296,1,0.337884530127705,NA,0.999991611684143,1,0.362651047655353,0.0364373912720685,NA,1,1,"S6","main",500,70,0.500915658514495,116.644400868779,0,0.4,0.1,"none",0,53,1
0.487551835158691,-0.00378016036381028,1,1,0.350349603749573,NA,0.999999644691426,1,0.362722720261477,NA,0.999745013040667,1,0.357209610826919,0.0140036762810599,NA,1,1,"S6","main",500,70,0.500915658514495,89.5799378090337,0,0.4,0.1,"none",0,54,1
0.432102177470939,-0.0250982508702395,1,1,0.34169044246035,NA,0.999999917481385,1,0.288746109336637,NA,0.99044996837323,1,0.382383985356104,-0.0181257089943261,NA,1,1,"S6","main",500,70,0.500915658514495,97.7904267341325,0,0.4,0.1,"none",0,55,1
0.501953450426739,0.0119747470239482,1,1,0.388815910924516,NA,0.999999860112358,1,0.313139041031786,NA,0.964211304417515,1,0.410513946443996,0.115270615131875,NA,1,1,"S6","main",500,70,0.500915658514495,88.0186736950665,0,0.4,0.1,"none",0,56,1
0.477077497383726,-0.00940198259453484,1,1,0.436777745776242,NA,0.999999999920418,1,0.399027069861006,NA,0.999926010380192,1,0.441218689696365,0.0669633576735781,NA,1,1,"S6","main",500,70,0.500915658514495,77.7394370397712,0,0.4,0.1,"none",0,57,1
0.504003916956578,0.0184234745291079,1,1,0.365916307760484,NA,0.999999993290988,1,0.311884328591058,NA,0.999325199745309,1,0.359946975279044,0.0552508982605749,NA,1,1,"S6","main",500,70,0.500915658514495,96.5494463956613,0,0.4,0.1,"none",0,58,1
0.517277172381098,-0.0102617794361508,1,1,0.389485215255369,NA,0.999999794201227,1,0.341275147978234,NA,0.981980023321689,1,0.438033523612281,-0.0745794417257467,NA,1,1,"S6","main",500,70,0.500915658514495,70.7881405463435,0,0.4,0.1,"none",0,59,1
0.516262954502303,-0.00760899754938888,1,1,0.378931263078966,NA,0.999999404402118,1,0.373598949560945,NA,0.999120207584002,1,0.376056353880095,0.0484530645579471,0.000291464609755556,0.999708542713568,1,"S6","main",500,70,0.500915658514495,78.6920054342294,0,0.4,0.1,"none",0,60,1
0.451164863147056,0.00864725061640761,1,1,0.411910357464271,NA,0.999999994893078,1,0.380858541383798,NA,0.999557902605915,1,0.408544772279553,-0.0789786686751479,NA,1,1,"S6","main",500,70,0.500915658514495,71.4319798708622,0,0.4,0.1,"none",0,61,1
0.463883980880359,0.00837886865226094,1,1,0.343418400066586,NA,0.999998172375789,1,0.30694223686604,NA,0.97825392018078,1,0.332940423315005,0.0421325332031632,NA,1,1,"S6","main",500,70,0.500915658514495,72.6343046818961,0,0.4,0.1,"none",0,62,1
0.489864916090957,0.00634897066037939,1,1,0.407414092206067,NA,0.999999999979705,1,0.379622780452153,NA,0.999985380837701,1,0.409177202927404,-0.0272623573686843,NA,1,1,"S6","main",500,70,0.500915658514495,105.863696180294,0,0.4,0.1,"none",0,63,1
0.463175830439987,0.028255283644962,1,1,0.353966407106118,NA,0.999999681873875,1,0.300746531346781,NA,0.982652223498097,1,0.388531848185074,0.0784016432889365,NA,1,1,"S6","main",500,70,0.500915658514495,77.781674011282,0,0.4,0.1,"none",0,64,1
0.528508309432122,-0.0111088730394733,1,1,0.410653884525996,NA,0.999999999977788,1,0.362569744114527,NA,0.999971840132846,1,0.410566985852885,0.0294737365203545,NA,1,1,"S6","main",500,70,0.500915658514495,119.589622947237,0,0.4,0.1,"none",0,65,1
0.484604192192098,0.00316769201331728,1,1,0.313614066513978,NA,0.999875850645225,1,0.165207148392696,NA,0.61480784380764,1,0.241952769886361,-0.00113582259854281,0.0157166320312168,0.889628140703518,1,"S6","main",500,70,0.500915658514495,65.2510232839812,0,0.4,0.1,"none",0,66,1
0.493712937621108,0.0159258409391316,1,1,0.409440424844199,NA,0.999999998763492,1,0.355421300011734,NA,0.998521756397051,1,0.429772179674323,0.140005003102261,NA,1,1,"S6","main",500,70,0.500915658514495,88.127072212617,0,0.4,0.1,"none",0,67,1
0.45842262184899,-0.00346074876596032,1,1,0.385519800451901,NA,0.99999991108187,1,0.364115837225582,NA,0.991855790711526,1,0.340333991544721,-0.0335918599185387,NA,1,1,"S6","main",500,70,0.500915658514495,80.7319108820724,0,0.4,0.1,"none",0,68,1
0.489875976965354,0.00345380651093204,1,1,0.374533980289048,NA,0.999999237046196,1,0.325933370902644,NA,0.981207501524965,1,0.356581649698433,0.0118629676272709,1.00505037846709e-05,0.999989949748744,1,"S6","main",500,70,0.500915658514495,69.9196386618135,0,0.4,0.1,"none",0,69,1
0.458652380076801,0.00896812329171615,1,1,0.347660098399995,NA,0.999999607310027,1,0.319149702665445,NA,0.994110948910441,1,0.355858649806542,-0.00854058699470902,NA,1,1,"S6","main",500,70,0.500915658514495,79.2558060696523,0,0.4,0.1,"none",0,70,1
0.458398545412833,-0.00388243048211408,1,1,0.323035787869602,NA,0.999998639127421,1,0.294026099886022,NA,0.989712820479254,1,0.327645829434581,0.10019382457204,NA,1,1,"S6","main",500,70,0.500915658514495,87.4779136648653,0,0.4,0.1,"none",0,71,1
0.457999195453825,-0.0238166240126109,1,1,0.344381620951757,NA,0.999999672584889,1,0.330469694513794,NA,0.998317034034865,1,0.354847213384316,0.00295582293072944,NA,1,1,"S6","main",500,70,0.500915658514495,91.7908443135461,0,0.4,0.1,"none",0,72,1
0.479809445322934,0.0256484481129406,1,1,0.34186915384921,NA,0.999998596042493,1,0.324808239259263,NA,0.993014576564494,1,0.315256675329367,0.0856140268222975,NA,1,1,"S6","main",500,70,0.500915658514495,79.6862575650821,0,0.4,0.1,"none",0,73,1
0.449421447235203,0.0266973424566536,1,1,0.298619788170403,NA,0.999995447307961,1,0.224935466495369,NA,0.896152515533629,1,0.317097505010814,0.00904052380611536,NA,1,1,"S6","main",500,70,0.500915658514495,93.2701091165108,0,0.4,0.1,"none",0,74,1
0.462353578489328,0.0114114164843349,1,1,0.375328777222382,NA,0.999999991424313,1,0.334300206654488,NA,0.99902175311903,1,0.370630486911295,0.0052441258057442,NA,1,1,"S6","main",500,70,0.500915658514495,104.301129151308,0,0.4,0.1,"none",0,75,1
0.502694935388625,0.035001519872649,1,1,0.379819879754736,NA,0.999999943493921,1,0.327060033716078,NA,0.99424649823802,1,0.318234548820401,-0.0362132048765587,0.00209335350203075,0.997527638190955,1,"S6","main",500,70,0.500915658514495,85.9286473088669,0,0.4,0.1,"none",0,76,1
0.482169946402107,0.00809488751588052,1,1,0.351303433322761,NA,0.999997555381924,1,0.231950888288302,NA,0.813764165233837,1,0.380709865416397,0.036134738553511,NA,1,1,"S6","main",500,70,0.500915658514495,70.3081928109601,0,0.4,0.1,"none",0,77,1
0.470654311633612,-0.0338762823689195,1,1,0.388052556742483,NA,0.999999999555747,1,0.377611510997473,NA,0.999992214364549,1,0.402655076769478,-0.0119740921942842,NA,1,1,"S6","main",500,70,0.500915658514495,103.032659326106,0,0.4,0.1,"none",0,78,1
0.477301353434313,-0.0154870622006873,1,1,0.346164119890649,NA,0.999994388309521,1,0.289499083618295,NA,0.953589994651433,1,0.318724019869164,-0.0647198680888102,0.0025549473015939,0.996836683417085,1,"S6","main",500,70,0.500915658514495,67.227182799792,0,0.4,0.1,"none",0,79,1
0.480637939402869,-0.0146900992527172,1,1,0.440633928346126,NA,0.999999999716341,1,0.39139496030143,NA,0.999748873355835,1,0.503951787426199,0.0139150041188592,NA,1,1,"S6","main",500,70,0.500915658514495,91.3478402311186,0,0.4,0.1,"none",0,80,1
0.485288802541953,-0.0231809371475513,1,1,0.408524250065949,NA,0.999999979237055,1,0.372862428395123,NA,0.99774674107971,1,0.426664339353269,0.0146341252976218,NA,1,1,"S6","main",500,70,0.500915658514495,71.9676074883107,0,0.4,0.1,"none",0,81,1
0.463118898068525,-0.00267226771907856,1,1,0.402528772798559,NA,0.999999999789964,1,0.393015099190321,NA,0.999955549775216,1,0.451983763843268,0.053311463307415,NA,1,1,"S6","main",500,70,0.500915658514495,97.8312127377295,0,0.4,0.1,"none",0,82,1
0.497888073698668,-0.0113712685138684,1,1,0.392707456682058,NA,0.999999998563573,1,0.339551845607761,NA,0.997949197179438,1,0.40660008551131,0.0270131794488882,NA,1,1,"S6","main",500,70,0.500915658514495,90.851332128501,0,0.4,0.1,"none",0,83,1
0.543348881353657,-0.0144931014543157,1,1,0.476588083007739,NA,0.999999999895697,1,0.429947872967506,NA,0.999837936568613,1,0.506506619327834,0.000796878780807396,NA,1,1,"S6","main",500,70,0.500915658514495,73.6675905582458,0,0.4,0.1,"none",0,84,1
0.48807794651199,-0.0146598638100885,1,1,0.436500257310284,NA,0.999999999231587,1,0.405758447269177,NA,0.999918834771582,1,0.477135286272948,-0.0381936465498402,NA,1,1,"S6","main",500,70,0.500915658514495,67.6605601393951,0,0.4,0.1,"none",0,85,1
0.47656615950818,-0.0367191693993066,1,1,0.354810822255271,NA,0.999999002401915,1,0.316696662379952,NA,0.985116526842981,1,0.359075671293045,-0.0293578717625702,NA,1,1,"S6","main",500,70,0.500915658514495,77.5961453682749,0,0.4,0.1,"none",0,86,1
0.420054560762319,0.0143899382986825,1,1,0.326147094949277,NA,0.999998187011546,1,0.278868425643407,NA,0.971261153329893,1,0.34455957237764,0.00823663067791596,NA,1,1,"S6","main",500,70,0.500915658514495,83.3050150799346,0,0.4,0.1,"none",0,87,1
0.504936118858643,0.00209513317053686,1,1,0.43565924868943,NA,0.999999999745672,1,0.406427069861065,NA,0.999992983012992,1,0.413065076217736,0.0287357173327966,NA,1,1,"S6","main",500,70,0.500915658514495,81.3454672932734,0,0.4,0.1,"none",0,88,1
0.494102835258769,0.0329411534915674,1,1,0.294935348649412,NA,0.999767174312619,1,0.12403262211476,NA,0.49995828320244,0,0.20834616022506,0.0435893126094996,0.0173942061857199,0.847042713567839,1,"S6","main",500,70,0.500915658514495,74.281795553109,0,0.4,0.1,"none",0,89,1
0.500430591884397,-0.0088189303469901,1,1,0.42196376054961,NA,0.999999999537799,1,0.388941421300323,NA,0.999969900220836,1,0.435017413468709,-0.0164879636906849,NA,1,1,"S6","main",500,70,0.500915658514495,88.893276071609,0,0.4,0.1,"none",0,90,1
0.513007796291644,-0.0128319451929566,1,1,0.443153399901105,NA,0.999999999930392,1,0.381190511472812,NA,0.999875894042532,1,0.473427639096423,0.00640576181543609,NA,1,1,"S6","main",500,70,0.500915658514495,84.4683343846264,0,0.4,0.1,"none",0,91,1
0.458491471574773,-0.0279247803579284,1,1,0.443255907855146,NA,0.999999999355056,1,0.375282448342794,NA,0.99676021544654,1,0.443662717296729,0.0247576772297003,NA,1,1,"S6","main",500,70,0.500915658514495,65.5837200377083,0,0.4,0.1,"none",0,92,1
0.498058616940559,0.00853757162247858,1,1,0.416419482017215,NA,0.999999987555375,1,0.385198036152955,NA,0.998539067254796,1,0.450863781711,-0.0110162797695319,NA,1,1,"S6","main",500,70,0.500915658514495,80.209409365195,0,0.4,0.1,"none",0,93,1
0.514753795229878,-0.0168354478458535,1,1,0.371166452843754,NA,0.999999910761278,1,0.293973300686819,NA,0.983617431390456,1,0.337607157323295,0.00768626991705631,0.00179401492556439,0.998206030150754,1,"S6","main",500,70,0.500915658514495,83.893500500302,0,0.4,0.1,"none",0,94,1
0.518167753650077,-0.0143896139702635,1,1,0.418911095023344,NA,0.999999999853863,1,0.38376109651445,NA,0.999993848141229,1,0.374481183679026,0.107409572292499,NA,1,1,"S6","main",500,70,0.500915658514495,103.725707303355,0,0.4,0.1,"none",0,95,1
0.50165911270737,0.00695732446430596,1,1,0.385631378535785,NA,0.999999827550987,1,0.319892044818253,NA,0.982919826168291,1,0.403826786470383,0.0399911092880155,NA,1,1,"S6","main",500,70,0.500915658514495,74.1790282589721,0,0.4,0.1,"none",0,96,1
0.482147216649325,0.00168114035238384,1,1,0.378009196213308,NA,0.999999997640314,1,0.355931030786449,NA,0.999946780216342,1,0.368756890452839,0.0120353018446631,NA,1,1,"S6","main",500,70,0.500915658514495,89.0900436699698,0,0.4,0.1,"none",0,97,1
0.496174562098674,-0.00374751168352619,1,1,0.468470044511858,NA,0.999999999970889,1,0.45572692258336,NA,0.99999887402372,1,0.511315692940704,-0.0181164710235959,NA,1,1,"S6","main",500,70,0.500915658514495,85.3887318720686,0,0.4,0.1,"none",0,98,1
0.488404163771563,0.000845443291859221,1,1,0.403612537427363,NA,0.999999999197688,1,0.34355951850148,NA,0.998644507114819,1,0.416012285583856,0.0195671491843535,NA,1,1,"S6","main",500,70,0.500915658514495,93.9719512697374,0,0.4,0.1,"none",0,99,1
0.55409816381785,0.00174010689327794,1,1,0.427201314149977,NA,0.999999998991373,1,0.395383391601012,NA,0.999888446365902,1,0.421321386896431,-0.0443095087539198,NA,1,1,"S6","main",500,70,0.500915658514495,76.2891075839134,0,0.4,0.1,"none",0,100,1
0.526398358002725,0.0176990764506955,1,1,0.450291974785483,NA,0.999999997396688,1,0.389525297663878,NA,0.999556982690931,1,0.475203355194716,0.0266035456850016,NA,1,1,"S6","main",500,70,0.500915658514495,80.645033373086,0,0.2,0.3,"none",0,1,1
0.487819461334155,-0.00320597870280002,1,1,0.390769852897967,NA,0.999999997248205,1,0.33671568745351,NA,0.998562583456187,1,0.398195848005578,0.0376167165222263,NA,1,1,"S6","main",500,70,0.500915658514495,93.9425405188787,0,0.2,0.3,"none",0,2,1
0.486576638180337,0.0279383706620638,1,1,0.317457678780449,NA,0.999992394362384,1,0.307391654892687,NA,0.992594958080005,1,0.323801354062838,0.0484111665085794,0.00165973823445205,0.997683417085427,1,"S6","main",500,70,0.500915658514495,87.666471889456,0,0.2,0.3,"none",0,3,1
0.496207425814493,0.00903800307212756,1,1,0.403880679649424,NA,0.999999987889846,1,0.383844599304718,NA,0.999921977218268,1,0.3811706450488,0.0318614064105384,NA,1,1,"S6","main",500,70,0.500915658514495,74.5697218409381,0,0.2,0.3,"none",0,4,1
0.501090011825027,0.00963050565264838,1,1,0.441004428489892,NA,0.999999999994707,1,0.36623039450768,NA,0.999436912759581,1,0.457896769164027,0.000547866940588789,NA,1,1,"S6","main",500,70,0.500915658514495,95.8203067073675,0,0.2,0.3,"none",0,5,1
0.431417875520246,0.0106047173625896,1,1,0.279619834675548,NA,0.999870600124989,1,0.121703785555641,NA,0.549962720018518,1,0.269154688977442,-0.0571210462115801,0.00446688284656054,0.986924623115578,1,"S6","main",500,70,0.500915658514495,82.1502969605696,0,0.2,0.3,"none",0,6,1
0.502243835001128,-0.0191422385620948,1,1,0.378902672032468,NA,0.999999461410065,1,0.32021568774899,NA,0.990222232306525,1,0.36755827672613,-0.0625892937244248,NA,1,1,"S6","main",500,70,0.500915658514495,75.6353430108606,0,0.2,0.3,"none",0,7,1
0.495378270991321,-0.0121644675798617,1,1,0.424759927865618,NA,0.999999998604524,1,0.382422311076407,NA,0.99993608365972,1,0.443207606137952,0.00519051537300347,NA,1,1,"S6","main",500,70,0.500915658514495,81.818773766741,0,0.2,0.3,"none",0,8,1
0.505079037539839,0.00601003296197906,1,1,0.418010507513975,NA,0.999999988885144,1,0.400795958076473,NA,0.999662324594947,1,0.434214035742619,-0.0385328778530442,NA,1,1,"S6","main",500,70,0.500915658514495,76.455746519441,0,0.2,0.3,"none",0,9,1
0.50988395985159,-0.00960955121988969,1,1,0.419332468625221,NA,0.999999999661575,1,0.395596724694309,NA,0.999994239883083,1,0.418247186064044,0.121269578757058,NA,1,1,"S6","main",500,70,0.500915658514495,87.0149806541585,0,0.2,0.3,"none",0,10,1
0.4721223115322,-0.00121899339283987,1,1,0.345467040655442,NA,0.999999832075856,1,0.33903930178866,NA,0.998507575254178,1,0.295473308755638,-0.0685239624836016,2.7638885407857e-05,0.999972361809045,1,"S6","main",500,70,0.500915658514495,86.7577070115396,0,0.2,0.3,"none",0,11,1
0.508961987433057,-0.0079180160344382,1,1,0.429371265432046,NA,0.999999998668445,1,0.407861962670777,NA,0.999964354196642,1,0.454158745948977,0.049705447937477,NA,1,1,"S6","main",500,70,0.500915658514495,93.4531513490842,0,0.2,0.3,"none",0,12,1
0.459402742849812,-0.0204931747327594,1,1,0.384460815570574,NA,0.999999947356335,1,0.36154576284344,NA,0.997738215878071,1,0.421396673991757,-0.0286558805644495,NA,1,1,"S6","main",500,70,0.500915658514495,92.7462588329788,0,0.2,0.3,"none",0,13,1
0.544049421926949,0.0067884539803564,1,1,0.490982856512094,NA,0.999999999999757,1,0.496553492975104,NA,0.99999999854826,1,0.521138718132189,-0.075593754508126,NA,1,1,"S6","main",500,70,0.500915658514495,94.4234706287563,0,0.2,0.3,"none",0,14,1
0.48786326635903,0.000272418620671854,1,1,0.405707364686092,NA,0.999999982772016,1,0.356372182636757,NA,0.998735501079294,1,0.410424896641682,-0.0553153849546765,NA,1,1,"S6","main",500,70,0.500915658514495,82.1913018656241,0,0.2,0.3,"none",0,15,1
0.472644233138283,-0.0115703015060213,1,1,0.480194475308426,NA,0.999999999999997,1,0.438162171396758,NA,0.999999900133452,1,0.535060320342591,-0.0379142054078655,NA,1,1,"S6","main",500,70,0.500915658514495,102.387754776684,0,0.2,0.3,"none",0,16,1
0.573485147702905,8.56456691129323e-05,1,1,0.502066156902973,NA,0.99999999999523,1,0.41144066413227,NA,0.998661340511588,1,0.519514439774692,0.0127557101280086,NA,1,1,"S6","main",500,70,0.500915658514495,77.3360557132047,0,0.2,0.3,"none",0,17,1
0.483694403437431,0.0277295395171027,1,1,0.354855577606539,NA,0.999998956958519,1,0.279083333126433,NA,0.923676904861862,1,0.325856210091096,-0.00599603486103788,0.00234352503977223,0.997301507537688,1,"S6","main",500,70,0.500915658514495,75.4976630197742,0,0.2,0.3,"none",0,18,1
0.523792479316469,-0.0352697476871031,1,1,0.456186510998426,NA,0.999999999939356,1,0.437889915104415,NA,0.999991913742974,1,0.477209657588991,0.0290620632800725,NA,1,1,"S6","main",500,70,0.500915658514495,84.781673353376,0,0.2,0.3,"none",0,19,1
0.543561532269759,0.00125034108866576,1,1,0.539308722146375,NA,1,1,0.524561934770986,NA,0.999999999987463,1,0.567920911684623,-0.00262894309804267,NA,1,1,"S6","main",500,70,0.500915658514495,94.0279588607879,0,0.2,0.3,"none",0,20,1
0.479305724806083,-0.0172219057193256,1,1,0.386584028528211,NA,0.999999989663195,1,0.348108658602895,NA,0.998431211878533,1,0.366484552685325,0.0326954300618084,NA,1,1,"S6","main",500,70,0.500915658514495,87.5794014952356,0,0.2,0.3,"none",0,21,1
0.472575814342743,0.00672627768727373,1,1,0.36712153096879,NA,0.999985052585984,1,0.346229731945203,NA,0.98432249391407,1,0.363156243192134,0.0945376363072227,0.00172507696429925,0.996409547738694,1,"S6","main",500,70,0.500915658514495,66.634775489431,0,0.2,0.3,"none",0,22,1
0.503889250967297,-0.00466186821253564,1,1,0.428678027754907,NA,0.999999999731924,1,0.388666780083318,NA,0.999943262900022,1,0.40864659513135,-0.028351414972913,NA,1,1,"S6","main",500,70,0.500915658514495,98.0417699493117,0,0.2,0.3,"none",0,23,1
0.488031674944921,-0.00283208804248624,1,1,0.380099336102017,NA,0.999999993680535,1,0.373213709716287,NA,0.999969301093234,1,0.368785156743511,0.0133249173989508,NA,1,1,"S6","main",500,70,0.500915658514495,84.4750860746389,0,0.2,0.3,"none",0,24,1
0.546139992274669,-0.0218030883749587,1,1,0.479564060699673,NA,0.999999999991307,1,0.442691149117011,NA,0.999996783809884,1,0.540403240457797,-0.0460327393884408,NA,1,1,"S6","main",500,70,0.500915658514495,91.8545065292679,0,0.2,0.3,"none",0,25,1
0.508649464683421,-0.00996949554039948,1,1,0.407708880162461,NA,0.99999999972722,1,0.397830568747574,NA,0.999997339955251,1,0.463673236111259,-0.0255035863864903,NA,1,1,"S6","main",500,70,0.500915658514495,96.2663774201827,0,0.2,0.3,"none",0,26,1
0.454283318256217,0.0371092863448266,1,1,0.357953736146229,NA,0.999999994416729,1,0.350984426503168,NA,0.999898637601517,1,0.398607234475639,0.0649622679498433,NA,1,1,"S6","main",500,70,0.500915658514495,96.0930543000329,0,0.2,0.3,"none",0,27,1
0.541550421015378,0.00414832093813627,1,1,0.491665852784129,NA,0.999999999992543,1,0.426698366614052,NA,0.999803418304594,1,0.513913161614832,-0.0733492899225847,NA,1,1,"S6","main",500,70,0.500915658514495,95.8147547268915,0,0.2,0.3,"none",0,28,1
0.51832273724562,0.0131089167733934,1,1,0.437459817815427,NA,0.999999997446872,1,0.394801465573677,NA,0.998973894697702,1,0.402659920391267,-0.045863264814024,NA,1,1,"S6","main",500,70,0.500915658514495,72.480587710315,0,0.2,0.3,"none",0,29,1
0.51638248828657,-0.0216924154825278,1,1,0.443944956747686,NA,0.999999992361633,1,0.42909991728052,NA,0.999948625892384,1,0.433103749812527,-0.0816479675229045,NA,1,1,"S6","main",500,70,0.500915658514495,63.8329548481582,0,0.2,0.3,"none",0,30,1
0.528328799887537,0.0105671689238829,1,1,0.417600844021031,NA,0.999999980572113,1,0.387646022542019,NA,0.999240511694181,1,0.396590045714403,0.0384149927360256,NA,1,1,"S6","main",500,70,0.500915658514495,81.0454448818739,0,0.2,0.3,"none",0,31,1
0.493560450671082,-0.00770229325006124,1,1,0.433358658200056,NA,0.999999993981683,1,0.395713845478199,NA,0.998605772945428,1,0.445431453176957,-0.0138793170543829,NA,1,1,"S6","main",500,70,0.500915658514495,68.0705400206149,0,0.2,0.3,"none",0,32,1
0.526384045534436,0.0104646390364431,1,1,0.439242836508911,NA,0.999999943884958,1,0.444312784751853,NA,0.999813852009222,1,0.431842658898098,0.033024202169413,NA,1,1,"S6","main",500,70,0.500915658514495,60.5296444961157,0,0.2,0.3,"none",0,33,1
0.522805148200087,-0.0238329598532183,1,1,0.487754027768426,NA,0.999999999989708,1,0.498996933138029,NA,0.999999988968241,1,0.453785514938405,0.007745394085592,NA,1,1,"S6","main",500,70,0.500915658514495,83.9015099044249,0,0.2,0.3,"none",0,34,1
0.543331205526206,-0.0264101098534324,1,1,0.43263359163724,NA,0.99999999465783,1,0.414455416158185,NA,0.999982330444098,1,0.466135001224432,-0.0699619002975067,NA,1,1,"S6","main",500,70,0.500915658514495,76.2981838236783,0,0.2,0.3,"none",0,35,1
0.45231269070996,0.0271720016720902,1,1,0.36745846487515,NA,0.99999991135101,1,0.349789624984658,NA,0.99961854405501,1,0.363340631382147,-0.0514770373447424,NA,1,1,"S6","main",500,70,0.500915658514495,83.9495811599585,0,0.2,0.3,"none",0,36,1
0.481559373220344,0.0396856938714784,1,1,0.377388548219044,NA,0.999999957792496,1,0.369519042254346,NA,0.999691612433051,1,0.383756234122834,0.151443430493196,NA,1,1,"S6","main",500,70,0.500915658514495,84.7348538926763,0,0.2,0.3,"none",0,37,1
0.505086062630031,-0.0243187996145781,1,1,0.411707025516553,NA,0.99999999270734,1,0.382147121752562,NA,0.999301150088002,1,0.412957103625986,0.0498835824174581,NA,1,1,"S6","main",500,70,0.500915658514495,87.08841033342,0,0.2,0.3,"none",0,38,1
0.521657799990501,0.0195459926632086,1,1,0.383582718340667,NA,0.999999986389475,1,0.368234528880823,NA,0.999952964784762,1,0.398879690443172,0.0468067577000772,NA,1,1,"S6","main",500,70,0.500915658514495,92.0325470266607,0,0.2,0.3,"none",0,39,1
0.502753823177761,0.00269987696333891,1,1,0.400058522732442,NA,0.999999850096613,1,0.349219545883036,NA,0.995316216084972,1,0.409327771971052,0.0260776422307092,NA,1,1,"S6","main",500,70,0.500915658514495,73.9620557474573,0,0.2,0.3,"none",0,40,1
0.509615398353957,0.00390118200464535,1,1,0.421536426691091,NA,0.999999998223422,1,0.37780861405094,NA,0.99974626039555,1,0.43710776357604,-0.00401067564781544,NA,1,1,"S6","main",500,70,0.500915658514495,85.9632316362036,0,0.2,0.3,"none",0,41,1
0.453949464952275,0.0373382019919851,1,1,0.402526489421086,NA,0.999999991722505,1,0.433535137656872,NA,0.999990017596381,1,0.436325673012333,0.0559698096539347,NA,1,1,"S6","main",500,70,0.500915658514495,75.2593785712106,0,0.2,0.3,"none",0,42,1
0.527379921956759,0.00752007414624309,1,1,0.4565238756498,NA,0.999999999646106,1,0.45487450342869,NA,0.999999642213602,1,0.486192868686882,0.0169463431423432,NA,1,1,"S6","main",500,70,0.500915658514495,77.911939953527,0,0.2,0.3,"none",0,43,1
0.499009715305335,-0.00404894737354867,1,1,0.385091854820586,NA,0.999999942509238,1,0.342508351687627,NA,0.998256041958046,1,0.367263747820725,0.0197478698260432,NA,1,1,"S6","main",500,70,0.500915658514495,77.5890260453316,0,0.2,0.3,"none",0,44,1
0.541231074817056,-0.0145065624329149,1,1,0.384299782836105,NA,0.999999955273834,1,0.383170917644284,NA,0.999988568322337,1,0.375840548802827,0.022546542582968,NA,1,1,"S6","main",500,70,0.500915658514495,81.4215610434247,0,0.2,0.3,"none",0,45,1
0.50166971154236,0.0293322863261762,1,1,0.460247771157698,NA,0.99999999861615,1,0.407735980225527,NA,0.999825367208981,1,0.422793502309431,0.00944081878152138,NA,1,1,"S6","main",500,70,0.500915658514495,66.4161510163864,0,0.2,0.3,"none",0,46,1
0.462595474880098,-0.0024032154541175,1,1,0.402739706494015,NA,0.999999993460184,1,0.398799293740523,NA,0.999967784470374,1,0.391767540780866,0.00809732428404595,NA,1,1,"S6","main",500,70,0.500915658514495,94.4792670235499,0,0.2,0.3,"none",0,47,1
0.517820943307369,-0.00389728829182724,1,1,0.40448518221727,NA,0.99999998653726,1,0.406603595560828,NA,0.99998142926215,1,0.405133534347073,-0.0502363223698263,NA,1,1,"S6","main",500,70,0.500915658514495,82.488953441533,0,0.2,0.3,"none",0,48,1
0.550466062294014,0.010290322403525,1,1,0.468603134595275,NA,0.999999999854407,1,0.418289495764459,NA,0.999947470802608,1,0.466287422681563,0.0507952617027263,NA,1,1,"S6","main",500,70,0.500915658514495,77.5989680394731,0,0.2,0.3,"none",0,49,1
0.465546898011041,-0.00605327898462541,1,1,0.431537366257044,NA,0.999999999734796,1,0.370334505940953,NA,0.999559804433903,1,0.479343011958574,0.033378389873178,NA,1,1,"S6","main",500,70,0.500915658514495,90.1319899867388,0,0.2,0.3,"none",0,50,1
0.530505430766502,-0.00401222762728488,1,1,0.427432503203335,NA,0.999999999419316,1,0.38433423731288,NA,0.99996416838097,1,0.41678100383958,-0.0115763694306949,NA,1,1,"S6","main",500,70,0.500915658514495,84.7258277580433,0,0.2,0.3,"none",0,51,1
0.52476090896009,0.0276146877984782,1,1,0.404177982357115,NA,0.999999987740983,1,0.362101719512408,NA,0.998092227543082,1,0.411913712245936,-0.00308436243495192,NA,1,1,"S6","main",500,70,0.500915658514495,82.5847466090537,0,0.2,0.3,"none",0,52,1
0.53790279533269,-0.00601436192012116,1,1,0.484663705316154,NA,0.999999999999789,1,0.427741419828643,NA,0.999998962760898,1,0.514694161326858,-0.0548629271084053,NA,1,1,"S6","main",500,70,0.500915658514495,93.6946049563952,0,0.2,0.3,"none",0,53,1
0.466887606980325,-0.0136322371177876,1,1,0.466365404068363,NA,0.99999999999889,1,0.436176031955657,NA,0.999999340395213,1,0.516083143987243,0.00909353597277187,NA,1,1,"S6","main",500,70,0.500915658514495,98.1979227803189,0,0.2,0.3,"none",0,54,1
0.511488340080139,-0.0102841749593763,1,1,0.424262392885574,NA,0.999999998615977,1,0.371039981927883,NA,0.999679242977012,1,0.455059935943827,0.0943639758387344,NA,1,1,"S6","main",500,70,0.500915658514495,78.2776325865335,0,0.2,0.3,"none",0,55,1
0.543459427937004,-0.00424755386773597,1,1,0.43443951313623,NA,0.999999999899801,1,0.397510789310498,NA,0.999960374852858,1,0.518514212195156,-0.00605884501846331,NA,1,1,"S6","main",500,70,0.500915658514495,95.8666398291054,0,0.2,0.3,"none",0,56,1
0.464110070018944,-0.0080246627699378,1,1,0.412643142725764,NA,0.999999999990536,1,0.345172145674635,NA,0.999963270687028,1,0.404983613882462,-0.0702414191244594,NA,1,1,"S6","main",500,70,0.500915658514495,101.196909214243,0,0.2,0.3,"none",0,57,1
0.4857405384028,0.00646572190642277,1,1,0.356184983328874,NA,0.999998129137666,1,0.274841816499891,NA,0.93244815903144,1,0.346569189775351,0.0271280646752307,NA,1,1,"S6","main",500,70,0.500915658514495,72.1113530539933,0,0.2,0.3,"none",0,58,1
0.565579849894256,0.0135094082031421,1,1,0.501902655044452,NA,0.999999999999931,1,0.466902088451284,NA,0.999999784818457,1,0.497502223174557,0.00802555971559357,NA,1,1,"S6","main",500,70,0.500915658514495,87.0453482002294,0,0.2,0.3,"none",0,59,1
0.538450286364945,0.016372390189593,1,1,0.421930216687535,NA,0.99999995913142,1,0.372572793768106,NA,0.998685364460067,1,0.411727143083965,0.054367683726568,NA,1,1,"S6","main",500,70,0.500915658514495,63.8116687066317,0,0.2,0.3,"none",0,60,1
0.475844721435268,0.0108464864471315,1,1,0.480912422941138,NA,0.999999999999373,1,0.434794075459275,NA,0.999984783482128,1,0.506261828542266,-0.0574506954234794,NA,1,1,"S6","main",500,70,0.500915658514495,86.9904453418019,0,0.2,0.3,"none",0,61,1
0.554200626245742,0.0273391265170817,1,1,0.483710050388403,NA,0.999999999999656,1,0.443091475500258,NA,0.999999808615518,1,0.511545746497093,0.0270895259649863,NA,1,1,"S6","main",500,70,0.500915658514495,110.078159622863,0,0.2,0.3,"none",0,62,1
0.474875269797771,-0.00512623398824644,1,1,0.394878253745028,NA,0.999999855250416,1,0.354687342334778,NA,0.997762181858805,1,0.41597344855999,0.0596774236167109,NA,1,1,"S6","main",500,70,0.500915658514495,80.7912049279684,0,0.2,0.3,"none",0,63,1
0.515026204194897,0.0007609275524418,1,1,0.411612309482736,NA,0.999999998815197,1,0.381941247193417,NA,0.999901843815486,1,0.404635552571564,-0.0153638639211367,NA,1,1,"S6","main",500,70,0.500915658514495,94.7878733866796,0,0.2,0.3,"none",0,64,1
0.487839580178268,0.00902610291055644,1,1,0.406229691377255,NA,0.999999996155814,1,0.374158637269562,NA,0.999857973344644,1,0.415866758712934,-0.0452573427165572,NA,1,1,"S6","main",500,70,0.500915658514495,83.8761593201501,0,0.2,0.3,"none",0,65,1
0.528223327030568,0.015993746610406,1,1,0.36719617741441,NA,0.999999690341665,1,0.350212372463452,NA,0.998773126545987,1,0.331405100432931,-0.00104675656107754,0.00500289935378885,0.9933391959799,1,"S6","main",500,70,0.500915658514495,88.1054359742235,0,0.2,0.3,"none",0,66,1
0.512175085787586,-0.0166163087148512,1,1,0.467652021845013,NA,0.999999999650943,1,0.463152296572613,NA,0.999993126864104,1,0.457243875849336,-0.0295244749451156,NA,1,1,"S6","main",500,70,0.500915658514495,77.494671726807,0,0.2,0.3,"none",0,67,1
0.516071272773342,0.0105962989563067,1,1,0.441904788495416,NA,0.999999999986474,1,0.432839461297011,NA,0.999999917697899,1,0.443351375951349,-0.00438689010535823,NA,1,1,"S6","main",500,70,0.500915658514495,110.566247340713,0,0.2,0.3,"none",0,68,1
0.459003320610627,-0.0249671243050626,1,1,0.408118710076392,NA,0.999999999813798,1,0.383890005375873,NA,0.999998301583069,1,0.433023715540753,0.0487314588625417,NA,1,1,"S6","main",500,70,0.500915658514495,96.7871190406979,0,0.2,0.3,"none",0,69,1
0.466063879678012,-0.0238460372928278,1,1,0.394619766763244,NA,0.999999971787336,1,0.374609060441362,NA,0.999470098475208,1,0.446746499140446,0.0313672392943435,NA,1,1,"S6","main",500,70,0.500915658514495,79.8274178827408,0,0.2,0.3,"none",0,70,1
0.508908251489286,-0.0213594999523815,1,1,0.39393176172274,NA,0.999999999033421,1,0.371873209037824,NA,0.999968932557525,1,0.406173322109947,-0.0364440582298769,NA,1,1,"S6","main",500,70,0.500915658514495,102.650848193164,0,0.2,0.3,"none",0,71,1
0.500366593237608,0.00943636138731806,1,1,0.423832491604782,NA,0.999999996323098,1,0.410484951376427,NA,0.999753047584672,1,0.415428106238077,0.0176551352374063,NA,1,1,"S6","main",500,70,0.500915658514495,89.3405968576221,0,0.2,0.3,"none",0,72,1
0.46228629415673,-0.00851285388512344,1,1,0.372277269849078,NA,0.999999968941365,1,0.337513152177593,NA,0.999403078643903,1,0.389216838008696,-0.0421591371402818,NA,1,1,"S6","main",500,70,0.500915658514495,78.7104860083528,0,0.2,0.3,"none",0,73,1
0.504897610779764,-0.00981577499421108,1,1,0.426292784207204,NA,0.999999981667585,1,0.374272409036439,NA,0.998559805262272,1,0.385646607394719,-0.00973340159600678,0.00141460840769295,0.998585427135678,1,"S6","main",500,70,0.500915658514495,73.0462622054163,0,0.2,0.3,"none",0,74,1
0.525898148399983,0.0109544245219004,1,1,0.396038664279646,NA,0.999999839685166,1,0.37542808950629,NA,0.996690275863118,1,0.384727874338035,0.0800966729669612,NA,1,1,"S6","main",500,70,0.500915658514495,70.9394232514378,0,0.2,0.3,"none",0,75,1
0.542622319561893,-0.0115717737807978,1,1,0.44206336934644,NA,0.99999999918555,1,0.388068248812084,NA,0.999182818143617,1,0.440571520830922,-0.0429686694821311,NA,1,1,"S6","main",500,70,0.500915658514495,83.7162637947662,0,0.2,0.3,"none",0,76,1
0.51615435874423,0.0115397684389798,1,1,0.475121493239155,NA,0.999999999988762,1,0.408555197667492,NA,0.999514102413549,1,0.504994532276766,-0.0170386772026871,NA,1,1,"S6","main",500,70,0.500915658514495,76.1811743429965,0,0.2,0.3,"none",0,77,1
0.5299882095831,0.047102228673138,1,1,0.390130692745622,NA,0.999999863523486,1,0.385907724372368,NA,0.999703971189775,1,0.424879549537862,0.0432037019643559,NA,1,1,"S6","main",500,70,0.500915658514495,72.1844231349043,0,0.2,0.3,"none",0,78,1
0.475169081456304,-0.000668806852680325,1,1,0.313884747998242,NA,0.999954890656062,1,0.172644880793046,NA,0.692423812078253,1,0.307587522354859,-0.105800306457942,0.000521061795175984,0.999402010050251,1,"S6","main",500,70,0.500915658514495,69.5619097586268,0,0.2,0.3,"none",0,79,1
0.553375402770868,-0.0246258584347517,1,1,0.481002532138886,NA,0.999999999610224,1,0.451712136560416,NA,0.999989796356409,1,0.489163923624092,0.0223919175276534,NA,1,1,"S6","main",500,70,0.500915658514495,73.8616534581291,0,0.2,0.3,"none",0,80,1
0.509282447222059,0.00401847574472346,1,1,0.497744475875852,NA,0.999999999996229,1,0.432481805559405,NA,0.999886994887487,1,0.549390745664008,0.0280919537365207,NA,1,1,"S6","main",500,70,0.500915658514495,86.3474680341551,0,0.2,0.3,"none",0,81,1
0.55784022857509,0.00999788311148872,1,1,0.523963115523927,NA,0.99999999999342,1,0.502576892324898,NA,0.99999997914406,1,0.55670409377746,0.0769013650456675,NA,1,1,"S6","main",500,70,0.500915658514495,79.2138399222133,0,0.2,0.3,"none",0,82,1
0.49445434262693,0.0037734834049287,1,1,0.442341754272836,NA,0.999999999948355,1,0.397722011783399,NA,0.999938052469885,1,0.478680310080217,0.00582087369661406,NA,1,1,"S6","main",500,70,0.500915658514495,93.54953870478,0,0.2,0.3,"none",0,83,1
0.491118223993056,-0.00729718540602751,1,1,0.400855359515924,NA,0.999999999114321,1,0.392711995462001,NA,0.999986731373042,1,0.426176038607111,-0.0218019780738788,NA,1,1,"S6","main",500,70,0.500915658514495,104.985891908202,0,0.2,0.3,"none",0,84,1
0.508801284445118,-0.0324047427809885,1,1,0.460121277606702,NA,0.999999999990402,1,0.420053890933126,NA,0.999996355026628,1,0.468255808696757,0.000980861465060174,NA,1,1,"S6","main",500,70,0.500915658514495,88.0719089563677,0,0.2,0.3,"none",0,85,1
0.506886700769356,0.00510402598494242,1,1,0.404416980891357,NA,0.9999999993341,1,0.390486791267644,NA,0.999796172914083,1,0.414392750209602,-0.028059145436489,NA,1,1,"S6","main",500,70,0.500915658514495,80.2267217482885,0,0.2,0.3,"none",0,86,1
0.480143841271239,0.0251166308314757,1,1,0.419831059752678,NA,0.999999999977636,1,0.371622982889907,NA,0.999977925546716,1,0.474754685277025,0.0933596566507671,NA,1,1,"S6","main",500,70,0.500915658514495,96.7731478565496,0,0.2,0.3,"none",0,87,1
0.478080252460902,-0.00729385456812741,1,1,0.400404289893601,NA,0.999999988924214,1,0.39186626877278,NA,0.999968815899182,1,0.423900995144546,-0.0455172064819268,NA,1,1,"S6","main",500,70,0.500915658514495,79.6508140160979,0,0.2,0.3,"none",0,88,1
0.433535975534006,-0.0162044832408864,1,1,0.341144191794198,NA,0.999999293778267,1,0.298490821021042,NA,0.970173328092763,1,0.387205833497426,-0.0384930207301924,NA,1,1,"S6","main",500,70,0.500915658514495,86.8962304063722,0,0.2,0.3,"none",0,89,1
0.45736329737747,-0.017527719687314,1,1,0.31260878669287,NA,0.999914955238578,1,0.231460073439191,NA,0.82118266653854,1,0.318921959744297,-0.0758795100664517,0.000817292947199355,0.998442211055276,1,"S6","main",500,70,0.500915658514495,64.9156140403568,0,0.2,0.3,"none",0,90,1
0.526277327213424,0.00430230213510142,1,1,0.353623218922251,NA,0.999997334890863,1,0.33795909856187,NA,0.990753782424272,1,0.365610288366279,-0.077429325938479,NA,1,1,"S6","main",500,70,0.500915658514495,79.0024143223792,0,0.2,0.3,"none",0,91,1
0.467122553349096,-0.00041546177807877,1,1,0.347783590385569,NA,0.99999790574526,1,0.306348286646857,NA,0.967651870449781,1,0.409459092030825,0.00328957637046399,NA,1,1,"S6","main",500,70,0.500915658514495,81.5274994216084,0,0.2,0.3,"none",0,92,1
0.549830319513143,-0.00523566668882857,1,1,0.455698274623257,NA,0.999999999991465,1,0.434141999916019,NA,0.999999856315794,1,0.44912777186591,0.069849064457795,NA,1,1,"S6","main",500,70,0.500915658514495,92.4205676742456,0,0.2,0.3,"none",0,93,1
0.549280754484344,0.0217309524910503,1,1,0.419056717763864,NA,0.999999982807852,1,0.368963834067372,NA,0.995218554138427,1,0.428793497873518,-0.0216241948583008,0.000620618608703595,0.999379396984925,1,"S6","main",500,70,0.500915658514495,80.3218583054985,0,0.2,0.3,"none",0,94,1
0.515818684430315,-0.0224824446129869,1,1,0.413467134169977,NA,0.999999996877992,1,0.374159014765232,NA,0.999717861926555,1,0.445192669377686,-0.0415417778746757,NA,1,1,"S6","main",500,70,0.500915658514495,84.6909925126368,0,0.2,0.3,"none",0,95,1
0.529320420377277,0.00392086396446998,1,1,0.441728657682323,NA,0.999999999967106,1,0.387603347263736,NA,0.999979612797036,1,0.469218545076164,-0.0273770912651715,NA,1,1,"S6","main",500,70,0.500915658514495,91.0060052976458,0,0.2,0.3,"none",0,96,1
0.483093756780461,0.00800900422673681,1,1,0.350528678523747,NA,0.99999878451691,1,0.331964511975368,NA,0.997964855059811,1,0.316756209337162,0.0484619604782255,0.00139609408052847,0.997924623115578,1,"S6","main",500,70,0.500915658514495,91.2946612988663,0,0.2,0.3,"none",0,97,1
0.462587833502475,-0.00792098100718569,1,1,0.402370692905292,NA,0.999999997447261,1,0.360779933118646,NA,0.99975501354519,1,0.416895325236539,-0.0032428905657457,NA,1,1,"S6","main",500,70,0.500915658514495,91.8708115810371,0,0.2,0.3,"none",0,98,1
0.533949541291943,-0.00121503016135153,1,1,0.474293547816695,NA,0.999999999981666,1,0.405044851474722,NA,0.999928608790477,1,0.515935063493038,0.0669303196506525,NA,1,1,"S6","main",500,70,0.500915658514495,80.1746252346496,0,0.2,0.3,"none",0,99,1
0.525742825882559,0.000408119090951752,1,1,0.452405284358862,NA,0.9999999999953,1,0.421078392749891,NA,0.999999358894377,1,0.467832855452912,-0.00874730074263838,NA,1,1,"S6","main",500,70,0.500915658514495,89.1472024842307,0,0.2,0.3,"none",0,100,1
0.518820327553659,0.00538718621265809,1,1,0.497193571346618,NA,0.99999999999952,1,0.472756193466657,NA,0.999999720229095,1,0.535935139982912,-0.0373251481957291,NA,1,1,"S6","main",500,70,0.500915658514495,90.6385383354302,0,0.4,0.3,"none",0,1,1
0.570422018102114,-0.0279262874037352,1,1,0.49831179934125,NA,0.999999999700106,1,0.448179529826541,NA,0.999461312703062,1,0.519505183032335,-0.146920146795298,NA,1,1,"S6","main",500,70,0.500915658514495,71.5705989392376,0,0.4,0.3,"none",0,2,1
0.49451328693121,0.0412350097588934,1,1,0.45578043383582,NA,0.999999999999508,1,0.414969930526214,NA,0.999997481445214,1,0.522988162527738,0.0456344177682998,NA,1,1,"S6","main",500,70,0.500915658514495,115.761689914653,0,0.4,0.3,"none",0,3,1
0.503173064194808,-0.0155028479744389,1,1,0.452913516772544,NA,0.999999999820048,1,0.421764707982115,NA,0.999872578943224,1,0.462452013998109,0.0631855738172749,NA,1,1,"S6","main",500,70,0.500915658514495,76.9368358967381,0,0.4,0.3,"none",0,4,1
0.568262914617224,-0.00350457271836839,1,1,0.571862614897539,NA,1,1,0.553952327474647,NA,0.999999999828304,1,0.580247382672495,0.0510102741409072,NA,1,1,"S6","main",500,70,0.500915658514495,100.802825587654,0,0.4,0.3,"none",0,5,1
0.553206515017448,0.0124530509667843,1,1,0.50324090879712,NA,0.999999999730318,1,0.458275110613802,NA,0.999964216602568,1,0.515156967994079,-0.0344388133268017,NA,1,1,"S6","main",500,70,0.500915658514495,71.0484068881176,0,0.4,0.3,"none",0,6,1
0.559518959039329,0.0145873130662371,1,1,0.551101480550039,NA,1,1,0.504332089159918,NA,0.999999988187054,1,0.530226144452783,0.0656779652283759,NA,1,1,"S6","main",500,70,0.500915658514495,94.0130916821149,0,0.4,0.3,"none",0,7,1
0.557419837437602,0.000996833580931022,1,1,0.548898341868124,NA,0.999999999999948,1,0.51747874722208,NA,0.999999841051856,1,0.535298293484739,0.00374915001810227,NA,1,1,"S6","main",500,70,0.500915658514495,75.6874025092445,0,0.4,0.3,"none",0,8,1
0.568226555898461,-0.00628523363467958,1,1,0.511677455529064,NA,0.999999999999903,1,0.467057040879448,NA,0.999999080869248,1,0.494356008234555,-0.00394082390361134,NA,1,1,"S6","main",500,70,0.500915658514495,80.6331530385123,0,0.4,0.3,"none",0,9,1
0.58295386739898,0.00224414525358971,1,1,0.562862059074288,NA,1,1,0.516957077420378,NA,0.99999999988089,1,0.604079866583087,-0.0786057162093065,NA,1,1,"S6","main",500,70,0.500915658514495,98.0400410012812,0,0.4,0.3,"none",0,10,1
0.584479286020226,-0.00067665037153097,1,1,0.544881481766678,NA,0.999999999999954,1,0.492682489805907,NA,0.999999856736388,1,0.612537032805542,-0.0321140231123003,NA,1,1,"S6","main",500,70,0.500915658514495,89.2474873705449,0,0.4,0.3,"none",0,11,1
0.552030105426028,0.00527215386858369,1,1,0.54098325101968,NA,0.99999999998164,1,0.480610306735002,NA,0.999973619339139,1,0.552755309640048,0.0335912509372891,NA,1,1,"S6","main",500,70,0.500915658514495,68.5293230828724,0,0.4,0.3,"none",0,12,1
0.519502789181566,-0.0263967224616193,1,1,0.533388649631168,NA,0.999999999995931,1,0.452981750414852,NA,0.999930831077264,1,0.583269835542231,0.0214483309069607,NA,1,1,"S6","main",500,70,0.500915658514495,80.1194424866938,0,0.4,0.3,"none",0,13,1
0.534038080835959,0.0263762841521605,1,1,0.506214276703252,NA,0.999999999999972,1,0.481241744755939,NA,0.999999941901292,1,0.523151559367672,-0.00172735230928426,NA,1,1,"S6","main",500,70,0.500915658514495,88.8435122432358,0,0.4,0.3,"none",0,14,1
0.490522995009839,0.0241532254798441,1,1,0.465906802892786,NA,0.999999999992786,1,0.397896320191578,NA,0.999778851601773,1,0.457860235728169,0.12375819675793,NA,1,1,"S6","main",500,70,0.500915658514495,106.558477085369,0,0.4,0.3,"none",0,15,1
0.620109598881068,0.0366769926719761,1,1,0.554949295214134,NA,0.999999999999884,1,0.496999095111126,NA,0.999999622414647,1,0.612107738443334,-0.0477422187290253,NA,1,1,"S6","main",500,70,0.500915658514495,83.645362068897,0,0.4,0.3,"none",0,16,1
0.572481128541887,-0.00330949840086936,1,1,0.56110179667113,NA,0.999999999999063,1,0.492792211699706,NA,0.999941095951069,1,0.599185584758829,-0.043975466513879,NA,1,1,"S6","main",500,70,0.500915658514495,68.6909078216639,0,0.4,0.3,"none",0,17,1
0.57162380306877,-0.00516627291963342,1,1,0.55110859628542,NA,0.999999999999984,1,0.532173339314198,NA,0.999999995984817,1,0.562120306658613,0.0101155610499011,NA,1,1,"S6","main",500,70,0.500915658514495,77.5398625898479,0,0.4,0.3,"none",0,18,1
0.557972897460534,0.0255472542274383,1,1,0.543277274429708,NA,0.999999999999954,1,0.504536167082441,NA,0.99999997914612,1,0.582361482834437,0.0354488685421987,NA,1,1,"S6","main",500,70,0.500915658514495,87.0050376371128,0,0.4,0.3,"none",0,19,1
0.576627351301602,-0.0206833228070789,1,1,0.491860179919446,NA,0.999999999978024,1,0.45624339702594,NA,0.99999401259135,1,0.500665352178351,-0.0295014415187904,NA,1,1,"S6","main",500,70,0.500915658514495,83.0750521588409,0,0.4,0.3,"none",0,20,1
0.487388828122689,0.0026725203657555,1,1,0.501247049009738,NA,0.999999999999911,1,0.453288965097146,NA,0.999999715420876,1,0.497648479370336,0.0294681972250916,NA,1,1,"S6","main",500,70,0.500915658514495,79.936263228949,0,0.4,0.3,"none",0,21,1
0.645193482773258,0.0221659027456651,1,1,0.625515218394759,NA,1,1,0.569030125464758,NA,0.999999999999718,1,0.672782547056252,-0.0898887211511861,NA,1,1,"S6","main",500,70,0.500915658514495,114.687170240725,0,0.4,0.3,"none",0,22,1
0.55744585404221,-0.0290660260587762,1,1,0.59518386494628,NA,0.999999999999999,1,0.53083744085199,NA,0.999999840257487,1,0.629972911933043,-0.0812749491859045,NA,1,1,"S6","main",500,70,0.500915658514495,74.0488355413331,0,0.4,0.3,"none",0,23,1
0.589865130034122,0.00504863860747227,1,1,0.57602506376963,NA,1,1,0.554566911463937,NA,0.999999999792387,1,0.622820703500921,-0.00563082645693997,NA,1,1,"S6","main",500,70,0.500915658514495,87.6726007523101,0,0.4,0.3,"none",0,24,1
0.595778345686367,-0.0171711289697369,1,1,0.504383559751921,NA,0.99999999999976,1,0.46907889218027,NA,0.99999999216328,1,0.505668218276776,-0.139874140073229,NA,1,1,"S6","main",500,70,0.500915658514495,90.3595993135389,0,0.4,0.3,"none",0,25,1
0.571500911876955,-0.00439548447759485,1,1,0.539152336470666,NA,0.999999999999997,1,0.472577183420361,NA,0.999999548450689,1,0.52662345310275,0.0445883671499437,NA,1,1,"S6","main",500,70,0.500915658514495,81.4313079990241,0,0.4,0.3,"none",0,26,1
0.599025374057434,0.0142867507912441,1,1,0.628232066481041,NA,1,1,0.554291057462933,NA,0.999999996043986,1,0.66398176898879,0.00796540524540764,NA,1,1,"S6","main",500,70,0.500915658514495,85.4655810088641,0,0.4,0.3,"none",0,27,1
0.519891293918345,-0.0274380716086142,1,1,0.449843388815212,NA,0.999999999671191,1,0.410525771483725,NA,0.999985486655277,1,0.472536807453579,-0.168891326023134,NA,1,1,"S6","main",500,70,0.500915658514495,95.1108356394184,0,0.4,0.3,"none",0,28,1
0.525592070072553,0.00462203721008265,1,1,0.466046821198921,NA,0.999999999898607,1,0.422941256858161,NA,0.999967013924351,1,0.450588327750552,-0.00959942637947846,NA,1,1,"S6","main",500,70,0.500915658514495,78.3145529779099,0,0.4,0.3,"none",0,29,1
0.59977066342979,-0.00196571187400007,1,1,0.59128966702215,NA,0.999999999999991,1,0.559091501804386,NA,0.999999820272493,1,0.637536609908886,-0.0660387676045587,NA,1,1,"S6","main",500,70,0.500915658514495,79.0622989690829,0,0.4,0.3,"none",0,30,1
0.531734818029028,-0.00361995565633435,1,1,0.535070790430371,NA,0.999999999988645,1,0.496579543212359,NA,0.999966552879907,1,0.584410444708601,0.0674534459954266,NA,1,1,"S6","main",500,70,0.500915658514495,64.1585288329002,0,0.4,0.3,"none",0,31,1
0.621267613072668,0.0118829037311171,1,1,0.634342102881723,NA,1,1,0.5684782770967,NA,0.999999999897672,1,0.639154832331628,-0.0285999737798174,NA,1,1,"S6","main",500,70,0.500915658514495,94.3458168059994,0,0.4,0.3,"none",0,32,1
0.580207855681695,0.00700128468346638,1,1,0.549532194243441,NA,0.999999999999989,1,0.525673853417842,NA,0.99999999577475,1,0.562389778126143,-0.0259192969165293,NA,1,1,"S6","main",500,70,0.500915658514495,93.9052774765674,0,0.4,0.3,"none",0,33,1
0.518054750692805,-0.00681059863700821,1,1,0.554146896976654,NA,0.999999999999153,1,0.506651774889974,NA,0.999996983293411,1,0.556544366425591,0.00749851150287037,NA,1,1,"S6","main",500,70,0.500915658514495,64.7383044213991,0,0.4,0.3,"none",0,34,1
0.521068475899287,-0.0279058249638005,1,1,0.4617054790889,NA,0.999999999993249,1,0.420111443749395,NA,0.999995276458886,1,0.488104343859271,-0.110375096671182,NA,1,1,"S6","main",500,70,0.500915658514495,108.525763081557,0,0.4,0.3,"none",0,35,1
0.518213507515158,0.00163061485994529,1,1,0.48127513253029,NA,0.999999999999302,1,0.433917852644059,NA,0.999999749933674,1,0.55154840426106,0.0212235791229543,NA,1,1,"S6","main",500,70,0.500915658514495,97.3950299214049,0,0.4,0.3,"none",0,36,1
0.508040072239071,0.00474298817592782,1,1,0.507201360140982,NA,0.999999999999999,1,0.448325226124793,NA,0.999999990997597,1,0.516353180843132,-0.0115503085592842,NA,1,1,"S6","main",500,70,0.500915658514495,109.555636984376,0,0.4,0.3,"none",0,37,1
0.533578513968919,0.00189569415355404,1,1,0.533714445832866,NA,0.999999999999998,1,0.47958202099345,NA,0.999999974700896,1,0.55314632894317,-0.00496695900300792,NA,1,1,"S6","main",500,70,0.500915658514495,90.8614650674986,0,0.4,0.3,"none",0,38,1
0.535244653675247,-0.00646789573289084,1,1,0.449872689985674,NA,0.999999999963398,1,0.423362316633674,NA,0.999998259949995,1,0.435101530227277,-0.136099451115049,NA,1,1,"S6","main",500,70,0.500915658514495,88.0801834035764,0,0.4,0.3,"none",0,39,1
0.567086660843454,0.0115836650671642,1,1,0.550157113013457,NA,0.99999999999999,1,0.478524322756954,NA,0.999998440289418,1,0.545625962795041,0.0142409794781385,NA,1,1,"S6","main",500,70,0.500915658514495,85.2843259073177,0,0.4,0.3,"none",0,40,1
0.556481294956591,0.0272517924727249,1,1,0.535802555176931,NA,0.999999999999714,1,0.503217020655143,NA,0.999999457554727,1,0.585769601803019,0.0190046977275812,NA,1,1,"S6","main",500,70,0.500915658514495,76.1915893519528,0,0.4,0.3,"none",0,41,1
0.545004424337079,-0.0162584607493512,1,1,0.503036014223825,NA,0.999999999955518,1,0.436987537551385,NA,0.999928555436757,1,0.530849452435192,-0.0176966405120943,NA,1,1,"S6","main",500,70,0.500915658514495,77.6638032381024,0,0.4,0.3,"none",0,42,1
0.567489983205077,-0.00970918164617239,1,1,0.541690054017949,NA,0.999999999999947,1,0.506368116209713,NA,0.999999435738645,1,0.574211923206392,-0.0531818708665571,NA,1,1,"S6","main",500,70,0.500915658514495,79.9009730112216,0,0.4,0.3,"none",0,43,1
0.551785308221028,-0.00717800372134025,1,1,0.50472089741712,NA,0.999999999920198,1,0.473093621451361,NA,0.999967436450994,1,0.541988679911098,-0.00104197805231359,NA,1,1,"S6","main",500,70,0.500915658514495,73.062090929552,0,0.4,0.3,"none",0,44,1
0.552974566194434,0.0222331526637536,1,1,0.49848975290377,NA,0.999999999999913,1,0.479484678629153,NA,0.999999961232231,1,0.532466079357812,0.0240409098421017,NA,1,1,"S6","main",500,70,0.500915658514495,85.3776399776655,0,0.4,0.3,"none",0,45,1
0.540532595765595,0.0215580117794577,1,1,0.561738642022246,NA,0.999999999999999,1,0.503117357917412,NA,0.999999970907372,1,0.597431640393655,0.0201819226126341,NA,1,1,"S6","main",500,70,0.500915658514495,87.7233885917122,0,0.4,0.3,"none",0,46,1
0.566850439785366,0.00812913161816244,1,1,0.52394798397933,NA,0.99999999999998,1,0.500792462750456,NA,0.999999945068621,1,0.568560432506202,-0.00168447469497123,NA,1,1,"S6","main",500,70,0.500915658514495,87.5614968953658,0,0.4,0.3,"none",0,47,1
0.583917569387464,0.0162493427800869,1,1,0.596178039505769,NA,1,1,0.553179997275899,NA,0.999999996493833,1,0.640877433897383,0.0558276142781907,NA,1,1,"S6","main",500,70,0.500915658514495,86.5880704609872,0,0.4,0.3,"none",0,48,1
0.538553929108266,0.0279233688695757,1,1,0.522632228330054,NA,0.999999999970048,1,0.502273763687986,NA,0.999995829952732,1,0.551259715000227,0.0042198033581301,NA,1,1,"S6","main",500,70,0.500915658514495,73.8642368095672,0,0.4,0.3,"none",0,49,1
0.574086009509973,0.00173843167788032,1,1,0.560007615403149,NA,0.999999999999458,1,0.518062309209926,NA,0.999999785074273,1,0.574028536392367,-0.0554973187941993,NA,1,1,"S6","main",500,70,0.500915658514495,78.7601924287919,0,0.4,0.3,"none",0,50,1
0.564690398718876,0.00261391202861239,1,1,0.5024708357663,NA,0.999999999998776,1,0.45629058288638,NA,0.999997425258335,1,0.520846191746261,0.0121847757532745,NA,1,1,"S6","main",500,70,0.500915658514495,90.1520223060521,0,0.4,0.3,"none",0,51,1
0.569393312571831,0.00732074605193636,1,1,0.595539915874751,NA,1,1,0.549114499934584,NA,0.99999999966727,1,0.594422702969639,0.00401509410068268,NA,1,1,"S6","main",500,70,0.500915658514495,80.7383070245496,0,0.4,0.3,"none",0,52,1
0.571857496299105,0.00679641213275432,1,1,0.469457132592907,NA,0.999999998255959,1,0.42257655588307,NA,0.999869726684385,1,0.456851221152743,0.0212312721233158,NA,1,1,"S6","main",500,70,0.500915658514495,71.3461256019693,0,0.4,0.3,"none",0,53,1
0.583908712062439,-0.0066515659751565,1,1,0.638238590297179,NA,1,1,0.59232785236468,NA,0.999999999988054,1,0.656063378008033,-0.00139349330778528,NA,1,1,"S6","main",500,70,0.500915658514495,86.6384615286364,0,0.4,0.3,"none",0,54,1
0.593659259405019,0.0402619605150401,1,1,0.537013601200895,NA,0.999999993292207,1,0.513784721025688,NA,0.999753645603222,1,0.564211115203649,0.0250336423770238,NA,1,1,"S6","main",500,70,0.500915658514495,51.3688255661486,0,0.4,0.3,"none",0,55,1
0.613641959629014,0.00295101630174754,1,1,0.480957052379788,NA,0.999999999926165,1,0.458325266787634,NA,0.999999170513511,1,0.495088671352921,-0.00925957976720582,NA,1,1,"S6","main",500,70,0.500915658514495,87.1777209652527,0,0.4,0.3,"none",0,56,1
0.562010909738464,-0.00352136288408785,1,1,0.606459192174005,NA,1,1,0.550741097774535,NA,0.999999983550907,1,0.633673618801222,-0.0149707926663922,NA,1,1,"S6","main",500,70,0.500915658514495,77.6787102482456,0,0.4,0.3,"none",0,57,1
0.566581338999037,-0.00765267884750978,1,1,0.467924677115258,NA,0.999999994686657,1,0.414257652131922,NA,0.997588890205294,1,0.451584743691163,-0.0503334443593559,NA,1,1,"S6","main",500,70,0.500915658514495,65.2885001754712,0,0.4,0.3,"none",0,58,1
0.543877941794059,0.00436476346519953,1,1,0.580422141181454,NA,1,1,0.542329151289482,NA,0.999999998890897,1,0.635118653269885,-0.00463279374994031,NA,1,1,"S6","main",500,70,0.500915658514495,84.2996080248257,0,0.4,0.3,"none",0,59,1
0.562622265914121,-0.0112290322746501,1,1,0.548038714192539,NA,0.99999999999989,1,0.504856058106185,NA,0.999998981632833,1,0.587270662812864,-0.0298785710719845,NA,1,1,"S6","main",500,70,0.500915658514495,85.1262814796879,0,0.4,0.3,"none",0,60,1
0.530246027768666,-0.032678195656778,1,1,0.557944243775803,NA,0.999999999999989,1,0.52669398446928,NA,0.999999977039157,1,0.573290442030733,-0.0967296461763833,NA,1,1,"S6","main",500,70,0.500915658514495,79.7249766029146,0,0.4,0.3,"none",0,61,1
0.512499507445105,0.0108474496619815,1,1,0.442789612542668,NA,0.999999999253026,1,0.386353920319127,NA,0.999782517778276,1,0.497501318787573,-0.0270492996086813,NA,1,1,"S6","main",500,70,0.500915658514495,80.7061682084497,0,0.4,0.3,"none",0,62,1
0.591847602815336,-0.00978278494674159,1,1,0.595837841928237,NA,1,1,0.56486932119279,NA,0.999999999736399,1,0.659256391299341,-0.0170513589797648,NA,1,1,"S6","main",500,70,0.500915658514495,81.790088883551,0,0.4,0.3,"none",0,63,1
0.558851677268339,-0.0267218758908762,1,1,0.528912618879161,NA,1,1,0.474170697643524,NA,0.999999992711493,1,0.536421394991885,-0.0303424825121788,NA,1,1,"S6","main",500,70,0.500915658514495,87.3311707147552,0,0.4,0.3,"none",0,64,1
0.563573216369155,0.0410952122358711,1,1,0.547520991102234,NA,0.999999999999997,1,0.570336933794255,NA,0.999999999996528,1,0.58408168228599,0.056844440815058,NA,1,1,"S6","main",500,70,0.500915658514495,88.1153323114953,0,0.4,0.3,"none",0,65,1
0.568688150918053,0.0112398429866576,1,1,0.562312069314002,NA,0.999999999999879,1,0.535702445427447,NA,0.999998856212715,1,0.632365807909126,0.054356787039967,NA,1,1,"S6","main",500,70,0.500915658514495,69.897104430055,0,0.4,0.3,"none",0,66,1
0.611398076631315,0.000455514534277947,1,1,0.546272588270833,NA,0.999999999999447,1,0.498580534260444,NA,0.99999975860364,1,0.52866775243065,0.0484815146133875,NA,1,1,"S6","main",500,70,0.500915658514495,77.4338431731762,0,0.4,0.3,"none",0,67,1
0.55472050906811,0.00906200606857885,1,1,0.543909343458228,NA,0.999999999999966,1,0.529634095188753,NA,0.999999988714277,1,0.574098891976122,0.0318180394762059,NA,1,1,"S6","main",500,70,0.500915658514495,81.2576816656934,0,0.4,0.3,"none",0,68,1
0.583012568367748,-0.00155821724461547,1,1,0.524251182428061,NA,0.999999999999935,1,0.505926055619022,NA,0.999999964408547,1,0.614196031497453,-0.0280609730232671,NA,1,1,"S6","main",500,70,0.500915658514495,86.912697113667,0,0.4,0.3,"none",0,69,1
0.560514402706205,0.0074929944474108,1,1,0.444882378751913,NA,0.999999998965818,1,0.431034227821911,NA,0.999979499922467,1,0.432448530977674,0.025495728074948,NA,1,1,"S6","main",500,70,0.500915658514495,92.6196142908813,0,0.4,0.3,"none",0,70,1
0.559520823359242,0.0183243690482854,1,1,0.566369065742706,NA,0.999999999999998,1,0.540028902930409,NA,0.999999965790552,1,0.558194560333503,0.0767980312225012,NA,1,1,"S6","main",500,70,0.500915658514495,78.5701249386656,0,0.4,0.3,"none",0,71,1
0.5651335750471,-0.035649773151051,1,1,0.521599118423193,NA,0.999999999998721,1,0.480793673242447,NA,0.99998281603308,1,0.538403478503381,-0.0259337540264649,NA,1,1,"S6","main",500,70,0.500915658514495,75.6230732596171,0,0.4,0.3,"none",0,72,1
0.553996582611396,0.0043758838404178,1,1,0.541186769153815,NA,0.999999999998988,1,0.47328209953135,NA,0.999994406929979,1,0.594087376099666,-0.0797981392015421,NA,1,1,"S6","main",500,70,0.500915658514495,73.9223174973018,0,0.4,0.3,"none",0,73,1
0.531500899335902,-0.00799719122072821,1,1,0.47392142339142,NA,0.999999999978338,1,0.407850402036013,NA,0.99989069627954,1,0.538469926119443,-0.12188666343978,NA,1,1,"S6","main",500,70,0.500915658514495,88.8058041734372,0,0.4,0.3,"none",0,74,1
0.645413571520802,-0.0215334092577057,1,1,0.678912454307873,NA,1,1,0.618034760303702,NA,0.999999999119731,1,0.742636422347418,0.00591279645427738,NA,1,1,"S6","main",500,70,0.500915658514495,80.7846983378587,0,0.4,0.3,"none",0,75,1
0.567237707556505,-0.0370403852590453,1,1,0.536547765768327,NA,0.999999999999987,1,0.491183556751907,NA,0.999999983820189,1,0.573857141045715,-0.0920456628916448,NA,1,1,"S6","main",500,70,0.500915658514495,91.7475293348519,0,0.4,0.3,"none",0,76,1
0.583888749241633,0.00707427167997827,1,1,0.570138717390799,NA,0.999999999999987,1,0.531151553555617,NA,0.99999991892559,1,0.612868079939236,-0.0652013772019653,NA,1,1,"S6","main",500,70,0.500915658514495,86.8329304511678,0,0.4,0.3,"none",0,77,1
0.592306245302417,0.0022294937653049,1,1,0.492487680657558,NA,0.999999999875497,1,0.474043918360173,NA,0.999997056736347,1,0.500667799630196,-0.0541247418944633,NA,1,1,"S6","main",500,70,0.500915658514495,71.5574754186114,0,0.4,0.3,"none",0,78,1
0.55342918454472,-0.00833579755251565,1,1,0.549165189636595,NA,0.99999999999998,1,0.518908854416656,NA,0.999999998151942,1,0.555046890177967,0.0450220603908638,NA,1,1,"S6","main",500,70,0.500915658514495,80.2871153300069,0,0.4,0.3,"none",0,79,1
0.5681640993312,0.000547861915743206,1,1,0.450011104514461,NA,0.999999996540378,1,0.45316026555647,NA,0.999986814245334,1,0.411119066897657,-0.04656342635521,NA,1,1,"S6","main",500,70,0.500915658514495,80.6008464163344,0,0.4,0.3,"none",0,80,1
0.582302873726306,-0.00163528965889518,1,1,0.51455727354301,NA,0.999999999999719,1,0.47809774904768,NA,0.999999121258126,1,0.535533537817864,-0.0763291761122433,NA,1,1,"S6","main",500,70,0.500915658514495,87.5071343129946,0,0.4,0.3,"none",0,81,1
0.572483952866408,0.0010103930647671,1,1,0.536428523308147,NA,0.999999999999998,1,0.549053529417434,NA,0.999999999909792,1,0.570737437639176,0.0423569371680928,NA,1,1,"S6","main",500,70,0.500915658514495,92.7911403017886,0,0.4,0.3,"none",0,82,1
0.531366531364813,-0.0132289212337592,1,1,0.488151060113617,NA,0.999999999980804,1,0.378895135119358,NA,0.99850219112835,1,0.552280426406818,-0.0777606431537007,NA,1,1,"S6","main",500,70,0.500915658514495,83.7819410504666,0,0.4,0.3,"none",0,83,1
0.574056136299373,0.0252827303428245,1,1,0.565787789114347,NA,0.999999999999993,1,0.520975802544543,NA,0.999999982931237,1,0.591525163459276,0.0408375530033867,NA,1,1,"S6","main",500,70,0.500915658514495,69.2969283343125,0,0.4,0.3,"none",0,84,1
0.576215940847611,-0.00369450434940673,1,1,0.530608395331472,NA,0.99999999998932,1,0.480718735373697,NA,0.99995494840127,1,0.552790809225531,-0.0345206282921681,NA,1,1,"S6","main",500,70,0.500915658514495,68.7704240348197,0,0.4,0.3,"none",0,85,1
0.508148339408531,0.0115914667504771,1,1,0.490945939798354,NA,0.999999999963278,1,0.458456541388661,NA,0.999993548141292,1,0.510212279684843,-0.0567220593692762,NA,1,1,"S6","main",500,70,0.500915658514495,63.284543626394,0,0.4,0.3,"none",0,86,1
0.550167146960851,-0.00276453972254813,1,1,0.550171949676642,NA,1,1,0.537208647696662,NA,0.999999999999911,1,0.550997103186203,-0.000144740745544727,NA,1,1,"S6","main",500,70,0.500915658514495,96.745500527616,0,0.4,0.3,"none",0,87,1
0.559973454291357,-0.000664958821263089,1,1,0.503882936115575,NA,0.999999999808483,1,0.464990491007374,NA,0.999931187790279,1,0.596203962533846,-0.0122825213998029,NA,1,1,"S6","main",500,70,0.500915658514495,67.0796448215935,0,0.4,0.3,"none",0,88,1
0.584005100819423,0.0170528579945123,1,1,0.524514990581694,NA,0.999999999999858,1,0.494414828343622,NA,0.999999998941202,1,0.547271777783115,0.0135625602247759,NA,1,1,"S6","main",500,70,0.500915658514495,84.8535395429447,0,0.4,0.3,"none",0,89,1
0.517537388139347,-0.0277837915710641,1,1,0.482870439392339,NA,0.999999999999961,1,0.442436407413958,NA,0.999999901076412,1,0.482129732136189,0.02365394192066,NA,1,1,"S6","main",500,70,0.500915658514495,103.459388420386,0,0.4,0.3,"none",0,90,1
0.501760306025939,-2.1295049244276e-06,1,1,0.466442745652655,NA,0.999999998905897,1,0.420044090437578,NA,0.99989718176722,1,0.484717726564452,-0.0689822295972135,NA,1,1,"S6","main",500,70,0.500915658514495,69.0021823391447,0,0.4,0.3,"none",0,91,1
0.550712569449617,-0.00348566410931183,1,1,0.430591426124202,NA,0.999999998501254,1,0.362555288930994,NA,0.999280394162308,1,0.452477586931492,0.0869392755137085,NA,1,1,"S6","main",500,70,0.500915658514495,76.2311532641321,0,0.4,0.3,"none",0,92,1
0.592706253942451,0.00764867278437832,1,1,0.560809866808184,NA,0.999999999999996,1,0.518576831993503,NA,0.999999981004765,1,0.5959357519944,-0.0120779923352832,NA,1,1,"S6","main",500,70,0.500915658514495,90.5126933781029,0,0.4,0.3,"none",0,93,1
0.546632549990575,-0.00657574226279367,1,1,0.510424250417534,NA,0.999999999998134,1,0.462835450903092,NA,0.999995987988828,1,0.569599623297761,0.100171900029601,NA,1,1,"S6","main",500,70,0.500915658514495,83.8026175922147,0,0.4,0.3,"none",0,94,1
0.522239258505727,-0.0202816294491495,1,1,0.503562207892285,NA,0.999999999987071,1,0.492411119655759,NA,0.999998282691777,1,0.544905837020516,-0.0284622512420659,NA,1,1,"S6","main",500,70,0.500915658514495,71.4156648963836,0,0.4,0.3,"none",0,95,1
0.586115970038434,-0.0189535257934106,1,1,0.570826071014903,NA,1,1,0.538835030601269,NA,0.999999999168579,1,0.590373316671199,0.0683340409360596,NA,1,1,"S6","main",500,70,0.500915658514495,87.3214936967021,0,0.4,0.3,"none",0,96,1
0.500719172501043,-0.000105663810108226,1,1,0.542896038527964,NA,0.999999999999704,1,0.493397064765766,NA,0.999999117740194,1,0.579523656023174,-0.00339339221140346,NA,1,1,"S6","main",500,70,0.500915658514495,69.9278575438584,0,0.4,0.3,"none",0,97,1
0.544725913211672,0.0100674048854556,1,1,0.511398156313364,NA,0.999999999998804,1,0.470287154495938,NA,0.99999920411798,1,0.534731417610726,0.0749501364673526,NA,1,1,"S6","main",500,70,0.500915658514495,75.7904462260564,0,0.4,0.3,"none",0,98,1
0.568794923614023,-0.0193545775271884,1,1,0.54901042355257,NA,0.999999999999998,1,0.482742633892456,NA,0.999999763948121,1,0.571031986543182,0.015380561934656,NA,1,1,"S6","main",500,70,0.500915658514495,91.4682313680383,0,0.4,0.3,"none",0,99,1
0.588076155575824,-0.00298923410310329,1,1,0.593479989791617,NA,1,1,0.526459982075361,NA,0.999999999871813,1,0.628208639239956,0.0554043591704716,NA,1,1,"S6","main",500,70,0.500915658514495,92.2841540337908,0,0.4,0.3,"none",0,100,1
0.217719985596034,0.0172050432900027,0.999999999999999,1,0.073205679899586,NA,0.710813113790192,0,0.00148687650409678,NA,0.0367106330161539,0,0.003039531529355,-0.00131174492375767,0.00189877588011507,0.0504447236180905,0,"S6","null",1000,70,0.352588811263852,65.3744311763288,0,0.2,0.1,"none",0,1,0
0.205448217533816,0.0076773161007818,0.999999999999849,1,0.0295590416308359,NA,0.364810354119165,0,0.000692665760605722,NA,0.0338395007888938,0,0.0036897994908193,-0.0153513877114071,0.00757633962646606,0.152597989949749,0,"S6","null",1000,70,0.352588811263852,81.0564102454798,0,0.2,0.1,"none",0,2,0
0.194273995704142,-0.00407292925464148,0.999999999997075,1,0.00921957130404782,NA,0.115163173808514,0,-0.00010648981751269,NA,0.0324505247709273,0,-0.00140560285509719,0.0132554719457812,0.00464114163073614,0.126459798994975,0,"S6","null",1000,70,0.352588811263852,78.7889615866903,0,0.2,0.1,"none",0,3,0
0.239784516251748,0.00385458427895624,1,1,0.0736418482133896,NA,0.771405079799249,0,0.00496957602646051,NA,0.0611003325391863,0,0.0113215555168232,-0.000425879027125512,0.00493490025593154,0.11514824120603,0,"S6","null",1000,70,0.352588811263852,86.0202969102881,0,0.2,0.1,"none",0,4,0
0.238929408962725,-0.000760888669297276,1,1,0.0982188891968328,NA,0.905180143539827,0,0.0101872686529,NA,0.103054119713378,0,0.0156651487587027,0.00736973723452505,0.00728902321740259,0.160092964824121,0,"S6","null",1000,70,0.352588811263852,93.2953894442492,0,0.2,0.1,"none",0,5,0
0.1859103773393,-0.0180138505042701,0.99999999999425,1,0.0667746821213018,NA,0.726999113539832,0,0.0107835761245755,NA,0.108860297167457,0,0.0150090343899986,-0.00477443332048207,0.00727913520709048,0.150052763819095,0,"S6","null",1000,70,0.352588811263852,88.9332778382254,0,0.2,0.1,"none",0,6,0
0.219521329340634,0.00700600309909014,1,1,0.114268197570583,NA,0.955618729521717,1,0.0303769178145913,NA,0.242631438988533,0,0.0594010345000199,0.0267616484623877,0.0156467838836986,0.458613065326633,0,"S6","null",1000,70,0.352588811263852,108.215746533304,0,0.2,0.1,"none",0,7,0
0.219687403008812,-0.00230131052345325,0.999999999999958,1,0.0282560913224668,NA,0.333784714985581,0,0.000401473271070877,NA,0.0328406060497806,0,0.00279808596123596,-0.00135103360189961,0.00256273698794462,0.0539422110552764,0,"S6","null",1000,70,0.352588811263852,87.1946693295251,0,0.2,0.1,"none",0,8,0
0.185312362739515,0.0121970353507648,0.9999999999966,1,0.0542953367466986,NA,0.603125499171226,0,0.000813777523830664,NA,0.0340753673776153,0,0.00480218673701534,0.00423494041818465,0.00376442345147894,0.0744346733668342,0,"S6","null",1000,70,0.352588811263852,76.6099931418228,0,0.2,0.1,"none",0,9,0
0.188111898992735,0.0166089835359885,0.999999999999802,1,0.0226126024394245,NA,0.310578089087667,0,0.000875516046179494,NA,0.0352057105719805,0,0.00351763217574928,0.00126017392756751,0.0023321829538268,0.0582587939698492,0,"S6","null",1000,70,0.352588811263852,95.2064077273699,0,0.2,0.1,"none",0,10,0
0.151366566899315,0.0139493521170606,0.999999916086143,1,-0.0723887397095316,NA,0.721864882658423,0,-0.00349679545489297,NA,0.0497724087857416,0,-0.00639747764582105,-0.000723568911336769,0.0036201320928304,0.074321608040201,0,"S6","null",1000,70,0.352588811263852,73.6873207489757,0,0.2,0.1,"none",0,11,0
0.234560272424009,0.0108568348649125,1,1,0.0900887687984603,NA,0.855601365260622,0,0.0143809359028056,NA,0.128300778324822,0,0.005542361182724,0.00149048546506479,0.00296526017907578,0.0750879396984925,0,"S6","null",1000,70,0.352588811263852,82.8145877209596,0,0.2,0.1,"none",0,12,0
0.197916212116538,-0.0296317060727857,0.999999999999663,1,0.0214468193212224,NA,0.259426295555573,0,0.00253287063681058,NA,0.0453403064022833,0,1.86488951913592e-05,0.00119454258980987,0.00170340217894143,0.0426130653266332,0,"S6","null",1000,70,0.352588811263852,75.4158304903411,0,0.2,0.1,"none",0,13,0
0.198052881424786,-0.0136251256904724,0.999999999996854,1,0.0634987202096683,NA,0.704948012337964,0,0.00245509762567758,NA,0.044165607284113,0,0.0240726259809862,-0.00658960427733897,0.00940991926691348,0.204206030150754,0,"S6","null",1000,70,0.352588811263852,91.7290726453584,0,0.2,0.1,"none",0,14,0
0.223243218065746,0.0352506628459209,1,1,0.0591937951613657,NA,0.6966032237327,0,0.00202276334872503,NA,0.0419710165093632,0,0.0154984563075376,0.0053540104784657,0.00712647132834901,0.15235175879397,0,"S6","null",1000,70,0.352588811263852,81.0454553191926,0,0.2,0.1,"none",0,15,0
0.208932751601937,0.0136970561326878,0.999999999999996,1,0.0452071231676113,NA,0.544043180808647,0,0.00206427093750197,NA,0.0423266272862321,0,0.0108181054134985,-0.016931946662318,0.00839867300443712,0.186613065326633,0,"S6","null",1000,70,0.352588811263852,78.6663554667635,0,0.2,0.1,"none",0,16,0
0.173256490426386,-0.0249657467355424,0.99999999972663,1,-0.0274502802361212,NA,0.340928224019053,0,0.000628066452582593,NA,0.033797872536478,0,-0.00260616849783269,-0.00128558227686116,0.00282809285876455,0.0515376884422111,0,"S6","null",1000,70,0.352588811263852,87.1985863211759,0,0.2,0.1,"none",0,17,0
0.198187612452197,-0.00264652793992906,0.999999999999871,1,0.142373418505811,NA,0.98225866659273,1,0.0149060590781667,NA,0.127782675205615,0,0.130044015114096,-0.0206605029415847,0.019066840151994,0.732391959798995,1,"S6","null",1000,70,0.352588811263852,80.2225302834541,0,0.2,0.1,"none",0,18,0
0.202560428738678,-0.0182559657862735,0.999999999999992,1,0.0148964768183467,NA,0.188606522592601,0,0.00123518034622413,NA,0.0368834491811683,0,0.000334652693180498,-0.000462782125195444,0.00180107107078892,0.0363341708542714,0,"S6","null",1000,70,0.352588811263852,78.4422957121566,0,0.2,0.1,"none",0,19,0
0.205491118247845,-0.0170942163664636,0.999999999999873,1,0.0587410512044568,NA,0.64031056921778,0,0.00349303889373265,NA,0.0513429836842434,0,0.00981331145305278,-0.00899289501714606,0.0053928659823103,0.13393216080402,0,"S6","null",1000,70,0.352588811263852,80.472064242845,0,0.2,0.1,"none",0,20,0
0.204448849809037,-0.00128452571706449,0.999999999999978,1,0.0138130939428948,NA,0.18230268677273,0,-0.000264047265927602,NA,0.0326599888948211,0,-0.000721941686337517,0.00162601347731866,0.00195915414381153,0.0399874371859296,0,"S6","null",1000,70,0.352588811263852,84.6276660676131,0,0.2,0.1,"none",0,21,0
0.187517819707628,-0.00386070320942275,0.999999999941406,1,0.049156920942864,NA,0.543222518034155,0,0.00378910347790134,NA,0.0529821033081271,0,0.0144938533132391,-0.0131601686089762,0.0060897007725099,0.165597989949749,0,"S6","null",1000,70,0.352588811263852,74.4286492281852,0,0.2,0.1,"none",0,22,0
0.206566067066297,-0.00557294395246628,0.999999999999985,1,0.0442198041091572,NA,0.47963327165376,0,0.00193348448968592,NA,0.0399969654663819,0,0.00338553236794895,0.00312702504817847,0.00405212643867821,0.0706281407035176,0,"S6","null",1000,70,0.352588811263852,65.0115479789729,0,0.2,0.1,"none",0,23,0
0.17839427324414,0.0197973059601894,0.999999999049826,1,-0.0317050996098856,NA,0.365959286899814,0,0.000270914470729827,NA,0.0326217215246806,0,-0.0093035976950995,0.00730524737484065,0.00540709826340215,0.118459798994975,0,"S6","null",1000,70,0.352588811263852,76.9169389530731,0,0.2,0.1,"none",0,24,0
0.235052379586695,-0.0224387472254597,1,1,0.0789960819831211,NA,0.841084250348794,0,0.00690220266524932,NA,0.083553128431037,0,0.0086687421439559,-0.00639984724505735,0.00584508415839392,0.119052763819095,0,"S6","null",1000,70,0.352588811263852,101.058931099243,0,0.2,0.1,"none",0,25,0
0.194357125864729,0.0174144586743664,0.999999999999935,1,0.0530591288672117,NA,0.663392745902377,0,0.00147361921587843,NA,0.0390385899665678,0,0.00466555607362634,0.00103211448439713,0.003044716575476,0.0689623115577889,0,"S6","null",1000,70,0.352588811263852,104.313480232229,0,0.2,0.1,"none",0,26,0
0.203756533370441,-0.00635254192359736,0.999999999999984,1,0.119351193176222,NA,0.952986900430662,1,0.0129916911359482,NA,0.11902253688496,0,0.0220908332728628,-0.00013087983209547,0.00756440580264715,0.184178391959799,0,"S6","null",1000,70,0.352588811263852,85.246934658265,0,0.2,0.1,"none",0,27,0
0.256423349642519,0.0126929783531491,1,1,0.1003738650262,NA,0.886014769578431,0,0.00456438482312065,NA,0.0587065386592689,0,0.0153417698382563,0.00668320514767216,0.00690442633086553,0.148281407035176,0,"S6","null",1000,70,0.352588811263852,86.0407644638913,0,0.2,0.1,"none",0,28,0
0.209406205417167,-0.0143040622497226,0.999999999999999,1,0.0985175811879671,NA,0.876432271804558,0,0.0055633053004377,NA,0.0647829791180673,0,0.0246942443183592,0.00304989257416824,0.00816939120980799,0.194268844221106,0,"S6","null",1000,70,0.352588811263852,74.9088880888334,0,0.2,0.1,"none",0,29,0
0.193402336037794,0.00865412274254275,0.999999999999664,1,0.0625903895311188,NA,0.668515410991903,0,0.00609217455326577,NA,0.068862950785845,0,0.00343906625026781,-0.00217640959280478,0.00343970555531948,0.0654447236180905,0,"S6","null",1000,70,0.352588811263852,71.9151959204782,0,0.2,0.1,"none",0,30,0
0.179602682839089,0.0170335159940956,0.999999999912755,1,0.0176430993552933,NA,0.229817424552877,0,0.000309007297409996,NA,0.032725901371837,0,0.00376633855843886,0.0018869027273274,0.00269657822149085,0.0612462311557789,0,"S6","null",1000,70,0.352588811263852,87.4737576683835,0,0.2,0.1,"none",0,31,0
0.193900592781947,-0.0182413742390854,0.999999999999851,1,0.114665863019192,NA,0.964338272257622,1,0.0112127348144391,NA,0.112156712956543,0,0.129197621359909,-0.064289764247809,0.0141825095837482,0.845108040201005,1,"S6","null",1000,70,0.352588811263852,110.784881827259,0,0.2,0.1,"none",0,32,0
0.229784522185217,0.00282253798459527,1,1,0.120870344589415,NA,0.961816405588645,1,0.00764080006050602,NA,0.083478876959936,0,0.087326768194094,-0.046052312397629,0.016440408236421,0.651278894472362,1,"S6","null",1000,70,0.352588811263852,88.7552677749267,0,0.2,0.1,"none",0,33,0
0.23498710501819,-0.00698172701643565,1,1,0.0936503124245067,NA,0.884788211347886,0,0.0051182442951882,NA,0.0639550524415466,0,0.028516456364783,-0.00129056567917066,0.0071749723442811,0.227477386934673,0,"S6","null",1000,70,0.352588811263852,95.288498917061,0,0.2,0.1,"none",0,34,0
0.218304035203568,0.00225768255168985,0.999999999999981,1,0.0517571085841989,NA,0.589350420085589,0,0.00143266468964765,NA,0.0377395293548355,0,0.00359340862243834,-0.00983086695666188,0.00590558026023563,0.106103015075377,0,"S6","null",1000,70,0.352588811263852,83.0831645646667,0,0.2,0.1,"none",0,35,0
0.178541122888285,0.00426421177622104,0.999999999989553,1,0.0288737511817978,NA,0.376839184486273,0,0.000724839255904079,NA,0.0340227388318903,0,0.00302811603590965,0.000199580894980057,0.00268856275941863,0.0525603015075377,0,"S6","null",1000,70,0.352588811263852,82.9842472354439,0,0.2,0.1,"none",0,36,0
0.206895159254443,0.0265016932744178,0.999999999999843,1,0.0348901226814362,NA,0.426180816810256,0,0.0032500100502182,NA,0.0508083978154899,0,0.00311402652773634,0.00251193432657606,0.00217265284565448,0.0609120603015075,0,"S6","null",1000,70,0.352588811263852,89.4158588886882,0,0.2,0.1,"none",0,37,0
0.172990505964506,-0.0176674623144636,0.99999999998866,1,0.00441503356448038,NA,0.0618341197356758,0,-0.000253921149321031,NA,0.0326476458688638,0,0.000393090908616043,-0.000852246824129907,0.00180252620866303,0.0390653266331658,0,"S6","null",1000,70,0.352588811263852,91.1232192386269,0,0.2,0.1,"none",0,38,0
0.20899817584383,0.00492623434967838,0.99999999999991,1,0.0380875640626854,NA,0.433806091402546,0,0.00245734376543225,NA,0.0435460797652497,0,0.00228240558806285,0.00103555910678097,0.0017645191570544,0.0488618090452261,0,"S6","null",1000,70,0.352588811263852,73.9644921194007,0,0.2,0.1,"none",0,39,0
0.200343440357339,-0.019495484375534,0.999999999999996,1,0.0236790208504218,NA,0.320016285844963,0,0.00135871795445916,NA,0.0381538397096597,0,0.00161091119107802,-0.000158933340853991,0.00199391492929296,0.0438040201005025,0,"S6","null",1000,70,0.352588811263852,93.6542873288821,0,0.2,0.1,"none",0,40,0
0.230030741411801,-0.00217855686036655,0.999999999999999,1,0.144282110055019,NA,0.963634721994226,1,0.0148539315070984,NA,0.115538221039174,0,0.0406140189079418,-0.0102972821078405,0.0125393985687802,0.283052763819095,0,"S6","null",1000,70,0.352588811263852,70.5508236968432,0,0.2,0.1,"none",0,41,0
0.187639190509216,-0.00155426634922639,0.999999999999714,1,0.0904205259888767,NA,0.903750261032457,0,0.00389023163624079,NA,0.0572373873783158,0,0.0567382150887701,-0.0291874637247826,0.0140855509001073,0.459188442211055,0,"S6","null",1000,70,0.352588811263852,101.984891170881,0,0.2,0.1,"none",0,42,0
0.153769971705499,-0.0210480026829062,0.999999996800185,1,0.0191314489400147,NA,0.265235377099651,0,0.00067682185868393,NA,0.0342437930772911,0,-0.00103035052922938,-0.00132829650959115,0.00225168399615657,0.0418015075376884,0,"S6","null",1000,70,0.352588811263852,88.4909304732845,0,0.2,0.1,"none",0,43,0
0.209622699361205,-0.0191318859002761,0.999999999998951,1,0.127428480319807,NA,0.950515717465733,1,0.0111947363297111,NA,0.101367772188502,0,0.0798965942688198,-0.0331651602834582,0.0178172167951625,0.504922110552764,1,"S6","null",1000,70,0.352588811263852,85.1966388933154,0,0.2,0.1,"none",0,44,0
0.195067676026653,0.00530309919067165,0.99999999999943,1,0.0829601715949544,NA,0.827869815184797,0,0.00633906185834362,NA,0.0730017788640431,0,0.00829796413043547,-4.23254562311877e-05,0.00433724206128693,0.0921130653266332,0,"S6","null",1000,70,0.352588811263852,82.7785338914538,0,0.2,0.1,"none",0,45,0
0.22082771452843,-0.0168837206047996,0.999999999999999,1,0.126229829861938,NA,0.96246664559936,1,0.0156955062029419,NA,0.132415986200279,0,0.124679737238361,-0.0406436627494155,0.0194147818354093,0.741371859296482,1,"S6","null",1000,70,0.352588811263852,91.0479975259957,0,0.2,0.1,"none",0,46,0
0.241687038397216,0.0037738980033538,1,1,0.0802631919863822,NA,0.792606091290717,0,0.00409673254373151,NA,0.0551118884890967,0,0.0180283241146887,-0.00534083196869974,0.00708161359878443,0.163811557788945,0,"S6","null",1000,70,0.352588811263852,83.8425399158379,0,0.2,0.1,"none",0,47,0
0.202000641654657,0.013943992745618,0.999999999999974,1,0.0518361157734718,NA,0.59564573984995,0,0.00203013716589954,NA,0.0420111766151161,0,0.00417174444267982,0.00670758769837111,0.00362836866727899,0.0892110552763819,0,"S6","null",1000,70,0.352588811263852,83.2195801203834,0,0.2,0.1,"none",0,48,0
0.221077139589108,-0.0353087436124683,0.999999999999999,1,0.0193455867134687,NA,0.237691818613777,0,6.22888927817829e-05,NA,0.0324267038750904,0,0.00165259500718572,-0.00632588767991903,0.00426693755629752,0.0776231155778895,0,"S6","null",1000,70,0.352588811263852,84.1384404475693,0,0.2,0.1,"none",0,49,0
0.19981658060848,-0.0248886628971725,0.999999999999999,1,0.0818391191493314,NA,0.844065475448374,0,0.00768885872531982,NA,0.0882300396450016,0,0.00936459053594461,-0.00387449288243438,0.00502842998736238,0.110381909547739,0,"S6","null",1000,70,0.352588811263852,85.2437713559326,0,0.2,0.1,"none",0,50,0
0.210911307855668,-0.0144326357299012,0.999999999999691,1,0.0328580777109132,NA,0.379722792951077,0,0.0010837424258661,NA,0.0352663284202864,0,0.00139175483136156,-0.000393695778161335,0.00184417755388888,0.0441507537688442,0,"S6","null",1000,70,0.352588811263852,80.2736850357083,0,0.2,0.1,"none",0,51,0
0.173305093315548,-0.000463118885785123,0.999999999736016,1,-7.95147977655319e-05,NA,0.00107184304466579,0,-0.000320206895816525,NA,0.0327862777947708,0,0.00086251838318003,-0.000492509945241121,0.00176282815486001,0.0355904522613065,0,"S6","null",1000,70,0.352588811263852,92.239695175964,0,0.2,0.1,"none",0,52,0
0.211186609299906,0.00818817487457474,0.999999999999962,1,0.102893176018201,NA,0.863556389797596,0,0.00982805183146621,NA,0.0868742772185807,0,0.00870101126854512,0.00461064484933059,0.00508523025299931,0.101663316582915,0,"S6","null",1000,70,0.352588811263852,65.446717519057,0,0.2,0.1,"none",0,53,0
0.217392214166292,-0.0180581972616978,0.999999999999997,1,0.0461390548355381,NA,0.538504031506389,0,0.00195621503820896,NA,0.0412705186658976,0,0.00874789012551841,0.00385480393075944,0.00406233514937038,0.10421608040201,0,"S6","null",1000,70,0.352588811263852,88.1405233274559,0,0.2,0.1,"none",0,54,0
0.193476437643719,0.00899208309698606,0.999999999999212,1,-0.00798624692198374,NA,0.101135084200026,0,-0.000256081231285557,NA,0.03262167965545,0,0.000308353194948376,0.00154255978451086,0.00222521786164081,0.0436884422110553,0,"S6","null",1000,70,0.352588811263852,79.591153776539,0,0.2,0.1,"none",0,55,0
0.202955672102356,-0.000978625348748523,0.999999999999998,1,0.076937689388337,NA,0.827688559502452,0,0.00164546426914366,NA,0.0396435866456579,0,0.0147398920405798,-0.00307048782264844,0.00708992711521243,0.14727135678392,0,"S6","null",1000,70,0.352588811263852,89.9139205797274,0,0.2,0.1,"none",0,56,0
0.134397681847232,0.0166542369367166,0.999999476877363,1,-0.0202391104065135,NA,0.24606869278951,0,-0.000154300483956755,NA,0.0324881357703905,0,4.45475145166348e-07,0.00479397980533929,0.0033541798827607,0.0778165829145729,0,"S6","null",1000,70,0.352588811263852,75.527558460242,0,0.2,0.1,"none",0,57,0
0.219160722622537,0.0207923087137344,1,1,0.0677043106986417,NA,0.763249418196889,0,0.00941609175148519,NA,0.1016242354244,0,0.00806886925835166,0.00406045110624258,0.00415737702334502,0.100613065326633,0,"S6","null",1000,70,0.352588811263852,86.8241499155409,0,0.2,0.1,"none",0,58,0
0.169745460356861,0.0290131652474692,0.999999999917561,1,0.0136937147638863,NA,0.196230020034847,0,0.00060895505382216,NA,0.0340256412172378,0,0.000549492882242205,0.00318661001124933,0.00253915735160639,0.0570577889447236,0,"S6","null",1000,70,0.352588811263852,105.726568404622,0,0.2,0.1,"none",0,59,0
0.223802772586679,-0.0310697037027526,1,1,0.107615841550775,NA,0.931036660024537,0,0.00395822689536991,NA,0.0567591900749497,0,0.058620326071999,-0.0224870938255663,0.012186838961406,0.427095477386935,0,"S6","null",1000,70,0.352588811263852,93.3423985396528,0,0.2,0.1,"none",0,60,0
0.198700524844511,0.00117007967700199,0.999999999999871,1,0.0142345495556403,NA,0.180827984588003,0,0.000587706574442906,NA,0.0334725681168539,0,-0.000178733549200021,-0.00306612631457186,0.00260416650192246,0.0559472361809045,0,"S6","null",1000,70,0.352588811263852,79.3884548869779,0,0.2,0.1,"none",0,61,0
0.188954655714445,-0.0080606453561578,0.999999999999375,1,0.0496171144053224,NA,0.609463125459604,0,0.00207143712455509,NA,0.0428522169491098,0,0.00277613620088113,0.000815005783257547,0.00273636084005908,0.0541608040201005,0,"S6","null",1000,70,0.352588811263852,95.4983139858645,0,0.2,0.1,"none",0,62,0
0.134234277940317,-0.000998490867720594,0.999996619972374,1,0.0262854709488683,NA,0.350193596182855,0,-0.000402746845042673,NA,0.0330259729448455,0,0.00185131619258887,-0.00211047107834116,0.00242850545257799,0.0484874371859296,0,"S6","null",1000,70,0.352588811263852,97.5891059630426,0,0.2,0.1,"none",0,63,0
0.189662121775619,-0.00584693324266279,0.999999999999626,1,0.0741865433163778,NA,0.831580963296369,0,0.001898379629545,NA,0.0433136724990478,0,0.0339039997144586,-0.00905900047709755,0.0143303323582084,0.297211055276382,0,"S6","null",1000,70,0.352588811263852,104.748906152239,0,0.2,0.1,"none",0,64,0
0.241138287179455,0.00762761621797006,1,1,0.0726922516291525,NA,0.796493351045689,0,0.00374946929307065,NA,0.0561990369280035,0,0.0214895056663419,-0.020754070847659,0.00934149499169272,0.253527638190955,0,"S6","null",1000,70,0.352588811263852,81.9580147168809,0,0.2,0.1,"none",0,65,0
0.175694627386826,-1.70193427791726e-05,0.99999999975515,1,0.00157636496292256,NA,0.0201226675307241,0,0.000461334938890512,NA,0.0330885510866667,0,-0.000586552706279704,-0.00233867027541223,0.00182443976923467,0.0475251256281407,0,"S6","null",1000,70,0.352588811263852,81.8377091351575,0,0.2,0.1,"none",0,66,0
0.202671550342711,-0.0316187018804464,0.999999999999994,1,0.0455224769317941,NA,0.56378146683654,0,0.00191758735623346,NA,0.0419064505800676,0,0.00554391738381237,-0.00129512640574495,0.0032866362199997,0.0764422110552764,0,"S6","null",1000,70,0.352588811263852,93.147638470293,0,0.2,0.1,"none",0,67,0
0.246758829148511,0.0125412773000329,1,1,0.0828149515084903,NA,0.827835054385078,0,0.00657860928431254,NA,0.0752262253741274,0,0.00918306806813045,0.00224833878307522,0.00455608858463112,0.101246231155779,0,"S6","null",1000,70,0.352588811263852,84.2305204400494,0,0.2,0.1,"none",0,68,0
0.215154243402333,0.0098094267599393,1,1,0.112792824903331,NA,0.943096512692125,0,0.0043080846900685,NA,0.0589550567678786,0,0.0697611106967641,0.0129011240836332,0.0138620370786699,0.457097989949749,0,"S6","null",1000,70,0.352588811263852,83.8972270467963,0,0.2,0.1,"none",0,69,0
0.226165889352589,0.0025682778787337,0.999999999999996,1,0.068079077203207,NA,0.661922048259385,0,0.00247988426300852,NA,0.0423064199391266,0,0.00244619526911766,-0.000933625962454023,0.00192618836102079,0.0467889447236181,0,"S6","null",1000,70,0.352588811263852,63.5524356044139,0,0.2,0.1,"none",0,70,0
0.165533221231456,0.00541391191113225,0.99999999948847,1,-0.024905483576389,NA,0.323578552177318,0,-0.00027203132466307,NA,0.0326900091738214,0,-0.0100426254756455,-0.00541292404822256,0.00499791302238981,0.119809045226131,0,"S6","null",1000,70,0.352588811263852,94.6931478365156,0,0.2,0.1,"none",0,71,0
0.199142642128829,-0.0312606086040542,0.999999999999886,1,0.0752607328030793,NA,0.797238112983776,0,0.00519190651193799,NA,0.0664635212719864,0,0.0749371427898925,-0.0315572382837154,0.0176105518105408,0.520190954773869,1,"S6","null",1000,70,0.352588811263852,96.5557134408184,0,0.2,0.1,"none",0,72,0
0.200326715953493,-0.00192452996021544,0.999999999999956,1,-0.0206588516754927,NA,0.249622797378173,0,-0.000660249277583085,NA,0.0335275024772441,0,-0.0049494442480405,0.00357065826617925,0.00343348594292954,0.0759748743718593,0,"S6","null",1000,70,0.352588811263852,72.5354219614154,0,0.2,0.1,"none",0,73,0
0.215156024133035,-0.00276896724698726,0.999999999999986,1,0.0428897342025341,NA,0.501732038106931,0,0.00267875456843609,NA,0.0458789397568633,0,0.00399827372428405,0.00146690977239442,0.00318749689388905,0.0626683417085427,0,"S6","null",1000,70,0.352588811263852,75.7268620359429,0,0.2,0.1,"none",0,74,0
0.197220574597952,0.027048204151481,0.999999999999982,1,0.0529395391438716,NA,0.624634024954428,0,0.00143651135186388,NA,0.0377588803805169,0,0.00330711615577879,-0.000290740309666097,0.00232797897443341,0.0493442211055276,0,"S6","null",1000,70,0.352588811263852,85.1829609710638,0,0.2,0.1,"none",0,75,0
0.192440204075908,-0.0117758580024001,0.999999999999929,1,0.0630869712537434,NA,0.705586986282614,0,0.00270868992518603,NA,0.0468850084477608,0,0.00319594150317863,-0.00119982320311488,0.00334011643953958,0.058070351758794,0,"S6","null",1000,70,0.352588811263852,77.0533646531586,0,0.2,0.1,"none",0,76,0
0.194568272854607,-0.00829689888349214,0.999999999999891,1,-0.0155290447924209,NA,0.19882383804226,0,0.000170765785293286,NA,0.0325087048128923,0,-0.00946800162617357,0.00441441971183256,0.00344410710361926,0.107680904522613,0,"S6","null",1000,70,0.352588811263852,71.8541363951685,0,0.2,0.1,"none",0,77,0
0.19390085096931,-0.0184819269002132,0.999999999999774,1,0.055730987796706,NA,0.642623459105438,0,0.00207003954333074,NA,0.0418942678358173,0,0.000357615274719297,0.00100331424175859,0.00187119305249189,0.0407613065326633,0,"S6","null",1000,70,0.352588811263852,90.5611782295975,0,0.2,0.1,"none",0,78,0
0.181916839046062,-0.020101407669331,0.99999999999719,1,0.101248002443544,NA,0.905510330746022,0,0.00718554212941792,NA,0.0791861435520386,0,0.0337943560309983,-0.00469395556739068,0.0114308625343252,0.257525125628141,0,"S6","null",1000,70,0.352588811263852,87.2856974674598,0,0.2,0.1,"none",0,79,0
0.208089887185855,0.0222535330380546,0.999999999999997,1,0.0539118516668838,NA,0.634390280394915,0,0.00481597171051268,NA,0.062415303116187,0,0.00744999345590533,0.00367520802346186,0.00357608938949641,0.0984874371859296,0,"S6","null",1000,70,0.352588811263852,91.7494656487965,0,0.2,0.1,"none",0,80,0
0.247774338555605,0.00831748773909897,1,1,0.181322973179536,NA,0.995110920441959,1,0.0647065814503225,NA,0.382184055073603,0,0.178650824684982,-0.0920470192028485,0.0101440463150486,0.939145728643216,1,"S6","null",1000,70,0.352588811263852,81.122310539547,0,0.2,0.1,"none",0,81,0
0.226803246405066,-0.00686530992875849,1,1,0.123604958263873,NA,0.941108376149844,0,0.00618640090020536,NA,0.0664194726601874,0,0.110399936910113,-0.0582103645395225,0.0147041232211515,0.694314070351759,1,"S6","null",1000,70,0.352588811263852,75.2845004208729,0,0.2,0.1,"none",0,82,0
0.19665219920858,9.23998688664437e-05,0.999999999999945,1,0.0362637692395252,NA,0.453039319192816,0,0.00108688725665787,NA,0.0358356977307635,0,0.00515106022580502,-0.00544182460911188,0.0044494871562096,0.088178391959799,0,"S6","null",1000,70,0.352588811263852,78.5371803974848,0,0.2,0.1,"none",0,83,0
0.184126834386964,-0.00438952632663721,0.99999999995121,1,0.0507179662097513,NA,0.575133765120644,0,0.000863894557652925,NA,0.0343078706571673,0,0.0149191908109123,-0.033942201875106,0.0118852603864182,0.303005025125628,0,"S6","null",1000,70,0.352588811263852,79.9247905262805,0,0.2,0.1,"none",0,84,0
0.239038114560741,-0.00991289821963388,1,1,0.086852955168139,NA,0.857155597450199,0,0.00788970908974589,NA,0.0859205362771432,0,0.00923432331008278,-0.00577973147842254,0.0051488842180877,0.119082914572864,0,"S6","null",1000,70,0.352588811263852,89.1343010686773,0,0.2,0.1,"none",0,85,0
0.205650047466574,0.0154321565563048,0.999999999999996,1,0.120858526247714,NA,0.93481473432351,0,0.00550645121450765,NA,0.0624330903591619,0,0.0331654992853344,0.0071877098894226,0.00888735668075009,0.241469849246231,0,"S6","null",1000,70,0.352588811263852,69.1183825796939,0,0.2,0.1,"none",0,86,0
0.180322987948288,0.0124580621503582,0.999999999998663,1,0.066013578604538,NA,0.763757935246123,0,0.00269355357793984,NA,0.0478692968146686,0,0.00846077911064966,0.00340167019632279,0.00577602856242734,0.0977336683417085,0,"S6","null",1000,70,0.352588811263852,93.5226466862511,0,0.2,0.1,"none",0,87,0
0.144892074554596,0.0174624691948542,0.999999967030254,1,-0.0274785777152836,NA,0.364123873406366,0,-0.000546162815017721,NA,0.0335335554210781,0,-0.00183679190135367,0.00290859965940087,0.00250973406900638,0.0567587939698492,0,"S6","null",1000,70,0.352588811263852,97.4271679057993,0,0.2,0.1,"none",0,88,0
0.199181829714844,0.00887696171006128,0.999999999998898,1,0.0774916596877764,NA,0.771261728467096,0,0.0042991524449813,NA,0.0560626758806916,0,0.0115063871827445,-0.00231272840325446,0.00587214428697534,0.115170854271357,0,"S6","null",1000,70,0.352588811263852,79.8188470533604,0,0.2,0.1,"none",0,89,0
0.212569326905465,-0.00050060970708942,0.999999999999994,1,0.0807394377628003,NA,0.820472132309791,0,0.00370654527092172,NA,0.0539294634028214,0,0.0273631187761046,-0.0130194656891287,0.0114040310996972,0.242992462311558,0,"S6","null",1000,70,0.352588811263852,91.0519239071924,0,0.2,0.1,"none",0,90,0
0.204039907592214,-0.00424046967882003,0.999999999999913,1,0.0191908589225238,NA,0.256647230401765,0,0.00072844367896955,NA,0.0341190461504146,0,0.00134368291237952,0.00202927899042405,0.00218939899818124,0.0507185929648241,0,"S6","null",1000,70,0.352588811263852,94.0128442479161,0,0.2,0.1,"none",0,91,0
0.219567652167684,-0.013524519887143,0.999999999999999,1,0.0184269525404319,NA,0.232570924411913,0,0.0012499565105921,NA,0.0367206355405002,0,0.000813075476889404,-0.000458760817140152,0.00225353374951875,0.0394547738693467,0,"S6","null",1000,70,0.352588811263852,85.5007308364682,0,0.2,0.1,"none",0,92,0
0.209802424274946,0.0163370396852551,0.999999999999993,1,0.103784585411544,NA,0.890931576379455,0,0.0102771428109342,NA,0.0933065346513018,0,0.00700310170501387,8.6182157957194e-05,0.00274971612393646,0.0754522613065327,0,"S6","null",1000,70,0.352588811263852,69.9254917206425,0,0.2,0.1,"none",0,93,0
0.226491516703217,0.0138138813188689,1,1,0.115338495870149,NA,0.936337709450348,0,0.00905049758399522,NA,0.0896205560228086,0,0.106993413219391,-0.0306745159577218,0.0184008006453063,0.633417085427136,1,"S6","null",1000,70,0.352588811263852,81.405998218581,0,0.2,0.1,"none",0,94,0
0.234364875048513,0.00886062458986252,1,1,0.100683619160148,NA,0.910795725482327,0,0.0150899808208987,NA,0.136177983416131,0,0.0100154193281932,-0.00246327254496996,0.00607286748170232,0.116140703517588,0,"S6","null",1000,70,0.352588811263852,90.3625884955401,0,0.2,0.1,"none",0,95,0
0.189274248492467,0.013194562914801,0.999999999999331,1,0.0328084714069639,NA,0.386020748891607,0,0.00144134650707573,NA,0.0375950389750296,0,0.00263649361164802,-0.00408536237879912,0.00333333676210063,0.0648015075376884,0,"S6","null",1000,70,0.352588811263852,71.6881673377414,0,0.2,0.1,"none",0,96,0
0.176636286806249,0.0121950367820495,0.999999999969255,1,0.0471398981719926,NA,0.5716662128364,0,0.00232190861341854,NA,0.0449259698266317,0,0.0104615050104475,-0.0109829162757525,0.00511365826284147,0.141190954773869,0,"S6","null",1000,70,0.352588811263852,86.8799877042351,0,0.2,0.1,"none",0,97,0
0.207095008882336,0.00108165144824233,0.999999999999992,1,0.0747385457902838,NA,0.79346553944277,0,0.0118118350299539,NA,0.113986791292106,0,0.0107958851428098,-0.00328817076582804,0.00482960524105564,0.114949748743719,0,"S6","null",1000,70,0.352588811263852,88.9197809069403,0,0.2,0.1,"none",0,98,0
0.189184130144166,0.00964518007139372,0.99999999998763,1,0.0127921021396655,NA,0.170386386708381,0,0.000196101636218881,NA,0.0325571104111003,0,0.0016847960768019,-0.00224877086288537,0.00238057910475069,0.053786432160804,0,"S6","null",1000,70,0.352588811263852,99.9779303022414,0,0.2,0.1,"none",0,99,0
0.19217296294615,-0.0272469941790377,0.999999999999756,1,0.0438168492764432,NA,0.539258520415033,0,0.0040357182119353,NA,0.0581055358214562,0,0.0340861705382957,0.0167966842593787,0.0112262355631886,0.291396984924623,0,"S6","null",1000,70,0.352588811263852,86.8855772402297,0,0.2,0.1,"none",0,100,0
0.207377895817925,-0.0112419043977088,1,1,0.184477288585155,NA,0.999316892811533,1,0.156447544279653,NA,0.852782479763604,1,0.201968350355023,-0.0205607602859187,0.00722872189658066,0.979633165829146,1,"S6","null",1000,70,0.352588811263852,99.2034175815234,0,0.4,0.1,"none",0,1,0
0.24977056250433,0.0243471514001344,1,1,0.132060140044362,NA,0.976447521684971,1,0.0691609703359051,NA,0.45398721165205,0,0.0519797731339773,0.0144383088998206,0.0129858969437729,0.384198492462312,0,"S6","null",1000,70,0.352588811263852,78.5562683045572,0,0.4,0.1,"none",0,2,0
0.177924899339198,0.00848777222383953,0.9999999999901,1,0.0842820817900928,NA,0.845562273683173,0,0.00675094969511621,NA,0.077617051078569,0,0.0310790067699431,0.00629815573473698,0.01075494304681,0.247633165829146,0,"S6","null",1000,70,0.352588811263852,86.0698697131793,0,0.4,0.1,"none",0,3,0
0.255663881808579,0.00496384034777798,1,1,0.150898611493594,NA,0.970609127127805,1,0.0107272342267029,NA,0.0932167392329221,0,0.0817034572631008,-0.0504449725946242,0.0195239904104249,0.564874371859296,1,"S6","null",1000,70,0.352588811263852,69.8017614489596,0,0.4,0.1,"none",0,4,0
0.177351405864472,-0.00601578098477932,0.999999999853104,1,0.0618568279914237,NA,0.657375612527258,0,0.00780987987839704,NA,0.0804211567650105,0,0.000189228203007935,0.00138207910472854,0.00221396036418609,0.0418768844221106,0,"S6","null",1000,70,0.352588811263852,74.0191819554172,0,0.4,0.1,"none",0,5,0
0.209660311321839,0.000131557109359333,0.999999999999832,1,0.128732140684025,NA,0.95575851330562,1,0.00762928432501063,NA,0.0795613019699923,0,0.0313528726755604,-0.00114904713676867,0.010363640945105,0.231542713567839,0,"S6","null",1000,70,0.352588811263852,85.2608484377226,0,0.4,0.1,"none",0,6,0
0.155942091260449,0.00353057282858603,0.999999989282853,1,0.0528931675929933,NA,0.604159072595589,0,0.00228964437040733,NA,0.0432628341666088,0,0.0116954037917011,0.0190361927626512,0.00955173284231228,0.204643216080402,0,"S6","null",1000,70,0.352588811263852,76.3022631318728,0,0.4,0.1,"none",0,7,0
0.22324666454221,-0.000394166220954406,1,1,0.156175117095841,NA,0.99492953432895,1,0.0535543698483917,NA,0.369323391547176,0,0.156411901226614,0.0166400122021076,0.0136361696675201,0.861417085427136,1,"S6","null",1000,70,0.352588811263852,90.9331897954495,0,0.4,0.1,"none",0,8,0
0.258109878147246,-0.0397222876194014,1,1,0.20502035686929,NA,0.998908836103745,1,0.104503132308073,NA,0.567661234149205,1,0.204514432368801,-0.0982584089575116,0.006203297034785,0.97494472361809,1,"S6","null",1000,70,0.352588811263852,78.7844229640599,0,0.4,0.1,"none",0,9,0
0.247703856501309,-0.0124665414960417,1,1,0.134385666814112,NA,0.974214870180718,1,0.0169909104604139,NA,0.142346328518762,0,0.060430746316087,-0.0314193372899916,0.0180316516828285,0.45663567839196,0,"S6","null",1000,70,0.352588811263852,88.5397150325399,0,0.4,0.1,"none",0,10,0
0.232088706260045,-0.00220312532114062,1,1,0.147061412275591,NA,0.98883315940308,1,0.0248699753083327,NA,0.198634311560528,0,0.159611631062062,0.0913030308322165,0.00946105713559758,0.927768844221106,1,"S6","null",1000,70,0.352588811263852,96.9801007522467,0,0.4,0.1,"none",0,11,0
0.25620954959863,-0.0249670393917525,1,1,0.134742997723303,NA,0.984149835444882,1,0.0700172490175464,NA,0.469294002206604,0,0.0435318755586895,0.00834822489297334,0.0110198895077548,0.343017587939698,0,"S6","null",1000,70,0.352588811263852,100.904282964174,0,0.4,0.1,"none",0,12,0
0.221538014735735,0.0214774050485232,1,1,0.174231358122772,NA,0.995663648176712,1,0.0312963693322928,NA,0.22624104505303,0,0.0975611840760972,0.0207930402023608,0.0163955645692322,0.5955,1,"S6","null",1000,70,0.352588811263852,83.3284592479187,0,0.4,0.1,"none",0,13,0
0.242655267236795,-0.00517730740487809,1,1,0.192521563061269,NA,0.99843640177386,1,0.0510379244451754,NA,0.323190222474874,0,0.124970035704858,-0.00441609967566431,0.014613722191528,0.70029648241206,1,"S6","null",1000,70,0.352588811263852,84.6043646786308,0,0.4,0.1,"none",0,14,0
0.238791524690389,-0.0159635957313356,1,1,0.156508065809209,NA,0.988268538257218,1,0.0266357221351858,NA,0.202561855334956,0,0.224029086618068,-0.0628228126257206,0.00215872651705589,0.995108040201005,1,"S6","null",1000,70,0.352588811263852,94.7737925157692,0,0.4,0.1,"none",0,15,0
0.225918402133766,-0.002173125295484,1,1,0.191501564702527,NA,0.998542425720264,1,0.0926157738060612,NA,0.55016993014611,1,0.17516777927914,0.0974921894840917,0.00689337181509174,0.953545226130653,1,"S6","null",1000,70,0.352588811263852,90.2269865079133,0,0.4,0.1,"none",0,16,0
0.265118639704441,0.0288382125372773,1,1,0.160297844707861,NA,0.973528040556201,1,0.00901370388571378,NA,0.0785522257297889,0,0.116309604056524,0.0377996970028549,0.0156760472414188,0.601025125628141,1,"S6","null",1000,70,0.352588811263852,53.5683472497682,0,0.4,0.1,"none",0,17,0
0.167365365701222,0.0253102634200058,0.999999999267621,1,0.075265615229122,NA,0.758676830971814,0,0.00289304360543923,NA,0.0469096010113623,0,0.0184714963113063,0.0119937773806851,0.00648052047164918,0.184082914572864,0,"S6","null",1000,70,0.352588811263852,85.4081830897155,0,0.4,0.1,"none",0,18,0
0.24757450895907,0.0260277269710467,1,1,0.15735402449519,NA,0.98803788683705,1,0.0107225397802031,NA,0.0986121515058132,0,0.239272765637688,-0.0407909154252006,0.00591391631920759,0.979693467336683,1,"S6","null",1000,70,0.352588811263852,85.559903995503,0,0.4,0.1,"none",0,19,0
0.21846629410826,-0.0350258886468623,1,1,0.0643297449409969,NA,0.676725933304712,0,0.00661142645283635,NA,0.0724163094451915,0,0.00133632073581482,-0.00192925388486051,0.00281625406715797,0.0581130653266332,0,"S6","null",1000,70,0.352588811263852,68.386693068436,0,0.4,0.1,"none",0,20,0
0.235862972356655,-0.0158102235852995,1,1,0.126460580781672,NA,0.957194831639483,1,0.0128942513134008,NA,0.112892945962507,0,0.0150274697234337,-0.00224697681978096,0.00478627234412659,0.133087939698492,0,"S6","null",1000,70,0.352588811263852,82.8341499538911,0,0.4,0.1,"none",0,21,0
0.225898250266999,-0.0152774331495162,1,1,0.130246642316183,NA,0.965414356055065,1,0.0108012214140228,NA,0.102289803218423,0,0.132324701972964,0.0984887765487441,0.0139826988094791,0.864776381909548,1,"S6","null",1000,70,0.352588811263852,80.7945023706471,0,0.4,0.1,"none",0,22,0
0.228611381097981,0.0281614599335342,1,1,0.110249420615202,NA,0.919900237418189,0,0.0061126511587968,NA,0.067566324783972,0,0.0914071717867728,0.0428427825709053,0.0191257753621902,0.614786432160804,1,"S6","null",1000,70,0.352588811263852,79.066115748277,0,0.4,0.1,"none",0,23,0
0.204074750780061,-0.00849434370787175,0.999999999999996,1,0.0269521459654423,NA,0.358517125552644,0,0.00048021887876947,NA,0.0331641600997086,0,0.000365095534148438,0.00103992190991161,0.00177033447200495,0.0406758793969849,0,"S6","null",1000,70,0.352588811263852,89.9537398265154,0,0.4,0.1,"none",0,24,0
0.219210043780963,0.000872048591452691,0.999999999999998,1,0.0996478423637804,NA,0.882369956436654,0,0.00564559168925136,NA,0.0667409784077688,0,0.0129226259473409,0.00559836108230978,0.00518719207676943,0.1276608040201,0,"S6","null",1000,70,0.352588811263852,79.8688467114379,0,0.4,0.1,"none",0,25,0
0.230854612958754,-0.0255892377963485,1,1,0.126503376617718,NA,0.961960241054368,1,0.0233028396329569,NA,0.188956252451861,0,0.0377677724427085,-0.00485683873267444,0.00760354729161703,0.284467336683417,0,"S6","null",1000,70,0.352588811263852,90.0174906202698,0,0.4,0.1,"none",0,26,0
0.253053651557446,0.032667774468632,1,1,0.219288200622436,NA,0.999689421776996,1,0.149646132926734,NA,0.762603059003369,1,0.258853150720761,0.0811437026017771,NA,1,1,"S6","null",1000,70,0.352588811263852,88.5019633947798,0,0.4,0.1,"none",0,27,0
0.246035762283948,0.0154826814984607,1,1,0.0797305132471611,NA,0.816135918420359,0,0.00165243268342896,NA,0.0392865381313258,0,0.0101888990200804,-0.0057429181499166,0.00506912286323137,0.118052763819095,0,"S6","null",1000,70,0.352588811263852,88.4404311541218,0,0.4,0.1,"none",0,28,0
0.222228903212248,0.0241444598312238,0.999999999999999,1,0.168830490485001,NA,0.994614468246221,1,0.114840247078449,NA,0.645052101294349,1,0.132219614906897,-0.067889124850023,0.0155032982289696,0.829128140703518,1,"S6","null",1000,70,0.352588811263852,92.1444849631258,0,0.4,0.1,"none",0,29,0
0.210006873353815,-0.0136160791258498,0.999999999999992,1,0.10048984395266,NA,0.908430504682609,0,0.00563875161830504,NA,0.0688576964475476,0,0.0417770247130924,-0.0178233588909282,0.0134676106472834,0.344620603015075,0,"S6","null",1000,70,0.352588811263852,88.5722234563777,0,0.4,0.1,"none",0,30,0
0.239760362834895,-0.00506411593125656,1,1,0.1841654803265,NA,0.996998238236617,1,0.0677836789000218,NA,0.408328624323456,0,0.113911141005358,0.00108617484005689,0.0198579534774439,0.648075376884422,1,"S6","null",1000,70,0.352588811263852,81.3999519049036,0,0.4,0.1,"none",0,31,0
0.202101648125583,0.013233703351713,0.999999999999871,1,0.110902410683417,NA,0.917207293043131,0,0.00615535861453881,NA,0.0688598593083188,0,0.0149987192165093,-0.00903923581257978,0.00786527570335066,0.158090452261307,0,"S6","null",1000,70,0.352588811263852,77.4670518517181,0,0.4,0.1,"none",0,32,0
0.231323916131536,0.00450474025225811,1,1,0.096667541737232,NA,0.89714178417096,0,0.00770959497615223,NA,0.0833385698438225,0,0.0346213033563349,-0.00305267972677444,0.0127679367061652,0.271143216080402,0,"S6","null",1000,70,0.352588811263852,89.0313724744378,0,0.4,0.1,"none",0,33,0
0.236002734713656,0.0112618035042942,1,1,0.124193775869261,NA,0.960317002931896,1,0.0111149512403829,NA,0.105286885527178,0,0.0441448810982081,-0.00691118101313394,0.0166751739884716,0.322997487437186,0,"S6","null",1000,70,0.352588811263852,83.8024114791867,0,0.4,0.1,"none",0,34,0
0.248527331189743,0.0142554725923629,1,1,0.155477621989306,NA,0.99462790088412,1,0.0368496375214986,NA,0.276242224811631,0,0.148339126340943,-0.0567465707112071,0.0155793411918493,0.86708040201005,1,"S6","null",1000,70,0.352588811263852,95.8572376725117,0,0.4,0.1,"none",0,35,0
0.212944656235636,0.0108185510850972,0.999999999999998,1,0.134037364665755,NA,0.981134198615298,1,0.0331434048204803,NA,0.251363550896096,0,0.157887769391877,0.0681682917236551,0.0136886087341186,0.88486432160804,1,"S6","null",1000,70,0.352588811263852,99.9481302360474,0,0.4,0.1,"none",0,36,0
0.245078751816279,0.0152653321271776,1,1,0.139600907471,NA,0.970450080623882,1,0.0415590813509375,NA,0.276705313582589,0,0.176764639181416,-0.0900108972658191,0.0098168665947175,0.944798994974874,1,"S6","null",1000,70,0.352588811263852,81.6805474826451,0,0.4,0.1,"none",0,37,0
0.277297544891106,0.00389855852291041,1,1,0.248754642909734,NA,0.999951331973431,1,0.171821831855706,NA,0.811336570763496,1,0.251020067056776,-0.0291676695902295,0.00435607266011994,0.992708542713568,1,"S6","null",1000,70,0.352588811263852,83.0969641842407,0,0.4,0.1,"none",0,38,0
0.246921738291719,-0.0117720862313929,1,1,0.127500984202709,NA,0.958969931037429,1,0.00522416840447328,NA,0.0625339192735682,0,0.171222657845428,0.0603590080003789,0.0128499348396083,0.881198492462312,1,"S6","null",1000,70,0.352588811263852,85.6912075256183,0,0.4,0.1,"none",0,39,0
0.194299513322457,0.0201100627997299,0.999999999999872,1,0.115642484163037,NA,0.947389256470305,0,0.0291935444894275,NA,0.216076732177017,0,0.17417394662943,0.0823243871893036,0.0102058502264702,0.944640703517588,1,"S6","null",1000,70,0.352588811263852,85.6104033021047,0,0.4,0.1,"none",0,40,0
0.20303311638942,-0.0276482379629481,0.999999999999906,1,0.085325932231498,NA,0.790799155866459,0,0.00355642047674395,NA,0.0501245361638141,0,0.0154749891019771,-0.0446144409716419,0.0109234311827136,0.316268844221106,0,"S6","null",1000,70,0.352588811263852,70.4292022958925,0,0.4,0.1,"none",0,41,0
0.242856287601279,-0.0263488715751345,1,1,0.102616853655407,NA,0.865790989701585,0,0.0111125133101447,NA,0.10032451448574,0,0.0337141297201261,-0.00597302946788194,0.0105631099899912,0.232525125628141,0,"S6","null",1000,70,0.352588811263852,70.5449989479299,0,0.4,0.1,"none",0,42,0
0.269893376661783,0.00169355552141111,1,1,0.277857965244314,NA,0.999993498202159,1,0.262266863624383,NA,0.993499579560166,1,0.314247939611931,0.0331752814335341,0.000319103495163346,0.999680904522613,1,"S6","null",1000,70,0.352588811263852,75.4942296778864,0,0.4,0.1,"none",0,43,0
0.219674537434947,0.00536131677773171,1,1,0.10711620845547,NA,0.916099188923696,0,0.0239182417124363,NA,0.188098434015797,0,0.0123829276424722,1.82526713555485e-05,0.00689293844688641,0.123052763819095,0,"S6","null",1000,70,0.352588811263852,84.9485451222405,0,0.4,0.1,"none",0,44,0
0.245942529127448,0.011299948086604,1,1,0.14285431749058,NA,0.97014786990226,1,0.031558743813703,NA,0.216926093169377,0,0.107415619931042,-0.00350655068798604,0.0111998816497884,0.586198492462312,1,"S6","null",1000,70,0.352588811263852,73.7405324164124,0,0.4,0.1,"none",0,45,0
0.234422763156599,-0.042352066997971,1,1,0.173619657124865,NA,0.998371484561244,1,0.0781839925892902,NA,0.512412903416238,1,0.184372900563323,-0.0494886535307333,0.0132332413637659,0.943608040201005,1,"S6","null",1000,70,0.352588811263852,96.7624304020047,0,0.4,0.1,"none",0,46,0
0.211583587769793,-0.00465869879008799,0.999999999999998,1,0.122899127038574,NA,0.960525963724227,1,0.0339787336341892,NA,0.255080341187425,0,0.0788923237429632,0.0264362758449881,0.0200055664143643,0.531010050251256,1,"S6","null",1000,70,0.352588811263852,88.7093143439071,0,0.4,0.1,"none",0,47,0
0.226194109770465,-0.0220745613930288,1,1,0.118701780538113,NA,0.937737178075191,0,0.0147619187511405,NA,0.12561461884966,0,0.0252010369000202,0.0197694867180587,0.00933575232948201,0.254874371859296,0,"S6","null",1000,70,0.352588811263852,78.5828366125264,0,0.4,0.1,"none",0,48,0
0.236791832977824,0.00872754740849372,1,1,0.137152284928711,NA,0.973589417835334,1,0.026172969464305,NA,0.189364103301334,0,0.0758562443860954,-0.000587656993163202,0.0150109197498644,0.479020100502513,0,"S6","null",1000,70,0.352588811263852,82.2640711452882,0,0.4,0.1,"none",0,49,0
0.141082166124295,-0.0020348404743128,0.999999834220908,1,0.063099534009092,NA,0.693956111955176,0,0.00808652305853104,NA,0.0833138854785293,0,0.00501374328002784,0.00172063851118031,0.00320471543593424,0.0708341708542713,0,"S6","null",1000,70,0.352588811263852,76.3091977921676,0,0.4,0.1,"none",0,50,0
0.218777005571915,-0.0191333040833401,0.999999999999999,1,0.0942988515762939,NA,0.889629333823516,0,0.00333902302501046,NA,0.0513016914275739,0,0.0351218079005055,0.0237238284921917,0.0112315716829199,0.342532663316583,0,"S6","null",1000,70,0.352588811263852,92.6538208745878,0,0.4,0.1,"none",0,51,0
0.217619102336075,0.0197331268230762,1,1,0.0929835008661146,NA,0.872421887464855,0,0.00838108223575704,NA,0.0890887471557059,0,0.020955165741083,-0.00658088823078066,0.00685423434067408,0.183819095477387,0,"S6","null",1000,70,0.352588811263852,86.5259290594723,0,0.4,0.1,"none",0,52,0
0.221066417386139,0.0158784509376517,1,1,0.0644970845742667,NA,0.723175892699504,0,0.00184733694348238,NA,0.0411009662183072,0,0.0248643593118563,0.056666846396765,0.0203475656346795,0.482464824120603,0,"S6","null",1000,70,0.352588811263852,82.2160393890855,0,0.4,0.1,"none",0,53,0
0.23830768889912,-0.0126196228518736,1,1,0.179510351085102,NA,0.996980910032334,1,0.0996652485285178,NA,0.563765577273427,1,0.140611622129425,-0.0177351055516706,0.0161496217634052,0.760163316582915,1,"S6","null",1000,70,0.352588811263852,79.6076472890951,0,0.4,0.1,"none",0,54,0
0.207120062730034,-0.00249104704875557,0.999999999999984,1,0.169172216525022,NA,0.995857334895041,1,0.0239107535966677,NA,0.176370183470857,0,0.189345833272413,0.0172502383793908,0.0117452380285116,0.933118090452261,1,"S6","null",1000,70,0.352588811263852,87.0539350875876,0,0.4,0.1,"none",0,55,0
0.24456716584644,0.0111896613184518,1,1,0.0655566504021037,NA,0.67764566142452,0,0.00823776494433717,NA,0.0859880745517486,0,0.00142860164615244,0.00291921268433807,0.00270040993692867,0.0561005025125628,0,"S6","null",1000,70,0.352588811263852,72.5225258060563,0,0.4,0.1,"none",0,56,0
0.247861414259014,0.0204991660738575,1,1,0.132454297074044,NA,0.977803002385136,1,0.0345038493440208,NA,0.254949555785667,0,0.10597781798346,0.0129618623896687,0.0172617011854409,0.634610552763819,1,"S6","null",1000,70,0.352588811263852,91.0038262666211,0,0.4,0.1,"none",0,57,0
0.16291577620994,-0.0245670405801653,0.999999999328837,1,-0.0106374128793672,NA,0.143214111193718,0,-0.000348673467224503,NA,0.0328744349376038,0,-0.00151406488440176,-0.00207542193991731,0.00259864003976528,0.0559899497487437,0,"S6","null",1000,70,0.352588811263852,87.7827999093002,0,0.4,0.1,"none",0,58,0
0.185583891984307,-0.0105588762590122,0.9999999999988,1,0.050934453394093,NA,0.627777631421659,0,0.00193328680103863,NA,0.041537708251833,0,0.0168743799629739,-0.00660497776768335,0.00766694388849817,0.170924623115578,0,"S6","null",1000,70,0.352588811263852,93.0211492351401,0,0.4,0.1,"none",0,59,0
0.257032670270254,-0.031085756018536,1,1,0.160871045249731,NA,0.992882259584206,1,0.0378885204460715,NA,0.270585714414836,0,0.0662644732043767,-0.0138261258810821,0.0172815676484006,0.446979899497487,0,"S6","null",1000,70,0.352588811263852,91.8624739433785,0,0.4,0.1,"none",0,60,0
0.280950330007445,0.0228542403732592,1,1,0.165935793696692,NA,0.98640723533114,1,0.0203110855496418,NA,0.145764047501533,0,0.0394058939200136,0.0103748158894266,0.00957751178329513,0.274801507537688,0,"S6","null",1000,70,0.352588811263852,69.3184799298208,0,0.4,0.1,"none",0,61,0
0.218309817621866,0.0102087147782447,0.999999999999998,1,0.119150904597617,NA,0.956737699273743,1,0.0139756352519884,NA,0.128270305314334,0,0.0879497627081862,0.00541986706766671,0.0192111990328958,0.553610552763819,1,"S6","null",1000,70,0.352588811263852,94.6810884489503,0,0.4,0.1,"none",0,62,0
0.222908642520701,-0.0250154889008854,1,1,0.153607341348282,NA,0.989602789479706,1,0.0507419224166556,NA,0.332660069384115,0,0.147694175510031,0.0130076910631159,0.0180100807647721,0.799218592964824,1,"S6","null",1000,70,0.352588811263852,90.6696580174673,0,0.4,0.1,"none",0,63,0
0.263222253195857,-0.00942145946092171,1,1,0.0877584708551157,NA,0.849793221996631,0,0.0056301219667919,NA,0.0673610076724792,0,0.00401984863008703,0.000897195584899,0.00326139809019864,0.0599597989949749,0,"S6","null",1000,70,0.352588811263852,90.4544807186106,0,0.4,0.1,"none",0,64,0
0.188949217886967,-0.0064070269733342,0.999999999999279,1,0.0969688468579737,NA,0.892794481407455,0,0.00575033420302984,NA,0.0689624482693961,0,0.0117156336947408,-0.00276727026414279,0.00473966135519772,0.120258793969849,0,"S6","null",1000,70,0.352588811263852,79.0251307525396,0,0.4,0.1,"none",0,65,0
0.23248016443157,0.0122004686576972,1,1,0.141944890278437,NA,0.980417607465471,1,0.0222864566402295,NA,0.174317479209895,0,0.192873231537881,0.0699714229734577,0.0070186737974804,0.964110552763819,1,"S6","null",1000,70,0.352588811263852,85.2535105113844,0,0.4,0.1,"none",0,66,0
0.189991649033387,0.00191590593091438,0.999999999826295,1,0.130960098632049,NA,0.956613570670064,1,0.0707059771932619,NA,0.423012056522132,0,0.0588433012147868,0.00498683238616428,0.0135535751114513,0.377429648241206,0,"S6","null",1000,70,0.352588811263852,87.6972422902581,0,0.4,0.1,"none",0,67,0
0.226496667786554,0.00948389812071437,1,1,0.125868757680263,NA,0.953770772067729,1,0.0102809480490511,NA,0.0982865132205771,0,0.029211227433546,-0.000704237832229821,0.00951987512552208,0.223170854271357,0,"S6","null",1000,70,0.352588811263852,84.4719534140721,0,0.4,0.1,"none",0,68,0
0.231134718380311,0.0103096081650259,1,1,0.0794674925581867,NA,0.792591175708139,0,0.00757179051699803,NA,0.0809267004909513,0,0.072887340871343,0.0657748563723617,0.0202943880508345,0.632042713567839,1,"S6","null",1000,70,0.352588811263852,81.3319640414917,0,0.4,0.1,"none",0,69,0
0.271609769021645,-0.00490274233238403,1,1,0.196407537187856,NA,0.999348089108488,1,0.11072755543945,NA,0.61899863324814,1,0.188296521603387,0.00963713330478305,0.00832802585483413,0.945090452261307,1,"S6","null",1000,70,0.352588811263852,85.5529913532924,0,0.4,0.1,"none",0,70,0
0.20692245402813,0.0412293211071134,1,1,0.133527579350778,NA,0.971477682340868,1,0.00819302785987258,NA,0.0815391605016075,0,0.105036321296029,0.0872789619785026,0.01318743263958,0.808560301507538,1,"S6","null",1000,70,0.352588811263852,94.5392136898537,0,0.4,0.1,"none",0,71,0
0.229383620691808,0.0235176008036801,1,1,0.107018694512019,NA,0.915744419861624,0,0.0282641790591183,NA,0.221789846007587,0,0.0672950735473272,0.141895496812961,0.0152502637460081,0.878105527638191,1,"S6","null",1000,70,0.352588811263852,80.7276891877722,0,0.4,0.1,"none",0,72,0
0.238686429261503,-0.00406889322461644,1,1,0.145754921617583,NA,0.983939003405733,1,0.0362149589110149,NA,0.251888037808069,0,0.0590980365979748,0.00462776818668197,0.0178835541524007,0.403899497487437,0,"S6","null",1000,70,0.352588811263852,76.2720672625446,0,0.4,0.1,"none",0,73,0
0.205174157138764,0.0156902026551882,0.999999999999162,1,0.0853156783451887,NA,0.82069567548889,0,0.00536820517213048,NA,0.0634114466143794,0,0.0327987410921248,-0.000172334174168469,0.0075306073703458,0.24541959798995,0,"S6","null",1000,70,0.352588811263852,91.9070820039733,0,0.4,0.1,"none",0,74,0
0.235511385422873,0.000264014612355678,1,1,0.147790661167897,NA,0.98230925471692,1,0.0439012409060843,NA,0.301644596344415,0,0.0307022592338,-0.00796804272260574,0.011833306195572,0.24171608040201,0,"S6","null",1000,70,0.352588811263852,83.2885598956363,0,0.4,0.1,"none",0,75,0
0.264531910732856,-0.0109276858136725,1,1,0.172367872516742,NA,0.991902929975947,1,0.0119985711757732,NA,0.101925203770355,0,0.128620610412551,-0.0585023920048529,0.0180033234655168,0.741806532663317,1,"S6","null",1000,70,0.352588811263852,82.373418840713,0,0.4,0.1,"none",0,76,0
0.195176979212913,0.0127714007643713,0.999999999994546,1,0.0231709312883423,NA,0.285392590114924,0,-6.87473590281119e-05,NA,0.0324293907746175,0,0.000812553702817352,-0.00150583584033743,0.00189027456148295,0.0429346733668342,0,"S6","null",1000,70,0.352588811263852,85.6931431064255,0,0.4,0.1,"none",0,77,0
0.237850664655388,-0.00701878450216822,1,1,0.0953126836567526,NA,0.88671516329622,0,0.00695822391994512,NA,0.0782824980246715,0,0.0186410014784405,0.00231523998721369,0.00770093867860611,0.169856783919598,0,"S6","null",1000,70,0.352588811263852,89.5676302700458,0,0.4,0.1,"none",0,78,0
0.203750680149109,0.00814360477394942,0.999999999999899,1,0.159016616370825,NA,0.992211156095354,1,0.0424822912963925,NA,0.296534214158869,0,0.206480366538853,0.0457153933466852,0.00830195718169281,0.964927135678392,1,"S6","null",1000,70,0.352588811263852,85.0649058150583,0,0.4,0.1,"none",0,79,0
0.203713299578427,-0.00754836284421116,0.999999999999996,1,0.0856850619670051,NA,0.862703891136215,0,0.00506723098965858,NA,0.0650616970228812,0,0.0135349130777785,-1.50268215169187e-05,0.00536289425294029,0.134826633165829,0,"S6","null",1000,70,0.352588811263852,91.6632014054076,0,0.4,0.1,"none",0,80,0
0.227938175941931,-0.0222835592890556,1,1,0.067093644360773,NA,0.710492270717789,0,0.0024007143004767,NA,0.0445433124583051,0,0.00728115685158755,-0.00311309165155607,0.0042563223732348,0.0883065326633166,0,"S6","null",1000,70,0.352588811263852,83.7969576284944,0,0.4,0.1,"none",0,81,0
0.196528703720785,-0.0140197461686892,0.999999999999748,1,0.090190901232654,NA,0.879214798241298,0,0.0082302333232102,NA,0.0893767999949027,0,0.00991802412436883,-0.0014545659060736,0.00448165567982499,0.106090452261307,0,"S6","null",1000,70,0.352588811263852,95.3091676060151,0,0.4,0.1,"none",0,82,0
0.222747570156931,-0.0175682708229094,1,1,0.0955716868222181,NA,0.913369064314774,0,0.00964282837228716,NA,0.104369170979903,0,0.0204658424310221,0.00558561262950235,0.00845582869242706,0.192494974874372,0,"S6","null",1000,70,0.352588811263852,102.960278534357,0,0.4,0.1,"none",0,83,0
0.264460378930934,0.00430912922145578,1,1,0.108549082111948,NA,0.917707266916917,0,0.00635812003373647,NA,0.0721348644980851,0,0.00539540252293057,-0.00216854377244349,0.00335476484378102,0.0709723618090452,0,"S6","null",1000,70,0.352588811263852,81.1577002002498,0,0.4,0.1,"none",0,84,0
0.212569441597146,0.0191523574238901,0.999999999999999,1,0.124786488504423,NA,0.951126731417065,1,0.0110581611122008,NA,0.0999551827671212,0,0.0168568736337502,-0.00342737676942087,0.00512049674394945,0.15127135678392,0,"S6","null",1000,70,0.352588811263852,76.6377145941204,0,0.4,0.1,"none",0,85,0
0.210475483061545,-0.0110342485014354,0.999999999999924,1,0.170877909910618,NA,0.990953941669149,1,0.0513664743058009,NA,0.313457573778423,0,0.139360353602036,0.0254184410499464,0.0155531541868699,0.735,1,"S6","null",1000,70,0.352588811263852,78.9303683693812,0,0.4,0.1,"none",0,86,0
0.21386165958687,0.00128456665201733,0.999999999999969,1,0.0403456407024769,NA,0.44580070601522,0,0.000645204107300796,NA,0.0334280746643098,0,0.00157305175246876,0.00162322232023141,0.00219255651937372,0.0465075376884422,0,"S6","null",1000,70,0.352588811263852,74.9748795840261,0,0.4,0.1,"none",0,87,0
0.250881585521467,-0.00122741708442295,1,1,0.12975708460982,NA,0.977344623282941,1,0.0167887519266795,NA,0.149543464934816,0,0.0369678051247197,0.00604226013255568,0.00955948146551908,0.288304020100502,0,"S6","null",1000,70,0.352588811263852,94.7208303482753,0,0.4,0.1,"none",0,88,0
0.220248123816885,-0.00290240035427472,0.999999999999999,1,0.135099410084452,NA,0.970685634204132,1,0.0100057983383173,NA,0.095637443399021,0,0.0348339768486073,0.0199876425981445,0.0107331474832956,0.294346733668342,0,"S6","null",1000,70,0.352588811263852,76.8608524234615,0,0.4,0.1,"none",0,89,0
0.18477258880161,0.0167789904457279,0.999999999999148,1,0.0930424408833201,NA,0.886363158064366,0,0.0180529648314438,NA,0.158484710588207,0,0.00906918962977074,0.00605143451299981,0.00510902433036602,0.117298994974874,0,"S6","null",1000,70,0.352588811263852,91.3338821392993,0,0.4,0.1,"none",0,90,0
0.209098009956767,0.0011240980876216,0.999999999999995,1,0.162152279018824,NA,0.994424630398808,1,0.0461975905047336,NA,0.310423228022928,0,0.211593435327944,-0.103866291669632,0.00298377649944174,0.9943391959799,1,"S6","null",1000,70,0.352588811263852,90.2799534183747,0,0.4,0.1,"none",0,91,0
0.250579972401518,-0.0223643505136031,1,1,0.143636731013131,NA,0.980132719697678,1,0.0567507517091188,NA,0.367429299877463,0,0.0700009943639511,0.0352238548880001,0.016676041354421,0.503743718592965,1,"S6","null",1000,70,0.352588811263852,86.634962071673,0,0.4,0.1,"none",0,92,0
0.224782651404977,0.0233298691342336,1,1,0.106050619631756,NA,0.917465669714597,0,0.00929914011874864,NA,0.0901572225549507,0,0.0271798350518117,0.00413220902763987,0.00855330371219707,0.22077135678392,0,"S6","null",1000,70,0.352588811263852,79.3883230512221,0,0.4,0.1,"none",0,93,0
0.276092241646471,-0.0197585200469859,1,1,0.15701817540459,NA,0.982397828336033,1,0.0298795972489563,NA,0.205406290332781,0,0.0483614758040346,-0.00555305392579739,0.0110001577384763,0.327198492462312,0,"S6","null",1000,70,0.352588811263852,82.6978371446713,0,0.4,0.1,"none",0,94,0
0.23593939572856,-0.0141409411656765,1,1,0.178088901763211,NA,0.99572828486645,1,0.0495017270972186,NA,0.314081709527504,0,0.109807142397531,0.0616576407805305,0.01924338575068,0.697479899497487,1,"S6","null",1000,70,0.352588811263852,85.7015404428548,0,0.4,0.1,"none",0,95,0
0.214386587764614,0.0271645366373241,1,1,0.133347474165871,NA,0.96825310915235,1,0.0337235074862987,NA,0.237362911835461,0,0.0179473339480077,-0.00243364118315495,0.00730083402260076,0.158625628140704,0,"S6","null",1000,70,0.352588811263852,82.322611539276,0,0.4,0.1,"none",0,96,0
0.223690434989173,-0.0171872505772048,1,1,0.0834890048659018,NA,0.83361650052029,0,0.00274104951983198,NA,0.0464853726289306,0,0.00503248844725767,-0.00171692385588081,0.00353223292800209,0.074391959798995,0,"S6","null",1000,70,0.352588811263852,72.7290265130353,0,0.4,0.1,"none",0,97,0
0.21523899552154,-0.000724633241457581,0.999999999999996,1,0.0716368530940862,NA,0.793997333066316,0,0.00513148385034911,NA,0.0670955028787478,0,0.00663378143562746,-0.00559098109798153,0.00479246498763036,0.101052763819095,0,"S6","null",1000,70,0.352588811263852,98.0011210718131,0,0.4,0.1,"none",0,98,0
0.22288836160344,0.0128772080560935,1,1,0.132029863710619,NA,0.980196455947839,1,0.037355521405,NA,0.27607017551663,0,0.0882851654675149,-0.000924729283505804,0.017681244958673,0.582517587939699,1,"S6","null",1000,70,0.352588811263852,104.127998815388,0,0.4,0.1,"none",0,99,0
0.25291204507879,0.00973305259169482,1,1,0.212896682212549,NA,0.999406624104184,1,0.173007193122882,NA,0.830918131976813,1,0.231596999614202,-0.00448659664559012,0.00368799613889736,0.988334170854271,1,"S6","null",1000,70,0.352588811263852,84.0142886951611,0,0.4,0.1,"none",0,100,0
0.206764401205971,0.000630458363363963,0.999999999999901,1,0.13893348775268,NA,0.969083121315246,1,0.0168094792966761,NA,0.134677282368657,0,0.0453462182064767,-0.00259215169047251,0.010958622983271,0.308052763819095,0,"S6","null",1000,70,0.352588811263852,79.1729854061879,0,0.2,0.3,"none",0,1,0
0.247657785957093,-0.0053001577197278,1,1,0.200252081400781,NA,0.998814249233174,1,0.163590061205234,NA,0.818209029529229,1,0.185779499413836,-0.0476381664771855,0.0144066161950974,0.906386934673367,1,"S6","null",1000,70,0.352588811263852,91.6868827096736,0,0.2,0.3,"none",0,2,0
0.219892718962451,0.014848264359875,1,1,0.147603103344998,NA,0.991742256935187,1,0.0699609266404557,NA,0.446230116797468,0,0.150729770858257,0.0154688202455801,0.0152524923034347,0.829050251256281,1,"S6","null",1000,70,0.352588811263852,102.666866309078,0,0.2,0.3,"none",0,3,0
0.246395413161183,-0.00307480202122371,1,1,0.165758054541078,NA,0.993021436440777,1,0.0606086425605549,NA,0.383183576678046,0,0.141825918830664,-0.0218284641901269,0.017004386912273,0.755620603015075,1,"S6","null",1000,70,0.352588811263852,85.7484704009303,0,0.2,0.3,"none",0,4,0
0.2083877453341,-0.0244435187100812,0.999999999999998,1,0.172174250980642,NA,0.991667307512094,1,0.029614037338276,NA,0.199022372989417,0,0.0604113429411345,-0.009896924597997,0.0147626525142446,0.382273869346734,0,"S6","null",1000,70,0.352588811263852,66.57140924459,0,0.2,0.3,"none",0,5,0
0.207297717482822,0.00415625379062318,0.999999999999888,1,0.143472284565007,NA,0.977147940123466,1,0.0106508105149201,NA,0.0994388472168422,0,0.048585773260585,-0.000594735269125503,0.0133757010541717,0.32348743718593,0,"S6","null",1000,70,0.352588811263852,83.0990464206947,0,0.2,0.3,"none",0,6,0
0.246123130370378,-0.0150108339304864,1,1,0.137787918354141,NA,0.975360234060141,1,0.0137055298166009,NA,0.12088480941505,0,0.0488114180156315,-0.0167969735266001,0.0169531316686405,0.360673366834171,0,"S6","null",1000,70,0.352588811263852,86.0600635491856,0,0.2,0.3,"none",0,7,0
0.218750765735071,-0.0397099020914154,0.999999999999999,1,0.193939875357701,NA,0.996942188521782,1,0.11282135442355,NA,0.580664970399036,1,0.171913055638773,0.0291975850620844,0.0171313600949727,0.846251256281407,1,"S6","null",1000,70,0.352588811263852,74.9298389312528,0,0.2,0.3,"none",0,8,0
0.233959217595054,0.00427734967931839,1,1,0.159738177546297,NA,0.991358606263551,1,0.0493582991899412,NA,0.3312856170619,0,0.106991779355189,-0.00137755955688393,0.0162723037210636,0.621291457286432,1,"S6","null",1000,70,0.352588811263852,83.1742822625274,0,0.2,0.3,"none",0,9,0
0.180036745796069,-0.0132246361012563,0.999999999983845,1,0.176259075852784,NA,0.998390292386215,1,0.0955077203879229,NA,0.567398012119308,1,0.20874492803225,0.0573623925961492,0.00413200424718483,0.985670854271357,1,"S6","null",1000,70,0.352588811263852,103.210013127808,0,0.2,0.3,"none",0,10,0
0.253257425069985,0.0160511164532483,1,1,0.140327642222008,NA,0.953325567487466,1,0.0228637970924958,NA,0.159392573465493,0,0.0826019289568891,-0.0633031713049171,0.0132467153483647,0.582507537688442,1,"S6","null",1000,70,0.352588811263852,69.1934512138389,0,0.2,0.3,"none",0,11,0
0.24047431688749,0.0098062545131049,1,1,0.228324538165979,NA,0.999669689627232,1,0.202523731481536,NA,0.874593871753068,1,0.269114478878096,-0.0186012502030054,0.0028666771363389,0.994065326633166,1,"S6","null",1000,70,0.352588811263852,88.1244796031962,0,0.2,0.3,"none",0,12,0
0.217412595456778,0.00581163793343307,0.999999999999996,1,0.156557535940535,NA,0.989991796967075,1,0.0648612430520255,NA,0.404785758129033,0,0.173542878229814,-0.0157202928731971,0.0164045880108125,0.864306532663317,1,"S6","null",1000,70,0.352588811263852,87.521830074273,0,0.2,0.3,"none",0,13,0
0.229528505839576,0.011756185365501,1,1,0.179175342210893,NA,0.997293401301143,1,0.0754236858960735,NA,0.450996262137767,0,0.211933260029393,-0.0192723984873132,0.00723428295135198,0.967532663316583,1,"S6","null",1000,70,0.352588811263852,85.4997561182718,0,0.2,0.3,"none",0,14,0
0.197122467800634,0.00746756873001319,0.999999999972309,1,0.207808720635459,NA,0.998642463265063,1,0.109738711529901,NA,0.571319989826445,1,0.216454857912839,0.037290658125669,0.00828317281120561,0.938168341708543,1,"S6","null",1000,70,0.352588811263852,91.1953120210859,0,0.2,0.3,"none",0,15,0
0.23589396243899,-0.00646833859195208,1,1,0.180161077843236,NA,0.997566559102665,1,0.153227617073494,NA,0.802238488592516,1,0.222589947091358,-0.0758839250288103,0.00371276205272988,0.990163316582915,1,"S6","null",1000,70,0.352588811263852,86.3938192781384,0,0.2,0.3,"none",0,16,0
0.233402424632272,0.0012222213174463,1,1,0.08886081367865,NA,0.868604902747563,0,0.00845282154025281,NA,0.0933094296759972,0,0.00317054407544842,-0.00514691256398017,0.00355139138816485,0.0802412060301508,0,"S6","null",1000,70,0.352588811263852,100.7298375133,0,0.2,0.3,"none",0,17,0
0.267437938370797,0.00766852621470752,1,1,0.179619092788695,NA,0.996674557580883,1,0.0399138518043438,NA,0.261264621623508,0,0.205081714592666,0.0390479150183164,0.00760389263480399,0.942412060301508,1,"S6","null",1000,70,0.352588811263852,80.2022949130525,0,0.2,0.3,"none",0,18,0
0.25287999079143,0.00505071454522174,1,1,0.210466770935225,NA,0.999641205929766,1,0.186162424949322,NA,0.880819283866075,1,0.281055586354953,-0.0452598740024144,0.000396994899494605,0.999603015075377,1,"S6","null",1000,70,0.352588811263852,94.2156924391264,0,0.2,0.3,"none",0,19,0
0.239170745850356,0.00265286414078274,1,1,0.158221947529026,NA,0.991197506675593,1,0.133323361658748,NA,0.718660684768361,1,0.18103501363383,-0.0219265096858155,0.0162924914856119,0.886359296482412,1,"S6","null",1000,70,0.352588811263852,92.3228163006853,0,0.2,0.3,"none",0,20,0
0.242892585182138,-0.00914551719752718,1,1,0.131082095742176,NA,0.970365477214609,1,0.00542727602874593,NA,0.0650013003150075,0,0.0916691173364612,-0.0320219108684269,0.0170816352934115,0.571751256281407,1,"S6","null",1000,70,0.352588811263852,81.8020590779965,0,0.2,0.3,"none",0,21,0
0.203512243297696,0.0130429140504383,0.999999999999972,1,0.0698748760252004,NA,0.724657851277075,0,0.00185706304321998,NA,0.0399495119245011,0,0.00543159403893465,0.000148028949788659,0.00216359613746468,0.069535175879397,0,"S6","null",1000,70,0.352588811263852,77.9822615174693,0,0.2,0.3,"none",0,22,0
0.255035768626544,0.0152437209426138,1,1,0.191269506355025,NA,0.999456866750677,1,0.130126942833528,NA,0.733673241103536,1,0.186703775737119,0.00563626408754398,0.00993273781631454,0.937394472361809,1,"S6","null",1000,70,0.352588811263852,106.342616494152,0,0.2,0.3,"none",0,23,0
0.235171998699736,-0.0167595459677349,1,1,0.200998106474825,NA,0.996300997969996,1,0.162918614301089,NA,0.739346650197123,1,0.170595826287391,0.015062473852253,0.0154115491825511,0.77337688442211,1,"S6","null",1000,70,0.352588811263852,68.6847253152277,0,0.2,0.3,"none",0,24,0
0.228335051779546,0.0296471877420765,1,1,0.143042901303436,NA,0.989294951075097,1,0.0123689441435392,NA,0.118118457711039,0,0.184004698295787,0.15285372354062,0.000677940975740526,0.99908040201005,1,"S6","null",1000,70,0.352588811263852,96.7266277978894,0,0.2,0.3,"none",0,25,0
0.249231525106111,0.0119800120486608,1,1,0.191796285367287,NA,0.997449841329354,1,0.132202056362929,NA,0.665044030035451,1,0.137804687303411,0.0200141933930453,0.0127528879039286,0.732645728643216,1,"S6","null",1000,70,0.352588811263852,74.3813074278112,0,0.2,0.3,"none",0,26,0
0.219104886451535,0.0170415113143997,1,1,0.188678080623898,NA,0.998775919608338,1,0.158908661145128,NA,0.820173735860449,1,0.217592540643731,-0.087866151183908,0.00276913443864311,0.994695979899498,1,"S6","null",1000,70,0.352588811263852,105.118164110277,0,0.2,0.3,"none",0,27,0
0.211185028615744,-0.0219995239073194,1,1,0.215389728597967,NA,0.999866254627145,1,0.198455119429607,NA,0.945192573286787,1,0.261756754384025,-0.154496621823589,NA,1,1,"S6","null",1000,70,0.352588811263852,96.8671216152193,0,0.2,0.3,"none",0,28,0
0.263817044186771,0.0145524341084531,1,1,0.294628929691993,NA,0.999998999498607,1,0.302726955110637,NA,0.997909727447044,1,0.364294722606495,-0.0211452499521553,NA,1,1,"S6","null",1000,70,0.352588811263852,85.7739003081965,0,0.2,0.3,"none",0,29,0
0.225044803435982,0.0101728967363673,1,1,0.131831075602716,NA,0.982107450922331,1,0.0491552755947895,NA,0.345270248706097,0,0.112566038784719,-0.0215082297046539,0.0187216470898084,0.684399497487437,1,"S6","null",1000,70,0.352588811263852,95.4151395684681,0,0.2,0.3,"none",0,30,0
0.217632330266805,0.00140175185439915,0.999999999999998,1,0.174390370884331,NA,0.996997596587922,1,0.185291775856287,NA,0.899626742658414,1,0.171757211855765,0.0127177885538564,0.0139746639310119,0.880145728643216,1,"S6","null",1000,70,0.352588811263852,92.122083231433,0,0.2,0.3,"none",0,31,0
0.250553774902237,0.0158548540213807,1,1,0.181111099720259,NA,0.991043833362827,1,0.0217362356383146,NA,0.153575417235803,0,0.0536798833857724,-0.00627795217095534,0.0109584140348938,0.32514824120603,0,"S6","null",1000,70,0.352588811263852,66.4407532373528,0,0.2,0.3,"none",0,32,0
0.202454067354199,0.0100236425825636,0.999999999996562,1,0.137005262257407,NA,0.957424973888337,1,0.00986748103134429,NA,0.091267514764969,0,0.0198895256090284,0.00436887151569771,0.00706931237485527,0.164075376884422,0,"S6","null",1000,70,0.352588811263852,72.7468609170735,0,0.2,0.3,"none",0,33,0
0.213137966942341,-0.00295599821176,0.999999999999844,1,0.141846613134216,NA,0.97752019160452,1,0.0110455111107543,NA,0.100829187728699,0,0.161210508985122,-0.0558874527295866,0.0130604120189121,0.887429648241206,1,"S6","null",1000,70,0.352588811263852,94.0776585744057,0,0.2,0.3,"none",0,34,0
0.22193616384416,0.0133711629686246,0.999999999999988,1,0.1242064424579,NA,0.960102860630225,1,0.0311773329397101,NA,0.233564837728231,0,0.0304649060541519,0.000159638388903069,0.0112797321453942,0.233253768844221,0,"S6","null",1000,70,0.352588811263852,95.9645115364822,0,0.2,0.3,"none",0,35,0
0.225412200270722,0.0146840730789809,1,1,0.167187079230288,NA,0.994884575189153,1,0.0647967393818983,NA,0.414652258060023,0,0.160810942085427,-0.0306048857709052,0.0147421444928939,0.852155778894472,1,"S6","null",1000,70,0.352588811263852,95.3738676807086,0,0.2,0.3,"none",0,36,0
0.246735499872568,-0.0131169561766129,1,1,0.169021624385044,NA,0.989970140439516,1,0.0694171355310031,NA,0.40693773493006,0,0.19928891234468,-0.0602349524178509,0.0133331200295337,0.906613065326633,1,"S6","null",1000,70,0.352588811263852,78.0525258642543,0,0.2,0.3,"none",0,37,0
0.279874490904921,-0.00275177031759492,1,1,0.283451365505644,NA,0.999997377766085,1,0.28926337152318,NA,0.998373359348207,1,0.335068324083036,0.0482659152047246,NA,1,1,"S6","null",1000,70,0.352588811263852,90.6200449002207,0,0.2,0.3,"none",0,38,0
0.219460202715868,0.00708893725386311,0.999999999999999,1,0.116106011228678,NA,0.926447665821831,0,0.00410894827489847,NA,0.0544052788168287,0,0.0746539113188575,0.00202952815113662,0.0150279663496175,0.437572864321608,0,"S6","null",1000,70,0.352588811263852,75.2133717872362,0,0.2,0.3,"none",0,39,0
0.266792155035479,0.013803022560377,1,1,0.161035720498164,NA,0.974687364261762,1,0.0646579203370066,NA,0.353152411801666,0,0.0531366950252999,0.0245791735422236,0.0168790068518299,0.349293969849246,0,"S6","null",1000,70,0.352588811263852,60.7874966944601,0,0.2,0.3,"none",0,40,0
0.301127812010252,-0.00545815066449735,1,1,0.268619026173517,NA,0.999991927417411,1,0.189354846451681,NA,0.853527424474327,1,0.292901310772943,0.034042208919401,7.03535264927295e-05,0.999929648241206,1,"S6","null",1000,70,0.352588811263852,85.2716826154671,0,0.2,0.3,"none",0,41,0
0.192825027897617,0.00138007546990197,0.999999999998957,1,0.103753382575806,NA,0.91135722862301,0,0.0241950125131671,NA,0.184611026349774,0,0.0366884482820938,0.00598840806931251,0.0116046178586862,0.276801507537688,0,"S6","null",1000,70,0.352588811263852,88.6458630642339,0,0.2,0.3,"none",0,42,0
0.263810196161986,0.0088059797662895,1,1,0.20858777090349,NA,0.997184626210095,1,0.0637949494726659,NA,0.353618561599671,0,0.233024291474243,0.0325184929496117,0.0103974386274042,0.93821608040201,1,"S6","null",1000,70,0.352588811263852,71.0976175455302,0,0.2,0.3,"none",0,43,0
0.276035709163816,0.00955328131571488,1,1,0.133838227395444,NA,0.959629132674202,1,0.0117380852250299,NA,0.103711486141932,0,0.0201410480889589,0.00497199895418517,0.00791197916987423,0.169439698492462,0,"S6","null",1000,70,0.352588811263852,76.6614457852578,0,0.2,0.3,"none",0,44,0
0.209755505632306,0.00345264669099688,0.999999999999944,1,0.136407606754381,NA,0.974167331884993,1,0.0246460549872629,NA,0.186450972099218,0,0.162196407881123,0.0533032662523611,0.0176898892954052,0.854698492462312,1,"S6","null",1000,70,0.352588811263852,95.0133046239267,0,0.2,0.3,"none",0,45,0
0.220581736360723,0.0210647328078868,1,1,0.178851461815885,NA,0.994978383261673,1,0.106526068133188,NA,0.577084076374053,1,0.187007362235527,-0.0283357670472748,0.0150986921068622,0.885035175879397,1,"S6","null",1000,70,0.352588811263852,71.2873002653973,0,0.2,0.3,"none",0,46,0
0.20821072352199,-0.0249470902923323,0.999999999998936,1,0.142540344980205,NA,0.975058151746489,1,0.0208379041571088,NA,0.16162354790777,0,0.0529152407414445,0.00738282245941422,0.013481482457637,0.350819095477387,0,"S6","null",1000,70,0.352588811263852,96.7230366720832,0,0.2,0.3,"none",0,47,0
0.199096112722036,-0.0186308681097209,0.999999999999306,1,0.14034807552657,NA,0.976759412098228,1,0.0199581997355053,NA,0.152490906416517,0,0.166006768253765,-0.0573660729038182,0.013332843638966,0.883424623115578,1,"S6","null",1000,70,0.352588811263852,79.9502697715712,0,0.2,0.3,"none",0,48,0
0.214227097967749,-0.00747483888015022,0.999999999999996,1,0.0820815565938139,NA,0.812547572970219,0,0.00165245560610102,NA,0.0392130305185356,0,0.104772746469002,-0.0328883072184331,0.0181505759585808,0.633552763819096,1,"S6","null",1000,70,0.352588811263852,75.0336084975996,0,0.2,0.3,"none",0,49,0
0.262519499186768,0.0527247688752955,1,1,0.19981005743593,NA,0.997903606854359,1,0.0936425935864328,NA,0.498556618030652,0,0.231870339437605,0.0779538243527508,0.00527972606070156,0.981982412060301,1,"S6","null",1000,70,0.352588811263852,80.2290035512245,0,0.2,0.3,"none",0,50,0
0.247123848367742,-0.0068197848220028,1,1,0.107506886202675,NA,0.917834553945012,0,0.0504038240008032,NA,0.324576789535984,0,0.00997554840063996,-0.00236204121201054,0.00419690591303323,0.109793969849246,0,"S6","null",1000,70,0.352588811263852,75.2490137691488,0,0.2,0.3,"none",0,51,0
0.256875614598403,0.0147160000374144,1,1,0.1851629372628,NA,0.996901952857957,1,0.17893289144638,NA,0.865175214657099,1,0.109954540655651,0.002030235710352,0.0177056003545648,0.608592964824121,1,"S6","null",1000,70,0.352588811263852,84.5826551206952,0,0.2,0.3,"none",0,52,0
0.240043712420553,0.00461076950901295,1,1,0.180100821259187,NA,0.99185097263878,1,0.0750443617830974,NA,0.400766105498682,0,0.125643053078474,-0.0330524038417514,0.0125487841154659,0.678472361809045,1,"S6","null",1000,70,0.352588811263852,78.125092166312,0,0.2,0.3,"none",0,53,0
0.222180110528989,-0.028433709755605,1,1,0.206579854743513,NA,0.999527409228594,1,0.188932323688815,NA,0.888820618202682,1,0.245017950077086,0.0120091263685626,0.00528854396802363,0.99078391959799,1,"S6","null",1000,70,0.352588811263852,88.5196683794067,0,0.2,0.3,"none",0,54,0
0.267060539211325,-0.00245683519884727,1,1,0.151054123881619,NA,0.976051796297844,1,0.0398640219482721,NA,0.267264924840185,0,0.149713256579797,0.138827554043193,0.00997582004080183,0.932180904522613,1,"S6","null",1000,70,0.352588811263852,76.0255878288653,0,0.2,0.3,"none",0,55,0
0.212496796969582,-0.0093414912841611,0.999999999999978,1,0.12741466290701,NA,0.970826571808907,1,0.0192348517488106,NA,0.163850053649256,0,0.128557070588078,0.0195963358061893,0.016323073804801,0.728731155778894,1,"S6","null",1000,70,0.352588811263852,100.867515637791,0,0.2,0.3,"none",0,56,0
0.210835786985389,-0.00283640805469824,1,1,0.104076667753205,NA,0.931764495536617,0,0.00422677246643893,NA,0.0594577157307614,0,0.00498206186372173,0.0025171637852952,0.00344827143840974,0.0726281407035176,0,"S6","null",1000,70,0.352588811263852,86.9529515531835,0,0.2,0.3,"none",0,57,0
0.253649080503014,0.00500545643967469,1,1,0.167621398675922,NA,0.989750927281479,1,0.028429425582052,NA,0.204195199156179,0,0.104465021866078,0.00121279395633795,0.0153071437383481,0.560286432160804,1,"S6","null",1000,70,0.352588811263852,67.1649236624357,0,0.2,0.3,"none",0,58,0
0.260749171141092,-0.0230700677143537,1,1,0.228892268688834,NA,0.999651765340357,1,0.137551350198336,NA,0.661909591121232,1,0.179778874415998,0.0102537435682568,0.0171956519082948,0.84409296482412,1,"S6","null",1000,70,0.352588811263852,77.7547925731702,0,0.2,0.3,"none",0,59,0
0.27796028842096,-0.0116978171022344,1,1,0.196942417107813,NA,0.998575979563009,1,0.0852159559954203,NA,0.489839939442208,0,0.2226234629467,-0.00190069361349677,0.0078299273451807,0.958547738693467,1,"S6","null",1000,70,0.352588811263852,84.084994567211,0,0.2,0.3,"none",0,60,0
0.219039441080672,0.000782266786648387,1,1,0.178266172704703,NA,0.99544367591269,1,0.148804366487725,NA,0.755975483510045,1,0.149028552640968,0.00489519119125562,0.0144007922629031,0.765381909547739,1,"S6","null",1000,70,0.352588811263852,74.7898940539385,0,0.2,0.3,"none",0,61,0
0.255443064519661,0.00804349054482415,1,1,0.174660877044189,NA,0.996483310312204,1,0.0380411884545433,NA,0.260121279072965,0,0.172300366836824,0.0110273236649946,0.0137927231446453,0.875633165829146,1,"S6","null",1000,70,0.352588811263852,87.6353431145439,0,0.2,0.3,"none",0,62,0
0.256976328396843,0.0251740052281533,1,1,0.161115401864261,NA,0.992413823837765,1,0.0419343054739736,NA,0.281500083449403,0,0.166916242656667,-0.0259528581004265,0.014541929386505,0.843570351758794,1,"S6","null",1000,70,0.352588811263852,93.283677997401,0,0.2,0.3,"none",0,63,0
0.233011016916841,-0.00912410997388809,1,1,0.121454219165479,NA,0.972970561297151,1,0.0372179557881779,NA,0.291201786800179,0,0.113411522420413,-0.0352597286488066,0.0169903072007749,0.717733668341709,1,"S6","null",1000,70,0.352588811263852,109.629641677956,0,0.2,0.3,"none",0,64,0
0.177114663825472,-0.023421870150027,0.999999999957773,1,0.0806978992929474,NA,0.812911479163257,0,0.0070952684248369,NA,0.0773830032974933,0,0.00237653338967378,0.000514401448321442,0.00260810356189186,0.045713567839196,0,"S6","null",1000,70,0.352588811263852,84.5283570147314,0,0.2,0.3,"none",0,65,0
0.260019727100237,-0.00478712469372969,1,1,0.0851868905257809,NA,0.82457367555201,0,0.00430867595928358,NA,0.0587879570602236,0,0.00467363718728026,0.00155676903464174,0.0030626872807674,0.0649698492462312,0,"S6","null",1000,70,0.352588811263852,80.1066673779424,0,0.2,0.3,"none",0,66,0
0.223128447751391,0.0193685952985819,1,1,0.165263123857342,NA,0.995711174961458,1,0.028104284579637,NA,0.219718935757058,0,0.122365168358054,0.0242757353787764,0.0186870784937054,0.712105527638191,1,"S6","null",1000,70,0.352588811263852,93.1486746921942,0,0.2,0.3,"none",0,67,0
0.239784989474482,0.023324270082487,1,1,0.216117002463644,NA,0.998982182320007,1,0.202860319754925,NA,0.893774556715186,1,0.266109095921262,0.138032481227248,NA,1,1,"S6","null",1000,70,0.352588811263852,71.0685444939868,0,0.2,0.3,"none",0,68,0
0.256356384826245,0.00144382047198108,1,1,0.231804394601055,NA,0.99975857868789,1,0.108782340155122,NA,0.544448231289324,1,0.271744457859357,0.0206835762745237,0.00237363918315342,0.995969849246231,1,"S6","null",1000,70,0.352588811263852,75.2568321434515,0,0.2,0.3,"none",0,69,0
0.24341420660782,-0.0250071280212512,1,1,0.149239780620947,NA,0.989192489016225,1,0.0428240132590136,NA,0.303425374405372,0,0.207551285658429,-0.050402326488299,0.00587291906732985,0.981201005025126,1,"S6","null",1000,70,0.352588811263852,91.3135920247725,0,0.2,0.3,"none",0,70,0
0.268556543780824,0.000262326512264966,1,1,0.2220781865781,NA,0.999757543359345,1,0.11339431153793,NA,0.627848697622323,1,0.113447971686146,0.00483457096257386,0.0168375115948137,0.656904522613065,1,"S6","null",1000,70,0.352588811263852,92.017599470757,0,0.2,0.3,"none",0,71,0
0.259813386749632,-0.0171605034282375,1,1,0.105355652977794,NA,0.903989259998391,0,0.00962957414865211,NA,0.092380140496981,0,0.0359477714264894,0.00444577557410022,0.00918921058557683,0.267618090452261,0,"S6","null",1000,70,0.352588811263852,83.9369820845769,0,0.2,0.3,"none",0,72,0
0.281177006434925,0.00104202225156481,1,1,0.250248997545452,NA,0.999985081607387,1,0.224297460800626,NA,0.970029512870794,1,0.300315687605053,-0.0367311374754394,0.00122364883578426,0.998776381909548,1,"S6","null",1000,70,0.352588811263852,93.1209523599341,0,0.2,0.3,"none",0,73,0
0.241161545877974,0.0137331069817563,1,1,0.205598063424056,NA,0.998704750267214,1,0.121222206329344,NA,0.626432257729342,1,0.294514257140367,0.0222887920016122,NA,1,1,"S6","null",1000,70,0.352588811263852,84.058667137827,0,0.2,0.3,"none",0,74,0
0.222377906335386,-0.0161239798827632,1,1,0.0937732284228018,NA,0.871026739991706,0,0.0063680787618518,NA,0.0728334664700465,0,0.0260465645507596,0.00795646146203341,0.0103312284905538,0.212329145728643,0,"S6","null",1000,70,0.352588811263852,80.1931357295021,0,0.2,0.3,"none",0,75,0
0.228173483285542,-0.00467605712375403,1,1,0.135249911858587,NA,0.966771758959723,1,0.0229854773641029,NA,0.178316975780336,0,0.0233616131276985,-0.00974836147543645,0.00913269927742375,0.197603015075377,0,"S6","null",1000,70,0.352588811263852,81.5979536922542,0,0.2,0.3,"none",0,76,0
0.249829930003591,0.0050517026170657,1,1,0.170779144608934,NA,0.990157662909825,1,0.0217818200753831,NA,0.157920725829064,0,0.17493991340111,0.00909061582567846,0.0176269007084097,0.817896984924623,1,"S6","null",1000,70,0.352588811263852,76.9510887878557,0,0.2,0.3,"none",0,77,0
0.221513330084238,-0.00533766369291616,0.999999999999999,1,0.183287806557329,NA,0.995589634073265,1,0.0694227001556364,NA,0.403845126969017,0,0.163290103658132,-0.0345948900500138,0.0164312409061456,0.809532663316583,1,"S6","null",1000,70,0.352588811263852,80.4652250732141,0,0.2,0.3,"none",0,78,0
0.2571626710692,-0.0155877338132886,1,1,0.128951775430499,NA,0.958226830220262,1,0.00956029062710369,NA,0.0907915315981089,0,0.0169799225867719,0.0101636830766374,0.0065182947824975,0.168909547738693,0,"S6","null",1000,70,0.352588811263852,78.9478380048719,0,0.2,0.3,"none",0,79,0
0.295094682417766,0.0179150500325665,1,1,0.176530855756447,NA,0.98893082654686,1,0.0579102410497755,NA,0.338149744161557,0,0.102463449850131,0.00887791934592522,0.0162697281487627,0.508502512562814,1,"S6","null",1000,70,0.352588811263852,66.0860259074344,0,0.2,0.3,"none",0,80,0
0.279549339784723,0.0098783775970771,1,1,0.194736775475384,NA,0.994549458466258,1,0.0429823922596067,NA,0.256571396012281,0,0.23667729451216,0.0137841295724746,0.010056905952589,0.934763819095477,1,"S6","null",1000,70,0.352588811263852,67.6541280799153,0,0.2,0.3,"none",0,81,0
0.219285921882018,-0.00969616829330494,0.999999999999998,1,0.110106370100873,NA,0.926473459136359,0,0.0249509552775277,NA,0.185354452669759,0,0.0365099287400276,-0.0024140579477587,0.00922570111902277,0.264371859296482,0,"S6","null",1000,70,0.352588811263852,83.1962336102296,0,0.2,0.3,"none",0,82,0
0.238901396505828,-0.00845243580456105,1,1,0.199950707946085,NA,0.999583168746778,1,0.16816774094977,NA,0.850045233376773,1,0.243518254604145,0.0375952011794104,0.00196314098857617,0.996889447236181,1,"S6","null",1000,70,0.352588811263852,97.2188159494246,0,0.2,0.3,"none",0,83,0
0.257696321588245,-0.0250182851166411,1,1,0.210588335121094,NA,0.99935897218101,1,0.16225083873543,NA,0.793329343839375,1,0.23035606452953,-0.0419099350073037,0.00600073320817728,0.979381909547739,1,"S6","null",1000,70,0.352588811263852,95.8441868123459,0,0.2,0.3,"none",0,84,0
0.232808169517107,0.00821125920070118,1,1,0.142417129934359,NA,0.978391528086768,1,0.0355009020509932,NA,0.245269288592135,0,0.0981829594401781,-0.0156527854572996,0.0148220404332255,0.579165829145729,1,"S6","null",1000,70,0.352588811263852,85.347045295928,0,0.2,0.3,"none",0,85,0
0.270576799954277,-0.0114092459014282,1,1,0.151512831779164,NA,0.975345734379126,1,0.0282507447902194,NA,0.198625744338048,0,0.0437420306868662,-0.0213632525906308,0.0143918171748703,0.317675879396985,0,"S6","null",1000,70,0.352588811263852,75.4021389694534,0,0.2,0.3,"none",0,86,0
0.246456429402749,0.02564415395361,1,1,0.157521152021745,NA,0.989707429700912,1,0.0123945562985044,NA,0.112141701342935,0,0.0726838732572211,0.0249756049468444,0.0177317209336084,0.489947236180905,0,"S6","null",1000,70,0.352588811263852,74.9767066951593,0,0.2,0.3,"none",0,87,0
0.243364702050856,-0.00049229905298681,1,1,0.197193633260261,NA,0.99825011467666,1,0.134484399022545,NA,0.690761458031211,1,0.0785766932753995,0.0138016975362036,0.0164924069626569,0.483520100502513,0,"S6","null",1000,70,0.352588811263852,94.5250902951333,0,0.2,0.3,"none",0,88,0
0.19295636566917,-0.00667343875285264,0.999999999977432,1,0.055666522439137,NA,0.572219873312463,0,0.00276512803328686,NA,0.0441675494462333,0,-0.00142298680837686,0.000193889697280737,0.00279135066567896,0.0476934673366834,0,"S6","null",1000,70,0.352588811263852,75.4342895969048,0,0.2,0.3,"none",0,89,0
0.244674341314668,-0.00253462672292806,1,1,0.143640163417165,NA,0.984054817492084,1,0.021181484568477,NA,0.164354298007431,0,0.0951891972701046,0.0127439138733226,0.0172111395459529,0.577550251256281,1,"S6","null",1000,70,0.352588811263852,87.7226748149215,0,0.2,0.3,"none",0,90,0
0.188141899190468,-0.00333065428968933,0.999999999999233,1,0.164897881400768,NA,0.996378220667437,1,0.12140490218945,NA,0.696723199034748,1,0.119171666737157,0.00495227070265051,0.0171692583967022,0.701962311557789,1,"S6","null",1000,70,0.352588811263852,96.5808045096383,0,0.2,0.3,"none",0,91,0
0.254593206352482,0.00579255543973368,1,1,0.216266516908584,NA,0.999040950145372,1,0.060355510815501,NA,0.353640912625977,0,0.209827600131763,0.0895122077156845,0.00923727337407431,0.952015075376884,1,"S6","null",1000,70,0.352588811263852,90.957335192802,0,0.2,0.3,"none",0,92,0
0.226595024116298,-0.0176855224724144,1,1,0.139140239155155,NA,0.977939521638997,1,0.01783225323799,NA,0.144847277866706,0,0.174154999085861,0.0720221040955802,0.0110166783036762,0.904,1,"S6","null",1000,70,0.352588811263852,77.7064045280194,0,0.2,0.3,"none",0,93,0
0.212057336907671,-0.0176582887370345,0.999999999999999,1,0.153441029412671,NA,0.989248973524279,1,0.0689450664226776,NA,0.43083866777823,0,0.0367716297459002,-0.0171762210323221,0.0112738896203391,0.309414572864322,0,"S6","null",1000,70,0.352588811263852,83.2805158902724,0,0.2,0.3,"none",0,94,0
0.290537424069222,0.0112712217271917,1,1,0.273894007729156,NA,0.999992592077711,1,0.233846163658797,NA,0.955036181336606,1,0.302980714803235,-0.0418395965280891,0.00014573230487777,0.999854271356784,1,"S6","null",1000,70,0.352588811263852,88.0140589724979,0,0.2,0.3,"none",0,95,0
0.3177318011672,0.0153833840466925,1,1,0.291648616488697,NA,0.999997575799671,1,0.292137890407521,NA,0.99759299423599,1,0.321093828162189,0.145017957129535,NA,1,1,"S6","null",1000,70,0.352588811263852,92.3954144582046,0,0.2,0.3,"none",0,96,0
0.259445801688787,-0.0278446147419321,1,1,0.194640406105001,NA,0.998971061486828,1,0.0429288504425471,NA,0.277937445620835,0,0.238315656215442,0.000508964510988259,0.00854195023729197,0.983620603015075,1,"S6","null",1000,70,0.352588811263852,95.0347227204908,0,0.2,0.3,"none",0,97,0
0.227029267291172,0.0133473230317184,1,1,0.176080364840137,NA,0.994977408793426,1,0.0584239017465955,NA,0.355193452930534,0,0.196648050759417,-0.036143434734055,0.0100211577121103,0.920288944723618,1,"S6","null",1000,70,0.352588811263852,81.091840695896,0,0.2,0.3,"none",0,98,0
0.208728034330747,-0.00319041606992628,0.999999999999976,1,0.166296454930074,NA,0.992233459528584,1,0.186063120873049,NA,0.88538227846459,1,0.178045366423602,0.0656052732843405,0.0116383283533029,0.892386934673367,1,"S6","null",1000,70,0.352588811263852,83.7401147458172,0,0.2,0.3,"none",0,99,0
0.241038694840739,-0.000440747120574651,1,1,0.193339566932543,NA,0.998487303311957,1,0.131541578473415,NA,0.678410118959494,1,0.234984503098542,0.0692464919338232,0.00151543232164745,0.99748743718593,1,"S6","null",1000,70,0.352588811263852,85.2657246337862,0,0.2,0.3,"none",0,100,0
0.287954662674161,-0.0148055958815624,1,1,0.373014857495333,NA,0.999999994543366,1,0.325524186821042,NA,0.999110546993426,1,0.426564772861184,-0.0254054609542266,NA,1,1,"S6","null",1000,70,0.352588811263852,78.8203445523266,0,0.4,0.3,"none",0,1,0
0.303664104261873,0.0269779098931133,1,1,0.378023900014683,NA,0.999999971419886,1,0.369033216037025,NA,0.999961191469487,1,0.390702433654038,-0.0642357716220938,NA,1,1,"S6","null",1000,70,0.352588811263852,66.1810166856092,0,0.4,0.3,"none",0,2,0
0.29488203394378,0.0267089541635609,1,1,0.411136508284351,NA,0.9999999999108,1,0.383765657145502,NA,0.999999293965455,1,0.439935844150502,-0.0325012554895286,NA,1,1,"S6","null",1000,70,0.352588811263852,81.328141819481,0,0.4,0.3,"none",0,3,0
0.302474299448069,0.0207769877111719,1,1,0.317297214213353,NA,0.999999463681825,1,0.280259612285149,NA,0.995569561229416,1,0.322790103135267,-0.0622759041923245,NA,1,1,"S6","null",1000,70,0.352588811263852,86.9723915612407,0,0.4,0.3,"none",0,4,0
0.288749259984509,-0.00387557520604231,1,1,0.327562116118023,NA,0.999995841340364,1,0.288659429985394,NA,0.981903062010236,1,0.336589094038431,-0.0460929620832873,0.00157290384230155,0.998427135678392,1,"S6","null",1000,70,0.352588811263852,60.484150909371,0,0.4,0.3,"none",0,5,0
0.246985852664691,0.0248059367682547,1,1,0.284942695879182,NA,0.999985736753165,1,0.160637923522297,NA,0.730835721417958,1,0.306369692593617,0.0279856173810158,0.000570366089780359,0.999429648241206,1,"S6","null",1000,70,0.352588811263852,70.5127305671182,0,0.4,0.3,"none",0,6,0
0.316803968734953,0.0184806032833391,1,1,0.412755034804494,NA,0.999999999982193,1,0.409774750306812,NA,0.999999853916148,1,0.455940829111268,0.114465029399205,NA,1,1,"S6","null",1000,70,0.352588811263852,91.0423013349173,0,0.4,0.3,"none",0,7,0
0.301825698196197,0.0210773739366156,1,1,0.448342941248426,NA,0.99999999999868,1,0.431108024692937,NA,0.999999926063436,1,0.527312756301906,-0.0312792796287548,NA,1,1,"S6","null",1000,70,0.352588811263852,84.9307787627773,0,0.4,0.3,"none",0,8,0
0.298162893322457,0.00311493503308207,1,1,0.360145707131168,NA,0.999999968523827,1,0.315144290593975,NA,0.999308895785913,1,0.405398505281084,-0.0867712871125478,NA,1,1,"S6","null",1000,70,0.352588811263852,81.8555419823688,0,0.4,0.3,"none",0,9,0
0.308004266335769,-0.022779067422698,1,1,0.352127099588032,NA,0.99999995042326,1,0.342022372623748,NA,0.999811415161189,1,0.379648725828951,0.0194909422676992,NA,1,1,"S6","null",1000,70,0.352588811263852,76.9274866124685,0,0.4,0.3,"none",0,10,0
0.314482717207967,0.0164483267739159,1,1,0.413899574316515,NA,0.999999999992328,1,0.357092440318768,NA,0.99993465926695,1,0.547742548778809,-0.0938439692646004,NA,1,1,"S6","null",1000,70,0.352588811263852,92.753651031641,0,0.4,0.3,"none",0,11,0
0.311816441583932,-0.0390276133761513,1,1,0.360384945489212,NA,0.999999999643619,1,0.3269283654492,NA,0.99995936695871,1,0.416236514041663,0.0415317586583593,NA,1,1,"S6","null",1000,70,0.352588811263852,95.207752576345,0,0.4,0.3,"none",0,12,0
0.306706316321205,0.00849881889900759,1,1,0.323872393211596,NA,0.999999132724239,1,0.275439044619603,NA,0.981141214653885,1,0.327211459252368,0.0944826591958555,NA,1,1,"S6","null",1000,70,0.352588811263852,72.3573821837731,0,0.4,0.3,"none",0,13,0
0.297556515318612,0.00157489149862108,1,1,0.430140918698958,NA,0.999999999999148,1,0.363233465559439,NA,0.999961876831073,1,0.47429321344107,-0.00153228862344202,NA,1,1,"S6","null",1000,70,0.352588811263852,87.0557428398391,0,0.4,0.3,"none",0,14,0
0.319402871041305,-0.0179788330578491,1,1,0.294102999625334,NA,0.999996662788949,1,0.276775827955273,NA,0.992352018356003,1,0.258966959743686,-0.0654540801875833,0.00125936807722215,0.997804020100503,1,"S6","null",1000,70,0.352588811263852,77.4291689062648,0,0.4,0.3,"none",0,15,0
0.303940174248624,-0.0109779746884576,1,1,0.313140709819493,NA,0.999996345441795,1,0.32491801038248,NA,0.998071045156817,1,0.325139051218319,0.0799833777041267,NA,1,1,"S6","null",1000,70,0.352588811263852,72.9064591591827,0,0.4,0.3,"none",0,16,0
0.287727766403752,-0.0131224512892353,1,1,0.344041347566837,NA,0.999999889753323,1,0.30543219904042,NA,0.996646309223752,1,0.410613948625957,0.015856083672319,NA,1,1,"S6","null",1000,70,0.352588811263852,82.8717063322509,0,0.4,0.3,"none",0,17,0
0.252562298705059,0.013461568019001,1,1,0.269160947913963,NA,0.999984349952218,1,0.219870122934906,NA,0.916498878691854,1,0.390194923237488,0.0199460160773612,NA,1,1,"S6","null",1000,70,0.352588811263852,81.5330588151347,0,0.4,0.3,"none",0,18,0
0.297274471155721,-0.013521938380195,1,1,0.3396333426842,NA,0.999999843840264,1,0.339575477944622,NA,0.999822181481315,1,0.403333531741525,0.0206862365996803,NA,1,1,"S6","null",1000,70,0.352588811263852,78.7491561243449,0,0.4,0.3,"none",0,19,0
0.287724627772072,-0.0113534087070219,1,1,0.285255018622253,NA,0.999997732480341,1,0.290407591004353,NA,0.999468813702023,1,0.34324246961456,-0.0284316157492938,NA,1,1,"S6","null",1000,70,0.352588811263852,87.7526594790997,0,0.4,0.3,"none",0,20,0
0.303429559989132,0.00644403008934792,1,1,0.389144209576024,NA,0.99999998201683,1,0.390067089845679,NA,0.999936009643326,1,0.419353114809451,0.125380554569764,NA,1,1,"S6","null",1000,70,0.352588811263852,75.4171054268225,0,0.4,0.3,"none",0,21,0
0.290804867033509,0.00156508299156571,1,1,0.344261146175425,NA,0.999999974799371,1,0.29529884054846,NA,0.99777369795816,1,0.40180570968946,-0.0429243397330495,NA,1,1,"S6","null",1000,70,0.352588811263852,93.6069575103646,0,0.4,0.3,"none",0,22,0
0.33264082081365,-0.0172470702052653,1,1,0.354712343723975,NA,0.999999986082732,1,0.330066922345941,NA,0.999884218088399,1,0.41560106341363,0.078761093782307,NA,1,1,"S6","null",1000,70,0.352588811263852,88.5670805202712,0,0.4,0.3,"none",0,23,0
0.307216313552624,0.0319391477299496,1,1,0.283624123049888,NA,0.999997319930272,1,0.24953229576945,NA,0.977604492544567,1,0.314643723718983,0.040399698013833,NA,1,1,"S6","null",1000,70,0.352588811263852,87.6433125539054,0,0.4,0.3,"none",0,24,0
0.29580524635112,-0.0295692488348195,1,1,0.342554444568075,NA,0.999999812050856,1,0.335450865595751,NA,0.999525851097285,1,0.400364397878262,0.0177668288134674,NA,1,1,"S6","null",1000,70,0.352588811263852,78.9843869694925,0,0.4,0.3,"none",0,25,0
0.33197388970895,0.0182304474777985,1,1,0.427675917375849,NA,0.999999999424021,1,0.402493713462437,NA,0.999985601797485,1,0.522843714394621,0.0646897470521906,NA,1,1,"S6","null",1000,70,0.352588811263852,76.886404154256,0,0.4,0.3,"none",0,26,0
0.286498805496042,-0.0137886818778605,1,1,0.275372762317358,NA,0.99996552281014,1,0.236453395692548,NA,0.941391059858953,1,0.346481164298147,-0.0967869527363795,NA,1,1,"S6","null",1000,70,0.352588811263852,75.9917817376918,0,0.4,0.3,"none",0,27,0
0.294151476887273,-0.0342715850064673,1,1,0.363225090808706,NA,0.99999999760932,1,0.331161582557982,NA,0.999867581916975,1,0.440642333975349,-0.00493076718443699,NA,1,1,"S6","null",1000,70,0.352588811263852,85.2490877674555,0,0.4,0.3,"none",0,28,0
0.275279073823125,0.00315245682956399,1,1,0.356805917400514,NA,0.999999849742107,1,0.335613643671392,NA,0.999376811816674,1,0.384112542948487,-0.0513700418103945,NA,1,1,"S6","null",1000,70,0.352588811263852,75.1030455557646,0,0.4,0.3,"none",0,29,0
0.260945461882532,-0.00525171197076864,1,1,0.291048401841326,NA,0.999994648177302,1,0.256988536457869,NA,0.9673847162665,1,0.307124669044907,0.0497677062861761,0.000143219678931626,0.999856783919598,1,"S6","null",1000,70,0.352588811263852,87.1967940913459,0,0.4,0.3,"none",0,30,0
0.302015016370235,-0.00361314294988538,1,1,0.326466701991957,NA,0.999999981880746,1,0.320012175542235,NA,0.99991168019267,1,0.339614682915178,0.0459378137135512,NA,1,1,"S6","null",1000,70,0.352588811263852,99.3978568786624,0,0.4,0.3,"none",0,31,0
0.286434665345947,0.00116456995973976,1,1,0.363065985327015,NA,0.999999998863386,1,0.305859108310722,NA,0.998703758513563,1,0.370792937473334,0.0430973292908017,NA,1,1,"S6","null",1000,70,0.352588811263852,106.193375693082,0,0.4,0.3,"none",0,32,0
0.304236129576424,-0.00406593484645218,1,1,0.273140481712614,NA,0.999943995946978,1,0.0996119378511696,NA,0.500789292035776,1,0.294413837013692,-0.0598395216243972,0.00171287573924011,0.996997487437186,1,"S6","null",1000,70,0.352588811263852,76.2860177317036,0,0.4,0.3,"none",0,33,0
0.355791800013203,-0.0144293594236074,1,1,0.477590409402822,NA,0.999999999999917,1,0.436577536506301,NA,0.999999898401685,1,0.575655060738872,-0.0870779924606035,NA,1,1,"S6","null",1000,70,0.352588811263852,85.3814039302267,0,0.4,0.3,"none",0,34,0
0.285194539420418,0.00134123691969015,1,1,0.40648614821287,NA,0.999999999861034,1,0.378931992051567,NA,0.999959842329026,1,0.484066730407556,0.015369504713734,NA,1,1,"S6","null",1000,70,0.352588811263852,84.7436357711238,0,0.4,0.3,"none",0,35,0
0.302725594448358,-0.000828285326689647,1,1,0.382180173024555,NA,0.999999999960442,1,0.354339313665019,NA,0.999998301008112,1,0.442150910241075,-0.0119388984524585,NA,1,1,"S6","null",1000,70,0.352588811263852,98.1419805288215,0,0.4,0.3,"none",0,36,0
0.333557693748736,-0.0254089122456378,1,1,0.401301786021831,NA,0.99999999466241,1,0.363277944927455,NA,0.999391421561552,1,0.454929117921799,-0.0577818046622305,NA,1,1,"S6","null",1000,70,0.352588811263852,74.3143037999147,0,0.4,0.3,"none",0,37,0
0.268270592806903,-0.019053905476604,1,1,0.29597428908875,NA,0.99999771810098,1,0.257796349360097,NA,0.981755453225696,1,0.320150371908039,0.00351998983828737,0.000344229754625155,0.999655778894472,1,"S6","null",1000,70,0.352588811263852,78.9899681384385,0,0.4,0.3,"none",0,38,0
0.272486559545799,0.0194421002976744,1,1,0.289105121657241,NA,0.999997731579205,1,0.253162788249678,NA,0.989085995122006,1,0.300021012852864,0.0572124991357259,NA,1,1,"S6","null",1000,70,0.352588811263852,89.5217360694986,0,0.4,0.3,"none",0,39,0
0.315428040599231,-0.0045825543388553,1,1,0.350808713559099,NA,0.999999997524304,1,0.328195594747966,NA,0.999951280300712,1,0.390985652708395,0.0899547220192306,NA,1,1,"S6","null",1000,70,0.352588811263852,93.5684701129909,0,0.4,0.3,"none",0,40,0
0.31550589925014,-0.00905632277160112,1,1,0.397128661357608,NA,0.999999999988123,1,0.337625682198898,NA,0.999956134373631,1,0.465447418924881,-0.00233034578388921,NA,1,1,"S6","null",1000,70,0.352588811263852,94.7515437148077,0,0.4,0.3,"none",0,41,0
0.277570150198495,-0.0100599323590627,1,1,0.280995848535776,NA,0.999993057956896,1,0.254191651582204,NA,0.982290983248532,1,0.312783882642135,-0.0769194825604047,1.75883816231824e-05,0.999982412060301,1,"S6","null",1000,70,0.352588811263852,91.3268511113023,0,0.4,0.3,"none",0,42,0
0.291224050690438,0.00692922953051161,1,1,0.39595012082647,NA,0.999999996574668,1,0.357081446970169,NA,0.999883405060073,1,0.410801903220779,-0.0794470327578852,NA,1,1,"S6","null",1000,70,0.352588811263852,76.7114965770236,0,0.4,0.3,"none",0,43,0
0.312642275108641,0.0158306057933221,1,1,0.339097812260586,NA,0.999998284639534,1,0.297893043055261,NA,0.980202055842325,1,0.387918680746335,0.0926624427280104,NA,1,1,"S6","null",1000,70,0.352588811263852,70.51775057424,0,0.4,0.3,"none",0,44,0
0.25099378209426,-0.00439019074624255,1,1,0.26041711007723,NA,0.999992086002021,1,0.236988262840088,NA,0.98262571095718,1,0.281878544624868,0.0293739760860901,0.000505037815180037,0.999494974874372,1,"S6","null",1000,70,0.352588811263852,94.047765205223,0,0.4,0.3,"none",0,45,0
0.263374389459989,0.0300209381419706,1,1,0.348664824366595,NA,0.999999388277113,1,0.321525890313802,NA,0.993125133319066,1,0.44539237995332,0.0614143339499471,NA,1,1,"S6","null",1000,70,0.352588811263852,66.6387276909005,0,0.4,0.3,"none",0,46,0
0.314138420368211,-0.0220505157788063,1,1,0.407818868050634,NA,0.999999999959113,1,0.384130515902258,NA,0.999998105564418,1,0.436932168168595,-0.0111113870426383,NA,1,1,"S6","null",1000,70,0.352588811263852,97.781347149483,0,0.4,0.3,"none",0,47,0
0.250106498216256,0.00824779895888867,1,1,0.248125748995033,NA,0.99998769188095,1,0.207103637079746,NA,0.944840759483715,1,0.28531864298695,0.112282777473269,NA,1,1,"S6","null",1000,70,0.352588811263852,97.15137591207,0,0.4,0.3,"none",0,48,0
0.271169418100114,0.0166649718787181,1,1,0.31012919114369,NA,0.999999838188615,1,0.290759364110059,NA,0.997090255089102,1,0.331291719127509,-0.0175481608487542,NA,1,1,"S6","null",1000,70,0.352588811263852,89.7610173133888,0,0.4,0.3,"none",0,49,0
0.304852871352508,-0.0110718784424264,1,1,0.382227806083639,NA,0.999999994526655,1,0.336406744063897,NA,0.999596730004417,1,0.454468020427659,0.014362369308128,NA,1,1,"S6","null",1000,70,0.352588811263852,75.6597434189285,0,0.4,0.3,"none",0,50,0
0.274419868615307,0.0276367662128045,1,1,0.29004260936526,NA,0.999997633806958,1,0.283155096204796,NA,0.994216103455187,1,0.325615125329856,-0.00627515486442253,NA,1,1,"S6","null",1000,70,0.352588811263852,81.725692979071,0,0.4,0.3,"none",0,51,0
0.256872135571769,0.00368480794589606,1,1,0.255347686752248,NA,0.999909390935989,1,0.240578207791034,NA,0.949918978962014,1,0.251851642526669,0.0398418129681919,0.00669592607529488,0.978577889447236,1,"S6","null",1000,70,0.352588811263852,73.2301939131984,0,0.4,0.3,"none",0,52,0
0.296393705275694,-0.018285089125817,1,1,0.386968637450418,NA,0.999999999923238,1,0.330968882921937,NA,0.999886761992556,1,0.483172985096833,0.0200826507838375,NA,1,1,"S6","null",1000,70,0.352588811263852,90.8043207211001,0,0.4,0.3,"none",0,53,0
0.303938170833358,-0.00391427722154734,1,1,0.348913830730519,NA,0.999999632885131,1,0.336102425118659,NA,0.999377900163048,1,0.420461944816865,0.0111433740676866,NA,1,1,"S6","null",1000,70,0.352588811263852,71.43993200919,0,0.4,0.3,"none",0,54,0
0.32368578815387,0.0132034485282594,1,1,0.337948229598818,NA,0.999999997722774,1,0.311005462992591,NA,0.999890233419298,1,0.396425699388414,0.0772396640973356,NA,1,1,"S6","null",1000,70,0.352588811263852,94.031231300006,0,0.4,0.3,"none",0,55,0
0.307655244234121,-0.0296822242357809,1,1,0.33970753147388,NA,0.999999957900472,1,0.312973764858711,NA,0.999619105606078,1,0.361414187173881,-0.0199193631848266,NA,1,1,"S6","null",1000,70,0.352588811263852,82.9388946729533,0,0.4,0.3,"none",0,56,0
0.327017493368901,0.0124310999344652,1,1,0.339103197510232,NA,0.99999980962374,1,0.325275165341137,NA,0.998626795543372,1,0.391110331539742,0.0497537365667278,NA,1,1,"S6","null",1000,70,0.352588811263852,79.7240744038956,0,0.4,0.3,"none",0,57,0
0.226311450841203,0.0207750998080227,1,1,0.313784420422374,NA,0.999999693935413,1,0.300206833596641,NA,0.998622783131349,1,0.350900204737952,0.041973694960768,NA,1,1,"S6","null",1000,70,0.352588811263852,82.6370993303273,0,0.4,0.3,"none",0,58,0
0.269229024100898,0.0352497288761826,1,1,0.267600108998598,NA,0.999914434912265,1,0.199627124504041,NA,0.837124911744269,1,0.334132105962118,0.0612421535360554,0.000115580793523754,0.999884422110553,1,"S6","null",1000,70,0.352588811263852,66.8348412309149,0,0.4,0.3,"none",0,59,0
0.312688935221969,0.00620253013101553,1,1,0.355269481074134,NA,0.999999962579557,1,0.325753668291287,NA,0.998902723883644,1,0.385491300688007,0.0212063996696072,NA,1,1,"S6","null",1000,70,0.352588811263852,82.2257083534422,0,0.4,0.3,"none",0,60,0
0.302034715463512,-0.0215953197714437,1,1,0.409754644745031,NA,0.999999998436554,1,0.383908518769017,NA,0.999937934145404,1,0.424231136243881,0.0493543422039746,NA,1,1,"S6","null",1000,70,0.352588811263852,70.1194510188097,0,0.4,0.3,"none",0,61,0
0.273258110620237,-0.00765841857442327,1,1,0.231850851469513,NA,0.99975464410532,1,0.165361755415906,NA,0.764624541067955,1,0.225677929498786,-0.0847606737078811,0.00882855698608694,0.982341708542714,1,"S6","null",1000,70,0.352588811263852,86.4881567586771,0,0.4,0.3,"none",0,62,0
0.338167269788421,-0.0374149011412386,1,1,0.422200490435656,NA,0.999999999168045,1,0.35634325903576,NA,0.999210084478949,1,0.474620940248674,-0.0698816910923636,NA,1,1,"S6","null",1000,70,0.352588811263852,70.2709749927998,0,0.4,0.3,"none",0,63,0
0.29727080676966,-0.013752466002912,1,1,0.381254790016588,NA,0.999999991680053,1,0.379067565998773,NA,0.99996047891396,1,0.438320002415179,0.101277137971385,NA,1,1,"S6","null",1000,70,0.352588811263852,79.8207427093382,0,0.4,0.3,"none",0,64,0
0.259564739886193,-0.00310561776184913,1,1,0.253751304886135,NA,0.999980976644156,1,0.223119724996997,NA,0.960597986847471,1,0.346192487316573,0.000795874960503628,NA,1,1,"S6","null",1000,70,0.352588811263852,92.7045888898782,0,0.4,0.3,"none",0,65,0
0.292882193115241,0.0201464575850195,1,1,0.366222831741026,NA,0.99999998516859,1,0.372735863043171,NA,0.999993066692228,1,0.397364675830381,0.0172747642630675,NA,1,1,"S6","null",1000,70,0.352588811263852,84.066802881816,0,0.4,0.3,"none",0,66,0
0.238921927432446,0.00136856675587151,1,1,0.253808112711237,NA,0.99990560695193,1,0.125072583993108,NA,0.625740783175636,1,0.285006528946707,-0.0182484656965076,0.000949656275252162,0.998374371859296,1,"S6","null",1000,70,0.352588811263852,69.8037011346648,0,0.4,0.3,"none",0,67,0
0.270131092716606,0.00579352752781705,1,1,0.282425635784808,NA,0.999999201157185,1,0.254675754031942,NA,0.995519977597252,1,0.350482348307042,-0.000221667912007122,NA,1,1,"S6","null",1000,70,0.352588811263852,105.000680923678,0,0.4,0.3,"none",0,68,0
0.309490927419967,-0.00574385576654812,1,1,0.35278520991584,NA,0.999999892331545,1,0.323297341480257,NA,0.99886475389959,1,0.368317175307498,-0.0369089048626585,NA,1,1,"S6","null",1000,70,0.352588811263852,69.115486322746,0,0.4,0.3,"none",0,69,0
0.330913033205291,-0.00221363324542644,1,1,0.38436513960622,NA,0.999999991945295,1,0.356966473224869,NA,0.999915724925944,1,0.387524147014821,-0.0126949543639481,NA,1,1,"S6","null",1000,70,0.352588811263852,71.6017447909819,0,0.4,0.3,"none",0,70,0
0.304262481139877,-0.00193502351118504,1,1,0.302342270025281,NA,0.99999940246568,1,0.302181057716141,NA,0.999607128612982,1,0.315954291067026,-0.0336743998835383,NA,1,1,"S6","null",1000,70,0.352588811263852,94.0026498942136,0,0.4,0.3,"none",0,71,0
0.262678841766231,0.0131668842495068,1,1,0.238475482203816,NA,0.999897099853779,1,0.202234768440835,NA,0.92412672279131,1,0.221132837641518,-0.049349133135386,0.0075357007958362,0.967243718592965,1,"S6","null",1000,70,0.352588811263852,91.9776970838908,0,0.4,0.3,"none",0,72,0
0.305266028724965,0.0075887576736084,1,1,0.316918802179725,NA,0.999999635095036,1,0.279936810663585,NA,0.994663338958215,1,0.331450585629842,0.0340552460780485,NA,1,1,"S6","null",1000,70,0.352588811263852,86.9163454377276,0,0.4,0.3,"none",0,73,0
0.327136758601773,0.00935512073553916,1,1,0.359300901901172,NA,0.99999997454429,1,0.342144407213415,NA,0.999902060895231,1,0.406376232763403,-0.00919276636672459,NA,1,1,"S6","null",1000,70,0.352588811263852,74.751269081068,0,0.4,0.3,"none",0,74,0
0.29577556408934,0.00914092369460524,1,1,0.35061114729011,NA,0.99999999953973,1,0.322237722644276,NA,0.999955574446649,1,0.407168415966559,0.0062491438449771,NA,1,1,"S6","null",1000,70,0.352588811263852,100.538610079065,0,0.4,0.3,"none",0,75,0
0.258974100927651,-0.00294566240976822,1,1,0.243993091196911,NA,0.999730585311954,1,0.238760442360492,NA,0.963242148203044,1,0.252775433479643,0.0291101536931802,0.00526826177219394,0.978484924623116,1,"S6","null",1000,70,0.352588811263852,68.1384531706993,0,0.4,0.3,"none",0,76,0
0.289248462479478,0.00364074752452048,1,1,0.31458070959754,NA,0.999999845196096,1,0.283822045521299,NA,0.996655028758773,1,0.316846590695709,-0.0247756083972127,2.51262594616865e-05,0.999974874371859,1,"S6","null",1000,70,0.352588811263852,90.3260961925581,0,0.4,0.3,"none",0,77,0
0.317356649230368,0.00188065214956141,1,1,0.35175778486111,NA,0.999999990328094,1,0.342785293876734,NA,0.99980775569068,1,0.372390596897089,0.0803682731360294,NA,1,1,"S6","null",1000,70,0.352588811263852,88.8612023061262,0,0.4,0.3,"none",0,78,0
0.297285356653956,-0.00859210134104766,1,1,0.36984197454623,NA,0.999999997889543,1,0.379654615455269,NA,0.999998686684786,1,0.447382461880437,0.0630313764251443,NA,1,1,"S6","null",1000,70,0.352588811263852,81.5271353111515,0,0.4,0.3,"none",0,79,0
0.271387348058644,-0.00911229524179744,1,1,0.290381152584408,NA,0.999998112831481,1,0.199350802709863,NA,0.863806204081115,1,0.295597941809932,-0.0479104179343426,NA,1,1,"S6","null",1000,70,0.352588811263852,87.7138145673789,0,0.4,0.3,"none",0,80,0
0.26742294762664,-0.00961284819028516,1,1,0.372625528810759,NA,0.999999994930022,1,0.360173475827754,NA,0.999934668498343,1,0.438104294876075,-0.115357068715803,NA,1,1,"S6","null",1000,70,0.352588811263852,78.0089121537289,0,0.4,0.3,"none",0,81,0
0.263457110337237,-0.014255394944619,1,1,0.308281383941187,NA,0.999999329858063,1,0.292380057579562,NA,0.999050207925343,1,0.329599157580943,-0.0519940954494946,NA,1,1,"S6","null",1000,70,0.352588811263852,85.7181582329897,0,0.4,0.3,"none",0,82,0
0.297612639430169,-0.00323926600604556,1,1,0.292696973732983,NA,0.999999886489743,1,0.28611271209003,NA,0.999940250642574,1,0.313611541525891,0.0193622771291457,NA,1,1,"S6","null",1000,70,0.352588811263852,103.273336828315,0,0.4,0.3,"none",0,83,0
0.299464882432311,-0.0133900232238793,1,1,0.338129429830855,NA,0.999999997094068,1,0.327265731319825,NA,0.999974258070983,1,0.355038053559448,0.0427375015226001,NA,1,1,"S6","null",1000,70,0.352588811263852,99.1294692073385,0,0.4,0.3,"none",0,84,0
0.289312575032862,0.0130467279129742,1,1,0.30310752841117,NA,0.999998633533877,1,0.27037903867066,NA,0.987523933994249,1,0.381814669998458,0.0282312903296831,NA,1,1,"S6","null",1000,70,0.352588811263852,79.9456650937665,0,0.4,0.3,"none",0,85,0
0.30021637014756,-0.0172332343172742,1,1,0.410364998835495,NA,0.999999999755751,1,0.367703270955241,NA,0.999936141131793,1,0.485533059475474,-0.0322366271609702,NA,1,1,"S6","null",1000,70,0.352588811263852,70.4925381412759,0,0.4,0.3,"none",0,86,0
0.329126194085757,-0.0171542619970545,1,1,0.382007581981209,NA,0.999999731144269,1,0.341285360430493,NA,0.995919658870716,1,0.455314624211655,0.00342311314648537,NA,1,1,"S6","null",1000,70,0.352588811263852,62.9355810057491,0,0.4,0.3,"none",0,87,0
0.237826673406594,-0.0173830553324916,1,1,0.17481720569601,NA,0.991530073378337,1,0.0298642579158754,NA,0.205313852298149,0,0.0861994393628382,0.00158156207756895,0.0159668054234764,0.468133165829146,0,"S6","null",1000,70,0.352588811263852,72.5887595543523,0,0.4,0.3,"none",0,88,0
0.31805884869876,-0.00296433310459442,1,1,0.462184237322427,NA,0.999999999997893,1,0.431220767370658,NA,0.999999869580537,1,0.581277779114594,-0.0287281554372402,NA,1,1,"S6","null",1000,70,0.352588811263852,78.1919772860174,0,0.4,0.3,"none",0,89,0
0.2508805509626,0.00436703130231394,1,1,0.367894545156367,NA,0.999999996311301,1,0.370652442690754,NA,0.999987293255545,1,0.372311864185731,0.0432176191758914,NA,1,1,"S6","null",1000,70,0.352588811263852,81.4245832465656,0,0.4,0.3,"none",0,90,0
0.309831911632896,0.000825281569053295,1,1,0.467682817586572,NA,0.999999999999433,1,0.434097790918724,NA,0.999999885261089,1,0.510224765803072,-0.0550463302495845,NA,1,1,"S6","null",1000,70,0.352588811263852,82.2607144623843,0,0.4,0.3,"none",0,91,0
0.274752991486306,-0.00851013540926151,1,1,0.297003010497581,NA,0.999987850154983,1,0.313026637806758,NA,0.997387604291104,1,0.34380773118122,-0.00679465681078574,NA,1,1,"S6","null",1000,70,0.352588811263852,76.374683171278,0,0.4,0.3,"none",0,92,0
0.332684257037846,-0.0253875079385081,1,1,0.307406491198237,NA,0.999992872348463,1,0.288405172789738,NA,0.985746061294701,1,0.303337450207716,-0.0731545388084398,0.00221105648362495,0.996326633165829,1,"S6","null",1000,70,0.352588811263852,73.8388945771091,0,0.4,0.3,"none",0,93,0
0.215893897558464,-0.0148636437797379,1,1,0.245837004036607,NA,0.99997084888362,1,0.264341921147756,NA,0.994866797230551,1,0.25482259139615,-0.0533447486711902,0.0031429290412662,0.99427135678392,1,"S6","null",1000,70,0.352588811263852,80.005597452819,0,0.4,0.3,"none",0,94,0
0.317074429117489,-0.0194161550263682,1,1,0.428657889378405,NA,0.999999999985116,1,0.391575394987189,NA,0.999970190968133,1,0.454456582385078,-0.0539243521182123,NA,1,1,"S6","null",1000,70,0.352588811263852,80.3187586092611,0,0.4,0.3,"none",0,95,0
0.358770676160231,0.0053938727907143,1,1,0.405863045254806,NA,0.99999999926735,1,0.373310213809658,NA,0.999923800555766,1,0.471279200707826,-0.0240480146264019,NA,1,1,"S6","null",1000,70,0.352588811263852,82.7756406632528,0,0.4,0.3,"none",0,96,0
0.28797768456237,0.0132011384157681,1,1,0.427405943795618,NA,0.999999999981095,1,0.448889736910746,NA,0.999999996072916,1,0.5050775924985,-0.00836909443095462,NA,1,1,"S6","null",1000,70,0.352588811263852,74.4305088053667,0,0.4,0.3,"none",0,97,0
0.283970533307805,0.0197503443094733,1,1,0.364261698095062,NA,0.999999995956056,1,0.338301319484643,NA,0.999934636330873,1,0.428591485938776,-0.00387687395047371,NA,1,1,"S6","null",1000,70,0.352588811263852,76.9903454575581,0,0.4,0.3,"none",0,98,0
0.32696415292301,-0.00455710838826603,1,1,0.370538985616606,NA,0.999999999903106,1,0.34424324669781,NA,0.999996682909266,1,0.462881594710304,0.00434515318025289,NA,1,1,"S6","null",1000,70,0.352588811263852,112.644252669886,0,0.4,0.3,"none",0,99,0
0.259527037900849,0.000416425787197461,1,1,0.306280023270141,NA,0.999999104088583,1,0.279759239107388,NA,0.994237573103905,1,0.337562798302682,0.0469014207220705,NA,1,1,"S6","null",1000,70,0.352588811263852,90.0726248374098,0,0.4,0.3,"none",0,100,0
0.534450152037051,0.30720999176881,1,1,0.357182959358659,NA,0.999992540516016,1,0.333182446803824,NA,0.985109735262267,1,0.32096192454432,0.269936423813632,NA,1,1,"S6","signal",1000,70,0.352588811263852,72.1877017023579,0,0.2,0.1,"none",0,1,1
0.473048044773152,0.32265568036879,1,1,0.3844164036803,NA,0.999999406438311,1,0.388678760686757,NA,0.999822306239548,1,0.38741926168462,0.308376621605687,NA,1,1,"S6","signal",1000,70,0.352588811263852,82.639237571167,0,0.2,0.1,"none",0,2,1
0.506892830494649,0.296513285434249,1,1,0.32945653845862,NA,0.999944223603552,1,0.243945786918837,NA,0.835445865029997,1,0.352837802192605,0.295914982999812,NA,1,1,"S6","signal",1000,70,0.352588811263852,71.3550184478252,0,0.2,0.1,"none",0,3,1
0.499642070062355,0.296391881696539,1,1,0.397268299272414,NA,0.999999987372186,1,0.327759949369818,NA,0.995059017719765,1,0.404911655372004,0.339191845703619,NA,1,1,"S6","signal",1000,70,0.352588811263852,91.9597320661485,0,0.2,0.1,"none",0,4,1
0.497603492450763,0.303017244790108,1,1,0.409374250126172,NA,0.999999995407183,1,0.380765433311073,NA,0.999784587901743,1,0.403324067627033,0.308452779779349,NA,1,1,"S6","signal",1000,70,0.352588811263852,103.548839441992,0,0.2,0.1,"none",0,5,1
0.511803998084853,0.334467224287113,1,1,0.451923183523157,NA,0.999999973637269,1,0.411709217234281,NA,0.999472765748784,1,0.459950580830244,0.349138428625315,NA,1,1,"S6","signal",1000,70,0.352588811263852,76.9872558254507,0,0.2,0.1,"none",0,6,1
0.464922097427104,0.315888292965882,1,1,0.394696776753695,NA,0.999999998365166,1,0.35521709601712,NA,0.999841251608968,1,0.370852337452966,0.330246163496796,NA,1,1,"S6","signal",1000,70,0.352588811263852,105.90834737194,0,0.2,0.1,"none",0,7,1
0.478894752827814,0.313138274966298,1,1,0.324911762400297,NA,0.9999416285347,1,0.2951300018937,NA,0.942948927553684,1,0.297137870962949,0.363169155489939,NA,1,1,"S6","signal",1000,70,0.352588811263852,69.509188938365,0,0.2,0.1,"none",0,8,1
0.525215939217282,0.26706664773843,1,1,0.413471580961025,NA,0.999999980034507,1,0.409531794694976,NA,0.999969607283469,1,0.40302135326392,0.278005911218226,NA,1,1,"S6","signal",1000,70,0.352588811263852,85.2567151987388,0,0.2,0.1,"none",0,9,1
0.510300121976732,0.29016559300145,1,1,0.395373201396462,NA,0.999999795773578,1,0.383945280915672,NA,0.999618109144806,1,0.411747593416599,0.279226450896163,NA,1,1,"S6","signal",1000,70,0.352588811263852,80.0712039321707,0,0.2,0.1,"none",0,10,1
0.500350535815423,0.315488493978636,1,1,0.382412132340706,NA,0.999999444576327,1,0.360900734734725,NA,0.999125158527375,1,0.370527956606092,0.349610726899905,NA,1,1,"S6","signal",1000,70,0.352588811263852,81.807832170085,0,0.2,0.1,"none",0,11,1
0.502608007942034,0.319760543552049,1,1,0.334056034600576,NA,0.999964356307118,1,0.306489899718282,NA,0.957211362085091,1,0.325591815036071,0.355323439781714,NA,1,1,"S6","signal",1000,70,0.352588811263852,75.8988726035564,0,0.2,0.1,"none",0,12,1
0.436443790273128,0.263193431009951,1,1,0.220154352322072,NA,0.997642005793293,1,0.0599078431734758,NA,0.326967317901148,0,0.186019520456099,0.284867984553802,NA,1,1,"S6","signal",1000,70,0.352588811263852,84.4394481966857,0,0.2,0.1,"none",0,13,1
0.52537623470763,0.298788856752492,1,1,0.331386550359937,NA,0.999990066187995,1,0.25098489080617,NA,0.893559720086763,1,0.382440503527974,0.267358214601049,NA,1,1,"S6","signal",1000,70,0.352588811263852,77.7024265947201,0,0.2,0.1,"none",0,14,1
0.497911507696308,0.27821656179186,1,1,0.357551709098919,NA,0.999999589691533,1,0.295919957858536,NA,0.982979534900682,1,0.367716682228934,0.310842025573082,NA,1,1,"S6","signal",1000,70,0.352588811263852,91.7727331810328,0,0.2,0.1,"none",0,15,1
0.575975429722199,0.282761952173448,1,1,0.311403743065005,NA,0.999961709296951,1,0.247252224695569,NA,0.888516603577444,1,0.292132665878193,0.186515810202666,NA,1,1,"S6","signal",1000,70,0.352588811263852,76.5329901158782,0,0.2,0.1,"none",0,16,1
0.520664389608826,0.277827794731303,1,1,0.369755079256121,NA,0.999998298087271,1,0.361990927665752,NA,0.99903545349078,1,0.354582135751131,0.276270641581257,NA,1,1,"S6","signal",1000,70,0.352588811263852,76.0144042393193,0,0.2,0.1,"none",0,17,1
0.471797822302148,0.28705708499823,1,1,0.408647427453134,NA,0.999999988848463,1,0.363870316845374,NA,0.999011757593957,1,0.448207446565468,0.338930771951589,NA,1,1,"S6","signal",1000,70,0.352588811263852,89.646142701207,0,0.2,0.1,"none",0,18,1
0.5135898635342,0.29126634558404,1,1,0.326130363870711,NA,0.999995400366992,1,0.26395578804649,NA,0.943528133004816,1,0.353794271982855,0.334297920569954,NA,1,1,"S6","signal",1000,70,0.352588811263852,90.3627029907664,0,0.2,0.1,"none",0,19,1
0.506651482511302,0.289780256165859,1,1,0.345154766668183,NA,0.999988983977215,1,0.343238863939239,NA,0.994946862285188,1,0.367768678765081,0.458442341538539,NA,1,1,"S6","signal",1000,70,0.352588811263852,75.3025298142133,0,0.2,0.1,"none",0,20,1
0.506141689129076,0.291366988639141,1,1,0.278271770079448,NA,0.9998232100638,1,0.209083058202741,NA,0.822889132015004,1,0.258941540480543,0.310243661490727,NA,1,1,"S6","signal",1000,70,0.352588811263852,81.0967751679047,0,0.2,0.1,"none",0,21,1
0.527197481081664,0.305981583193394,1,1,0.515401999697699,NA,0.999999999999806,1,0.460708173833215,NA,0.999999279255546,1,0.532735329478949,0.278735124992656,NA,1,1,"S6","signal",1000,70,0.352588811263852,90.4415773907755,0,0.2,0.1,"none",0,22,1
0.554589335516799,0.301188344438807,1,1,0.534637536663841,NA,0.999999999997593,1,0.48669416643555,NA,0.999998783124681,1,0.551643325260903,0.33894499227711,NA,1,1,"S6","signal",1000,70,0.352588811263852,80.3888144581382,0,0.2,0.1,"none",0,23,1
0.490308114692601,0.311324984337729,1,1,0.327625830696753,NA,0.999997449740336,1,0.297486963929788,NA,0.988249228544686,1,0.305170566291565,0.31151827330788,NA,1,1,"S6","signal",1000,70,0.352588811263852,95.4509622442584,0,0.2,0.1,"none",0,24,1
0.509142820850255,0.31989894854171,1,1,0.434086565658338,NA,0.999999997759683,1,0.426615271457199,NA,0.999986252261615,1,0.419804607345809,0.276374748342292,NA,1,1,"S6","signal",1000,70,0.352588811263852,84.0145695205421,0,0.2,0.1,"none",0,25,1
0.506514494460634,0.293795977006968,1,1,0.387832455740778,NA,0.999999795719284,1,0.380205339396148,NA,0.999752176735082,1,0.368875127408769,0.248319940343741,NA,1,1,"S6","signal",1000,70,0.352588811263852,89.7897205985124,0,0.2,0.1,"none",0,26,1
0.514740132739854,0.2944295499789,1,1,0.40320401191965,NA,0.999999759082234,1,0.366909839690343,NA,0.996690870570028,1,0.452673130723822,0.379884841130885,NA,1,1,"S6","signal",1000,70,0.352588811263852,72.485859278062,0,0.2,0.1,"none",0,27,1
0.510981141206586,0.302702193428995,1,1,0.391906061907156,NA,0.999999341012963,1,0.352475490247773,NA,0.994936285655279,1,0.390892285847232,0.267711165878945,NA,1,1,"S6","signal",1000,70,0.352588811263852,71.7651057958524,0,0.2,0.1,"none",0,28,1
0.524651077802721,0.317318906186611,1,1,0.297776438883438,NA,0.999677603997254,1,0.3191610168494,NA,0.98859897727153,1,0.272140071921968,0.332743292382141,NA,1,1,"S6","signal",1000,70,0.352588811263852,72.2033952425663,0,0.2,0.1,"none",0,29,1
0.46125392630575,0.276431561161784,1,1,0.307215053470949,NA,0.999975713544964,1,0.244211990075186,NA,0.902776827179622,1,0.301452337087023,0.200136092744822,NA,1,1,"S6","signal",1000,70,0.352588811263852,84.731634321053,0,0.2,0.1,"none",0,30,1
0.477573877111905,0.290905679974576,1,1,0.277314600950446,NA,0.999714043559541,1,0.220537287333086,NA,0.841525654611529,1,0.298950401092473,0.268931326902305,NA,1,1,"S6","signal",1000,70,0.352588811263852,76.8805901409609,0,0.2,0.1,"none",0,31,1
0.507626093098776,0.312083351324179,1,1,0.385474185809763,NA,0.999999687234747,1,0.315494685948625,NA,0.98568020707433,1,0.385053378176583,0.417170053351141,NA,1,1,"S6","signal",1000,70,0.352588811263852,83.4328006016297,0,0.2,0.1,"none",0,32,1
0.539247650873359,0.336684333433949,1,1,0.325156988505545,NA,0.999969544378228,1,0.268397925782334,NA,0.934135621870815,1,0.339878852217821,0.345842971259478,NA,1,1,"S6","signal",1000,70,0.352588811263852,84.3796195759917,0,0.2,0.1,"none",0,33,1
0.509646407443493,0.329490450753273,1,1,0.384032061073409,NA,0.999998825579734,1,0.37740682656161,NA,0.998802913825855,1,0.325139236906997,0.256938086437705,NA,1,1,"S6","signal",1000,70,0.352588811263852,77.6376344436101,0,0.2,0.1,"none",0,34,1
0.482168156511693,0.329259499067738,1,1,0.388436656949298,NA,0.999998978001004,1,0.34034415997208,NA,0.982498392697143,1,0.372086068867426,0.430371126569577,NA,1,1,"S6","signal",1000,70,0.352588811263852,75.2073553532994,0,0.2,0.1,"none",0,35,1
0.455386645411439,0.310275275335053,1,1,0.301790716976513,NA,0.99991292028598,1,0.290388251873443,NA,0.970079009435302,1,0.287085169855033,0.336753757587323,NA,1,1,"S6","signal",1000,70,0.352588811263852,78.2784717035683,0,0.2,0.1,"none",0,36,1
0.461274907275467,0.29650807416457,1,1,0.331388961234383,NA,0.999990442377297,1,0.314091461266558,NA,0.990758000672564,1,0.381994949977252,0.391682049432986,NA,1,1,"S6","signal",1000,70,0.352588811263852,85.6335817303987,0,0.2,0.1,"none",0,37,1
0.503197517238525,0.297376000902345,1,1,0.422135712474304,NA,0.999999994585177,1,0.375367989945954,NA,0.999870894149573,1,0.431592967904979,0.347465220642524,NA,1,1,"S6","signal",1000,70,0.352588811263852,89.5220438886849,0,0.2,0.1,"none",0,38,1
0.508509847071828,0.285730662970559,1,1,0.374197946367012,NA,0.999999565860908,1,0.327756744600641,NA,0.990654821657061,1,0.359238778490891,0.407718232200749,NA,1,1,"S6","signal",1000,70,0.352588811263852,88.4870986405675,0,0.2,0.1,"none",0,39,1
0.511670639542715,0.302963578537968,1,1,0.334295547822885,NA,0.999992610192535,1,0.291190245963024,NA,0.972881034065782,1,0.320379815747578,0.302816406301519,NA,1,1,"S6","signal",1000,70,0.352588811263852,91.7012894286682,0,0.2,0.1,"none",0,40,1
0.559127904867063,0.28676732401502,1,1,0.421999431997126,NA,0.999999939950349,1,0.346160044898831,NA,0.989900537059948,1,0.445772533357805,0.312732097807323,NA,1,1,"S6","signal",1000,70,0.352588811263852,77.364685044325,0,0.2,0.1,"none",0,41,1
0.465819750605686,0.301731540602886,1,1,0.339632947042133,NA,0.999998395875887,1,0.285997369397338,NA,0.970922690109228,1,0.405083275290588,0.246018529909919,NA,1,1,"S6","signal",1000,70,0.352588811263852,90.6089527043151,0,0.2,0.1,"none",0,42,1
0.478525059459936,0.290114041867884,1,1,0.4329251055152,NA,0.999999999596697,1,0.386489170906478,NA,0.999980600099436,1,0.45529733461706,0.250451512634761,NA,1,1,"S6","signal",1000,70,0.352588811263852,90.3126670234884,0,0.2,0.1,"none",0,43,1
0.505820077429461,0.298169780984445,1,1,0.423620691795569,NA,0.99999996249288,1,0.392669130110609,NA,0.99957191928356,1,0.39896551433573,0.243192702447017,NA,1,1,"S6","signal",1000,70,0.352588811263852,74.4844476832849,0,0.2,0.1,"none",0,44,1
0.510440166647268,0.308925918157552,1,1,0.299514504543888,NA,0.999888556732011,1,0.220312660370545,NA,0.809976597311311,1,0.328524832652196,0.219443170277721,NA,1,1,"S6","signal",1000,70,0.352588811263852,76.6961267664868,0,0.2,0.1,"none",0,45,1
0.528097177531458,0.30516829831054,1,1,0.288432838323145,NA,0.999615112560839,1,0.0985934925173872,NA,0.426817694691885,0,0.330336316139447,0.284028561317579,NA,1,1,"S6","signal",1000,70,0.352588811263852,72.9428643561688,0,0.2,0.1,"none",0,46,1
0.522710056556091,0.289717549807582,1,1,0.402119611800231,NA,0.99999998236737,1,0.375953512050946,NA,0.99985086715634,1,0.421009476013176,0.321110054409833,NA,1,1,"S6","signal",1000,70,0.352588811263852,88.1853331948931,0,0.2,0.1,"none",0,47,1
0.538639602061252,0.301368437799057,1,1,0.331693847445214,NA,0.999966357340553,1,0.31742135981339,NA,0.968918603535876,1,0.353791616936782,0.370231701403303,NA,1,1,"S6","signal",1000,70,0.352588811263852,68.2107548693315,0,0.2,0.1,"none",0,48,1
0.492437033657293,0.308889437961754,1,1,0.361783789935324,NA,0.999999963044314,1,0.321823230907569,NA,0.999384162478164,1,0.356100940674431,0.322274562011903,NA,1,1,"S6","signal",1000,70,0.352588811263852,113.135927919774,0,0.2,0.1,"none",0,49,1
0.552154333678026,0.316726044692823,1,1,0.345939218718611,NA,0.999965020909192,1,0.26825515858,NA,0.871857393628618,1,0.284069766034064,0.275642424484668,NA,1,1,"S6","signal",1000,70,0.352588811263852,69.9015991287826,0,0.2,0.1,"none",0,50,1
0.510847874682207,0.315796548346469,1,1,0.371935932988479,NA,0.999997874162178,1,0.338158392925125,NA,0.991941193656819,1,0.374848484842642,0.332575082673264,NA,1,1,"S6","signal",1000,70,0.352588811263852,78.9583371243132,0,0.2,0.1,"none",0,51,1
0.468654118208132,0.291991193350711,1,1,0.265873818112436,NA,0.998960963619895,1,0.0947749262238034,NA,0.416713620346069,0,0.273080621893347,0.319236643325359,NA,1,1,"S6","signal",1000,70,0.352588811263852,66.3448506938842,0,0.2,0.1,"none",0,52,1
0.48602591857885,0.331018929954597,1,1,0.382018227467726,NA,0.999999910619701,1,0.33966661897038,NA,0.999067170118263,1,0.427928811479273,0.320054865928531,NA,1,1,"S6","signal",1000,70,0.352588811263852,89.3896509486046,0,0.2,0.1,"none",0,53,1
0.533852084746646,0.312785049001271,1,1,0.380735799744354,NA,0.999997357707019,1,0.341323394223875,NA,0.990722143551058,1,0.390835144757545,0.380544491933543,NA,1,1,"S6","signal",1000,70,0.352588811263852,72.0355097097006,0,0.2,0.1,"none",0,54,1
0.518814633023251,0.291580070014267,1,1,0.45943607023183,NA,0.999999999761028,1,0.403861612679462,NA,0.999955595123946,1,0.436075779577817,0.448899053889916,NA,1,1,"S6","signal",1000,70,0.352588811263852,91.1644962021185,0,0.2,0.1,"none",0,55,1
0.502583055112098,0.288060457050036,1,1,0.300069411274427,NA,0.99991647005068,1,0.288447145563966,NA,0.965990254909119,1,0.295321431520164,0.345314426349405,NA,1,1,"S6","signal",1000,70,0.352588811263852,76.3763474756388,0,0.2,0.1,"none",0,56,1
0.484102078842345,0.313912970944899,1,1,0.294868658248934,NA,0.999884752519344,1,0.102566933414571,NA,0.451537871101717,0,0.306716728230449,0.368245883345122,NA,1,1,"S6","signal",1000,70,0.352588811263852,77.4522325722483,0,0.2,0.1,"none",0,57,1
0.520939933913096,0.312958536916804,1,1,0.424923222408175,NA,0.999999910326811,1,0.358719111294537,NA,0.993438733955435,1,0.427985124809283,0.340561354655492,NA,1,1,"S6","signal",1000,70,0.352588811263852,73.7944738484205,0,0.2,0.1,"none",0,58,1
0.481201090240735,0.303911352561378,1,1,0.335913669285902,NA,0.999974887035403,1,0.258600806654918,NA,0.886928563570164,1,0.345493251359644,0.241184443365766,NA,1,1,"S6","signal",1000,70,0.352588811263852,71.3895641159552,0,0.2,0.1,"none",0,59,1
0.521355683131195,0.27295964759155,1,1,0.348221774233664,NA,0.999991456933104,1,0.302762167678601,NA,0.980123880294918,1,0.299641389303099,0.197530118247312,NA,1,1,"S6","signal",1000,70,0.352588811263852,75.9907805152516,0,0.2,0.1,"none",0,60,1
0.514994792922085,0.286992173231133,1,1,0.304575512489827,NA,0.999950036645207,1,0.26586717263646,NA,0.942665319388006,1,0.348235606593481,0.453548182902331,NA,1,1,"S6","signal",1000,70,0.352588811263852,76.6719331593413,0,0.2,0.1,"none",0,61,1
0.503599680418388,0.290886057517308,1,1,0.411244196319203,NA,0.999999997043613,1,0.359100197322635,NA,0.999579557135413,1,0.424019416058605,0.347890817872975,NA,1,1,"S6","signal",1000,70,0.352588811263852,101.266529236978,0,0.2,0.1,"none",0,62,1
0.534246092386122,0.307771940185689,1,1,0.477005542632768,NA,0.999999999356242,1,0.419767389330511,NA,0.99976819233393,1,0.500506155135659,0.448387975882925,NA,1,1,"S6","signal",1000,70,0.352588811263852,87.5571026773386,0,0.2,0.1,"none",0,63,1
0.463676592909858,0.303029440778319,1,1,0.328898992786221,NA,0.999988630130643,1,0.24599397293832,NA,0.901204223108159,1,0.299885041229944,0.376366122737186,NA,1,1,"S6","signal",1000,70,0.352588811263852,80.6555165338804,0,0.2,0.1,"none",0,64,1
0.476420419695727,0.281517425832959,1,1,0.314308511818535,NA,0.999991796959206,1,0.300871072004242,NA,0.991918370726197,1,0.306636351663916,0.295459693361887,NA,1,1,"S6","signal",1000,70,0.352588811263852,87.7864465702653,0,0.2,0.1,"none",0,65,1
0.550964804022733,0.284458878693379,1,1,0.384585163702939,NA,0.999997406238897,1,0.310454691545459,NA,0.925076215629979,1,0.392534029207536,0.293516922759171,NA,1,1,"S6","signal",1000,70,0.352588811263852,74.7274050880752,0,0.2,0.1,"none",0,66,1
0.509296768185263,0.276860283981503,1,1,0.435380028672791,NA,0.999999999599577,1,0.401243364933506,NA,0.999987659764601,1,0.38527664837802,0.238495520815094,NA,1,1,"S6","signal",1000,70,0.352588811263852,89.1287440629008,0,0.2,0.1,"none",0,67,1
0.524760710807983,0.320148989373187,1,1,0.290628015306911,NA,0.999730409752142,1,0.228495001694873,NA,0.816693455653818,1,0.319825975086429,0.463660907662013,NA,1,1,"S6","signal",1000,70,0.352588811263852,80.1497463943062,0,0.2,0.1,"none",0,68,1
0.549787659527624,0.320559257456901,1,1,0.495936050453313,NA,0.999999999980626,1,0.45902427934652,NA,0.999996518487274,1,0.602080541569219,0.376893342278286,NA,1,1,"S6","signal",1000,70,0.352588811263852,95.2543143505148,0,0.2,0.1,"none",0,69,1
0.513550511028954,0.315781554345199,1,1,0.433951276918204,NA,0.999999999611451,1,0.36808334049407,NA,0.999564751386803,1,0.453498620242596,0.321614406376597,NA,1,1,"S6","signal",1000,70,0.352588811263852,93.3996932139406,0,0.2,0.1,"none",0,70,1
0.503696912036386,0.314359085605497,1,1,0.491242124584425,NA,0.999999999984341,1,0.462423586393618,NA,0.999998085200658,1,0.512260277250723,0.375431177653164,NA,1,1,"S6","signal",1000,70,0.352588811263852,89.3007463729171,0,0.2,0.1,"none",0,71,1
0.482679935226656,0.296940876848437,1,1,0.321525903607267,NA,0.999991571148083,1,0.321128711593229,NA,0.996873954677469,1,0.291069141485503,0.384733369517218,NA,1,1,"S6","signal",1000,70,0.352588811263852,86.1751611510963,0,0.2,0.1,"none",0,72,1
0.497165566843024,0.289394036538166,1,1,0.313972793320631,NA,0.999983633682252,1,0.258469755487883,NA,0.936401285489825,1,0.334688097535213,0.25764913800545,NA,1,1,"S6","signal",1000,70,0.352588811263852,75.8054386613943,0,0.2,0.1,"none",0,73,1
0.52444852992301,0.31195327200316,1,1,0.394451015710302,NA,0.999999519661037,1,0.362295941885889,NA,0.994807020612368,1,0.390604860708797,0.311513938986908,NA,1,1,"S6","signal",1000,70,0.352588811263852,83.564657628639,0,0.2,0.1,"none",0,74,1
0.483905836403143,0.311187391663426,1,1,0.426670985246821,NA,0.999999997811321,1,0.383614418573539,NA,0.999829608001246,1,0.439920846059171,0.399509337925466,NA,1,1,"S6","signal",1000,70,0.352588811263852,95.113266378251,0,0.2,0.1,"none",0,75,1
0.484749713997482,0.311169349260969,1,1,0.285153631440882,NA,0.999561153751622,1,0.259077616682981,NA,0.919866836472386,1,0.282279309854876,0.356144239001932,NA,1,1,"S6","signal",1000,70,0.352588811263852,75.0658002569979,0,0.2,0.1,"none",0,76,1
0.496325297715929,0.286817157660774,1,1,0.32873920658832,NA,0.999990730613232,1,0.312613331665666,NA,0.987255855047205,1,0.36386211894684,0.252649696827189,NA,1,1,"S6","signal",1000,70,0.352588811263852,81.1626253788376,0,0.2,0.1,"none",0,77,1
0.482919862564426,0.307960320514599,1,1,0.307157156953026,NA,0.999984491029316,1,0.281722551494392,NA,0.970445218557922,1,0.289858170280663,0.262064814577286,NA,1,1,"S6","signal",1000,70,0.352588811263852,88.8389126832269,0,0.2,0.1,"none",0,78,1
0.46096993578606,0.267284911362322,1,1,0.263860173548841,NA,0.999879173664944,1,0.165269626550516,NA,0.738221507303919,1,0.292445963306946,0.15172700917524,NA,1,1,"S6","signal",1000,70,0.352588811263852,93.7087163845292,0,0.2,0.1,"none",0,79,1
0.551323020343556,0.310742767695387,1,1,0.346010409377351,NA,0.999997748267802,1,0.308751034284982,NA,0.985916552168914,1,0.347733134051774,0.303517661701076,NA,1,1,"S6","signal",1000,70,0.352588811263852,92.5657481800503,0,0.2,0.1,"none",0,80,1
0.494026198062192,0.300984830380068,1,1,0.3740113322833,NA,0.999999860280974,1,0.33862435026185,NA,0.997100090107526,1,0.368015854306377,0.362866101646003,NA,1,1,"S6","signal",1000,70,0.352588811263852,87.0949665596735,0,0.2,0.1,"none",0,81,1
0.496064517332009,0.319660366545914,1,1,0.269097993333284,NA,0.999360565940545,1,0.194812802804317,NA,0.740286417434585,1,0.216721220053962,0.28441908955581,0.00048744943355664,0.99951256281407,1,"S6","signal",1000,70,0.352588811263852,82.7123900323883,0,0.2,0.1,"none",0,82,1
0.469417967737181,0.280326260970441,1,1,0.347078854820684,NA,0.999996972355978,1,0.32783328086783,NA,0.996075904256418,1,0.348843222269756,0.344426060863223,NA,1,1,"S6","signal",1000,70,0.352588811263852,83.9644807636165,0,0.2,0.1,"none",0,83,1
0.539172706410169,0.309197071631038,1,1,0.391243991789852,NA,0.999999600414229,1,0.40448107235211,NA,0.999931192568231,1,0.394494359238937,0.42452715295274,NA,1,1,"S6","signal",1000,70,0.352588811263852,81.0389309906346,0,0.2,0.1,"none",0,84,1
0.539550101253878,0.279216922743909,1,1,0.367663905128047,NA,0.999990421527391,1,0.349240242500539,NA,0.984641056593452,1,0.312911849822469,0.363256997745605,NA,1,1,"S6","signal",1000,70,0.352588811263852,75.397754315835,0,0.2,0.1,"none",0,85,1
0.486258031372688,0.315271477289647,1,1,0.322047539541185,NA,0.9999234494655,1,0.298049745882343,NA,0.955770996312349,1,0.333094580262279,0.332171596905915,NA,1,1,"S6","signal",1000,70,0.352588811263852,75.1983915799287,0,0.2,0.1,"none",0,86,1
0.539309295712543,0.299868208832653,1,1,0.358911878491501,NA,0.999994193023769,1,0.333787453346319,NA,0.987346630690826,1,0.336497991911128,0.466529018979822,NA,1,1,"S6","signal",1000,70,0.352588811263852,79.2658228253358,0,0.2,0.1,"none",0,87,1
0.578038874971179,0.299254305602311,1,1,0.432869059090062,NA,0.999999957971942,1,0.408671596187576,NA,0.99961593562773,1,0.485739859980819,0.34870384371487,NA,1,1,"S6","signal",1000,70,0.352588811263852,86.1819622463965,0,0.2,0.1,"none",0,88,1
0.54162309230909,0.293694539035202,1,1,0.365251673865846,NA,0.999998055100493,1,0.329801808198065,NA,0.988727983764351,1,0.377849527380157,0.356003683222562,NA,1,1,"S6","signal",1000,70,0.352588811263852,87.0778495514596,0,0.2,0.1,"none",0,89,1
0.476829685725343,0.300368403670117,1,1,0.266321082547646,NA,0.999518044890925,1,0.29523505162413,NA,0.97917831725847,1,0.237282522234378,0.232165357214412,0.000256287846509235,0.999743718592965,1,"S6","signal",1000,70,0.352588811263852,76.5522332799262,0,0.2,0.1,"none",0,90,1
0.494327452433548,0.297936165207349,1,1,0.291812187020963,NA,0.999953418313026,1,0.238084382303218,NA,0.919430868763157,1,0.297518157753404,0.236700892698421,NA,1,1,"S6","signal",1000,70,0.352588811263852,89.647430443962,0,0.2,0.1,"none",0,91,1
0.493867986118287,0.290528774486048,1,1,0.413464521100454,NA,0.999999965475955,1,0.397827230960512,NA,0.999594358861976,1,0.389970443112112,0.330340427831018,NA,1,1,"S6","signal",1000,70,0.352588811263852,73.99520717136,0,0.2,0.1,"none",0,92,1
0.44453174581275,0.294038636012957,1,1,0.296504069217945,NA,0.999872892677243,1,0.240755609613471,NA,0.864152218098226,1,0.287883415073884,0.302993043239713,NA,1,1,"S6","signal",1000,70,0.352588811263852,78.5267935122217,0,0.2,0.1,"none",0,93,1
0.49176003321287,0.282967568970514,1,1,0.37783310822886,NA,0.999999839614929,1,0.334565227680568,NA,0.994549474434486,1,0.34894175623716,0.314848317707577,NA,1,1,"S6","signal",1000,70,0.352588811263852,81.3010464462501,0,0.2,0.1,"none",0,94,1
0.537632970866726,0.301738987480589,1,1,0.338132422792074,NA,0.999995945702675,1,0.32144478104501,NA,0.995716812587025,1,0.322994528962878,0.331592058024001,NA,1,1,"S6","signal",1000,70,0.352588811263852,82.4971852408085,0,0.2,0.1,"none",0,95,1
0.498362681682721,0.299992794984875,1,1,0.247209026802674,NA,0.99938719753613,1,0.139766864539344,NA,0.619348598957193,1,0.245373721648601,0.36399776432903,NA,1,1,"S6","signal",1000,70,0.352588811263852,83.3079481710652,0,0.2,0.1,"none",0,96,1
0.502634770810334,0.330250512820555,1,1,0.447749984377317,NA,0.999999876347719,1,0.422460305215719,NA,0.999669350440638,1,0.459914114308247,0.471003790307738,NA,1,1,"S6","signal",1000,70,0.352588811263852,78.0953932416736,0,0.2,0.1,"none",0,97,1
0.489219035969129,0.320448315317467,1,1,0.365299055668004,NA,0.999998651179751,1,0.306605441945371,NA,0.97031298407664,1,0.380787385346752,0.322190059130886,NA,1,1,"S6","signal",1000,70,0.352588811263852,86.9533981716226,0,0.2,0.1,"none",0,98,1
0.512740566454482,0.31302159718604,1,1,0.396803132406767,NA,0.999999987241082,1,0.345659684438384,NA,0.999323723959481,1,0.367070881332103,0.227578316114336,NA,1,1,"S6","signal",1000,70,0.352588811263852,105.230602939944,0,0.2,0.1,"none",0,99,1
0.537358270675239,0.286208288098839,1,1,0.478997261582777,NA,0.99999999989595,1,0.443633847462836,NA,0.999990370945003,1,0.453745479933388,0.206178325239497,NA,1,1,"S6","signal",1000,70,0.352588811263852,83.4140025114934,0,0.2,0.1,"none",0,100,1
0.473647217459186,0.294933025398912,1,1,0.39540406872983,NA,0.99999995010048,1,0.380051034804544,NA,0.999812633396776,1,0.442079588134577,0.237648872493952,NA,1,1,"S6","signal",1000,70,0.352588811263852,82.3934387783721,0,0.4,0.1,"none",0,1,1
0.509389528096699,0.293117985005019,1,1,0.440211739251394,NA,0.999999999486828,1,0.382702524049863,NA,0.999441802021511,1,0.475128891374504,0.327208671144624,NA,1,1,"S6","signal",1000,70,0.352588811263852,88.8857808278469,0,0.4,0.1,"none",0,2,1
0.529666695907372,0.303935435613403,1,1,0.433117967475804,NA,0.999999985857742,1,0.362804173470654,NA,0.995696961803457,1,0.446712806529107,0.378889053775409,NA,1,1,"S6","signal",1000,70,0.352588811263852,85.4395097259307,0,0.4,0.1,"none",0,3,1
0.522935927056112,0.317941305764773,1,1,0.469979038860929,NA,0.999999998241635,1,0.412004180547636,NA,0.999419014795678,1,0.484711941527966,0.335819479968108,NA,1,1,"S6","signal",1000,70,0.352588811263852,81.5575397218745,0,0.4,0.1,"none",0,4,1
0.545176661979645,0.301685860827534,1,1,0.500170897574657,NA,0.999999998913841,1,0.466532624378424,NA,0.99997156733073,1,0.476112367581234,0.322731002925343,NA,1,1,"S6","signal",1000,70,0.352588811263852,68.317215716541,0,0.4,0.1,"none",0,5,1
0.535352688030317,0.286617103689452,1,1,0.509962450751851,NA,0.999999999988231,1,0.486036051468666,NA,0.999999757362432,1,0.473355854483943,0.348436363574433,NA,1,1,"S6","signal",1000,70,0.352588811263852,75.4885555276438,0,0.4,0.1,"none",0,6,1
0.588420961519772,0.312797963131687,1,1,0.438283659948841,NA,0.999999939384357,1,0.370016344588781,NA,0.994674914827859,1,0.46273635690281,0.265721937060494,NA,1,1,"S6","signal",1000,70,0.352588811263852,67.756413651193,0,0.4,0.1,"none",0,7,1
0.581498308451232,0.317466438992252,1,1,0.453750822711679,NA,0.999999959361234,1,0.388470855544691,NA,0.996884692396887,1,0.534405374136105,0.432016999057412,NA,1,1,"S6","signal",1000,70,0.352588811263852,73.9351900559777,0,0.4,0.1,"none",0,8,1
0.576537251307225,0.302701826517543,1,1,0.443703727849845,NA,0.999999777525,1,0.394592564573646,NA,0.997495778669512,1,0.362205236707374,0.314581910531084,NA,1,1,"S6","signal",1000,70,0.352588811263852,75.261590697294,0,0.4,0.1,"none",0,9,1
0.565440746866116,0.289337822567311,1,1,0.37855957195007,NA,0.999998356975331,1,0.394134670136433,NA,0.999717004026017,1,0.335269394091816,0.369659544234666,NA,1,1,"S6","signal",1000,70,0.352588811263852,71.5302169945391,0,0.4,0.1,"none",0,10,1
0.521299525935211,0.319202151211912,1,1,0.27461678471656,NA,0.999399810758632,1,0.232999867435619,NA,0.854885903701304,1,0.27694902918035,0.350537444273403,NA,1,1,"S6","signal",1000,70,0.352588811263852,71.9277518930684,0,0.4,0.1,"none",0,11,1
0.549903059748446,0.304715474885934,1,1,0.453382379535492,NA,0.999999993843185,1,0.413999845401095,NA,0.999916146952514,1,0.480048133311191,0.375615020815682,NA,1,1,"S6","signal",1000,70,0.352588811263852,80.5885190835622,0,0.4,0.1,"none",0,12,1
0.558830765468419,0.306883541755101,1,1,0.527868152149464,NA,0.999999999958097,1,0.465867302279206,NA,0.999978325110167,1,0.508601076959651,0.377477429666158,NA,1,1,"S6","signal",1000,70,0.352588811263852,79.0219615529137,0,0.4,0.1,"none",0,13,1
0.542083311743475,0.310471385382606,1,1,0.413959292914116,NA,0.999999853673665,1,0.409450806586221,NA,0.999820679054881,1,0.355202304174504,0.311783356085456,NA,1,1,"S6","signal",1000,70,0.352588811263852,84.5904106864715,0,0.4,0.1,"none",0,14,1
0.488130305566773,0.300707416341455,1,1,0.381487113653383,NA,0.999999899752547,1,0.322732447648715,NA,0.983348808670853,1,0.406336563324795,0.241139517416862,NA,1,1,"S6","signal",1000,70,0.352588811263852,85.012356766672,0,0.4,0.1,"none",0,15,1
0.498466933309833,0.315851029809545,1,1,0.425490098691296,NA,0.999999949559444,1,0.371375579368116,NA,0.998122148395363,1,0.381469180924478,0.327812176596747,NA,1,1,"S6","signal",1000,70,0.352588811263852,80.2817926207312,0,0.4,0.1,"none",0,16,1
0.532289097568311,0.288243774420614,1,1,0.400990947714435,NA,0.999999781194081,1,0.362777621293096,NA,0.996127066196857,1,0.334741964148946,0.288551154729394,NA,1,1,"S6","signal",1000,70,0.352588811263852,81.3527657553227,0,0.4,0.1,"none",0,17,1
0.535785258522034,0.281848320759653,1,1,0.471998536455403,NA,0.999999997342796,1,0.427926382507146,NA,0.999951447038442,1,0.454337890090541,0.384487538945793,NA,1,1,"S6","signal",1000,70,0.352588811263852,72.4928748217309,0,0.4,0.1,"none",0,18,1
0.522180546897718,0.290329323972327,1,1,0.496652788004733,NA,0.999999999995926,1,0.470650474315217,NA,0.999999957560235,1,0.516008437933059,0.28511170305727,NA,1,1,"S6","signal",1000,70,0.352588811263852,92.8003232214791,0,0.4,0.1,"none",0,19,1
0.494073990402867,0.322690611679752,1,1,0.479651529336741,NA,0.999999999866767,1,0.424967405279128,NA,0.999814767989895,1,0.498201233887108,0.280113726377552,NA,1,1,"S6","signal",1000,70,0.352588811263852,87.5971286434383,0,0.4,0.1,"none",0,20,1
0.541986844624381,0.28198653696122,1,1,0.452985308840256,NA,0.999999999922125,1,0.415407065325932,NA,0.99998796236165,1,0.478150883467474,0.268335028386343,NA,1,1,"S6","signal",1000,70,0.352588811263852,98.094047523769,0,0.4,0.1,"none",0,21,1
0.473796514119535,0.294224588756792,1,1,0.406900436833053,NA,0.999999989143908,1,0.373941212683179,NA,0.999850831168598,1,0.434582791241696,0.289888743195767,NA,1,1,"S6","signal",1000,70,0.352588811263852,82.9262990448973,0,0.4,0.1,"none",0,22,1
0.533545119279751,0.296442653278712,1,1,0.440438857871708,NA,0.999999999117876,1,0.418620252037995,NA,0.999985436302762,1,0.448294090596164,0.213685038267875,NA,1,1,"S6","signal",1000,70,0.352588811263852,83.1965840944092,0,0.4,0.1,"none",0,23,1
0.493023668219916,0.301703744797625,1,1,0.353763617509099,NA,0.999996392351389,1,0.320588883219199,NA,0.982842260624293,1,0.339461687293194,0.282940605069762,NA,1,1,"S6","signal",1000,70,0.352588811263852,80.480282107355,0,0.4,0.1,"none",0,24,1
0.490223048811215,0.300723924619325,1,1,0.297384836956355,NA,0.999960159871197,1,0.213306866188925,NA,0.846394098151348,1,0.343284512369908,0.284142830770457,NA,1,1,"S6","signal",1000,70,0.352588811263852,87.5446760162221,0,0.4,0.1,"none",0,25,1
0.520857435790428,0.292220171564758,1,1,0.450853692268126,NA,0.999999999815165,1,0.413457034072216,NA,0.999989342609113,1,0.481567110962589,0.288510215111594,NA,1,1,"S6","signal",1000,70,0.352588811263852,93.6231553740804,0,0.4,0.1,"none",0,26,1
0.578961036813113,0.298598799057944,1,1,0.399371855216626,NA,0.999999879473896,1,0.338876100080844,NA,0.990198757525006,1,0.419611333759878,0.329946750019113,NA,1,1,"S6","signal",1000,70,0.352588811263852,88.4377546413075,0,0.4,0.1,"none",0,27,1
0.521938582385789,0.273017566103196,1,1,0.417635621857117,NA,0.999999995861619,1,0.373038664988121,NA,0.999773942892931,1,0.390911575138813,0.366436028535949,NA,1,1,"S6","signal",1000,70,0.352588811263852,85.8933397048735,0,0.4,0.1,"none",0,28,1
0.526146382105151,0.314392999093176,1,1,0.461484184127755,NA,0.999999999214215,1,0.403353719486409,NA,0.999953594458831,1,0.499491700375325,0.301572272995294,NA,1,1,"S6","signal",1000,70,0.352588811263852,89.9827846501538,0,0.4,0.1,"none",0,29,1
0.534550070854937,0.291933019361708,1,1,0.488712595072618,NA,0.999999999964604,1,0.406910356100736,NA,0.999536028365559,1,0.479135915780989,0.320663273382281,NA,1,1,"S6","signal",1000,70,0.352588811263852,89.3093851370779,0,0.4,0.1,"none",0,30,1
0.540305395987367,0.281470926772042,1,1,0.508628979785739,NA,0.999999999951735,1,0.467362406803942,NA,0.999997074749733,1,0.462960697389452,0.201646347210294,NA,1,1,"S6","signal",1000,70,0.352588811263852,81.534225861308,0,0.4,0.1,"none",0,31,1
0.533214314274579,0.303679539370023,1,1,0.360289035760416,NA,0.999982581935626,1,0.376243806325437,NA,0.997108852357932,1,0.342983910594704,0.234276665127463,NA,1,1,"S6","signal",1000,70,0.352588811263852,67.0009975774426,0,0.4,0.1,"none",0,32,1
0.520026706230103,0.311043147245503,1,1,0.419777518570091,NA,0.999999887172454,1,0.337690231294058,NA,0.972916134094934,1,0.434176431832344,0.389628194453438,NA,1,1,"S6","signal",1000,70,0.352588811263852,81.8462158365902,0,0.4,0.1,"none",0,33,1
0.5741092320998,0.277273129994606,1,1,0.442372173944892,NA,0.999999999237644,1,0.394723745009365,NA,0.999916891936366,1,0.45353421472299,0.266872373729771,NA,1,1,"S6","signal",1000,70,0.352588811263852,93.4032123153158,0,0.4,0.1,"none",0,34,1
0.52942936896436,0.291335496891316,1,1,0.366499784674085,NA,0.999996419259327,1,0.346880161653903,NA,0.997138819561717,1,0.361896376063166,0.297278800446888,NA,1,1,"S6","signal",1000,70,0.352588811263852,78.6750632579341,0,0.4,0.1,"none",0,35,1
0.505972730815233,0.278648628998965,1,1,0.299467007835376,NA,0.999964161448119,1,0.273379845668108,NA,0.948148722914433,1,0.26989729163362,0.162319208958742,0.000743737280066016,0.999256281407035,1,"S6","signal",1000,70,0.352588811263852,79.8319425405193,0,0.4,0.1,"none",0,36,1
0.541739749539119,0.309037146483367,1,1,0.44541807169573,NA,0.999999997678395,1,0.4249233470988,NA,0.999976353194309,1,0.442507535473673,0.390219469925977,NA,1,1,"S6","signal",1000,70,0.352588811263852,86.4219242980084,0,0.4,0.1,"none",0,37,1
0.495592660354219,0.299837414235178,1,1,0.376293062208533,NA,0.999999655157585,1,0.349018830762744,NA,0.998550622447204,1,0.419189508420989,0.443665825299519,NA,1,1,"S6","signal",1000,70,0.352588811263852,88.6166600490722,0,0.4,0.1,"none",0,38,1
0.500327254125023,0.315898458889392,1,1,0.427989938810685,NA,0.999999996380105,1,0.400710458450407,NA,0.999940516959765,1,0.412364883695257,0.241831369845717,NA,1,1,"S6","signal",1000,70,0.352588811263852,86.0853477316111,0,0.4,0.1,"none",0,39,1
0.530233302030684,0.31480406795554,1,1,0.453497716367623,NA,0.999999999928916,1,0.421267588159601,NA,0.999995054792388,1,0.498409465661238,0.27387237795653,NA,1,1,"S6","signal",1000,70,0.352588811263852,95.8701589421266,0,0.4,0.1,"none",0,40,1
0.527561672646702,0.28434731722063,1,1,0.415566004466327,NA,0.999999897997402,1,0.384740354814421,NA,0.999633343609719,1,0.443472703268854,0.329647117837521,NA,1,1,"S6","signal",1000,70,0.352588811263852,70.9697200388804,0,0.4,0.1,"none",0,41,1
0.531555414092978,0.324762626210263,1,1,0.453256900347362,NA,0.999999989850081,1,0.426550883822739,NA,0.999530792263919,1,0.408940872913894,0.353369025188432,NA,1,1,"S6","signal",1000,70,0.352588811263852,78.9112675397921,0,0.4,0.1,"none",0,42,1
0.508603582605594,0.307263947566652,1,1,0.532494283537555,NA,0.999999999999984,1,0.476268513911657,NA,0.999999900089761,1,0.584770193492464,0.327768162333948,NA,1,1,"S6","signal",1000,70,0.352588811263852,99.2320419569895,0,0.4,0.1,"none",0,43,1
0.536754926949956,0.303060762430128,1,1,0.454205931093149,NA,0.999999999989017,1,0.392796211032285,NA,0.999977494462883,1,0.449007331573647,0.205979140717347,NA,1,1,"S6","signal",1000,70,0.352588811263852,99.3474178379782,0,0.4,0.1,"none",0,44,1
0.48963460088529,0.307049667419227,1,1,0.317550151903767,NA,0.999938960583431,1,0.272890194560387,NA,0.925673924594402,1,0.343888141924399,0.400595504840971,NA,1,1,"S6","signal",1000,70,0.352588811263852,78.2389812102086,0,0.4,0.1,"none",0,45,1
0.582434356978726,0.287972048008287,1,1,0.52001887572284,NA,0.999999999999116,1,0.478479381738398,NA,0.999999891575589,1,0.509790911693807,0.26519372908326,NA,1,1,"S6","signal",1000,70,0.352588811263852,97.2334875416835,0,0.4,0.1,"none",0,46,1
0.584359477184033,0.296876045605713,1,1,0.513920549216639,NA,0.999999999995995,1,0.45668629151211,NA,0.999991364406372,1,0.578208251375421,0.329130721749407,NA,1,1,"S6","signal",1000,70,0.352588811263852,88.3771833748568,0,0.4,0.1,"none",0,47,1
0.476568780465197,0.304420077805853,1,1,0.336861944724187,NA,0.999960353673998,1,0.28569322759205,NA,0.926616317747379,1,0.32831884659959,0.340131105816967,NA,1,1,"S6","signal",1000,70,0.352588811263852,67.4640355511286,0,0.4,0.1,"none",0,48,1
0.538423933787331,0.288636753866705,1,1,0.433675527768738,NA,0.999999996105294,1,0.386072835470236,NA,0.999857159044123,1,0.427961008094431,0.447221225500206,NA,1,1,"S6","signal",1000,70,0.352588811263852,86.9905739766356,0,0.4,0.1,"none",0,49,1
0.513860868614995,0.32305501982227,1,1,0.450263330570743,NA,0.999999999468827,1,0.393435489861589,NA,0.999754297549309,1,0.447424193034018,0.392764064177396,NA,1,1,"S6","signal",1000,70,0.352588811263852,91.3405511333896,0,0.4,0.1,"none",0,50,1
0.57626201727699,0.292004857836614,1,1,0.402328519010178,NA,0.999999810570039,1,0.352118763838867,NA,0.993655246183607,1,0.376079707736428,0.368944958967829,NA,1,1,"S6","signal",1000,70,0.352588811263852,86.9881669389543,0,0.4,0.1,"none",0,51,1
0.584997011350013,0.277031408421811,1,1,0.478851067148605,NA,0.999999999929744,1,0.435421036648695,NA,0.999980154633557,1,0.464092540620393,0.437968972232227,NA,1,1,"S6","signal",1000,70,0.352588811263852,92.6559106432832,0,0.4,0.1,"none",0,52,1
0.519212797873167,0.313994333480956,1,1,0.510081194400498,NA,0.999999996391832,1,0.506802378965787,NA,0.999990330417673,1,0.548822017632703,0.28065713032427,NA,1,1,"S6","signal",1000,70,0.352588811263852,63.7588239007291,0,0.4,0.1,"none",0,53,1
0.536855443836981,0.293244710160005,1,1,0.443267728631721,NA,0.999999999597235,1,0.422910098372578,NA,0.999994721624743,1,0.470456377160895,0.421930307062973,NA,1,1,"S6","signal",1000,70,0.352588811263852,95.2294584419909,0,0.4,0.1,"none",0,54,1
0.542281570200666,0.293994444342995,1,1,0.397829354641396,NA,0.999999668936199,1,0.377138860870787,NA,0.999302075463063,1,0.357579823601119,0.271727011643733,NA,1,1,"S6","signal",1000,70,0.352588811263852,77.6867565449275,0,0.4,0.1,"none",0,55,1
0.562316996304623,0.297837886889205,1,1,0.545488270205542,NA,0.999999999963609,1,0.521756107411022,NA,0.999999320614259,1,0.517724884796718,0.248849849094479,NA,1,1,"S6","signal",1000,70,0.352588811263852,65.0999346342863,0,0.4,0.1,"none",0,56,1
0.477496568327248,0.316051705794902,1,1,0.332396743231388,NA,0.999985447999421,1,0.245676829446445,NA,0.894035022006447,1,0.392813831759401,0.15715645642618,NA,1,1,"S6","signal",1000,70,0.352588811263852,80.6142929250873,0,0.4,0.1,"none",0,57,1
0.544071628433807,0.305739026514715,1,1,0.277002147277126,NA,0.99950978136534,1,0.24240819136141,NA,0.886738665516444,1,0.303330697667774,0.337777313044831,NA,1,1,"S6","signal",1000,70,0.352588811263852,81.391685247689,0,0.4,0.1,"none",0,58,1
0.522184302186233,0.305039145355133,1,1,0.374409455808352,NA,0.999997384870453,1,0.348395428917106,NA,0.990992233021799,1,0.341127256430075,0.477957081876946,NA,1,1,"S6","signal",1000,70,0.352588811263852,73.3278074157348,0,0.4,0.1,"none",0,59,1
0.568872865402349,0.299930130969871,1,1,0.450700935337558,NA,0.999999999425518,1,0.418408542772382,NA,0.999978292512722,1,0.481410426729802,0.317823616138687,NA,1,1,"S6","signal",1000,70,0.352588811263852,83.5469224960692,0,0.4,0.1,"none",0,60,1
0.503352793414278,0.27782115606986,1,1,0.36965496653531,NA,0.999999922853402,1,0.368080318099447,NA,0.999908946865379,1,0.381606307612518,0.359607604846074,NA,1,1,"S6","signal",1000,70,0.352588811263852,99.2420285506269,0,0.4,0.1,"none",0,61,1
0.563830096818665,0.278220214947083,1,1,0.440204188769264,NA,0.999999848650456,1,0.416543308641402,NA,0.999409811713206,1,0.47884602047277,0.373736761451205,NA,1,1,"S6","signal",1000,70,0.352588811263852,67.2208862699162,0,0.4,0.1,"none",0,62,1
0.505571589522907,0.292167644284761,1,1,0.311827141870106,NA,0.999989822495544,1,0.284376991948382,NA,0.965696174529181,1,0.307377862976635,0.219015853632012,NA,1,1,"S6","signal",1000,70,0.352588811263852,82.1509593348742,0,0.4,0.1,"none",0,63,1
0.562050752643129,0.305440594202638,1,1,0.470054298008383,NA,0.999999999960082,1,0.446769193636947,NA,0.999999259643781,1,0.434858420313204,0.114788614062185,NA,1,1,"S6","signal",1000,70,0.352588811263852,93.0242140118641,0,0.4,0.1,"none",0,64,1
0.535008847021953,0.310703845493273,1,1,0.328437214930149,NA,0.999971450387542,1,0.299325805556554,NA,0.97682249547267,1,0.34959411633643,0.277032829472163,NA,1,1,"S6","signal",1000,70,0.352588811263852,85.1248844463321,0,0.4,0.1,"none",0,65,1
0.548907189889188,0.307640825882292,1,1,0.423780948701967,NA,0.999999957674791,1,0.431366817147913,NA,0.999979818525434,1,0.368670267593908,0.28515918162524,NA,1,1,"S6","signal",1000,70,0.352588811263852,76.5868062392758,0,0.4,0.1,"none",0,66,1
0.480730012885549,0.291500263953765,1,1,0.39705260414426,NA,0.99999990614206,1,0.378749115615345,NA,0.999486180542173,1,0.365744327296526,0.27540575633661,NA,1,1,"S6","signal",1000,70,0.352588811263852,79.4269313071033,0,0.4,0.1,"none",0,67,1
0.497426754920785,0.301770643635792,1,1,0.514376590469368,NA,0.999999999998664,1,0.468471881425082,NA,0.99999968807949,1,0.494046805226329,0.306497943700454,NA,1,1,"S6","signal",1000,70,0.352588811263852,96.4181038187985,0,0.4,0.1,"none",0,68,1
0.482570241336141,0.304664456376085,1,1,0.389484328629392,NA,0.999999179408844,1,0.348601248124429,NA,0.987979323700333,1,0.413265233635253,0.198317639120096,NA,1,1,"S6","signal",1000,70,0.352588811263852,70.4517747791947,0,0.4,0.1,"none",0,69,1
0.578163254456975,0.311473798991042,1,1,0.408994159255364,NA,0.999999744335984,1,0.373705181608046,NA,0.995156397359974,1,0.374014279718353,0.428315527494845,NA,1,1,"S6","signal",1000,70,0.352588811263852,77.8705589505822,0,0.4,0.1,"none",0,70,1
0.529858913099321,0.316703564026609,1,1,0.460270687361082,NA,0.999999998527515,1,0.425641234075664,NA,0.999960033100743,1,0.450446244173256,0.390278306648556,NA,1,1,"S6","signal",1000,70,0.352588811263852,72.4106803261036,0,0.4,0.1,"none",0,71,1
0.456183116408922,0.30944701543395,1,1,0.425624441131275,NA,0.99999999898813,1,0.364979572756515,NA,0.999623079020434,1,0.48172860983973,0.229626077134453,NA,1,1,"S6","signal",1000,70,0.352588811263852,89.689866373707,0,0.4,0.1,"none",0,72,1
0.515746366352184,0.295487194482272,1,1,0.299343339813667,NA,0.999867005629422,1,0.222056661354093,NA,0.832475589134287,1,0.326974495846376,0.327459376598921,NA,1,1,"S6","signal",1000,70,0.352588811263852,74.3818500595943,0,0.4,0.1,"none",0,73,1
0.489641635758165,0.276933030302906,1,1,0.483729373413743,NA,0.999999999346852,1,0.449858646978004,NA,0.999976556030547,1,0.441928460597166,0.307959411837138,NA,1,1,"S6","signal",1000,70,0.352588811263852,78.0100457260801,0,0.4,0.1,"none",0,74,1
0.535108263492485,0.319209085018597,1,1,0.526649680157546,NA,0.999999999932476,1,0.526196026922408,NA,0.999999624971868,1,0.579647297947372,0.43643859894227,NA,1,1,"S6","signal",1000,70,0.352588811263852,79.8016955631872,0,0.4,0.1,"none",0,75,1
0.536080165281017,0.29346834503292,1,1,0.375844929349445,NA,0.999999932290893,1,0.328394281468109,NA,0.997472316357218,1,0.378485420675127,0.285492347804467,NA,1,1,"S6","signal",1000,70,0.352588811263852,93.0579389052094,0,0.4,0.1,"none",0,76,1
0.506998176094177,0.29389669668628,1,1,0.430889477245184,NA,0.999999986269774,1,0.408458983461585,NA,0.999901337538903,1,0.448281585254368,0.348574726935862,NA,1,1,"S6","signal",1000,70,0.352588811263852,83.2681526913144,0,0.4,0.1,"none",0,77,1
0.54971377083032,0.30854951853157,1,1,0.427567660111338,NA,0.999999999392094,1,0.370302403217561,NA,0.999656750244025,1,0.456075619687767,0.273508962798593,NA,1,1,"S6","signal",1000,70,0.352588811263852,94.8954088671869,0,0.4,0.1,"none",0,78,1
0.477391175900216,0.276300028029413,1,1,0.398495079089002,NA,0.999999930522687,1,0.348031745967359,NA,0.99803701704071,1,0.433778156584171,0.395654377463403,NA,1,1,"S6","signal",1000,70,0.352588811263852,81.3563605427511,0,0.4,0.1,"none",0,79,1
0.519760028611787,0.266543166146426,1,1,0.45647017256991,NA,0.999999999944925,1,0.424343983342911,NA,0.99999879810494,1,0.468194499438048,0.266111763035365,NA,1,1,"S6","signal",1000,70,0.352588811263852,87.5999910937465,0,0.4,0.1,"none",0,80,1
0.542084828493327,0.262288414912067,1,1,0.484273239262425,NA,0.999999999981091,1,0.433491011566202,NA,0.99999446786188,1,0.47394518200999,0.420595794836586,NA,1,1,"S6","signal",1000,70,0.352588811263852,84.1949765596614,0,0.4,0.1,"none",0,81,1
0.531517554574991,0.297183105550614,1,1,0.47425957316193,NA,0.999999998460216,1,0.429096354735052,NA,0.999923957604983,1,0.472665693406428,0.210748731600297,NA,1,1,"S6","signal",1000,70,0.352588811263852,76.0746461029919,0,0.4,0.1,"none",0,82,1
0.494703164480598,0.291657270886146,1,1,0.381097095521963,NA,0.999999806850143,1,0.349823702327474,NA,0.998852038488255,1,0.35923592314858,0.386689315703586,NA,1,1,"S6","signal",1000,70,0.352588811263852,88.6664324549729,0,0.4,0.1,"none",0,83,1
0.490550010108504,0.30094789166908,1,1,0.363678172196626,NA,0.999999211629353,1,0.329224433450525,NA,0.993471232979137,1,0.36378738153217,0.332285508023256,NA,1,1,"S6","signal",1000,70,0.352588811263852,87.8734129327286,0,0.4,0.1,"none",0,84,1
0.513923719140294,0.289079560943323,1,1,0.496531013430287,NA,0.999999999998865,1,0.444960350796337,NA,0.999999446944057,1,0.531126098759863,0.269765139596118,NA,1,1,"S6","signal",1000,70,0.352588811263852,96.9005212775053,0,0.4,0.1,"none",0,85,1
0.532797598331743,0.284260813926107,1,1,0.481423500454028,NA,0.999999999585215,1,0.457680647327712,NA,0.999995699723901,1,0.445338649296328,0.336391657706264,NA,1,1,"S6","signal",1000,70,0.352588811263852,78.7281182907994,0,0.4,0.1,"none",0,86,1
0.527359289892703,0.297324708881795,1,1,0.431350688545378,NA,0.999999988634556,1,0.390000489320963,NA,0.999378623255326,1,0.411172491989749,0.240902389033767,NA,1,1,"S6","signal",1000,70,0.352588811263852,79.4122292189416,0,0.4,0.1,"none",0,87,1
0.531721238909567,0.2982969176111,1,1,0.48955650253766,NA,0.999999999998701,1,0.455397296218716,NA,0.999999843759471,1,0.54673344239059,0.323383239722174,NA,1,1,"S6","signal",1000,70,0.352588811263852,87.4339807811045,0,0.4,0.1,"none",0,88,1
0.501543919503774,0.313403084151949,1,1,0.527708013163083,NA,0.999999999999163,1,0.478490562564695,NA,0.999999804622132,1,0.52897286125418,0.379052444966146,NA,1,1,"S6","signal",1000,70,0.352588811263852,89.8660974733306,0,0.4,0.1,"none",0,89,1
0.513862224808136,0.305839026214911,1,1,0.430339477134128,NA,0.999999993373177,1,0.376922770052324,NA,0.99943270006678,1,0.430811959213544,0.394404031912624,NA,1,1,"S6","signal",1000,70,0.352588811263852,82.6294068837205,0,0.4,0.1,"none",0,90,1
0.545643353193957,0.276709161848284,1,1,0.447791069851194,NA,0.999999998144128,1,0.411191526374274,NA,0.999939579759742,1,0.463480636891298,0.326866353377208,NA,1,1,"S6","signal",1000,70,0.352588811263852,83.5669548249006,0,0.4,0.1,"none",0,91,1
0.532838606799761,0.302925558554233,1,1,0.394823535607837,NA,0.999999542806029,1,0.351427581117149,NA,0.994686609221632,1,0.379537642342361,0.170151083475442,NA,1,1,"S6","signal",1000,70,0.352588811263852,79.6506984540353,0,0.4,0.1,"none",0,92,1
0.519051815275209,0.291673666277394,1,1,0.40858655240407,NA,0.999999812264613,1,0.381866680620238,NA,0.998362973133864,1,0.432850556253785,0.323778305938457,NA,1,1,"S6","signal",1000,70,0.352588811263852,81.9496282243989,0,0.4,0.1,"none",0,93,1
0.555968515744537,0.304598808373132,1,1,0.513956933117372,NA,0.999999999997072,1,0.479899776166297,NA,0.999999058700013,1,0.554636497989935,0.36558217848479,NA,1,1,"S6","signal",1000,70,0.352588811263852,97.8167082666497,0,0.4,0.1,"none",0,94,1
0.530555394826852,0.305641513599913,1,1,0.406509352974231,NA,0.999999910293705,1,0.393058019690715,NA,0.999886949723641,1,0.417555793039996,0.374836835773717,NA,1,1,"S6","signal",1000,70,0.352588811263852,77.3879792830065,0,0.4,0.1,"none",0,95,1
0.4783514550113,0.291906149693742,1,1,0.409893868623095,NA,0.999999995045744,1,0.364780839290435,NA,0.999463805237966,1,0.410155154523814,0.404900738801157,NA,1,1,"S6","signal",1000,70,0.352588811263852,92.5268975703042,0,0.4,0.1,"none",0,96,1
0.56081085357205,0.317268126279911,1,1,0.438926831361592,NA,0.999999998674729,1,0.40554325719864,NA,0.999982192963654,1,0.465095279016246,0.331191220470631,NA,1,1,"S6","signal",1000,70,0.352588811263852,95.8180789514533,0,0.4,0.1,"none",0,97,1
0.527305334612281,0.294832616579514,1,1,0.42083378547457,NA,0.999999968188538,1,0.401101806285971,NA,0.999765959825035,1,0.400780606833012,0.364333505042559,NA,1,1,"S6","signal",1000,70,0.352588811263852,77.9135244307695,0,0.4,0.1,"none",0,98,1
0.503335483580187,0.313581597273725,1,1,0.408021644377552,NA,0.99999987569753,1,0.376497992724603,NA,0.99929314893179,1,0.43275514382523,0.451693838418256,NA,1,1,"S6","signal",1000,70,0.352588811263852,82.1709115787149,0,0.4,0.1,"none",0,99,1
0.518632189905242,0.304642728156551,1,1,0.388252193628677,NA,0.999999870826351,1,0.310889578755096,NA,0.982358980566736,1,0.373785988385329,0.255077608454286,NA,1,1,"S6","signal",1000,70,0.352588811263852,84.9070521212886,0,0.4,0.1,"none",0,100,1
0.545475117435708,0.29492141240785,1,1,0.505928055874215,NA,0.999999999999892,1,0.465499666100987,NA,0.999999991031608,1,0.540321209981333,0.283558280221551,NA,1,1,"S6","signal",1000,70,0.352588811263852,98.6489856682906,0,0.2,0.3,"none",0,1,1
0.561492184761153,0.301477197456991,1,1,0.527736107156075,NA,0.999999999979454,1,0.530478326512361,NA,0.999999810058724,1,0.525463862552051,0.266380946168984,NA,1,1,"S6","signal",1000,70,0.352588811263852,80.0254136133849,0,0.2,0.3,"none",0,2,1
0.575268168512945,0.327235832575878,1,1,0.560941577492519,NA,0.999999999943861,1,0.485706399384421,NA,0.999929724940179,1,0.602795490771541,0.352892350854003,NA,1,1,"S6","signal",1000,70,0.352588811263852,67.4273734539335,0,0.2,0.3,"none",0,3,1
0.54990930929689,0.309069361731601,1,1,0.399827234025272,NA,0.999999503476866,1,0.312575880719229,NA,0.93253005067247,1,0.487690440190805,0.358489970001972,NA,1,1,"S6","signal",1000,70,0.352588811263852,73.7712608627683,0,0.2,0.3,"none",0,4,1
0.552539195360151,0.322679258604403,1,1,0.503924806936907,NA,0.999999999966464,1,0.439236511942156,NA,0.999979727247113,1,0.460212299232168,0.263625846432457,NA,1,1,"S6","signal",1000,70,0.352588811263852,81.9279614742075,0,0.2,0.3,"none",0,5,1
0.553400682779257,0.299161188292878,1,1,0.452119210719714,NA,0.999999997715544,1,0.41429718098065,NA,0.999954351617409,1,0.464640868664966,0.271351164125678,NA,1,1,"S6","signal",1000,70,0.352588811263852,77.5816794323998,0,0.2,0.3,"none",0,6,1
0.537770676424527,0.278208054661492,1,1,0.474767653019864,NA,0.999999999747645,1,0.430007050403496,NA,0.999967067331484,1,0.51999657534699,0.264976981852499,NA,1,1,"S6","signal",1000,70,0.352588811263852,87.6763673896355,0,0.2,0.3,"none",0,7,1
0.517499325609073,0.308843511533734,1,1,0.478578598390394,NA,0.999999999991676,1,0.456248225310445,NA,0.999998684112463,1,0.520764892514456,0.330783823413236,NA,1,1,"S6","signal",1000,70,0.352588811263852,103.039409868863,0,0.2,0.3,"none",0,8,1
0.539678022382004,0.284821125618558,1,1,0.430371879653813,NA,0.999999997785769,1,0.430965587969583,NA,0.999997494249757,1,0.463141181121975,0.199160711587291,NA,1,1,"S6","signal",1000,70,0.352588811263852,88.2134682455016,0,0.2,0.3,"none",0,9,1
0.54882061389402,0.320533811605234,1,1,0.389039861253619,NA,0.999999322344957,1,0.401235299421322,NA,0.999920428012336,1,0.435563483911259,0.326942683496455,NA,1,1,"S6","signal",1000,70,0.352588811263852,78.0773813937018,0,0.2,0.3,"none",0,10,1
0.554528171605017,0.296574674570957,1,1,0.505821126129456,NA,0.999999999989742,1,0.486507597802251,NA,0.999999865161385,1,0.538493873640541,0.362133606128916,NA,1,1,"S6","signal",1000,70,0.352588811263852,91.4248829190959,0,0.2,0.3,"none",0,11,1
0.586542229915348,0.303343224624974,1,1,0.5423810812631,NA,0.999999999999629,1,0.509567783371558,NA,0.999999963784346,1,0.561248597190315,0.401884981240466,NA,1,1,"S6","signal",1000,70,0.352588811263852,86.4772924298929,0,0.2,0.3,"none",0,12,1
0.522009835649616,0.313271680607915,1,1,0.453033795624384,NA,0.99999999427654,1,0.418455029146166,NA,0.999794421875451,1,0.501810547120588,0.221912880417197,NA,1,1,"S6","signal",1000,70,0.352588811263852,83.8519224468226,0,0.2,0.3,"none",0,13,1
0.542307894759387,0.298958086030743,1,1,0.420729226884694,NA,0.999999976603159,1,0.390035727739466,NA,0.999884241482549,1,0.453057764042056,0.198719650399661,NA,1,1,"S6","signal",1000,70,0.352588811263852,83.0070812502886,0,0.2,0.3,"none",0,14,1
0.529476582296659,0.285674415267382,1,1,0.380491086186881,NA,0.99999944861304,1,0.332836226876302,NA,0.995833630080544,1,0.39524409556613,0.284063230878456,NA,1,1,"S6","signal",1000,70,0.352588811263852,85.2571464229032,0,0.2,0.3,"none",0,15,1
0.511108314142337,0.31953010078344,1,1,0.376153939281419,NA,0.999998751696296,1,0.300723628416942,NA,0.970850934680904,1,0.449843617369315,0.400019412266203,NA,1,1,"S6","signal",1000,70,0.352588811263852,77.1822509697924,0,0.2,0.3,"none",0,16,1
0.549664907569063,0.299022804490603,1,1,0.42184297315291,NA,0.999999982558755,1,0.386997758254177,NA,0.999870116510268,1,0.469585097525095,0.333314585227564,NA,1,1,"S6","signal",1000,70,0.352588811263852,86.5833850253029,0,0.2,0.3,"none",0,17,1
0.529322449810127,0.292666844010823,1,1,0.485171135845406,NA,0.999999998586632,1,0.438413793425468,NA,0.99994492764682,1,0.524224131368156,0.354092987730999,NA,1,1,"S6","signal",1000,70,0.352588811263852,77.4251629888654,0,0.2,0.3,"none",0,18,1
0.528498311983236,0.269217848502713,1,1,0.459188971544633,NA,0.999999989943359,1,0.426182788251249,NA,0.999747726768019,1,0.449444529531236,0.243124939408412,NA,1,1,"S6","signal",1000,70,0.352588811263852,70.8631086889684,0,0.2,0.3,"none",0,19,1
0.583225890841886,0.31096515563314,1,1,0.546319375735957,NA,0.999999999999328,1,0.528029221434328,NA,0.99999997056216,1,0.583680228621728,0.366660729105541,NA,1,1,"S6","signal",1000,70,0.352588811263852,91.0387011853348,0,0.2,0.3,"none",0,20,1
0.578609534059285,0.297097836279768,1,1,0.466698291260059,NA,0.999999999767031,1,0.431512639235529,NA,0.999972308811447,1,0.504799613042833,0.271463171639793,NA,1,1,"S6","signal",1000,70,0.352588811263852,88.6499211981813,0,0.2,0.3,"none",0,21,1
0.553246815389829,0.287675094824215,1,1,0.403864086461628,NA,0.999999855788173,1,0.375073239961581,NA,0.999430819831781,1,0.382382360298969,0.184151888760433,NA,1,1,"S6","signal",1000,70,0.352588811263852,73.7004812592158,0,0.2,0.3,"none",0,22,1
0.546229666019543,0.297653960686507,1,1,0.554739527340254,NA,0.999999999999987,1,0.552736724209512,NA,0.999999999936415,1,0.598589473071302,0.409950201815156,NA,1,1,"S6","signal",1000,70,0.352588811263852,88.9632348510784,0,0.2,0.3,"none",0,23,1
0.503921482362179,0.267432013315449,1,1,0.473507866953231,NA,0.999999999820709,1,0.411087771810484,NA,0.999941091589191,1,0.502140068321399,0.256355417749854,NA,1,1,"S6","signal",1000,70,0.352588811263852,77.2378584803843,0,0.2,0.3,"none",0,24,1
0.535596514041531,0.288249574992482,1,1,0.471422205170249,NA,0.999999999995075,1,0.436195689481194,NA,0.999999343522042,1,0.499341384329131,0.368991131526614,NA,1,1,"S6","signal",1000,70,0.352588811263852,113.142722943457,0,0.2,0.3,"none",0,25,1
0.569137420533412,0.283463359457941,1,1,0.49812268896228,NA,0.999999985464092,1,0.463177130007883,NA,0.999831268002759,1,0.465018523959669,0.344122574822162,NA,1,1,"S6","signal",1000,70,0.352588811263852,66.4464499872932,0,0.2,0.3,"none",0,26,1
0.535307514402727,0.330114514265542,1,1,0.433875977904251,NA,0.999999984713749,1,0.434018761532907,NA,0.999987464691321,1,0.463708742282602,0.282751023452456,NA,1,1,"S6","signal",1000,70,0.352588811263852,80.9331958236666,0,0.2,0.3,"none",0,27,1
0.532418443133386,0.293427167852019,1,1,0.492763799907923,NA,0.999999999989949,1,0.446736273858295,NA,0.99999607260826,1,0.531007064567079,0.27065312332242,NA,1,1,"S6","signal",1000,70,0.352588811263852,98.7990539458406,0,0.2,0.3,"none",0,28,1
0.514286849235419,0.273197879778903,1,1,0.436313077530004,NA,0.99999999383256,1,0.369459171703071,NA,0.998711344636589,1,0.47003247054874,0.295804159949035,NA,1,1,"S6","signal",1000,70,0.352588811263852,86.1945022514335,0,0.2,0.3,"none",0,29,1
0.525038992485553,0.2962046123764,1,1,0.47150822940751,NA,0.999999999729217,1,0.4294430487078,NA,0.999966539340765,1,0.475396691204461,0.20524128837835,NA,1,1,"S6","signal",1000,70,0.352588811263852,88.4344344815987,0,0.2,0.3,"none",0,30,1
0.56277664831876,0.271423528185423,1,1,0.475599710499269,NA,0.99999999952645,1,0.411753289981738,NA,0.999775542232144,1,0.494853252854878,0.211834499038273,NA,1,1,"S6","signal",1000,70,0.352588811263852,72.30533102323,0,0.2,0.3,"none",0,31,1
0.544765641756084,0.327736236031021,1,1,0.430336111278836,NA,0.999999972430677,1,0.404409131658384,NA,0.999659239871882,1,0.455722727329249,0.43676681208209,NA,1,1,"S6","signal",1000,70,0.352588811263852,77.0699926613162,0,0.2,0.3,"none",0,32,1
0.515704994702396,0.303409725989862,1,1,0.428153560605248,NA,0.999999951955061,1,0.424620590119779,NA,0.999982461944555,1,0.376388546407485,0.268661370794394,NA,1,1,"S6","signal",1000,70,0.352588811263852,78.2028576203659,0,0.2,0.3,"none",0,33,1
0.555415043084625,0.305367842168941,1,1,0.57102352000556,NA,0.999999999999653,1,0.501950022420973,NA,0.999999453266036,1,0.591487302518434,0.22525782679539,NA,1,1,"S6","signal",1000,70,0.352588811263852,81.4614404793692,0,0.2,0.3,"none",0,34,1
0.553883166172192,0.30711384667932,1,1,0.599611759716574,NA,1,1,0.577893411114255,NA,0.999999999995955,1,0.63127374339311,0.311058141534054,NA,1,1,"S6","signal",1000,70,0.352588811263852,96.82839519947,0,0.2,0.3,"none",0,35,1
0.5037978515859,0.319374874568664,1,1,0.368916804553192,NA,0.999999246539906,1,0.323279436536366,NA,0.994889084267383,1,0.41424678774421,0.152833961755007,NA,1,1,"S6","signal",1000,70,0.352588811263852,75.8126494107631,0,0.2,0.3,"none",0,36,1
0.527689155782366,0.270490247783432,1,1,0.440638125223065,NA,0.999999774573434,1,0.405062571681144,NA,0.998498816446472,1,0.365503291940657,0.242321495304143,NA,1,1,"S6","signal",1000,70,0.352588811263852,62.5331070401316,0,0.2,0.3,"none",0,37,1
0.528292377529269,0.302714559470618,1,1,0.379036097953191,NA,0.999996691263072,1,0.30442843842132,NA,0.941766765386512,1,0.421641322750909,0.356706975899256,NA,1,1,"S6","signal",1000,70,0.352588811263852,74.5331555689506,0,0.2,0.3,"none",0,38,1
0.562967786679592,0.294454885044579,1,1,0.440184535305751,NA,0.999999995517826,1,0.416307151576247,NA,0.999944739647778,1,0.487635987132062,0.20497517887102,NA,1,1,"S6","signal",1000,70,0.352588811263852,81.7697193452533,0,0.2,0.3,"none",0,39,1
0.498800446256503,0.290621277924282,1,1,0.544660445779966,NA,1,1,0.523987268019566,NA,0.999999999947304,1,0.584233910085883,0.330390099118769,NA,1,1,"S6","signal",1000,70,0.352588811263852,97.0066762873523,0,0.2,0.3,"none",0,40,1
0.560047536903609,0.338484929456494,1,1,0.54577470123616,NA,0.99999999999845,1,0.495284428481748,NA,0.999998419218211,1,0.542253871581076,0.30792154795942,NA,1,1,"S6","signal",1000,70,0.352588811263852,81.6167798208276,0,0.2,0.3,"none",0,41,1
0.549945480018323,0.315491954836214,1,1,0.464842546468856,NA,0.999999999585523,1,0.44221918811684,NA,0.999994139634162,1,0.51138173285206,0.457394743143556,NA,1,1,"S6","signal",1000,70,0.352588811263852,85.2876740044282,0,0.2,0.3,"none",0,42,1
0.557425539531526,0.320245868036493,1,1,0.448290405920788,NA,0.99999996809277,1,0.424186722749435,NA,0.999476802249436,1,0.418466430057156,0.305489529279717,NA,1,1,"S6","signal",1000,70,0.352588811263852,76.7579999400683,0,0.2,0.3,"none",0,43,1
0.570559014313878,0.294085318924143,1,1,0.482593930474349,NA,0.999999942045943,1,0.41897832363,NA,0.996514701019983,1,0.469099711402771,0.232246372608942,NA,1,1,"S6","signal",1000,70,0.352588811263852,57.9243551571803,0,0.2,0.3,"none",0,44,1
0.542621225488909,0.261307953982523,1,1,0.418290514504024,NA,0.999999997962844,1,0.371865749590341,NA,0.999824161362334,1,0.421337041134285,0.161792298547073,NA,1,1,"S6","signal",1000,70,0.352588811263852,89.8511288652006,0,0.2,0.3,"none",0,45,1
0.571548966028921,0.319479162798195,1,1,0.440733430077086,NA,0.999999999709713,1,0.375837675694566,NA,0.999867272351219,1,0.460459498897947,0.383340302533981,NA,1,1,"S6","signal",1000,70,0.352588811263852,108.106973065793,0,0.2,0.3,"none",0,46,1
0.575833091633384,0.288967903967492,1,1,0.506721768099514,NA,0.999999999778065,1,0.478790111918842,NA,0.999983769683917,1,0.51581779720408,0.373395713311758,NA,1,1,"S6","signal",1000,70,0.352588811263852,76.22989208318,0,0.2,0.3,"none",0,47,1
0.550846064054723,0.316587511574769,1,1,0.430977442104593,NA,0.999999993294284,1,0.401059681311111,NA,0.999880099100827,1,0.471946800942856,0.453664451153001,NA,1,1,"S6","signal",1000,70,0.352588811263852,97.6302597862247,0,0.2,0.3,"none",0,48,1
0.542681613439176,0.290504015128692,1,1,0.447455047976451,NA,0.999999993494973,1,0.413015616204109,NA,0.999589598835365,1,0.501299425354883,0.217188636384558,NA,1,1,"S6","signal",1000,70,0.352588811263852,81.1256749670966,0,0.2,0.3,"none",0,49,1
0.517557662935218,0.281642320838541,1,1,0.426864368239984,NA,0.999999995385131,1,0.376829704939273,NA,0.999104959851396,1,0.453276253130531,0.295500206637753,NA,1,1,"S6","signal",1000,70,0.352588811263852,91.2949785218343,0,0.2,0.3,"none",0,50,1
0.528779685364803,0.282781680998437,1,1,0.527541358832026,NA,0.999999999872024,1,0.460100214809406,NA,0.999843012011515,1,0.549351548193967,0.364291456411581,NA,1,1,"S6","signal",1000,70,0.352588811263852,73.8220215330363,0,0.2,0.3,"none",0,51,1
0.600076995695642,0.289294753261782,1,1,0.49251197140314,NA,0.999999999973253,1,0.464897358833925,NA,0.999998441703889,1,0.517619272955834,0.345124649366791,NA,1,1,"S6","signal",1000,70,0.352588811263852,95.5562683678516,0,0.2,0.3,"none",0,52,1
0.56334452872127,0.290929204805387,1,1,0.455430579573206,NA,0.999999998568215,1,0.421246443307146,NA,0.999861911372369,1,0.466087960518763,0.360698669487619,NA,1,1,"S6","signal",1000,70,0.352588811263852,84.1545943127277,0,0.2,0.3,"none",0,53,1
0.521492187598379,0.304661228791201,1,1,0.454414830939435,NA,0.999999999092482,1,0.423838691472864,NA,0.999993308759241,1,0.465090204190525,0.239484120567713,NA,1,1,"S6","signal",1000,70,0.352588811263852,86.8050414660315,0,0.2,0.3,"none",0,54,1
0.560828598948331,0.284431953223071,1,1,0.406192190456106,NA,0.99999979830378,1,0.351851860840842,NA,0.996160802184355,1,0.469421659313384,0.369973338386901,NA,1,1,"S6","signal",1000,70,0.352588811263852,82.2219715338857,0,0.2,0.3,"none",0,55,1
0.513156345108393,0.277962151328305,1,1,0.385438872899832,NA,0.999999404239979,1,0.375775114569624,NA,0.997622751888028,1,0.39818869178441,0.238888769404205,NA,1,1,"S6","signal",1000,70,0.352588811263852,75.6771573519596,0,0.2,0.3,"none",0,56,1
0.551603280436256,0.298085444707249,1,1,0.360201287524497,NA,0.999992434035196,1,0.334016339844746,NA,0.988564632337414,1,0.331763194843748,0.364430496740524,NA,1,1,"S6","signal",1000,70,0.352588811263852,81.305568336203,0,0.2,0.3,"none",0,57,1
0.482026422955232,0.287672048531168,1,1,0.498639951266811,NA,0.999999999996324,1,0.45236760819575,NA,0.999998459631369,1,0.532903772581422,0.384330064672816,NA,1,1,"S6","signal",1000,70,0.352588811263852,93.6358721935823,0,0.2,0.3,"none",0,58,1
0.550917047620399,0.330283933519964,1,1,0.441039188905832,NA,0.999999956727834,1,0.384702870640232,NA,0.997787666936454,1,0.457323329283326,0.234625530420612,NA,1,1,"S6","signal",1000,70,0.352588811263852,79.9461349509413,0,0.2,0.3,"none",0,59,1
0.524620160256164,0.283200112018707,1,1,0.533946700828252,NA,0.999999999991114,1,0.494167072694823,NA,0.999996787206344,1,0.551752479231215,0.290795835081307,NA,1,1,"S6","signal",1000,70,0.352588811263852,78.8871742020507,0,0.2,0.3,"none",0,60,1
0.558324514162992,0.275064198137299,1,1,0.558403936157197,NA,0.999999999998269,1,0.523273862419726,NA,0.999999975265888,1,0.559788025901629,0.308447439558256,NA,1,1,"S6","signal",1000,70,0.352588811263852,75.4313093521478,0,0.2,0.3,"none",0,61,1
0.571624916813168,0.311258137250895,1,1,0.474291764560959,NA,0.999999999161917,1,0.443798918373256,NA,0.999921256048194,1,0.49352594472099,0.290478757261825,NA,1,1,"S6","signal",1000,70,0.352588811263852,84.1253119621668,0,0.2,0.3,"none",0,62,1
0.505998347423726,0.316108800368158,1,1,0.402042308374438,NA,0.999998562640553,1,0.37288282840977,NA,0.997322066458007,1,0.436458376005962,0.346540325524336,NA,1,1,"S6","signal",1000,70,0.352588811263852,71.161300164555,0,0.2,0.3,"none",0,63,1
0.52153233339701,0.30702881669023,1,1,0.561898139368449,NA,0.999999999999975,1,0.51907743208296,NA,0.999999978306954,1,0.594578679466544,0.418864698981128,NA,1,1,"S6","signal",1000,70,0.352588811263852,86.9467785410503,0,0.2,0.3,"none",0,64,1
0.588560123668276,0.312175075976648,1,1,0.548018527563559,NA,0.999999999862716,1,0.511388093537116,NA,0.999996441459257,1,0.538034968254889,0.416899326839144,NA,1,1,"S6","signal",1000,70,0.352588811263852,75.1762555068179,0,0.2,0.3,"none",0,65,1
0.544164447281805,0.307891750076763,1,1,0.468692757168312,NA,0.999999997044257,1,0.412409357915325,NA,0.999743400091441,1,0.50609127239426,0.279545316732832,NA,1,1,"S6","signal",1000,70,0.352588811263852,74.1780927345417,0,0.2,0.3,"none",0,66,1
0.552005652887488,0.289105781184493,1,1,0.476519107051501,NA,0.999999999592165,1,0.411869323214131,NA,0.999722623684254,1,0.587570552904783,0.255247284079399,NA,1,1,"S6","signal",1000,70,0.352588811263852,76.4214805269963,0,0.2,0.3,"none",0,67,1
0.568658940827914,0.26494249331647,1,1,0.505079921526195,NA,0.999999999886206,1,0.469807432619522,NA,0.999986844686467,1,0.58036908709873,0.247397764041344,NA,1,1,"S6","signal",1000,70,0.352588811263852,76.7023268102673,0,0.2,0.3,"none",0,68,1
0.519027167832209,0.283574739822744,1,1,0.441169599924858,NA,0.999999985918922,1,0.363077386788243,NA,0.997094992239742,1,0.444556539216328,0.241467847594875,NA,1,1,"S6","signal",1000,70,0.352588811263852,75.6562705446429,0,0.2,0.3,"none",0,69,1
0.578914759055535,0.274827193975932,1,1,0.57117126839758,NA,0.999999999999999,1,0.53580202766771,NA,0.999999997358964,1,0.617359530965395,0.256957680959819,NA,1,1,"S6","signal",1000,70,0.352588811263852,96.5877142574598,0,0.2,0.3,"none",0,70,1
0.551312979356175,0.314159802872714,1,1,0.471831854899204,NA,0.999999999563047,1,0.417692455076236,NA,0.999632637141792,1,0.477573234763114,0.244742414138472,NA,1,1,"S6","signal",1000,70,0.352588811263852,92.420577729124,0,0.2,0.3,"none",0,71,1
0.542370154532967,0.326904003170266,1,1,0.488283522242334,NA,0.999999999964391,1,0.390073439920071,NA,0.999810028058332,1,0.539081904137182,0.321160060021483,NA,1,1,"S6","signal",1000,70,0.352588811263852,86.8499170973662,0,0.2,0.3,"none",0,72,1
0.567053236351625,0.292089855205566,1,1,0.395973728874113,NA,0.99999995673784,1,0.362394042263395,NA,0.999497848034969,1,0.402385726129758,0.341090106524919,NA,1,1,"S6","signal",1000,70,0.352588811263852,99.7288655302289,0,0.2,0.3,"none",0,73,1
0.505393707454025,0.293568254597163,1,1,0.40087004643884,NA,0.999999962984146,1,0.353336738210522,NA,0.998546172771147,1,0.443066321447177,0.271254336012993,NA,1,1,"S6","signal",1000,70,0.352588811263852,88.1041037829454,0,0.2,0.3,"none",0,74,1
0.524210706287574,0.31598297958149,1,1,0.452568775096452,NA,0.999999998517152,1,0.432397903543153,NA,0.999948331208575,1,0.456679065374531,0.258520912935654,NA,1,1,"S6","signal",1000,70,0.352588811263852,85.5856661429708,0,0.2,0.3,"none",0,75,1
0.54743665909744,0.310187679143651,1,1,0.488636901018983,NA,0.999999998190955,1,0.401003351115924,NA,0.997888128118234,1,0.554400275459291,0.271703821422396,NA,1,1,"S6","signal",1000,70,0.352588811263852,74.4599443907895,0,0.2,0.3,"none",0,76,1
0.602010988968863,0.31830986080448,1,1,0.495262526861476,NA,0.999999999066053,1,0.42116590447882,NA,0.999543346140413,1,0.471667023939094,0.241591911851932,NA,1,1,"S6","signal",1000,70,0.352588811263852,73.6012554060166,0,0.2,0.3,"none",0,77,1
0.583422384979054,0.287018607511746,1,1,0.567915207213971,NA,0.999999999992513,1,0.552277654305315,NA,0.999999373616738,1,0.627426224729414,0.370468037526314,NA,1,1,"S6","signal",1000,70,0.352588811263852,66.6298305364274,0,0.2,0.3,"none",0,78,1
0.494180347695878,0.315175435122037,1,1,0.452572312513572,NA,0.999999999937596,1,0.40514678401643,NA,0.99998069990164,1,0.488247636510022,0.394601515050749,NA,1,1,"S6","signal",1000,70,0.352588811263852,100.28473589242,0,0.2,0.3,"none",0,79,1
0.510554135618033,0.320412062839434,1,1,0.441914209304268,NA,0.999999997194161,1,0.395227741148972,NA,0.99996032680275,1,0.448539885451701,0.363563042997302,NA,1,1,"S6","signal",1000,70,0.352588811263852,84.133118586509,0,0.2,0.3,"none",0,80,1
0.536723148481609,0.308352378979993,1,1,0.487344243855926,NA,0.999999996715559,1,0.421690310340489,NA,0.99890669615048,1,0.517547782216369,0.45938399971716,NA,1,1,"S6","signal",1000,70,0.352588811263852,71.2699360602053,0,0.2,0.3,"none",0,81,1
0.529808427022846,0.319267543824797,1,1,0.442870638806193,NA,0.999999996105929,1,0.41547850372266,NA,0.999989383372986,1,0.430223775078994,0.236196202018237,NA,1,1,"S6","signal",1000,70,0.352588811263852,78.4383701872349,0,0.2,0.3,"none",0,82,1
0.502812247277943,0.315187812787612,1,1,0.474465007250338,NA,0.999999999470563,1,0.440299635368462,NA,0.999984364605427,1,0.464573844290414,0.278826278687258,NA,1,1,"S6","signal",1000,70,0.352588811263852,77.7193012241736,0,0.2,0.3,"none",0,83,1
0.543042534067916,0.303033780897858,1,1,0.394485876077184,NA,0.999999616116279,1,0.384477174952967,NA,0.999521950462403,1,0.419305108174358,0.22037387688121,NA,1,1,"S6","signal",1000,70,0.352588811263852,94.2113902364962,0,0.2,0.3,"none",0,84,1
0.548329332391343,0.292207715606128,1,1,0.593869603362557,NA,0.999999999999988,1,0.543394097256979,NA,0.999999968795268,1,0.615427338658692,0.303519936387067,NA,1,1,"S6","signal",1000,70,0.352588811263852,76.0649226399437,0,0.2,0.3,"none",0,85,1
0.528967586310855,0.29454619878338,1,1,0.473153706560603,NA,0.999999997073225,1,0.449781410149884,NA,0.999955592857225,1,0.536967759236836,0.233898103263478,NA,1,1,"S6","signal",1000,70,0.352588811263852,76.6999706246609,0,0.2,0.3,"none",0,86,1
0.549844722932883,0.314996707531909,1,1,0.416767218732195,NA,0.99999978291228,1,0.360271816662586,NA,0.987147486419102,1,0.442321454444944,0.264036130914323,NA,1,1,"S6","signal",1000,70,0.352588811263852,76.1384349682022,0,0.2,0.3,"none",0,87,1
0.495736820609154,0.304428396641766,1,1,0.46527215059746,NA,0.999999998922067,1,0.430616978797677,NA,0.999984401443101,1,0.489075861468424,0.242056983519654,NA,1,1,"S6","signal",1000,70,0.352588811263852,92.4162645903059,0,0.2,0.3,"none",0,88,1
0.563386664037545,0.301590395345898,1,1,0.511227781510566,NA,0.999999999999123,1,0.483859455127104,NA,0.999999660878084,1,0.55511691589505,0.21784655198622,NA,1,1,"S6","signal",1000,70,0.352588811263852,104.638036918195,0,0.2,0.3,"none",0,89,1
0.569591706215735,0.276966166098293,1,1,0.468692951234799,NA,0.999999981056948,1,0.402082967965709,NA,0.996165913602597,1,0.441472592981766,0.188288007998317,NA,1,1,"S6","signal",1000,70,0.352588811263852,70.9529653515447,0,0.2,0.3,"none",0,90,1
0.512805744258495,0.307414920782739,1,1,0.528018117822666,NA,0.999999999999657,1,0.485244440443594,NA,0.999999721639878,1,0.552857111572222,0.413873117124205,NA,1,1,"S6","signal",1000,70,0.352588811263852,91.6824348832494,0,0.2,0.3,"none",0,91,1
0.607813342003951,0.295351295396173,1,1,0.53527925539863,NA,0.999999999970995,1,0.450102859022112,NA,0.999662095758,1,0.584437724710452,0.144218820133919,NA,1,1,"S6","signal",1000,70,0.352588811263852,78.8712568209584,0,0.2,0.3,"none",0,92,1
0.548222905426967,0.279092821185904,1,1,0.478647783097627,NA,0.999999999744453,1,0.420589407734197,NA,0.999935835614008,1,0.534778332891247,0.292271041820971,NA,1,1,"S6","signal",1000,70,0.352588811263852,84.3958477830948,0,0.2,0.3,"none",0,93,1
0.48544786503851,0.305280957112623,1,1,0.455152370983646,NA,0.999999998976343,1,0.374665244963919,NA,0.998884269483274,1,0.457159644264633,0.368519508348401,NA,1,1,"S6","signal",1000,70,0.352588811263852,87.670325939655,0,0.2,0.3,"none",0,94,1
0.516021078949051,0.321061967085315,1,1,0.555197617596559,NA,0.999999999993386,1,0.519566576017693,NA,0.999999579711418,1,0.618970832721703,0.393775116391199,NA,1,1,"S6","signal",1000,70,0.352588811263852,72.542677843679,0,0.2,0.3,"none",0,95,1
0.537272373863233,0.284856721140719,1,1,0.470692770529772,NA,0.999999992460178,1,0.436585354006009,NA,0.999770333052898,1,0.502433521467593,0.226390525488639,NA,1,1,"S6","signal",1000,70,0.352588811263852,73.2897586422098,0,0.2,0.3,"none",0,96,1
0.475245203296737,0.294689756020535,1,1,0.34829240212166,NA,0.999999230550657,1,0.315742900374643,NA,0.995584315189305,1,0.350127437395926,0.220158212173526,NA,1,1,"S6","signal",1000,70,0.352588811263852,95.3329269747619,0,0.2,0.3,"none",0,97,1
0.556607549196897,0.277772524679674,1,1,0.463226952260728,NA,0.999999999553503,1,0.424553725359967,NA,0.999957906334959,1,0.500807096489187,0.358511445784345,NA,1,1,"S6","signal",1000,70,0.352588811263852,89.8649563694811,0,0.2,0.3,"none",0,98,1
0.53436389900029,0.295498966499684,1,1,0.485318033485901,NA,0.999999999556075,1,0.44144957805403,NA,0.999918066946601,1,0.556196985497841,0.363932094200925,NA,1,1,"S6","signal",1000,70,0.352588811263852,82.4460862003651,0,0.2,0.3,"none",0,99,1
0.556014646302169,0.301541543670296,1,1,0.552691885743188,NA,0.999999999992994,1,0.489352743687392,NA,0.999993442655895,1,0.609066477179797,0.396108812520371,NA,1,1,"S6","signal",1000,70,0.352588811263852,84.634212530955,0,0.2,0.3,"none",0,100,1
0.606916100300913,0.304789233346655,1,1,0.548127198710148,NA,0.99999999999308,1,0.457783337898892,NA,0.999986988586051,1,0.580979024923883,0.302614328042263,NA,1,1,"S6","signal",1000,70,0.352588811263852,85.4369066138354,0,0.4,0.3,"none",0,1,1
0.600986672516534,0.309740068606593,1,1,0.628327854319265,NA,1,1,0.555029541201027,NA,0.999999990544587,1,0.722377930665016,0.318641505268597,NA,1,1,"S6","signal",1000,70,0.352588811263852,87.6025097949357,0,0.4,0.3,"none",0,2,1
0.566997018859967,0.321831448198774,1,1,0.593054364689416,NA,0.999999999999997,1,0.532094063980735,NA,0.99999998000685,1,0.640381537967303,0.316790320067065,NA,1,1,"S6","signal",1000,70,0.352588811263852,90.188878635731,0,0.4,0.3,"none",0,3,1
0.586009771439569,0.297495947533175,1,1,0.700417472668181,NA,1,1,0.625249718589455,NA,0.999999999999463,1,0.699669228427434,0.338664311684789,NA,1,1,"S6","signal",1000,70,0.352588811263852,77.803088838443,0,0.4,0.3,"none",0,4,1
0.59905864726168,0.294718519725136,1,1,0.645150002444426,NA,1,1,0.577448934254229,NA,0.9999999995933,1,0.681503321062058,0.298199297040978,NA,1,1,"S6","signal",1000,70,0.352588811263852,83.6639512795523,0,0.4,0.3,"none",0,5,1
0.58109686881725,0.310344714715441,1,1,0.669945583474433,NA,0.999999999999996,1,0.614891440291186,NA,0.99999999252756,1,0.694283004865398,0.264615957433387,NA,1,1,"S6","signal",1000,70,0.352588811263852,64.816573332517,0,0.4,0.3,"none",0,6,1
0.605116458598708,0.297186773212881,1,1,0.657023417464337,NA,1,1,0.644904507262395,NA,0.999999999998799,1,0.707121814372337,0.266913473413033,NA,1,1,"S6","signal",1000,70,0.352588811263852,86.5367845338886,0,0.4,0.3,"none",0,7,1
0.574052505772106,0.322323641092192,1,1,0.623028505116717,NA,0.99999999999987,1,0.574251979159632,NA,0.999999957141084,1,0.595815106180685,0.265177426275083,NA,1,1,"S6","signal",1000,70,0.352588811263852,69.3012013159146,0,0.4,0.3,"none",0,8,1
0.641230446886715,0.31061745089661,1,1,0.663471207611181,NA,0.999999999999999,1,0.626560248761342,NA,0.999999999036276,1,0.667975790354559,0.273776974226988,NA,1,1,"S6","signal",1000,70,0.352588811263852,82.260003156121,0,0.4,0.3,"none",0,9,1
0.569993940197373,0.325598417104579,1,1,0.663421346455106,NA,1,1,0.608015285503836,NA,0.999999999997677,1,0.715250147148348,0.395880357337365,NA,1,1,"S6","signal",1000,70,0.352588811263852,89.7818619831683,0,0.4,0.3,"none",0,10,1
0.574871748433793,0.301647501798091,1,1,0.677506837219548,NA,1,1,0.596634248904109,NA,0.999999999967816,1,0.784063106836503,0.287758378786747,NA,1,1,"S6","signal",1000,70,0.352588811263852,86.6326023300406,0,0.4,0.3,"none",0,11,1
0.59357865045953,0.306842700811969,1,1,0.723696215895307,NA,1,1,0.660859390689899,NA,1,1,0.77083807629078,0.29676507817105,NA,1,1,"S6","signal",1000,70,0.352588811263852,99.3798189538913,0,0.4,0.3,"none",0,12,1
0.62945168814163,0.279642953072168,1,1,0.608927546763631,NA,1,1,0.566159704476651,NA,0.99999999985987,1,0.605888751342372,0.186600646097697,NA,1,1,"S6","signal",1000,70,0.352588811263852,84.9711386090606,0,0.4,0.3,"none",0,13,1
0.631307564723798,0.3226968053444,1,1,0.730042610651735,NA,1,1,0.669698902021436,NA,0.999999999999453,1,0.733362798674167,0.366126542728234,NA,1,1,"S6","signal",1000,70,0.352588811263852,80.0710008156307,0,0.4,0.3,"none",0,14,1
0.579563896389941,0.323684249873074,1,1,0.681400253235796,NA,1,1,0.620384828557688,NA,0.999999999971913,1,0.693208902327727,0.340656815792878,NA,1,1,"S6","signal",1000,70,0.352588811263852,83.022651921716,0,0.4,0.3,"none",0,15,1
0.641208785315578,0.282851242400369,1,1,0.660553152772661,NA,1,1,0.590920940453019,NA,0.999999996549408,1,0.722870991391532,0.310744490790568,NA,1,1,"S6","signal",1000,70,0.352588811263852,85.6986223757501,0,0.4,0.3,"none",0,16,1
0.560331018582596,0.294286215276043,1,1,0.562089630601131,NA,0.999999999999949,1,0.530412047885767,NA,0.999999999530925,1,0.603704165848083,0.24964582751816,NA,1,1,"S6","signal",1000,70,0.352588811263852,84.8736882652522,0,0.4,0.3,"none",0,17,1
0.5761679893909,0.275164681318701,1,1,0.607114670173108,NA,1,1,0.557614563699505,NA,0.999999999763724,1,0.727170066849752,0.341026233367824,NA,1,1,"S6","signal",1000,70,0.352588811263852,78.8141612902196,0,0.4,0.3,"none",0,18,1
0.591314664941017,0.322930734190462,1,1,0.6469992871298,NA,1,1,0.613646958435305,NA,0.999999999861578,1,0.701708951129338,0.262650425208765,NA,1,1,"S6","signal",1000,70,0.352588811263852,82.4888695707334,0,0.4,0.3,"none",0,19,1
0.546535448560563,0.305548610529583,1,1,0.596607785255125,NA,0.999999999999992,1,0.532991273107769,NA,0.999999983052922,1,0.601840549269312,0.387495438307781,NA,1,1,"S6","signal",1000,70,0.352588811263852,76.4819162167553,0,0.4,0.3,"none",0,20,1
0.575223714736562,0.299488081329144,1,1,0.609198689762535,NA,0.999999999999976,1,0.52000583484943,NA,0.999993154965816,1,0.649207610322725,0.164834852375148,NA,1,1,"S6","signal",1000,70,0.352588811263852,77.4565459773561,0,0.4,0.3,"none",0,21,1
0.618820533266605,0.297379560005746,1,1,0.7151294705721,NA,1,1,0.6574826989626,NA,0.999999999999987,1,0.763890179793982,0.303307369960059,NA,1,1,"S6","signal",1000,70,0.352588811263852,100.323939390138,0,0.4,0.3,"none",0,22,1
0.593801655437652,0.302323403033202,1,1,0.621029659053935,NA,0.999999999999974,1,0.599645720264018,NA,0.999999998732211,1,0.559873463021084,0.331177423686984,NA,1,1,"S6","signal",1000,70,0.352588811263852,76.0117895502309,0,0.4,0.3,"none",0,23,1
0.550356888437401,0.274879757476174,1,1,0.624328787392977,NA,1,1,0.598770771555962,NA,0.999999999999897,1,0.704787684293723,0.240870945117779,NA,1,1,"S6","signal",1000,70,0.352588811263852,95.2186194190433,0,0.4,0.3,"none",0,24,1
0.571038265110193,0.280766360305336,1,1,0.568922368279395,NA,0.999999999999996,1,0.550418837397184,NA,0.99999999955998,1,0.668763889197458,0.288758653515468,NA,1,1,"S6","signal",1000,70,0.352588811263852,87.0119161855501,0,0.4,0.3,"none",0,25,1
0.530061306394915,0.302235268967662,1,1,0.520560314739286,NA,0.999999998663388,1,0.493487889164298,NA,0.999979531285738,1,0.536863704271319,0.228460045551045,NA,1,1,"S6","signal",1000,70,0.352588811263852,62.3777731251353,0,0.4,0.3,"none",0,26,1
0.628870840809676,0.316586510177978,1,1,0.736777924524678,NA,1,1,0.66039355307286,NA,0.99999999999673,1,0.739457450491862,0.401883049006273,NA,1,1,"S6","signal",1000,70,0.352588811263852,88.743477936392,0,0.4,0.3,"none",0,27,1
0.601857985521959,0.309948536231201,1,1,0.633071715813134,NA,1,1,0.531484070875669,NA,0.999999957407458,1,0.705320012950733,0.263520349506751,NA,1,1,"S6","signal",1000,70,0.352588811263852,86.6078173471626,0,0.4,0.3,"none",0,28,1
0.546059037064685,0.301022794055195,1,1,0.59187538600587,NA,0.999999999997579,1,0.549019438246537,NA,0.999999693283723,1,0.653450796970594,0.321481940520167,NA,1,1,"S6","signal",1000,70,0.352588811263852,76.08335035132,0,0.4,0.3,"none",0,29,1
0.568047850149903,0.32744402065935,1,1,0.617018733492334,NA,1,1,0.553819147547886,NA,0.999999999917141,1,0.703111724395009,0.263300004846207,NA,1,1,"S6","signal",1000,70,0.352588811263852,98.5819594587578,0,0.4,0.3,"none",0,30,1
0.57460128960611,0.300851498222758,1,1,0.652737246990432,NA,1,1,0.64198546066312,NA,0.999999999999511,1,0.676204432343567,0.311313435452516,NA,1,1,"S6","signal",1000,70,0.352588811263852,76.4509869408722,0,0.4,0.3,"none",0,31,1
0.615235283470716,0.276872311033387,1,1,0.641715299387778,NA,0.999999999998621,1,0.599349563865025,NA,0.999998935660105,1,0.696852639402678,0.306315887626534,NA,1,1,"S6","signal",1000,70,0.352588811263852,61.5743096649931,0,0.4,0.3,"none",0,32,1
0.611699454638869,0.32329920508302,1,1,0.673001150925122,NA,0.999999999999989,1,0.619410615293905,NA,0.999999991971473,1,0.726394612877684,0.340127803681733,NA,1,1,"S6","signal",1000,70,0.352588811263852,71.4797277515333,0,0.4,0.3,"none",0,33,1
0.666263659780084,0.302128775677466,1,1,0.719652026613576,NA,1,1,0.661838845458988,NA,0.999999999962155,1,0.770944087285181,0.300930812370313,NA,1,1,"S6","signal",1000,70,0.352588811263852,78.5355358501548,0,0.4,0.3,"none",0,34,1
0.631602468942634,0.302144807920913,1,1,0.699214163872176,NA,1,1,0.638248648136764,NA,0.999999999899951,1,0.691784224976338,0.336341385169882,NA,1,1,"S6","signal",1000,70,0.352588811263852,83.4279762676794,0,0.4,0.3,"none",0,35,1
0.592947411488438,0.282336663065426,1,1,0.615680321699825,NA,1,1,0.556581701207071,NA,0.999999997715995,1,0.65541649829171,0.386549682608457,NA,1,1,"S6","signal",1000,70,0.352588811263852,81.9841672686839,0,0.4,0.3,"none",0,36,1
0.535304876646201,0.279571961463274,1,1,0.52919075927867,NA,0.999999999991957,1,0.479860439948178,NA,0.999998655336491,1,0.599079444349537,0.247717097583278,NA,1,1,"S6","signal",1000,70,0.352588811263852,81.5434227530804,0,0.4,0.3,"none",0,37,1
0.601753855466563,0.296120966412996,1,1,0.662345992266529,NA,1,1,0.597769445962617,NA,0.999999999760784,1,0.665885971915927,0.330395590274782,NA,1,1,"S6","signal",1000,70,0.352588811263852,87.2698832339815,0,0.4,0.3,"none",0,38,1
0.617909314480516,0.316211401275669,1,1,0.699702824699105,NA,1,1,0.660662013354467,NA,0.999999999967358,1,0.77096452307137,0.314024274964961,NA,1,1,"S6","signal",1000,70,0.352588811263852,79.3745259744186,0,0.4,0.3,"none",0,39,1
0.564158828888953,0.288864593084086,1,1,0.568164115885841,NA,0.999999999999396,1,0.541138266491987,NA,0.999999961458057,1,0.56196159398281,0.378953676820897,NA,1,1,"S6","signal",1000,70,0.352588811263852,75.2522435367275,0,0.4,0.3,"none",0,40,1
0.580602180648872,0.305301046936813,1,1,0.621180120918972,NA,0.999999999999999,1,0.574970562820204,NA,0.99999999940041,1,0.681523827332201,0.373151865446052,NA,1,1,"S6","signal",1000,70,0.352588811263852,83.632161405421,0,0.4,0.3,"none",0,41,1
0.589568276278558,0.299474671060727,1,1,0.639351136183537,NA,1,1,0.574282654392875,NA,0.999999999816316,1,0.667604931510855,0.194813019831648,NA,1,1,"S6","signal",1000,70,0.352588811263852,93.0200297481319,0,0.4,0.3,"none",0,42,1
0.587545950460194,0.296985401511401,1,1,0.653723029808578,NA,1,1,0.585615656006828,NA,0.999999999999554,1,0.705691415189793,0.351742442781906,NA,1,1,"S6","signal",1000,70,0.352588811263852,96.1449597939185,0,0.4,0.3,"none",0,43,1
0.635347790356354,0.296828203082584,1,1,0.745218346606494,NA,1,1,0.672447071348203,NA,0.999999999911546,1,0.777242298068755,0.525555461303345,NA,1,1,"S6","signal",1000,70,0.352588811263852,71.4057628953955,0,0.4,0.3,"none",0,44,1
0.583011460846405,0.297435976311638,1,1,0.657118399811115,NA,1,1,0.587197855106853,NA,0.999999993691463,1,0.765224845142916,0.391709346096294,NA,1,1,"S6","signal",1000,70,0.352588811263852,86.1525678608938,0,0.4,0.3,"none",0,45,1
0.651373722424488,0.320807775412234,1,1,0.758649888505579,NA,1,1,0.677569544758757,NA,0.999999999998676,1,0.80884263117203,0.429226824911036,NA,1,1,"S6","signal",1000,70,0.352588811263852,75.726646531917,0,0.4,0.3,"none",0,46,1
0.546834771971396,0.3139761541442,1,1,0.447794175054052,NA,0.999999993682518,1,0.411893728032499,NA,0.999875756429489,1,0.445997223652474,0.389039488973513,NA,1,1,"S6","signal",1000,70,0.352588811263852,82.9806926464979,0,0.4,0.3,"none",0,47,1
0.633446448584566,0.314209691733475,1,1,0.658387780755382,NA,1,1,0.634588074461225,NA,0.999999999998967,1,0.681524480328857,0.319586149301419,NA,1,1,"S6","signal",1000,70,0.352588811263852,87.6319511869169,0,0.4,0.3,"none",0,48,1
0.608545309371571,0.293091578311309,1,1,0.645132298071088,NA,1,1,0.607833363393563,NA,0.999999999818307,1,0.677420507145189,0.18644934043163,NA,1,1,"S6","signal",1000,70,0.352588811263852,79.114745374599,0,0.4,0.3,"none",0,49,1
0.554944734432805,0.310959032027083,1,1,0.641385848474593,NA,1,1,0.585602619930951,NA,0.999999999266467,1,0.708175325471223,0.333585007573783,NA,1,1,"S6","signal",1000,70,0.352588811263852,86.0298668479676,0,0.4,0.3,"none",0,50,1
0.602166637329378,0.306587227945637,1,1,0.63663605740486,NA,0.999999999999992,1,0.605523261922103,NA,0.999999999482826,1,0.695838778322032,0.342047115132458,NA,1,1,"S6","signal",1000,70,0.352588811263852,73.6620061071707,0,0.4,0.3,"none",0,51,1
0.638827959510839,0.308081283677482,1,1,0.644293222204237,NA,1,1,0.590870347113608,NA,0.999999999990328,1,0.67500251756562,0.34509035493374,NA,1,1,"S6","signal",1000,70,0.352588811263852,85.6268793026707,0,0.4,0.3,"none",0,52,1
0.576222089636165,0.295586701758602,1,1,0.601810638777281,NA,0.999999999999999,1,0.572108408472931,NA,0.999999999948892,1,0.617770000320953,0.317355315111863,NA,1,1,"S6","signal",1000,70,0.352588811263852,86.0493977117259,0,0.4,0.3,"none",0,53,1
0.593020505084857,0.306222347584929,1,1,0.61592235565901,NA,1,1,0.586761828492901,NA,0.999999999989896,1,0.619419693219177,0.259576574708883,NA,1,1,"S6","signal",1000,70,0.352588811263852,92.1782173481559,0,0.4,0.3,"none",0,54,1
0.614927880801886,0.29716072525983,1,1,0.731352252105435,NA,1,1,0.684341933488275,NA,0.999999999999964,1,0.828844466423105,0.371475212776206,NA,1,1,"S6","signal",1000,70,0.352588811263852,84.9306917324059,0,0.4,0.3,"none",0,55,1
0.540341098072926,0.307049974397668,1,1,0.666349532941504,NA,1,1,0.599946218752874,NA,0.999999999259569,1,0.717944318368313,0.404245289043718,NA,1,1,"S6","signal",1000,70,0.352588811263852,75.2123791481106,0,0.4,0.3,"none",0,56,1
0.64161000777464,0.307987392682628,1,1,0.60999100752115,NA,1,1,0.565128142112378,NA,0.999999999928875,1,0.641335237163558,0.301448384724264,NA,1,1,"S6","signal",1000,70,0.352588811263852,98.6637631630996,0,0.4,0.3,"none",0,57,1
0.612940055318985,0.267184748650667,1,1,0.563896689146413,NA,0.999999999999983,1,0.510177346004501,NA,0.999999953495158,1,0.684480605781893,0.339856675525686,NA,1,1,"S6","signal",1000,70,0.352588811263852,91.1936027986537,0,0.4,0.3,"none",0,58,1
0.5964355512475,0.282977691908264,1,1,0.616315053298893,NA,0.999999999999999,1,0.551903389373261,NA,0.999999989155484,1,0.692018610774037,0.331958954447282,NA,1,1,"S6","signal",1000,70,0.352588811263852,87.3650448467803,0,0.4,0.3,"none",0,59,1
0.659558585941912,0.302802798239784,1,1,0.738111349121865,NA,1,1,0.693367642103676,NA,1,1,0.766297402885289,0.205581142064258,NA,1,1,"S6","signal",1000,70,0.352588811263852,81.8463098059887,0,0.4,0.3,"none",0,60,1
0.602613206101815,0.290194881256442,1,1,0.702020673594103,NA,1,1,0.633989313267473,NA,0.999999999943396,1,0.777524691253514,0.334202447059565,NA,1,1,"S6","signal",1000,70,0.352588811263852,76.0372782937533,0,0.4,0.3,"none",0,61,1
0.598538201587299,0.317000620662515,1,1,0.57874947127869,NA,0.99999999999966,1,0.523533737347679,NA,0.999999824275028,1,0.61443401905695,0.336024875006368,NA,1,1,"S6","signal",1000,70,0.352588811263852,81.7978607466906,0,0.4,0.3,"none",0,62,1
0.604242652176175,0.323957511744271,1,1,0.74648721018892,NA,1,1,0.686759829445295,NA,0.999999999999956,1,0.832865991691186,0.258986717407733,NA,1,1,"S6","signal",1000,70,0.352588811263852,77.3378657125504,0,0.4,0.3,"none",0,63,1
0.579343631687477,0.282939454885622,1,1,0.770133030172812,NA,1,1,0.71573493908419,NA,0.999999999998534,1,0.78287991742792,0.204982847165766,NA,1,1,"S6","signal",1000,70,0.352588811263852,73.2325729393912,0,0.4,0.3,"none",0,64,1
0.609293475974538,0.316194152487737,1,1,0.620740677214797,NA,0.999999999999965,1,0.542955455011073,NA,0.999999945759621,1,0.650379526968327,0.309777837661674,NA,1,1,"S6","signal",1000,70,0.352588811263852,77.8829248431153,0,0.4,0.3,"none",0,65,1
0.620578767805092,0.27127401979536,1,1,0.699545579401195,NA,1,1,0.670240261894523,NA,0.99999999999134,1,0.762543911818394,0.281734992415307,NA,1,1,"S6","signal",1000,70,0.352588811263852,81.2682697256992,0,0.4,0.3,"none",0,66,1
0.598425598368658,0.30558140852516,1,1,0.651597477984057,NA,1,1,0.63490493377333,NA,0.999999999909316,1,0.758425869661531,0.263511376821616,NA,1,1,"S6","signal",1000,70,0.352588811263852,73.1917476952661,0,0.4,0.3,"none",0,67,1
0.551824529597054,0.2872265373357,1,1,0.71788116042244,NA,1,1,0.644439179555956,NA,0.999999999836838,1,0.755999684272275,0.413154187331282,NA,1,1,"S6","signal",1000,70,0.352588811263852,72.0900052973802,0,0.4,0.3,"none",0,68,1
0.586000077652747,0.302914853253197,1,1,0.645424165677673,NA,0.999999999999999,1,0.6403372006865,NA,0.999999999989226,1,0.683680347491366,0.389020272589275,NA,1,1,"S6","signal",1000,70,0.352588811263852,83.7403473530594,0,0.4,0.3,"none",0,69,1
0.619051592600002,0.325492818456699,1,1,0.635488404343317,NA,1,1,0.589602896768428,NA,0.999999999948394,1,0.635963215328892,0.367292786894314,NA,1,1,"S6","signal",1000,70,0.352588811263852,91.3384635982383,0,0.4,0.3,"none",0,70,1
0.62271134357766,0.291791245312837,1,1,0.644520827984687,NA,1,1,0.565898634615572,NA,0.99999999948777,1,0.727640749165836,0.264158880723682,NA,1,1,"S6","signal",1000,70,0.352588811263852,92.9194211284659,0,0.4,0.3,"none",0,71,1
0.56471589819029,0.262309532050879,1,1,0.617935858889594,NA,1,1,0.574554258190489,NA,0.99999999803879,1,0.686754189753777,0.285824639112461,NA,1,1,"S6","signal",1000,70,0.352588811263852,84.2467648701189,0,0.4,0.3,"none",0,72,1
0.675032485973462,0.297090484500398,1,1,0.642656841406093,NA,1,1,0.595059911788931,NA,0.999999999939334,1,0.748284105325743,0.262450027956346,NA,1,1,"S6","signal",1000,70,0.352588811263852,98.2728155775761,0,0.4,0.3,"none",0,73,1
0.583665930373401,0.289200233440989,1,1,0.612795847881563,NA,0.999999999999985,1,0.528421885218546,NA,0.99999885905008,1,0.606863319538584,0.294448015650374,NA,1,1,"S6","signal",1000,70,0.352588811263852,71.7179575579763,0,0.4,0.3,"none",0,74,1
0.601509259975702,0.3165948882816,1,1,0.586426483764988,NA,0.999999999998702,1,0.548528244761868,NA,0.999999911482075,1,0.662951488655868,0.345916360917348,NA,1,1,"S6","signal",1000,70,0.352588811263852,74.3009339441043,0,0.4,0.3,"none",0,75,1
0.645644226006727,0.303059019807576,1,1,0.745779904998036,NA,1,1,0.672414454722882,NA,0.999999999998383,1,0.75060348965339,0.372202818443655,NA,1,1,"S6","signal",1000,70,0.352588811263852,81.7213603125721,0,0.4,0.3,"none",0,76,1
0.59162705064601,0.293448639526368,1,1,0.634992005316959,NA,0.999999999999991,1,0.604749774718699,NA,0.999999997139229,1,0.795383793314722,0.368550345150026,NA,1,1,"S6","signal",1000,70,0.352588811263852,73.8777039760138,0,0.4,0.3,"none",0,77,1
0.58622784414041,0.307717149425587,1,1,0.671980350313247,NA,1,1,0.630506959062039,NA,0.999999999781477,1,0.709193768661177,0.465389289849838,NA,1,1,"S6","signal",1000,70,0.352588811263852,72.8413145377688,0,0.4,0.3,"none",0,78,1
0.577044470998717,0.294089744516709,1,1,0.615454035994355,NA,0.999999999999988,1,0.542312590679843,NA,0.999999860861333,1,0.623062438287604,0.380697243040343,NA,1,1,"S6","signal",1000,70,0.352588811263852,80.9667153253317,0,0.4,0.3,"none",0,79,1
0.613825559908224,0.303199681022272,1,1,0.687063902439015,NA,1,1,0.665638096059462,NA,0.99999999999989,1,0.711869882545214,0.347009055513932,NA,1,1,"S6","signal",1000,70,0.352588811263852,83.3448966409511,0,0.4,0.3,"none",0,80,1
0.630088692366716,0.289761702929155,1,1,0.645930620436606,NA,1,1,0.61722313159994,NA,0.999999999991978,1,0.624153267320269,0.248703216472568,NA,1,1,"S6","signal",1000,70,0.352588811263852,86.7820029710122,0,0.4,0.3,"none",0,81,1
0.62506029767078,0.298534735532376,1,1,0.607562014433604,NA,0.999999999999948,1,0.568068392255801,NA,0.999999976532267,1,0.673761147795706,0.296419812671224,NA,1,1,"S6","signal",1000,70,0.352588811263852,82.1157561285737,0,0.4,0.3,"none",0,82,1
0.586116147400724,0.292450821170552,1,1,0.60773219775597,NA,1,1,0.581963797113046,NA,0.999999999904949,1,0.666963386335122,0.260750710845072,NA,1,1,"S6","signal",1000,70,0.352588811263852,81.9164338325851,0,0.4,0.3,"none",0,83,1
0.558346416053492,0.302607794512983,1,1,0.569110541165994,NA,0.999999999999758,1,0.501665640665299,NA,0.999999780558198,1,0.631305238310909,0.177469507685479,NA,1,1,"S6","signal",1000,70,0.352588811263852,85.5434901142696,0,0.4,0.3,"none",0,84,1
0.549855557242421,0.298234636950421,1,1,0.6722770485765,NA,1,1,0.581188960304838,NA,0.999999983473864,1,0.734095072546118,0.32181635953495,NA,1,1,"S6","signal",1000,70,0.352588811263852,83.6314636480026,0,0.4,0.3,"none",0,85,1
0.595043073106696,0.290889915104659,1,1,0.710570848093913,NA,1,1,0.668640946737044,NA,0.999999999997769,1,0.735443453594336,0.202941614273556,NA,1,1,"S6","signal",1000,70,0.352588811263852,78.8608243025077,0,0.4,0.3,"none",0,86,1
0.604406488939163,0.311178935841271,1,1,0.620122905437734,NA,0.999999999999996,1,0.559230399690973,NA,0.999999992455073,1,0.659581082576876,0.280990137316297,NA,1,1,"S6","signal",1000,70,0.352588811263852,76.4066352569516,0,0.4,0.3,"none",0,87,1
0.603138421614547,0.319172245622313,1,1,0.651303658869689,NA,0.999999999999998,1,0.612356677313817,NA,0.999999999012509,1,0.691731210400354,0.308413975898688,NA,1,1,"S6","signal",1000,70,0.352588811263852,70.263317743404,0,0.4,0.3,"none",0,88,1
0.585697818721526,0.270593449200955,1,1,0.615561797370755,NA,1,1,0.582093477048888,NA,0.999999999998607,1,0.6710652215702,0.301703715571186,NA,1,1,"S6","signal",1000,70,0.352588811263852,96.8577898887618,0,0.4,0.3,"none",0,89,1
0.627357412326578,0.322252434160371,1,1,0.6303330032811,NA,1,1,0.571044528226797,NA,0.999999999948941,1,0.718350932641873,0.240965327475081,NA,1,1,"S6","signal",1000,70,0.352588811263852,98.9684402722832,0,0.4,0.3,"none",0,90,1
0.573332838478984,0.295874525389639,1,1,0.709638356860343,NA,1,1,0.647157206160909,NA,0.999999999999809,1,0.744121280470889,0.363666936558473,NA,1,1,"S6","signal",1000,70,0.352588811263852,98.576987621604,0,0.4,0.3,"none",0,91,1
0.592935345135075,0.326557169232691,1,1,0.57650062974326,NA,0.999999999999956,1,0.532965944182038,NA,0.999999998818779,1,0.556982081133292,0.236128724852376,NA,1,1,"S6","signal",1000,70,0.352588811263852,86.9113623758325,0,0.4,0.3,"none",0,92,1
0.62169544537352,0.286460707523909,1,1,0.754111369019906,NA,1,1,0.687299520032393,NA,0.999999999999954,1,0.776199443389189,0.210281106578263,NA,1,1,"S6","signal",1000,70,0.352588811263852,92.5312412660243,0,0.4,0.3,"none",0,93,1
0.616048153714373,0.280366551368697,1,1,0.569778035216926,NA,0.999999999999997,1,0.501027279218763,NA,0.999999977775558,1,0.619020708882778,0.332502369227043,NA,1,1,"S6","signal",1000,70,0.352588811263852,99.3919701927345,0,0.4,0.3,"none",0,94,1
0.568370853315606,0.27779135424396,1,1,0.657206818196874,NA,1,1,0.599190898079055,NA,0.99999999999902,1,0.615691963584529,0.372224272502266,NA,1,1,"S6","signal",1000,70,0.352588811263852,100.254956547629,0,0.4,0.3,"none",0,95,1
0.527422643478082,0.318652395247969,1,1,0.47059817750347,NA,0.999999997764881,1,0.441277806689478,NA,0.999946280364628,1,0.613230737545432,0.233100580414568,NA,1,1,"S6","signal",1000,70,0.352588811263852,76.8746533614473,0,0.4,0.3,"none",0,96,1
0.612394801434203,0.292102388649026,1,1,0.692181415807032,NA,1,1,0.637118936960597,NA,0.999999999994881,1,0.706055944536892,0.180786979890913,NA,1,1,"S6","signal",1000,70,0.352588811263852,91.2259852750806,0,0.4,0.3,"none",0,97,1
0.595544285790309,0.309222505306578,1,1,0.646885263151937,NA,1,1,0.611136548234524,NA,0.999999999938521,1,0.671989726913854,0.226093016389427,NA,1,1,"S6","signal",1000,70,0.352588811263852,84.4481534143683,0,0.4,0.3,"none",0,98,1
0.5750098216801,0.319085673119675,1,1,0.635089528784058,NA,1,1,0.585587122083556,NA,0.99999999895015,1,0.753588568740356,0.43094275756087,NA,1,1,"S6","signal",1000,70,0.352588811263852,92.1380339415888,0,0.4,0.3,"none",0,99,1
0.560966066801126,0.29520081222172,1,1,0.677943564430023,NA,1,1,0.632703963522146,NA,0.99999999999984,1,0.651448790157023,0.332345623657423,NA,1,1,"S6","signal",1000,70,0.352588811263852,78.5774994650458,0,0.4,0.3,"none",0,100,1
0.550998690534972,-0.00602415925872472,1,1,0.355036395239981,NA,0.999996745325295,1,0.341385132882911,NA,0.995693895696441,1,0.343166850335127,0.0605282729556712,NA,1,1,"S6","main",1000,70,0.352588811263852,63.341387164201,0,0.2,0.1,"none",0,1,1
0.479817567948926,-0.01672212818583,1,1,0.404377287501226,NA,0.999999998686042,1,0.362269076267696,NA,0.999843973327107,1,0.39015167581208,0.0226706101573643,NA,1,1,"S6","main",1000,70,0.352588811263852,86.1117725961425,0,0.2,0.1,"none",0,2,1
0.510798887168973,-0.00329384164777204,1,1,0.43693733599795,NA,0.999999998401752,1,0.400137370962456,NA,0.999905425916508,1,0.45469930045806,0.0241906118335784,NA,1,1,"S6","main",1000,70,0.352588811263852,77.3802085110154,0,0.2,0.1,"none",0,3,1
0.526806387549441,-0.020881718684877,1,1,0.357592220807715,NA,0.999996335947733,1,0.331425178049223,NA,0.978833970194533,1,0.327291676300018,-0.107847096679572,0.00237065366113586,0.997520100502513,1,"S6","main",1000,70,0.352588811263852,61.2724899915069,0,0.2,0.1,"none",0,4,1
0.534006168003043,-0.0339944734536136,1,1,0.415553964645027,NA,0.999999999987468,1,0.366916790957761,NA,0.99999636598224,1,0.415777871467596,-0.122003787738351,NA,1,1,"S6","main",1000,70,0.352588811263852,108.366308210796,0,0.2,0.1,"none",0,5,1
0.525689198887385,-0.00791195324411398,1,1,0.354238842813568,NA,0.999999497345139,1,0.33166118118895,NA,0.999338622771354,1,0.337391660444001,-0.00681651242547981,NA,1,1,"S6","main",1000,70,0.352588811263852,78.452858966511,0,0.2,0.1,"none",0,6,1
0.50472000705417,-0.0219103227326723,1,1,0.379496922787282,NA,0.999999886438972,1,0.3454833735195,NA,0.998654246911398,1,0.390270373348481,-0.116833660957619,NA,1,1,"S6","main",1000,70,0.352588811263852,80.9588512876745,0,0.2,0.1,"none",0,7,1
0.477516907154809,0.00686935717627521,1,1,0.347159897051688,NA,0.999999578659519,1,0.345400212568033,NA,0.999472463039469,1,0.376111896413658,-0.0103123917930222,NA,1,1,"S6","main",1000,70,0.352588811263852,86.289244051517,0,0.2,0.1,"none",0,8,1
0.532587683142332,-0.00342955342781531,1,1,0.359651500288294,NA,0.999999598660487,1,0.348338393058494,NA,0.999062719272067,1,0.355139579773237,0.0535539630571985,NA,1,1,"S6","main",1000,70,0.352588811263852,84.2890422845732,0,0.2,0.1,"none",0,9,1
0.483123863801978,-0.00882468324821846,1,1,0.352927381284646,NA,0.999999917467462,1,0.315675527924461,NA,0.994290885075776,1,0.350231485865713,-0.0578945637255703,NA,1,1,"S6","main",1000,70,0.352588811263852,83.2603767146533,0,0.2,0.1,"none",0,10,1
0.533519757400984,0.0129207591446076,1,1,0.444161679792192,NA,0.999999999982641,1,0.419333581741261,NA,0.999997834644517,1,0.462095095457016,0.0529832511421191,NA,1,1,"S6","main",1000,70,0.352588811263852,94.4658217743128,0,0.2,0.1,"none",0,11,1
0.500488196652992,-0.0170335565891896,1,1,0.358562363078201,NA,0.999999970992297,1,0.351451526872143,NA,0.999911370652573,1,0.376889470345688,0.0435682718591232,NA,1,1,"S6","main",1000,70,0.352588811263852,97.4316992808292,0,0.2,0.1,"none",0,12,1
0.532422902095722,-0.00987692789394518,1,1,0.407030921860836,NA,0.999999998510348,1,0.377833086156959,NA,0.999952153558962,1,0.422814544688425,-0.0477886103020908,NA,1,1,"S6","main",1000,70,0.352588811263852,95.8086972942432,0,0.2,0.1,"none",0,13,1
0.541737679860686,0.0080066631214775,1,1,0.457642570998154,NA,0.999999999999256,1,0.401352205034514,NA,0.999997583293253,1,0.515581815273098,-0.00629932498238418,NA,1,1,"S6","main",1000,70,0.352588811263852,101.778993402398,0,0.2,0.1,"none",0,14,1
0.472756813428311,-0.0130248222306503,1,1,0.363711300748071,NA,0.999999932308381,1,0.331256070171655,NA,0.99791582196259,1,0.404701137282027,0.0533501421773899,NA,1,1,"S6","main",1000,70,0.352588811263852,86.0513458959274,0,0.2,0.1,"none",0,15,1
0.519339472742095,0.00578346491204714,1,1,0.341664001397312,NA,0.999999164704112,1,0.277373537821355,NA,0.962129127985454,1,0.363637445177928,-0.00551794871030234,NA,1,1,"S6","main",1000,70,0.352588811263852,83.0682378492622,0,0.2,0.1,"none",0,16,1
0.425859428517594,-0.00640426456445353,1,1,0.281511593405931,NA,0.999964735883187,1,0.178104202148321,NA,0.736806333993443,1,0.306043469651373,0.0485418361086743,0.00126859813081519,0.998329145728643,1,"S6","main",1000,70,0.352588811263852,76.1156159427428,0,0.2,0.1,"none",0,17,1
0.47805300291393,-0.0305013394622411,1,1,0.337570112842171,NA,0.99999987006175,1,0.306594198660516,NA,0.9986935969447,1,0.355800173118767,-0.0196091905531161,NA,1,1,"S6","main",1000,70,0.352588811263852,105.25880527649,0,0.2,0.1,"none",0,18,1
0.532651639692177,0.0131962392167631,1,1,0.389630544731335,NA,0.999999999164245,1,0.358428049175338,NA,0.999949151012665,1,0.394659620605066,0.0909362130231836,NA,1,1,"S6","main",1000,70,0.352588811263852,96.5663199009938,0,0.2,0.1,"none",0,19,1
0.459701656573338,-0.0108378512902646,1,1,0.321986319908132,NA,0.999999345163174,1,0.284085698018443,NA,0.98889539068486,1,0.345521674993407,0.0278528255589934,NA,1,1,"S6","main",1000,70,0.352588811263852,94.980130007582,0,0.2,0.1,"none",0,20,1
0.482783214297125,0.00945630899914905,1,1,0.330280404775363,NA,0.999999948390335,1,0.31924563872704,NA,0.999937970702948,1,0.326526570268855,-0.0601993889993767,NA,1,1,"S6","main",1000,70,0.352588811263852,108.041456297729,0,0.2,0.1,"none",0,21,1
0.484858737083854,0.0150866767219105,1,1,0.328393291697487,NA,0.99999986358296,1,0.304258499235149,NA,0.99807716301947,1,0.317952865820176,0.0448678282514931,NA,1,1,"S6","main",1000,70,0.352588811263852,100.656594853722,0,0.2,0.1,"none",0,22,1
0.486556525255537,-0.0239030589412087,1,1,0.35447463029324,NA,0.999999819540088,1,0.352987938593281,NA,0.999740362981516,1,0.328306371422524,0.0072187899009305,NA,1,1,"S6","main",1000,70,0.352588811263852,86.4297641166296,0,0.2,0.1,"none",0,23,1
0.557457740712711,-0.0250584096180204,1,1,0.369549478914718,NA,0.999999989401604,1,0.33719881889742,NA,0.999791474034921,1,0.386021144997381,-0.0540166084101334,NA,1,1,"S6","main",1000,70,0.352588811263852,100.122801704279,0,0.2,0.1,"none",0,24,1
0.490173544681728,-0.00732747308062597,1,1,0.299771996018891,NA,0.999972967200956,1,0.279943765334217,NA,0.963348840622544,1,0.275359405115786,0.0389206833684365,0.00469079651042923,0.989138190954774,1,"S6","main",1000,70,0.352588811263852,80.5692993559265,0,0.2,0.1,"none",0,25,1
0.501179130897626,-0.0222064531381891,1,1,0.354189798389571,NA,0.999999989397833,1,0.326227459099717,NA,0.999768924440167,1,0.381702834711101,0.0092447205349931,NA,1,1,"S6","main",1000,70,0.352588811263852,110.873532413579,0,0.2,0.1,"none",0,26,1
0.524380431719391,0.0216269934873994,1,1,0.29359805451303,NA,0.999965310058152,1,0.287392862406717,NA,0.985372285586666,1,0.283277646300962,-0.101830798963155,0.000331666624894365,0.999668341708543,1,"S6","main",1000,70,0.352588811263852,86.0988404421083,0,0.2,0.1,"none",0,27,1
0.509904620546765,-0.000968892844772322,1,1,0.385761108477646,NA,0.999999995851312,1,0.355799650624496,NA,0.99989660440651,1,0.396676037719804,0.0712833349784842,NA,1,1,"S6","main",1000,70,0.352588811263852,99.0217027112489,0,0.2,0.1,"none",0,28,1
0.485770997734334,0.0184845557581871,1,1,0.295670577171684,NA,0.99999625520192,1,0.260517390386348,NA,0.979452851355576,1,0.247185332221119,0.0623674205003533,0.00551638480085157,0.983798994974874,1,"S6","main",1000,70,0.352588811263852,100.621514288371,0,0.2,0.1,"none",0,29,1
0.521633933081208,0.00149344631942925,1,1,0.405994105023493,NA,0.999999997913459,1,0.404640683313102,NA,0.999984896626432,1,0.419077159766452,-0.00150580351413742,NA,1,1,"S6","main",1000,70,0.352588811263852,89.5729425318502,0,0.2,0.1,"none",0,30,1
0.523654647305515,0.0330880370440858,1,1,0.410777760953736,NA,0.999999999881068,1,0.349866758048048,NA,0.99978625511968,1,0.422072379886309,0.0305865279898392,NA,1,1,"S6","main",1000,70,0.352588811263852,91.6602275277807,0,0.2,0.1,"none",0,31,1
0.527123770318637,-0.0265062160399553,1,1,0.383297415373653,NA,0.999999994371498,1,0.369375232755739,NA,0.999962120706076,1,0.348768729170084,0.0047139792081245,NA,1,1,"S6","main",1000,70,0.352588811263852,86.7769338003777,0,0.2,0.1,"none",0,32,1
0.499038398068997,0.0040001707963972,1,1,0.412004762952163,NA,0.999999999466092,1,0.345575922933938,NA,0.998949799430095,1,0.400766768387908,-0.111220078108993,NA,1,1,"S6","main",1000,70,0.352588811263852,85.3713438495213,0,0.2,0.1,"none",0,33,1
0.523236358358744,0.0158759660790795,1,1,0.438005565250791,NA,0.999999999765943,1,0.426178863011693,NA,0.999996874445673,1,0.412429628721541,0.034456270765095,NA,1,1,"S6","main",1000,70,0.352588811263852,87.2940699563883,0,0.2,0.1,"none",0,34,1
0.555415071719465,0.00587152441174434,1,1,0.386265221925359,NA,0.999999814957865,1,0.380815427197482,NA,0.999864554880583,1,0.377496872084853,-0.0271094994035843,NA,1,1,"S6","main",1000,70,0.352588811263852,71.480917421161,0,0.2,0.1,"none",0,35,1
0.547770548271638,0.00190028639457806,1,1,0.434014808339695,NA,0.99999999930174,1,0.404082031416639,NA,0.999871195128098,1,0.44697817880184,0.0585250284464539,NA,1,1,"S6","main",1000,70,0.352588811263852,84.047692555783,0,0.2,0.1,"none",0,36,1
0.483083247966082,-0.0209713945637272,1,1,0.393838862530465,NA,0.999999997843512,1,0.368157663339268,NA,0.999963812480579,1,0.368282251848939,-0.048176058593978,NA,1,1,"S6","main",1000,70,0.352588811263852,92.8778226963007,0,0.2,0.1,"none",0,37,1
0.451690613054391,-0.0252129356050767,1,1,0.413876939408426,NA,0.99999999997015,1,0.393964064587511,NA,0.999999142818398,1,0.427611225285508,0.119532124881126,NA,1,1,"S6","main",1000,70,0.352588811263852,102.982419561089,0,0.2,0.1,"none",0,38,1
0.463293519091593,-0.0459816171573338,1,1,0.279651108283714,NA,0.999973932258901,1,0.275762446656497,NA,0.985543408298259,1,0.283973296745521,0.0505857982174965,0.000791477173043137,0.999208542713568,1,"S6","main",1000,70,0.352588811263852,87.0205347303014,0,0.2,0.1,"none",0,39,1
0.471261652253978,-0.00101821180248685,1,1,0.305822314703284,NA,0.999982086851217,1,0.273939683519477,NA,0.958348764919698,1,0.276249677246222,0.115757274552013,0.00219386819887955,0.994721105527638,1,"S6","main",1000,70,0.352588811263852,84.283073952377,0,0.2,0.1,"none",0,40,1
0.548471967926491,0.0195130483216529,1,1,0.333845553207153,NA,0.999995987319686,1,0.298553261519297,NA,0.97434414852649,1,0.312605778407774,-0.0777878991783174,0.00225413879367058,0.996756281407035,1,"S6","main",1000,70,0.352588811263852,77.6252706027126,0,0.2,0.1,"none",0,41,1
0.477187633209377,0.00789008360680585,1,1,0.323267966694656,NA,0.999991606423587,1,0.313993967379616,NA,0.989864699392774,1,0.360557050982744,-0.0578607101053352,NA,1,1,"S6","main",1000,70,0.352588811263852,73.306047242846,0,0.2,0.1,"none",0,42,1
0.516402729174012,0.00894486021264322,1,1,0.38137657549904,NA,0.999999364816009,1,0.345830058831293,NA,0.988622935524015,1,0.366361468648331,0.0786759488379744,NA,1,1,"S6","main",1000,70,0.352588811263852,74.7845999509576,0,0.2,0.1,"none",0,43,1
0.490182002814418,0.0325051394275457,1,1,0.268110626079977,NA,0.99986359056411,1,0.1424927410836,NA,0.623279060743312,1,0.294686756678931,-0.112135587145211,NA,1,1,"S6","main",1000,70,0.352588811263852,79.8577282805866,0,0.2,0.1,"none",0,44,1
0.521135407465862,0.0033163108997714,1,1,0.307452413988836,NA,0.999908602524483,1,0.230992380688819,NA,0.824798986138474,1,0.31024199523785,0.031804800415789,0.00276803260589013,0.992974874371859,1,"S6","main",1000,70,0.352588811263852,67.2977718021434,0,0.2,0.1,"none",0,45,1
0.512658940636712,0.00712034539134992,1,1,0.329090460595369,NA,0.999998189847989,1,0.268259988375776,NA,0.950237013478523,1,0.310609933641644,0.0320549799121435,0.000251262594616865,0.999748743718593,1,"S6","main",1000,70,0.352588811263852,80.9608972237197,0,0.2,0.1,"none",0,46,1
0.490981852863706,0.00146478680952542,1,1,0.373874568732841,NA,0.999999780742661,1,0.356667902453038,NA,0.997408205711565,1,0.354704136754325,0.124317863314216,NA,1,1,"S6","main",1000,70,0.352588811263852,69.5146251250615,0,0.2,0.1,"none",0,47,1
0.531829511641383,-0.0179895689434144,1,1,0.349382014518922,NA,0.999998181623438,1,0.339953941345114,NA,0.996075634119725,1,0.348654730174864,0.107646900382351,NA,1,1,"S6","main",1000,70,0.352588811263852,60.9017115441134,0,0.2,0.1,"none",0,48,1
0.511611670404314,0.00213378449509031,1,1,0.372611289938643,NA,0.999999686930835,1,0.338878440639779,NA,0.998437474759052,1,0.365343809261672,-0.0665632508357414,NA,1,1,"S6","main",1000,70,0.352588811263852,82.5040769432359,0,0.2,0.1,"none",0,49,1
0.521272147549056,0.00570365156496202,1,1,0.300969445101924,NA,0.999980748989092,1,0.288074003575815,NA,0.98376861202052,1,0.276473771831272,0.0144811963120074,0.00525333868447641,0.983020100502513,1,"S6","main",1000,70,0.352588811263852,80.4381007694779,0,0.2,0.1,"none",0,50,1
0.493781391462489,-0.0170219301512671,1,1,0.377395041393274,NA,0.99999997042171,1,0.333311989889986,NA,0.996134365187519,1,0.385228810944821,-0.0564878763411882,NA,1,1,"S6","main",1000,70,0.352588811263852,82.8987740495332,0,0.2,0.1,"none",0,51,1
0.508788211452171,-0.0307200547136691,1,1,0.324634499601845,NA,0.999998413152934,1,0.313628472655527,NA,0.998485735338856,1,0.312486756343101,0.0526222522247125,NA,1,1,"S6","main",1000,70,0.352588811263852,86.667806476942,0,0.2,0.1,"none",0,52,1
0.474919113261711,-0.0055449432943064,1,1,0.33019139722949,NA,0.999998921206773,1,0.295214227659968,NA,0.98936717512643,1,0.344178268581186,0.0328390671274634,NA,1,1,"S6","main",1000,70,0.352588811263852,82.5213326474905,0,0.2,0.1,"none",0,53,1
0.563295844170316,-0.00622746233124053,1,1,0.432000302495757,NA,0.999999999967438,1,0.336762650277328,NA,0.995636179207609,1,0.459324772687116,0.0454862855673048,NA,1,1,"S6","main",1000,70,0.352588811263852,96.5929451469835,0,0.2,0.1,"none",0,54,1
0.48830491829241,0.0220675688392043,1,1,0.350927643603571,NA,0.99999962606782,1,0.252513044898909,NA,0.908849902657188,1,0.375957671303281,-0.0321920499364322,NA,1,1,"S6","main",1000,70,0.352588811263852,79.5058280904947,0,0.2,0.1,"none",0,55,1
0.490327637699764,0.00399618856718075,1,1,0.425361408136081,NA,0.999999997141487,1,0.389407568403324,NA,0.99973192742505,1,0.449504846976041,0.113029903289122,NA,1,1,"S6","main",1000,70,0.352588811263852,68.8232355167407,0,0.2,0.1,"none",0,56,1
0.511142304883332,-0.00306332982612735,1,1,0.38171197103906,NA,0.999999991478527,1,0.346564951389206,NA,0.999718661676848,1,0.390295899248995,-0.0618515461247664,NA,1,1,"S6","main",1000,70,0.352588811263852,93.7203351836002,0,0.2,0.1,"none",0,57,1
0.466061882289994,-0.000488998049211529,1,1,0.389113682269219,NA,0.999999986973068,1,0.334395394541111,NA,0.998857625490773,1,0.390570995415953,0.0261871708492079,NA,1,1,"S6","main",1000,70,0.352588811263852,89.1682105792325,0,0.2,0.1,"none",0,58,1
0.575312048146518,-0.02163130434319,1,1,0.503189147204634,NA,0.999999999999716,1,0.463432726705344,NA,0.999999402667799,1,0.516308270542437,-0.0640581825115838,NA,1,1,"S6","main",1000,70,0.352588811263852,86.1483186054265,0,0.2,0.1,"none",0,59,1
0.50081527947241,0.0146273910200072,1,1,0.32650940843734,NA,0.999998466563019,1,0.329302450854464,NA,0.99945583936914,1,0.328320811450855,-0.0328226182653066,NA,1,1,"S6","main",1000,70,0.352588811263852,82.2439523658433,0,0.2,0.1,"none",0,60,1
0.452932771149309,0.00945610766842381,1,1,0.296579956544976,NA,0.99996330107226,1,0.246432084351696,NA,0.919772604480991,1,0.24239515313284,-0.0128968444793351,0.00744257895485775,0.958479899497487,1,"S6","main",1000,70,0.352588811263852,80.5084554173848,0,0.2,0.1,"none",0,61,1
0.493393432486623,0.0202650849943178,1,1,0.349103144124771,NA,0.999999924703297,1,0.305366852629908,NA,0.991762186275891,1,0.386535656605092,0.036332144945213,NA,1,1,"S6","main",1000,70,0.352588811263852,90.9521162755245,0,0.2,0.1,"none",0,62,1
0.505347260870789,0.00744394178937687,1,1,0.41688675954253,NA,0.999999999594458,1,0.382774934057749,NA,0.999932041579204,1,0.44610298458858,0.0446472183035099,NA,1,1,"S6","main",1000,70,0.352588811263852,84.5052710826466,0,0.2,0.1,"none",0,63,1
0.506498443767043,0.0241048875532064,1,1,0.389149230911962,NA,0.999999962194971,1,0.385424849078054,NA,0.999931186016098,1,0.390785587425751,0.0482730354336628,NA,1,1,"S6","main",1000,70,0.352588811263852,82.0799933342048,0,0.2,0.1,"none",0,64,1
0.50149626812379,0.0210939683003467,1,1,0.342720858611826,NA,0.999999807055528,1,0.316460171776928,NA,0.999023891284383,1,0.325812337943752,0.0532550425397206,NA,1,1,"S6","main",1000,70,0.352588811263852,93.1615300898146,0,0.2,0.1,"none",0,65,1
0.460700871683441,0.0125832737958718,1,1,0.314879159950182,NA,0.999992917462757,1,0.276924227055799,NA,0.960898474112544,1,0.278449836056912,0.0339132375240108,0.00294534214074114,0.991304020100503,1,"S6","main",1000,70,0.352588811263852,78.3491565699664,0,0.2,0.1,"none",0,66,1
0.527589092832945,-0.0145828775265637,1,1,0.441955341658156,NA,0.999999999789885,1,0.427748375878525,NA,0.999996658087747,1,0.459659130893944,-0.0892205341542174,NA,1,1,"S6","main",1000,70,0.352588811263852,79.4509300858721,0,0.2,0.1,"none",0,67,1
0.533195745335162,-0.00346265960372468,1,1,0.386349605653508,NA,0.999999983700784,1,0.34407566428953,NA,0.998304434323971,1,0.369817936696954,0.00386651492081519,NA,1,1,"S6","main",1000,70,0.352588811263852,87.4248014111769,0,0.2,0.1,"none",0,68,1
0.507920853846799,0.00878152493643138,1,1,0.352282196741039,NA,0.999999952531674,1,0.310813392571387,NA,0.997986602174682,1,0.389472613993673,0.0422089303276337,NA,1,1,"S6","main",1000,70,0.352588811263852,95.194015869014,0,0.2,0.1,"none",0,69,1
0.505902721031503,0.0153797882827662,1,1,0.430896296832651,NA,0.999999997977607,1,0.346558968639535,NA,0.982448332322959,1,0.398244336198053,0.0710957216510925,NA,1,1,"S6","main",1000,70,0.352588811263852,69.2456031268776,0,0.2,0.1,"none",0,70,1
0.514723145587616,-0.0113035538006406,1,1,0.373894660751471,NA,0.999999929249897,1,0.331050039877066,NA,0.995873212305789,1,0.43056572139541,-0.0705035079190683,NA,1,1,"S6","main",1000,70,0.352588811263852,84.2204712504578,0,0.2,0.1,"none",0,71,1
0.496864090723831,-0.00179179954939797,1,1,0.347580087646252,NA,0.999995761482792,1,0.305508318359043,NA,0.968765025248097,1,0.323134947459912,0.111301678404265,NA,1,1,"S6","main",1000,70,0.352588811263852,67.9175765610875,0,0.2,0.1,"none",0,72,1
0.472741319790364,-0.00691727797384585,1,1,0.330606170453383,NA,0.99998841463851,1,0.316934431731553,NA,0.979875466442383,1,0.32601742196263,-0.0124220739121841,0.00634072401427017,0.988027638190955,1,"S6","main",1000,70,0.352588811263852,69.2193550860671,0,0.2,0.1,"none",0,73,1
0.47767154471817,0.00835490727519795,1,1,0.320094659387721,NA,0.999999774291962,1,0.276588143239846,NA,0.992016043211625,1,0.323455716053724,0.0419470883502831,NA,1,1,"S6","main",1000,70,0.352588811263852,103.658569046551,0,0.2,0.1,"none",0,74,1
0.46928881376585,0.00327162545705024,1,1,0.329447045124387,NA,0.999992223462836,1,0.294187690170948,NA,0.974131028142178,1,0.327489661045703,0.0886584841924082,0.00390713334629267,0.996092964824121,1,"S6","main",1000,70,0.352588811263852,69.9925202795395,0,0.2,0.1,"none",0,75,1
0.500024122116025,-0.0388543345671569,1,1,0.352295349930367,NA,0.999999466837096,1,0.306632859199787,NA,0.983829572853436,1,0.401076406998477,-0.00984517427671253,NA,1,1,"S6","main",1000,70,0.352588811263852,79.6464179293258,0,0.2,0.1,"none",0,76,1
0.446212894237953,0.0193580883622202,1,1,0.314636997000996,NA,0.999996660861371,1,0.270961623887108,NA,0.960028908971349,1,0.300396588199662,-0.0356619602111311,0.00371292842720748,0.994673366834171,1,"S6","main",1000,70,0.352588811263852,77.1292905094878,0,0.2,0.1,"none",0,77,1
0.517220061210908,-0.000252620973003083,1,1,0.316841614707505,NA,0.999996696755914,1,0.306007395574468,NA,0.997606569507615,1,0.325389992224867,-0.132534475119722,NA,1,1,"S6","main",1000,70,0.352588811263852,89.2196945885537,0,0.2,0.1,"none",0,78,1
0.54867515241732,0.0124334621359848,1,1,0.35373796143443,NA,0.999999913967476,1,0.323277946347343,NA,0.999494211463082,1,0.370230077420468,-0.0209423751798852,NA,1,1,"S6","main",1000,70,0.352588811263852,94.4941623611245,0,0.2,0.1,"none",0,79,1
0.501276912148762,0.000508907841373685,1,1,0.360163172886526,NA,0.999999877631418,1,0.320774372160599,NA,0.993671045809495,1,0.397293551973744,0.121528248852593,NA,1,1,"S6","main",1000,70,0.352588811263852,91.5259295552244,0,0.2,0.1,"none",0,80,1
0.494309100214139,0.0204256497111749,1,1,0.423113056250164,NA,0.999999999859226,1,0.403926148478859,NA,0.999993798448256,1,0.422627760188434,-0.00469135437075295,NA,1,1,"S6","main",1000,70,0.352588811263852,91.5279146046692,0,0.2,0.1,"none",0,81,1
0.515866475380015,0.0246492408827035,1,1,0.357495059342101,NA,0.999999926281304,1,0.349660613716126,NA,0.999900535556529,1,0.357627198658845,-0.0836414285177285,NA,1,1,"S6","main",1000,70,0.352588811263852,91.9958694535435,0,0.2,0.1,"none",0,82,1
0.549996346482935,0.000499264467148629,1,1,0.428677366352499,NA,0.999999994295274,1,0.387153052044709,NA,0.998728545406386,1,0.423626752681974,-0.0925936537518305,NA,1,1,"S6","main",1000,70,0.352588811263852,69.2765675326622,0,0.2,0.1,"none",0,83,1
0.507077715389018,-0.0155100598050029,1,1,0.389101481591515,NA,0.999999995658019,1,0.364903321603542,NA,0.999906795425017,1,0.394923945330223,0.0183451439939878,NA,1,1,"S6","main",1000,70,0.352588811263852,91.3087802587049,0,0.2,0.1,"none",0,84,1
0.525928340457818,0.00423901901732792,1,1,0.30800537124857,NA,0.999981499931653,1,0.281156876508056,NA,0.973879637958827,1,0.280567188456475,-0.0146537149446659,0.00522068574977858,0.985781407035176,1,"S6","main",1000,70,0.352588811263852,79.5082821710344,0,0.2,0.1,"none",0,85,1
0.486205920564109,-0.0160776171193586,1,1,0.343389708070127,NA,0.999993945680458,1,0.307207707180049,NA,0.972195150003993,1,0.340960618711071,0.0678503115187124,4.27146410848578e-05,0.999957286432161,1,"S6","main",1000,70,0.352588811263852,70.2574246548531,0,0.2,0.1,"none",0,86,1
0.533917621972594,0.0171113703362811,1,1,0.388721530652076,NA,0.999999966612939,1,0.363429765892081,NA,0.998048367375399,1,0.390172763008813,-0.0207016224045778,NA,1,1,"S6","main",1000,70,0.352588811263852,80.3728811339982,0,0.2,0.1,"none",0,87,1
0.533417282934717,0.0212475676705721,1,1,0.357642089576732,NA,0.999998743920105,1,0.307056537277268,NA,0.985790822570824,1,0.370514846178275,-0.031658214285797,0.000399507525440798,0.999600502512563,1,"S6","main",1000,70,0.352588811263852,69.9098113575643,0,0.2,0.1,"none",0,88,1
0.529458784686529,-0.00774062074788338,1,1,0.429834353219395,NA,0.999999996591543,1,0.384856276583027,NA,0.999191929090127,1,0.403210074148425,-0.00396820843036509,NA,1,1,"S6","main",1000,70,0.352588811263852,83.5952102638008,0,0.2,0.1,"none",0,89,1
0.494105253059279,0.0215505549674161,1,1,0.331757241203661,NA,0.999998487952893,1,0.300484733382337,NA,0.989818459216193,1,0.320296348675222,0.00749082594840208,NA,1,1,"S6","main",1000,70,0.352588811263852,88.2120604182154,0,0.2,0.1,"none",0,90,1
0.48791162084785,-0.027537535762766,1,1,0.32850054056543,NA,0.999999105512566,1,0.297225970635545,NA,0.991660816759659,1,0.335577446146087,-0.0520948760111911,NA,1,1,"S6","main",1000,70,0.352588811263852,88.7154559042208,0,0.2,0.1,"none",0,91,1
0.509110891123105,0.0110673938839081,1,1,0.418735010006864,NA,0.999999999965619,1,0.386347387236276,NA,0.999997779377306,1,0.468541771746362,0.184012672208619,NA,1,1,"S6","main",1000,70,0.352588811263852,100.954645046822,0,0.2,0.1,"none",0,92,1
0.5159720682124,-0.02422689319394,1,1,0.39074959399196,NA,0.999999980756568,1,0.382781550271397,NA,0.999819537889797,1,0.400831444576643,-0.101167080120809,NA,1,1,"S6","main",1000,70,0.352588811263852,79.0328791575942,0,0.2,0.1,"none",0,93,1
0.517697218645209,0.016999991751923,1,1,0.452818706717229,NA,0.999999999953623,1,0.446331781624989,NA,0.999999625101645,1,0.46564105450247,-0.0628103566316637,NA,1,1,"S6","main",1000,70,0.352588811263852,83.2131213880485,0,0.2,0.1,"none",0,94,1
0.48994884434963,-0.0139331187299661,1,1,0.256890396095645,NA,0.999822072633923,1,0.276414876352203,NA,0.987594092697444,1,0.243762589118579,0.0563982600168835,0.0060580419026232,0.976778894472362,1,"S6","main",1000,70,0.352588811263852,79.7422415606726,0,0.2,0.1,"none",0,95,1
0.557512019972187,0.00471159589728583,1,1,0.453410058720361,NA,0.999999999996498,1,0.415343797821916,NA,0.999995785525982,1,0.473666789215052,0.0356985943836802,NA,1,1,"S6","main",1000,70,0.352588811263852,94.4665030471714,0,0.2,0.1,"none",0,96,1
0.491172153237663,0.00441174707640689,1,1,0.309087922450424,NA,0.999999337775926,1,0.276014847583902,NA,0.993550582226705,1,0.334250506379622,-0.0207665788328181,NA,1,1,"S6","main",1000,70,0.352588811263852,101.669589212397,0,0.2,0.1,"none",0,97,1
0.503532347060139,-0.00757780997319325,1,1,0.404248886398266,NA,0.99999999620798,1,0.384638535407795,NA,0.999965886559938,1,0.406280745759943,0.0294745376125082,NA,1,1,"S6","main",1000,70,0.352588811263852,84.3240949436852,0,0.2,0.1,"none",0,98,1
0.52374338580419,0.0167030750706081,1,1,0.350863326157708,NA,0.99999963498826,1,0.295323837727904,NA,0.989648265314249,1,0.340248241381056,-0.0231214454063587,NA,1,1,"S6","main",1000,70,0.352588811263852,85.7504525173842,0,0.2,0.1,"none",0,99,1
0.489885377183537,0.0327819580350311,1,1,0.299302643257679,NA,0.999998431744425,1,0.249053554993877,NA,0.963710688028075,1,0.318990683557805,0.073570257042064,NA,1,1,"S6","main",1000,70,0.352588811263852,98.6080883824311,0,0.2,0.1,"none",0,100,1
0.517419951957486,-0.0193869320750793,1,1,0.471622968416568,NA,0.999999999999798,1,0.440241998583975,NA,0.999999860571,1,0.459357144598845,-0.0740906323973266,NA,1,1,"S6","main",1000,70,0.352588811263852,103.191750823151,0,0.4,0.1,"none",0,1,1
0.503976959664696,0.0201544841268393,1,1,0.340037963405118,NA,0.999997009556588,1,0.333206521229558,NA,0.99858441323414,1,0.321585193642264,-0.0400513696907124,NA,1,1,"S6","main",1000,70,0.352588811263852,80.9373088894936,0,0.4,0.1,"none",0,2,1
0.50556241879508,-0.00526428752339043,1,1,0.390433487338711,NA,0.999999997284314,1,0.375582237517208,NA,0.9999776910602,1,0.440781083071607,0.000672471580901711,NA,1,1,"S6","main",1000,70,0.352588811263852,89.3308862204351,0,0.4,0.1,"none",0,3,1
0.5220965788186,-0.00881368514268121,1,1,0.436331940981712,NA,0.99999999992352,1,0.410735185643848,NA,0.999997451792514,1,0.403857224315878,0.0582744915878115,NA,1,1,"S6","main",1000,70,0.352588811263852,88.3283618482349,0,0.4,0.1,"none",0,4,1
0.470955985078507,0.00114568701358499,1,1,0.399351241892612,NA,0.999999999542938,1,0.392407010712384,NA,0.999996284298085,1,0.406279337612359,0.0313509676005777,NA,1,1,"S6","main",1000,70,0.352588811263852,91.182288541377,0,0.4,0.1,"none",0,5,1
0.543431569044339,0.021159788712548,1,1,0.475920977620855,NA,0.999999999998603,1,0.443849711340202,NA,0.999999839769043,1,0.510102181241909,-0.000181303500442767,NA,1,1,"S6","main",1000,70,0.352588811263852,87.4295035121592,0,0.4,0.1,"none",0,6,1
0.52233077818858,0.0135177965313021,1,1,0.420450863486447,NA,0.999999997512402,1,0.392953675354455,NA,0.999968646356413,1,0.448588093810884,0.0544348054585159,NA,1,1,"S6","main",1000,70,0.352588811263852,86.8740990547478,0,0.4,0.1,"none",0,7,1
0.565585628639819,-0.0263122662481727,1,1,0.500670597614978,NA,0.999999999999595,1,0.451293539855642,NA,0.999998604932138,1,0.497542871796175,-0.0620945917238114,NA,1,1,"S6","main",1000,70,0.352588811263852,94.0501563874668,0,0.4,0.1,"none",0,8,1
0.535479200158731,0.0106005858253565,1,1,0.377070716909322,NA,0.99999377812458,1,0.327923266503711,NA,0.967530838369789,1,0.297739962613578,-0.0596974129002715,0.00759929074103069,0.973130653266332,1,"S6","main",1000,70,0.352588811263852,57.2479221803581,0,0.4,0.1,"none",0,9,1
0.531700896684465,-0.0238211519706778,1,1,0.4602709181422,NA,0.999999999620082,1,0.410828437744945,NA,0.99965272887571,1,0.473038361984021,0.136110176889566,NA,1,1,"S6","main",1000,70,0.352588811263852,64.4467779931153,0,0.4,0.1,"none",0,10,1
0.51786945892717,0.0193216013443222,1,1,0.416778733405215,NA,0.99999997875241,1,0.363589271007344,NA,0.996392107805413,1,0.427800908303927,0.124786768238563,NA,1,1,"S6","main",1000,70,0.352588811263852,76.5254985932646,0,0.4,0.1,"none",0,11,1
0.550016956367724,0.00926689124022396,1,1,0.45241141626259,NA,0.999999999978929,1,0.42387755743589,NA,0.999998045652084,1,0.502710618673616,0.0248314238451164,NA,1,1,"S6","main",1000,70,0.352588811263852,88.3455459108718,0,0.4,0.1,"none",0,12,1
0.544348617901648,-0.0106266413633254,1,1,0.491740222088796,NA,0.999999999997494,1,0.430348079455344,NA,0.999988516011872,1,0.514547331679723,0.0162141508182256,NA,1,1,"S6","main",1000,70,0.352588811263852,79.2712544799554,0,0.4,0.1,"none",0,13,1
0.502785911407783,-0.0192689865887301,1,1,0.356284396217543,NA,0.999999890996421,1,0.332429922347862,NA,0.999273020140218,1,0.374190287788407,0.0303081106429597,NA,1,1,"S6","main",1000,70,0.352588811263852,95.4605464871046,0,0.4,0.1,"none",0,14,1
0.481921053713907,0.0158937831126544,1,1,0.395006964174269,NA,0.999999974826295,1,0.362623119060868,NA,0.999636153508887,1,0.343212209862149,-0.08965124986226,NA,1,1,"S6","main",1000,70,0.352588811263852,74.2965190515642,0,0.4,0.1,"none",0,15,1
0.544907809256101,-0.0022474688417749,1,1,0.376186018223039,NA,0.999999053365263,1,0.360055896840323,NA,0.996987346209071,1,0.35711243154034,0.0341261868316144,NA,1,1,"S6","main",1000,70,0.352588811263852,66.9474819134203,0,0.4,0.1,"none",0,16,1
0.498859638731485,0.00831356441910712,1,1,0.361114850561241,NA,0.999999694767307,1,0.36680654734735,NA,0.999826464200684,1,0.344455014696756,0.0312365012336311,NA,1,1,"S6","main",1000,70,0.352588811263852,78.7625006386236,0,0.4,0.1,"none",0,17,1
0.5324227285489,-0.00113267410263758,1,1,0.438234285385555,NA,0.999999999881252,1,0.418148335186372,NA,0.999987153142267,1,0.429941260092297,-0.00313083564007939,NA,1,1,"S6","main",1000,70,0.352588811263852,73.4511209431578,0,0.4,0.1,"none",0,18,1
0.53052210453522,-0.029690292559762,1,1,0.391026692013883,NA,0.999999991404617,1,0.348477550419508,NA,0.99974307715186,1,0.427843977618166,0.00325769484468243,NA,1,1,"S6","main",1000,70,0.352588811263852,84.8269887214651,0,0.4,0.1,"none",0,19,1
0.535946858299298,0.00327610133541962,1,1,0.446436432518619,NA,0.999999991404072,1,0.421544277588373,NA,0.999856968014146,1,0.478584456142827,-0.0370051667372998,NA,1,1,"S6","main",1000,70,0.352588811263852,70.345358166303,0,0.4,0.1,"none",0,20,1
0.522302674260459,0.00922565855937438,1,1,0.375797126132177,NA,0.99999992160007,1,0.356876382216793,NA,0.999035502969157,1,0.374492822671618,-0.00790952302389348,NA,1,1,"S6","main",1000,70,0.352588811263852,80.0795652884893,0,0.4,0.1,"none",0,21,1
0.553922843523407,-0.027308463589559,1,1,0.43741278660634,NA,0.99999999985792,1,0.413124733913883,NA,0.999997767259586,1,0.463992549420393,-0.0100806275824522,NA,1,1,"S6","main",1000,70,0.352588811263852,93.2381545735455,0,0.4,0.1,"none",0,22,1
0.510283426740572,-0.0269944917488215,1,1,0.39534316054332,NA,0.999999991285865,1,0.385977126274767,NA,0.999958861249067,1,0.365787953083655,0.0184352466795712,NA,1,1,"S6","main",1000,70,0.352588811263852,81.4081479274303,0,0.4,0.1,"none",0,23,1
0.507447010319486,0.0128145642576266,1,1,0.466058016766659,NA,0.999999999995937,1,0.391152356489601,NA,0.99994415683359,1,0.492908441836087,-0.027104549456197,NA,1,1,"S6","main",1000,70,0.352588811263852,85.6167145688744,0,0.4,0.1,"none",0,24,1
0.520982400151147,-0.0227293823475903,1,1,0.370474707372217,NA,0.999999903677218,1,0.364084553594202,NA,0.99980793266452,1,0.366446530871268,-0.0885376478622314,NA,1,1,"S6","main",1000,70,0.352588811263852,86.8919497755571,0,0.4,0.1,"none",0,25,1
0.485628869086965,0.00724904688394917,1,1,0.325948442170399,NA,0.99999981935946,1,0.264476784720286,NA,0.984974297797026,1,0.339680002111554,0.00925138413857658,NA,1,1,"S6","main",1000,70,0.352588811263852,106.300906863884,0,0.4,0.1,"none",0,26,1
0.516555890575961,-0.0150389427772838,1,1,0.351091074526375,NA,0.999999515139379,1,0.32598377722513,NA,0.994853960086272,1,0.334761805483981,-0.0288235782229379,NA,1,1,"S6","main",1000,70,0.352588811263852,82.8136320866198,0,0.4,0.1,"none",0,27,1
0.541745429882316,-0.0332538544761735,1,1,0.414491802702525,NA,0.999999975091651,1,0.37022664225939,NA,0.998200515423578,1,0.414309748425019,-0.071319928623401,NA,1,1,"S6","main",1000,70,0.352588811263852,80.2236008423541,0,0.4,0.1,"none",0,28,1
0.49895987589939,-0.0122921215675107,1,1,0.384401628372512,NA,0.999999997674908,1,0.327598812813998,NA,0.997660732996491,1,0.399090636794,0.0607500532001941,NA,1,1,"S6","main",1000,70,0.352588811263852,85.4991781211655,0,0.4,0.1,"none",0,29,1
0.499131732907791,0.028256952690711,1,1,0.410619142962101,NA,0.999999900063649,1,0.378942233939697,NA,0.996236925769632,1,0.406034542550688,-0.0082459504866195,NA,1,1,"S6","main",1000,70,0.352588811263852,64.3282743778288,0,0.4,0.1,"none",0,30,1
0.512677440987696,-0.00925981559702009,1,1,0.457307533043751,NA,0.999999999974142,1,0.422587049614455,NA,0.999995114963672,1,0.476867714261212,-0.0539256320865509,NA,1,1,"S6","main",1000,70,0.352588811263852,80.8748711933784,0,0.4,0.1,"none",0,31,1
0.53908748830236,-0.00759032883241314,1,1,0.424877470638737,NA,0.99999999967546,1,0.390231420096036,NA,0.999967435923242,1,0.413154690674431,-0.071037688675151,NA,1,1,"S6","main",1000,70,0.352588811263852,87.5199498746351,0,0.4,0.1,"none",0,32,1
0.476288168954167,-0.0119836451539619,1,1,0.368984367685509,NA,0.999999965434469,1,0.326650137738821,NA,0.998501204005999,1,0.380602992935902,-0.0858052345802289,NA,1,1,"S6","main",1000,70,0.352588811263852,78.0610250407964,0,0.4,0.1,"none",0,33,1
0.552904282232297,0.0184731811854909,1,1,0.420968212260172,NA,0.999999960367483,1,0.397320341408604,NA,0.999604081117637,1,0.443317986736541,-0.0250798208929547,NA,1,1,"S6","main",1000,70,0.352588811263852,70.3577913227041,0,0.4,0.1,"none",0,34,1
0.501298663297674,-0.00496532263096261,1,1,0.448473969435353,NA,0.999999999890843,1,0.411909766773975,NA,0.999974038139923,1,0.439643327385954,0.146147092607491,NA,1,1,"S6","main",1000,70,0.352588811263852,85.4058214725745,0,0.4,0.1,"none",0,35,1
0.517614364239915,-0.0101619973586893,1,1,0.396798157882699,NA,0.999999982748711,1,0.364311282884597,NA,0.999803423089082,1,0.380347382613924,0.0544354744577071,NA,1,1,"S6","main",1000,70,0.352588811263852,79.4590800232143,0,0.4,0.1,"none",0,36,1
0.526712565116492,-0.0102859841931221,1,1,0.428339457295577,NA,0.999999999900828,1,0.429517284156532,NA,0.99999996090669,1,0.417561204862794,-0.0179768516106026,NA,1,1,"S6","main",1000,70,0.352588811263852,85.2610857174493,0,0.4,0.1,"none",0,37,1
0.50749932840569,0.00656588065356275,1,1,0.374580116775035,NA,0.999999934652271,1,0.336594613636203,NA,0.997156652969762,1,0.360242839492359,0.0783824086195885,NA,1,1,"S6","main",1000,70,0.352588811263852,76.6253048777509,0,0.4,0.1,"none",0,38,1
0.491314414005369,-0.0314132524607013,1,1,0.383021731893203,NA,0.999999949300414,1,0.351709442621027,NA,0.998763869435358,1,0.394138024528123,-0.0265171622719141,NA,1,1,"S6","main",1000,70,0.352588811263852,81.7944771641776,0,0.4,0.1,"none",0,39,1
0.515351080806316,-0.0214952078187226,1,1,0.400052831294531,NA,0.999999998327848,1,0.371364764416189,NA,0.999982566326793,1,0.400457678399798,-0.0110161785906922,NA,1,1,"S6","main",1000,70,0.352588811263852,85.31243912095,0,0.4,0.1,"none",0,40,1
0.510842084925231,-0.00821391021329502,1,1,0.417043617446257,NA,0.99999999467807,1,0.380707164595685,NA,0.999920754586757,1,0.394555400962623,-0.0187210152204418,NA,1,1,"S6","main",1000,70,0.352588811263852,76.8214860566799,0,0.4,0.1,"none",0,41,1
0.523908999263999,0.00738895027653377,1,1,0.455204850416777,NA,0.999999999871689,1,0.419146301438136,NA,0.999992126650891,1,0.474183394076804,0.0663015966672233,NA,1,1,"S6","main",1000,70,0.352588811263852,85.4161899965817,0,0.4,0.1,"none",0,42,1
0.528236101107987,0.0191637554234411,1,1,0.433215682394743,NA,0.999999999931904,1,0.395122655539421,NA,0.999985731881024,1,0.422421640793889,-0.00521807093451973,NA,1,1,"S6","main",1000,70,0.352588811263852,89.1353041238755,0,0.4,0.1,"none",0,43,1
0.462228359935001,-0.00425575463537329,1,1,0.430431365257445,NA,0.999999999737116,1,0.385949476362916,NA,0.999713675615498,1,0.439456377162065,-0.00823211568478076,NA,1,1,"S6","main",1000,70,0.352588811263852,76.1918659139193,0,0.4,0.1,"none",0,44,1
0.573948797931404,0.0107260980492433,1,1,0.488872165139732,NA,0.999999999999769,1,0.451765269566338,NA,0.999999976517244,1,0.522336675630491,0.000765934671517281,NA,1,1,"S6","main",1000,70,0.352588811263852,99.8948807306736,0,0.4,0.1,"none",0,45,1
0.499459980727011,0.016002026545127,1,1,0.407012359135047,NA,0.999999941259912,1,0.353422292220928,NA,0.99545478383132,1,0.451467013818044,0.0521944103697786,NA,1,1,"S6","main",1000,70,0.352588811263852,71.0991623031485,0,0.4,0.1,"none",0,46,1
0.537684791563016,0.011086548861674,1,1,0.464458129240805,NA,0.999999999996263,1,0.394559521216308,NA,0.999931976323194,1,0.482593056917727,0.0246346663069078,NA,1,1,"S6","main",1000,70,0.352588811263852,88.4437446828362,0,0.4,0.1,"none",0,47,1
0.471338460307497,0.00858231251873542,1,1,0.334967847867183,NA,0.999999765459116,1,0.305345746833144,NA,0.996783454336968,1,0.348767135022082,0.00986214420082913,NA,1,1,"S6","main",1000,70,0.352588811263852,99.5518016968574,0,0.4,0.1,"none",0,48,1
0.499499070818069,-0.010220786419484,1,1,0.384928567819395,NA,0.999999611284563,1,0.355477148014385,NA,0.995721825280948,1,0.414676757958053,-0.0496668259669303,NA,1,1,"S6","main",1000,70,0.352588811263852,71.9779964702155,0,0.4,0.1,"none",0,49,1
0.546962774933893,-0.00268963707505625,1,1,0.379081469906982,NA,0.999999851197821,1,0.339553242550153,NA,0.997524355087825,1,0.381240254532582,-0.0504981309132136,NA,1,1,"S6","main",1000,70,0.352588811263852,80.6663691453001,0,0.4,0.1,"none",0,50,1
0.544308855894397,-0.0126453678571868,1,1,0.434120918712877,NA,0.999999999735607,1,0.422889296569609,NA,0.999997520086192,1,0.435187731233065,0.0733631264899842,NA,1,1,"S6","main",1000,70,0.352588811263852,85.1421912112197,0,0.4,0.1,"none",0,51,1
0.516524394978937,0.00758236539391319,1,1,0.298657414131612,NA,0.9998925684628,1,0.262102726780007,NA,0.913891738093638,1,0.273166006134654,0.0619606647768715,0.0051349260360081,0.98241959798995,1,"S6","main",1000,70,0.352588811263852,68.2458326687568,0,0.4,0.1,"none",0,52,1
0.556001781546455,-0.00453929094065575,1,1,0.477337507091915,NA,0.999999999998008,1,0.460301440904172,NA,0.999999827052015,1,0.545638876128215,-0.0154298928279562,NA,1,1,"S6","main",1000,70,0.352588811263852,85.3814935697876,0,0.4,0.1,"none",0,53,1
0.539497428396899,0.00241919356471147,1,1,0.434093224115207,NA,0.999999991231527,1,0.38032684413014,NA,0.998486072006504,1,0.408290942510561,0.00299297588202841,NA,1,1,"S6","main",1000,70,0.352588811263852,72.2479030597775,0,0.4,0.1,"none",0,54,1
0.57729698543366,0.00498011310828402,1,1,0.468243234566055,NA,0.999999999987052,1,0.415211603925769,NA,0.99998566675633,1,0.478098947020433,0.0200067546627813,NA,1,1,"S6","main",1000,70,0.352588811263852,84.0211347662226,0,0.4,0.1,"none",0,55,1
0.517696570847386,-0.0113863923947922,1,1,0.436495820037649,NA,0.999999999949057,1,0.386393192524995,NA,0.999979024159426,1,0.454260497214213,-0.0690945344449903,NA,1,1,"S6","main",1000,70,0.352588811263852,98.8571414765154,0,0.4,0.1,"none",0,56,1
0.509238883425263,-0.0297717993137582,1,1,0.302101732114254,NA,0.999946433081338,1,0.264490233305581,NA,0.939613663754304,1,0.295779848609252,-0.0351464318119963,0.0028553501136367,0.994869346733668,1,"S6","main",1000,70,0.352588811263852,73.4987200148379,0,0.4,0.1,"none",0,57,1
0.490445248413194,0.00725252890250932,1,1,0.346627258826977,NA,0.99999816491487,1,0.331429358276157,NA,0.99333187095177,1,0.35434458890267,0.0169614471698162,NA,1,1,"S6","main",1000,70,0.352588811263852,72.8581900862307,0,0.4,0.1,"none",0,58,1
0.537515975768157,0.0149189666400553,1,1,0.411871389182709,NA,0.999999999250668,1,0.407166167436292,NA,0.999997820228747,1,0.400452604486659,-0.00615564323599949,NA,1,1,"S6","main",1000,70,0.352588811263852,90.0785848137756,0,0.4,0.1,"none",0,59,1
0.520195395099755,-0.00366828462745027,1,1,0.488674208885589,NA,0.999999999999964,1,0.434881493604527,NA,0.999999532749419,1,0.520796635014872,0.0698130437876292,NA,1,1,"S6","main",1000,70,0.352588811263852,101.347500974505,0,0.4,0.1,"none",0,60,1
0.426832172887843,0.0124034487704193,1,1,0.314385502504762,NA,0.999995938809489,1,0.212764535089104,NA,0.837729494067613,1,0.317978662259173,-0.0203385358871888,NA,1,1,"S6","main",1000,70,0.352588811263852,77.5459946507948,0,0.4,0.1,"none",0,61,1
0.569541011608723,0.00417284132385733,1,1,0.503394464888157,NA,0.999999999995382,1,0.469486684342686,NA,0.999997953116746,1,0.485828052209314,-0.143245089145341,NA,1,1,"S6","main",1000,70,0.352588811263852,76.2655597906761,0,0.4,0.1,"none",0,62,1
0.531215471397413,-0.00471148225981775,1,1,0.433882421942688,NA,0.99999999931672,1,0.383370348084824,NA,0.999629438075517,1,0.411832948793311,0.00486985114978209,NA,1,1,"S6","main",1000,70,0.352588811263852,78.9338370544409,0,0.4,0.1,"none",0,63,1
0.496959750766649,-0.018912548099937,1,1,0.407702946117923,NA,0.999999998178295,1,0.378012231065176,NA,0.999948856750675,1,0.38166605510155,-0.0221089399596328,NA,1,1,"S6","main",1000,70,0.352588811263852,91.1769001923147,0,0.4,0.1,"none",0,64,1
0.51769510770426,-0.0120695219387888,1,1,0.415777841684474,NA,0.999999990986022,1,0.369153615571638,NA,0.999283187543252,1,0.426371455918248,0.0528125978031642,NA,1,1,"S6","main",1000,70,0.352588811263852,69.3316304543058,0,0.4,0.1,"none",0,65,1
0.571739274825028,0.0190807661589586,1,1,0.509774781264086,NA,0.999999999999988,1,0.483324107619498,NA,0.999999998176399,1,0.529192547101449,0.0602229792582137,NA,1,1,"S6","main",1000,70,0.352588811263852,86.9613122079837,0,0.4,0.1,"none",0,66,1
0.520868785140003,-0.000363769099824266,1,1,0.384821998506784,NA,0.999999797740182,1,0.346700009405856,NA,0.992838262398939,1,0.387058055503781,0.000795391571863024,NA,1,1,"S6","main",1000,70,0.352588811263852,70.25318158327,0,0.4,0.1,"none",0,67,1
0.523954845285315,-0.0144309667154918,1,1,0.426278020186146,NA,0.999999999960481,1,0.370655518199825,NA,0.99991261562233,1,0.478981733518806,0.0348010378109858,NA,1,1,"S6","main",1000,70,0.352588811263852,94.0367738211954,0,0.4,0.1,"none",0,68,1
0.526702074093089,-0.000109146925909024,1,1,0.432954166634624,NA,0.999999999775403,1,0.382564465477827,NA,0.999778322254311,1,0.487030410158188,0.0230780207880958,NA,1,1,"S6","main",1000,70,0.352588811263852,88.700618315781,0,0.4,0.1,"none",0,69,1
0.518220222131811,0.0329893669063583,1,1,0.407558400554538,NA,0.999999973242632,1,0.379307347859594,NA,0.998692743948864,1,0.450931262353159,0.0343600827532129,NA,1,1,"S6","main",1000,70,0.352588811263852,74.7554392345537,0,0.4,0.1,"none",0,70,1
0.516922779801881,-0.000349371616840075,1,1,0.415022687388797,NA,0.999999999031558,1,0.377605543519095,NA,0.999811221807685,1,0.46969988340628,0.0491037387122088,NA,1,1,"S6","main",1000,70,0.352588811263852,88.4969649217401,0,0.4,0.1,"none",0,71,1
0.581897554155597,-0.00897936173462633,1,1,0.492169679010603,NA,0.999999999993525,1,0.442842351477103,NA,0.99998629525458,1,0.487469204078953,0.0481723286437561,NA,1,1,"S6","main",1000,70,0.352588811263852,78.6074163781538,0,0.4,0.1,"none",0,72,1
0.529855775560746,-0.00946987380510471,1,1,0.482071314643597,NA,0.999999999999985,1,0.434574640836851,NA,0.999999614082502,1,0.529292125467136,-0.0727409188966377,NA,1,1,"S6","main",1000,70,0.352588811263852,101.674299080892,0,0.4,0.1,"none",0,73,1
0.538783117142778,0.0118987592334238,1,1,0.482025822691661,NA,0.999999999995557,1,0.44898652673084,NA,0.999999707672035,1,0.496925436735632,0.0269325333568824,NA,1,1,"S6","main",1000,70,0.352588811263852,82.4038555343772,0,0.4,0.1,"none",0,74,1
0.537930574081323,0.0316484832258994,1,1,0.397681072760543,NA,0.999999998722481,1,0.355605461249462,NA,0.999897967544956,1,0.383643311298252,-0.0823340511379097,NA,1,1,"S6","main",1000,70,0.352588811263852,92.3326580573601,0,0.4,0.1,"none",0,75,1
0.537595003571238,-0.008496900471507,1,1,0.456360342429259,NA,0.999999999855072,1,0.415724188956309,NA,0.999990364716699,1,0.463902445026092,-0.00183322215881411,NA,1,1,"S6","main",1000,70,0.352588811263852,77.0629884716169,0,0.4,0.1,"none",0,76,1
0.538944486464594,0.0182079714548913,1,1,0.436293088885474,NA,0.999999998660239,1,0.402008111685079,NA,0.999898793300654,1,0.463812374567301,0.0410153435018909,NA,1,1,"S6","main",1000,70,0.352588811263852,88.3593687879138,0,0.4,0.1,"none",0,77,1
0.508801156064787,-0.00704891513055954,1,1,0.443657251934453,NA,0.999999999999329,1,0.406282624526033,NA,0.999999772969031,1,0.459978654043672,-0.0159463564139028,NA,1,1,"S6","main",1000,70,0.352588811263852,100.927252067898,0,0.4,0.1,"none",0,78,1
0.456112907885505,0.0012938052157933,1,1,0.392004988147938,NA,0.99999999974802,1,0.365175865869973,NA,0.999990562033571,1,0.42216569407824,0.024839423334571,NA,1,1,"S6","main",1000,70,0.352588811263852,101.212225075348,0,0.4,0.1,"none",0,79,1
0.498322667332113,-0.0102524420597457,1,1,0.363826230877359,NA,0.9999978697663,1,0.32677755419795,NA,0.984032208496404,1,0.344751903635848,0.0066042186875153,0.001225434463118,0.99841959798995,1,"S6","main",1000,70,0.352588811263852,64.5296804847723,0,0.4,0.1,"none",0,80,1
0.510486557773492,0.0209135630439122,1,1,0.402923492789238,NA,0.999999957011525,1,0.396638287402972,NA,0.999930251124292,1,0.358195807764229,0.0150263235448374,NA,1,1,"S6","main",1000,70,0.352588811263852,67.9948459790619,0,0.4,0.1,"none",0,81,1
0.494798038315063,0.00236256004054411,1,1,0.405311212705273,NA,0.999999999031241,1,0.371075898197843,NA,0.999950697488867,1,0.367716666907573,0.0464859327811307,NA,1,1,"S6","main",1000,70,0.352588811263852,87.5031159319542,0,0.4,0.1,"none",0,82,1
0.517300499170315,-0.0129990429949518,1,1,0.389995657011195,NA,0.999999991135921,1,0.356658315733188,NA,0.999780194836627,1,0.364396049020342,-0.0796965547800721,NA,1,1,"S6","main",1000,70,0.352588811263852,92.7510901942277,0,0.4,0.1,"none",0,83,1
0.514854696602616,0.00875777841554484,1,1,0.405162706055652,NA,0.999999970374744,1,0.374257264712771,NA,0.999298658747078,1,0.417266508652258,0.0153435692474953,NA,1,1,"S6","main",1000,70,0.352588811263852,76.4411679149792,0,0.4,0.1,"none",0,84,1
0.553882342485748,-0.00499818395824976,1,1,0.432852096024957,NA,0.999999999984925,1,0.370049260941115,NA,0.999912992748273,1,0.447328938022092,0.085736842584704,NA,1,1,"S6","main",1000,70,0.352588811263852,93.8840947662389,0,0.4,0.1,"none",0,85,1
0.56230731860735,0.0077865001988215,1,1,0.491999752623729,NA,0.999999999800879,1,0.407370084229402,NA,0.997312514749349,1,0.498127556736933,0.0204750015836486,NA,1,1,"S6","main",1000,70,0.352588811263852,66.557533587743,0,0.4,0.1,"none",0,86,1
0.554938016619246,-0.0321269884198709,1,1,0.460712496663614,NA,0.999999998502383,1,0.390972984865879,NA,0.999396207658352,1,0.451708450152546,-0.0709697932071946,NA,1,1,"S6","main",1000,70,0.352588811263852,73.5032480428233,0,0.4,0.1,"none",0,87,1
0.516750047059622,0.0125378322856628,1,1,0.433769086645065,NA,0.999999999905175,1,0.416577206998693,NA,0.999995938786319,1,0.465993054227947,-0.0323772495992884,NA,1,1,"S6","main",1000,70,0.352588811263852,95.2575447451176,0,0.4,0.1,"none",0,88,1
0.517175228603851,0.00596638297281734,1,1,0.392792491102463,NA,0.999999996689624,1,0.39104506085581,NA,0.999987977670466,1,0.399911121471609,-0.0155644029691753,NA,1,1,"S6","main",1000,70,0.352588811263852,88.8004406162403,0,0.4,0.1,"none",0,89,1
0.521302870342465,-0.0149801816377331,1,1,0.438358793493353,NA,0.999999999996125,1,0.387195250410654,NA,0.99999828610292,1,0.441086777102907,-0.00938452587400979,NA,1,1,"S6","main",1000,70,0.352588811263852,96.373915209692,0,0.4,0.1,"none",0,90,1
0.49487009877238,0.0101843449338423,1,1,0.400584212262508,NA,0.99999999794515,1,0.355997976351477,NA,0.99962382143522,1,0.405423151020892,0.0112054298628293,NA,1,1,"S6","main",1000,70,0.352588811263852,79.0141903892422,0,0.4,0.1,"none",0,91,1
0.552324306199671,0.00446051681333504,1,1,0.443192163293534,NA,0.9999999997825,1,0.392909697240931,NA,0.999901673770424,1,0.447244554681694,-0.0649149728958882,NA,1,1,"S6","main",1000,70,0.352588811263852,78.9468787399466,0,0.4,0.1,"none",0,92,1
0.508355176132812,0.0160970022560146,1,1,0.388325715615088,NA,0.999999992197637,1,0.342263073868591,NA,0.99920661695113,1,0.398909777773676,0.0246203374784041,NA,1,1,"S6","main",1000,70,0.352588811263852,90.8175152642669,0,0.4,0.1,"none",0,93,1
0.516744237648971,-0.0131320626542156,1,1,0.434081233016802,NA,0.99999999876197,1,0.39018938906831,NA,0.999842518303112,1,0.413173547020475,0.0684185204159634,NA,1,1,"S6","main",1000,70,0.352588811263852,79.1413151576726,0,0.4,0.1,"none",0,94,1
0.561739611670358,-0.0143011943557913,1,1,0.49756801903719,NA,0.999999999999994,1,0.452568406866915,NA,0.99999999274511,1,0.510137493333598,-0.000862185205187979,NA,1,1,"S6","main",1000,70,0.352588811263852,105.984436765244,0,0.4,0.1,"none",0,95,1
0.515010027414792,0.00484469421094541,1,1,0.477454037424655,NA,0.999999999999808,1,0.423075817886359,NA,0.999998863007731,1,0.503171623577746,0.0911158648355991,NA,1,1,"S6","main",1000,70,0.352588811263852,88.7293393734243,0,0.4,0.1,"none",0,96,1
0.520566452439415,-0.0103363109554502,1,1,0.410140292661548,NA,0.99999999862124,1,0.357187565697293,NA,0.999670397388837,1,0.406770613467153,-0.067174732728485,NA,1,1,"S6","main",1000,70,0.352588811263852,87.2950526277931,0,0.4,0.1,"none",0,97,1
0.549199098881497,-0.0217660088115498,1,1,0.39871932771042,NA,0.999999971919883,1,0.379044200362413,NA,0.999465082103983,1,0.383690151833257,-0.0656730945767902,NA,1,1,"S6","main",1000,70,0.352588811263852,80.035837233123,0,0.4,0.1,"none",0,98,1
0.5162124742284,0.000966820119683399,1,1,0.341679448254316,NA,0.999999124654433,1,0.320338470004049,NA,0.996123622428903,1,0.339022730690427,-0.0230770639573039,NA,1,1,"S6","main",1000,70,0.352588811263852,96.3042254403601,0,0.4,0.1,"none",0,99,1
0.522001406107746,0.00737948161227529,1,1,0.408326259044007,NA,0.999999989468541,1,0.367499503335673,NA,0.99853179057251,1,0.437217908925343,0.0750049073403204,NA,1,1,"S6","main",1000,70,0.352588811263852,79.6512242022346,0,0.4,0.1,"none",0,100,1
0.541010841573885,0.000285431693169735,1,1,0.512139287459171,NA,0.999999999999999,1,0.464141360019737,NA,0.999999987266994,1,0.590347690897386,0.0722648881936176,NA,1,1,"S6","main",1000,70,0.352588811263852,100.456213171509,0,0.2,0.3,"none",0,1,1
0.553946087669008,0.00938705058735146,1,1,0.440042715923108,NA,0.99999999978695,1,0.394267253386283,NA,0.999813556679699,1,0.490860371987178,-0.0288589513292987,NA,1,1,"S6","main",1000,70,0.352588811263852,83.6352239528705,0,0.2,0.3,"none",0,2,1
0.511397140703127,0.0144545275014683,1,1,0.436968906574069,NA,0.999999999867651,1,0.409308823187654,NA,0.999976028231346,1,0.486495042126274,0.00339123974123296,NA,1,1,"S6","main",1000,70,0.352588811263852,89.3313390118646,0,0.2,0.3,"none",0,3,1
0.533895563874936,0.0248173148113024,1,1,0.405771551030415,NA,0.99999999989883,1,0.373607596607775,NA,0.999991549181032,1,0.378295449584169,0.0134551733833896,NA,1,1,"S6","main",1000,70,0.352588811263852,108.179072995524,0,0.2,0.3,"none",0,4,1
0.544957167347566,0.00789630380866356,1,1,0.416420611083186,NA,0.999999999779548,1,0.411544024388481,NA,0.999997656785585,1,0.446267702026334,-0.0783652628542926,NA,1,1,"S6","main",1000,70,0.352588811263852,93.0837473736514,0,0.2,0.3,"none",0,5,1
0.572615786336973,-0.0110989068463024,1,1,0.504215542659067,NA,0.999999999991548,1,0.470612943587105,NA,0.999998695150539,1,0.516162184997785,0.0424926577766194,NA,1,1,"S6","main",1000,70,0.352588811263852,71.6939761496329,0,0.2,0.3,"none",0,6,1
0.566125328600485,-0.0166577385104369,1,1,0.503570134720334,NA,0.999999999997757,1,0.465069425119813,NA,0.999998406336501,1,0.56103037854702,0.011457797624905,NA,1,1,"S6","main",1000,70,0.352588811263852,94.0629675063863,0,0.2,0.3,"none",0,7,1
0.520529895314839,0.00105592756833201,1,1,0.496626180763152,NA,0.999999999999999,1,0.478246639973277,NA,0.99999999925826,1,0.533407658955505,0.00924695150793107,NA,1,1,"S6","main",1000,70,0.352588811263852,104.706523898818,0,0.2,0.3,"none",0,8,1
0.551320056810225,-0.0171178648977644,1,1,0.467133877422393,NA,0.999999999992635,1,0.423750836095203,NA,0.999997915134396,1,0.457072622845375,-0.0188533313885218,NA,1,1,"S6","main",1000,70,0.352588811263852,96.6133528781595,0,0.2,0.3,"none",0,9,1
0.54468832059041,0.00606697009792444,1,1,0.49716690865989,NA,0.999999999999988,1,0.48792911463243,NA,0.999999999592822,1,0.54184485236609,-0.0493314947386942,NA,1,1,"S6","main",1000,70,0.352588811263852,94.5879548051316,0,0.2,0.3,"none",0,10,1
0.508122950154744,0.00814483269532856,1,1,0.495566628880314,NA,0.999999999995046,1,0.448770141886951,NA,0.999990896294618,1,0.453162587754351,0.0280750271959775,NA,1,1,"S6","main",1000,70,0.352588811263852,74.8252175741207,0,0.2,0.3,"none",0,11,1
0.525183074073336,0.0212754186322925,1,1,0.485417524951576,NA,0.999999999996168,1,0.466925703389328,NA,0.999999786817293,1,0.533083883523167,-0.06575990401002,NA,1,1,"S6","main",1000,70,0.352588811263852,88.3082521327092,0,0.2,0.3,"none",0,12,1
0.615688139758078,-0.00652458383425555,1,1,0.520598551220119,NA,0.999999999999623,1,0.452329913673274,NA,0.999989600257964,1,0.573651480408203,0.0744920101725055,NA,1,1,"S6","main",1000,70,0.352588811263852,89.5719167081382,0,0.2,0.3,"none",0,13,1
0.590099345182695,-0.0333038266349896,1,1,0.510672729620507,NA,0.999999999981329,1,0.439015221708732,NA,0.999928889923177,1,0.566989078290119,0.00126302774044093,NA,1,1,"S6","main",1000,70,0.352588811263852,77.6686738050424,0,0.2,0.3,"none",0,14,1
0.588906608089326,0.005116655419884,1,1,0.529704444809504,NA,0.999999999998576,1,0.461514849901977,NA,0.999991539818885,1,0.549902402616354,-0.0819472393273265,NA,1,1,"S6","main",1000,70,0.352588811263852,79.1368402020957,0,0.2,0.3,"none",0,15,1
0.585803929042805,0.0287575317135666,1,1,0.516925814996737,NA,0.999999999999677,1,0.464026166327224,NA,0.999998848822168,1,0.46031985140492,0.0518751280229196,NA,1,1,"S6","main",1000,70,0.352588811263852,89.2721048586683,0,0.2,0.3,"none",0,16,1
0.543687082795006,-0.00888064334049573,1,1,0.480701460238866,NA,0.999999999961746,1,0.445637794283195,NA,0.999969420570853,1,0.464613304786117,0.0204642615815945,NA,1,1,"S6","main",1000,70,0.352588811263852,72.8079966290776,0,0.2,0.3,"none",0,17,1
0.503955596887333,0.0161079043656521,1,1,0.33937448897056,NA,0.999999774641984,1,0.27690295158691,NA,0.97744807307352,1,0.32690833339758,0.003717860556801,NA,1,1,"S6","main",1000,70,0.352588811263852,85.7376040291323,0,0.2,0.3,"none",0,18,1
0.561997995540724,0.0299091394005675,1,1,0.406039617789327,NA,0.999999993888883,1,0.41043746090511,NA,0.999978410983795,1,0.441172059456905,0.073062618970606,NA,1,1,"S6","main",1000,70,0.352588811263852,93.8644444671491,0,0.2,0.3,"none",0,19,1
0.49307897764242,0.00457197431648392,1,1,0.41305344809513,NA,0.999999998951224,1,0.380819406587241,NA,0.999838922231991,1,0.495839605160643,0.0300525771587482,NA,1,1,"S6","main",1000,70,0.352588811263852,90.5479927827064,0,0.2,0.3,"none",0,20,1
0.582146176924497,0.00861577524744344,1,1,0.493082425584785,NA,0.999999999968548,1,0.440527591630642,NA,0.999972499698832,1,0.516360463088376,-0.0291248565035099,NA,1,1,"S6","main",1000,70,0.352588811263852,70.2869468514897,0,0.2,0.3,"none",0,21,1
0.515182770612211,-0.0209609251360203,1,1,0.47402858842725,NA,0.999999999985886,1,0.434983354853162,NA,0.999999620552369,1,0.523254144510515,0.0172679359486396,NA,1,1,"S6","main",1000,70,0.352588811263852,81.5313413796239,0,0.2,0.3,"none",0,22,1
0.524392279128782,0.0274685831046984,1,1,0.42400688632138,NA,0.999999983006922,1,0.36857146762129,NA,0.998369837226324,1,0.45440253216225,0.0291816382668754,NA,1,1,"S6","main",1000,70,0.352588811263852,74.6530743821086,0,0.2,0.3,"none",0,23,1
0.560775210854724,0.00948976084777159,1,1,0.490436659174639,NA,0.999999999999856,1,0.456685735063465,NA,0.999999980055651,1,0.523740503629407,0.0793595319496219,NA,1,1,"S6","main",1000,70,0.352588811263852,90.5916102988842,0,0.2,0.3,"none",0,24,1
0.547943293426064,-0.00300554187913507,1,1,0.453397142658734,NA,0.999999999904536,1,0.42255842928272,NA,0.999984339681403,1,0.463881205575193,0.00560094266437576,NA,1,1,"S6","main",1000,70,0.352588811263852,75.2232921327908,0,0.2,0.3,"none",0,25,1
0.530990668442924,-0.0224830714132899,1,1,0.408060387529206,NA,0.999999992890544,1,0.386337098579075,NA,0.999764517800919,1,0.358631178339701,0.0437812211736773,NA,1,1,"S6","main",1000,70,0.352588811263852,82.9011602372847,0,0.2,0.3,"none",0,26,1
0.562638335398356,0.0159304352184706,1,1,0.482531744711716,NA,0.999999999999868,1,0.462639297722522,NA,0.999999978806669,1,0.552326069209838,-0.0662988190599217,NA,1,1,"S6","main",1000,70,0.352588811263852,92.3348062741786,0,0.2,0.3,"none",0,27,1
0.575757957255022,-0.00418901818456491,1,1,0.497570740204901,NA,0.999999999999473,1,0.451701675230509,NA,0.999998467678193,1,0.519069290246357,0.0184144438066815,NA,1,1,"S6","main",1000,70,0.352588811263852,85.537260706192,0,0.2,0.3,"none",0,28,1
0.561211607615037,0.0225848551430409,1,1,0.519304609537869,NA,0.999999999999904,1,0.497320853200083,NA,0.999999996773889,1,0.495401166986653,0.0763308182966236,NA,1,1,"S6","main",1000,70,0.352588811263852,85.5609768719455,0,0.2,0.3,"none",0,29,1
0.546228052069154,-0.0028141914172736,1,1,0.526937255960277,NA,0.999999999999999,1,0.484729581075404,NA,0.999999995314613,1,0.622027174913932,0.0249195165520728,NA,1,1,"S6","main",1000,70,0.352588811263852,92.377413758263,0,0.2,0.3,"none",0,30,1
0.566670929548281,-0.00467275871884286,1,1,0.548639976466371,NA,0.999999999999973,1,0.489392536479558,NA,0.999998742893394,1,0.566845369209621,0.0388022999717029,NA,1,1,"S6","main",1000,70,0.352588811263852,80.8691920883854,0,0.2,0.3,"none",0,31,1
0.511464965337375,-0.00529065267891272,1,1,0.367696100459917,NA,0.999998017528393,1,0.228404268827738,NA,0.792727997433257,1,0.334324324117674,-0.0954912582537104,0.000188502388862102,0.999766331658291,1,"S6","main",1000,70,0.352588811263852,61.0052159498543,0,0.2,0.3,"none",0,32,1
0.556829049431519,0.00449630360070169,1,1,0.555284987430314,NA,0.999999999999463,1,0.523389538874502,NA,0.999999770348974,1,0.593766867642946,0.050757931003882,NA,1,1,"S6","main",1000,70,0.352588811263852,67.7191963153082,0,0.2,0.3,"none",0,33,1
0.553293929454949,0.00367710082380092,1,1,0.448289353044718,NA,0.999999999914579,1,0.431254085766562,NA,0.999997376391532,1,0.462531008240905,0.0139919219449885,NA,1,1,"S6","main",1000,70,0.352588811263852,78.4670213861033,0,0.2,0.3,"none",0,34,1
0.537824487321822,-0.0395807802415625,1,1,0.446058173527583,NA,0.999999999968682,1,0.440054037463342,NA,0.999999970345598,1,0.500531449243274,0.0126225302399311,NA,1,1,"S6","main",1000,70,0.352588811263852,88.4384895400305,0,0.2,0.3,"none",0,35,1
0.537618404621129,-0.00156943865565966,1,1,0.555561266070426,NA,1,1,0.532815744827264,NA,0.999999999923145,1,0.574800611477463,-0.0420959587365734,NA,1,1,"S6","main",1000,70,0.352588811263852,88.6910289086951,0,0.2,0.3,"none",0,36,1
0.530580444677039,0.00189261913614429,1,1,0.446125455954204,NA,0.999999999989006,1,0.427358124001155,NA,0.999999726400862,1,0.500854676316407,0.0532555242738459,NA,1,1,"S6","main",1000,70,0.352588811263852,98.4732356715989,0,0.2,0.3,"none",0,37,1
0.547001291471519,0.0345245992392359,1,1,0.476847596132278,NA,0.999999999873666,1,0.434621418853985,NA,0.999964245026672,1,0.49580441260392,-0.0237172436820592,NA,1,1,"S6","main",1000,70,0.352588811263852,81.1757670592405,0,0.2,0.3,"none",0,38,1
0.507501712995793,0.00932706603614837,1,1,0.439762797529132,NA,0.99999999994089,1,0.404011668989403,NA,0.999995548322726,1,0.441803433513669,0.0332896851560883,NA,1,1,"S6","main",1000,70,0.352588811263852,97.3557158826055,0,0.2,0.3,"none",0,39,1
0.566237263612788,-0.00525895367767912,1,1,0.428530615543814,NA,0.999999999373673,1,0.377801403302943,NA,0.999938500153646,1,0.43696671135158,0.0830211676619702,NA,1,1,"S6","main",1000,70,0.352588811263852,87.740184320814,0,0.2,0.3,"none",0,40,1
0.538178050854656,0.0134902948198352,1,1,0.432500792376476,NA,0.999999999688822,1,0.399602688752379,NA,0.999956180027098,1,0.448660797161568,0.0732000279830691,NA,1,1,"S6","main",1000,70,0.352588811263852,81.6295370415917,0,0.2,0.3,"none",0,41,1
0.548460937138412,-0.00526703251422107,1,1,0.514620360824696,NA,0.999999999999793,1,0.449603703238585,NA,0.999998905518724,1,0.579453544106403,-0.0236796931054697,NA,1,1,"S6","main",1000,70,0.352588811263852,79.5059853890862,0,0.2,0.3,"none",0,42,1
0.500699514602412,-0.00668903106431009,1,1,0.396250912698521,NA,0.999999058266312,1,0.318099102930905,NA,0.966684872016182,1,0.363097480909059,0.030320004062931,0.00073117415033513,0.999268844221106,1,"S6","main",1000,70,0.352588811263852,65.6131638252396,0,0.2,0.3,"none",0,43,1
0.531480396270426,0.00750151194252522,1,1,0.498737856476535,NA,0.999999999999979,1,0.458490880794475,NA,0.999999931813249,1,0.569044996911109,0.00973993920172002,NA,1,1,"S6","main",1000,70,0.352588811263852,91.6158310657076,0,0.2,0.3,"none",0,44,1
0.57863409770631,0.00519268715848828,1,1,0.550050427768221,NA,0.999999999999961,1,0.511037460024567,NA,0.999999959898549,1,0.626987622815737,-0.0156607094607345,NA,1,1,"S6","main",1000,70,0.352588811263852,78.6672930937361,0,0.2,0.3,"none",0,45,1
0.533943466837952,0.018806636813765,1,1,0.487297180551702,NA,0.999999999979633,1,0.415107065341737,NA,0.999845679934474,1,0.510370598212932,-0.0336878374149315,NA,1,1,"S6","main",1000,70,0.352588811263852,74.3733966297929,0,0.2,0.3,"none",0,46,1
0.549893408760625,-0.019836893457045,1,1,0.526211672489717,NA,0.999999999999692,1,0.482315234893296,NA,0.99999957461835,1,0.557071348749339,0.0322000639726715,NA,1,1,"S6","main",1000,70,0.352588811263852,77.2522009293652,0,0.2,0.3,"none",0,47,1
0.544720309680495,-0.00255701721532984,1,1,0.402668013617334,NA,0.99999993059834,1,0.365199634099967,NA,0.99880906958454,1,0.410193389710676,-0.0451318523016602,NA,1,1,"S6","main",1000,70,0.352588811263852,70.5145574922841,0,0.2,0.3,"none",0,48,1
0.642113892117254,0.00911380850174884,1,1,0.55736337465732,NA,0.999999999999969,1,0.527528378241749,NA,0.999999997388918,1,0.553813093528278,0.0415045435861717,NA,1,1,"S6","main",1000,70,0.352588811263852,81.6677708553844,0,0.2,0.3,"none",0,49,1
0.556827435023236,0.0050708917334371,1,1,0.469620923845997,NA,0.999999999997375,1,0.42315743150595,NA,0.999997168091082,1,0.479170936320022,0.0678351548687576,NA,1,1,"S6","main",1000,70,0.352588811263852,93.3954104014738,0,0.2,0.3,"none",0,50,1
0.541356901083097,0.0214684691123381,1,1,0.495400205697051,NA,0.999999999998737,1,0.473413344890482,NA,0.999999968587755,1,0.490022123704894,0.0899584899493575,NA,1,1,"S6","main",1000,70,0.352588811263852,87.7176265306821,0,0.2,0.3,"none",0,51,1
0.501635177882634,0.00158330798121852,1,1,0.492149136062948,NA,0.999999999968646,1,0.466513764322007,NA,0.999992669914546,1,0.536401123113017,-0.077340546223642,NA,1,1,"S6","main",1000,70,0.352588811263852,75.9184849660032,0,0.2,0.3,"none",0,52,1
0.538976593196627,-0.00590418235767474,1,1,0.47317430344991,NA,0.999999999748217,1,0.414539031896444,NA,0.999824532696768,1,0.535260741165755,0.0202705557946637,NA,1,1,"S6","main",1000,70,0.352588811263852,75.9745308361601,0,0.2,0.3,"none",0,53,1
0.526652615357556,0.016958482559736,1,1,0.434758572603473,NA,0.999999990036973,1,0.389223943782748,NA,0.999594123108083,1,0.444024314430001,0.156276206741019,NA,1,1,"S6","main",1000,70,0.352588811263852,67.8681684025764,0,0.2,0.3,"none",0,54,1
0.522041893743679,0.00618560578354353,1,1,0.324885948157411,NA,0.999997210254578,1,0.306538407737359,NA,0.992734499952368,1,0.31304980213793,0.0515775978087682,0.000404532777333191,0.999595477386935,1,"S6","main",1000,70,0.352588811263852,89.3712998816729,0,0.2,0.3,"none",0,55,1
0.489427105807913,0.00919361313177216,1,1,0.425297913649016,NA,0.999999999597773,1,0.39263227609028,NA,0.999944141431954,1,0.449445407752284,0.0302317279038433,NA,1,1,"S6","main",1000,70,0.352588811263852,79.9417697619217,0,0.2,0.3,"none",0,56,1
0.556906448312022,-0.00645609366702118,1,1,0.519102853195161,NA,0.999999999998858,1,0.464543401422753,NA,0.999996890330373,1,0.555978620606903,0.0489280065118931,NA,1,1,"S6","main",1000,70,0.352588811263852,77.5795749902267,0,0.2,0.3,"none",0,57,1
0.547898879602648,-0.0184077968030387,1,1,0.541711634368629,NA,0.999999999999997,1,0.499249969565788,NA,0.999999993651308,1,0.584220716722378,-0.0583764232595911,NA,1,1,"S6","main",1000,70,0.352588811263852,84.6526783125274,0,0.2,0.3,"none",0,58,1
0.533046260838449,-0.000441437862108344,1,1,0.407412623701544,NA,0.999999996793146,1,0.376779580568823,NA,0.999907184092049,1,0.46389347359967,-0.00578502824919992,NA,1,1,"S6","main",1000,70,0.352588811263852,89.3658804964412,0,0.2,0.3,"none",0,59,1
0.518716145860179,0.00173608981079465,1,1,0.454399749690402,NA,0.999999999963636,1,0.404103447153248,NA,0.999963696236216,1,0.484929405080828,0.0641919781090125,NA,1,1,"S6","main",1000,70,0.352588811263852,90.4341397723257,0,0.2,0.3,"none",0,60,1
0.565562382384369,0.0259893369619025,1,1,0.515185555232629,NA,0.99999999999896,1,0.47056234916867,NA,0.999996360564988,1,0.535981052639133,0.0543824746430451,NA,1,1,"S6","main",1000,70,0.352588811263852,88.6089372740294,0,0.2,0.3,"none",0,61,1
0.537069118097346,-0.0194840052363894,1,1,0.456759682701469,NA,0.99999999998972,1,0.43400612532818,NA,0.999999477046416,1,0.462795956749138,-0.0164665270913456,NA,1,1,"S6","main",1000,70,0.352588811263852,85.0021762979299,0,0.2,0.3,"none",0,62,1
0.504782418311625,-0.00692443026778789,1,1,0.418316572184732,NA,0.999999999137541,1,0.432122933636149,NA,0.999999833895616,1,0.469443853763416,0.040154782821375,NA,1,1,"S6","main",1000,70,0.352588811263852,89.6221463134979,0,0.2,0.3,"none",0,63,1
0.559034426719455,-0.0162277768132513,1,1,0.488236756495093,NA,0.999999999983687,1,0.454508220413172,NA,0.999998398452014,1,0.50559588394892,-0.00880968440632952,NA,1,1,"S6","main",1000,70,0.352588811263852,83.6721688056755,0,0.2,0.3,"none",0,64,1
0.539119814066025,-0.00236049290480147,1,1,0.552918972564286,NA,1,1,0.502014081079729,NA,0.999999994616055,1,0.661580399359229,-0.0328606703439909,NA,1,1,"S6","main",1000,70,0.352588811263852,87.074773246281,0,0.2,0.3,"none",0,65,1
0.548534652083745,0.0113618944185633,1,1,0.440987299936788,NA,0.999999999955531,1,0.380088322757238,NA,0.999879130063816,1,0.437945430822019,0.0466259144107182,NA,1,1,"S6","main",1000,70,0.352588811263852,95.2136444847563,0,0.2,0.3,"none",0,66,1
0.565851031424838,0.0026501374242858,1,1,0.595031017470227,NA,1,1,0.540473915631309,NA,0.999999997726422,1,0.620319685409927,-0.0406918557452817,NA,1,1,"S6","main",1000,70,0.352588811263852,90.028321822445,0,0.2,0.3,"none",0,67,1
0.575227281659768,0.0373506040823143,1,1,0.464918682760683,NA,0.999999999972491,1,0.441299598769512,NA,0.999998389449118,1,0.492512455785729,-0.0261247721092908,NA,1,1,"S6","main",1000,70,0.352588811263852,89.1296221844012,0,0.2,0.3,"none",0,68,1
0.490694955936158,-0.00617464987800356,1,1,0.447888320929316,NA,0.99999999950671,1,0.428287941387694,NA,0.999995573461699,1,0.49700674414383,-0.046954731878488,NA,1,1,"S6","main",1000,70,0.352588811263852,74.3640259729022,0,0.2,0.3,"none",0,69,1
0.56827420254907,-0.0184068778897907,1,1,0.460985947747873,NA,0.999999999733218,1,0.420412910434493,NA,0.999984698286812,1,0.461138264626332,0.0256881471676752,NA,1,1,"S6","main",1000,70,0.352588811263852,74.585653085522,0,0.2,0.3,"none",0,70,1
0.485495539079393,-0.047086547136131,1,1,0.412815770297785,NA,0.999999999700576,1,0.380058558313948,NA,0.999989365339048,1,0.446104350296978,-0.0920827402801206,NA,1,1,"S6","main",1000,70,0.352588811263852,97.7345317190226,0,0.2,0.3,"none",0,71,1
0.508186199186062,0.00148517119136543,1,1,0.493168943028842,NA,0.999999999903029,1,0.492443788124706,NA,0.999999187433855,1,0.473363840682737,-0.0905550779413868,NA,1,1,"S6","main",1000,70,0.352588811263852,70.7628224568835,0,0.2,0.3,"none",0,72,1
0.511075987895397,-0.00822826503287391,1,1,0.465655029870601,NA,0.999999999921933,1,0.426522311813383,NA,0.999992180767156,1,0.493565048227741,0.0193010366396822,NA,1,1,"S6","main",1000,70,0.352588811263852,78.9167911105078,0,0.2,0.3,"none",0,73,1
0.500910937230946,-0.0150438018584078,1,1,0.42298680040766,NA,0.999999999904857,1,0.395584576146704,NA,0.999993590007869,1,0.414885523498417,0.0118960101234984,NA,1,1,"S6","main",1000,70,0.352588811263852,97.206571537894,0,0.2,0.3,"none",0,74,1
0.475083784564322,-0.00130829072913683,1,1,0.386030567378767,NA,0.999999980624598,1,0.397484584794891,NA,0.999967291062074,1,0.366371312774684,-0.00678294429886058,NA,1,1,"S6","main",1000,70,0.352588811263852,87.3712225608547,0,0.2,0.3,"none",0,75,1
0.529460118028645,0.00316312491343846,1,1,0.524487518418646,NA,0.999999999997636,1,0.502486831590406,NA,0.999999927839665,1,0.541004360631082,-0.0377001307710384,NA,1,1,"S6","main",1000,70,0.352588811263852,71.6849109734824,0,0.2,0.3,"none",0,76,1
0.588924021003052,-0.00246730524159515,1,1,0.557376973937075,NA,0.99999999999996,1,0.512556271790448,NA,0.999999928350228,1,0.6273146377932,-0.0248178632958664,NA,1,1,"S6","main",1000,70,0.352588811263852,73.4445416218647,0,0.2,0.3,"none",0,77,1
0.564592898070716,9.92397477909985e-06,1,1,0.441655804120468,NA,0.999999998837172,1,0.415502012450494,NA,0.999969972752269,1,0.463540465189273,0.0554142794507283,NA,1,1,"S6","main",1000,70,0.352588811263852,78.0015386952522,0,0.2,0.3,"none",0,78,1
0.464726749074291,0.0161786786312455,1,1,0.333992546426637,NA,0.99999578684657,1,0.353845616528641,NA,0.999000942929081,1,0.350475015402685,-0.0203431847360498,NA,1,1,"S6","main",1000,70,0.352588811263852,76.0131003966183,0,0.2,0.3,"none",0,79,1
0.522992612430603,0.000921143439652615,1,1,0.464498266219456,NA,0.99999999959986,1,0.420478613712517,NA,0.999933431355395,1,0.486954686721095,0.0055275181196416,NA,1,1,"S6","main",1000,70,0.352588811263852,71.9401459245759,0,0.2,0.3,"none",0,80,1
0.522401125702229,0.00832863773528035,1,1,0.434943505600551,NA,0.999999998913324,1,0.380906609543422,NA,0.999619323507654,1,0.420176004967615,0.0861461515917756,NA,1,1,"S6","main",1000,70,0.352588811263852,77.1120398278058,0,0.2,0.3,"none",0,81,1
0.552080055385841,0.0078898095853232,1,1,0.492787512994867,NA,0.999999999998488,1,0.418680413623721,NA,0.999919264517139,1,0.52914008671974,-0.0262930378137742,NA,1,1,"S6","main",1000,70,0.352588811263852,86.9340907995771,0,0.2,0.3,"none",0,82,1
0.54466599480657,-0.003609888183008,1,1,0.417330637363153,NA,0.999999993948533,1,0.387005102646586,NA,0.999826668499142,1,0.41394113721795,0.0661121180730794,NA,1,1,"S6","main",1000,70,0.352588811263852,85.8287260033651,0,0.2,0.3,"none",0,83,1
0.529662986163373,0.0126557818858119,1,1,0.504519835832764,NA,0.999999999999896,1,0.490239701585798,NA,0.999999906258928,1,0.574349914519095,0.0471560477487094,NA,1,1,"S6","main",1000,70,0.352588811263852,81.6165860461175,0,0.2,0.3,"none",0,84,1
0.574519428859669,-0.0241726625107985,1,1,0.532941514159235,NA,1,1,0.501383458855502,NA,0.999999999999641,1,0.525711340875087,-0.0136410981804229,NA,1,1,"S6","main",1000,70,0.352588811263852,107.360858227199,0,0.2,0.3,"none",0,85,1
0.548313774427285,-0.0128252020114213,1,1,0.46904917743487,NA,0.999999999997702,1,0.45688502759625,NA,0.99999999164147,1,0.489709452253129,-0.00213821728181244,NA,1,1,"S6","main",1000,70,0.352588811263852,84.5844518557632,0,0.2,0.3,"none",0,86,1
0.519113083331416,0.0191181266783181,1,1,0.411649579860805,NA,0.99999999697716,1,0.366237105990387,NA,0.999649075498965,1,0.40688864667267,-0.0705452601886688,NA,1,1,"S6","main",1000,70,0.352588811263852,90.311246330573,0,0.2,0.3,"none",0,87,1
0.605274092450542,0.00752792443808544,1,1,0.538042320865512,NA,0.999999999999715,1,0.498316216843875,NA,0.999999837869482,1,0.5983164441008,0.0356515712350204,NA,1,1,"S6","main",1000,70,0.352588811263852,79.9023733084931,0,0.2,0.3,"none",0,88,1
0.548976780294011,0.0241803258145898,1,1,0.489817696555375,NA,0.999999999975207,1,0.463798238383522,NA,0.999995998230838,1,0.535777732302059,0.00592296427898357,NA,1,1,"S6","main",1000,70,0.352588811263852,69.2741317751145,0,0.2,0.3,"none",0,89,1
0.532519187297867,-0.00442847375881189,1,1,0.48273728766624,NA,0.999999999999936,1,0.448718575971036,NA,0.999999879400679,1,0.501726723312397,0.0412917813130666,NA,1,1,"S6","main",1000,70,0.352588811263852,103.211665951851,0,0.2,0.3,"none",0,90,1
0.534356127213803,0.0132669679185403,1,1,0.501983922611354,NA,0.999999999997698,1,0.459491237518434,NA,0.999991044015567,1,0.543485254489448,-0.0153307497228139,NA,1,1,"S6","main",1000,70,0.352588811263852,73.4154101210736,0,0.2,0.3,"none",0,91,1
0.56253736483199,0.000189867345394436,1,1,0.408873154395129,NA,0.999999884481587,1,0.348357515179761,NA,0.991421065403246,1,0.43275198200915,0.100655432139887,NA,1,1,"S6","main",1000,70,0.352588811263852,72.512614553984,0,0.2,0.3,"none",0,92,1
0.539539878164815,0.0281880219033274,1,1,0.430477216471599,NA,0.999999998356174,1,0.388250689708904,NA,0.999918981533585,1,0.48213594023029,-0.0196688985758596,NA,1,1,"S6","main",1000,70,0.352588811263852,82.6172734045669,0,0.2,0.3,"none",0,93,1
0.556479901780869,-0.00211908591983298,1,1,0.527993263543767,NA,0.999999999943166,1,0.48950547502914,NA,0.999992581284879,1,0.547097711587436,0.00594761617690494,NA,1,1,"S6","main",1000,70,0.352588811263852,61.1416369863595,0,0.2,0.3,"none",0,94,1
0.528757210940633,0.00291327965056806,1,1,0.431383591957645,NA,0.999999967405883,1,0.420529898466095,NA,0.999824109950997,1,0.435455461278406,-0.0267752423317645,NA,1,1,"S6","main",1000,70,0.352588811263852,74.1840743162728,0,0.2,0.3,"none",0,95,1
0.574897931680516,0.00810920727996539,1,1,0.502093997445274,NA,0.999999999725135,1,0.431645442168548,NA,0.999521192503399,1,0.51720301261349,0.0279664003327519,NA,1,1,"S6","main",1000,70,0.352588811263852,67.5158383787134,0,0.2,0.3,"none",0,96,1
0.524174419809382,4.78140578660544e-05,1,1,0.519340642205912,NA,0.999999999999964,1,0.471812153261645,NA,0.999999773864272,1,0.591509986303895,0.0364381227817279,NA,1,1,"S6","main",1000,70,0.352588811263852,84.5773192345762,0,0.2,0.3,"none",0,97,1
0.508612973157819,0.00760639177796254,1,1,0.448237912848778,NA,0.999999999997379,1,0.417092022850577,NA,0.999999196690242,1,0.49365694313813,0.0440925284981136,NA,1,1,"S6","main",1000,70,0.352588811263852,92.1961620457769,0,0.2,0.3,"none",0,98,1
0.561297174943097,0.00954803533250596,1,1,0.423575841234115,NA,0.999999977934274,1,0.389905693773122,NA,0.99914578319193,1,0.443529064743469,-0.0281577490547437,NA,1,1,"S6","main",1000,70,0.352588811263852,68.9867491415773,0,0.2,0.3,"none",0,99,1
0.533073816061742,-0.00773857380628638,1,1,0.419035525965998,NA,0.999999999975153,1,0.355825338400966,NA,0.999924080608663,1,0.420445649881902,-0.0886658406018081,NA,1,1,"S6","main",1000,70,0.352588811263852,100.198275047669,0,0.2,0.3,"none",0,100,1
0.610529505023172,0.00293669775069762,1,1,0.658837011853304,NA,1,1,0.62528502668743,NA,0.999999999999165,1,0.712994012265822,0.158641139216551,NA,1,1,"S6","main",1000,70,0.352588811263852,81.809786140748,0,0.4,0.3,"none",0,1,1
0.597811579215695,0.00641157674854199,1,1,0.683129705606279,NA,1,1,0.647803396374508,NA,0.999999999999906,1,0.736233538358091,-0.0937697424364898,NA,1,1,"S6","main",1000,70,0.352588811263852,89.4525112594433,0,0.4,0.3,"none",0,2,1
0.587458070315379,0.0268960221198071,1,1,0.65555020776602,NA,1,1,0.612902042965583,NA,0.999999999999896,1,0.668902227861481,0.0481688378329805,NA,1,1,"S6","main",1000,70,0.352588811263852,88.8328445285163,0,0.4,0.3,"none",0,3,1
0.577445373223241,-0.00431687080158301,1,1,0.6305442349003,NA,1,1,0.585885284895991,NA,0.999999999998306,1,0.672047011684879,0.0646476353383587,NA,1,1,"S6","main",1000,70,0.352588811263852,92.0171465167596,0,0.4,0.3,"none",0,4,1
0.591758955217624,0.00707558815364212,1,1,0.601631442391385,NA,1,1,0.532149901915158,NA,0.999999995241313,1,0.668490601663475,-0.0285620306380243,NA,1,1,"S6","main",1000,70,0.352588811263852,80.9513696120737,0,0.4,0.3,"none",0,5,1
0.5814927811622,-0.000140803460902997,1,1,0.62430266387736,NA,1,1,0.599227571911484,NA,0.999999999999018,1,0.686935529966443,-0.00582875331086759,NA,1,1,"S6","main",1000,70,0.352588811263852,82.7592794733658,0,0.4,0.3,"none",0,6,1
0.593651053072628,0.0100780755358559,1,1,0.643384405833507,NA,1,1,0.67017520508706,NA,0.999999999999988,1,0.711462162805877,0.0555670758500962,NA,1,1,"S6","main",1000,70,0.352588811263852,72.0555479603282,0,0.4,0.3,"none",0,7,1
0.586075143912919,0.00887415069516741,1,1,0.63541045552591,NA,1,1,0.576707325028342,NA,0.999999999997134,1,0.683320109317395,0.0180423291485212,NA,1,1,"S6","main",1000,70,0.352588811263852,86.9043104399325,0,0.4,0.3,"none",0,8,1
0.567471932431409,-0.00981330647658639,1,1,0.572123177946857,NA,1,1,0.511046987106555,NA,0.999999997134256,1,0.580431532860273,-0.0125264766727647,NA,1,1,"S6","main",1000,70,0.352588811263852,90.1809768345394,0,0.4,0.3,"none",0,9,1
0.587699850745388,0.0125568789280344,1,1,0.625043060737817,NA,1,1,0.547235074966362,NA,0.999999865351608,1,0.677644269099428,-0.00880089155809422,NA,1,1,"S6","main",1000,70,0.352588811263852,80.2115553174677,0,0.4,0.3,"none",0,10,1
0.536772992081597,0.00811873830749001,1,1,0.616340228869591,NA,1,1,0.558795456746266,NA,0.999999998954478,1,0.664956416963714,0.000847993599723787,NA,1,1,"S6","main",1000,70,0.352588811263852,72.4640723399673,0,0.4,0.3,"none",0,11,1
0.638421864236133,0.00177439311695564,1,1,0.721254502128973,NA,1,1,0.673665562497518,NA,1,1,0.765736440207184,0.0727808415055551,NA,1,1,"S6","main",1000,70,0.352588811263852,106.798018033369,0,0.4,0.3,"none",0,12,1
0.563413874698762,0.0118700859247858,1,1,0.607188453556631,NA,1,1,0.563964819474687,NA,0.99999999994207,1,0.679325140886969,-0.102372320683019,NA,1,1,"S6","main",1000,70,0.352588811263852,85.1348145208044,0,0.4,0.3,"none",0,13,1
0.605176155596584,0.0131654126306574,1,1,0.641516420508701,NA,1,1,0.595038043694751,NA,0.999999999999558,1,0.713353170232853,-0.0163109570328025,NA,1,1,"S6","main",1000,70,0.352588811263852,86.0371740799443,0,0.4,0.3,"none",0,14,1
0.604472456518319,0.000155328117994253,1,1,0.719647985148975,NA,1,1,0.648121715255,NA,0.99999999994862,1,0.853163660557366,0.103522089896905,NA,1,1,"S6","main",1000,70,0.352588811263852,74.8505690016634,0,0.4,0.3,"none",0,15,1
0.589165081521127,0.00530531723349742,1,1,0.53675685774133,NA,0.999999999998914,1,0.460307664364456,NA,0.999984551098695,1,0.568316986849226,-0.0966687343152401,NA,1,1,"S6","main",1000,70,0.352588811263852,77.0704666234099,0,0.4,0.3,"none",0,16,1
0.58954456362628,-0.00731905283374269,1,1,0.614361623816744,NA,1,1,0.547002252553359,NA,0.999999998409196,1,0.658874763043159,0.010850725591439,NA,1,1,"S6","main",1000,70,0.352588811263852,92.797935273352,0,0.4,0.3,"none",0,17,1
0.57920117763593,-0.0166249600518997,1,1,0.657346484061271,NA,1,1,0.604046500970183,NA,0.99999999995628,1,0.750493511836957,-0.0697187290905189,NA,1,1,"S6","main",1000,70,0.352588811263852,86.4439726881308,0,0.4,0.3,"none",0,18,1
0.588551628518003,0.0185038839606476,1,1,0.61466375264872,NA,1,1,0.557692747816596,NA,0.999999999867797,1,0.688420538196747,0.0162909721905147,NA,1,1,"S6","main",1000,70,0.352588811263852,89.5413032607075,0,0.4,0.3,"none",0,19,1
0.604265691215091,0.0073109279355184,1,1,0.740834109187754,NA,1,1,0.713188074700537,NA,1,1,0.761357469295684,0.0216422092220747,NA,1,1,"S6","main",1000,70,0.352588811263852,86.133178036932,0,0.4,0.3,"none",0,20,1
0.596984643202887,0.0163699317615188,1,1,0.647846313206567,NA,1,1,0.588160094035157,NA,0.999999999999908,1,0.700535025117892,0.0347443494257521,NA,1,1,"S6","main",1000,70,0.352588811263852,84.9509883156922,0,0.4,0.3,"none",0,21,1
0.557210757223922,0.00137881802388472,1,1,0.558937279481448,NA,0.999999999999522,1,0.535782361876848,NA,0.999999851384669,1,0.560989105241585,-0.117168729775403,NA,1,1,"S6","main",1000,70,0.352588811263852,70.2503124881185,0,0.4,0.3,"none",0,22,1
0.597230218674181,0.0034891878705008,1,1,0.733907236504113,NA,1,1,0.669472459904609,NA,0.999999999998441,1,0.767655996842562,-0.0829606747353651,NA,1,1,"S6","main",1000,70,0.352588811263852,69.4753326534109,0,0.4,0.3,"none",0,23,1
0.659098227822934,0.0100661028359216,1,1,0.692314816644662,NA,1,1,0.63678496554541,NA,0.999999999999998,1,0.708075796549176,0.140070083176632,NA,1,1,"S6","main",1000,70,0.352588811263852,86.5870536563962,0,0.4,0.3,"none",0,24,1
0.569210386759039,-0.0295408082870624,1,1,0.627622362331269,NA,1,1,0.576278905535171,NA,0.999999999249325,1,0.720468760230063,-0.029294559549064,NA,1,1,"S6","main",1000,70,0.352588811263852,84.1451388820257,0,0.4,0.3,"none",0,25,1
0.585884576187104,-0.0177370297477754,1,1,0.624504208327742,NA,1,1,0.592584200119924,NA,0.999999999999233,1,0.6806001663093,0.038773177399445,NA,1,1,"S6","main",1000,70,0.352588811263852,91.8219450528852,0,0.4,0.3,"none",0,26,1
0.565361523639909,-0.0154372570744837,1,1,0.593373475253257,NA,1,1,0.534788184110318,NA,0.99999999702722,1,0.664303314385988,0.0399712998252036,NA,1,1,"S6","main",1000,70,0.352588811263852,85.7007826394375,0,0.4,0.3,"none",0,27,1
0.608826896823815,0.0153050636015257,1,1,0.649029061475675,NA,1,1,0.599326154052418,NA,0.999999999999913,1,0.697861122627751,0.0366607691516972,NA,1,1,"S6","main",1000,70,0.352588811263852,89.0501651459159,0,0.4,0.3,"none",0,28,1
0.63351492071317,-0.0153814547217319,1,1,0.690251938407632,NA,1,1,0.634300101545831,NA,0.99999999999715,1,0.747092041581188,-0.0209411358327749,NA,1,1,"S6","main",1000,70,0.352588811263852,82.0495655696617,0,0.4,0.3,"none",0,29,1
0.609268416606424,0.00925869197132175,1,1,0.609892430832826,NA,1,1,0.553185989895357,NA,0.999999998314935,1,0.634131827975152,0.0951250484883941,NA,1,1,"S6","main",1000,70,0.352588811263852,84.2147153560498,0,0.4,0.3,"none",0,30,1
0.568342984277163,-0.0106045899837192,1,1,0.625479274072834,NA,1,1,0.582148961833729,NA,0.999999999973877,1,0.690586331138215,0.0154532625848901,NA,1,1,"S6","main",1000,70,0.352588811263852,79.2692648552361,0,0.4,0.3,"none",0,31,1
0.602492218036635,0.013447014933846,1,1,0.624531184289993,NA,1,1,0.562630889019708,NA,0.999999998009966,1,0.70125019566872,-0.0486344051253052,NA,1,1,"S6","main",1000,70,0.352588811263852,68.9263214407371,0,0.4,0.3,"none",0,32,1
0.565904693513826,0.00520535564978449,1,1,0.542919792013748,NA,0.999999999999997,1,0.449238412376229,NA,0.999997933730801,1,0.601578953982511,0.0767309614783407,NA,1,1,"S6","main",1000,70,0.352588811263852,83.6841531046968,0,0.4,0.3,"none",0,33,1
0.607911561427812,-0.0268573280588931,1,1,0.681610368698152,NA,1,1,0.618384448474722,NA,0.999999999999924,1,0.751914281772524,-0.0182863981738357,NA,1,1,"S6","main",1000,70,0.352588811263852,89.1558742910562,0,0.4,0.3,"none",0,34,1
0.553769102330675,0.0088780784554822,1,1,0.592533553411688,NA,1,1,0.535888744081295,NA,0.999999998926385,1,0.658190226220604,0.0121254017945101,NA,1,1,"S6","main",1000,70,0.352588811263852,83.462195453035,0,0.4,0.3,"none",0,35,1
0.60094770575593,0.00762800880765315,1,1,0.697904929169981,NA,1,1,0.651524160922832,NA,1,1,0.774104463880083,0.0116144077523914,NA,1,1,"S6","main",1000,70,0.352588811263852,108.908475814112,0,0.4,0.3,"none",0,36,1
0.609829631225355,0.00562570129858969,1,1,0.713729780794733,NA,1,1,0.674095467485565,NA,0.999999999999166,1,0.805118008455666,0.0270437668651666,NA,1,1,"S6","main",1000,70,0.352588811263852,75.6109407089977,0,0.4,0.3,"none",0,37,1
0.601459948404578,-0.0355340688421044,1,1,0.648479850688891,NA,1,1,0.602818226219946,NA,0.999999999999453,1,0.728155812195056,0.0996484535651288,NA,1,1,"S6","main",1000,70,0.352588811263852,104.657370870409,0,0.4,0.3,"none",0,38,1
0.530500597658859,0.0210696359197588,1,1,0.551145507629975,NA,1,1,0.497224509961598,NA,0.999999976043776,1,0.595989390857805,0.00716162288788226,NA,1,1,"S6","main",1000,70,0.352588811263852,89.2429529648627,0,0.4,0.3,"none",0,39,1
0.611699858346789,-0.00186435891267254,1,1,0.659038392544079,NA,1,1,0.611201723139308,NA,0.999999999422354,1,0.678576860272493,-0.00271940355220875,NA,1,1,"S6","main",1000,70,0.352588811263852,64.5505267342297,0,0.4,0.3,"none",0,40,1
0.581556098616976,-0.000215306292451762,1,1,0.636006455475286,NA,1,1,0.600091016063025,NA,0.999999999999132,1,0.659842344140968,-0.0514811363891055,NA,1,1,"S6","main",1000,70,0.352588811263852,80.4427912728255,0,0.4,0.3,"none",0,41,1
0.611237979463363,-0.0364705221691215,1,1,0.630639770113253,NA,1,1,0.586063261823255,NA,0.99999999948441,1,0.662855103304478,-0.0512218948042089,NA,1,1,"S6","main",1000,70,0.352588811263852,82.0889015014757,0,0.4,0.3,"none",0,42,1
0.552789887485704,0.000657045051397115,1,1,0.56433112532466,NA,0.999999999999998,1,0.560796098238834,NA,0.999999999967385,1,0.588112357585547,0.0548976001422614,NA,1,1,"S6","main",1000,70,0.352588811263852,75.2106819539559,0,0.4,0.3,"none",0,43,1
0.632493588950184,-0.00683403712842787,1,1,0.718086986757584,NA,1,1,0.673242103483211,NA,0.999999999999943,1,0.783591254477139,-0.105229558966127,NA,1,1,"S6","main",1000,70,0.352588811263852,80.633128997196,0,0.4,0.3,"none",0,44,1
0.565585770000246,-0.0145930773885047,1,1,0.568105702502725,NA,0.999999999999997,1,0.527580279598107,NA,0.999999982201465,1,0.585181327511217,-0.0172299396002234,NA,1,1,"S6","main",1000,70,0.352588811263852,79.3640857825317,0,0.4,0.3,"none",0,45,1
0.623902447441372,0.00873726376853946,1,1,0.691486161666773,NA,1,1,0.617924056520198,NA,0.999999999988978,1,0.734987048843626,-0.0294284006129428,NA,1,1,"S6","main",1000,70,0.352588811263852,87.2644074127224,0,0.4,0.3,"none",0,46,1
0.603730467305185,-0.0129404497119331,1,1,0.637505475481093,NA,1,1,0.599002168057,NA,0.99999999997608,1,0.670919962143419,0.115175124840177,NA,1,1,"S6","main",1000,70,0.352588811263852,85.8655227061943,0,0.4,0.3,"none",0,47,1
0.588065894713375,-0.00987058195393072,1,1,0.631715122118432,NA,1,1,0.563552052466176,NA,0.999999999970686,1,0.682009382584833,0.0443208225977076,NA,1,1,"S6","main",1000,70,0.352588811263852,89.4025537889325,0,0.4,0.3,"none",0,48,1
0.643871972315284,0.0113338065438475,1,1,0.655102039560489,NA,1,1,0.597474466575936,NA,0.999999999773233,1,0.699488688718614,0.0413954918533966,NA,1,1,"S6","main",1000,70,0.352588811263852,73.378233936935,0,0.4,0.3,"none",0,49,1
0.568978296888643,-0.00791686840589297,1,1,0.59060341573806,NA,1,1,0.513352665043684,NA,0.99999999549057,1,0.636919799879483,-0.0349345892177747,NA,1,1,"S6","main",1000,70,0.352588811263852,90.0805958221053,0,0.4,0.3,"none",0,50,1
0.58604499072788,-0.00698440563750572,1,1,0.687602598163114,NA,1,1,0.632663223290618,NA,0.999999999999864,1,0.74996438445405,-0.0462961744508501,NA,1,1,"S6","main",1000,70,0.352588811263852,94.2681903574332,0,0.4,0.3,"none",0,51,1
0.596223321465217,-0.0115871673454276,1,1,0.641952532203301,NA,0.999999999999999,1,0.599852825125833,NA,0.99999999616823,1,0.711718085807937,-0.0410370089385477,NA,1,1,"S6","main",1000,70,0.352588811263852,67.0833855526848,0,0.4,0.3,"none",0,52,1
0.610779635448573,0.0197496328757891,1,1,0.689439869484016,NA,1,1,0.643876097799847,NA,0.999999999988803,1,0.754983568783799,0.00942368783954283,NA,1,1,"S6","main",1000,70,0.352588811263852,67.3568295065956,0,0.4,0.3,"none",0,53,1
0.596901235299552,-0.00951842257610791,1,1,0.670628403606474,NA,1,1,0.618879584469036,NA,0.999999999999969,1,0.785951803126706,0.0844121235443966,NA,1,1,"S6","main",1000,70,0.352588811263852,90.3658019584265,0,0.4,0.3,"none",0,54,1
0.585981554950499,0.0174794453540191,1,1,0.71406671097531,NA,1,1,0.660570345502552,NA,0.999999999999987,1,0.801837508667788,-0.00830429139430098,NA,1,1,"S6","main",1000,70,0.352588811263852,76.9494556495827,0,0.4,0.3,"none",0,55,1
0.592260402878485,0.00720957489353631,1,1,0.640831127647845,NA,1,1,0.569297230221007,NA,0.999999999888202,1,0.719199259290942,0.014314070212641,NA,1,1,"S6","main",1000,70,0.352588811263852,83.1132648197522,0,0.4,0.3,"none",0,56,1
0.628803043471846,-0.00942964493800528,1,1,0.737570884912156,NA,1,1,0.677784686169538,NA,0.999999999999999,1,0.837699913694548,0.0436019215504681,NA,1,1,"S6","main",1000,70,0.352588811263852,87.8167007769002,0,0.4,0.3,"none",0,57,1
0.623789018106858,0.0139793325603306,1,1,0.665489582134939,NA,1,1,0.577323229093228,NA,0.999999999998854,1,0.715904230374226,-0.00356125816697985,NA,1,1,"S6","main",1000,70,0.352588811263852,97.2805451623622,0,0.4,0.3,"none",0,58,1
0.595370781904506,0.00185659249315236,1,1,0.629373933520685,NA,1,1,0.549473808688149,NA,0.999999999838784,1,0.71158067726258,0.0677171403128239,NA,1,1,"S6","main",1000,70,0.352588811263852,101.754572682607,0,0.4,0.3,"none",0,59,1
0.590790602826799,0.0128508320571164,1,1,0.590742224342367,NA,0.999999999999869,1,0.583198852504471,NA,0.999999894760878,1,0.643161722345595,0.104500914756333,NA,1,1,"S6","main",1000,70,0.352588811263852,66.6124436730643,0,0.4,0.3,"none",0,60,1
0.575124276806067,0.00545848240475165,1,1,0.766328942718386,NA,1,1,0.696586072118513,NA,0.999999999999724,1,0.818151827542477,0.0481165940168097,NA,1,1,"S6","main",1000,70,0.352588811263852,63.4681581586599,0,0.4,0.3,"none",0,61,1
0.610144220869096,0.0114566083465517,1,1,0.67520446152539,NA,1,1,0.592871336518064,NA,0.99999999999618,1,0.684189649658561,0.0772187558235209,NA,1,1,"S6","main",1000,70,0.352588811263852,95.0700867763832,0,0.4,0.3,"none",0,62,1
0.577221496993948,-0.0139061154586842,1,1,0.597639251386682,NA,1,1,0.533012294856522,NA,0.999999973476611,1,0.621646631184162,0.0531688966335221,NA,1,1,"S6","main",1000,70,0.352588811263852,89.6220034111325,0,0.4,0.3,"none",0,63,1
0.57977438201135,0.00109733194122704,1,1,0.58656814367949,NA,0.999999999999612,1,0.540442584949668,NA,0.999999895879128,1,0.625009165579118,-0.0747998701157117,NA,1,1,"S6","main",1000,70,0.352588811263852,64.6172094468731,0,0.4,0.3,"none",0,64,1
0.63906994149354,0.00362640367474649,1,1,0.747455094759331,NA,1,1,0.724404516027485,NA,0.999999999999543,1,0.76836150342092,0.196722721046464,NA,1,1,"S6","main",1000,70,0.352588811263852,70.3065691157846,0,0.4,0.3,"none",0,65,1
0.57522523326453,-0.0015689233674801,1,1,0.588359822578422,NA,1,1,0.529304699037021,NA,0.99999999826718,1,0.62785139061825,-0.00888559098113339,NA,1,1,"S6","main",1000,70,0.352588811263852,79.5686791862042,0,0.4,0.3,"none",0,66,1
0.620672992386519,0.0114755994931756,1,1,0.632273817998935,NA,1,1,0.595452703879952,NA,0.99999999981346,1,0.710264003733406,0.0314010451294765,NA,1,1,"S6","main",1000,70,0.352588811263852,80.3266179994679,0,0.4,0.3,"none",0,67,1
0.607610266966622,0.0133843587078645,1,1,0.681373802301947,NA,1,1,0.624298662181226,NA,0.999999999997673,1,0.763483956912037,0.024565989374951,NA,1,1,"S6","main",1000,70,0.352588811263852,77.8939527091951,0,0.4,0.3,"none",0,68,1
0.593138753754077,0.00405731926975409,1,1,0.6382950516817,NA,1,1,0.62062248477621,NA,0.999999999979028,1,0.64370185426815,0.0270357815438363,NA,1,1,"S6","main",1000,70,0.352588811263852,66.2785891051602,0,0.4,0.3,"none",0,69,1
0.582332238141667,0.00519119066309295,1,1,0.614125839358561,NA,1,1,0.570980965570718,NA,0.999999999863874,1,0.703498470420366,0.0106935663321305,NA,1,1,"S6","main",1000,70,0.352588811263852,81.3527745691748,0,0.4,0.3,"none",0,70,1
0.585695653989868,-0.0126526853523907,1,1,0.613055311827645,NA,1,1,0.550147579408131,NA,0.999999999993916,1,0.66148345536358,0.00491114147645897,NA,1,1,"S6","main",1000,70,0.352588811263852,111.16430955138,0,0.4,0.3,"none",0,71,1
0.62795634114634,-0.0183422851683943,1,1,0.714144177413615,NA,1,1,0.662153054289063,NA,1,1,0.771570755382297,-0.0951248639458015,NA,1,1,"S6","main",1000,70,0.352588811263852,96.6641062832757,0,0.4,0.3,"none",0,72,1
0.602172025299236,-0.0403967527467704,1,1,0.681903232778395,NA,1,1,0.612834076508495,NA,0.999999999995083,1,0.721472800054487,-0.059994132597905,NA,1,1,"S6","main",1000,70,0.352588811263852,86.7522884729362,0,0.4,0.3,"none",0,73,1
0.538335173550521,-0.0245611255382463,1,1,0.60255852882125,NA,1,1,0.525084330115174,NA,0.999999990667154,1,0.655116946761216,-0.123844903806801,NA,1,1,"S6","main",1000,70,0.352588811263852,88.7209579240022,0,0.4,0.3,"none",0,74,1
0.603961360379473,-0.015566026928295,1,1,0.658467671210005,NA,1,1,0.623070264941014,NA,0.999999999484595,1,0.719618107644918,-0.00133976596238502,NA,1,1,"S6","main",1000,70,0.352588811263852,68.868851836905,0,0.4,0.3,"none",0,75,1
0.596462761294896,-0.00865952350392282,1,1,0.663534791935437,NA,1,1,0.592750074899758,NA,0.999999996676064,1,0.737933648761536,-0.000676396282342695,NA,1,1,"S6","main",1000,70,0.352588811263852,74.1761845354791,0,0.4,0.3,"none",0,76,1
0.62141239669905,-0.00630390579190812,1,1,0.621861065464854,NA,1,1,0.580658893567083,NA,0.999999999981548,1,0.666251408948478,-0.0749962058235584,NA,1,1,"S6","main",1000,70,0.352588811263852,87.2003627863604,0,0.4,0.3,"none",0,77,1
0.622675194433763,0.0105022845487907,1,1,0.685501092505837,NA,1,1,0.608563164599011,NA,0.999999999999995,1,0.756504088992775,0.106061705388679,NA,1,1,"S6","main",1000,70,0.352588811263852,94.1452327077049,0,0.4,0.3,"none",0,78,1
0.574947420091416,0.00385018171221771,1,1,0.619814658315424,NA,1,1,0.597628073195811,NA,0.999999999911077,1,0.703906256784239,0.00186656489801679,NA,1,1,"S6","main",1000,70,0.352588811263852,85.3158855103959,0,0.4,0.3,"none",0,79,1
0.514319124323119,0.0189659407606655,1,1,0.64728831718729,NA,1,1,0.600302275880809,NA,0.999999999992122,1,0.693764997781141,-0.096870274959169,NA,1,1,"S6","main",1000,70,0.352588811263852,77.958807238959,0,0.4,0.3,"none",0,80,1
0.591099756283682,-0.00292149721970798,1,1,0.592958200398766,NA,1,1,0.571337755376418,NA,0.999999999699521,1,0.622044660698476,0.0571187703120326,NA,1,1,"S6","main",1000,70,0.352588811263852,81.0829666819322,0,0.4,0.3,"none",0,81,1
0.569590116612024,0.00410605510967819,1,1,0.660972289087136,NA,1,1,0.615352407505177,NA,0.999999999962375,1,0.717210065172432,0.0806368583327155,NA,1,1,"S6","main",1000,70,0.352588811263852,76.0912990377437,0,0.4,0.3,"none",0,82,1
0.604748012757452,0.00999242895135373,1,1,0.614630654244711,NA,1,1,0.581094799263622,NA,0.999999999987922,1,0.589083066319338,0.109073757066181,NA,1,1,"S6","main",1000,70,0.352588811263852,84.3280789047353,0,0.4,0.3,"none",0,83,1
0.591395600430724,0.00818369692953849,1,1,0.745555846547474,NA,1,1,0.718570044207968,NA,0.999999999999994,1,0.797288685786896,-0.08885188691829,NA,1,1,"S6","main",1000,70,0.352588811263852,80.5736192085359,0,0.4,0.3,"none",0,84,1
0.582024857850246,-0.0180774794084259,1,1,0.625045608265145,NA,1,1,0.581456348349259,NA,0.999999999999942,1,0.690495798091623,0.0181171439411638,NA,1,1,"S6","main",1000,70,0.352588811263852,102.25050021319,0,0.4,0.3,"none",0,85,1
0.574780909561134,0.0205338666922015,1,1,0.682145960537948,NA,1,1,0.592380118471007,NA,0.999999999795737,1,0.760064239084539,0.0916433852363597,NA,1,1,"S6","main",1000,70,0.352588811263852,79.4118957052543,0,0.4,0.3,"none",0,86,1
0.572778529667343,0.00657657761741136,1,1,0.602949558305011,NA,1,1,0.541302627600251,NA,0.999999999173436,1,0.665564881159711,-0.0825502350015177,NA,1,1,"S6","main",1000,70,0.352588811263852,83.4760284136002,0,0.4,0.3,"none",0,87,1
0.611715952084707,-0.00591723245743904,1,1,0.676647819593023,NA,1,1,0.604470946516755,NA,0.999999999185703,1,0.730060858563326,0.00501367785790158,NA,1,1,"S6","main",1000,70,0.352588811263852,72.923869103722,0,0.4,0.3,"none",0,88,1
0.604040070777946,-0.00461207377852471,1,1,0.635967903467285,NA,1,1,0.562518823084897,NA,0.999999999925749,1,0.648114841152946,-0.0446550036315597,NA,1,1,"S6","main",1000,70,0.352588811263852,90.3611212958601,0,0.4,0.3,"none",0,89,1
0.599844307100317,0.035243265164167,1,1,0.642597777423938,NA,1,1,0.588684836064554,NA,0.999999999999971,1,0.693842635845004,0.0834084281237867,NA,1,1,"S6","main",1000,70,0.352588811263852,103.329627307124,0,0.4,0.3,"none",0,90,1
0.615411425493048,-0.0150343039109624,1,1,0.647207840661265,NA,1,1,0.571624197933155,NA,0.999999999495052,1,0.715535921060616,-0.0860393197648237,NA,1,1,"S6","main",1000,70,0.352588811263852,82.4926192784205,0,0.4,0.3,"none",0,91,1
0.538432887051186,0.0190310093935693,1,1,0.589642697656328,NA,1,1,0.521015481658327,NA,0.999999998001372,1,0.658738103349771,-0.058617727261295,NA,1,1,"S6","main",1000,70,0.352588811263852,81.0265228262185,0,0.4,0.3,"none",0,92,1
0.586769275938623,-0.000953506026607876,1,1,0.66252627720643,NA,1,1,0.625431134476008,NA,0.999999999999999,1,0.711512683711082,-0.0961660448278726,NA,1,1,"S6","main",1000,70,0.352588811263852,101.00590272281,0,0.4,0.3,"none",0,93,1
0.584658069009109,-0.00582088970374621,1,1,0.601206840160287,NA,1,1,0.549898369601873,NA,0.999999999873737,1,0.681008384011064,-0.0240657224290262,NA,1,1,"S6","main",1000,70,0.352588811263852,81.8825022023607,0,0.4,0.3,"none",0,94,1
0.576473252905598,0.0267719039169716,1,1,0.655774061310284,NA,1,1,0.619151067568623,NA,0.999999999998593,1,0.66130338525141,-0.00857464291920625,NA,1,1,"S6","main",1000,70,0.352588811263852,83.1159611155623,0,0.4,0.3,"none",0,95,1
0.570515870442217,-0.0176926502085614,1,1,0.595931338912875,NA,1,1,0.584293001525375,NA,0.999999999998948,1,0.675488284538994,0.102177318274234,NA,1,1,"S6","main",1000,70,0.352588811263852,87.5254897601714,0,0.4,0.3,"none",0,96,1
0.557149724650871,0.0321756043792296,1,1,0.605825186310933,NA,1,1,0.563675128949226,NA,0.999999999932686,1,0.66187476746707,-0.0335230189441384,NA,1,1,"S6","main",1000,70,0.352588811263852,79.3543803181674,0,0.4,0.3,"none",0,97,1
0.579759563126023,0.00115090854004716,1,1,0.660567846782069,NA,1,1,0.600936147701002,NA,0.999999999997876,1,0.715450657962418,0.0233212002299878,NA,1,1,"S6","main",1000,70,0.352588811263852,84.3288129980091,0,0.4,0.3,"none",0,98,1
0.613594120108157,0.0024804762305899,1,1,0.704756774750346,NA,1,1,0.671642176981947,NA,0.999999999999988,1,0.740360808397943,-0.00534716062147159,NA,1,1,"S6","main",1000,70,0.352588811263852,74.135597381782,0,0.4,0.3,"none",0,99,1
0.597818139198781,-0.0217252402769608,1,1,0.600129292858828,NA,1,1,0.562486636634648,NA,0.999999999053432,1,0.63570579255046,-0.120733284274694,NA,1,1,"S6","main",1000,70,0.352588811263852,85.95700622542,0,0.4,0.3,"none",0,100,1
