"OLS_beta_X","OLS_beta_XZ","OLS_score","OLS_reject","MVMR_beta_X","MVMR_beta_XZ","MVMR_score","MVMR_reject","MRBMA_beta_X","MRBMA_beta_XZ","MRBMA_score","MRBMA_reject","MR_beta_X","MR_beta_XZ","MR_pip_mcse","MR_score","MR_reject","scenario","arm","n","target_F","pi_val","F_observed","iv_corr","pleio_frac","pleio_delta","nl_form","nl_coef","rep_id","gamma_true"
0.331462749500132,0.020805395776679,0.99999999999675,1,0.295454055647633,NA,0.714045155722105,0,0.0136353930392967,NA,0.0481632248416456,0,0.133459531875696,-0.160196265164188,0.0142599557354475,0.400542713567839,0,"S4","null",500,1,0.0598708725920102,3.93227514694865,0,0,0,"none",0,1,0
0.174224604253185,-0.00904817448703797,0.999859940902108,1,-0.396539994153378,NA,0.693580859170552,0,-0.00155801330146147,NA,0.0345238146302407,0,-0.117021921192863,-0.00104977449235473,0.0110507754095129,0.251188442211055,0,"S4","null",500,1,0.0598708725920102,1.25145427462899,0,0,0,"none",0,2,0
0.20347776738256,0.0109460813558652,0.999979772802697,1,0.571965035130331,NA,0.925842717596192,0,0.0228406981351437,NA,0.0565400524256583,0,0.138563112237011,0.0155702099554099,0.0100376046963438,0.231266331658291,0,"S4","null",500,1,0.0598708725920102,0.972221314633362,0,0,0,"none",0,3,0
0.265025316455171,-0.0308817442144909,0.999999999349582,1,0.572564469147337,NA,0.942661435646071,0,0.267878230897281,NA,0.392227238876092,0,0.780576664697484,-0.163125735894419,0.0163703737331107,0.866231155778894,1,"S4","null",500,1,0.0598708725920102,2.41347282324779,0,0,0,"none",0,4,0
0.230152530229302,-0.0556309348968773,0.999999996617042,1,0.25960551875221,NA,0.63650446908778,0,-0.00108644805901712,NA,0.036769138997984,0,3.1886417153684e-05,-0.0305863313636553,0.0104138763165775,0.210188442211055,0,"S4","null",500,1,0.0598708725920102,2.23361004363037,0,0,0,"none",0,5,0
0.239559486276721,0.00999657505988495,0.999999180970175,1,0.224642739083722,NA,0.483690589645037,0,0.0429981470898657,NA,0.0840151164296477,0,0.0306334097182093,-0.00631825659124869,0.00701680546025221,0.135128140703518,0,"S4","null",500,1,0.0598708725920102,1.73062816275306,0,0,0,"none",0,6,0
0.20014022521602,-0.0320016970798594,0.999997893327751,1,0.156949344886396,NA,0.41619959065886,0,-0.00606137463481447,NA,0.0403276827311919,0,-0.00173011674686739,0.0070060596952807,0.00313713999347174,0.084213567839196,0,"S4","null",500,1,0.0598708725920102,3.90885864247369,0,0,0,"none",0,7,0
0.175072457829703,0.0686753422481372,0.999991768274065,1,0.397744466754272,NA,0.850494553604906,0,0.155700677105668,NA,0.291481370247085,0,0.159223087477521,0.144825376143351,0.0142567171596733,0.477638190954774,0,"S4","null",500,1,0.0598708725920102,1.86956429716872,0,0,0,"none",0,8,0
0.29676051076719,0.0733878538132913,0.999999999651704,1,0.945709407475659,NA,0.941610147327355,0,0.0552750746583425,NA,0.0761706259632185,0,1.07652775078404,0.0985617533304657,0.0206605120495182,0.824085427135678,1,"S4","null",500,1,0.0598708725920102,0.601756775794339,0,0,0,"none",0,9,0
0.290272578072554,-0.000748165709083763,0.999999999976656,1,0.0813739735070606,NA,0.118622520161389,0,0.0805740988047949,NA,0.120983160821781,0,0.0555898877943737,-0.00407252152393543,0.00784333974986896,0.152907035175879,0,"S4","null",500,1,0.0598708725920102,1.81003306590897,0,0,0,"none",0,10,0
0.20452046001703,0.0483314715744619,0.999994006175708,1,0.171900804471881,NA,0.484029077202453,0,0.00713929912548666,NA,0.039267009618941,0,0.0775837987514897,-0.0524258455883394,0.0130678932314727,0.213211055276382,0,"S4","null",500,1,0.0598708725920102,4.40155030881072,0,0,0,"none",0,11,0
0.172184616814767,-0.0110702032592122,0.99896286904472,1,-0.0389746910487943,NA,0.095477246170542,0,-0.0246442992723848,NA,0.0559800841483643,0,-0.126435778207398,-0.0467902730224485,0.00917867688381795,0.250678391959799,0,"S4","null",500,1,0.0598708725920102,1.12470732404879,0,0,0,"none",0,12,0
0.263338882889268,-0.030104428050552,0.999999998881727,1,-0.203651108168797,NA,0.344921929165519,0,-0.00247290540075983,NA,0.0331682047133467,0,0.000637898004838335,-0.0213429276754482,0.00645793556253642,0.118379396984925,0,"S4","null",500,1,0.0598708725920102,0.993765608106933,0,0,0,"none",0,13,0
0.214364653872168,-0.0395348767404106,0.999989007335015,1,0.204676446114477,NA,0.477713116479162,0,0.0146484947141387,NA,0.0518027113842981,0,0.0235770516612194,0.00368575248090537,0.0037578492595328,0.0922211055276382,0,"S4","null",500,1,0.0598708725920102,3.92304850222766,0,0,0,"none",0,14,0
0.218097428193849,-0.046126913023032,0.999996687918916,1,0.0607795656159122,NA,0.176049020296406,0,0.0177074372955193,NA,0.059007644752466,0,0.102666643627526,-0.103640953614,0.0151563082854207,0.347904522613065,0,"S4","null",500,1,0.0598708725920102,4.91677567479857,0,0,0,"none",0,15,0
0.263409534205386,0.00780814830073593,0.999999967663375,1,-0.069012229762315,NA,0.168374156867717,0,0.0167026268821892,NA,0.0612669980981461,0,0.0708664267857902,-0.0030248947870992,0.0121378523620482,0.200133165829146,0,"S4","null",500,1,0.0598708725920102,5.74850352325791,0,0,0,"none",0,16,0
0.25958417832813,-0.0134864525848083,0.999999996247035,1,-0.107831852309558,NA,0.229033877840479,0,5.81626378222335e-05,NA,0.0361672547286896,0,-0.0462238983150813,-0.0038828497960577,0.00738430687804101,0.148251256281407,0,"S4","null",500,1,0.0598708725920102,1.08992712537544,0,0,0,"none",0,17,0
0.226663040295228,0.0143108198972131,0.999999938849151,1,0.177406234146085,NA,0.540512349088938,0,-0.000873687782677594,NA,0.0331410456132843,0,-0.00501397301762504,-0.0182645023120284,0.00463432852939931,0.0990577889447236,0,"S4","null",500,1,0.0598708725920102,4.86239206888568,0,0,0,"none",0,18,0
0.30569626511666,-0.0182231986514814,0.99999999988303,1,0.00110526045791663,NA,0.00190421646547789,0,0.0335716595593143,NA,0.0666292030469947,0,0.390370298807341,-0.156307071209247,0.0166389821671368,0.619417085427136,1,"S4","null",500,1,0.0598708725920102,1.38723180344563,0,0,0,"none",0,19,0
0.264364746342067,0.0255715898997127,0.999999999402406,1,0.54597007676633,NA,0.907141443242685,0,0.105982146648399,NA,0.164794409443876,0,0.446957447523476,-0.0367786002444691,0.0190824380574969,0.566693467336683,1,"S4","null",500,1,0.0598708725920102,1.63421832030829,0,0,0,"none",0,20,0
0.292294478631233,0.00191098153385128,0.999999999424885,1,0.0587012695808261,NA,0.121960175999179,0,0.0140849241946172,NA,0.0444860413111603,0,-0.0218404647634602,-0.00823898060969382,0.0090638617536844,0.193173366834171,0,"S4","null",500,1,0.0598708725920102,1.02578385730198,0,0,0,"none",0,21,0
0.255652013946883,-0.00411522718846051,0.999999994117439,1,0.286381855792956,NA,0.545139867352985,0,0.007970251865197,NA,0.0384789789831482,0,0.0296773547010075,-0.0263328830708517,0.00721277426227794,0.133540201005025,0,"S4","null",500,1,0.0598708725920102,1.98101842801234,0,0,0,"none",0,22,0
0.268106631822455,-0.00438914015308389,0.999999996000871,1,0.409187781920001,NA,0.778220454760137,0,0.0217781219164811,NA,0.0562887006249748,0,-0.114907195477794,0.0898067588680833,0.0116698215940098,0.31194472361809,0,"S4","null",500,1,0.0598708725920102,1.41680045121298,0,0,0,"none",0,23,0
0.178840419592049,0.00540157211296461,0.999320352362264,1,-0.228728715041965,NA,0.502842490853439,0,0.00019737995035964,NA,0.0330466303311447,0,-0.0276785710034862,0.0251536634476769,0.00837963215918458,0.158701005025126,0,"S4","null",500,1,0.0598708725920102,2.49259036774023,0,0,0,"none",0,24,0
0.356373072821423,-0.000499571346124781,0.999999999999996,1,0.348698686332328,NA,0.742557896339263,0,0.103892562131495,NA,0.198615530802272,0,0.104320185584418,0.0151408888897728,0.00821122994955969,0.240449748743719,0,"S4","null",500,1,0.0598708725920102,3.45220354164804,0,0,0,"none",0,25,0
0.185512268686462,-0.0146213989008381,0.999932832575371,1,-0.0595078143175353,NA,0.178263106463555,0,0.00430523257952513,NA,0.0361921498504518,0,0.0396862973112995,0.0119826130499702,0.00797920450579394,0.142190954773869,0,"S4","null",500,1,0.0598708725920102,3.27578558421399,0,0,0,"none",0,26,0
0.248292009619253,0.0433531515724782,0.999999978737911,1,0.550512832508714,NA,0.873423013577467,0,0.0768966219712212,NA,0.122382845906006,0,0.0644599874644485,0.0236092919104724,0.00711385849554168,0.189095477386935,0,"S4","null",500,1,0.0598708725920102,1.81823477381394,0,0,0,"none",0,27,0
0.18324925749214,-0.0152597516861651,0.999874733039276,1,0.00181658784004386,NA,0.00425411815666932,0,0.000112906142015543,NA,0.0324190300098595,0,-0.0183276951613021,-0.0106544937306263,0.00513165177702744,0.130876884422111,0,"S4","null",500,1,0.0598708725920102,2.30131715305235,0,0,0,"none",0,28,0
0.271986048895601,0.00411936967736214,0.999999999208758,1,0.471510833901651,NA,0.857806700838232,0,0.016003970667581,NA,0.0469038712135366,0,0.0454732446941063,-0.00686834520828745,0.00642367444808529,0.142095477386935,0,"S4","null",500,1,0.0598708725920102,1.7585636935505,0,0,0,"none",0,29,0
0.27593934555436,0.00263296381701526,0.999999997973106,1,0.0676408022758551,NA,0.175785888878489,0,0.00777265778177876,NA,0.0437901588672217,0,0.0466556620961105,-0.0182399638630504,0.00791208206226568,0.169070351758794,0,"S4","null",500,1,0.0598708725920102,2.94094741805381,0,0,0,"none",0,30,0
0.194636768039962,-0.00145443291871355,0.999972141174293,1,0.612814209563164,NA,0.864732378918565,0,0.143561641644809,NA,0.182256975335349,0,0.587738310861797,0.415775770775601,0.00832608579999271,0.961278894472362,1,"S4","null",500,1,0.0598708725920102,2.4973874722242,0,0,0,"none",0,31,0
0.248628865597881,0.0358506610367486,0.999999989928545,1,-0.0753057294053991,NA,0.181876421682426,0,0.0080648189165946,NA,0.0416067154441827,0,0.00972789108835211,0.0196317240808993,0.00586241956988407,0.115678391959799,0,"S4","null",500,1,0.0598708725920102,3.04900898214116,0,0,0,"none",0,32,0
0.295330669498937,-0.00378915135449131,0.999999998842665,1,0.0719042956237688,NA,0.108949383924986,0,-0.00853444461465963,NA,0.0350730614536077,0,-0.0124002641573365,0.0706964794328575,0.0110115104426785,0.269824120603015,0,"S4","null",500,1,0.0598708725920102,0.72358500764282,0,0,0,"none",0,33,0
0.230432901817943,0.0314289407449986,0.999999502187593,1,0.529640212869962,NA,0.72613676105501,0,0.465329477049003,NA,0.461848995286341,0,0.0838416096340587,-0.0342188759423791,0.0106244130692797,0.217168341708543,0,"S4","null",500,1,0.0598708725920102,1.13703999645537,0,0,0,"none",0,34,0
0.151470775689572,0.0128875384462028,0.998396956630855,1,0.340954233414426,NA,0.527376752359712,0,0.187002287649119,NA,0.257205366245665,0,0.0918376356958645,-0.0663973397924817,0.00769517502601554,0.26463567839196,0,"S4","null",500,1,0.0598708725920102,1.72264224007503,0,0,0,"none",0,35,0
0.214090430773546,0.0117880049451634,0.999998288594835,1,0.0583798466438144,NA,0.125467697553118,0,0.00446796633048762,NA,0.0345287379068292,0,0.0231472313408826,0.00618919884823349,0.00604252204600219,0.1101608040201,0,"S4","null",500,1,0.0598708725920102,1.55683798406431,0,0,0,"none",0,36,0
0.177482072637699,-0.0272568930013746,0.999882598138287,1,-0.871523856449186,NA,0.895560883069582,0,-0.0325908052055455,NA,0.0595286431010397,0,-0.0971052116082089,-0.00821402146408591,0.0115103301161764,0.240585427135678,0,"S4","null",500,1,0.0598708725920102,0.515052981013181,0,0,0,"none",0,37,0
0.295166977559968,-0.0152173401247518,0.999999999900789,1,0.267200829209231,NA,0.592717410759232,0,0.107419031968737,NA,0.193689651167986,0,0.0688947255232102,0.0201166021229491,0.00676312578776833,0.187482412060302,0,"S4","null",500,1,0.0598708725920102,1.98199952616756,0,0,0,"none",0,38,0
0.258930595362855,0.00133947662110408,0.99999995082432,1,0.318433464933725,NA,0.622854999703107,0,0.00689023367487455,NA,0.037208435755506,0,0.0433038602085312,-0.0120605024640309,0.00721335615758338,0.147263819095477,0,"S4","null",500,1,0.0598708725920102,1.92752314504853,0,0,0,"none",0,39,0
0.243054650799689,0.069244413763958,0.99999999901355,1,0.867620182596879,NA,0.882069883168185,0,0.114761585693479,NA,0.121344168813503,0,0.0173666975616866,-0.107271033789248,0.0148634646560192,0.370226130653266,0,"S4","null",500,1,0.0598708725920102,0.422931408281231,0,0,0,"none",0,40,0
0.260551759914875,-0.0147568580399232,0.999999908593546,1,0.376870786999928,NA,0.51675819411215,0,0.0203025594919432,NA,0.0497727304634854,0,0.0679893023621839,-0.0318590952094411,0.00865842075863095,0.206748743718593,0,"S4","null",500,1,0.0598708725920102,0.93632827881773,0,0,0,"none",0,41,0
0.205586972495683,-0.0352113408433794,0.999998393645223,1,-0.142039846872884,NA,0.441580121137482,0,0.00833997653360187,NA,0.0464677497187194,0,0.17355237494548,0.140200094667925,0.0171659453685423,0.544261306532663,1,"S4","null",500,1,0.0598708725920102,4.92123138918293,0,0,0,"none",0,42,0
0.278601345952438,-0.00434570505321076,0.999999999117278,1,0.358281372230784,NA,0.799055852886365,0,0.143358597623485,NA,0.243114814047046,0,0.355741616134805,0.0991563361085518,0.0160077854598238,0.553070351758794,1,"S4","null",500,1,0.0598708725920102,3.00360795677759,0,0,0,"none",0,43,0
0.218910338896491,-0.00235006991502914,0.999995524841959,1,0.0176016811653883,NA,0.0494359943792004,0,0.00375445737280636,NA,0.0354801308618594,0,-0.0227435640982166,-0.00986527045010768,0.00602279164708663,0.123997487437186,0,"S4","null",500,1,0.0598708725920102,2.87030997859173,0,0,0,"none",0,44,0
0.207974068632141,0.0284776308031364,0.999988908762025,1,0.601676293451007,NA,0.958377848115912,1,0.175523431733828,NA,0.266334686741839,0,0.32539769652827,0.0843699410998942,0.0183624059734544,0.515467336683417,1,"S4","null",500,1,0.0598708725920102,2.39290457120644,0,0,0,"none",0,45,0
0.254816587356867,-0.0171358520016751,0.99999994705756,1,0.508936601769638,NA,0.475866002337493,0,-0.00636079434263902,NA,0.0362634072365585,0,0.192473626833293,0.082919183041644,0.0184080075524076,0.429123115577889,0,"S4","null",500,1,0.0598708725920102,0.297406263065751,0,0,0,"none",0,46,0
0.209015159331342,0.00901810307792542,0.999980887583594,1,0.702795415605055,NA,0.936293954624552,0,0.46728548865717,NA,0.512029201687671,1,0.186632306424656,0.0566913256958085,0.00961783380278017,0.344683417085427,0,"S4","null",500,1,0.0598708725920102,2.00900549508391,0,0,0,"none",0,47,0
0.174740187923911,0.00785986732025451,0.999564235162465,1,-0.13064671381916,NA,0.314042821441012,0,0.00065491332239726,NA,0.0365080009919037,0,0.0831952228774047,0.0375323458100893,0.0113855387961855,0.265957286432161,0,"S4","null",500,1,0.0598708725920102,1.33284959539264,0,0,0,"none",0,48,0
0.282515781888526,0.0285060822668216,0.999999999981583,1,0.319040205008877,NA,0.681432688341662,0,0.0115306775076761,NA,0.045653872809977,0,0.00391603124662658,-0.0047030943511271,0.00451822975507761,0.113231155778894,0,"S4","null",500,1,0.0598708725920102,1.93407397609313,0,0,0,"none",0,49,0
0.260642150565908,0.0405864042675053,0.999999971349628,1,0.169816828174715,NA,0.31356917380177,0,0.0103020731723784,NA,0.0406673559315705,0,0.0230096028679329,0.0058763420766979,0.00777952308667077,0.144128140703518,0,"S4","null",500,1,0.0598708725920102,0.556769172449759,0,0,0,"none",0,50,0
0.208375049396861,0.00463983457792671,0.999998751219689,1,0.21996143660771,NA,0.671935264740664,0,0.0218261626422293,NA,0.0723608605580653,0,0.0497166320226733,-0.0182876941008468,0.0062800728642287,0.151811557788945,0,"S4","null",500,1,0.0598708725920102,5.44938155530337,0,0,0,"none",0,51,0
0.211897099356302,-0.0341736762978586,0.999992861073918,1,-0.165121688710559,NA,0.210021416941753,0,0.00958225183544391,NA,0.0397211991609203,0,0.0575919184832598,0.00345081692390841,0.00654163319454588,0.157841708542714,0,"S4","null",500,1,0.0598708725920102,0.559347906726884,0,0,0,"none",0,52,0
0.177276331394759,-0.0361625650474214,0.999871866418572,1,0.0267244174651912,NA,0.070284668556399,0,0.00212102289743554,NA,0.033748976750818,0,0.0125917460357435,-0.0133231047309752,0.00378094772808051,0.10271608040201,0,"S4","null",500,1,0.0598708725920102,2.95789726201552,0,0,0,"none",0,53,0
0.25222662973676,0.00166467095866741,0.999999610331497,1,0.251221976855239,NA,0.502622033984937,0,0.0658347360091065,NA,0.112900652294969,0,0.0388150171850019,0.042011977340249,0.00918434752295965,0.196281407035176,0,"S4","null",500,1,0.0598708725920102,1.16946777963051,0,0,0,"none",0,54,0
0.235302593329284,0.0296181714119278,0.99999902739214,1,0.25843321927751,NA,0.600923226123528,0,0.0148975736195436,NA,0.0483560344100192,0,0.823620135621336,0.787649067649811,0.00248474381096459,0.996628140703518,1,"S4","null",500,1,0.0598708725920102,1.71045219538064,0,0,0,"none",0,55,0
0.210381629016312,0.0490080275295574,0.999997189739643,1,-0.0747561608523216,NA,0.203765634136958,0,0.00698425418671743,NA,0.0398260156305318,0,-0.0600765408776006,0.00040717128892814,0.00700679589832397,0.167125628140704,0,"S4","null",500,1,0.0598708725920102,2.71088974507364,0,0,0,"none",0,56,0
0.308270462040018,0.0434709265476252,0.999999999995638,1,0.309402911225841,NA,0.629323268142065,0,0.0286890998382936,NA,0.0750819125901463,0,0.202893361794531,-0.132861034879564,0.0179421182328209,0.43972864321608,0,"S4","null",500,1,0.0598708725920102,3.25950245432176,0,0,0,"none",0,57,0
0.260229887823939,0.0149305283192282,0.999999962410677,1,0.142072097531411,NA,0.234548697524179,0,0.019538419602547,NA,0.0480768679733289,0,0.0640204342500022,0.0119586064959564,0.00751178322402551,0.169550251256281,0,"S4","null",500,1,0.0598708725920102,1.02435324861389,0,0,0,"none",0,58,0
0.176314542154249,-0.0428682715898601,0.999720842812836,1,0.00143183211044676,NA,0.00476667731801916,0,0.00528386762767032,NA,0.0385040376486018,0,0.0230741891190964,0.0613680033115669,0.00802808312996604,0.183155778894472,0,"S4","null",500,1,0.0598708725920102,3.2253525693782,0,0,0,"none",0,59,0
0.266410523042891,-0.0386180330340073,0.99999999370389,1,-0.524482852453503,NA,0.652146398049737,0,-0.017094466915239,NA,0.0423481614298984,0,0.0133473213755015,-0.0398830160815884,0.00928396034503979,0.213979899497487,0,"S4","null",500,1,0.0598708725920102,0.337887527104252,0,0,0,"none",0,60,0
0.287104635984919,-0.023309553480658,0.999999999976367,1,0.366525646446495,NA,0.817167136324406,0,0.0296787597630874,NA,0.0741419920958548,0,0.0720772368213269,0.00922883051818579,0.00741821718143585,0.192570351758794,0,"S4","null",500,1,0.0598708725920102,3.65747819793113,0,0,0,"none",0,61,0
0.228841534948934,-0.0117674931526195,0.999997413029473,1,-0.211539993173938,NA,0.437180875374553,0,-0.0175460370286765,NA,0.0465333446270705,0,-0.0410419765559639,-0.0870963390045513,0.00825500526032084,0.262110552763819,0,"S4","null",500,1,0.0598708725920102,1.33471271284223,0,0,0,"none",0,62,0
0.269449935309983,0.0285382953410731,0.999999999483007,1,0.508794687604898,NA,0.813266881806762,0,0.082455868800419,NA,0.127569923124304,0,0.0742682331041142,0.023642242093292,0.00968415120336094,0.188590452261307,0,"S4","null",500,1,0.0598708725920102,1.9547520193888,0,0,0,"none",0,63,0
0.238117138194838,-0.0185769347236987,0.999999371259594,1,-0.0966940148826641,NA,0.16191489281064,0,0.0246425385400634,NA,0.0553761387669284,0,0.923538596154507,0.0420818726373862,0.0172878916034316,0.779457286432161,1,"S4","null",500,1,0.0598708725920102,1.61600981748239,0,0,0,"none",0,64,0
0.174056524952868,-0.0123308752416946,0.999807747421622,1,-0.119612854767473,NA,0.216279322859612,0,0.00653209369892718,NA,0.0376313318731849,0,-0.0721416724666943,0.213915059555206,0.0160873675712417,0.567668341708543,1,"S4","null",500,1,0.0598708725920102,0.825427229415347,0,0,0,"none",0,65,0
0.285765018994352,-0.0328435313007109,0.999999999989653,1,-0.130748285013251,NA,0.37720358773569,0,-0.00710422330443514,NA,0.040956796223206,0,-0.0127437382619708,0.0262804855910285,0.00538777395107151,0.120668341708543,0,"S4","null",500,1,0.0598708725920102,2.96997291305825,0,0,0,"none",0,66,0
0.298077452100911,0.041982812002533,0.999999999965684,1,0.155276875461544,NA,0.231872343402836,0,0.0314526332884325,NA,0.0497703476767898,0,0.0539058857314967,0.00271316484511281,0.00482786744873834,0.156233668341709,0,"S4","null",500,1,0.0598708725920102,0.906772153287792,0,0,0,"none",0,67,0
0.150452548464172,-0.056855311293564,0.999887526348559,1,0.202118506566835,NA,0.415343896559884,0,0.00181194415695699,NA,0.0332658590639184,0,0.0808439997252438,-0.0412263790150812,0.00956195613252033,0.244082914572864,0,"S4","null",500,1,0.0598708725920102,0.57895704881313,0,0,0,"none",0,68,0
0.251296394663893,0.00325070496887123,0.999999991190027,1,0.116080944374654,NA,0.281569570156956,0,0.0119856879031426,NA,0.0434618088977303,0,0.0178694203666645,-0.0167071334822551,0.00496347487714922,0.114957286432161,0,"S4","null",500,1,0.0598708725920102,1.98506884093251,0,0,0,"none",0,69,0
0.264600549697402,-0.0260445620111018,0.999999995318174,1,0.455881138647455,NA,0.697008486462873,0,0.015284406262278,NA,0.0433268919607916,0,0.186787382909423,0.242977248551227,0.0208670258073307,0.737665829145729,1,"S4","null",500,1,0.0598708725920102,1.16856579273112,0,0,0,"none",0,70,0
0.241986463872532,0.0229355704899449,0.999999965207797,1,0.279928500229855,NA,0.724477408921744,0,0.0790182005497497,NA,0.170892837442321,0,0.0708991815330484,0.0175292985779541,0.00837556451768607,0.19278391959799,0,"S4","null",500,1,0.0598708725920102,3.73441472676851,0,0,0,"none",0,71,0
0.20825936320414,0.0535633545710081,0.999999668338954,1,0.0565773356405498,NA,0.127696768854869,0,0.0162580056021605,NA,0.0532482438677793,0,0.068917042883765,0.00345060916901305,0.00974225706718899,0.173273869346734,0,"S4","null",500,1,0.0598708725920102,1.93874538604047,0,0,0,"none",0,72,0
0.240001547962433,0.04036759344651,0.999999986789835,1,0.272031050038327,NA,0.634264306440334,0,0.00700824288069753,NA,0.0379594004396785,0,0.109946205167952,0.0403855736824113,0.0141199886857517,0.273015075376884,0,"S4","null",500,1,0.0598708725920102,2.62870210341926,0,0,0,"none",0,73,0
0.262567594479663,-0.00576664893601209,0.999999989521664,1,-0.0910099762836789,NA,0.199636490291352,0,0.00809102069146079,NA,0.0423671793877986,0,0.000791419434840393,0.00463939595007327,0.00559204377080035,0.106424623115578,0,"S4","null",500,1,0.0598708725920102,2.07823700707255,0,0,0,"none",0,74,0
0.220057639829035,-0.00928088038154473,0.999999424524564,1,-0.114008416890681,NA,0.302459638881459,0,-0.00243430394274207,NA,0.0349159664579715,0,0.00314640533572187,-0.00319310795317055,0.00339755164804548,0.102085427135678,0,"S4","null",500,1,0.0598708725920102,2.00379748469594,0,0,0,"none",0,75,0
0.239684559612993,0.0157191972791594,0.999999731200965,1,0.436962663300587,NA,0.903860602765713,0,0.0291027551152496,NA,0.0738293451986597,0,0.227004384162283,-0.0132837012684512,0.0168967614235559,0.435844221105528,0,"S4","null",500,1,0.0598708725920102,4.16174306973187,0,0,0,"none",0,76,0
0.286641722576091,-0.0136240757098238,0.999999997985654,1,0.302083745685329,NA,0.766018172202311,0,0.0260909408371752,NA,0.0758407662093445,0,0.559845670135163,0.228659547199688,0.0243873915063791,0.640655778894472,1,"S4","null",500,1,0.0598708725920102,2.26745725293231,0,0,0,"none",0,77,0
0.272610949689505,-0.0228693242754047,0.999999994051079,1,-0.101446980040337,NA,0.232909633842473,0,0.000951313644039454,NA,0.0366922650073038,0,0.0670110273932286,-0.0408501743153103,0.00962826898619858,0.245236180904523,0,"S4","null",500,1,0.0598708725920102,2.16676923179315,0,0,0,"none",0,78,0
0.311654238489162,0.0311932570915937,0.999999999705729,1,0.691472241044696,NA,0.922748244214096,0,0.104837974733947,NA,0.198166398832455,0,0.0479558337316874,0.137237111889514,0.0138874999654928,0.397349246231156,0,"S4","null",500,1,0.0598708725920102,1.88833289534046,0,0,0,"none",0,79,0
0.253869109550617,-0.00401872798468013,0.999999634970021,1,0.441825147312132,NA,0.881266703571056,0,0.0241438909949908,NA,0.0678060593719752,0,0.275507913870721,0.155460281206508,0.0174497849505378,0.537814070351759,1,"S4","null",500,1,0.0598708725920102,3.10948449038232,0,0,0,"none",0,80,0
0.14790109476084,0.00191704738240202,0.997538637564659,1,0.157844947266235,NA,0.407230165092911,0,0.0494603341990785,NA,0.110897455913189,0,0.0263065228012884,0.00728147436865265,0.00495215301794191,0.126123115577889,0,"S4","null",500,1,0.0598708725920102,1.5136722047905,0,0,0,"none",0,81,0
0.248947344817809,-0.00928402739528938,0.999999768658161,1,0.0643383123277088,NA,0.152596710840016,0,0.00419054264291538,NA,0.0373740084195618,0,0.0881366681521704,0.000891645116982252,0.00797560372025569,0.195042713567839,0,"S4","null",500,1,0.0598708725920102,1.75341894402332,0,0,0,"none",0,82,0
0.191434841240776,-0.0379492876618137,0.999966267576191,1,0.713380724453361,NA,0.857075010603631,0,0.0826216722977809,NA,0.115417547174199,0,0.0735977588631651,0.000654526783584662,0.00804330584572696,0.183801507537688,0,"S4","null",500,1,0.0598708725920102,0.85122604406136,0,0,0,"none",0,83,0
0.16935048446496,0.022302113013304,0.999621934920729,1,-0.167358549907607,NA,0.325421197777631,0,0.0117863320343599,NA,0.0451462065083999,0,-0.02931042443625,0.0655113214501629,0.01208113627506,0.240334170854271,0,"S4","null",500,1,0.0598708725920102,1.29229817595499,0,0,0,"none",0,84,0
0.220983230037365,-0.0384110709968672,0.999994597599288,1,0.292849518796043,NA,0.577014495476673,0,0.0279741920260332,NA,0.065175467622693,0,0.0207390222787097,-0.0875327508563009,0.0130690030566903,0.3843391959799,0,"S4","null",500,1,0.0598708725920102,0.749460150891831,0,0,0,"none",0,85,0
0.229335935360816,0.0120544916355472,0.999998213865646,1,-0.266327505578632,NA,0.480079153084957,0,-0.00274465603007046,NA,0.0416723382784179,0,0.00171741770547822,0.0153835397854274,0.00682253156263586,0.146773869346734,0,"S4","null",500,1,0.0598708725920102,1.53847018556493,0,0,0,"none",0,86,0
0.25861924256607,-0.0333023625271928,0.999999992749073,1,0.434611984120031,NA,0.949842468431986,0,0.421509244492513,NA,0.639678197329284,1,0.264799276466149,-0.0391572145445527,0.0199282113658668,0.519366834170854,1,"S4","null",500,1,0.0598708725920102,6.56018722889616,0,0,0,"none",0,87,0
0.221504077583883,0.0223815118235313,0.999998133493696,1,-0.126204035160206,NA,0.32419004206454,0,-0.00136856291212608,NA,0.033655921745271,0,0.0140529087662668,0.000738920960464372,0.00651384648833592,0.108949748743719,0,"S4","null",500,1,0.0598708725920102,2.35539808991098,0,0,0,"none",0,88,0
0.159990615055825,0.0346413575591241,0.999913201683713,1,0.191477840823265,NA,0.542679057580806,0,0.0216339873176844,NA,0.063844164424647,0,0.164105581021905,-0.017888190833324,0.0132277858550947,0.32994472361809,0,"S4","null",500,1,0.0598708725920102,2.70059586598121,0,0,0,"none",0,89,0
0.114523872032,0.0160417152745772,0.975794148693335,1,0.225948061607856,NA,0.49149163746418,0,-0.0026000529198497,NA,0.0334907934308001,0,0.0159697540149446,-0.0206700102503728,0.00693522424395305,0.138386934673367,0,"S4","null",500,1,0.0598708725920102,2.04252806278342,0,0,0,"none",0,90,0
0.265854292859509,-0.00652401493768025,0.999999995033149,1,0.131040176539762,NA,0.2756932335438,0,0.00986264984360864,NA,0.0403160969125645,0,0.0432212164579828,-0.0128971236968594,0.00748668795432188,0.180969849246231,0,"S4","null",500,1,0.0598708725920102,0.695071764682955,0,0,0,"none",0,91,0
0.226585650105661,-0.0147975464679282,0.999998743159401,1,0.227976238366645,NA,0.598406342677261,0,0.0386903781498265,NA,0.0983598308028338,0,0.0418879369952827,0.0281796792115749,0.00769763135869165,0.183507537688442,0,"S4","null",500,1,0.0598708725920102,1.50008479921854,0,0,0,"none",0,92,0
0.260336056083253,-0.0197158349884238,0.999999986571871,1,-0.0784940640540987,NA,0.130973584978827,0,0.0112765841629396,NA,0.040644713475074,0,0.0359529067830393,-0.0176563846070816,0.00673477301333707,0.161979899497487,0,"S4","null",500,1,0.0598708725920102,1.25080799301373,0,0,0,"none",0,93,0
0.142134455308209,-0.00783883496614284,0.996373241337322,1,-0.142063882575072,NA,0.254423324790407,0,0.00785029963112919,NA,0.0364350722814647,0,0.031009378220885,0.0125112124542232,0.0065455312780152,0.165165829145729,0,"S4","null",500,1,0.0598708725920102,0.834271750338491,0,0,0,"none",0,94,0
0.24109504805057,-0.0180413301635574,0.999999920673459,1,0.232483430590689,NA,0.524106302971518,0,0.0860356951886043,NA,0.15052342626477,0,0.025749301518528,0.0154616421424328,0.00716359453445608,0.13778391959799,0,"S4","null",500,1,0.0598708725920102,2.10461540905975,0,0,0,"none",0,95,0
0.30194731346907,0.00211265851761263,0.999999999573332,1,0.599279565290443,NA,0.9479041018321,0,0.0710770135186163,NA,0.124105624218111,0,0.815959147369827,-0.257564626428774,0.0103171705199974,0.92514824120603,1,"S4","null",500,1,0.0598708725920102,2.74871428037563,0,0,0,"none",0,96,0
0.229699833612842,0.00519768199743951,0.999999898918512,1,0.0406670679385391,NA,0.0829966017256837,0,0.0154290429499253,NA,0.042904201669969,0,0.0944233439013651,-0.0326146761455017,0.00826532812577445,0.238165829145729,0,"S4","null",500,1,0.0598708725920102,1.51366755651528,0,0,0,"none",0,97,0
0.229789710341963,-0.018096365523006,0.999996776433729,1,0.217380893601121,NA,0.465858843534382,0,0.0138270940514356,NA,0.0463529203009968,0,0.0526017462921092,-0.00427841026261143,0.0103265104781193,0.185587939698492,0,"S4","null",500,1,0.0598708725920102,1.90435498401244,0,0,0,"none",0,98,0
0.255031219296093,-0.0272110067033916,0.999999865343224,1,0.0542248679670077,NA,0.0841927688311694,0,0.0146831062050629,NA,0.0429101691470725,0,0.574463679361098,-0.289777732389071,0.0184956350723292,0.758881909547739,1,"S4","null",500,1,0.0598708725920102,0.72210186449484,0,0,0,"none",0,99,0
0.257505254951998,0.0123501163180942,0.999999905690208,1,0.483360341032512,NA,0.943219550697738,0,0.0255467767293957,NA,0.0706505374375362,0,0.239141877054611,0.0349816099756217,0.0160783901046351,0.408494974874372,0,"S4","null",500,1,0.0598708725920102,3.32870444918644,0,0,0,"none",0,100,0
0.0814232926292682,0.0109917214884583,0.863078732815787,0,-0.113439074419302,NA,0.346890943309158,0,0.00316929020929219,NA,0.0351867468027915,0,0.00682968404785145,-0.00782729316982148,0.00375700802207584,0.0952587939698493,0,"S4","null",500,2,0.0846702000107324,4.10707830308949,0,0,0,"none",0,1,0
0.16808453474333,-0.0100412355621786,0.999468231460218,1,0.349898429905933,NA,0.787507713115434,0,0.0878328463404295,NA,0.170094046806723,0,0.186105083194681,-0.0683765051642662,0.0131850672688542,0.385773869346734,0,"S4","null",500,2,0.0846702000107324,4.42018273888315,0,0,0,"none",0,2,0
0.257999345290089,-0.0419016722388586,0.999999974795301,1,0.0823204102972995,NA,0.24564974242807,0,0.0119903759844225,NA,0.0510707146842684,0,-0.0155978472230752,0.0312521043197808,0.00796060809559978,0.158969849246231,0,"S4","null",500,2,0.0846702000107324,3.94877026837865,0,0,0,"none",0,3,0
0.263036832886368,-0.00791758736421147,0.99999999703852,1,0.20395942416042,NA,0.524996009751833,0,0.0724924103299937,NA,0.15888717153872,0,0.0478731181391192,0.0524681095844023,0.0129004219804025,0.277467336683417,0,"S4","null",500,2,0.0846702000107324,2.67025317665152,0,0,0,"none",0,4,0
0.23460717873827,-0.00159883399241832,0.999999904579475,1,0.0797258220132795,NA,0.201511476947252,0,-0.000338129868596966,NA,0.0334477634953368,0,0.0184803563345711,-0.0140392399026306,0.00628294767986548,0.132238693467337,0,"S4","null",500,2,0.0846702000107324,1.90054183047885,0,0,0,"none",0,5,0
0.275438067525304,0.0393516743641254,0.999999999982373,1,0.219520570015498,NA,0.735838508228026,0,0.0292998170541707,NA,0.0936254495003903,0,0.0757973962860095,0.0490993733673547,0.0111709410524584,0.262527638190955,0,"S4","null",500,2,0.0846702000107324,7.97802207042615,0,0,0,"none",0,6,0
0.310317004873187,-0.0119750081378552,0.999999999999702,1,-0.00171072210973329,NA,0.00494526830793351,0,0.0123991724471204,NA,0.0534705095556792,0,0.00526457087713925,0.00141810976461388,0.00408904717091172,0.0799572864321608,0,"S4","null",500,2,0.0846702000107324,3.39374289176537,0,0,0,"none",0,7,0
0.289374744846618,0.0369633667842807,0.999999999978844,1,0.100866920116878,NA,0.378121149875352,0,0.00728595543863797,NA,0.044622234407125,0,0.0469015487540531,0.0451836861305844,0.0109558595185366,0.222698492462312,0,"S4","null",500,2,0.0846702000107324,4.2897398193206,0,0,0,"none",0,8,0
0.210503395956622,-0.00312708242249459,0.999996423961519,1,0.0923065409179517,NA,0.299519170071919,0,0.00541819520097643,NA,0.038729940897033,0,0.054882894454403,0.0596944902720023,0.00972260658850461,0.242394472361809,0,"S4","null",500,2,0.0846702000107324,4.07408227056739,0,0,0,"none",0,9,0
0.267892676773172,0.0118114733782494,0.999999972538389,1,0.293640930743336,NA,0.67789035578022,0,0.00740915414665829,NA,0.0395654205817946,0,0.0838065866336476,-0.133781527405784,0.0175047428377687,0.41377135678392,0,"S4","null",500,2,0.0846702000107324,3.56374761273912,0,0,0,"none",0,10,0
0.268700209358951,0.0085843949351176,0.999999999272672,1,0.398607494540737,NA,0.717226319377365,0,0.0124859362633952,NA,0.0436852679961978,0,0.16002737918704,-0.0047625502407452,0.012465221734184,0.28029648241206,0,"S4","null",500,2,0.0846702000107324,1.24837503487473,0,0,0,"none",0,11,0
0.194493461564715,0.0236314441071895,0.999988479733607,1,0.265568806074743,NA,0.551553025959403,0,0.0926208551037196,NA,0.13828423801489,0,0.516278620198682,0.535846154469677,0.00651635667792014,0.987670854271357,1,"S4","null",500,2,0.0846702000107324,3.05891315558752,0,0,0,"none",0,12,0
0.259243018282901,0.0475191625221009,0.999999941167516,1,0.144279182770149,NA,0.490714982514345,0,0.00168161343981355,NA,0.0331101104355885,0,0.0858064362033465,0.0179606222762822,0.00917054571338869,0.237515075376884,0,"S4","null",500,2,0.0846702000107324,7.1165335586262,0,0,0,"none",0,13,0
0.18932681734826,0.0229189635722968,0.999970014339967,1,0.134939000517923,NA,0.450876779644625,0,0.00647008936028603,NA,0.0407627643782994,0,-0.00104217017076358,0.0176677547343583,0.00433529523631634,0.0883793969849246,0,"S4","null",500,2,0.0846702000107324,4.24616191987557,0,0,0,"none",0,14,0
0.264647381213342,-0.0122511022383781,0.99999999908891,1,0.289393465126631,NA,0.633640866254787,0,0.0940457275206014,NA,0.161470353060044,0,0.109559427218053,0.00133729337438124,0.00849567529804659,0.21470351758794,0,"S4","null",500,2,0.0846702000107324,2.70151199708967,0,0,0,"none",0,15,0
0.205349900555441,0.0173302764458152,0.999978829288771,1,0.00370527189021244,NA,0.00789378140321784,0,0.00437451999631768,NA,0.0343584394870354,0,0.000827027565100923,-0.010941274567722,0.00629177730236303,0.124331658291457,0,"S4","null",500,2,0.0846702000107324,1.74777633306597,0,0,0,"none",0,16,0
0.259909525954953,0.00795036887513419,0.999999990870016,1,-0.148021409453167,NA,0.403984886530469,0,0.00288116703869133,NA,0.0353418679892553,0,-0.0910157429742429,0.00425227434597941,0.00844935301913094,0.227218592964824,0,"S4","null",500,2,0.0846702000107324,2.00863528604167,0,0,0,"none",0,17,0
0.209808258847832,0.0209515805523895,0.999998253100731,1,0.202267724029285,NA,0.445948214378476,0,0.0195584891339406,NA,0.0648150669792443,0,0.0107873628007773,0.0557156920691454,0.00808464605886849,0.22014824120603,0,"S4","null",500,2,0.0846702000107324,1.8869877327304,0,0,0,"none",0,18,0
0.213235702081541,-0.0258832806692223,0.999997528208251,1,0.41109676381801,NA,0.881788534822195,0,0.0462729029946799,NA,0.110720975913985,0,0.239672852860352,0.0154322515841582,0.0149816985762534,0.410979899497487,0,"S4","null",500,2,0.0846702000107324,2.9285702526858,0,0,0,"none",0,19,0
0.260445534640346,0.0155425045675095,0.999999998721173,1,0.0450429260103147,NA,0.172739295157165,0,0.00629711477363752,NA,0.0433532471543002,0,0.00973866257693386,0.00859222935886889,0.00446404724469157,0.100306532663317,0,"S4","null",500,2,0.0846702000107324,5.57025269418594,0,0,0,"none",0,20,0
0.234255817609732,-0.0361244015980907,0.999999860202918,1,-0.0515170449168524,NA,0.13897817478004,0,-0.018161864057548,NA,0.0509901298914511,0,-0.002485385096971,-0.0096568925571831,0.00359743846718129,0.0916331658291457,0,"S4","null",500,2,0.0846702000107324,2.88706648696732,0,0,0,"none",0,21,0
0.171193959235371,0.0256178821275196,0.999772174114756,1,0.079294309795137,NA,0.234104551805382,0,0.0103830637903762,NA,0.048431554939009,0,0.0444320824854043,-0.00209152719882987,0.00769336845738724,0.13194472361809,0,"S4","null",500,2,0.0846702000107324,4.57272038913813,0,0,0,"none",0,22,0
0.19083524664511,0.0126773433819002,0.99980682678666,1,0.00732444094952325,NA,0.0218780974053518,0,-0.0117345164535747,NA,0.0434170191190391,0,-0.00278621465240535,0.0106053646651678,0.0048007991385916,0.101022613065327,0,"S4","null",500,2,0.0846702000107324,4.41772629836928,0,0,0,"none",0,23,0
0.316844385371851,0.0205669877740174,0.99999999999917,1,0.522090983874404,NA,0.951144661586378,1,0.316439246225967,NA,0.495494939757466,0,0.194765521101461,0.0283850353215469,0.0118999148909635,0.382510050251256,0,"S4","null",500,2,0.0846702000107324,3.90338378049292,0,0,0,"none",0,24,0
0.213079554910836,-0.00722067762914426,0.999994652237283,1,-0.0986026240442649,NA,0.290775484815573,0,0.000242069467259524,NA,0.0325527135707806,0,0.0172668505525355,0.0247979699590929,0.00576755985065227,0.140301507537688,0,"S4","null",500,2,0.0846702000107324,3.40406113455325,0,0,0,"none",0,25,0
0.234873680258126,-0.0119993745245788,0.999999881859158,1,0.202524175401175,NA,0.422982530229734,0,0.0574810451289793,NA,0.114743331083368,0,0.644197875233786,0.237323570844978,0.0189411703456388,0.693525125628141,1,"S4","null",500,2,0.0846702000107324,1.38195841446933,0,0,0,"none",0,26,0
0.223206747362027,0.0271111731947735,0.999999654085389,1,0.216015972473981,NA,0.687439926177774,0,0.0112915072045442,NA,0.0497516779824246,0,0.0962269435003907,-0.0612616204903041,0.0104634947134417,0.29627135678392,0,"S4","null",500,2,0.0846702000107324,6.02702128957336,0,0,0,"none",0,27,0
0.286077727458697,0.0243895218652131,0.999999998769664,1,0.313583875007836,NA,0.510238982234851,0,0.0453577633288504,NA,0.0766313354566885,0,0.0259197952961059,0.00911699402416252,0.00581738210188047,0.123522613065327,0,"S4","null",500,2,0.0846702000107324,1.42211247037138,0,0,0,"none",0,28,0
0.222710519879677,0.0177169799631901,0.999991873456382,1,0.0135744291797921,NA,0.033555062790835,0,0.00018623644503339,NA,0.0355753408754798,0,0.00375010804463442,0.00579807857885802,0.00571562589795831,0.109778894472362,0,"S4","null",500,2,0.0846702000107324,2.91683916541108,0,0,0,"none",0,29,0
0.263250171835629,0.0276474376353376,0.999999994690336,1,0.480769383436513,NA,0.981263877264301,1,0.223630593740049,NA,0.438895736370766,0,0.10888649987782,-0.00116647433278266,0.0108715081942651,0.235248743718593,0,"S4","null",500,2,0.0846702000107324,3.52360200191049,0,0,0,"none",0,30,0
0.239156623940259,-0.0199208009777464,0.99999075150489,1,0.178696972661532,NA,0.433885099646894,0,0.00701981494204526,NA,0.0378316117812861,0,0.106157247857268,0.0543319816436429,0.0080551463820951,0.246746231155779,0,"S4","null",500,2,0.0846702000107324,2.90874069642796,0,0,0,"none",0,31,0
0.320681939487624,-0.0157488483411083,0.999999999999901,1,0.277860165240603,NA,0.90861101462201,0,0.279717343510285,NA,0.653815757432246,1,0.0421391010965709,-0.0164979260686042,0.00628175034646356,0.159834170854271,0,"S4","null",500,2,0.0846702000107324,9.98663953306064,0,0,0,"none",0,32,0
0.295873978037487,0.0165965962678187,0.99999999999505,1,0.295864716134239,NA,0.783796500034226,0,0.0778849519153211,NA,0.16579934455902,0,0.0284085740637035,0.0215644076292476,0.00528786736759985,0.125565326633166,0,"S4","null",500,2,0.0846702000107324,3.59472099090784,0,0,0,"none",0,33,0
0.254778383117811,-0.0308456734214147,0.999999913243747,1,0.174064607956893,NA,0.52187655192238,0,0.0143606949876202,NA,0.0555738163412521,0,0.00965719169479113,0.0044018746749273,0.00296076366760789,0.0719874371859296,0,"S4","null",500,2,0.0846702000107324,5.05411452215877,0,0,0,"none",0,34,0
0.214138944633394,0.020094672146266,0.99999370183333,1,0.325255895181687,NA,0.7252648611574,0,0.0357010689100905,NA,0.0874083577437428,0,0.0921926635535625,-0.0482862329166713,0.0113697238830536,0.242814070351759,0,"S4","null",500,2,0.0846702000107324,3.18601234336085,0,0,0,"none",0,35,0
0.172632891457211,0.0203392505199789,0.999576824691214,1,0.0567159477627665,NA,0.126656656912032,0,0.00607044463005482,NA,0.0391069044073323,0,-0.269465415397523,0.0156884764388923,0.0155136236267371,0.409698492462312,0,"S4","null",500,2,0.0846702000107324,2.17749198368229,0,0,0,"none",0,36,0
0.227482580510449,0.0185882272751478,0.999989737677564,1,-0.251888199902158,NA,0.583218876415269,0,0.00424565470654691,NA,0.039633047733539,0,-0.0318419509330166,0.0176441665973352,0.00681683184381327,0.142572864321608,0,"S4","null",500,2,0.0846702000107324,1.53225515131593,0,0,0,"none",0,37,0
0.228903610856533,-0.0259926201324635,0.999999047104767,1,-0.0576089499987734,NA,0.190635218883075,0,-0.00334111677413336,NA,0.0345010643208278,0,-0.0125276656660526,0.00649440795941545,0.00293437933458688,0.0874045226130653,0,"S4","null",500,2,0.0846702000107324,5.1444618569713,0,0,0,"none",0,38,0
0.180331070980757,-0.00905554696623008,0.999819369253271,1,-0.0268906835440098,NA,0.0605294019120969,0,0.0430606473714499,NA,0.100968808708837,0,0.121569422483994,0.00772448252243637,0.0105701694505881,0.237625628140704,0,"S4","null",500,2,0.0846702000107324,3.51787042218009,0,0,0,"none",0,39,0
0.223763735844938,0.0205909951180744,0.999995393042649,1,0.0171753439372545,NA,0.0408015501572874,0,0.00587130572772662,NA,0.0380432108916819,0,0.321371930682607,-0.293856299604881,0.0188228966327556,0.699175879396985,1,"S4","null",500,2,0.0846702000107324,2.88099086631562,0,0,0,"none",0,40,0
0.276353739160464,0.00955787737750622,0.999999999615431,1,-0.27614002149369,NA,0.715393916757392,0,-0.00543056960460246,NA,0.0385942729140987,0,-0.0567676448849354,0.049478822693172,0.00998939908174863,0.253871859296482,0,"S4","null",500,2,0.0846702000107324,3.90460137566609,0,0,0,"none",0,41,0
0.264473259048723,0.015449285178462,0.999999964672525,1,0.00354330806367379,NA,0.0107124536874827,0,0.0205672442192766,NA,0.0680467489103572,0,0.0698318186262347,0.0366816380194293,0.010269610412748,0.229005025125628,0,"S4","null",500,2,0.0846702000107324,3.44658943118727,0,0,0,"none",0,42,0
0.253225288483061,-0.036039080726282,0.999999994642579,1,0.117727153523933,NA,0.279430087898636,0,0.00268497234569244,NA,0.0339991539656027,0,0.0134163260537599,-0.215349370344286,0.0191542406511923,0.518402010050251,1,"S4","null",500,2,0.0846702000107324,1.85809724963185,0,0,0,"none",0,43,0
0.332016565278522,0.0259805797215286,0.999999999999944,1,0.436172953993746,NA,0.896615944715224,0,0.35395360304351,NA,0.495723013401629,0,0.321589909052692,-0.0380965657984107,0.0146835449961563,0.511379396984925,1,"S4","null",500,2,0.0846702000107324,4.289632115344,0,0,0,"none",0,44,0
0.1885678148353,0.00363233242744743,0.99995126297983,1,-0.127695585940266,NA,0.304191755024018,0,0.00221610372414614,NA,0.0340332805906964,0,-0.0607713467452633,-0.0366272192840865,0.00988565599548303,0.211015075376884,0,"S4","null",500,2,0.0846702000107324,2.1498404577357,0,0,0,"none",0,45,0
0.24287074231064,-0.00243489192376787,0.999999847975835,1,0.382595234089016,NA,0.836955400091722,0,0.0630871152308124,NA,0.12104586163085,0,0.268380642641533,-0.130705849967386,0.0202602551976878,0.619344221105528,1,"S4","null",500,2,0.0846702000107324,3.36936229473313,0,0,0,"none",0,46,0
0.315742217343029,-0.00656608921416489,0.999999999882161,1,-0.12399269993013,NA,0.325988582321353,0,0.0109581153622053,NA,0.0592038032903894,0,0.0384462562228872,-0.0272260193788062,0.00739455199773878,0.155902010050251,0,"S4","null",500,2,0.0846702000107324,5.74422860242421,0,0,0,"none",0,47,0
0.181626048567406,0.0281898125768465,0.999952153294059,1,0.188002811703148,NA,0.412976082244534,0,0.0181570129180091,NA,0.0551620358180079,0,0.0921728238109145,0.0230880433404626,0.00932535334354071,0.216140703517588,0,"S4","null",500,2,0.0846702000107324,1.79436572493143,0,0,0,"none",0,48,0
0.235157899398231,0.054087436533438,0.999999749861494,1,0.339888190019749,NA,0.720816261264093,0,0.14821606952797,NA,0.232459210670912,0,0.123398066801091,0.0160732307315046,0.0140609342582167,0.267497487437186,0,"S4","null",500,2,0.0846702000107324,3.62229983990333,0,0,0,"none",0,49,0
0.241345335693888,-0.021706800923598,0.999999691626173,1,-0.156659570015188,NA,0.359080326977636,0,-0.0108793136413073,NA,0.0394864230666112,0,-0.0139744048949702,0.0142427291856574,0.00650098581969578,0.13671608040201,0,"S4","null",500,2,0.0846702000107324,2.45186370772171,0,0,0,"none",0,50,0
0.281029338728758,-0.0234266700285132,0.999999999664579,1,-0.0808051030303515,NA,0.194030038378001,0,-0.014781598613141,NA,0.0466316726623447,0,-0.137102399198804,0.0197639665380128,0.0113297974668717,0.269768844221106,0,"S4","null",500,2,0.0846702000107324,2.44451139733955,0,0,0,"none",0,51,0
0.257731119176449,-0.0549735441826237,0.99999999787152,1,0.122464209113272,NA,0.35861447734486,0,0.0107376382574889,NA,0.046290981608567,0,0.0371578900666855,-0.00491905710983516,0.0064393565009683,0.127542713567839,0,"S4","null",500,2,0.0846702000107324,1.99051850494041,0,0,0,"none",0,52,0
0.316347229257245,0.0216558253138468,0.999999999990846,1,0.168022158797704,NA,0.421561132064255,0,0.0119493293528633,NA,0.0457484216012906,0,0.0258703229669834,0.00632527751400084,0.00402497007578452,0.0900603015075377,0,"S4","null",500,2,0.0846702000107324,2.98936156228957,0,0,0,"none",0,53,0
0.235923097633351,-0.018873327705642,0.999999902710259,1,0.356482767313413,NA,0.954368314967597,1,0.109295704362104,NA,0.268976236924094,0,0.508757710549329,-0.137383815853639,0.0160748090549777,0.828002512562814,1,"S4","null",500,2,0.0846702000107324,6.18051467210851,0,0,0,"none",0,54,0
0.237381180145165,0.0172517169423685,0.999999453165523,1,0.093893260189761,NA,0.21530928966823,0,0.0163506165554153,NA,0.0486578944401468,0,0.0228434202677306,-0.0093985838014014,0.00658390866676831,0.125484924623116,0,"S4","null",500,2,0.0846702000107324,1.86757117572245,0,0,0,"none",0,55,0
0.262380480565674,-0.0322896951631464,0.999999994583755,1,0.0634734872175529,NA,0.100684884667657,0,0.0730247550880934,NA,0.0939261137271293,0,0.236204960164343,0.0280150833751179,0.0131540256383949,0.37656783919598,0,"S4","null",500,2,0.0846702000107324,2.45011703827217,0,0,0,"none",0,56,0
0.178563524059572,-0.0606492901128655,0.999958922054784,1,-0.0753565239316774,NA,0.210861826960339,0,-0.00231496939654114,NA,0.033383001095348,0,-0.255782355122889,0.40107473524639,0.0162903813283917,0.653276381909548,1,"S4","null",500,2,0.0846702000107324,3.51814242251598,0,0,0,"none",0,57,0
0.281120890546594,-0.00383970397463578,0.999999997458129,1,0.014541318978271,NA,0.028834178331821,0,0.0267170353527123,NA,0.0603742738218801,0,0.0169306965226248,-0.0109566103803706,0.00660089960598384,0.119381909547739,0,"S4","null",500,2,0.0846702000107324,1.45824211279574,0,0,0,"none",0,58,0
0.305569802074301,0.00227733689852096,0.999999999033097,1,-0.0872597260570491,NA,0.304774093246553,0,0.00264030743623403,NA,0.0343406805529061,0,-0.00277276116272568,0.0087247583017104,0.00353026609445322,0.0730678391959799,0,"S4","null",500,2,0.0846702000107324,6.41597088088387,0,0,0,"none",0,59,0
0.333730350806197,0.0247977879335132,0.999999999835497,1,-0.0100096376554491,NA,0.0147051566410545,0,0.00888360746305409,NA,0.0381982058811194,0,0.00372896260819868,-0.0260237666034615,0.0105622719362971,0.183826633165829,0,"S4","null",500,2,0.0846702000107324,0.94270462364952,0,0,0,"none",0,60,0
0.251418410358707,-0.0235576028543118,0.999999947672484,1,0.0391889705959105,NA,0.126248185133652,0,0.0120825053785935,NA,0.0535441351580492,0,0.0269400832196736,0.0101082311727509,0.00579782603480139,0.11378391959799,0,"S4","null",500,2,0.0846702000107324,5.90473479022926,0,0,0,"none",0,61,0
0.23184707866936,-0.0293053055315798,0.999999734624573,1,0.0962535082722697,NA,0.2998893819371,0,0.00723098865470066,NA,0.0409673258912179,0,-0.00326348457386945,-0.00850933451605802,0.00380902437131675,0.0979522613065327,0,"S4","null",500,2,0.0846702000107324,4.06224999100032,0,0,0,"none",0,62,0
0.229148593490685,-0.00583634385466507,0.999999666424352,1,-0.0741451874916963,NA,0.237819820825979,0,0.000186623893639808,NA,0.032423221633976,0,-0.00101732428304842,-0.00831067720023189,0.00505057419230366,0.117090452261307,0,"S4","null",500,2,0.0846702000107324,3.05740835154685,0,0,0,"none",0,63,0
0.257927848068025,-0.0437775086956686,0.999999932780412,1,0.364123615271446,NA,0.940237540932398,0,0.0418726370823412,NA,0.122253036865584,0,0.135744914341704,-0.311707130927013,0.0147404308118943,0.56956783919598,1,"S4","null",500,2,0.0846702000107324,7.14496578013644,0,0,0,"none",0,64,0
0.189169874083479,0.00803551599606565,0.999934034055535,1,-0.0268246431884482,NA,0.0777713598134793,0,0.00583249525725311,NA,0.0388407840979309,0,-0.0359960474109254,0.0136447367608641,0.00717340237770241,0.151108040201005,0,"S4","null",500,2,0.0846702000107324,2.26286206354445,0,0,0,"none",0,65,0
0.198205612531996,-0.00341140514781378,0.999960587713793,1,-0.197452209172797,NA,0.545114608577943,0,0.0194942150675663,NA,0.0732826699659008,0,0.00346337882431361,0.00767451591082032,0.00316950148276314,0.0818140703517588,0,"S4","null",500,2,0.0846702000107324,5.32977193809858,0,0,0,"none",0,66,0
0.327787462526415,0.0265807722794896,0.999999999999802,1,0.0935138096513048,NA,0.248599460156656,0,0.00463230915392863,NA,0.035390693930213,0,-0.0158252333884923,0.0102498540949107,0.00591384932205304,0.124090452261307,0,"S4","null",500,2,0.0846702000107324,2.2380050643032,0,0,0,"none",0,67,0
0.249255114660495,0.0370237740473778,0.999999992486345,1,-0.263199714655697,NA,0.479404562228463,0,-0.00626195604134516,NA,0.0353565031808082,0,-0.010066310451667,0.00573352953109889,0.00532877413331017,0.1063391959799,0,"S4","null",500,2,0.0846702000107324,1.55178328047222,0,0,0,"none",0,68,0
0.292001685857795,0.00640852767404772,0.999999999908898,1,0.332264947846069,NA,0.86332384755848,0,0.0408272417099094,NA,0.10966397619812,0,0.0751820572280501,0.111658789597796,0.0117372619388133,0.4168391959799,0,"S4","null",500,2,0.0846702000107324,4.31747875863984,0,0,0,"none",0,69,0
0.205172885779842,0.0527078530517442,0.999998011727286,1,-0.240451468601746,NA,0.570274103307154,0,-0.000225207237158898,NA,0.0325537200849724,0,-0.176645131231631,0.229624838688079,0.0171828019614377,0.509585427135678,1,"S4","null",500,2,0.0846702000107324,2.80731807583948,0,0,0,"none",0,70,0
0.17527366307114,0.0240659932562646,0.999876887582301,1,-0.0521707838834433,NA,0.153250283920893,0,0.00854722036153102,NA,0.0433314731931098,0,-0.0116519627874838,0.00353538386221499,0.00411357513679092,0.0860477386934673,0,"S4","null",500,2,0.0846702000107324,4.09113884016368,0,0,0,"none",0,71,0
0.242367397448413,0.0263717960353363,0.999999776925917,1,0.168853909973293,NA,0.586538591721953,0,0.0121527279336349,NA,0.0547897502743201,0,0.0201203502120649,-0.014250546940677,0.00363053495576842,0.10172864321608,0,"S4","null",500,2,0.0846702000107324,5.16699509636682,0,0,0,"none",0,72,0
0.199578736430406,0.0321531266502196,0.99998610203356,1,0.338210557464793,NA,0.708174742334966,0,0.121845434285937,NA,0.204165191461177,0,0.0948730241856618,0.0165278332026027,0.00886109516701868,0.219954773869347,0,"S4","null",500,2,0.0846702000107324,2.61426280727685,0,0,0,"none",0,73,0
0.166490909183114,-0.0407353943727288,0.999479412343774,1,-0.794464118568797,NA,0.972492280537637,1,-0.215523410643975,NA,0.235164598017232,0,-0.296274893208848,-0.114878054128039,0.0148290390561868,0.423384422110553,0,"S4","null",500,2,0.0846702000107324,1.48961734010535,0,0,0,"none",0,74,0
0.23140933168446,0.00718984572430235,0.999999908376686,1,0.0212814017112204,NA,0.0601639571055641,0,-0.000593781318865158,NA,0.032695597420068,0,0.0126178050660283,-0.0154581034059744,0.00439978504858876,0.106472361809045,0,"S4","null",500,2,0.0846702000107324,2.33796565755255,0,0,0,"none",0,75,0
0.152095624351592,0.00522547330415698,0.99860808086051,1,0.130595975290643,NA,0.248257920258139,0,0.00103208802715607,NA,0.0325560388616237,0,-0.00320589208636909,0.00427346970412814,0.00503312819571752,0.105424623115578,0,"S4","null",500,2,0.0846702000107324,1.58873990317336,0,0,0,"none",0,76,0
0.203839712993745,-0.0511803970000482,0.999997408951326,1,0.231115314344073,NA,0.561434849645206,0,0.00412629464772138,NA,0.0359046032124265,0,0.0463376583138855,0.00680409584101937,0.00538929101157442,0.134409547738693,0,"S4","null",500,2,0.0846702000107324,2.48373473745132,0,0,0,"none",0,77,0
0.26159290720009,-0.0019137679461871,0.999999986162255,1,0.422758353152224,NA,0.874072915044193,0,0.0845983416659868,NA,0.157308938736965,0,0.465868984639888,-0.077937203452402,0.0172034449494496,0.663022613065327,1,"S4","null",500,2,0.0846702000107324,3.48199683848836,0,0,0,"none",0,78,0
0.286505218549211,-0.0199372580341218,0.99999999998308,1,0.208191262034242,NA,0.451350105603695,0,-0.000109893937077816,NA,0.0346221500149166,0,-0.000386778509469349,-0.049667840881325,0.00838925504329189,0.181836683417085,0,"S4","null",500,2,0.0846702000107324,2.60413163953497,0,0,0,"none",0,79,0
0.295642658773524,-0.0094753713423428,0.999999999994026,1,0.268197313012761,NA,0.664786481349,0,0.128440810979524,NA,0.250320828083936,0,0.03503368399752,-0.00273988545601874,0.00666903511721434,0.134489949748744,0,"S4","null",500,2,0.0846702000107324,2.14433562491798,0,0,0,"none",0,80,0
0.241934584781982,0.00515585536096997,0.99999996499141,1,0.102700644075297,NA,0.264737172554734,0,0.0228903491094029,NA,0.0673449930237073,0,0.0369073443075836,0.00578193627647666,0.00702094427717063,0.137238693467337,0,"S4","null",500,2,0.0846702000107324,2.70372331017148,0,0,0,"none",0,81,0
0.197595040445017,0.0248137208582232,0.999964531569816,1,-0.171588723945165,NA,0.323689138114877,0,0.0007380017475779,NA,0.0326097329050694,0,-0.0322705991409384,-0.0189157163734453,0.00650597583720469,0.139881909547739,0,"S4","null",500,2,0.0846702000107324,1.91374452886041,0,0,0,"none",0,82,0
0.305360392498322,-0.0174809020314766,0.999999999489923,1,0.386880196700113,NA,0.841603879250743,0,0.0931066952078364,NA,0.188135332826655,0,0.0972212964649374,0.0247541915398136,0.0111840964663562,0.240268844221106,0,"S4","null",500,2,0.0846702000107324,4.64411933296077,0,0,0,"none",0,83,0
0.277891198612817,-0.0499629301471029,0.999999998187032,1,0.225718825476855,NA,0.607076600442107,0,0.00516536323691002,NA,0.0361930765706136,0,0.00846550711677537,-0.00524229161773245,0.00319067963030608,0.0744623115577889,0,"S4","null",500,2,0.0846702000107324,4.70034008634555,0,0,0,"none",0,84,0
0.284323426572405,-0.0415636277336572,0.999999999987989,1,0.104223261483981,NA,0.367170057894308,0,0.0123099012016529,NA,0.0573896929786511,0,0.014232044289138,-0.00835913326585917,0.00385118507095028,0.0821407035175879,0,"S4","null",500,2,0.0846702000107324,7.84482334064076,0,0,0,"none",0,85,0
0.307326850369365,-0.0495012003124409,0.999999999969134,1,0.139706433176803,NA,0.411323035162614,0,0.00399113163818158,NA,0.0349287694557715,0,0.0170428623891941,0.00517442472364529,0.00502984711704018,0.0996834170854271,0,"S4","null",500,2,0.0846702000107324,5.08282209901001,0,0,0,"none",0,86,0
0.240568779361162,-0.00234868545193912,0.999999998724235,1,0.0434146115871032,NA,0.126697219418667,0,-0.0017477286125358,NA,0.0329105262260581,0,-0.119312463921839,-0.0558736162262065,0.0119110415372742,0.311032663316583,0,"S4","null",500,2,0.0846702000107324,2.58580120520636,0,0,0,"none",0,87,0
0.24261761894137,-0.022657962453301,0.9999989321341,1,0.128480478069923,NA,0.442803560250274,0,0.0154828584355953,NA,0.0605806014334641,0,0.0145630806959589,-0.0103660800541619,0.00409941743849558,0.0918743718592965,0,"S4","null",500,2,0.0846702000107324,7.40839963778088,0,0,0,"none",0,88,0
0.267353291010499,-0.0255298254531025,0.999999997757699,1,0.191862602243428,NA,0.616417931081438,0,0.0109340318476665,NA,0.049420275912938,0,0.0199823872405687,0.0381716459151037,0.0072766126834012,0.202560301507538,0,"S4","null",500,2,0.0846702000107324,4.85945621130849,0,0,0,"none",0,89,0
0.274389074587289,-0.0241264047222444,0.999999999367487,1,0.402773120224705,NA,0.80480824523679,0,0.00512440346576585,NA,0.0351701938438678,0,0.187799598153653,0.0833710763681199,0.0140361339944569,0.385045226130653,0,"S4","null",500,2,0.0846702000107324,2.17044319387569,0,0,0,"none",0,90,0
0.265033643809615,0.0106665995500115,0.999999993381197,1,-0.28374984044271,NA,0.582958688735897,0,-0.000509104185636629,NA,0.0330942533223525,0,0.0163888943411044,-0.0133024655668177,0.00725918107008484,0.126087939698492,0,"S4","null",500,2,0.0846702000107324,1.9723056077992,0,0,0,"none",0,91,0
0.289609103998482,-0.030529475385692,0.999999999994318,1,0.318085859989091,NA,0.768762910795972,0,0.0665039076895287,NA,0.144906318205741,0,0.0414483430729661,0.00936478290317938,0.00580095853515195,0.117537688442211,0,"S4","null",500,2,0.0846702000107324,2.75982350008092,0,0,0,"none",0,92,0
0.304361126727318,-0.00671720612315244,0.999999999998668,1,0.350957044453125,NA,0.886448959215428,0,0.275237002280123,NA,0.536391992921033,1,0.233654897566762,-0.0439027063305714,0.0164788914713719,0.466620603015075,0,"S4","null",500,2,0.0846702000107324,5.13025123003897,0,0,0,"none",0,93,0
0.243276901598744,1.38501564501035e-05,0.999999785166166,1,-0.0184427989279198,NA,0.0606628897414343,0,0.0081081104459524,NA,0.0446665537244546,0,-0.0031183028357215,-0.00417716810385058,0.00353809853400943,0.0749798994974874,0,"S4","null",500,2,0.0846702000107324,4.77663082407654,0,0,0,"none",0,94,0
0.193102402998763,-0.0343598898645673,0.999960102336268,1,0.00410302657670937,NA,0.00940873296140232,0,0.00848932273095611,NA,0.038393377128834,0,0.0937060140220646,-0.165033861609716,0.0133723711085848,0.621814070351759,1,"S4","null",500,2,0.0846702000107324,1.52477090957461,0,0,0,"none",0,95,0
0.208041851778726,0.0124905172766211,0.99999433813863,1,0.149856107824893,NA,0.355852238296062,0,0.0111591042388838,NA,0.0447388047832752,0,0.434037255344709,0.0247671905934531,0.0234953313401328,0.52571608040201,1,"S4","null",500,2,0.0846702000107324,2.05385519553908,0,0,0,"none",0,96,0
0.264015531443239,-0.00327903964869174,0.999999949198726,1,-0.284365720476557,NA,0.513810433459951,0,0.0255062676371151,NA,0.0617277652459081,0,0.0176311855810116,-0.0525647031535582,0.0135407130282207,0.286665829145729,0,"S4","null",500,2,0.0846702000107324,2.14541719457319,0,0,0,"none",0,97,0
0.198433208299719,-0.0316922121912448,0.999989151143945,1,0.144491727723112,NA,0.348970628865003,0,0.0119265437673233,NA,0.0482402907019466,0,0.0400068092139412,-0.00943647136490646,0.00568105492834879,0.133665829145729,0,"S4","null",500,2,0.0846702000107324,2.72338539993393,0,0,0,"none",0,98,0
0.249264312068386,-0.0333908838379282,0.999999991276849,1,-0.0756567426384319,NA,0.124950959024544,0,0.032335682185005,NA,0.0693200882422523,0,0.0763649866106978,-0.0476379468638412,0.00884780150872042,0.220934673366834,0,"S4","null",500,2,0.0846702000107324,1.33288113788305,0,0,0,"none",0,99,0
0.263260310074786,-0.00515038818896385,0.999999974672515,1,0.204659563377329,NA,0.53193594814498,0,0.0937662607429054,NA,0.205259695400341,0,0.05099545382946,0.00955626446328317,0.00714580491402895,0.158954773869347,0,"S4","null",500,2,0.0846702000107324,4.07859528352153,0,0,0,"none",0,100,0
0.272115639931203,-0.0305271923792821,0.999999999920864,1,0.147529469779941,NA,0.602175970858951,0,0.043073839816374,NA,0.140962141605423,0,0.0271934061319531,-0.00657978859310386,0.00500015613173381,0.117304020100503,0,"S4","null",500,5,0.133875340987964,7.83301274704962,0,0,0,"none",0,1,0
0.321342112205199,-0.00507708189727246,0.999999999999216,1,-0.0718305605450182,NA,0.183641913934976,0,0.00737180399677164,NA,0.0387913416294706,0,0.00180313870112031,0.00330553364457538,0.00366291120491111,0.0838643216080402,0,"S4","null",500,5,0.133875340987964,2.97363299446551,0,0,0,"none",0,2,0
0.18189079921727,0.0189144214325016,0.999979164209383,1,0.222657492679084,NA,0.813565545393191,0,0.0795652243304612,NA,0.241270430075905,0,0.0864026144654538,0.00507359405906551,0.0128278687815969,0.271075376884422,0,"S4","null",500,5,0.133875340987964,15.4294780286584,0,0,0,"none",0,3,0
0.278623283132623,-0.0269651088212404,0.999999999950897,1,0.0283659579892021,NA,0.0986597523781114,0,0.000457143727226529,NA,0.0325211254545646,0,0.00584755908231448,-0.0188647585792581,0.00435143823278268,0.0969070351758794,0,"S4","null",500,5,0.133875340987964,5.21101861784422,0,0,0,"none",0,4,0
0.201043963851508,-0.0116848195925162,0.999960456556956,1,0.0911198123600847,NA,0.401325556154387,0,0.00405676533756066,NA,0.0381238193365704,0,0.116254760964787,0.151852723914669,0.0154305614518628,0.430188442211055,0,"S4","null",500,5,0.133875340987964,11.7852079247464,0,0,0,"none",0,5,0
0.252147232562353,0.014021376179526,0.999999683845122,1,0.0832704911685252,NA,0.271933909083134,0,0.0155885680176811,NA,0.0592635121270438,0,-0.0267868709865906,0.0083962856285479,0.00600212470305334,0.136874371859296,0,"S4","null",500,5,0.133875340987964,4.65804324739316,0,0,0,"none",0,6,0
0.24896927248472,0.0140456509495859,0.999999925738323,1,-0.0883676697625738,NA,0.318579516738138,0,-0.000382945184512836,NA,0.0324727944780754,0,-0.0183259283390859,0.00209478993891126,0.00442556599854664,0.0963391959798995,0,"S4","null",500,5,0.133875340987964,6.27509485260416,0,0,0,"none",0,7,0
0.287490965305244,0.0179221741459597,0.999999999737967,1,0.479635448007044,NA,0.879436275880974,0,0.0257580963020413,NA,0.0720247826018129,0,0.109100028196015,0.0346357452117305,0.00845162015933153,0.24158040201005,0,"S4","null",500,5,0.133875340987964,2.63821936319562,0,0,0,"none",0,8,0
0.259579181266693,-0.0156887003013508,0.999999998867357,1,0.283211724439006,NA,0.719457766151494,0,0.00863171541878651,NA,0.0411846277641505,0,0.0407626362904658,-0.00458252846191035,0.00553046684699409,0.137188442211055,0,"S4","null",500,5,0.133875340987964,3.58262635978864,0,0,0,"none",0,9,0
0.216240516535701,-0.00644018763335541,0.999996582864729,1,0.05668957086168,NA,0.168890736361224,0,-0.00121699564657999,NA,0.0344653667916493,0,0.00220639968366625,-0.00522637754186404,0.00511677149207042,0.107650753768844,0,"S4","null",500,5,0.133875340987964,4.16801009992636,0,0,0,"none",0,10,0
0.180253338655995,-0.0316625651235422,0.999907742949094,1,0.0279901990826183,NA,0.089850801638266,0,0.00863509057141347,NA,0.0444333263732454,0,0.00372602168408504,-0.0053922374451175,0.00374512706565329,0.0837989949748744,0,"S4","null",500,5,0.133875340987964,4.42344886001111,0,0,0,"none",0,11,0
0.181715348950726,0.0243156682252875,0.999978077092578,1,-0.130461239131154,NA,0.400732088958895,0,-0.00599957954246775,NA,0.0376278843056637,0,-0.0123305244387523,0.00200127758177029,0.00453598531776331,0.0869974874371859,0,"S4","null",500,5,0.133875340987964,4.74398503355201,0,0,0,"none",0,12,0
0.17364700041266,0.0515015792413751,0.999919784246181,1,0.223886394115982,NA,0.700872487343461,0,0.0132960385110931,NA,0.0549190939594987,0,0.021290362584803,-0.0100681590541125,0.00451067992211489,0.108273869346734,0,"S4","null",500,5,0.133875340987964,6.55142794525945,0,0,0,"none",0,13,0
0.163440183353916,-0.0016705597529236,0.999206174895715,1,0.135092854836775,NA,0.450409567846044,0,0.00320918379907562,NA,0.0354414580184396,0,0.0447539870460213,-0.00234457447088575,0.00605188083807146,0.143693467336683,0,"S4","null",500,5,0.133875340987964,6.53128638945786,0,0,0,"none",0,14,0
0.279022410472814,-0.00458336013855474,0.999999999441413,1,0.0590004646486112,NA,0.166342948908537,0,-0.000185782595523426,NA,0.0324281655068648,0,0.00663361043851558,0.0296225627031974,0.0050377846863776,0.120409547738693,0,"S4","null",500,5,0.133875340987964,3.49342158685882,0,0,0,"none",0,15,0
0.260043207369297,0.0110373021624544,0.999999997824913,1,0.189784659494422,NA,0.743410011001648,0,0.0160674760255816,NA,0.071808715936087,0,0.105324437226842,0.095307657149225,0.0136974954810634,0.399391959798995,0,"S4","null",500,5,0.133875340987964,8.7632290333113,0,0,0,"none",0,16,0
0.247775783154693,-0.0199915102661725,0.99999997475471,1,-0.149318813918442,NA,0.396236212922399,0,-0.000768977904906029,NA,0.0330431769084261,0,-0.00551197544719646,0.00185616852390678,0.00328877358256087,0.0797663316582915,0,"S4","null",500,5,0.133875340987964,3.91728471696484,0,0,0,"none",0,17,0
0.3298897432886,-0.00986711906611088,0.999999999999981,1,0.0952138420730218,NA,0.416884398687398,0,0.00270036388949745,NA,0.0356486919913491,0,0.0105097748471279,-0.00683392839105917,0.00425838865952239,0.0858366834170854,0,"S4","null",500,5,0.133875340987964,7.45563212347526,0,0,0,"none",0,18,0
0.250585590698023,-0.00640916883206684,0.999999742470113,1,-0.212501731902474,NA,0.540913412558827,0,-0.0169053479407847,NA,0.0523895662205709,0,-0.0544721426525139,0.0174685879169963,0.00618359069026693,0.174057788944724,0,"S4","null",500,5,0.133875340987964,3.68808572003819,0,0,0,"none",0,19,0
0.241228499453993,-0.0226125132230671,0.999999694676853,1,0.180172839921546,NA,0.662885321523088,0,0.0267922538690733,NA,0.0970082830972246,0,0.0135680904301526,-0.0169805335865853,0.00456439987300347,0.0976532663316583,0,"S4","null",500,5,0.133875340987964,8.70705318599015,0,0,0,"none",0,20,0
0.237634499279685,-0.00964248098485714,0.999999965439714,1,0.31111136721849,NA,0.815651448020716,0,0.00844603301227615,NA,0.0423852046538342,0,0.0179137550995929,0.0237527223859372,0.00477959495382965,0.129070351758794,0,"S4","null",500,5,0.133875340987964,4.46557727711179,0,0,0,"none",0,21,0
0.289565099476487,-0.00343620985126502,0.999999999828938,1,0.222999588784933,NA,0.748655202030772,0,0.0177176030755517,NA,0.0697260819023612,0,0.00616539191106949,0.00356943813336319,0.00366766603774585,0.0740326633165829,0,"S4","null",500,5,0.133875340987964,5.97194763953912,0,0,0,"none",0,22,0
0.148722240231585,-0.0512493472927981,0.999279266547469,1,-0.0911416722301778,NA,0.359902414951505,0,-0.00284829369387072,NA,0.0358985066228571,0,-0.452563762714895,-0.102832489597685,0.0144559246662367,0.804341708542714,1,"S4","null",500,5,0.133875340987964,6.50368478983197,0,0,0,"none",0,23,0
0.24024360846809,0.0170095230174327,0.999999133848048,1,-0.0633485317387886,NA,0.224079111015193,0,-0.00090930824205115,NA,0.0347010931509573,0,-0.00356018991674966,-0.0134891839638567,0.00362108358713184,0.0809321608040201,0,"S4","null",500,5,0.133875340987964,6.26573660527768,0,0,0,"none",0,24,0
0.22554624227618,-0.00559676399048176,0.999996574792476,1,0.0444255124222008,NA,0.167074817844164,0,0.00614390593692581,NA,0.0410180960954571,0,0.0786718540010765,0.00221402026431192,0.00901134716474255,0.211517587939698,0,"S4","null",500,5,0.133875340987964,7.73617156704858,0,0,0,"none",0,25,0
0.212202590913973,0.00410828125122142,0.999997072719769,1,0.050644574298908,NA,0.247125600083516,0,0.00322520338724539,NA,0.0366891810856813,0,0.00656521885960614,-0.00834366080142909,0.00481577186791873,0.0977638190954774,0,"S4","null",500,5,0.133875340987964,8.06093218011107,0,0,0,"none",0,26,0
0.170888009924128,-0.0660789389188767,0.999990906653552,1,0.0465053906954495,NA,0.184380731981971,0,0.000766726455845753,NA,0.0328503544298391,0,0.00953517200043671,0.0272263435846078,0.00851196225997118,0.138201005025126,0,"S4","null",500,5,0.133875340987964,6.2673145242564,0,0,0,"none",0,27,0
0.209561226648957,-0.0035844939500672,0.999989982806252,1,0.0470478292928355,NA,0.213260510085271,0,0.00344655646881223,NA,0.0380535428137921,0,0.0002783631625109,0.0572044131619139,0.00746182702713311,0.143798994974874,0,"S4","null",500,5,0.133875340987964,9.88760117192659,0,0,0,"none",0,28,0
0.286584474587497,0.0073929296312865,0.999999999723791,1,0.367908833972031,NA,0.906175677001607,0,0.0456602804939256,NA,0.110486213430457,0,0.0627467792629939,0.00848480853523722,0.00781375735313824,0.1918391959799,0,"S4","null",500,5,0.133875340987964,6.39202722381085,0,0,0,"none",0,29,0
0.212640124092904,0.0543017210314781,0.999992080666114,1,-0.0483885754995566,NA,0.159728213805239,0,0.00293521508110516,NA,0.0389469105049419,0,0.0683130174604639,0.192960245194175,0.0127937960333657,0.424881909547739,0,"S4","null",500,5,0.133875340987964,8.46351718071913,0,0,0,"none",0,30,0
0.218700255118112,0.00116902005787169,0.999999290144396,1,0.013251104771733,NA,0.0625912658020993,0,0.00288848473920335,NA,0.0370141746059551,0,0.0032950900513007,0.000935913723314392,0.0033871060630995,0.0602587939698492,0,"S4","null",500,5,0.133875340987964,9.05137328883945,0,0,0,"none",0,31,0
0.202608565782191,0.0298824972609447,0.999993260373212,1,-0.0818480997601687,NA,0.326220864426305,0,0.000331014747599916,NA,0.032463027521677,0,-0.00974915870591189,0.0062225527021792,0.00381211224560929,0.0749849246231156,0,"S4","null",500,5,0.133875340987964,7.4718310286606,0,0,0,"none",0,32,0
0.222658608311992,-0.0220142079294192,0.999996727002148,1,0.187674492807363,NA,0.68276810099614,0,0.00439091662612428,NA,0.0372276979324352,0,0.0200802855860733,-0.00448239235838821,0.00406046175477277,0.105402010050251,0,"S4","null",500,5,0.133875340987964,8.73126993988726,0,0,0,"none",0,33,0
0.214772989144793,-0.0588871557164074,0.999999907761197,1,-0.0692960484380281,NA,0.257613728164244,0,0.00278865023719316,NA,0.0350900937169209,0,0.0167500096741358,0.0770941967247796,0.0103223803098768,0.23529648241206,0,"S4","null",500,5,0.133875340987964,6.73067745768434,0,0,0,"none",0,34,0
0.265920287892182,-0.0354279956927209,0.999999999652403,1,0.171972260256099,NA,0.647026514470082,0,0.00514096543804923,NA,0.0406982347541012,0,0.00619506718266605,1.38174060065531e-05,0.00256019301641239,0.0634321608040201,0,"S4","null",500,5,0.133875340987964,9.14416898095186,0,0,0,"none",0,35,0
0.18029996321233,0.0193768787078368,0.999671430302077,1,0.0127231372799665,NA,0.043911407026607,0,0.000293017852528483,NA,0.0325745081518894,0,0.00288145879268834,-0.0103019972821919,0.00505219793672601,0.103369346733668,0,"S4","null",500,5,0.133875340987964,5.62740658966288,0,0,0,"none",0,36,0
0.231554158629853,-0.000410766030467275,0.999999385917556,1,0.167526780096116,NA,0.619606319430685,0,0.00444120919841858,NA,0.0374720056423487,0,0.0386352474112089,-0.0369707997887205,0.00870081030832878,0.174497487437186,0,"S4","null",500,5,0.133875340987964,5.66124526261606,0,0,0,"none",0,37,0
0.285291094897061,0.0179595809820843,0.999999998957722,1,-0.104642880619711,NA,0.417299824679913,0,-0.00166655208732571,NA,0.0336392641734732,0,-0.029130467871945,-0.0508162005755119,0.00755573526164231,0.152115577889447,0,"S4","null",500,5,0.133875340987964,8.05802499642641,0,0,0,"none",0,38,0
0.263711814924021,0.00673609967905397,0.99999997185962,1,0.176248296222045,NA,0.615190810714134,0,0.0170991311539359,NA,0.0688434001729675,0,0.0390238378339517,-0.0274785100112786,0.00651052480834615,0.172912060301508,0,"S4","null",500,5,0.133875340987964,7.46991126589103,0,0,0,"none",0,39,0
0.251603788713061,-0.00996472217059784,0.99999999318782,1,0.297293917635078,NA,0.930505654531579,0,0.0316384635402721,NA,0.115670306397809,0,0.187086848211572,0.00535523436417801,0.0163077178872979,0.463525125628141,0,"S4","null",500,5,0.133875340987964,10.5705885172594,0,0,0,"none",0,40,0
0.302380015233237,0.0139882347280975,0.999999999997534,1,0.11329621307995,NA,0.412524816234585,0,0.0056968955587854,NA,0.0393827203542931,0,0.0192022119293076,0.00622894399918422,0.00449528751667892,0.104316582914573,0,"S4","null",500,5,0.133875340987964,5.61985713320271,0,0,0,"none",0,41,0
0.208164502542575,0.0388436197077015,0.99999086914635,1,0.12887978242368,NA,0.399627534348905,0,0.0182829182063828,NA,0.0631935555859325,0,0.0623567452706317,0.0376041559099902,0.0101259194235827,0.238821608040201,0,"S4","null",500,5,0.133875340987964,5.22658066991535,0,0,0,"none",0,42,0
0.172205221775596,-0.0204371529311056,0.999863397489298,1,0.253262179298247,NA,0.794771389776394,0,0.10280291706787,NA,0.249342271703194,0,0.215340862618937,0.0341735574089386,0.0183363818641765,0.522756281407035,1,"S4","null",500,5,0.133875340987964,8.25158032596734,0,0,0,"none",0,43,0
0.208413232539975,-0.000686706290781079,0.999996791779637,1,0.110480344828503,NA,0.384439244507051,0,0.00953365254123056,NA,0.0480348004945914,0,0.00213396609049606,0.0604744455615702,0.0100600581496677,0.224520100502513,0,"S4","null",500,5,0.133875340987964,4.20589661883151,0,0,0,"none",0,44,0
0.158325423097989,-0.0203802154781244,0.997828464801582,1,0.0416938389331604,NA,0.144011421395147,0,0.0031520689740838,NA,0.0368613404207726,0,-0.0139839827636529,-0.027845362346707,0.00663457760116633,0.140085427135678,0,"S4","null",500,5,0.133875340987964,4.89983904953541,0,0,0,"none",0,45,0
0.165293198675355,-0.0398698105872486,0.999784108520106,1,-0.0798653904603339,NA,0.274850104716579,0,0.00116608265207531,NA,0.0328487846782832,0,-0.00665357726881409,-0.0101175773409711,0.00533772220023032,0.0849849246231156,0,"S4","null",500,5,0.133875340987964,5.39945740222115,0,0,0,"none",0,46,0
0.222572167801542,-0.00573092317855113,0.999999014173554,1,-0.153895754613218,NA,0.563197500225289,0,-0.00830815668582557,NA,0.0457584192953408,0,-0.0112321315517157,-0.0302468690232438,0.00674857782650829,0.158731155778894,0,"S4","null",500,5,0.133875340987964,6.36965569215093,0,0,0,"none",0,47,0
0.267360624782873,-0.0460989429311499,0.999999999721311,1,0.0545952511650628,NA,0.285020687945018,0,0.00454363967431578,NA,0.0419976096129934,0,0.0120883824265774,-0.0197870665569229,0.00646269808117154,0.114160804020101,0,"S4","null",500,5,0.133875340987964,13.5737786239846,0,0,0,"none",0,48,0
0.277017587664034,-0.0493109553265772,0.99999999973508,1,0.0161476132738107,NA,0.0492110542969855,0,0.00822940504322808,NA,0.0431230397864201,0,-0.000160524521338289,-0.000340161230029792,0.00356345997126353,0.081286432160804,0,"S4","null",500,5,0.133875340987964,3.47008711640111,0,0,0,"none",0,49,0
0.253665227557826,0.0313088206849654,0.999999995490342,1,0.0641722506392429,NA,0.283561841985914,0,0.0040385308161474,NA,0.0377616409730876,0,0.00950394051233847,0.0156125001279483,0.0055291294217384,0.10106783919598,0,"S4","null",500,5,0.133875340987964,8.0988191725988,0,0,0,"none",0,50,0
0.203601031775545,-0.0102789951228034,0.999988529995034,1,-0.115517050131111,NA,0.400924231984527,0,-0.00444936835073424,NA,0.0370722250659745,0,-0.0172177390694306,-0.00333879382287426,0.00428462236070132,0.0845753768844221,0,"S4","null",500,5,0.133875340987964,5.34966295645999,0,0,0,"none",0,51,0
0.148198132628244,0.00969259157328039,0.99554611768951,1,-0.081915834032776,NA,0.328233432261099,0,-0.000984718916662384,NA,0.0329994164569533,0,-0.0156947969096932,0.0256793246291584,0.0058015374915797,0.13494472361809,0,"S4","null",500,5,0.133875340987964,8.20157998440837,0,0,0,"none",0,52,0
0.235338400609694,-0.00967835499238341,0.999997872487851,1,0.227258516858998,NA,0.59724557365979,0,0.00174216732932627,NA,0.0333118101267095,0,0.00227725354360088,0.00454415943743441,0.00303664989607337,0.0711733668341709,0,"S4","null",500,5,0.133875340987964,5.77506683674979,0,0,0,"none",0,53,0
0.203634093096567,-0.0475989630986154,0.999988756579758,1,-0.0120533289228881,NA,0.0277404893673419,0,0.00611295615731061,NA,0.0373517279396139,0,-0.00232633392693759,0.0220490581087369,0.00435708788173189,0.126459798994975,0,"S4","null",500,5,0.133875340987964,3.07426330796302,0,0,0,"none",0,54,0
0.221120466026245,0.0150060988965702,0.999999398410121,1,0.0192378862716691,NA,0.0738863093798405,0,0.0021301744167162,NA,0.0338083097649781,0,0.00115702381969891,-0.00503010118615494,0.0027881597987555,0.0525577889447236,0,"S4","null",500,5,0.133875340987964,5.8359831084818,0,0,0,"none",0,55,0
0.202444805713101,-0.0458914090137322,0.999995894883522,1,-0.0397700215681021,NA,0.136320518910205,0,0.000448956719071848,NA,0.035890526110341,0,0.0104278062538634,-0.0113003558853496,0.00340490416663125,0.0974773869346734,0,"S4","null",500,5,0.133875340987964,7.37245872524653,0,0,0,"none",0,56,0
0.160640216526762,0.036592612418051,0.999757252484526,1,0.0836346338545234,NA,0.343786595304926,0,0.00900750237392049,NA,0.0523261244968155,0,0.0652860822441347,0.0628039819654401,0.00991500527882182,0.281608040201005,0,"S4","null",500,5,0.133875340987964,9.50159108619558,0,0,0,"none",0,57,0
0.17583105352389,-0.0342397840364663,0.999722762772698,1,-0.0585456757368555,NA,0.226993657957048,0,-0.00667349694521095,NA,0.0471276699646557,0,-0.0318773605839215,0.00218899739921017,0.00672846436308467,0.125324120603015,0,"S4","null",500,5,0.133875340987964,8.15715699533527,0,0,0,"none",0,58,0
0.257331573270879,0.0305124613858103,0.999999998455597,1,-0.262041476445058,NA,0.724904738680159,0,-0.0119455014922247,NA,0.0496639551926163,0,-0.0100833343237224,-0.0136694529822055,0.00550948856376887,0.125670854271357,0,"S4","null",500,5,0.133875340987964,4.26699302746471,0,0,0,"none",0,59,0
0.285488163593699,-0.0305318563648358,0.999999996815922,1,0.323941135286737,NA,0.815810408597962,0,0.035854042110036,NA,0.0937052994631376,0,0.0281009288236142,0.00906012203498653,0.00471611027297287,0.1336608040201,0,"S4","null",500,5,0.133875340987964,3.93198420856544,0,0,0,"none",0,60,0
0.215194925527225,0.0087128017543016,0.999984401798563,1,0.0102367376016887,NA,0.0331812395642359,0,-0.00385183414610033,NA,0.0352504554213829,0,-0.00290936993284984,0.00460054469313451,0.00312908685807902,0.0752336683417085,0,"S4","null",500,5,0.133875340987964,5.08346151842528,0,0,0,"none",0,61,0
0.212144251980247,-0.0135242967258712,0.999974207355881,1,-0.291840647837018,NA,0.78782709774904,0,-0.00897687285810073,NA,0.0443015568497875,0,-0.0158008147366171,0.00486447681352785,0.00486853249255316,0.0918165829145729,0,"S4","null",500,5,0.133875340987964,6.61332280028784,0,0,0,"none",0,62,0
0.259802104631513,-0.0140644578757361,0.999999998404073,1,0.20831677357401,NA,0.795910317527556,0,0.00619406442820738,NA,0.0437681254364751,0,0.0854325649025389,0.030998012982194,0.0109127354193044,0.265693467336683,0,"S4","null",500,5,0.133875340987964,10.6381685730219,0,0,0,"none",0,63,0
0.28739879836774,0.0289678182738083,0.999999999475195,1,0.295150490469377,NA,0.781593361227913,0,0.0447870601315051,NA,0.10988851302219,0,0.277037740966164,0.146042544900685,0.0161785070915925,0.520761306532663,1,"S4","null",500,5,0.133875340987964,5.28601104779953,0,0,0,"none",0,64,0
0.189310969168027,0.0225626513838058,0.999959865380005,1,0.0236326362076158,NA,0.0867548668996845,0,0.00308504087055929,NA,0.0352485462825585,0,0.00728016935130801,0.0043166602516892,0.00312938823333888,0.0727763819095477,0,"S4","null",500,5,0.133875340987964,6.74176233102848,0,0,0,"none",0,65,0
0.176124271670306,0.0407720674667612,0.999900567132163,1,0.0700517161193054,NA,0.331183023603634,0,2.11456216440297e-05,NA,0.0325234090520859,0,0.00116329256100932,0.00228212589978845,0.0027194669195229,0.0461231155778894,0,"S4","null",500,5,0.133875340987964,10.5688876606364,0,0,0,"none",0,66,0
0.231960197648933,-0.0243109213984431,0.999999928134387,1,0.130535186824729,NA,0.593511600414947,0,0.00829941509866577,NA,0.0517251537076183,0,0.0245965260725039,-0.00976447551141989,0.00564360199965931,0.121113065326633,0,"S4","null",500,5,0.133875340987964,10.3136732460639,0,0,0,"none",0,67,0
0.213896186150345,-0.00980402073174741,0.999996013404789,1,-0.0644996964345531,NA,0.207753518354458,0,0.00495393787910079,NA,0.0387385976113621,0,0.0101208243195771,-0.0144394222877198,0.00600815013190256,0.137218592964824,0,"S4","null",500,5,0.133875340987964,4.74676401921263,0,0,0,"none",0,68,0
0.262940378301169,0.0119272088196533,0.999999991395648,1,0.6218046250967,NA,0.998919755923071,1,0.19191721756162,NA,0.386679127086524,0,0.59369457916688,-0.108634642075132,0.00848004806771447,0.972663316582915,1,"S4","null",500,5,0.133875340987964,10.2069161896622,0,0,0,"none",0,69,0
0.194783053754731,-0.00130521249301361,0.999966843499626,1,0.432371087306149,NA,0.938408903698867,0,0.0638273793187882,NA,0.143476697144828,0,0.0605693747202826,0.0194121969823897,0.0102043491056819,0.17893216080402,0,"S4","null",500,5,0.133875340987964,2.99647346541625,0,0,0,"none",0,70,0
0.244810578707876,-0.0187614968212289,0.99999962220861,1,0.477062433291256,NA,0.951982346452507,1,0.0321912521390808,NA,0.0820684653343483,0,0.0408139347572083,0.00105152119351304,0.00556534237339158,0.125075376884422,0,"S4","null",500,5,0.133875340987964,3.86433170383703,0,0,0,"none",0,71,0
0.235729783974051,0.0128695061710906,0.999999970318051,1,0.0507609283097215,NA,0.242344843157626,0,-0.00139610102510428,NA,0.0344307302701003,0,0.00517478148195835,0.00942427565759144,0.00311407556397331,0.0689221105527638,0,"S4","null",500,5,0.133875340987964,11.4867448026109,0,0,0,"none",0,72,0
0.230191419462887,0.0276454023313285,0.999999965440895,1,0.157263413160687,NA,0.543249735132511,0,0.0137418597818755,NA,0.0608452738159799,0,0.0150140956980361,-0.0163581057509722,0.00484036679278673,0.101226130653266,0,"S4","null",500,5,0.133875340987964,5.55895670658526,0,0,0,"none",0,73,0
0.229036850521414,-0.0525998839624311,0.999999653796749,1,-0.033191950564733,NA,0.127620031008553,0,0.01592653483391,NA,0.0695817011366056,0,0.0110042318558325,-0.0113352467678497,0.0039653143278319,0.0874974874371859,0,"S4","null",500,5,0.133875340987964,9.57716509045823,0,0,0,"none",0,74,0
0.15907712459779,0.00560458079039029,0.997434688705663,1,0.120657577322416,NA,0.456350418461822,0,0.00671018307658155,NA,0.0436456184803919,0,0.0554181830302041,0.0409580204586941,0.0112684739683548,0.246826633165829,0,"S4","null",500,5,0.133875340987964,7.45947458797445,0,0,0,"none",0,75,0
0.257828243100099,0.0132049892052953,0.999999995975331,1,0.0217872588765866,NA,0.072735629887106,0,-0.00195214388219819,NA,0.0342553457528403,0,0.00423824683177043,-0.0228781070737829,0.00573009289373357,0.119570351758794,0,"S4","null",500,5,0.133875340987964,4.56335189508236,0,0,0,"none",0,76,0
0.250139047482701,-0.0414107237820364,0.999999922977724,1,-0.152533692705972,NA,0.544617188433874,0,-0.00325150342798871,NA,0.0361573590895367,0,-0.0112618640389047,-0.01383242233074,0.00596686962430104,0.12814824120603,0,"S4","null",500,5,0.133875340987964,7.45156116782733,0,0,0,"none",0,77,0
0.220298292217206,0.000761172065040011,0.999999486712445,1,0.0845868325255585,NA,0.302251597744188,0,0.0101719042490027,NA,0.0486451761058593,0,0.138608387644666,0.0673555185372595,0.0129121101817834,0.368693467336683,0,"S4","null",500,5,0.133875340987964,7.1254501809362,0,0,0,"none",0,78,0
0.211837338631586,-0.0143028651364433,0.999994469643886,1,-0.121402360641915,NA,0.349944390847838,0,0.00393766030676282,NA,0.0365889595986056,0,-0.0305443110923794,0.0127612267112497,0.00713197292025939,0.149768844221106,0,"S4","null",500,5,0.133875340987964,3.50068602596106,0,0,0,"none",0,79,0
0.301730127247946,-0.0253052533312126,0.999999999978194,1,-0.301589220580071,NA,0.808826346056182,0,-0.00561644754453023,NA,0.0395514162532226,0,-0.0166294114708708,-0.00456529991708966,0.00450745112002697,0.0892437185929648,0,"S4","null",500,5,0.133875340987964,5.81089090024427,0,0,0,"none",0,80,0
0.252099579844125,-0.00758116818233677,0.999999684084611,1,0.359917402210157,NA,0.970397097552151,1,0.0764186194824412,NA,0.207484740376493,0,0.357230120314636,-0.0306879737322179,0.0153383869474678,0.725417085427136,1,"S4","null",500,5,0.133875340987964,10.6354322233886,0,0,0,"none",0,81,0
0.227930668396626,0.00896406221594173,0.999999731105141,1,0.364642345917972,NA,0.951957949837283,1,0.0979139628220722,NA,0.232369484947781,0,0.478142664692374,-0.14136961005809,0.0150228376502826,0.887309045226131,1,"S4","null",500,5,0.133875340987964,9.68764597060744,0,0,0,"none",0,82,0
0.231066395715566,-0.00538368296652956,0.999999850976471,1,-0.0154068809449725,NA,0.0608354619886059,0,-0.00216299258869304,NA,0.0334640140533952,0,-0.0111899608757391,-0.0116922474726073,0.00371383524960235,0.0851708542713568,0,"S4","null",500,5,0.133875340987964,6.51234851524994,0,0,0,"none",0,83,0
0.20441047646583,-0.00940049996950611,0.99998337549595,1,0.0828636964691182,NA,0.27115303666004,0,0.00394681212062556,NA,0.0366545446344037,0,0.0279702555654212,-0.00762878695315336,0.00497865208286914,0.112133165829146,0,"S4","null",500,5,0.133875340987964,6.16202738497989,0,0,0,"none",0,84,0
0.210526585161001,-0.0397231139085367,0.999997825570432,1,-0.0801811964807588,NA,0.322606859423921,0,0.00248968475017131,NA,0.0352735246053122,0,-0.0133567040676406,0.00408438130177313,0.00422883376645685,0.0932964824120603,0,"S4","null",500,5,0.133875340987964,8.24105268944007,0,0,0,"none",0,85,0
0.264241642562466,-0.0123603176979713,0.999999996381315,1,0.345503510932508,NA,0.944233482011082,0,0.0392678730176595,NA,0.123633050878708,0,0.387261054461233,0.0832779791227165,0.0226226716994634,0.751721105527638,1,"S4","null",500,5,0.133875340987964,9.01034778208112,0,0,0,"none",0,86,0
0.263757148573889,-0.0451017794086605,0.999999998320025,1,0.0369809526614229,NA,0.119588494337339,0,0.00185409926229491,NA,0.0333205954868107,0,0.0174272591028886,0.0196254872255454,0.00578688910794589,0.119537688442211,0,"S4","null",500,5,0.133875340987964,4.73006575175009,0,0,0,"none",0,87,0
0.246453073557091,-0.0415218656755342,0.999999995834354,1,0.00824426304218525,NA,0.0346254379170998,0,0.00935534668987365,NA,0.0496845325462783,0,0.00872646528781595,-0.00980970959742099,0.00440877415259007,0.112706030150754,0,"S4","null",500,5,0.133875340987964,7.68568262052121,0,0,0,"none",0,88,0
0.281103381166954,0.0171804140716584,0.999999999982052,1,0.259026867184547,NA,0.759435612601252,0,0.0068839598473149,NA,0.0403805891400895,0,0.282938389923853,0.632514540218966,0.00105714851739852,0.998268844221106,1,"S4","null",500,5,0.133875340987964,5.83115113026903,0,0,0,"none",0,89,0
0.249691316094028,0.0165307630099408,0.999999718009857,1,0.104135487512149,NA,0.30764444879023,0,0.0333854537837067,NA,0.0882198251083206,0,0.0879966429241679,0.0397629945683229,0.012444878734441,0.271620603015075,0,"S4","null",500,5,0.133875340987964,5.95873896145678,0,0,0,"none",0,90,0
0.187458158297408,-0.00290034258063481,0.999870706175805,1,-0.357370504021232,NA,0.913604435712449,0,-0.0255053098578973,NA,0.0818882521480029,0,-0.267670537439909,0.134201520601518,0.0189499580932412,0.539570351758794,1,"S4","null",500,5,0.133875340987964,5.81037812346143,0,0,0,"none",0,91,0
0.205170787281494,0.0199374912046892,0.999984499942013,1,-0.0109850914710389,NA,0.0457481472518209,0,0.00633304164210276,NA,0.0441076467600643,0,-0.0249453504140869,0.0890945307866676,0.013360335728899,0.320447236180905,0,"S4","null",500,5,0.133875340987964,7.70362157886276,0,0,0,"none",0,92,0
0.242458873634608,0.0646668693889972,0.999999980954382,1,0.143755485581532,NA,0.439247857081284,0,0.00838614327794274,NA,0.0435360868482549,0,0.0143877928340524,0.00147032783391484,0.00425087929508879,0.0830226130653266,0,"S4","null",500,5,0.133875340987964,5.29729344876873,0,0,0,"none",0,93,0
0.226558492870379,-0.0387439123752288,0.999999370294288,1,0.223469212148257,NA,0.660583116007078,0,0.022023719998752,NA,0.0703078338927501,0,0.0129642816430261,-0.0229997877448448,0.00569809101130495,0.118658291457286,0,"S4","null",500,5,0.133875340987964,4.96940171396678,0,0,0,"none",0,94,0
0.249494583776579,0.0638537030869237,0.999999989248352,1,0.116739796093627,NA,0.462006816519024,0,0.00399695860686665,NA,0.0366289159494195,0,0.00657413791224502,0.0098809773508815,0.0036341725887636,0.0789572864321608,0,"S4","null",500,5,0.133875340987964,9.40925565195605,0,0,0,"none",0,95,0
0.244815814849831,-0.0261921790261957,0.999999818386466,1,-0.152520113495596,NA,0.48427856501922,0,0.00166510704387009,NA,0.0335435154375697,0,0.00413780757744688,-0.00957649212025325,0.00524815618081181,0.0906532663316583,0,"S4","null",500,5,0.133875340987964,5.84984419052922,0,0,0,"none",0,96,0
0.203756372628886,0.0436052884587562,0.999977497764419,1,-0.0901475943683089,NA,0.29412385636176,0,0.000775516890806378,NA,0.033248544210747,0,0.00552322924734686,-0.0245190812685757,0.00553804009857983,0.133246231155779,0,"S4","null",500,5,0.133875340987964,6.3993264001271,0,0,0,"none",0,97,0
0.109393897381533,0.0202543172244025,0.975502691848563,1,0.19658364686383,NA,0.64603463313639,0,0.00667594810485854,NA,0.0415395184770524,0,0.105683628731904,0.272513827973632,0.0124551758080086,0.83305527638191,1,"S4","null",500,5,0.133875340987964,6.31117462356725,0,0,0,"none",0,98,0
0.203314384843701,-0.0433921191884979,0.999996014704874,1,0.141128705492778,NA,0.511799333064948,0,0.00841567041534191,NA,0.0462622272087444,0,-0.00704426379332618,-0.00801810176203319,0.00476736635121503,0.0897261306532663,0,"S4","null",500,5,0.133875340987964,5.02207793360044,0,0,0,"none",0,99,0
0.24872180191065,0.0432159879400194,0.999999996313932,1,-0.0651623054011294,NA,0.270675922564255,0,-0.00345020988701639,NA,0.0359069926903232,0,-0.00269492016595464,0.0060118952502395,0.0030615806657226,0.0648115577889447,0,"S4","null",500,5,0.133875340987964,8.3721699151405,0,0,0,"none",0,100,0
0.298155094149616,-0.000341172796914595,0.999999999999676,1,0.0908909832208819,NA,0.405196953335208,0,0.00319823410903383,NA,0.0365626384248379,0,0.00640825899436307,0.0144429927413417,0.00432774084198037,0.0904497487437186,0,"S4","null",500,10,0.189328322892501,9.92553041898395,0,0,0,"none",0,1,0
0.214431253249731,-0.0279603775264586,0.999999445186908,1,0.197580509005447,NA,0.729586133948581,0,0.010915960554901,NA,0.0560860231742931,0,0.0506866077764344,0.00485001125041132,0.00681588139001861,0.167826633165829,0,"S4","null",500,10,0.189328322892501,8.96033617036666,0,0,0,"none",0,2,0
0.172297776103549,0.0366535042061163,0.999892655906338,1,-0.144815234856248,NA,0.697305869284179,0,-0.00594864794662357,NA,0.0470017879872757,0,-0.0116257040940741,-0.00414904411928301,0.00400655558968606,0.0820502512562814,0,"S4","null",500,10,0.189328322892501,14.8420249476566,0,0,0,"none",0,3,0
0.226386780820842,-0.0346167895537784,0.999999804039523,1,0.164826966692087,NA,0.749722341899426,0,0.0272874797140798,NA,0.119466760066307,0,0.185287568733526,-0.103029058993355,0.020668125919505,0.672713567839196,1,"S4","null",500,10,0.189328322892501,15.056720789097,0,0,0,"none",0,4,0
0.192868189674847,-0.0164720002623663,0.999983937257173,1,0.0114266185851211,NA,0.0515251091881793,0,0.000894157181801812,NA,0.0329995998706808,0,-0.0508459902005358,0.0360100818806993,0.0103338389707592,0.231532663316583,0,"S4","null",500,10,0.189328322892501,9.35374719056428,0,0,0,"none",0,5,0
0.243551520995784,0.0279287971595924,0.999999993688192,1,-0.139846835357686,NA,0.730590499370987,0,-0.000481866480772689,NA,0.0326226056965326,0,-0.0187372860249906,0.015285108403128,0.00469749582923884,0.130957286432161,0,"S4","null",500,10,0.189328322892501,16.5625013985589,0,0,0,"none",0,6,0
0.257252733015621,0.00768683294722981,0.999999995756436,1,0.243565827800975,NA,0.896027722207804,0,0.0229211766536799,NA,0.0921713283857019,0,0.141334792172577,0.182800724631993,0.0167488218838513,0.60494472361809,1,"S4","null",500,10,0.189328322892501,13.5943099039385,0,0,0,"none",0,7,0
0.321014823654334,-0.0415627335383956,0.999999999999965,1,0.207750613781426,NA,0.83719048154566,0,0.0271078141643761,NA,0.108818849273008,0,0.11931504569806,-0.0477460032228586,0.0149457111537974,0.361178391959799,0,"S4","null",500,10,0.189328322892501,15.3433544605608,0,0,0,"none",0,8,0
0.302575055653547,0.0172801041042785,0.999999999999961,1,0.189032063052569,NA,0.836476767130563,0,0.0183563739985713,NA,0.0900247081127472,0,0.122947845324661,0.0488506882682522,0.0134019226101095,0.401829145728643,0,"S4","null",500,10,0.189328322892501,15.6721303085327,0,0,0,"none",0,9,0
0.240412886028355,0.011638156403736,0.999999979414955,1,-0.0484619990078427,NA,0.235602439765812,0,-0.00126334837599165,NA,0.0336915788685613,0,-0.0211038063587504,0.0300362284178881,0.00557714845312481,0.159396984924623,0,"S4","null",500,10,0.189328322892501,11.8448003133448,0,0,0,"none",0,10,0
0.132977203437305,0.0203502778220873,0.995823038850523,1,-0.423237356884105,NA,0.988496728547029,1,-0.0480892545867425,NA,0.15274498231931,0,-0.0887463707081248,0.00365322322255444,0.00920978849611726,0.262917085427136,0,"S4","null",500,10,0.189328322892501,10.1156579570867,0,0,0,"none",0,11,0
0.277868870041137,-0.0170777653683448,0.999999999171444,1,-0.00610802679725315,NA,0.0316857146549784,0,0.00139408549303629,NA,0.0338926561697996,0,-0.00331315202333266,0.000894601052593032,0.00232156397658698,0.0532914572864322,0,"S4","null",500,10,0.189328322892501,12.0983512204069,0,0,0,"none",0,12,0
0.250119777086151,0.0228459877800461,0.999999940617583,1,0.106601638695968,NA,0.422397498483238,0,0.00390135637954258,NA,0.0371185010967805,0,0.0330128867311437,0.0290095484470074,0.00865460873943228,0.16498743718593,0,"S4","null",500,10,0.189328322892501,9.18465071969488,0,0,0,"none",0,13,0
0.201668552623999,-0.0014632616324365,0.999979710632374,1,0.199800150681766,NA,0.770382311914243,0,0.0279449488982702,NA,0.0996595655503037,0,0.0385871655868759,0.0108107682569883,0.00806622294888786,0.158384422110553,0,"S4","null",500,10,0.189328322892501,11.4538576988363,0,0,0,"none",0,14,0
0.236567501443173,0.0225922992314689,0.999999996577887,1,0.193670551059292,NA,0.812240588441417,0,0.0450245374909086,NA,0.160406893414256,0,0.149232260257883,-0.0779532877465829,0.0198409657815924,0.507640703517588,1,"S4","null",500,10,0.189328322892501,12.7188024717079,0,0,0,"none",0,15,0
0.180292921330676,-0.00383207921947698,0.999842121808784,1,-0.270688258286988,NA,0.817382831633505,0,-0.0114361336801342,NA,0.0529279864051362,0,-0.0453807978935076,0.0291961305071395,0.0075732828463738,0.162949748743719,0,"S4","null",500,10,0.189328322892501,6.99956478662708,0,0,0,"none",0,16,0
0.166188411331008,0.0114454345560085,0.999695082287019,1,-0.0239175682858195,NA,0.126826651659757,0,2.18025903225785e-05,NA,0.0324929568610777,0,-0.0203014074261711,-0.0185828151486994,0.0048411808772199,0.135477386934673,0,"S4","null",500,10,0.189328322892501,12.7764904922602,0,0,0,"none",0,17,0
0.251268583492329,0.0112871051439036,0.999999994465811,1,0.0713864939415365,NA,0.326319820991696,0,0.00224643945419238,NA,0.034611543409688,0,0.0033491421690338,-0.0295187744851548,0.00640359932888744,0.129246231155779,0,"S4","null",500,10,0.189328322892501,9.72580406996812,0,0,0,"none",0,18,0
0.24458681013632,-0.02220208167714,0.999999977929552,1,-0.0500131252627266,NA,0.22584314694676,0,-0.0017449959969839,NA,0.0336734412005969,0,-0.00294552640628876,-0.00351831048148472,0.00271897647480913,0.0681633165829146,0,"S4","null",500,10,0.189328322892501,10.2373496821029,0,0,0,"none",0,19,0
0.242356934898174,-0.00581919579762104,0.999999938016079,1,0.203693802535074,NA,0.824935259592734,0,0.00763956230195971,NA,0.0493736946472641,0,0.0581871084166998,0.0060834426587787,0.00664390730764641,0.207952261306533,0,"S4","null",500,10,0.189328322892501,13.1209058463356,0,0,0,"none",0,20,0
0.29752105539841,-0.0289007185996411,0.999999999914839,1,0.124058707591487,NA,0.522724017131192,0,0.00334273308249095,NA,0.0365336187112748,0,-0.00333440824996598,-0.00460334056405917,0.0026567096121466,0.0712185929648241,0,"S4","null",500,10,0.189328322892501,8.61250807561023,0,0,0,"none",0,21,0
0.230998905196405,-0.0232793257241515,0.999999609590506,1,-0.0695902473030484,NA,0.353190621610768,0,-0.0022239641814584,NA,0.0351674336809135,0,-0.0147743487855317,0.0333034938334117,0.00864518048162061,0.186778894472362,0,"S4","null",500,10,0.189328322892501,11.8449258778024,0,0,0,"none",0,22,0
0.223048213224808,-0.0322159824871294,0.999999925177295,1,-0.0557025239596353,NA,0.305565637206629,0,0.000370017751110611,NA,0.0325424824126027,0,-0.0133909894085926,-0.122388793330694,0.0144887383724234,0.413155778894472,0,"S4","null",500,10,0.189328322892501,14.0563110788955,0,0,0,"none",0,23,0
0.253564563232523,-0.000878213785348077,0.999999982230141,1,0.116294738032237,NA,0.569651277911319,0,0.0107474631117395,NA,0.0606828480371602,0,0.0193657243301929,0.0066973216080766,0.00493166188821064,0.110477386934673,0,"S4","null",500,10,0.189328322892501,12.8896225263306,0,0,0,"none",0,24,0
0.183693090950383,-0.00208646590956082,0.999981693095916,1,0.0646355672977792,NA,0.406685000625515,0,0.000780523864430105,NA,0.0347421951651485,0,-0.000209833160302841,0.00210925356775168,0.00241289063821349,0.0476633165829146,0,"S4","null",500,10,0.189328322892501,18.2706836897814,0,0,0,"none",0,25,0
0.23058986801088,-0.00252503434090804,0.999999779196798,1,0.0257107677832029,NA,0.0950652310845939,0,-0.00501199518431928,NA,0.0441992132115046,0,0.00291650593125746,-0.00778336103266114,0.00409459627926419,0.0891206030150754,0,"S4","null",500,10,0.189328322892501,4.94632248544912,0,0,0,"none",0,26,0
0.216312505214531,0.00347421707156653,0.999999586182178,1,0.161414131083615,NA,0.714847721414621,0,0.0129386764331779,NA,0.0688038641087173,0,0.0031939902247175,-0.00127444818956448,0.00257460018202712,0.0605778894472362,0,"S4","null",500,10,0.189328322892501,11.3220165239786,0,0,0,"none",0,27,0
0.178984578311469,-0.00682629459349715,0.999845533697857,1,-0.119873772708942,NA,0.5788888673136,0,-0.00229747933656404,NA,0.0354270987140372,0,-0.0313482220125717,0.0360887191005973,0.00970965731126912,0.183278894472362,0,"S4","null",500,10,0.189328322892501,14.1872375127837,0,0,0,"none",0,28,0
0.148897189444078,0.0179064420893703,0.997315281844414,1,-0.339677278525601,NA,0.977170265671522,1,-0.045327759431582,NA,0.144866785498074,0,-0.330645581753104,-0.181160762589029,0.0160018007850715,0.850005025125628,1,"S4","null",500,10,0.189328322892501,14.1616999474658,0,0,0,"none",0,29,0
0.253168115404448,0.014330003997362,0.999999995591938,1,0.212752807017292,NA,0.771852000608401,0,0.0362235878862969,NA,0.111303815670476,0,0.205013216328116,-0.0153526422187602,0.0146068522568654,0.511195979899497,1,"S4","null",500,10,0.189328322892501,10.3413724589706,0,0,0,"none",0,30,0
0.192838349454533,-0.0149411414369321,0.99996356358606,1,-0.157916850905097,NA,0.616457352394347,0,-0.00380753777977466,NA,0.0372529614041257,0,-0.0994143059466494,-0.0965423723012497,0.014349699739314,0.403226130653266,0,"S4","null",500,10,0.189328322892501,10.2974000304135,0,0,0,"none",0,31,0
0.179607319443162,0.00969087845235113,0.999948288321881,1,0.0247473995379392,NA,0.148521719598602,0,0.0052682476076429,NA,0.0472122378699402,0,-9.46533911868355e-05,-0.00580597285068718,0.00266399303515289,0.0669572864321608,0,"S4","null",500,10,0.189328322892501,16.6403290324891,0,0,0,"none",0,32,0
0.233868266351903,0.00120759289040323,0.99999998691958,1,-0.0799508203867631,NA,0.420150431696596,0,0.000715310856716799,NA,0.032869528677123,0,-0.0278546255107657,-0.00833963884584067,0.00788228594383381,0.138070351758794,0,"S4","null",500,10,0.189328322892501,14.4477520245065,0,0,0,"none",0,33,0
0.221250917619794,0.024334429290108,0.999991315150119,1,-0.0126424884819477,NA,0.0554146089743722,0,0.00286628436711276,NA,0.0359072028284679,0,-0.0205591173076136,-0.0429242522481314,0.00904031922471832,0.212937185929648,0,"S4","null",500,10,0.189328322892501,10.2612861552221,0,0,0,"none",0,34,0
0.146543469734226,0.0168208840283563,0.998388013585938,1,0.0596945942309706,NA,0.273885381191319,0,0.00322130080806962,NA,0.0357630746624773,0,0.00508776192089196,-0.0183520595655874,0.00493540692666749,0.111977386934673,0,"S4","null",500,10,0.189328322892501,10.6941441046234,0,0,0,"none",0,35,0
0.20008132208736,0.00816492194920054,0.999997992503711,1,-0.0565802743788568,NA,0.329011728850283,0,-0.00145591771776509,NA,0.0340899565477871,0,-0.00409177357405527,0.0037892815454398,0.00236316255336502,0.053821608040201,0,"S4","null",500,10,0.189328322892501,17.3673749113883,0,0,0,"none",0,36,0
0.254483366757214,0.00642237322433724,0.999999997505172,1,0.0376808041973896,NA,0.194361536906063,0,0.00356284770608556,NA,0.0387665664244954,0,-0.00499654630263203,-0.00215087435519378,0.00259488024547255,0.0560326633165829,0,"S4","null",500,10,0.189328322892501,14.1196420120373,0,0,0,"none",0,37,0
0.257767176613763,-0.0218075924909713,0.999999966913316,1,0.0562876661894965,NA,0.233552291600399,0,0.00411585864422185,NA,0.0380785933896858,0,0.00450149087454814,-0.00954346861255795,0.00353263967773708,0.0799547738693467,0,"S4","null",500,10,0.189328322892501,9.00117214007963,0,0,0,"none",0,38,0
0.156683049090132,0.016650484096766,0.999784951355288,1,0.00605973550505801,NA,0.0313772804398269,0,0.00109035408775606,NA,0.0329169800062873,0,0.00452695720999639,0.0144763773980508,0.00517977846683071,0.106178391959799,0,"S4","null",500,10,0.189328322892501,9.97571574859962,0,0,0,"none",0,39,0
0.226023429100776,-0.00602826402713971,0.99999992059219,1,0.0803775135988475,NA,0.409177511088341,0,0.00401544926345756,NA,0.0398590926433769,0,0.00457136688142834,-0.00277654602732012,0.0016785851007106,0.0480552763819095,0,"S4","null",500,10,0.189328322892501,12.4553064033599,0,0,0,"none",0,40,0
0.253016555567864,0.0388282985259167,0.999999996350316,1,0.0976372794044445,NA,0.430033131772632,0,0.0118664637082019,NA,0.0589879987560316,0,-0.00994648793810648,0.0223467868998211,0.00466014289611202,0.132321608040201,0,"S4","null",500,10,0.189328322892501,10.1894431291689,0,0,0,"none",0,41,0
0.279169348058202,0.0210454508354786,0.999999999921969,1,0.270256783341161,NA,0.929938547225383,0,0.04566679211847,NA,0.155954941983404,0,0.0846597974638095,-0.0222324726192693,0.0113451328229013,0.283442211055276,0,"S4","null",500,10,0.189328322892501,12.4923157332521,0,0,0,"none",0,42,0
0.268910822501281,0.0327820494274354,0.999999984709512,1,0.241137427416046,NA,0.871670472689192,0,0.0143072676093703,NA,0.0664795165923297,0,0.0446569362990463,0.0162356256010325,0.00817288791868166,0.178467336683417,0,"S4","null",500,10,0.189328322892501,13.0887848912072,0,0,0,"none",0,43,0
0.254458218813498,-0.019439210941465,0.999999988145339,1,0.078855501434655,NA,0.325884302502581,0,0.0035739662895992,NA,0.0365186122576975,0,0.00326830948712539,-0.00723017039477494,0.00325821925537305,0.0744020100502513,0,"S4","null",500,10,0.189328322892501,7.20802016452447,0,0,0,"none",0,44,0
0.209593501601596,0.0180957060924745,0.999997548589708,1,-0.0697699928053677,NA,0.368204829959263,0,7.94413916348596e-05,NA,0.0324202960012916,0,-0.0359692853354682,0.100306840453352,0.0129508429572513,0.373874371859297,0,"S4","null",500,10,0.189328322892501,12.7060905236647,0,0,0,"none",0,45,0
0.238037401814848,0.0157695158865006,0.999999918782473,1,-0.101297552927878,NA,0.408197693941917,0,-0.00974775180254507,NA,0.0513818624853109,0,-0.0163018638850413,0.0251453718982861,0.00501066591965796,0.120329145728643,0,"S4","null",500,10,0.189328322892501,9.07131512447758,0,0,0,"none",0,46,0
0.243366686631425,0.0353022441467065,0.9999998980403,1,0.0872137503082514,NA,0.378412631428819,0,0.00272027178624926,NA,0.0354398459159747,0,0.00235454920834452,-0.00686542341301779,0.00255284552847968,0.0589145728643216,0,"S4","null",500,10,0.189328322892501,10.4664566697636,0,0,0,"none",0,47,0
0.207562129277242,-0.00153683939730258,0.999994765184499,1,-0.0606014586878771,NA,0.25831516774214,0,-0.00391795330763129,NA,0.0366021939918348,0,-0.0116753806403795,-0.000718000116186985,0.00363966395626633,0.084608040201005,0,"S4","null",500,10,0.189328322892501,7.09343623571659,0,0,0,"none",0,48,0
0.178692602754289,-0.0174657720995832,0.999975583777485,1,0.0108642727511567,NA,0.0610519914499099,0,0.00111120406819783,NA,0.0332331092310629,0,0.00236063868508873,-0.0148770207578694,0.00458600986387875,0.0938517587939699,0,"S4","null",500,10,0.189328322892501,14.9725990457844,0,0,0,"none",0,49,0
0.18282895155474,-0.00451024467608262,0.999942309928821,1,0.00647980480138057,NA,0.0379728259101756,0,-0.000850687481843586,NA,0.0330196403469194,0,0.00486793805609856,0.0103621001577167,0.00490053938352203,0.0881834170854271,0,"S4","null",500,10,0.189328322892501,14.7759689489161,0,0,0,"none",0,50,0
0.285635242951645,-0.0104713594692059,0.999999999911052,1,0.0809832891801792,NA,0.369174146461856,0,0.00475834575866294,NA,0.0409731174397638,0,0.00361203953368291,-0.00256393034627225,0.00318188992236616,0.0658969849246231,0,"S4","null",500,10,0.189328322892501,9.29943637995431,0,0,0,"none",0,51,0
0.259427879065476,0.0191475193243585,0.999999996779211,1,0.266704435380735,NA,0.953063204633809,1,0.0367670325882623,NA,0.140511965640331,0,0.20150467614643,-0.0286433154901154,0.0192096707957243,0.581359296482412,1,"S4","null",500,10,0.189328322892501,18.2547115754765,0,0,0,"none",0,52,0
0.223961295512553,-0.00633936410190642,0.999994815305742,1,0.0939634005310189,NA,0.422618409266257,0,0.0145174537695459,NA,0.0672908850723288,0,0.0100341853254447,0.00352628283520889,0.00330678612846204,0.0762814070351759,0,"S4","null",500,10,0.189328322892501,10.4705647346491,0,0,0,"none",0,53,0
0.252473264025722,-0.0179248831848152,0.999999997388323,1,0.244037647531548,NA,0.946192499890608,0,0.0436421991423431,NA,0.164283187217704,0,0.134262430080885,0.0743317827952248,0.0184704817992965,0.514653266331658,1,"S4","null",500,10,0.189328322892501,18.2596279932132,0,0,0,"none",0,54,0
0.272929931440077,0.000503526549484651,0.999999999621392,1,0.22091387619742,NA,0.800356275685906,0,0.0100505985415343,NA,0.0508406790636243,0,0.0343736883437263,-0.0317501237226761,0.00667224429593418,0.177032663316583,0,"S4","null",500,10,0.189328322892501,9.17035284557153,0,0,0,"none",0,55,0
0.238102470037468,0.000142019313120722,0.99999989717612,1,0.115952710396242,NA,0.482028907196973,0,0.0124742288148736,NA,0.0572815097509172,0,0.00580295427053157,0.00215846029045669,0.00331383525153995,0.0785477386934673,0,"S4","null",500,10,0.189328322892501,9.4161873724139,0,0,0,"none",0,56,0
0.170647255807092,-0.0232167536557846,0.999720883858152,1,-0.0429393802223067,NA,0.204884745749679,0,-0.00149033870650572,NA,0.0335080585087033,0,0.00965000010736541,-0.118555102267627,0.0172630233720455,0.438841708542714,0,"S4","null",500,10,0.189328322892501,11.1209952475171,0,0,0,"none",0,57,0
0.327799041440547,0.0345046625819515,0.999999999999967,1,0.176572364474712,NA,0.76843144931615,0,0.0502844946957797,NA,0.182309651954051,0,0.0266946604162933,-0.00998110626053466,0.00688874775214357,0.129173366834171,0,"S4","null",500,10,0.189328322892501,14.2955594482914,0,0,0,"none",0,58,0
0.232614282150821,-0.0334987141683317,0.99999997238837,1,0.0529040619387194,NA,0.237336185069803,0,0.00316713451453248,NA,0.0367191938711826,0,0.00451160716027405,-6.53498957690488e-05,0.00293091840173898,0.0618542713567839,0,"S4","null",500,10,0.189328322892501,9.1496892095115,0,0,0,"none",0,59,0
0.182919279827918,0.0148895639784364,0.999928620289283,1,0.0598522304808782,NA,0.291986514721367,0,0.000494625260989269,NA,0.0325246879035932,0,0.0012955051473032,0.00365870466636129,0.00249191806310729,0.064891959798995,0,"S4","null",500,10,0.189328322892501,12.1286208831568,0,0,0,"none",0,60,0
0.208793394909504,0.0211923052003861,0.999999563981452,1,-0.0342436839232064,NA,0.178616100202016,0,0.000566807261982151,NA,0.0327400350191057,0,0.000691316079208161,0.0129996568190075,0.00395917472013547,0.093035175879397,0,"S4","null",500,10,0.189328322892501,11.8427328287798,0,0,0,"none",0,61,0
0.240120613336389,-0.00259625914917481,0.999999981300803,1,0.22564795282903,NA,0.918458349858514,0,0.0673715956177425,NA,0.239093504556611,0,0.0620664669194298,-0.0197796253362563,0.0128178862594637,0.251072864321608,0,"S4","null",500,10,0.189328322892501,16.9193388375065,0,0,0,"none",0,62,0
0.234460002883128,0.0146178812380677,0.999999959860921,1,0.177969714382281,NA,0.80371965004702,0,0.0348332716130329,NA,0.132354359180278,0,0.0182030704562995,0.044311749921574,0.010428071836087,0.214231155778894,0,"S4","null",500,10,0.189328322892501,14.4122045474284,0,0,0,"none",0,63,0
0.18443771267236,0.0357631360589086,0.999963529533111,1,-0.102778334241124,NA,0.466889609637429,0,-0.00251711156974027,NA,0.0354418768610128,0,-0.0934695514005051,0.0487875034522813,0.0111657575638848,0.349037688442211,0,"S4","null",500,10,0.189328322892501,11.4911881782403,0,0,0,"none",0,64,0
0.193488658095425,-0.035673464794693,0.999995246455762,1,0.0172088061586287,NA,0.0943883428398042,0,0.00150002322208849,NA,0.0340401433140307,0,-0.00153350101124875,0.00328392277879452,0.00266147996219275,0.0523115577889447,0,"S4","null",500,10,0.189328322892501,14.3962657229269,0,0,0,"none",0,65,0
0.200483957012126,-0.00643751749928661,0.999994811709607,1,0.0612575313731392,NA,0.283331708238536,0,0.00271976031430216,NA,0.0362325874196103,0,-0.00151502925164522,-0.00173486783859695,0.00252174362173073,0.0555552763819095,0,"S4","null",500,10,0.189328322892501,9.42413448498503,0,0,0,"none",0,66,0
0.141474894250955,0.0243721282707415,0.997756150958641,1,-0.22091456793286,NA,0.752108869163004,0,-0.0014878372670414,NA,0.0333454311995861,0,-0.110878541530488,0.0663829978991873,0.0146373023285628,0.372791457286432,0,"S4","null",500,10,0.189328322892501,8.34016510640801,0,0,0,"none",0,67,0
0.233181284008236,0.0252531807391069,0.999999982387667,1,-0.0221326422348979,NA,0.119855381178058,0,0.00144147176986228,NA,0.033816852564453,0,-0.0069079535745119,0.0022707284605859,0.00294732260702153,0.0720653266331658,0,"S4","null",500,10,0.189328322892501,13.9097877706991,0,0,0,"none",0,68,0
0.250047660800912,0.00103800342717686,0.999999987802416,1,0.0432458053741558,NA,0.197918494085455,0,0.00207646212895703,NA,0.0342323317549911,0,-0.00509443889272051,0.000591073758422292,0.00292244277327201,0.0624145728643216,0,"S4","null",500,10,0.189328322892501,9.63166105390028,0,0,0,"none",0,69,0
0.260378325890545,-0.021003230525556,0.999999990625422,1,0.0597369977910876,NA,0.307764876079496,0,0.00672081238450808,NA,0.0476786120117354,0,0.00642384961935584,0.000300347351471545,0.00251465035047846,0.069570351758794,0,"S4","null",500,10,0.189328322892501,13.137680962083,0,0,0,"none",0,70,0
0.288097663976758,0.00340841310598237,0.999999999983113,1,0.125755845049297,NA,0.539873754718461,0,0.00418798397171583,NA,0.0390367783974927,0,0.129906363206898,-0.10358992983923,0.0148641168560196,0.457386934673367,0,"S4","null",500,10,0.189328322892501,11.0424746723636,0,0,0,"none",0,71,0
0.341659622241053,-0.00412836529907553,1,1,0.136496566913183,NA,0.684388817069557,0,0.00356911064351436,NA,0.0392642484031337,0,0.0114772171880622,-0.0271401764873448,0.00497800165064179,0.148977386934673,0,"S4","null",500,10,0.189328322892501,15.0046477010341,0,0,0,"none",0,72,0
0.207861540178512,0.0442057709106065,0.999998132472829,1,-0.225721004453387,NA,0.794004589648453,0,-0.00886203968952684,NA,0.0528158660193524,0,-0.125979405406733,-0.0800404111545909,0.0121938111015998,0.407640703517588,0,"S4","null",500,10,0.189328322892501,9.37380829468574,0,0,0,"none",0,73,0
0.236797750167416,0.0700701936724809,0.999999998057802,1,0.235324028137295,NA,0.90193268666928,0,0.00393158737807821,NA,0.0385935482233327,0,0.0262015735048331,0.00671074081431294,0.00559966773352198,0.117947236180905,0,"S4","null",500,10,0.189328322892501,13.7239856450599,0,0,0,"none",0,74,0
0.189766413863393,0.0183633083164823,0.999911748923431,1,-0.103040649678132,NA,0.431130006774209,0,-0.00292384832745031,NA,0.0356182953237601,0,0.0139229531286022,0.0417201758534017,0.0101644899119296,0.245158291457286,0,"S4","null",500,10,0.189328322892501,11.6113197076551,0,0,0,"none",0,75,0
0.230937701863251,0.00628409422564157,0.999999981738304,1,0.0102392443879758,NA,0.0636595879509698,0,-0.00092244601879749,NA,0.0330096771828075,0,0.000968594582669788,0.00634700190317923,0.00201638036492569,0.0593844221105528,0,"S4","null",500,10,0.189328322892501,17.2736646256942,0,0,0,"none",0,76,0
0.235561555047836,0.0238071724307348,0.999999973086723,1,-0.0195113455957734,NA,0.096721266346047,0,0.00209754451436594,NA,0.0349175956578026,0,-0.0276306293278176,-0.0299783248667751,0.0063991297690084,0.167484924623116,0,"S4","null",500,10,0.189328322892501,9.85729805693572,0,0,0,"none",0,77,0
0.242101929702906,-0.0208978667312249,0.999999881601637,1,0.102018839762583,NA,0.463828835841623,0,0.0184445292654362,NA,0.0805253436113245,0,0.063312285543943,0.0724330413784774,0.0124163423159728,0.289753768844221,0,"S4","null",500,10,0.189328322892501,13.9814070307011,0,0,0,"none",0,78,0
0.160669102104542,-0.00895393637914355,0.999710951167538,1,-0.115134999786535,NA,0.563567851607957,0,-0.00482933021247948,NA,0.0409652737244025,0,-0.0131928923415702,-0.000538190088506602,0.0041253809982943,0.0779974874371859,0,"S4","null",500,10,0.189328322892501,11.5123909786004,0,0,0,"none",0,79,0
0.213024297522048,-0.0016429366722849,0.999999412556562,1,-0.0336479163159986,NA,0.196738335157245,0,0.00250754259525511,NA,0.0371029746664082,0,-0.0162669099843797,0.0127140413252126,0.00519131417689668,0.109407035175879,0,"S4","null",500,10,0.189328322892501,13.1989102144595,0,0,0,"none",0,80,0
0.221864845540575,-0.0209410006133908,0.99999982100474,1,0.168379409090708,NA,0.824560530940615,0,0.0051425866953643,NA,0.0455184775238616,0,0.0920660214808483,-0.0161463451621864,0.0117954667551283,0.343361809045226,0,"S4","null",500,10,0.189328322892501,22.393820048716,0,0,0,"none",0,81,0
0.222314697609189,-0.0024752823843335,0.99999864145937,1,0.110049104365223,NA,0.50472847475192,0,-0.00241841568791655,NA,0.0371262817085728,0,0.00661052863382987,0.0156906154021803,0.00467905762465765,0.0998442211055276,0,"S4","null",500,10,0.189328322892501,12.418667326036,0,0,0,"none",0,82,0
0.221295138139562,0.0133932417396102,0.999999759464838,1,0.274818237957557,NA,0.839997192538522,0,0.0128847551105193,NA,0.0529746713633108,0,0.091862823317438,-0.0723348170210335,0.0109642776184091,0.292329145728643,0,"S4","null",500,10,0.189328322892501,7.41912243934791,0,0,0,"none",0,83,0
0.252441831433832,-0.0346272075724162,0.999999999917964,1,0.0953006774363184,NA,0.473948116837929,0,0.0096588720230702,NA,0.0575948447718625,0,0.00268753507516641,0.0110844722478539,0.0050182635792985,0.0927688442211055,0,"S4","null",500,10,0.189328322892501,11.9599694936368,0,0,0,"none",0,84,0
0.283272084492544,-0.0032614393869421,0.99999999999792,1,0.141895267281071,NA,0.644003826116443,0,0.0132076158209586,NA,0.0664343674754771,0,0.0167320683992841,-0.0203052104590652,0.00546730891444268,0.122032663316583,0,"S4","null",500,10,0.189328322892501,10.8567283518055,0,0,0,"none",0,85,0
0.240346895265963,-0.0221606318788805,0.999999996661894,1,0.0338101455782305,NA,0.209512205934684,0,0.00248572162943986,NA,0.0373266884641639,0,-0.00132516334241298,-0.000302007082926568,0.00232384884627581,0.0543768844221106,0,"S4","null",500,10,0.189328322892501,14.004413796481,0,0,0,"none",0,86,0
0.262669603239833,-0.021775784915089,0.999999984339984,1,-0.0342660881856935,NA,0.145366388494238,0,0.00253013790204836,NA,0.0352517923038959,0,0.0038841408980466,0.00476737341174345,0.00340051899952832,0.0712889447236181,0,"S4","null",500,10,0.189328322892501,9.09839988222478,0,0,0,"none",0,87,0
0.247156092287024,-0.0178573361887519,0.999999908569076,1,-0.00252563935080798,NA,0.0109097919801244,0,0.00151848373651987,NA,0.033418816532705,0,0.00899808352332925,-0.0188293545099234,0.00544338324807913,0.110075376884422,0,"S4","null",500,10,0.189328322892501,9.26863445724393,0,0,0,"none",0,88,0
0.176527885594222,-0.0178205433126327,0.999986321908497,1,0.143444014391965,NA,0.752702859236801,0,0.00748595926069787,NA,0.0518588470513667,0,0.10332764012045,-0.0534734454650301,0.0137224604758333,0.404276381909548,0,"S4","null",500,10,0.189328322892501,18.8094467319817,0,0,0,"none",0,89,0
0.242686467895532,0.0246243386087242,0.99999998267579,1,0.060461141069063,NA,0.324003209392868,0,0.00763110224869077,NA,0.0525915725601899,0,0.000871648391149161,0.00238429241944598,0.00197760081478939,0.0478844221105528,0,"S4","null",500,10,0.189328322892501,12.6655201844193,0,0,0,"none",0,90,0
0.171242475544026,0.0139148765449903,0.999791270777005,1,-0.114972109370475,NA,0.462102001728052,0,0.000468275122864931,NA,0.0336091614160018,0,-0.0142245680269673,-0.00758777345313409,0.00442393635756523,0.101077889447236,0,"S4","null",500,10,0.189328322892501,9.06614555924504,0,0,0,"none",0,91,0
0.243184020298402,-0.0275491486503753,0.999999997098734,1,-0.015008838944961,NA,0.0746228231340025,0,-0.00229195380354667,NA,0.0344001668701211,0,-0.000285796124522036,0.000261390026235339,0.00248852850410952,0.0524572864321608,0,"S4","null",500,10,0.189328322892501,9.10874821313332,0,0,0,"none",0,92,0
0.20852741815467,0.0427294500543796,0.999995146825768,1,-0.0848212926635005,NA,0.429516117583835,0,-0.00464699561466735,NA,0.0415238102446947,0,-0.00737314502083401,0.00227684555007554,0.00266817215056122,0.0697437185929648,0,"S4","null",500,10,0.189328322892501,15.0262999831157,0,0,0,"none",0,93,0
0.312997547551592,-0.0385853333302777,0.999999999999696,1,-0.0467789958123037,NA,0.240419077749077,0,-0.0187571651892249,NA,0.0832531505814588,0,-0.00485750429525756,0.0223794079078077,0.00518632602264317,0.102846733668342,0,"S4","null",500,10,0.189328322892501,14.4367029186448,0,0,0,"none",0,94,0
0.185981461227076,0.00221246569780392,0.999944709769646,1,0.221669928014374,NA,0.908797485102332,0,0.0226202012037005,NA,0.104201217309743,0,0.0477845380937562,-0.0124042994356252,0.0102994441574414,0.209937185929648,0,"S4","null",500,10,0.189328322892501,18.44448566037,0,0,0,"none",0,95,0
0.232598551483392,-0.0666876158626899,0.999999984871871,1,-0.109656125999296,NA,0.492709292968874,0,-0.00329567057420734,NA,0.0367279953813697,0,-0.0129034402159285,-0.00497420042693159,0.00518899297613426,0.0835804020100503,0,"S4","null",500,10,0.189328322892501,12.3629117222748,0,0,0,"none",0,96,0
0.232595013748677,0.0367799897771048,0.999999953606804,1,0.245260902917143,NA,0.863590570183053,0,0.0423464189739046,NA,0.119494497206358,0,0.0594065252019508,0.0171857247222682,0.00935531884016496,0.202474874371859,0,"S4","null",500,10,0.189328322892501,11.6727772671364,0,0,0,"none",0,97,0
0.271440061906831,0.00137764370577978,0.999999999854993,1,0.0158214973258137,NA,0.0919541969989275,0,-4.55967892050017e-05,NA,0.0324166934641986,0,0.00475851359170943,0.00166734513472322,0.00306326685794273,0.0629020100502513,0,"S4","null",500,10,0.189328322892501,14.9774287639435,0,0,0,"none",0,98,0
0.229070615050805,0.019293671423574,0.99999973664799,1,0.19869391644833,NA,0.828136365461137,0,0.0064279614204127,NA,0.0465386307407919,0,0.0313824457659769,0.0121708600983589,0.00753374255365149,0.148721105527638,0,"S4","null",500,10,0.189328322892501,11.6922455319862,0,0,0,"none",0,99,0
0.263144400490307,-0.0209433161864545,0.999999988171858,1,-0.109692873951918,NA,0.474394565454462,0,-0.00461254012906305,NA,0.0397400517848003,0,-0.00461191217271566,-0.0014397884428247,0.00309287994922704,0.0611281407035176,0,"S4","null",500,10,0.189328322892501,10.7132279596539,0,0,0,"none",0,100,0
0.28325409411451,0.00722785290281856,0.999999999997479,1,0.0449080213342086,NA,0.328894660033928,0,0.00247343163505034,NA,0.03833105599516,0,0.00400029661233674,0.000840485548069665,0.00180589629658204,0.0451306532663317,0,"S4","null",500,25,0.299354362960051,25.877799882887,0,0,0,"none",0,1,0
0.145311623156945,0.00205230463440514,0.999283905583394,1,-0.0523957587556414,NA,0.363335307424374,0,0.00275329709096147,NA,0.0407522455903187,0,-0.0001866942346749,-0.00385628325533347,0.00251220552268165,0.0585376884422111,0,"S4","null",500,25,0.299354362960051,24.898483410854,0,0,0,"none",0,2,0
0.180309624926271,0.00875091058125086,0.999946556127551,1,-0.0368053487812988,NA,0.263296013752259,0,0.000224136491863401,NA,0.0324725858111902,0,-0.00458059008118554,0.00177965893964838,0.00244929354403677,0.0566633165829146,0,"S4","null",500,25,0.299354362960051,24.9375364988859,0,0,0,"none",0,3,0
0.212050134511662,0.0439822297132498,0.999999992793069,1,0.0544599430289964,NA,0.467692422028775,0,0.00464242629150513,NA,0.052315525425108,0,0.00844909900792684,-0.0115748204287532,0.00354615488363548,0.105746231155779,0,"S4","null",500,25,0.299354362960051,39.7070527179734,0,0,0,"none",0,4,0
0.179670428770724,0.0356656052815098,0.999987064911197,1,-0.0532972813679778,NA,0.378186986626172,0,-0.00224880189003355,NA,0.0371292480292556,0,-0.00598380588114273,-0.000844271358077592,0.00246667861382847,0.056251256281407,0,"S4","null",500,25,0.299354362960051,22.4101120112796,0,0,0,"none",0,5,0
0.195826955820324,-0.0502019736859656,0.999998663847342,1,-0.033223737387645,NA,0.237525560472775,0,-0.000922860896363387,NA,0.0331368528256882,0,-0.0134535722256317,0.00527162602049048,0.00410489262658716,0.0981005025125628,0,"S4","null",500,25,0.299354362960051,24.4301527670016,0,0,0,"none",0,6,0
0.239464723633425,0.00332543634872184,0.999999999662765,1,0.0748040928468776,NA,0.626567050156072,0,0.00437609147130106,NA,0.0504973855440901,0,0.0172106054957695,0.00820423272161091,0.00588455015507448,0.129861809045226,0,"S4","null",500,25,0.299354362960051,44.297600452956,0,0,0,"none",0,7,0
0.157082181344326,0.0112874771571961,0.999679457020515,1,-0.0994293694180663,NA,0.604463904665575,0,-0.00435464285029003,NA,0.0432669606575117,0,-0.00879838335222974,0.0134985217451191,0.00433271868451269,0.106261306532663,0,"S4","null",500,25,0.299354362960051,23.107476885042,0,0,0,"none",0,8,0
0.172465083216303,0.025300119553311,0.999987426402032,1,0.0175589280281768,NA,0.152970514247816,0,0.00192871805098542,NA,0.0371107181611474,0,-0.00315257181050544,0.00433353864769301,0.00356960885053074,0.0619522613065327,0,"S4","null",500,25,0.299354362960051,33.8686865474747,0,0,0,"none",0,9,0
0.224239231382268,-0.0194097413514026,0.999999993299406,1,0.00755149875827301,NA,0.0565640370569713,0,0.00117392278116053,NA,0.0339845827946986,0,0.00435998429678177,0.00608186827134718,0.00270202151889917,0.0639723618090452,0,"S4","null",500,25,0.299354362960051,26.1485562654726,0,0,0,"none",0,10,0
0.169298472749698,0.0104248953203166,0.99991192701258,1,-0.0618111847912761,NA,0.464192961419013,0,-0.0176758140840041,NA,0.102941880303196,0,-0.011464568612327,-0.0436688227389331,0.00816540035891466,0.213233668341709,0,"S4","null",500,25,0.299354362960051,34.188626563108,0,0,0,"none",0,11,0
0.182867567124674,-0.0168463266448153,0.999998441198724,1,0.143537955162773,NA,0.849154780234825,0,0.0145014545812864,NA,0.0888151575008345,0,0.0167079552756681,-0.0109626207148005,0.00588647867201292,0.126708542713568,0,"S4","null",500,25,0.299354362960051,28.2596815454171,0,0,0,"none",0,12,0
0.16999345958505,0.00508920670353475,0.999982963906002,1,0.0369914325344745,NA,0.331551668797303,0,0.00257897044699709,NA,0.0409221298652512,0,0.00564453232136621,0.00101661566504942,0.00255893750123706,0.0586256281407035,0,"S4","null",500,25,0.299354362960051,37.6621527372153,0,0,0,"none",0,13,0
0.227147187476367,-0.015852281526654,0.999999995592123,1,0.0690751351302953,NA,0.549167394539111,0,0.000575211814295144,NA,0.0337183933902288,0,0.00108536931540039,-0.00076800752418656,0.00189450071585867,0.04128391959799,0,"S4","null",500,25,0.299354362960051,33.4856233766201,0,0,0,"none",0,14,0
0.183160348254444,-0.0120229198523026,0.999987419830295,1,0.0515013439327334,NA,0.436139622523162,0,-0.00158808473337942,NA,0.0356310904433799,0,0.00375011332740761,-0.00699461825209316,0.00288578442241086,0.0645326633165829,0,"S4","null",500,25,0.299354362960051,38.2560806424986,0,0,0,"none",0,15,0
0.228427257921551,0.0072249684079503,0.99999987494356,1,-0.0221612456830366,NA,0.156436299128891,0,-0.00196608284599506,NA,0.035484772614124,0,0.000416471335637677,0.00441375166755295,0.00240389916544822,0.0518542713567839,0,"S4","null",500,25,0.299354362960051,25.9403515742762,0,0,0,"none",0,16,0
0.237905344085626,0.00107615118999715,0.99999999728121,1,-0.0160375041607864,NA,0.1167664143243,0,-0.000799363879054126,NA,0.0329949051801979,0,-0.00374907308330246,-0.0102967897920885,0.00470378232490657,0.0912286432160804,0,"S4","null",500,25,0.299354362960051,26.385647937811,0,0,0,"none",0,17,0
0.226494153822268,0.0499779237763928,0.999999974998271,1,-0.0828770747729218,NA,0.523728235928649,0,-0.00457182940387149,NA,0.04410340589045,0,-0.00688032965645727,-0.00271923382156938,0.00314044502957283,0.060891959798995,0,"S4","null",500,25,0.299354362960051,24.014811132304,0,0,0,"none",0,18,0
0.218339191018175,-0.020945755351476,0.999999911389713,1,0.0271595113156968,NA,0.187921468172287,0,0.0272394546139388,NA,0.146819946976647,0,0.000492264403173205,0.00191482914151772,0.00242534494323522,0.0491733668341709,0,"S4","null",500,25,0.299354362960051,24.9142505732126,0,0,0,"none",0,19,0
0.198229830541075,0.040650000623322,0.999999945800275,1,0.0636336422243408,NA,0.516480946358738,0,0.00314743293824498,NA,0.0424689184149245,0,0.000333793650193287,0.000538060380737919,0.00232942365140728,0.0412010050251256,0,"S4","null",500,25,0.299354362960051,34.4201805410353,0,0,0,"none",0,20,0
0.125629857580011,0.0163314638656941,0.997106325112746,1,-0.0275794398126226,NA,0.220143324229255,0,-0.000381297555687195,NA,0.0325942220379387,0,-0.04054861638769,-0.042262020093109,0.009724106540566,0.247113065326633,0,"S4","null",500,25,0.299354362960051,30.6140923860148,0,0,0,"none",0,21,0
0.17700254894804,-0.0114235738543131,0.999929435496609,1,-0.0821843721893421,NA,0.595985851044619,0,-0.00139723153623106,NA,0.0349733742032658,0,-0.00336158926071226,-0.00276472984283744,0.00257054079819868,0.0518341708542714,0,"S4","null",500,25,0.299354362960051,34.2463855851141,0,0,0,"none",0,22,0
0.236087767089063,-0.00893247627273966,0.999999999695928,1,0.00765525162568364,NA,0.0769275474602003,0,-0.000167817288501218,NA,0.032628115198427,0,0.00184104063687859,0.00108067127624935,0.00236656125929339,0.0426105527638191,0,"S4","null",500,25,0.299354362960051,42.2023326496367,0,0,0,"none",0,23,0
0.259065725428399,-0.00966895495111052,0.999999992963415,1,0.106885410559843,NA,0.618927098225884,0,0.00521100598002957,NA,0.0465021485593207,0,0.00277107514585596,-0.00422483383546804,0.00244401734399552,0.0568266331658291,0,"S4","null",500,25,0.299354362960051,22.1574805586776,0,0,0,"none",0,24,0
0.261484670982879,-0.0076487929709591,0.999999999820656,1,-0.0590711771781698,NA,0.406014321787282,0,-0.000135528756236205,NA,0.0324744630921679,0,-0.00171562775759951,-0.0158991848988895,0.00348769859287981,0.104959798994975,0,"S4","null",500,25,0.299354362960051,25.7871278079554,0,0,0,"none",0,25,0
0.281567574789609,0.00458943122819894,0.999999999998702,1,0.0999888077816594,NA,0.661490833690129,0,0.00567413823192453,NA,0.0524552147762191,0,0.00963157341605271,0.0221261702847438,0.00778273271146846,0.15385175879397,0,"S4","null",500,25,0.299354362960051,29.2713836369674,0,0,0,"none",0,26,0
0.255752963816636,0.0102250666355181,0.999999999927525,1,0.0732993503107877,NA,0.567655462126636,0,0.00201608477287041,NA,0.0371811431828453,0,0.00472355874211839,0.00431881406167947,0.00306512059799244,0.0615804020100503,0,"S4","null",500,25,0.299354362960051,33.3723865077856,0,0,0,"none",0,27,0
0.192127632751843,-0.0136348161227392,0.999998522099155,1,7.78183447319281e-05,NA,0.000584117748061108,0,-0.000688020688059374,NA,0.0340281765158236,0,-0.00516789702937034,0.0346512312502272,0.00732289817355828,0.175934673366834,0,"S4","null",500,25,0.299354362960051,28.2149683445581,0,0,0,"none",0,28,0
0.155201751508553,0.00845848086114761,0.99990569842975,1,0.0787277679211625,NA,0.603274904374438,0,0.00806871404553743,NA,0.0669667372396654,0,0.0172374349813785,0.00785206360823059,0.00644395177443725,0.135309045226131,0,"S4","null",500,25,0.299354362960051,31.2545912831487,0,0,0,"none",0,29,0
0.207198645569478,-0.00337910263567085,0.999999830092691,1,0.00573956506096398,NA,0.0488514070383063,0,-0.000527251161210605,NA,0.0328183020801408,0,0.00040280249185037,-0.00405535172153004,0.00247889711809981,0.0545201005025126,0,"S4","null",500,25,0.299354362960051,34.8754272046008,0,0,0,"none",0,30,0
0.223518693664031,0.0114872408825438,0.999999934240657,1,-0.0147201198491002,NA,0.118600221710465,0,-0.0011199211062556,NA,0.0340272000756757,0,-0.000693991412950701,0.00307166622428038,0.00185838057777526,0.0453844221105528,0,"S4","null",500,25,0.299354362960051,34.7995140591825,0,0,0,"none",0,31,0
0.135052601758355,-0.0474875971712978,0.999715101165901,1,-0.168959605339976,NA,0.900163930549,0,-0.0115160423039923,NA,0.0722060093988296,0,-0.0516777514878565,0.0132052092440939,0.0097772144507068,0.27013567839196,0,"S4","null",500,25,0.299354362960051,30.9886598705379,0,0,0,"none",0,32,0
0.183132450078247,-0.00302737918702695,0.999994001962538,1,-0.098143407945765,NA,0.68176160883045,0,-0.00249438465951527,NA,0.0387775747076929,0,-0.017652666543741,-0.0043961733461294,0.00610920920496533,0.11314824120603,0,"S4","null",500,25,0.299354362960051,31.5608579294228,0,0,0,"none",0,33,0
0.2005168839593,-0.0248448378027443,0.999995136496733,1,0.07516979250571,NA,0.512779991978473,0,0.00284831871259937,NA,0.0393480159967713,0,0.00114713523743368,0.00182400372878207,0.00217489516459285,0.046037688442211,0,"S4","null",500,25,0.299354362960051,32.4709905282969,0,0,0,"none",0,34,0
0.22034922550498,-0.000829525455106297,0.999999980238174,1,0.0729382952164313,NA,0.619894952255042,0,0.00734379660124315,NA,0.0684633745038526,0,0.0159279098615557,-0.00013001708617523,0.00497757874101778,0.117354271356784,0,"S4","null",500,25,0.299354362960051,45.0143174371896,0,0,0,"none",0,35,0
0.164952689258608,0.03241218703299,0.999947211940325,1,0.101348453570245,NA,0.720692062162128,0,0.00574812760683825,NA,0.0551761931212088,0,0.00414347328237042,0.000840390648908946,0.00229797466755941,0.0505276381909548,0,"S4","null",500,25,0.299354362960051,37.9648827847667,0,0,0,"none",0,36,0
0.20402401843544,-0.0306587236524254,0.999999524960182,1,-0.0437389370314349,NA,0.313566927380972,0,-0.000278710461493568,NA,0.0324985489060444,0,-0.00507193529110706,-0.0134823330339344,0.00433423733988949,0.0992412060301508,0,"S4","null",500,25,0.299354362960051,27.1023094361563,0,0,0,"none",0,37,0
0.165276107882934,0.0287275039193528,0.999935839642566,1,-0.133138185636926,NA,0.800616391633908,0,-0.00802660429846398,NA,0.0577779259894474,0,-0.0469002673791549,0.00127923148792147,0.0097969567224058,0.228854271356784,0,"S4","null",500,25,0.299354362960051,29.3635125446342,0,0,0,"none",0,38,0
0.214569403910444,-0.0262322942378642,0.999999987899218,1,-0.000831738817044985,NA,0.00686444982712631,0,0.00264012943534758,NA,0.0400374890742019,0,0.00432263206965681,0.0126726941198057,0.00543448182865211,0.1021608040201,0,"S4","null",500,25,0.299354362960051,30.6595337119268,0,0,0,"none",0,39,0
0.308544970289082,0.0341569632277552,0.999999999999948,1,0.0695732743059265,NA,0.492182303939322,0,0.00273585009149669,NA,0.0389005567429477,0,0.0072730047167502,-0.0339392785213666,0.0066537024575312,0.206326633165829,0,"S4","null",500,25,0.299354362960051,28.9336449914667,0,0,0,"none",0,40,0
0.178869845989864,-0.00816140085976685,0.999992918768749,1,0.0128127514286691,NA,0.111287868361734,0,-0.000370347301988429,NA,0.0326004328161182,0,0.00218386322467685,8.70213567603969e-05,0.00213802047773339,0.0453894472361809,0,"S4","null",500,25,0.299354362960051,36.2736011788008,0,0,0,"none",0,41,0
0.174670727210337,0.0220668497300421,0.999976322409878,1,0.0498947631941132,NA,0.42332318233203,0,0.00190194884023431,NA,0.0372541725075063,0,0.00186125113622667,-5.83909082272859e-05,0.00136645921203116,0.0394346733668342,0,"S4","null",500,25,0.299354362960051,41.2563795216691,0,0,0,"none",0,42,0
0.18937001844077,-0.0178529156998772,0.999989907026303,1,0.0502232777990347,NA,0.380187748552648,0,0.00117841702063828,NA,0.0340720748939709,0,0.0039919025146569,-0.00361071038620064,0.0027515679591681,0.0570402010050251,0,"S4","null",500,25,0.299354362960051,31.2545880189849,0,0,0,"none",0,43,0
0.282487882492209,-0.00521548551265239,0.99999999999963,1,0.11992807888145,NA,0.788788327674245,0,0.00798299588044091,NA,0.0655400746071331,0,0.0598677019911864,-0.0750194209576427,0.0146661826186024,0.447140703517588,0,"S4","null",500,25,0.299354362960051,32.6656204669502,0,0,0,"none",0,44,0
0.216579658725646,-0.0192287488085688,0.999999927423909,1,0.111544885786197,NA,0.694060861877337,0,0.00709632655950231,NA,0.0564171469378174,0,0.0176417909090855,0.015295533185491,0.00722908570282293,0.13320351758794,0,"S4","null",500,25,0.299354362960051,26.7164578438543,0,0,0,"none",0,45,0
0.152538993813761,-0.00771044154210474,0.999600101289855,1,-0.00149892746966019,NA,0.0127300499853273,0,-0.000471946814377715,NA,0.032749597478178,0,0.00218381807430255,0.00365726478871692,0.00255414503608704,0.0520527638190955,0,"S4","null",500,25,0.299354362960051,38.4655295110496,0,0,0,"none",0,46,0
0.194881341812294,-0.0113763499402703,0.999989621598745,1,-0.0165775113523751,NA,0.127109261444167,0,-0.000947656660123303,NA,0.0333286461170525,0,-0.00137839954686215,-0.00129223045972116,0.00178456892379274,0.0444698492462312,0,"S4","null",500,25,0.299354362960051,30.0366641265433,0,0,0,"none",0,47,0
0.254524689356266,-0.00432933676513718,0.999999999994261,1,0.103001652763028,NA,0.709602824044812,0,0.00965822911334002,NA,0.0730339227486053,0,0.00647562623350511,-0.000726846930751814,0.00354772980982518,0.0653341708542714,0,"S4","null",500,25,0.299354362960051,30.7097937991148,0,0,0,"none",0,48,0
0.211334060145988,-0.0429821090407952,0.999999883141078,1,0.0279931585134083,NA,0.21051416818884,0,0.00269173198606489,NA,0.0398357105237978,0,0.00220789484403912,0.00487033409446075,0.00278569168944613,0.0551407035175879,0,"S4","null",500,25,0.299354362960051,26.835825121481,0,0,0,"none",0,49,0
0.154867912930673,0.0203092756745407,0.99975051131052,1,0.0431413390707185,NA,0.360191764495055,0,0.00164955901244686,NA,0.0361682270803072,0,0.000380004126487286,0.00190156335140797,0.0016588072262366,0.0394597989949749,0,"S4","null",500,25,0.299354362960051,37.7353332167634,0,0,0,"none",0,50,0
0.345288270134529,0.0184436855528849,1,1,0.109285501127516,NA,0.745702817074767,0,0.00404473666583279,NA,0.045332432784568,0,0.023488946628522,0.024328024585604,0.00694716806021233,0.19991959798995,0,"S4","null",500,25,0.299354362960051,33.001645938422,0,0,0,"none",0,51,0
0.287083861047793,-0.0443235858821249,0.999999999999066,1,0.0029536166842205,NA,0.0229174748171002,0,0.000410172974749764,NA,0.0326188733549275,0,-0.00140497651626213,0.00338279278093364,0.00258336646830305,0.0453768844221106,0,"S4","null",500,25,0.299354362960051,32.3037234856408,0,0,0,"none",0,52,0
0.180253287104124,0.0045464275874474,0.99993015082353,1,0.0397411416566673,NA,0.280079075945059,0,0.00146556294670793,NA,0.0344339185267431,0,0.00937677934994624,-0.0195644011830367,0.00568529578386535,0.146610552763819,0,"S4","null",500,25,0.299354362960051,27.3787281066097,0,0,0,"none",0,53,0
0.181972681941259,-0.0072334830709774,0.999964725430848,1,-0.127989994331995,NA,0.742070713692732,0,-0.00315068793661739,NA,0.0396492611847819,0,-0.0616835083518694,0.0131592038162277,0.0106365451601685,0.277195979899498,0,"S4","null",500,25,0.299354362960051,23.3509479057476,0,0,0,"none",0,54,0
0.211836046492341,-0.00406985304689986,0.99999961368264,1,-0.0533211554294583,NA,0.386989259251475,0,-0.00303532084676411,NA,0.0396393948785248,0,-0.00297633582119328,-0.00319302028865572,0.00216796559793074,0.0480552763819095,0,"S4","null",500,25,0.299354362960051,24.8642737768775,0,0,0,"none",0,55,0
0.177304274395129,-0.039090135652912,0.999983865713813,1,0.00766812819964451,NA,0.0576532995602741,0,-0.00102528213348027,NA,0.0334927188261444,0,0.00585704589707466,-0.0064788692657778,0.00347577046992244,0.0689045226130653,0,"S4","null",500,25,0.299354362960051,30.7761088848851,0,0,0,"none",0,56,0
0.207936692416024,0.0239557622673193,0.999999882754514,1,0.13568273050023,NA,0.846261010361829,0,0.00210688371743114,NA,0.0363178341764599,0,0.0621571263257297,-0.00773941726048821,0.0101663376921207,0.291673366834171,0,"S4","null",500,25,0.299354362960051,32.6494846942557,0,0,0,"none",0,57,0
0.201631839797648,-0.0220655598143623,0.999998149497164,1,0.0618585806562233,NA,0.467811578677002,0,0.00266973090817304,NA,0.039871358979802,0,0.00356878109854971,-0.00214490820020986,0.00236670071180402,0.053927135678392,0,"S4","null",500,25,0.299354362960051,33.9082053920622,0,0,0,"none",0,58,0
0.170849211061178,-0.0144676534572628,0.999980424606917,1,-0.024131330796244,NA,0.180696321206461,0,-0.000716511811382827,NA,0.0330505178394512,0,-0.0126203337734104,0.0155749561138687,0.00616284381381377,0.118959798994975,0,"S4","null",500,25,0.299354362960051,24.3326865847772,0,0,0,"none",0,59,0
0.184036579307397,0.0256527813330186,0.999990718096679,1,0.0457590191175256,NA,0.389126067486263,0,0.00235366841605011,NA,0.039852955423648,0,0.00452702195449932,0.00321170325388498,0.00293138185315064,0.0604221105527638,0,"S4","null",500,25,0.299354362960051,38.2663665781185,0,0,0,"none",0,60,0
0.186462719869381,0.0174135045389916,0.999991468533932,1,-0.0205151637796692,NA,0.155791239992176,0,0.00451174100361656,NA,0.0483980118040276,0,-0.00652404809621833,0.00220718419767442,0.00352022194375602,0.0608844221105528,0,"S4","null",500,25,0.299354362960051,26.3246964454975,0,0,0,"none",0,61,0
0.311956183701227,-0.00428378308846175,0.99999999999989,1,0.0873419753995133,NA,0.584486883185023,0,0.0078511621429068,NA,0.0623327604921517,0,0.00156786598967383,-0.00292898518864682,0.00259088402053715,0.0509597989949749,0,"S4","null",500,25,0.299354362960051,31.1033856760311,0,0,0,"none",0,62,0
0.143804762181276,-0.0249519312251084,0.998557003657533,1,-0.104403517748479,NA,0.634065277517626,0,-0.00471497411055821,NA,0.0457928099399449,0,-0.0272296465706405,0.000782708345965436,0.00641000819170575,0.138442211055276,0,"S4","null",500,25,0.299354362960051,24.2472739313215,0,0,0,"none",0,63,0
0.141250459818582,-0.00116478140153416,0.99862741586091,1,-0.158209645993127,NA,0.868114157442148,0,-0.00477685129686517,NA,0.0469083498137767,0,-0.0159618756135577,0.00105262764116241,0.00446084757130734,0.103057788944724,0,"S4","null",500,25,0.299354362960051,25.2143954608732,0,0,0,"none",0,64,0
0.232879193668935,-0.00724786542081157,0.999999988884694,1,0.102940259923504,NA,0.691898021597349,0,0.00980624214590127,NA,0.0727785716563803,0,0.0055434944196679,-0.0185168995622459,0.00476653452174973,0.106708542713568,0,"S4","null",500,25,0.299354362960051,31.4068467896566,0,0,0,"none",0,65,0
0.231788275141225,-0.0352689371334456,0.999999993171367,1,0.0624745396638582,NA,0.443176806434042,0,0.00195437428646474,NA,0.0359168779104119,0,0.00726887993463714,0.00277126227099733,0.00299877608105967,0.0669522613065327,0,"S4","null",500,25,0.299354362960051,28.988593980104,0,0,0,"none",0,66,0
0.21944156771951,0.00972366253682524,0.999999908776176,1,-0.00403390627668329,NA,0.0318994949470917,0,-1.79094652332256e-06,NA,0.032434729076382,0,0.000438699816623778,-0.00170979167992072,0.00228829810073932,0.0467688442211055,0,"S4","null",500,25,0.299354362960051,30.1021761448676,0,0,0,"none",0,67,0
0.222604460268994,0.0304942674747675,0.999999916482509,1,0.104289183709263,NA,0.702305199599492,0,0.0192200221263098,NA,0.115402776945146,0,0.0322810299554872,-0.045708155479116,0.0101085811327851,0.290278894472362,0,"S4","null",500,25,0.299354362960051,32.6355393623053,0,0,0,"none",0,68,0
0.148663127321514,-0.0396935978547658,0.999838349494644,1,0.0930175980900079,NA,0.668642098235563,0,0.008757701938875,NA,0.0718426198163959,0,0.0218200574885618,-0.0171243804671794,0.00600250915726617,0.166768844221106,0,"S4","null",500,25,0.299354362960051,34.1863579590964,0,0,0,"none",0,69,0
0.231586674255768,-0.00403608032258895,0.999999982669182,1,0.0098446104326435,NA,0.0786104576303772,0,0.000191162232026359,NA,0.0324585657289777,0,0.00100808558543477,-0.00245379455068021,0.00185455702092469,0.0487412060301508,0,"S4","null",500,25,0.299354362960051,27.0272340251776,0,0,0,"none",0,70,0
0.222451279849232,0.00819113818169073,0.99999942387067,1,0.0106172909442574,NA,0.0790448873631804,0,0.000924923810447798,NA,0.033281777532238,0,-0.000953845322099484,-0.0141517255007117,0.00491230318328158,0.100849246231156,0,"S4","null",500,25,0.299354362960051,31.0223132471989,0,0,0,"none",0,71,0
0.170080908362104,0.000726160722628498,0.999952172641205,1,-0.0613935019641496,NA,0.460984773872225,0,-0.00370095486158127,NA,0.0435671161180211,0,-0.00549214547034973,0.00236464545778883,0.00269660425737217,0.0583442211055276,0,"S4","null",500,25,0.299354362960051,31.7419181590035,0,0,0,"none",0,72,0
0.141990769892067,0.00740802271889281,0.999191430307558,1,-0.0960548403819621,NA,0.702057627957486,0,-0.00410060683970379,NA,0.0473010275750873,0,-0.0153451097575177,0.01532955083846,0.00584691498035528,0.141560301507538,0,"S4","null",500,25,0.299354362960051,34.9034239876599,0,0,0,"none",0,73,0
0.222168724559971,-0.0116253574788811,0.999999998919308,1,0.0746153806903922,NA,0.580353145394955,0,0.000889599288373473,NA,0.0333049428900453,0,0.0076987787316659,-0.000535413961465528,0.00295989763609194,0.0705326633165829,0,"S4","null",500,25,0.299354362960051,29.3530478634454,0,0,0,"none",0,74,0
0.243786570589892,0.0310970274657169,0.999999998379703,1,-0.0389061448904774,NA,0.290573093462212,0,0.00041221419169837,NA,0.0326271894289244,0,-0.0232788192802476,-0.0375364602932681,0.0119049179936238,0.233306532663317,0,"S4","null",500,25,0.299354362960051,29.5340804531401,0,0,0,"none",0,75,0
0.218094842130829,-0.0218439224035278,0.999999937002675,1,8.18461474055878e-05,NA,0.000732089559820626,0,0.00010324252083539,NA,0.0324325827918371,0,0.000121569058078569,0.00108041768238357,0.00220241948078007,0.038035175879397,0,"S4","null",500,25,0.299354362960051,39.8935754697871,0,0,0,"none",0,76,0
0.272572720411602,0.0375313424539723,0.999999999999047,1,0.0101102655187349,NA,0.0801341922229957,0,-6.87066076221853e-06,NA,0.0324166766282848,0,0.0131891547632933,-0.0681750062178356,0.0115987198261938,0.307,0,"S4","null",500,25,0.299354362960051,31.8571451940641,0,0,0,"none",0,77,0
0.270677964644785,-0.00958686726503009,0.999999999942564,1,0.124758438508508,NA,0.794432874162444,0,0.00615099810422691,NA,0.0555139257771932,0,0.0306206759853472,-0.0155486142189502,0.00821020910467991,0.180464824120603,0,"S4","null",500,25,0.299354362960051,38.4738081627183,0,0,0,"none",0,78,0
0.207462317377909,-0.0305715715093768,0.999999863147569,1,0.160928374977801,NA,0.90155879978105,0,0.0162846763074066,NA,0.0962062030579481,0,0.205738815223289,-0.307857368979164,0.000125631297308451,0.999874371859297,1,"S4","null",500,25,0.299354362960051,30.3813214864788,0,0,0,"none",0,79,0
0.167553363543213,0.00155338674776813,0.999945999358781,1,-0.0426212466840143,NA,0.336599717887744,0,-0.000254224944664232,NA,0.0325055927454416,0,-0.00638527595873844,0.00813691391922181,0.0037908106523641,0.0940226130653266,0,"S4","null",500,25,0.299354362960051,31.9559350041109,0,0,0,"none",0,80,0
0.247552242875517,-0.0020802029703596,0.999999991031779,1,-0.136716979866627,NA,0.741582953648963,0,-0.00173008849596343,NA,0.03533532607413,0,-0.0796729200761161,-0.0406773051394796,0.0114497173464506,0.370557788944724,0,"S4","null",500,25,0.299354362960051,23.9139527972802,0,0,0,"none",0,81,0
0.174942149429013,-0.00631637537386708,0.999984832346662,1,-0.00430164628962031,NA,0.0408943592420951,0,-0.000329683172804947,NA,0.0326219554891711,0,0.00123613556001994,-0.00125562540340518,0.00210945339579409,0.0413492462311558,0,"S4","null",500,25,0.299354362960051,40.1625546758931,0,0,0,"none",0,82,0
0.170847905698939,0.0127804975719684,0.999989401925937,1,-0.0370372746938762,NA,0.336857912754819,0,-0.000951068161705314,NA,0.0339078171597509,0,-0.00129812816001216,-0.00250202124464937,0.00181671603810789,0.0393793969849246,0,"S4","null",500,25,0.299354362960051,40.0572787327882,0,0,0,"none",0,83,0
0.223179592900708,0.0273723733599366,0.999999896800114,1,-0.126257365271549,NA,0.729316120920081,0,-0.00312956553073745,NA,0.0395193999014973,0,-0.00616185176696958,-0.00313727250441386,0.0034308169884583,0.0603844221105528,0,"S4","null",500,25,0.299354362960051,20.7425564228131,0,0,0,"none",0,84,0
0.226581993318048,0.00229540421963504,0.999999839653776,1,0.0421385402922947,NA,0.306971194380959,0,0.00179607015391909,NA,0.0359837063735911,0,0.00210043711459784,-0.000579946785087127,0.00270486411528724,0.0516557788944724,0,"S4","null",500,25,0.299354362960051,28.433208380222,0,0,0,"none",0,85,0
0.171951445032543,0.00427752295142253,0.999941980898667,1,0.0616306078705386,NA,0.507849185368558,0,0.00146408907196829,NA,0.0350137059222492,0,0.00623969624606101,0.00346467165809705,0.00290798065214064,0.0695854271356784,0,"S4","null",500,25,0.299354362960051,43.2882136808056,0,0,0,"none",0,86,0
0.24227955817413,0.0176149443522627,0.999999994381828,1,0.0890196142399284,NA,0.603995930932897,0,0.00165577419659693,NA,0.0348656796877789,0,0.0042259543433773,0.00246345716080511,0.00272404957574015,0.057037688442211,0,"S4","null",500,25,0.299354362960051,29.0520636303966,0,0,0,"none",0,87,0
0.178275820583364,0.0167885183017911,0.999997798592816,1,-0.00770864028041748,NA,0.0610172619463852,0,-0.000586422180109446,NA,0.032828610213111,0,-0.000767675822527248,-0.00051306251717248,0.00242723240591606,0.0445904522613065,0,"S4","null",500,25,0.299354362960051,30.0483110275165,0,0,0,"none",0,88,0
0.209084303740069,0.032641399340301,0.999999934806889,1,-0.0625093145391965,NA,0.518700480980407,0,-0.00168432242183891,NA,0.0363426825841065,0,-0.00218041744599706,0.00342375557923957,0.00209578974205878,0.0508442211055276,0,"S4","null",500,25,0.299354362960051,39.8616752344,0,0,0,"none",0,89,0
0.209420922598161,0.0200686421834295,0.999998898706132,1,0.00594775482442226,NA,0.0441550547290432,0,-0.000135239586112122,NA,0.0324360719473982,0,0.018349420751098,0.0271688293993034,0.00800604050001131,0.182113065326633,0,"S4","null",500,25,0.299354362960051,29.0350196806461,0,0,0,"none",0,90,0
0.151394366817186,0.00697857007242422,0.999846969095089,1,-0.0684753543402884,NA,0.561567675832544,0,-0.00207123123248963,NA,0.0378648389814072,0,-0.0023208607197662,-0.000447058310390879,0.00174472999730935,0.0419623115577889,0,"S4","null",500,25,0.299354362960051,38.0101386171673,0,0,0,"none",0,91,0
0.191482290286566,-0.00382770141016727,0.99999349909064,1,0.0464626084440169,NA,0.380885992995782,0,0.00384724365910584,NA,0.0455437812238024,0,0.0166318312648947,0.0410700982128996,0.0107617591417006,0.240798994974874,0,"S4","null",500,25,0.299354362960051,35.7302159556621,0,0,0,"none",0,92,0
0.185118150169982,0.00280535175223242,0.999988619121653,1,0.113051743029325,NA,0.773300161127683,0,0.0072262454547604,NA,0.0605433585517027,0,0.0153298355327321,0.0135811974390027,0.00631777911399356,0.138311557788945,0,"S4","null",500,25,0.299354362960051,35.7704567772131,0,0,0,"none",0,93,0
0.117485595466497,0.0624441912918147,0.99990899891256,1,0.00645902178986492,NA,0.0518147501194755,0,-0.000508693568245596,NA,0.0327290813694774,0,-0.00030815315575378,-0.0117005687722104,0.00467718374831589,0.0942286432160804,0,"S4","null",500,25,0.299354362960051,28.3629568991001,0,0,0,"none",0,94,0
0.221858498760255,0.0243046617739575,0.999999621579812,1,-0.0614796290994347,NA,0.412372597765646,0,-0.00078205567660299,NA,0.0330744654791605,0,-0.00277429618178146,0.00393566829135335,0.00218088490547109,0.0542085427135678,0,"S4","null",500,25,0.299354362960051,26.8596783903329,0,0,0,"none",0,95,0
0.133712177962461,-0.0082312896111089,0.998762599501348,1,-0.00707602681118636,NA,0.0637709358841467,0,0.000942383761008906,NA,0.0337624779950397,0,0.000759702870689149,-0.00199322659951904,0.00210599138156337,0.0461457286432161,0,"S4","null",500,25,0.299354362960051,38.639756358462,0,0,0,"none",0,96,0
0.246574202223402,0.0255015811068916,0.999999998838454,1,0.139583589344581,NA,0.822872735130448,0,0.0178307000182388,NA,0.104684674365894,0,0.0261692398026348,-0.00972502538448684,0.00747849558073541,0.149540201005025,0,"S4","null",500,25,0.299354362960051,28.9604218549043,0,0,0,"none",0,97,0
0.137840844749142,0.00166963598377829,0.998651155378894,1,-0.0806113062069336,NA,0.56033546773539,0,-0.00282080975790125,NA,0.0401852408139847,0,-0.0153508744979883,0.01658033217436,0.00564679767461382,0.135582914572864,0,"S4","null",500,25,0.299354362960051,29.7325476201247,0,0,0,"none",0,98,0
0.181851151919481,0.0107553188298946,0.999993037002635,1,-0.0739972891009168,NA,0.492105804333114,0,-0.00599826427623151,NA,0.0502193850505471,0,0.0347234808990012,-0.113524355645789,0.0158275817582258,0.413547738693467,0,"S4","null",500,25,0.299354362960051,26.0775754001589,0,0,0,"none",0,99,0
0.232801275514542,0.0164892523390964,0.999999969346912,1,0.0234865010101885,NA,0.160335840159565,0,0.00146209136744412,NA,0.0343215403296345,0,0.00238985934954672,0.00295712825818122,0.0025443514283053,0.0475829145728643,0,"S4","null",500,25,0.299354362960051,26.8258559639375,0,0,0,"none",0,100,0
0.132544712568177,-0.00740904080633799,0.99956692190907,1,-0.00799902013675281,NA,0.103251094471521,0,-8.70664404876368e-05,NA,0.0324401882019421,0,-0.000702829116429687,-0.00140895310780567,0.00204026768671417,0.0401608040201005,0,"S4","null",500,70,0.500915658514495,82.44811768475,0,0,0,"none",0,1,0
0.200230633505439,0.0209852883506594,0.999999958262526,1,0.0244320461578274,NA,0.314014208534244,0,0.00208862842515807,NA,0.0432003863943662,0,0.00662168855861054,-0.0095302696974176,0.00713255713450545,0.141879396984925,0,"S4","null",500,70,0.500915658514495,105.281183067026,0,0,0,"none",0,2,0
0.152865402336684,-0.014728034392103,0.999995597249637,1,-0.0229059740494618,NA,0.285625335658816,0,-0.00106631232333933,NA,0.0352560422580201,0,-0.00186416770864428,0.00054332914571406,0.00176791348710751,0.0410226130653266,0,"S4","null",500,70,0.500915658514495,72.0223984885517,0,0,0,"none",0,3,0
0.120816524993979,-0.00935593379595003,0.998482927508755,1,-0.0169229181348273,NA,0.22097314565388,0,-0.000101046213746095,NA,0.0324515404845391,0,-0.00107416914544933,-0.00135157993084993,0.00227533199731048,0.0408844221105528,0,"S4","null",500,70,0.500915658514495,98.4792852255569,0,0,0,"none",0,4,0
0.146817264673074,0.01086197332717,0.999981184084368,1,-0.0218989176320486,NA,0.297318682232941,0,-0.000473792182185825,NA,0.0334768719988182,0,-0.00058650822084963,-0.00114904872987116,0.00194918583880511,0.0406407035175879,0,"S4","null",500,70,0.500915658514495,96.9537930561116,0,0,0,"none",0,5,0
0.127946604242399,-0.0302802597183399,0.99982055396822,1,-0.0596005577250586,NA,0.664801038687865,0,-0.0015319595300999,NA,0.0382533948586743,0,-0.00216433368477564,-0.00444269066807295,0.00260178893068136,0.0739572864321608,0,"S4","null",500,70,0.500915658514495,76.7561099056383,0,0,0,"none",0,6,0
0.132020455825704,-0.0357525171386959,0.999960532505691,1,-0.0198952506365777,NA,0.239258296640503,0,-0.000303650943885092,NA,0.0326272242794352,0,-0.00194950779350825,0.00113476759659562,0.00238278509301802,0.0461532663316583,0,"S4","null",500,70,0.500915658514495,79.793252529245,0,0,0,"none",0,7,0
0.0971509945943567,0.0098014875886452,0.989223972205849,1,-0.0571445513911275,NA,0.626184525066964,0,-0.00222469845123571,NA,0.0412671520432154,0,-0.00735312289902709,-0.00759620207308592,0.00543210108459246,0.114236180904523,0,"S4","null",500,70,0.500915658514495,70.13435815712,0,0,0,"none",0,8,0
0.23634072760694,-0.00889214325444624,0.999999999998926,1,0.0857270949974101,NA,0.811989810153554,0,0.00240562325382264,NA,0.0422744510688329,0,0.0059438054675889,-0.000719591771105225,0.003282421189095,0.0672914572864322,0,"S4","null",500,70,0.500915658514495,80.1986886370017,0,0,0,"none",0,9,0
0.184224418657691,-0.0128255823901123,0.99999956312397,1,0.0781986461933093,NA,0.777606843298027,0,0.00509008106275649,NA,0.0622111589617725,0,0.00645183865647811,-0.00042108158038263,0.00381879197930264,0.070891959798995,0,"S4","null",500,70,0.500915658514495,83.0468116577545,0,0,0,"none",0,10,0
0.153984492712257,0.0363431919378016,0.999998990406178,1,0.00301156511096203,NA,0.0381206023652306,0,-5.05408489793558e-05,NA,0.0324226760170892,0,0.00101804919508994,0.0106693237225358,0.00627166008280705,0.126206030150754,0,"S4","null",500,70,0.500915658514495,82.0197287288156,0,0,0,"none",0,11,0
0.149335009221797,-0.0129981664407226,0.999983410809624,1,0.0164315127756375,NA,0.205911097475868,0,0.000792141815250736,NA,0.03442786955485,0,-0.00310455783572463,0.00773072804881417,0.004470431393766,0.0930050251256281,0,"S4","null",500,70,0.500915658514495,78.7380304133019,0,0,0,"none",0,12,0
0.184137376058502,0.0203161477597804,0.999999983399701,1,0.00861685903408905,NA,0.113415231239145,0,0.00124945864033986,NA,0.0369216079857286,0,0.00207291855695601,0.00342471252459818,0.00224143295089072,0.0684698492462312,0,"S4","null",500,70,0.500915658514495,93.8883389955261,0,0,0,"none",0,13,0
0.176759945834267,0.00844720705267951,0.999998804253902,1,0.0570482930552382,NA,0.657754533406035,0,0.00553311101092854,NA,0.0682107805635196,0,0.00258548695563784,-6.67968306625563e-05,0.00235464525071503,0.0494698492462312,0,"S4","null",500,70,0.500915658514495,85.6975627449005,0,0,0,"none",0,14,0
0.175144235333769,0.0278044298725903,0.999995047422763,1,-0.0433127695473475,NA,0.436091801308699,0,0.000310642605423539,NA,0.0326243730201822,0,-0.00228968519278835,-0.00873214125527883,0.00462919726233734,0.122939698492462,0,"S4","null",500,70,0.500915658514495,69.5746458389684,0,0,0,"none",0,15,0
0.191799726773364,-0.0181790589541727,0.999999973689242,1,0.0255351714527858,NA,0.305527943184778,0,0.00063684735776683,NA,0.0336147325375935,0,-5.95968864043809e-06,-0.00275416453752364,0.00242044500679128,0.0544547738693467,0,"S4","null",500,70,0.500915658514495,80.4756958736184,0,0,0,"none",0,16,0
0.17435463706502,-0.0100135166108517,0.999998627201162,1,-0.0133318189813787,NA,0.155521150997855,0,0.000106391235904594,NA,0.0324435751633132,0,-0.00151005939340419,-0.00024816744896189,0.00196917651677593,0.040105527638191,0,"S4","null",500,70,0.500915658514495,68.6049966001634,0,0,0,"none",0,17,0
0.126411506863851,-0.0046223994830801,0.999566666711366,1,-0.0405426536716242,NA,0.508200416647243,0,-0.000740021981531913,NA,0.0342066149630332,0,-0.00142242301648295,0.000383618832556849,0.00224077725987923,0.0408266331658291,0,"S4","null",500,70,0.500915658514495,99.5589390442217,0,0,0,"none",0,18,0
0.128593762652364,-0.00174708644926594,0.999765233084025,1,0.00112044388747787,NA,0.0152915524429258,0,-0.000479028317219187,NA,0.033148950737025,0,0.00099976584741053,0.000964822436317602,0.00174144755889617,0.0365452261306533,0,"S4","null",500,70,0.500915658514495,87.3367703145905,0,0,0,"none",0,19,0
0.198094502296863,-0.00636290299046131,0.999999889554788,1,0.0127640214783663,NA,0.150018059201716,0,0.000819127028460978,NA,0.0339973044181342,0,0.000140490879673864,-0.00127166691754212,0.00151183098987222,0.0388266331658291,0,"S4","null",500,70,0.500915658514495,71.8865827584386,0,0,0,"none",0,20,0
0.136196856504735,0.029489330215388,0.999862940756312,1,-0.0558609035210852,NA,0.577802831302491,0,-0.00511485409691087,NA,0.0585714247078154,0,-0.0064140208055776,0.004082644640861,0.00349639187717647,0.0801809045226131,0,"S4","null",500,70,0.500915658514495,66.2566663542136,0,0,0,"none",0,21,0
0.149641588031401,-0.0283331914974774,0.999994862553248,1,0.0402071972816443,NA,0.500854439789944,0,0.00249621161786476,NA,0.0459125520400232,0,0.0055772666586573,0.00450496960847228,0.00345976017788793,0.0826532663316583,0,"S4","null",500,70,0.500915658514495,83.5088249008672,0,0,0,"none",0,22,0
0.119524082622062,0.0240193368033132,0.99942269997858,1,-0.0639856504826336,NA,0.672788353871971,0,-0.00173256901655991,NA,0.03856225037301,0,-0.00466823073914296,-0.00130375445922324,0.00267197567356229,0.0647537688442211,0,"S4","null",500,70,0.500915658514495,77.78384623646,0,0,0,"none",0,23,0
0.113932368430695,-0.0128755568216855,0.997788211433261,1,-0.0720547634947269,NA,0.771491393618948,0,-0.00245965944451961,NA,0.044290268219235,0,-0.00501404053122323,0.00175024326066861,0.00347688031470991,0.0699472361809045,0,"S4","null",500,70,0.500915658514495,90.3744889653603,0,0,0,"none",0,24,0
0.164982488112268,0.00880137855912286,0.999988689050858,1,0.0100912733408341,NA,0.12540041208635,0,0.000352994375929888,NA,0.0327639274876727,0,0.000383250377880163,-0.00165524932272912,0.00221088441886675,0.0448165829145729,0,"S4","null",500,70,0.500915658514495,94.5048437408976,0,0,0,"none",0,25,0
0.157292125468754,-0.0131447866333012,0.999986725889976,1,0.000243303881035963,NA,0.00300286254182214,0,4.87043114918259e-05,NA,0.0324220265900256,0,-0.000159164698402172,-0.000767936847251637,0.00148973644298619,0.0353793969849246,0,"S4","null",500,70,0.500915658514495,85.7342625810214,0,0,0,"none",0,26,0
0.146367210705778,0.0244367743832247,0.999995389691967,1,-0.00579210940321053,NA,0.0788935568963012,0,-0.000557910543015712,NA,0.0334485602734235,0,-0.0219618791133913,0.086189657607105,0.0144859809197999,0.664630653266332,1,"S4","null",500,70,0.500915658514495,83.9805137659059,0,0,0,"none",0,27,0
0.0957266988245942,0.0083925824104671,0.9832637689238,1,-0.0210443530304778,NA,0.249896402273273,0,-0.000256141102882311,NA,0.0326408019037123,0,-0.00136429978011456,0.00361039473138408,0.00232839652567191,0.0616331658291457,0,"S4","null",500,70,0.500915658514495,85.4002397219634,0,0,0,"none",0,28,0
0.145055612632135,-0.0126069661450431,0.999961977137027,1,0.0150757213583624,NA,0.203272691504008,0,0.000564246112415885,NA,0.0334190692581247,0,0.00114478941652603,0.00204515524029275,0.00171095067848546,0.0468065326633166,0,"S4","null",500,70,0.500915658514495,97.2220775948464,0,0,0,"none",0,29,0
0.132626443871115,-0.0332207348056104,0.999865500973369,1,-0.0171087595449896,NA,0.230170510578722,0,-0.000625190222282909,NA,0.0337759328693945,0,-0.00452465814496351,-0.0109672085642962,0.00690767194250493,0.140949748743719,0,"S4","null",500,70,0.500915658514495,97.6446502979472,0,0,0,"none",0,30,0
0.146780796739417,0.0103246920053758,0.999990606515795,1,0.0109118803560268,NA,0.14728781774315,0,5.65678893174693e-05,NA,0.0324254885120889,0,8.68598746635687e-05,-0.000447636545851494,0.00191487025027209,0.0398165829145729,0,"S4","null",500,70,0.500915658514495,87.3118738154045,0,0,0,"none",0,31,0
0.0912502912068524,-0.00128861725705803,0.977861647123164,1,-0.0463930440803383,NA,0.547405342033554,0,-9.23038323229405e-05,NA,0.0324487584512437,0,-0.00230623464465731,0.000728227774307384,0.00220847868836623,0.0453743718592965,0,"S4","null",500,70,0.500915658514495,86.4220184133509,0,0,0,"none",0,32,0
0.220737546454246,0.0105595142773877,0.999999999995827,1,0.092560203211094,NA,0.876904779856026,0,0.0162863436780213,NA,0.134703330549223,0,0.0118841171363277,-0.0014885003211965,0.0055045598058003,0.114163316582915,0,"S4","null",500,70,0.500915658514495,84.0344105698353,0,0,0,"none",0,33,0
0.113728596160428,0.00415701900792413,0.998086313109584,1,0.0251570818345959,NA,0.320511264032034,0,0.00108227169878405,NA,0.0354910904231073,0,0.00550795695344466,-0.00352703884083401,0.00374565681378673,0.0886331658291457,0,"S4","null",500,70,0.500915658514495,86.0499429503315,0,0,0,"none",0,34,0
0.133385819974722,0.0201086242090395,0.999720172867239,1,0.00535939422492015,NA,0.0642726635829822,0,0.000427589977464878,NA,0.0328699554142019,0,0.000326855698819178,0.00283289270248146,0.00240149379262486,0.0512236180904523,0,"S4","null",500,70,0.500915658514495,73.5131231698932,0,0,0,"none",0,35,0
0.172036640525316,-0.00244001664828583,0.999999932458607,1,0.0949206845139717,NA,0.931121639025933,0,0.0142447204569532,NA,0.138966239332246,0,0.152522984185967,0.0258778411103652,0.0155064666776328,0.890668341708543,1,"S4","null",500,70,0.500915658514495,114.08659068368,0,0,0,"none",0,36,0
0.187318184321429,0.0110165067464665,0.999999768682407,1,0.0818802986056235,NA,0.80046219360761,0,0.0024095763042119,NA,0.0436087749308848,0,0.0153923698935538,0.00087767242659583,0.00437961588488422,0.129791457286432,0,"S4","null",500,70,0.500915658514495,86.8199235878716,0,0,0,"none",0,37,0
0.178448575908746,0.00225819912956379,0.999999988162174,1,0.0796744751282517,NA,0.874431630513245,0,0.00586448596804704,NA,0.0748973079771113,0,0.00405799242333567,-0.00212679563561734,0.00349278941404659,0.0737437185929648,0,"S4","null",500,70,0.500915658514495,103.667189147133,0,0,0,"none",0,38,0
0.134464553935607,-0.00302319787968483,0.999925715533346,1,0.00971396126453158,NA,0.124913200917996,0,0.000151670807499855,NA,0.0324860280632981,0,0.00196705771966377,0.000293065911927458,0.00129360685976762,0.042427135678392,0,"S4","null",500,70,0.500915658514495,73.0934396971102,0,0,0,"none",0,39,0
0.16588387919967,-0.0354520384547613,0.999999767172468,1,-0.00561781008467711,NA,0.0716961266701791,0,-0.000582716519917168,NA,0.0333885513246713,0,-0.00257436539346576,-0.00386853639901374,0.00257173215564362,0.0659572864321608,0,"S4","null",500,70,0.500915658514495,79.8257659921758,0,0,0,"none",0,40,0
0.144351341424268,-0.00888028084817737,0.999940930774313,1,0.0258061751132993,NA,0.321513449770707,0,0.00144677806691291,NA,0.0372141900706675,0,0.00307664206209775,0.000501641329928413,0.0031456839470371,0.0500251256281407,0,"S4","null",500,70,0.500915658514495,78.1866086197615,0,0,0,"none",0,41,0
0.163465286919725,0.048007770884698,0.999999989821678,1,0.0719371729480962,NA,0.744948305552676,0,0.00259563032326542,NA,0.0438333820305677,0,0.00711292470099428,-0.000581089478490938,0.00369675909720397,0.0768140703517588,0,"S4","null",500,70,0.500915658514495,75.6703276958447,0,0,0,"none",0,42,0
0.153048320574164,0.00850620601439299,0.999991393327232,1,-0.0272052296019753,NA,0.356166587290902,0,-0.00251534763865674,NA,0.0453478314284456,0,-0.000828067480810851,-0.000948259790667626,0.00150542595658676,0.0383894472361809,0,"S4","null",500,70,0.500915658514495,84.5171380633524,0,0,0,"none",0,43,0
0.145948372910755,0.0377938043997972,0.999986119425055,1,0.0111510826314338,NA,0.141408269666763,0,0.00177916105701069,NA,0.0396058866377676,0,0.00372998709233983,0.00599396940997977,0.00383379934813079,0.103429648241206,0,"S4","null",500,70,0.500915658514495,85.6378973115381,0,0,0,"none",0,44,0
0.141157191316239,0.00265550868171352,0.999688319239227,1,-0.0921439403386279,NA,0.799769158515101,0,-0.00286844722319262,NA,0.0439700398683897,0,-0.0403586200931002,0.0236402997405503,0.0115687209148799,0.294992462311558,0,"S4","null",500,70,0.500915658514495,66.202505941031,0,0,0,"none",0,45,0
0.199116166627844,0.0218654940445358,0.999999989466841,1,0.034275082058465,NA,0.408589278570734,0,0.00158791055699594,NA,0.0381805903211871,0,0.00116292747972272,-0.00132215288782437,0.00177758058241172,0.0423190954773869,0,"S4","null",500,70,0.500915658514495,81.1557770999886,0,0,0,"none",0,46,0
0.10383896457508,-0.00153166715550702,0.991549774055129,1,-0.064728677787578,NA,0.708917872884342,0,-0.00281014774393287,NA,0.0467872978506726,0,-0.0154923327038035,0.0092333587603775,0.00658874295585739,0.165884422110553,0,"S4","null",500,70,0.500915658514495,93.1979126766597,0,0,0,"none",0,47,0
0.152787095439606,0.0125011104670163,0.999997758008393,1,-0.0019069938530317,NA,0.0275911036106391,0,0.000820719695785752,NA,0.0347521186416653,0,-0.000786318650627491,-0.00191776553719489,0.00213737558642552,0.0535175879396985,0,"S4","null",500,70,0.500915658514495,93.8481626122821,0,0,0,"none",0,48,0
0.165497982089728,0.00900126116315498,0.99999775701864,1,0.0176526512112586,NA,0.233682219990804,0,0.000211242144486144,NA,0.032539022090893,0,-0.00105278975958804,-0.000248983276486765,0.00178330923706306,0.0372211055276382,0,"S4","null",500,70,0.500915658514495,83.6826431567422,0,0,0,"none",0,49,0
0.115375968161768,-0.000372022239789529,0.99781489078893,1,-0.00636657825485764,NA,0.0806327346900175,0,0.000518617713491842,NA,0.0331889708678768,0,-0.00246009009028182,0.00440131512860035,0.00288239890076046,0.0703040201005025,0,"S4","null",500,70,0.500915658514495,79.8609785464837,0,0,0,"none",0,50,0
0.14578893993341,-0.00636797695899343,0.999991108997978,1,-0.0611434398718208,NA,0.717503740101832,0,-0.00336361131460956,NA,0.0538908867350831,0,-0.00642398680586661,0.00350517451469774,0.00312592804577664,0.0861231155778894,0,"S4","null",500,70,0.500915658514495,85.5867880697865,0,0,0,"none",0,51,0
0.19363788367685,0.0434030496574623,0.99999999645592,1,0.0559908586592808,NA,0.593447945467098,0,0.00193187049632049,NA,0.0401103101804048,0,0.0308451402679208,0.116385083815823,0.0178135371016859,0.619301507537688,1,"S4","null",500,70,0.500915658514495,65.2301115698146,0,0,0,"none",0,52,0
0.147263401412381,-0.0129141213070864,0.999976667070967,1,0.00495038261645178,NA,0.0655215573385491,0,0.00032235067389351,NA,0.0327331396966608,0,0.00081680201270849,-0.000190206594332137,0.00189232396374436,0.0356658291457286,0,"S4","null",500,70,0.500915658514495,88.3730127660831,0,0,0,"none",0,53,0
0.186349444038068,-0.0149868555716555,0.999999960690616,1,0.141298588593943,NA,0.984473366724233,1,0.0135485338808465,NA,0.12162470031391,0,0.161192431723511,-0.0332852722488346,0.0102841180803287,0.896231155778894,1,"S4","null",500,70,0.500915658514495,93.5084868971415,0,0,0,"none",0,54,0
0.131421255600606,-0.00252244859666123,0.999343169252008,1,-0.110485225214143,NA,0.902060141534068,0,-0.00746480293380972,NA,0.0744278294978534,0,-0.0603625616475661,-0.0406889718092345,0.0170188266740568,0.526891959798995,1,"S4","null",500,70,0.500915658514495,73.3567235790411,0,0,0,"none",0,55,0
0.132399224026911,-0.00408589321178093,0.999885496661976,1,-0.0659489770180956,NA,0.717870835577269,0,-0.00172740782561385,NA,0.0392990959481901,0,-0.0376011474986759,-0.0242694574234487,0.0147139803883835,0.339065326633166,0,"S4","null",500,70,0.500915658514495,73.7364543426958,0,0,0,"none",0,56,0
0.107203237961947,0.00352180132922668,0.995034752628742,1,0.00571078659088078,NA,0.0777233132483932,0,9.75169605698018e-05,NA,0.0324490576742668,0,-0.000564523967576764,0.00243827218253544,0.00232009132295236,0.0546934673366834,0,"S4","null",500,70,0.500915658514495,90.2797126924935,0,0,0,"none",0,57,0
0.13755455612085,0.0042584345489133,0.999934758868459,1,-0.0596146383158686,NA,0.672822990653646,0,-0.00291946856483448,NA,0.0478186475967363,0,-0.0221939033247212,0.00675193048322726,0.00825224530301067,0.195889447236181,0,"S4","null",500,70,0.500915658514495,86.0335828467881,0,0,0,"none",0,58,0
0.146176973078515,-0.00530130145821497,0.999950283946422,1,0.0293458348103234,NA,0.351929439976096,0,0.00147643563748765,NA,0.0376320135730305,0,0.00243865806495031,0.00218939815612543,0.0029361915170097,0.0562537688442211,0,"S4","null",500,70,0.500915658514495,81.9055380613493,0,0,0,"none",0,59,0
0.174831120202198,-0.00386049672298707,0.999999846597606,1,-0.0246448987797206,NA,0.312600685257555,0,-0.00187590299896614,NA,0.0395323767210656,0,-0.000780397228668175,0.000215589368624141,0.00200627017193154,0.0359824120603015,0,"S4","null",500,70,0.500915658514495,76.9895574227812,0,0,0,"none",0,60,0
0.24023768550506,0.00948197619264925,0.999999999999411,1,0.0982345571402484,NA,0.911858833758445,0,0.00671399197851007,NA,0.0780419052012465,0,0.0166525060193544,-0.000815355075154169,0.00683611706048275,0.153922110552764,0,"S4","null",500,70,0.500915658514495,87.891820353279,0,0,0,"none",0,61,0
0.13963882074114,0.0225225879779426,0.999955320885393,1,0.0881641836843846,NA,0.86440479541847,0,0.00355552876997192,NA,0.0512953242783427,0,0.0121025579882976,0.00547761810969597,0.00739075260280329,0.131329145728643,0,"S4","null",500,70,0.500915658514495,89.8984151440797,0,0,0,"none",0,62,0
0.1481622964411,0.00102042407111216,0.999976229741972,1,-0.00196017553951691,NA,0.0262304045266191,0,-0.00197914311708694,NA,0.0405989661939945,0,0.00672256461701248,0.0351324424131446,0.0116875965709208,0.347180904522613,0,"S4","null",500,70,0.500915658514495,83.4204274574498,0,0,0,"none",0,63,0
0.126211104411202,-0.00963665384513758,0.999654997941644,1,-0.00858113906814198,NA,0.112205408541446,0,-0.000251852310311138,NA,0.0326098806132393,0,-0.000884490164042618,0.000481010072418989,0.00176965923298211,0.0362085427135678,0,"S4","null",500,70,0.500915658514495,84.8776062395425,0,0,0,"none",0,64,0
0.145617751697932,0.00467909230219947,0.999755760117586,1,0.0438552103369668,NA,0.490694959769414,0,0.00126695828987003,NA,0.0360356706944074,0,0.0031968637040223,-0.00302135066569475,0.00280476948209232,0.0626180904522613,0,"S4","null",500,70,0.500915658514495,75.040792124353,0,0,0,"none",0,65,0
0.115593080267209,0.000350642938489177,0.999489451332583,1,0.0468993494248321,NA,0.651979544267555,0,0.000836022972677022,NA,0.0352884888908662,0,0.0170050993968413,0.00188163747847052,0.00851639850541276,0.171118090452261,0,"S4","null",500,70,0.500915658514495,116.574222689954,0,0,0,"none",0,66,0
0.145466618842369,0.0184641278971514,0.999993905463286,1,0.0118645864708968,NA,0.168689367679007,0,-0.000220665769291026,NA,0.0325953522356603,0,0.000935423883919918,-0.000143202331860258,0.00194419237392413,0.0348668341708543,0,"S4","null",500,70,0.500915658514495,99.7427958252263,0,0,0,"none",0,67,0
0.18708320615351,0.0154233519670983,0.999999967065908,1,0.0480182664559556,NA,0.553378757596555,0,0.00150924586098672,NA,0.0373705160883306,0,0.00436509248011149,0.000364666575315119,0.00258650533681115,0.0596909547738693,0,"S4","null",500,70,0.500915658514495,79.6816900325688,0,0,0,"none",0,68,0
0.120606603685975,0.0409272076066209,0.999942801569529,1,0.00775856346793939,NA,0.103610197599085,0,-0.000298779789817416,NA,0.0327472245586526,0,-0.000662874655457436,0.000151392543577004,0.0018919108548632,0.033891959798995,0,"S4","null",500,70,0.500915658514495,86.1699148100866,0,0,0,"none",0,69,0
0.188622927631662,0.015304175792314,0.999999560850455,1,-0.00707010396302719,NA,0.0839013052552358,0,0.000251977730197272,NA,0.0325876002409592,0,-0.00201210150794687,0.00615028185676903,0.00413558135665442,0.0873341708542714,0,"S4","null",500,70,0.500915658514495,78.1681889626977,0,0,0,"none",0,70,0
0.189110938395499,-0.0231535126526984,0.999999995735649,1,0.102928100551471,NA,0.915977781568759,0,0.00511134045270272,NA,0.0649261356302562,0,0.0209129638745578,-0.0074586459720634,0.00723397378665524,0.18977135678392,0,"S4","null",500,70,0.500915658514495,97.5805855509973,0,0,0,"none",0,71,0
0.110104373763789,0.0202476922865728,0.996022920460808,1,-0.123646583310908,NA,0.92698155749663,0,-0.00750408708394557,NA,0.0715493162756683,0,-0.0489624327819116,0.00111961002546921,0.0110978549359668,0.309587939698492,0,"S4","null",500,70,0.500915658514495,65.1713007609435,0,0,0,"none",0,72,0
0.165412396564107,0.0315132728572441,0.999999790160921,1,0.0515216965524095,NA,0.624443516261214,0,0.00283422606378101,NA,0.0495959659518403,0,0.00256951104680876,-0.000625528460418124,0.00179438505861044,0.0485552763819095,0,"S4","null",500,70,0.500915658514495,98.0397779047156,0,0,0,"none",0,73,0
0.158889122859387,0.019998276885376,0.999997555129422,1,-0.019413784500377,NA,0.248637619111512,0,0.000839798288308874,NA,0.0344517537100605,0,-0.00582745653567514,0.00670070251421122,0.00495238466291407,0.116733668341709,0,"S4","null",500,70,0.500915658514495,83.365113060764,0,0,0,"none",0,74,0
0.201882651851033,-0.0398167701115686,0.999999999602296,1,0.0468392225973761,NA,0.574775097014358,0,0.00398177738738096,NA,0.0592244776339019,0,0.00559470984587503,-0.00367952190789483,0.00409490530394934,0.0818718592964824,0,"S4","null",500,70,0.500915658514495,111.649974485395,0,0,0,"none",0,75,0
0.162000155861568,-0.0256519877659682,0.999999832407683,1,0.0804207174822835,NA,0.826669703491452,0,0.0054200123652874,NA,0.0661187936674712,0,0.0331055047781104,-0.0112715662750036,0.0124155836964442,0.275572864321608,0,"S4","null",500,70,0.500915658514495,86.8853435668595,0,0,0,"none",0,76,0
0.123064157587966,-0.0106986286991992,0.999650303671187,1,0.00231383422795392,NA,0.0369146863292266,0,0.000855716583783042,NA,0.035665073834075,0,0.00513054112643743,-0.00469680060912316,0.0040487893194403,0.102595477386935,0,"S4","null",500,70,0.500915658514495,133.341044718773,0,0,0,"none",0,77,0
0.153986984686914,0.0427539454728459,0.999999479466825,1,0.0341094066788488,NA,0.448449672805259,0,0.00222201504272533,NA,0.0444123616807761,0,-0.000335293844377847,0.0021747131077108,0.00217573656405721,0.0466532663316583,0,"S4","null",500,70,0.500915658514495,106.583431359938,0,0,0,"none",0,78,0
0.181202583404973,-0.024570819939961,0.999999881132165,1,0.0243333632227613,NA,0.315872834005812,0,0.00112844117848669,NA,0.0359125917441235,0,0.000467796653438743,0.00246738551169637,0.00267489203312921,0.0533768844221106,0,"S4","null",500,70,0.500915658514495,88.2529527060168,0,0,0,"none",0,79,0
0.129878863064495,-0.00473337436903637,0.999623407997571,1,-0.0504044076165836,NA,0.564614481712584,0,-0.00530110537706545,NA,0.0603497322478219,0,-0.00154926231199007,-0.0050144184023973,0.00331578136231344,0.083786432160804,0,"S4","null",500,70,0.500915658514495,70.874075188096,0,0,0,"none",0,80,0
0.120135067884076,0.025630471274186,0.99978452074999,1,-0.014688628595596,NA,0.196316408743404,0,-0.00102564901084236,NA,0.0355281456607945,0,-0.00228932774905827,0.000581698905154648,0.00226013698270152,0.0466306532663317,0,"S4","null",500,70,0.500915658514495,99.4089324776086,0,0,0,"none",0,81,0
0.176422047773119,-0.0147262631103559,0.999999042730493,1,0.0388143464965744,NA,0.440620879444253,0,0.00108250067545781,NA,0.0350547474241759,0,0.0037777891217963,0.00264130908915338,0.00267046604211231,0.0659070351758794,0,"S4","null",500,70,0.500915658514495,80.53643040653,0,0,0,"none",0,82,0
0.162172060655803,0.0117487809172754,0.999998680525571,1,0.00959614216683166,NA,0.126150360253717,0,0.000509496933270441,NA,0.0332053242217569,0,0.00274034604194798,-0.00203179377747185,0.00267703895659792,0.056894472361809,0,"S4","null",500,70,0.500915658514495,79.8790039998992,0,0,0,"none",0,83,0
0.135302073031991,0.00733170885572464,0.999796815536019,1,-0.0129415331580414,NA,0.17875505740654,0,-0.000979293634099974,NA,0.0356854042242637,0,0.000934337528237997,0.000247733108039777,0.00163494145527231,0.0375879396984925,0,"S4","null",500,70,0.500915658514495,101.363454894137,0,0,0,"none",0,84,0
0.153564473684069,0.000727625192555858,0.999962087376876,1,0.010340939992616,NA,0.128963211822169,0,-7.5819514059381e-05,NA,0.0324294427144879,0,-0.000552604608159087,0.00445332658278871,0.00355253827571525,0.0729673366834171,0,"S4","null",500,70,0.500915658514495,80.0753717925799,0,0,0,"none",0,85,0
0.210871531399531,0.0345702729643634,0.999999999526654,1,0.0445707374725929,NA,0.493316874472813,0,0.00390099701642525,NA,0.052628860461613,0,0.00172360297468101,-0.00297350580952277,0.00243710942947243,0.0567386934673367,0,"S4","null",500,70,0.500915658514495,60.7713183357389,0,0,0,"none",0,86,0
0.115112698235095,0.00709619924038822,0.999329516164638,1,-0.0212809226354093,NA,0.282821365103316,0,0.000945350313669439,NA,0.0352488761778373,0,-0.000890285705557629,0.000691066776225806,0.00159758082021222,0.0363793969849246,0,"S4","null",500,70,0.500915658514495,82.4842122942869,0,0,0,"none",0,87,0
0.135320500790973,0.0104647066660902,0.999840538796678,1,-0.00195470450510527,NA,0.0250553279094514,0,0.000128730704135155,NA,0.032470613505775,0,-0.000232643509574852,-0.000879356217988275,0.00190507979394003,0.0367060301507538,0,"S4","null",500,70,0.500915658514495,73.8733840512915,0,0,0,"none",0,88,0
0.17199030603465,0.0111909626626256,0.999999335874176,1,0.0419683350590097,NA,0.519410858380677,0,0.00227012723559038,NA,0.0438260333559792,0,0.00396277667757755,0.00152003514495707,0.00272405325194928,0.0622286432160804,0,"S4","null",500,70,0.500915658514495,89.1761390266169,0,0,0,"none",0,89,0
0.165125028519169,0.00659443218236649,0.999996124895293,1,0.0389369728426037,NA,0.496793586294089,0,0.00269376303312114,NA,0.0480071861476024,0,-0.000102208090922158,-0.000834456311112037,0.00198185956681187,0.0370025125628141,0,"S4","null",500,70,0.500915658514495,95.2310004922267,0,0,0,"none",0,90,0
0.133121730458177,-0.0377997381308648,0.999963766104986,1,-0.0146538663901518,NA,0.17845865496267,0,-0.000622628669142946,NA,0.0333444618133731,0,-0.00399947650575808,-0.0076733522778269,0.00605646938841363,0.123238693467337,0,"S4","null",500,70,0.500915658514495,71.1215519991367,0,0,0,"none",0,91,0
0.127838763914154,0.00462476689861574,0.999134813285075,1,-0.0123629159033705,NA,0.153575335802421,0,0.000462340596199191,NA,0.0329799104143184,0,-0.00318474544433783,-6.50887558245485e-05,0.00224735462213622,0.0510778894472362,0,"S4","null",500,70,0.500915658514495,72.8082666804744,0,0,0,"none",0,92,0
0.128360335204719,-0.033082186216723,0.999974409461845,1,-0.0611011810293309,NA,0.671801211276784,0,-0.0013373761833896,NA,0.0370068583053093,0,-0.0169699895894436,-0.00632319396312746,0.00559416224535034,0.157793969849246,0,"S4","null",500,70,0.500915658514495,78.7666339804745,0,0,0,"none",0,93,0
0.112007593978185,-0.0407087560361691,0.999871245592217,1,0.0284959423580022,NA,0.375546273021877,0,0.00104851400155898,NA,0.0356060055443688,0,0.00230167176324939,0.00039915892688284,0.00207757153524049,0.0469547738693467,0,"S4","null",500,70,0.500915658514495,92.2088870886051,0,0,0,"none",0,94,0
0.161583537499661,0.0109585246921284,0.999999512079396,1,0.00365604290102101,NA,0.0510907037360784,0,-7.57304140709698e-05,NA,0.032435864078582,0,0.00115537649423943,-0.000134534125085671,0.00158444093831153,0.0374346733668342,0,"S4","null",500,70,0.500915658514495,88.2462016394042,0,0,0,"none",0,95,0
0.16740646455469,0.0078163944818032,0.999994899111427,1,-0.0141044702026212,NA,0.180149952671568,0,-0.00122089163562488,NA,0.036434304276638,0,-0.00257980368504003,0.00212124460959425,0.00220832298449526,0.0497361809045226,0,"S4","null",500,70,0.500915658514495,81.6117130220956,0,0,0,"none",0,96,0
0.135065554491858,0.0353972868715643,0.999892855795841,1,0.0219809957951376,NA,0.27859311243884,0,0.000588236467137346,NA,0.033389380800142,0,0.00493793190355208,0.00333582874586717,0.00344759891197128,0.0781834170854271,0,"S4","null",500,70,0.500915658514495,88.4665476643074,0,0,0,"none",0,97,0
0.166484817861504,-0.00468192211817343,0.999997898933078,1,0.0368284090412808,NA,0.434668552365395,0,0.00140320425191213,NA,0.0368902016919838,0,0.00413638025734515,-0.00223748751661321,0.00288309876446637,0.0582738693467337,0,"S4","null",500,70,0.500915658514495,79.427765656024,0,0,0,"none",0,98,0
0.13109800528467,-0.00270102517032715,0.998932086519886,1,-0.0460916425624986,NA,0.488877718242246,0,-0.00166420672905153,NA,0.0371846020889294,0,-0.0146277390535821,-0.00617303299470858,0.00567935961605116,0.133248743718593,0,"S4","null",500,70,0.500915658514495,66.5770438176463,0,0,0,"none",0,99,0
0.138742126667721,-0.011273554647295,0.999966324917534,1,0.00415164558517933,NA,0.0590947153354107,0,1.72521069049711e-06,NA,0.032415407794592,0,-0.000685186588890753,-0.000354802799071966,0.00175076785700559,0.0371658291457286,0,"S4","null",500,70,0.500915658514495,96.7667712244295,0,0,0,"none",0,100,0
0.5630757925928,0.278001980776333,1,1,0.470421633759032,NA,0.729134478078957,0,0.0383273643745631,NA,0.0695868870784249,0,0.0302985254220238,0.00859532551035747,0.00603636860106453,0.12677135678392,0,"S4","signal",500,1,0.0598708725920102,1.60938798521742,0,0,0,"none",0,1,1
0.564420195128229,0.328103706519107,1,1,0.452013518062967,NA,0.640202186301758,0,0.0585490087596872,NA,0.0823412907934836,0,0.267866338621752,0.126919389433968,0.0210287000922421,0.553482412060301,1,"S4","signal",500,1,0.0598708725920102,1.63751623298683,0,0,0,"none",0,2,1
0.536378463345233,0.259868407544508,1,1,0.688198862735235,NA,0.970213656852742,1,0.609794211914696,NA,0.676014030015246,1,0.727437981703857,0.479733690997827,0.0124967297652082,0.930836683417085,1,"S4","signal",500,1,0.0598708725920102,4.50977537809497,0,0,0,"none",0,3,1
0.497942973648212,0.317769774395878,1,1,-0.135479123752844,NA,0.189577174271751,0,0.0435910266560746,NA,0.0856498398895314,0,0.405837509215086,0.135644079308875,0.0143911979985235,0.543751256281407,1,"S4","signal",500,1,0.0598708725920102,2.02465109195387,0,0,0,"none",0,4,1
0.489592091650621,0.295731039217227,1,1,0.374033929970889,NA,0.434385949790378,0,0.0602964986427027,NA,0.0786025151577093,0,0.213196533430759,0.0173820465620385,0.0110519059313105,0.266942211055276,0,"S4","signal",500,1,0.0598708725920102,0.628272405205395,0,0,0,"none",0,5,1
0.574990696450155,0.277815874696091,1,1,0.430596857932528,NA,0.753212508283455,0,0.043012384565361,NA,0.0797158755529617,0,0.330315008283184,0.235219725592624,0.0208512075116125,0.535572864321608,1,"S4","signal",500,1,0.0598708725920102,2.42285283170527,0,0,0,"none",0,6,1
0.634220012427027,0.32343872097191,1,1,0.00955017538566486,NA,0.0184553384787416,0,0.0384331655770574,NA,0.076716976468459,0,0.0373348908298312,0.0188628029413975,0.00583390901625181,0.134861809045226,0,"S4","signal",500,1,0.0598708725920102,2.54300049006378,0,0,0,"none",0,7,1
0.525430930194571,0.313371530119725,1,1,0.662469748764999,NA,0.785461481311106,0,0.280884103600891,NA,0.262097115534035,0,0.952800690846911,0.517400551665153,0.00996320865707488,0.967748743718593,1,"S4","signal",500,1,0.0598708725920102,1.33795382779892,0,0,0,"none",0,8,1
0.567203226524166,0.267201862508012,1,1,0.41466034152707,NA,0.850920074415643,0,0.0583300586139699,NA,0.116955325016243,0,0.159195347459151,0.0628559096002859,0.0122373903293812,0.292336683417085,0,"S4","signal",500,1,0.0598708725920102,3.4228523420345,0,0,0,"none",0,9,1
0.632779226889012,0.277653927510407,1,1,0.447613535793073,NA,0.616612895417728,0,0.320848477717831,NA,0.294031151310923,0,0.121540950294155,-0.00335753252750515,0.0100919963009955,0.203027638190955,0,"S4","signal",500,1,0.0598708725920102,1.41553524830834,0,0,0,"none",0,10,1
0.60003268033085,0.344859087283157,1,1,0.792836909185401,NA,0.989913096098081,1,0.658005742386405,NA,0.760810350241744,1,0.502091377952988,0.301376929019148,0.0131492189683882,0.701896984924623,1,"S4","signal",500,1,0.0598708725920102,3.78446727238019,0,0,0,"none",0,11,1
0.490117096236875,0.299493926051749,1,1,0.654066956492455,NA,0.974348091439249,1,0.469208928928987,NA,0.581675153052954,1,0.611685801644757,0.777554149983672,0.00335072326278453,0.99263567839196,1,"S4","signal",500,1,0.0598708725920102,2.5263876477561,0,0,0,"none",0,12,1
0.602131529926487,0.310492695849408,1,1,0.439702118325313,NA,0.719627692004744,0,0.0335573693176705,NA,0.0660454122771276,0,0.223741972249377,0.274727011078197,0.0179053861965734,0.596527638190955,1,"S4","signal",500,1,0.0598708725920102,2.76109320585496,0,0,0,"none",0,13,1
0.487172886997956,0.238599535949585,1,1,0.35508745753504,NA,0.784899788783127,0,0.0509189014269636,NA,0.0996466695507506,0,0.0166548324276256,0.296975321259725,0.0167115655747875,0.845675879396985,1,"S4","signal",500,1,0.0598708725920102,1.53469079122902,0,0,0,"none",0,14,1
0.600110489005605,0.302540167583606,1,1,0.790318599328737,NA,0.979702821797595,1,0.124447898726705,NA,0.188588627753374,0,0.309981888262131,0.0380943822747328,0.0169408334191248,0.420286432160804,0,"S4","signal",500,1,0.0598708725920102,3.6995418359591,0,0,0,"none",0,15,1
0.588846388217259,0.27746956738606,1,1,0.504470265039848,NA,0.850925646845358,0,0.0175472561290161,NA,0.046042769005626,0,0.576659813811499,0.2023701771943,0.0189074656859832,0.754082914572864,1,"S4","signal",500,1,0.0598708725920102,3.11224954408681,0,0,0,"none",0,16,1
0.59079387085061,0.276738533787043,1,1,0.352366623560917,NA,0.684355884328953,0,0.0265704361332939,NA,0.0599809864063908,0,0.191298735823825,0.0792131785706136,0.0102868245542592,0.354530150753769,0,"S4","signal",500,1,0.0598708725920102,1.91677298358061,0,0,0,"none",0,17,1
0.575274103479213,0.336767140975801,1,1,0.454047188136294,NA,0.753122268108652,0,0.00789421196607436,NA,0.0360865177875338,0,0.123456779686031,0.0419563405562676,0.0128270970012399,0.241218592964824,0,"S4","signal",500,1,0.0598708725920102,1.22037749353343,0,0,0,"none",0,18,1
0.56169543248092,0.269933775775501,1,1,0.831012732420203,NA,0.976667923437955,1,0.136227720380287,NA,0.190764640335226,0,0.469878016633641,0.156418820318112,0.0195189160504444,0.599972361809045,1,"S4","signal",500,1,0.0598708725920102,1.97197468590897,0,0,0,"none",0,19,1
0.460095393215357,0.303951663514583,1,1,0.490493278749138,NA,0.813642072376712,0,0.0937522793233613,NA,0.132845501834383,0,0.459587325972149,0.214821603533383,0.0163526311397506,0.559386934673367,1,"S4","signal",500,1,0.0598708725920102,2.13227933308251,0,0,0,"none",0,20,1
0.528446649984305,0.285748618670632,1,1,0.378965718856519,NA,0.553346831228584,0,0.147823587483271,NA,0.175300019986987,0,0.376239307949393,0.470926352467043,0.010640038244993,0.898949748743719,1,"S4","signal",500,1,0.0598708725920102,0.840249552929597,0,0,0,"none",0,21,1
0.540827904945789,0.304017518285738,1,1,0.69665287867047,NA,0.866873048811232,0,0.454751240111906,NA,0.408866255285833,0,1.02765242053429,0.188886207420391,0.0100608000712389,0.932756281407035,1,"S4","signal",500,1,0.0598708725920102,2.6286028787198,0,0,0,"none",0,22,1
0.546313508331712,0.296480105705993,1,1,0.303681502997633,NA,0.562746451807837,0,0.0143847141163698,NA,0.0421170540953606,0,0.0582054011828805,0.0284969076212631,0.00806664801509076,0.175846733668342,0,"S4","signal",500,1,0.0598708725920102,2.12366954964733,0,0,0,"none",0,23,1
0.54097695035996,0.292359821041736,1,1,-0.129296709205144,NA,0.256440238524301,0,0.0129150613289682,NA,0.0461895718703055,0,0.054741776555919,0.184882602516298,0.0129581574763372,0.417306532663317,0,"S4","signal",500,1,0.0598708725920102,2.78190467946752,0,0,0,"none",0,24,1
0.491069725603239,0.243105707853372,1,1,0.21262680553807,NA,0.409078189570605,0,0.0222416871953805,NA,0.054695107478118,0,0.077953472589611,-0.00146617907316605,0.00849488176472284,0.159437185929648,0,"S4","signal",500,1,0.0598708725920102,1.51031957953626,0,0,0,"none",0,25,1
0.49902992439364,0.32696766205723,1,1,0.416607374939576,NA,0.69567770603248,0,0.0170235173091979,NA,0.0444603895518236,0,0.00699105595201303,0.00270256278140909,0.004625726647788,0.0912010050251256,0,"S4","signal",500,1,0.0598708725920102,1.95324151537006,0,0,0,"none",0,26,1
0.58126030349572,0.274907455791586,1,1,0.310481338279536,NA,0.747746617894432,0,0.0292153345669336,NA,0.0787587476613169,0,0.0270623895598002,0.0678617651212213,0.0122381292560482,0.227065326633166,0,"S4","signal",500,1,0.0598708725920102,4.24378643028462,0,0,0,"none",0,27,1
0.535358241215035,0.310054113831937,1,1,0.510017993218506,NA,0.76283840325761,0,0.134749652954334,NA,0.185111219916865,0,0.872793819874525,0.936897692109643,0.00485335738934381,0.990861809045226,1,"S4","signal",500,1,0.0598708725920102,1.80596507158935,0,0,0,"none",0,28,1
0.591218575752315,0.320114012771377,1,1,0.873721742244883,NA,0.998124627427316,1,0.654248990831576,NA,0.703861577086447,1,0.609127393992229,0.680945393405317,NA,1,1,"S4","signal",500,1,0.0598708725920102,4.18645817732791,0,0,0,"none",0,29,1
0.66421924142683,0.239488465475536,1,1,1.0237810813568,NA,0.96958594979044,1,0.614555243534286,NA,0.549799924331843,1,0.441432238520494,0.212797146473715,0.0154922469030679,0.679698492462312,1,"S4","signal",500,1,0.0598708725920102,1.60705057578976,0,0,0,"none",0,30,1
0.554592584430831,0.278258302753394,1,1,0.633656256383597,NA,0.905177357016817,0,0.247202841055901,NA,0.316072505095605,0,0.504024348126145,0.556599548016496,0.0138694447820384,0.864042713567839,1,"S4","signal",500,1,0.0598708725920102,2.87382346720364,0,0,0,"none",0,31,1
0.532958004798881,0.284026518897464,1,1,0.368922228597708,NA,0.667296767513012,0,0.0410768122273527,NA,0.0735611448350402,0,0.175838261954201,0.121928694825977,0.0110780441111243,0.31563567839196,0,"S4","signal",500,1,0.0598708725920102,1.42143035104881,0,0,0,"none",0,32,1
0.584394778738857,0.238089396091074,1,1,0.710058231678524,NA,0.813534250692072,0,0.0412391247099365,NA,0.0666108565109336,0,0.568133888365997,0.403788326743438,0.0177056397247877,0.813180904522613,1,"S4","signal",500,1,0.0598708725920102,1.55842756077301,0,0,0,"none",0,33,1
0.422873151042164,0.270180722276574,1,1,0.262776239328285,NA,0.515521936625578,0,0.0292160654661834,NA,0.0724705104970185,0,0.0789013910921419,0.140059943721063,0.0191922421557056,0.39863567839196,0,"S4","signal",500,1,0.0598708725920102,2.2998163340583,0,0,0,"none",0,34,1
0.526497827071801,0.271193857921416,1,1,0.121011845409817,NA,0.255583183413437,0,0.0222049164500611,NA,0.0625851664436861,0,0.0292672024452694,0.144568497608298,0.0152464993628014,0.393655778894472,0,"S4","signal",500,1,0.0598708725920102,2.86719713059609,0,0,0,"none",0,35,1
0.489239323560867,0.338420864018262,1,1,0.0961773086413723,NA,0.196396969380802,0,0.0305409397731745,NA,0.0693336667758425,0,0.637480531463315,0.614954089190074,0.00473514540315503,0.984452261306533,1,"S4","signal",500,1,0.0598708725920102,3.86935399071795,0,0,0,"none",0,36,1
0.591695252819047,0.2711991778665,1,1,0.58645295859243,NA,0.899430724143494,0,0.352329400367446,NA,0.400232506331671,0,0.496792912968429,0.133565585396426,0.0200103737445952,0.550723618090452,1,"S4","signal",500,1,0.0598708725920102,1.62828093907379,0,0,0,"none",0,37,1
0.552994832472683,0.324125524448373,1,1,0.582840006577943,NA,0.929495369303411,0,0.0178715363876743,NA,0.0529242953708848,0,0.092988847237278,0.043802765741596,0.00908216098830444,0.195082914572864,0,"S4","signal",500,1,0.0598708725920102,4.3676363101366,0,0,0,"none",0,38,1
0.562097399409881,0.28483065486623,1,1,0.590080552856656,NA,0.862801874300823,0,0.33109541845302,NA,0.423075255104093,0,0.406077340388309,0.0857043826169231,0.0153881933232657,0.511256281407035,1,"S4","signal",500,1,0.0598708725920102,3.09664487960758,0,0,0,"none",0,39,1
0.540223449453719,0.343375442036573,1,1,-0.100427884273586,NA,0.211449882281389,0,0.00502125800618335,NA,0.0366973991662536,0,0.00178507707693414,0.32264276395382,0.0165069355685742,0.678005025125628,1,"S4","signal",500,1,0.0598708725920102,1.49334999946039,0,0,0,"none",0,40,1
0.596143040822416,0.330224923449336,1,1,0.0496245529554079,NA,0.0855101186040678,0,0.0668313530334803,NA,0.110969926372684,0,0.0984040089928985,0.0559339152025443,0.0112553156795647,0.254178391959799,0,"S4","signal",500,1,0.0598708725920102,1.5703194162308,0,0,0,"none",0,41,1
0.615420782301419,0.298812273145094,1,1,0.188529363463572,NA,0.316909134769676,0,0.0525703721242104,NA,0.084468651364556,0,0.0595287508452807,0.2372236541226,0.0158402363262921,0.530520100502513,1,"S4","signal",500,1,0.0598708725920102,1.32471508898368,0,0,0,"none",0,42,1
0.530047716835362,0.320163219481554,1,1,0.174141310317101,NA,0.289459970121111,0,0.0163627464154344,NA,0.0456518320929037,0,0.168777223839294,0.0555380740899377,0.0104820542711935,0.257994974874372,0,"S4","signal",500,1,0.0598708725920102,0.950569197188297,0,0,0,"none",0,43,1
0.492276649714239,0.328955316472199,1,1,0.490662452727188,NA,0.792060182813521,0,0.113606745379942,NA,0.162496040678168,0,0.224838510769343,0.0645290821096682,0.0127769857004656,0.350507537688442,0,"S4","signal",500,1,0.0598708725920102,3.10653146860519,0,0,0,"none",0,44,1
0.563337448282495,0.295094720095475,1,1,0.4816636430398,NA,0.734307359788167,0,0.0740979822796837,NA,0.118415014489306,0,0.0679413986892999,0.0524779236803076,0.0087583990927858,0.228198492462312,0,"S4","signal",500,1,0.0598708725920102,2.32576369753143,0,0,0,"none",0,45,1
0.543690233710087,0.275253266574146,1,1,0.619044053631993,NA,0.964705033140264,1,0.0956029953047757,NA,0.165053232881192,0,0.333843230280736,0.731110166746812,0.00545130506354971,0.984884422110553,1,"S4","signal",500,1,0.0598708725920102,2.25546138197646,0,0,0,"none",0,46,1
0.566002555050123,0.296399148858449,1,1,0.000511175182121137,NA,0.0013119561097209,0,0.00011039626510491,NA,0.032512441467225,0,-0.00384150728040463,0.0301799972113804,0.00492019771381372,0.126829145728643,0,"S4","signal",500,1,0.0598708725920102,3.82555535264364,0,0,0,"none",0,47,1
0.540141463268631,0.324914163126658,1,1,0.643679256757413,NA,0.916210645258777,0,0.20079326505612,NA,0.234909117169186,0,0.693588024178758,0.188733104107638,0.0177331876061337,0.793374371859296,1,"S4","signal",500,1,0.0598708725920102,2.5159647253827,0,0,0,"none",0,48,1
0.514339597973376,0.323222571558949,1,1,-0.00260416573577897,NA,0.00372969272883816,0,0.0307218587250032,NA,0.0541381035217765,0,0.113347668386952,0.393967868548414,0.0170658566681865,0.827288944723618,1,"S4","signal",500,1,0.0598708725920102,0.651927799332784,0,0,0,"none",0,49,1
0.512387677722371,0.282072319575757,1,1,0.211048590105637,NA,0.504583758664732,0,0.010527996937533,NA,0.0434731564407283,0,0.0775633628772645,0.491427367142049,0.0139717261488335,0.795726130653266,1,"S4","signal",500,1,0.0598708725920102,2.38396463001676,0,0,0,"none",0,50,1
0.528891001435921,0.289754888783971,1,1,0.499037102396441,NA,0.726152188297849,0,0.335077177514475,NA,0.323381594856015,0,0.789433649277763,0.591499326342465,0.000233674212993668,0.999766331658291,1,"S4","signal",500,1,0.0598708725920102,2.07646002954613,0,0,0,"none",0,51,1
0.610534322669607,0.314898529643628,1,1,0.338857549331156,NA,0.649533630129621,0,0.0242179284483594,NA,0.057386583015477,0,0.261956912366933,0.110052280266586,0.0160526691625181,0.474211055276382,0,"S4","signal",500,1,0.0598708725920102,3.29150101863204,0,0,0,"none",0,52,1
0.533584933639318,0.277698557992072,1,1,0.0430445248013445,NA,0.116503705346331,0,0.01338526605065,NA,0.0504373468198787,0,0.00264878903013268,-0.00497997873805138,0.00384041117586248,0.0811231155778895,0,"S4","signal",500,1,0.0598708725920102,3.67448304997354,0,0,0,"none",0,53,1
0.520757938340127,0.308322021964395,1,1,0.747489113148057,NA,0.870562065811554,0,0.116894662472309,NA,0.1254009862904,0,0.094591332688612,0.000794639676157525,0.00734088996253147,0.18141959798995,0,"S4","signal",500,1,0.0598708725920102,1.16015042711553,0,0,0,"none",0,54,1
0.527419930590598,0.269177168071756,1,1,1.21812252324742,NA,0.90036521815173,0,0.163719706348005,NA,0.126552518661326,0,0.672961552953815,0.448162947682348,0.0129809881547344,0.887231155778894,1,"S4","signal",500,1,0.0598708725920102,0.646996252540174,0,0,0,"none",0,55,1
0.545165392669918,0.261344432050415,1,1,0.692339583658289,NA,0.854985157807617,0,0.38866183035985,NA,0.369268172835844,0,0.903908588558296,0.469367192300955,0.00620255462561198,0.981153266331658,1,"S4","signal",500,1,0.0598708725920102,2.9458216729549,0,0,0,"none",0,56,1
0.492782591555096,0.292901492466759,1,1,0.703738555064931,NA,0.983011700228292,1,0.120441701561181,NA,0.180896468489781,0,0.951942040630366,0.618574700759666,NA,1,1,"S4","signal",500,1,0.0598708725920102,4.7274183342486,0,0,0,"none",0,57,1
0.523552210057124,0.26663427501452,1,1,0.469562043920275,NA,0.84929114520974,0,0.396172367544717,NA,0.507614292523539,1,0.194543785424337,0.444829489619277,0.0151476703872138,0.774982412060301,1,"S4","signal",500,1,0.0598708725920102,2.51780128218682,0,0,0,"none",0,58,1
0.485189343322937,0.289531710160179,1,1,0.988281543604277,NA,0.848731821806003,0,0.0510854853205313,NA,0.0678148876977326,0,0.128660759976603,0.0226449451280462,0.00925996512208451,0.218072864321608,0,"S4","signal",500,1,0.0598708725920102,0.424418101254415,0,0,0,"none",0,59,1
0.522283233802576,0.328750344128348,1,1,0.282277171203435,NA,0.469321254002014,0,0.0710596369464312,NA,0.0928917520830876,0,0.188987285040573,0.071897119720099,0.0114469573890291,0.310346733668342,0,"S4","signal",500,1,0.0598708725920102,0.683172246457941,0,0,0,"none",0,60,1
0.620993475395347,0.240779019402229,1,1,1.10325697304438,NA,0.976160247988191,1,0.555590838635009,NA,0.386983588653213,0,0.539694065645064,0.126799992649235,0.01766822318435,0.617592964824121,1,"S4","signal",500,1,0.0598708725920102,1.54491933118455,0,0,0,"none",0,61,1
0.601158820947672,0.253569903474715,1,1,0.231316700608611,NA,0.47234763671973,0,0.0107859884526337,NA,0.0397465028161724,0,0.252448493442033,0.898627987603141,0.00590489456163396,0.979545226130653,1,"S4","signal",500,1,0.0598708725920102,1.57220240357465,0,0,0,"none",0,62,1
0.52058421612779,0.327527156953044,1,1,0.890697266693788,NA,0.986582885153979,1,0.978323522776335,NA,0.922702591178088,1,0.694381647786154,0.0817663389576852,0.015108552262723,0.829057788944724,1,"S4","signal",500,1,0.0598708725920102,3.73173273346382,0,0,0,"none",0,63,1
0.594762800071713,0.307989138722703,1,1,0.372226232275819,NA,0.809458553723089,0,0.0228541960490976,NA,0.0627459357151985,0,0.640126005070274,0.675313321995749,NA,1,1,"S4","signal",500,1,0.0598708725920102,4.43832173164786,0,0,0,"none",0,64,1
0.518817896746998,0.285357455782755,1,1,0.29382811505909,NA,0.683106501147076,0,0.018657093522841,NA,0.0531557344862261,0,-0.00370683795737562,0.0366033765300935,0.00766863352036242,0.167874371859296,0,"S4","signal",500,1,0.0598708725920102,2.76267826477541,0,0,0,"none",0,65,1
0.551935097038799,0.296360678307094,1,1,0.329475998428299,NA,0.686004699666789,0,0.0730504193482609,NA,0.121248408966149,0,0.888176608493966,-0.0682393959605008,0.0214788864883979,0.772173366834171,1,"S4","signal",500,1,0.0598708725920102,2.02981602259393,0,0,0,"none",0,66,1
0.52115076744006,0.290008368534469,1,1,0.490850765318905,NA,0.699661574707544,0,0.0583098989167259,NA,0.0815955506406278,0,0.391095972644415,0.186835934978227,0.0205441665923846,0.466540201005025,0,"S4","signal",500,1,0.0598708725920102,1.98335385662208,0,0,0,"none",0,67,1
0.649762063144222,0.299252053681418,1,1,0.410095604215348,NA,0.620106585614644,0,0.0892341088499095,NA,0.116461262242319,0,0.0735557912440807,0.00964521348017223,0.00874748180385047,0.154972361809045,0,"S4","signal",500,1,0.0598708725920102,2.22218521574876,0,0,0,"none",0,68,1
0.479507501215097,0.306695560270942,1,1,0.152997236799046,NA,0.283058012534767,0,-6.96822692559074e-05,NA,0.0325759574739336,0,0.0718622281197922,0.0630863948823201,0.0088792133144119,0.233811557788945,0,"S4","signal",500,1,0.0598708725920102,1.92096308640106,0,0,0,"none",0,69,1
0.515742530086217,0.227060911114226,1,1,0.272374350214689,NA,0.512637408391794,0,0.0186461856956705,NA,0.0514941085869814,0,0.0501902000877744,0.135015927274537,0.00894438698912381,0.300831658291457,0,"S4","signal",500,1,0.0598708725920102,1.89194327592072,0,0,0,"none",0,70,1
0.645747672021319,0.265038991848943,1,1,0.268486679973521,NA,0.507480425795728,0,0.0730872779908521,NA,0.112539221054838,0,0.595757481569266,0.525081233068979,0.0107049563815116,0.94729648241206,1,"S4","signal",500,1,0.0598708725920102,2.00113175198019,0,0,0,"none",0,71,1
0.60950255691106,0.321208299235083,1,1,0.579776742110937,NA,0.852359566790546,0,0.0812257749382006,NA,0.12585489875349,0,0.330827079353528,0.33940139732891,0.0150422312283867,0.729492462311558,1,"S4","signal",500,1,0.0598708725920102,3.03882446867806,0,0,0,"none",0,72,1
0.52632207657436,0.319289573222509,1,1,0.398369251810006,NA,0.753767602549818,0,0.0922252044778527,NA,0.170188992721086,0,0.25077178074686,0.184453144223155,0.0163363145626634,0.521881909547739,1,"S4","signal",500,1,0.0598708725920102,3.26077402952147,0,0,0,"none",0,73,1
0.552632034716305,0.294054082836096,1,1,0.488245520766845,NA,0.858011345674616,0,0.174492435996616,NA,0.219640324520864,0,0.68847806767072,0.573841738121567,0.000275593752130664,0.999633165829146,1,"S4","signal",500,1,0.0598708725920102,4.47437137159732,0,0,0,"none",0,74,1
0.549086373820245,0.294260351359215,1,1,0.589985046625585,NA,0.904409858844241,0,0.0507016249333023,NA,0.106218160432042,0,0.0784054172801335,0.045955938691328,0.00950742982170702,0.201505025125628,0,"S4","signal",500,1,0.0598708725920102,2.30048088025984,0,0,0,"none",0,75,1
0.580543840697199,0.282901365714463,1,1,0.583406829434958,NA,0.813818285932855,0,0.0757372531031658,NA,0.103514941227903,0,0.73280897373235,0.637350738975757,0.00595250303061032,0.986103015075377,1,"S4","signal",500,1,0.0598708725920102,1.88016989950894,0,0,0,"none",0,76,1
0.531926924641777,0.275072119054881,1,1,0.416727092185862,NA,0.614905615940766,0,0.067814889234279,NA,0.104775385043798,0,0.900427352709186,0.526648801694066,0.00578223003769641,0.983545226130653,1,"S4","signal",500,1,0.0598708725920102,2.69700330934651,0,0,0,"none",0,77,1
0.541620643012595,0.32393187927512,1,1,0.444396800457305,NA,0.82931369534172,0,0.137576354632628,NA,0.223014165951708,0,0.0976581138107514,0.221282848679839,0.0171107841911175,0.531336683417085,1,"S4","signal",500,1,0.0598708725920102,2.45924894877191,0,0,0,"none",0,78,1
0.523941112932206,0.30411127467023,1,1,0.526691478958115,NA,0.837555387837368,0,0.0299681803377821,NA,0.065861463729539,0,0.297261790509468,0.0433532115102459,0.0165896544066753,0.352721105527638,0,"S4","signal",500,1,0.0598708725920102,0.901779205888573,0,0,0,"none",0,79,1
0.562549204020875,0.314609961809919,1,1,0.00948909598015633,NA,0.0137231327255969,0,0.0376853225402241,NA,0.067936118954531,0,0.624702079637317,0.563460769014857,0.0058253007277884,0.993010050251256,1,"S4","signal",500,1,0.0598708725920102,1.10952098795179,0,0,0,"none",0,80,1
0.464566985238588,0.264474278542264,1,1,0.63328541548494,NA,0.956015605679425,1,0.414369146799593,NA,0.550109415085577,1,0.188309868147819,0.119240416503487,0.0156944066116235,0.432206030150754,0,"S4","signal",500,1,0.0598708725920102,2.47985781678912,0,0,0,"none",0,81,1
0.52628870785425,0.316859977994651,1,1,0.421036096845323,NA,0.751901541181752,0,0.0464018977024116,NA,0.0907120607115037,0,0.150129081315699,0.293366374107447,0.0209529958551407,0.517273869346734,1,"S4","signal",500,1,0.0598708725920102,2.21766484185771,0,0,0,"none",0,82,1
0.523580812769287,0.259947377142758,1,1,0.139552512324606,NA,0.249302384569494,0,0.00670739745440145,NA,0.0369192679849833,0,0.0707746830293349,0.346883132678767,0.0178530885709935,0.650849246231156,1,"S4","signal",500,1,0.0598708725920102,2.35498101408966,0,0,0,"none",0,83,1
0.550467075911791,0.302763220024791,1,1,0.622941844658901,NA,0.931448532019615,0,0.18819414592389,NA,0.251986121129884,0,0.412745873478969,0.159213968370842,0.0160372233664419,0.461595477386935,0,"S4","signal",500,1,0.0598708725920102,1.55131699254449,0,0,0,"none",0,84,1
0.634145690262228,0.270715045967279,1,1,0.784065563167462,NA,0.993774464948843,1,0.225709498501951,NA,0.322567560201872,0,0.648980776747768,0.0725503283891063,0.0191648947658436,0.818527638190955,1,"S4","signal",500,1,0.0598708725920102,5.4135332996464,0,0,0,"none",0,85,1
0.567525840519892,0.311742528760929,1,1,0.447309790728386,NA,0.647039662100573,0,0.0277028354073462,NA,0.0526290184418285,0,0.123986274850455,0.0483614564894942,0.0108580274805335,0.247530150753769,0,"S4","signal",500,1,0.0598708725920102,1.63450787412206,0,0,0,"none",0,86,1
0.52614051143795,0.322396950797651,1,1,0.708752499271364,NA,0.771641002482915,0,0.149599246399378,NA,0.150518999295842,0,0.330787472459927,-0.029282687241162,0.0140714888400583,0.339394472361809,0,"S4","signal",500,1,0.0598708725920102,0.902707038859718,0,0,0,"none",0,87,1
0.530530303102762,0.292967860487838,1,1,0.606172215369187,NA,0.745578609985858,0,0.00688833396013492,NA,0.0345082869319519,0,0.0464038770533499,0.0476056510923542,0.0119685072289615,0.252871859296482,0,"S4","signal",500,1,0.0598708725920102,0.641601640438511,0,0,0,"none",0,88,1
0.681238775912169,0.30760264679675,1,1,0.638959826744383,NA,0.847572036697424,0,0.217357871149486,NA,0.257896130262936,0,0.287601530495792,0.116324364947301,0.0178569765780163,0.428492462311558,0,"S4","signal",500,1,0.0598708725920102,1.15834860670824,0,0,0,"none",0,89,1
0.483849285894981,0.277462999459752,1,1,0.179435452637411,NA,0.374894126311674,0,0.0144130507808207,NA,0.0471190416567524,0,0.168704719046623,0.217088575621444,0.0187374309394179,0.534221105527638,1,"S4","signal",500,1,0.0598708725920102,2.4503920677721,0,0,0,"none",0,90,1
0.565445923294036,0.326966520355271,1,1,0.682911417590742,NA,0.939314645802782,0,0.403907849839151,NA,0.415321499645896,0,0.227365180665208,0.00918493366708061,0.016025606939028,0.324592964824121,0,"S4","signal",500,1,0.0598708725920102,3.15052453813946,0,0,0,"none",0,91,1
0.61657606949962,0.283072148943144,1,1,-0.627557111955527,NA,0.642545670889444,0,-0.00783300121604711,NA,0.0378849046075104,0,-0.0819163119714659,0.0828558018385604,0.0110518716864127,0.314110552763819,0,"S4","signal",500,1,0.0598708725920102,0.596602527958102,0,0,0,"none",0,92,1
0.481657822549768,0.320878045979729,1,1,0.367352432486106,NA,0.678654972590693,0,0.00829389137676285,NA,0.0385624494801318,0,0.222056065834721,0.116232815479458,0.0157782760357855,0.393417085427136,0,"S4","signal",500,1,0.0598708725920102,3.50914033693414,0,0,0,"none",0,93,1
0.553287124666414,0.269189825334988,1,1,0.615728056380136,NA,0.95080033466753,1,0.175404798489873,NA,0.264892488225585,0,0.19398492710467,0.110363052201049,0.0136218685121142,0.355891959798995,0,"S4","signal",500,1,0.0598708725920102,3.31170629100427,0,0,0,"none",0,94,1
0.525464400392237,0.306324596924877,1,1,0.436451406615644,NA,0.745596481996842,0,0.110910894762817,NA,0.149019189560442,0,0.358579841583784,-0.149514173135033,0.0147613737476029,0.436525125628141,0,"S4","signal",500,1,0.0598708725920102,1.87618144822245,0,0,0,"none",0,95,1
0.529386278991254,0.316790614608479,1,1,0.565823295738026,NA,0.869430172296566,0,0.30717052665816,NA,0.338300842218255,0,0.48517593551143,0.203544757877518,0.0188605506472475,0.639633165829146,1,"S4","signal",500,1,0.0598708725920102,2.5136333607973,0,0,0,"none",0,96,1
0.528569490236517,0.294913139761846,1,1,0.854572930022547,NA,0.987744707219968,1,0.423568355028039,NA,0.477398835761491,0,0.795961907822417,0.137667038817696,0.0105721191031916,0.942138190954774,1,"S4","signal",500,1,0.0598708725920102,4.40244339196805,0,0,0,"none",0,97,1
0.606416608100406,0.311899471227911,1,1,0.146559145927164,NA,0.280910269858704,0,0.00994440799723187,NA,0.0397510779562967,0,0.201629770759502,0.227444353772287,0.0197114456489669,0.545223618090452,1,"S4","signal",500,1,0.0598708725920102,2.28912808540001,0,0,0,"none",0,98,1
0.512770133339272,0.32489299892746,1,1,0.13210293152087,NA,0.229582879600643,0,0.0263702966044529,NA,0.0538465728467766,0,0.0684416849093181,0.0723034899457292,0.0101135646118476,0.30893216080402,0,"S4","signal",500,1,0.0598708725920102,0.975009235599145,0,0,0,"none",0,99,1
0.489369718329331,0.254869201292247,1,1,0.498190801090486,NA,0.807488517671564,0,0.257188138325505,NA,0.309013059481264,0,0.307288189968784,0.143728522554795,0.0177001376189819,0.502020100502513,1,"S4","signal",500,1,0.0598708725920102,2.58684928383702,0,0,0,"none",0,100,1
0.524401925627658,0.285760338633517,1,1,0.599434696050999,NA,0.94769178277538,0,0.471154179613986,NA,0.53909095636091,1,0.623668556572287,0.268870577431897,0.0160136919043851,0.856376884422111,1,"S4","signal",500,2,0.0846702000107324,4.80151421030656,0,0,0,"none",0,1,1
0.512352771021314,0.296012259043675,1,1,0.425553810534896,NA,0.953480982639219,1,0.206380714537819,NA,0.40034228333926,0,0.597155200955751,0.3086126419119,0.00592768368427206,0.961841708542714,1,"S4","signal",500,2,0.0846702000107324,10.2522124803417,0,0,0,"none",0,2,1
0.600656964370438,0.359161492238966,1,1,0.4824238003994,NA,0.654222767516697,0,0.0250578333942216,NA,0.0475665574964901,0,0.235112124301343,0.138553605975443,0.012229173074031,0.344097989949749,0,"S4","signal",500,2,0.0846702000107324,1.4704126301603,0,0,0,"none",0,3,1
0.556050400612399,0.322441415541987,1,1,0.161523100332764,NA,0.324051151663182,0,0.119340288120679,NA,0.215658635242795,0,0.327749999155491,0.367839821010831,0.0159100282767825,0.816793969849246,1,"S4","signal",500,2,0.0846702000107324,5.48050358180897,0,0,0,"none",0,4,1
0.533332230119807,0.314957574458897,1,1,0.133602980769531,NA,0.276974167753691,0,0.00122241010488627,NA,0.0330164407691386,0,0.0129110312182013,0.00414201027381656,0.0056302166365791,0.0990829145728643,0,"S4","signal",500,2,0.0846702000107324,3.03770435642258,0,0,0,"none",0,5,1
0.564333570668427,0.293341108159027,1,1,0.417217716912662,NA,0.68286387386118,0,0.079604775962056,NA,0.114339561675674,0,0.430262408834858,0.299833179963171,0.0203526258220449,0.746130653266332,1,"S4","signal",500,2,0.0846702000107324,2.85723756927943,0,0,0,"none",0,6,1
0.454605512373245,0.316078086403691,1,1,0.0998778644541805,NA,0.224679836947492,0,0.0151748987036629,NA,0.0505503979309112,0,0.0297166204496264,0.0195558874858045,0.00622674345329781,0.141992462311558,0,"S4","signal",500,2,0.0846702000107324,2.91654065874106,0,0,0,"none",0,7,1
0.560531448344573,0.312787269923032,1,1,0.440447130926722,NA,0.896921527440699,0,0.0862117947068648,NA,0.179550700686851,0,0.186587599139847,0.069654165664397,0.0110611148442423,0.331592964824121,0,"S4","signal",500,2,0.0846702000107324,4.3453094992338,0,0,0,"none",0,8,1
0.508595399975248,0.277123419768282,1,1,0.264750712713416,NA,0.55223628606474,0,0.0163463997527815,NA,0.0483415918083181,0,0.141001459022091,0.231701126666566,0.011366019194111,0.527442211055276,1,"S4","signal",500,2,0.0846702000107324,2.39881400617095,0,0,0,"none",0,9,1
0.533564635788606,0.275433312431151,1,1,0.488671466301494,NA,0.962272995826679,1,0.0652719173380376,NA,0.139425096739406,0,0.437802454885545,0.286052866934101,0.0137095050224411,0.879113065326633,1,"S4","signal",500,2,0.0846702000107324,7.07953572953386,0,0,0,"none",0,10,1
0.505120120242073,0.31828637723468,1,1,0.237874140854552,NA,0.52362455161346,0,0.0463067905057619,NA,0.104361962224571,0,0.0610478422754022,0.147853531983791,0.0149564201926858,0.364620603015075,0,"S4","signal",500,2,0.0846702000107324,3.56203364549649,0,0,0,"none",0,11,1
0.538705174961839,0.212620110687838,1,1,0.512331525715852,NA,0.887899602083803,0,0.0560160750612614,NA,0.105058018818637,0,0.0775999037439148,0.0143268220421567,0.00611318915591538,0.168695979899498,0,"S4","signal",500,2,0.0846702000107324,3.0854310227433,0,0,0,"none",0,12,1
0.542777651474113,0.328255445068997,1,1,0.161159717439253,NA,0.245479303762337,0,0.00294015982448616,NA,0.0332109692875617,0,0.0572635900557266,0.321935467081319,0.0176467407926924,0.6733391959799,1,"S4","signal",500,2,0.0846702000107324,1.30825117669659,0,0,0,"none",0,13,1
0.609869441778345,0.28949888122295,1,1,0.55187050814059,NA,0.932817141852336,0,0.131038480614642,NA,0.197625772368244,0,0.731233741607555,0.405195485237625,0.0127904525845614,0.92635175879397,1,"S4","signal",500,2,0.0846702000107324,5.0645444810461,0,0,0,"none",0,14,1
0.502249816884178,0.296477093094824,1,1,0.277040357841576,NA,0.539087120869547,0,0.0177900247490253,NA,0.0485601380838693,0,0.249196996556925,0.149127915410767,0.0155780361767595,0.442193467336683,0,"S4","signal",500,2,0.0846702000107324,2.8939807546889,0,0,0,"none",0,15,1
0.616012059782863,0.274992499191546,1,1,0.213788914908848,NA,0.471504618215125,0,0.0147082827516832,NA,0.0469841142689732,0,0.0500761416219582,-0.036140543907081,0.00687741686408165,0.168859296482412,0,"S4","signal",500,2,0.0846702000107324,2.21289107292486,0,0,0,"none",0,16,1
0.563642701074465,0.332752992811868,1,1,0.24977381316309,NA,0.503069924726612,0,0.167644812932721,NA,0.214311293211358,0,0.476456221467205,0.173765710309803,0.0164366017950197,0.612386934673367,1,"S4","signal",500,2,0.0846702000107324,3.32235963782442,0,0,0,"none",0,17,1
0.545506803250974,0.298544039589893,1,1,0.656797242893778,NA,0.865509606741453,0,0.111365996260803,NA,0.156732011198141,0,0.535226367979277,0.739460886265928,NA,1,1,"S4","signal",500,2,0.0846702000107324,1.14232956899763,0,0,0,"none",0,18,1
0.461103309323974,0.27556347179295,1,1,0.202676103512297,NA,0.388864303984583,0,0.0178334610690843,NA,0.0481519232607977,0,0.172821086416396,1.03607644651038,NA,1,1,"S4","signal",500,2,0.0846702000107324,1.95701029893342,0,0,0,"none",0,19,1
0.597337377585621,0.26650200521492,1,1,0.372339700158726,NA,0.781677899297493,0,0.0677632760885472,NA,0.132255943217703,0,0.287000030637078,0.274200020803712,0.0180327489578839,0.681746231155779,1,"S4","signal",500,2,0.0846702000107324,5.60604748059629,0,0,0,"none",0,20,1
0.638473664096234,0.327286301505141,1,1,0.470142307139782,NA,0.624082031311615,0,0.0199281964128572,NA,0.0440624630174995,0,0.296640663348809,0.380383306063801,0.0147316159411145,0.756341708542714,1,"S4","signal",500,2,0.0846702000107324,1.25133823821523,0,0,0,"none",0,21,1
0.55375814566245,0.282296826843824,1,1,0.398492413504662,NA,0.799134885774759,0,0.0555455257330579,NA,0.106906906582287,0,0.134160214006609,0.100346195702082,0.0113689049326923,0.356439698492462,0,"S4","signal",500,2,0.0846702000107324,3.11238991584756,0,0,0,"none",0,22,1
0.572109955856264,0.313395445992333,1,1,0.767901662290685,NA,0.904924792714234,0,0.560020204080154,NA,0.559581648112735,1,0.651883874801544,0.702113687881759,0.000178396442177965,0.999821608040201,1,"S4","signal",500,2,0.0846702000107324,2.28168667583782,0,0,0,"none",0,23,1
0.528778008697543,0.247293858632644,1,1,0.420439901030351,NA,0.78533184631206,0,0.04547260856732,NA,0.0906599635768805,0,0.0497033351726955,0.0102843759481383,0.00665408762574106,0.130937185929648,0,"S4","signal",500,2,0.0846702000107324,3.07492843325136,0,0,0,"none",0,24,1
0.637821899729074,0.323883762963894,1,1,0.766335399671385,NA,0.976942658614463,1,0.214799510836318,NA,0.300959232081591,0,0.246351894782872,0.0204469156554656,0.0132905742850336,0.369407035175879,0,"S4","signal",500,2,0.0846702000107324,3.40436750338995,0,0,0,"none",0,25,1
0.549471353402813,0.297715608403027,1,1,1.18286196364531,NA,0.992650541258749,1,0.548737375197927,NA,0.523055268560661,1,0.903179165242239,0.289352768069768,0.0128981772994524,0.851208542713568,1,"S4","signal",500,2,0.0846702000107324,1.51729406552395,0,0,0,"none",0,26,1
0.467059679666938,0.355184871453556,1,1,-0.096335733860997,NA,0.120462466710332,0,-0.00222215503285765,NA,0.0329576155347742,0,0.249528443325425,0.266821580933295,0.0155024137449345,0.680110552763819,1,"S4","signal",500,2,0.0846702000107324,0.959976335687884,0,0,0,"none",0,27,1
0.601427584113132,0.316166504850873,1,1,0.653324779377384,NA,0.799115796430588,0,0.235620647749257,NA,0.262331597724642,0,0.550580887509698,0.479557519262165,0.0102457715643911,0.907010050251256,1,"S4","signal",500,2,0.0846702000107324,1.11502026992352,0,0,0,"none",0,28,1
0.591074825034118,0.284580891884045,1,1,0.527748864785493,NA,0.917403752289973,0,0.305897613387889,NA,0.439635616345244,0,0.588188876474351,0.393228219075426,0.010572910418863,0.908866834170854,1,"S4","signal",500,2,0.0846702000107324,5.4876397143694,0,0,0,"none",0,29,1
0.533412312195579,0.352942980958989,1,1,0.496131759066364,NA,0.69594247519429,0,0.0298972232878327,NA,0.0533365653189966,0,0.555617658369256,0.457014257298097,0.016213905378246,0.819341708542714,1,"S4","signal",500,2,0.0846702000107324,1.39581399701182,0,0,0,"none",0,30,1
0.542357656394407,0.304741957724108,1,1,0.902006887073663,NA,0.996611236085805,1,0.693272516425379,NA,0.778719023686187,1,0.564197469161383,0.340019904960763,0.0154225192664345,0.828550251256281,1,"S4","signal",500,2,0.0846702000107324,3.50043569511024,0,0,0,"none",0,31,1
0.542027493203849,0.276490078856075,1,1,0.266859471139294,NA,0.662246209633381,0,0.0378731261728128,NA,0.0937123609142663,0,0.303820717555141,0.218529159102627,0.0171393035254314,0.608178391959799,1,"S4","signal",500,2,0.0846702000107324,4.03028607880962,0,0,0,"none",0,32,1
0.594071335433311,0.329157181540062,1,1,0.749369089603635,NA,0.965719716816693,1,0.283717010768031,NA,0.395536816444836,0,0.469008028655904,0.369585947669436,0.0273679338545128,0.772015075376884,1,"S4","signal",500,2,0.0846702000107324,3.25055853668861,0,0,0,"none",0,33,1
0.586600926816849,0.320184015581982,1,1,0.0297868419906485,NA,0.0732039973705773,0,-0.00378460260520028,NA,0.0348932640776303,0,0.227210660617471,0.695287312138968,0.00374057246475881,0.994155778894472,1,"S4","signal",500,2,0.0846702000107324,2.86846524837052,0,0,0,"none",0,34,1
0.633845964880266,0.308006125789026,1,1,0.502177540464513,NA,0.90276375004861,0,0.0178025218670419,NA,0.0559815383523904,0,0.434862521177091,0.561742905219023,0.00895598699901915,0.935560301507538,1,"S4","signal",500,2,0.0846702000107324,4.9763892477173,0,0,0,"none",0,35,1
0.498588357107314,0.304607960553791,1,1,0.478391243198694,NA,0.839113810470798,0,0.0584834185759027,NA,0.108457150125583,0,0.258869714864984,-0.0640665813347623,0.0162376358584225,0.378020100502513,0,"S4","signal",500,2,0.0846702000107324,2.70540792226171,0,0,0,"none",0,36,1
0.594480610586962,0.333215419744145,1,1,0.64020639759077,NA,0.889733798156399,0,0.0296306390501655,NA,0.062791471824101,0,0.107781311580024,0.138316742993358,0.0117812714775927,0.358989949748744,0,"S4","signal",500,2,0.0846702000107324,1.86226215616959,0,0,0,"none",0,37,1
0.569468777844235,0.331037208206332,1,1,0.759431948398268,NA,0.989096991668097,1,0.649002786693505,NA,0.719234380747338,1,0.959059683322579,0.435935891843259,0.00864741939147377,0.968718592964824,1,"S4","signal",500,2,0.0846702000107324,4.55406857739863,0,0,0,"none",0,38,1
0.519088845684805,0.30967620529391,1,1,0.426973466280701,NA,0.564366570779892,0,0.0182135512633472,NA,0.0445470161041588,0,0.0660677910733391,0.0644265345583262,0.0102126192412042,0.272788944723618,0,"S4","signal",500,2,0.0846702000107324,1.36129686472047,0,0,0,"none",0,39,1
0.53970552410984,0.302979285227713,1,1,0.718938842742189,NA,0.958650036490224,1,0.0327489022120481,NA,0.0668943355305314,0,0.414596116521018,0.0774033942998351,0.0168256117085187,0.541095477386935,1,"S4","signal",500,2,0.0846702000107324,3.41511659334484,0,0,0,"none",0,40,1
0.509018747246298,0.288760336854142,1,1,0.985343135862976,NA,0.991106481094187,1,0.420198136608435,NA,0.440574511815502,0,0.796520008585716,0.297344529044752,0.0108438307480039,0.878168341708543,1,"S4","signal",500,2,0.0846702000107324,2.0896616969211,0,0,0,"none",0,41,1
0.55206254733052,0.287905036806057,1,1,0.661836073016701,NA,0.937270538388704,0,0.0777850702838797,NA,0.119658499218991,0,0.141832937727097,0.0106179940465795,0.0125991773536289,0.223776381909548,0,"S4","signal",500,2,0.0846702000107324,2.19105382493773,0,0,0,"none",0,42,1
0.520905175168574,0.260530474317617,1,1,0.456350199839861,NA,0.875756663076383,0,0.0194313714941124,NA,0.0578198978409601,0,0.382690901774361,0.275860547897706,0.0208294141820382,0.656934673366834,1,"S4","signal",500,2,0.0846702000107324,3.37259532229597,0,0,0,"none",0,43,1
0.520477423323678,0.306631823424473,1,1,0.681557849009426,NA,0.965690579946553,1,0.163470309874108,NA,0.237226517094713,0,0.0953425597822881,0.0244639524415227,0.00861874999627667,0.190582914572864,0,"S4","signal",500,2,0.0846702000107324,3.60161356991284,0,0,0,"none",0,44,1
0.563699017737703,0.303839246660703,1,1,-0.164976335993779,NA,0.398850045677112,0,0.00153544974786793,NA,0.0350994033553079,0,-0.0381572141103887,0.252440233128356,0.020010527316745,0.590195979899497,1,"S4","signal",500,2,0.0846702000107324,4.95175051153675,0,0,0,"none",0,45,1
0.574673720076079,0.300699628800233,1,1,-0.521946222606218,NA,0.683623264469603,0,-0.00327775593563033,NA,0.0329784058479247,0,-0.115372798301067,0.075536059717841,0.0144045086865786,0.297293969849246,0,"S4","signal",500,2,0.0846702000107324,0.991451135262289,0,0,0,"none",0,46,1
0.552138563905593,0.28530539367498,1,1,0.557222897598082,NA,0.863453254082317,0,-0.00106989638986307,NA,0.0327088002429033,0,0.0761149475922173,0.031967954376777,0.00761314286588735,0.174859296482412,0,"S4","signal",500,2,0.0846702000107324,2.53343612282883,0,0,0,"none",0,47,1
0.624714313723394,0.2859075100682,1,1,0.273729512847525,NA,0.61881981336319,0,0.00334519342217495,NA,0.033458871421883,0,0.0241844406744438,0.00456543358982393,0.00440357269009563,0.0991984924623116,0,"S4","signal",500,2,0.0846702000107324,3.00034171599183,0,0,0,"none",0,48,1
0.534168443510606,0.302563832871669,1,1,0.359697999678587,NA,0.715592827662115,0,0.0544998070689593,NA,0.0982926989854982,0,0.419346980286808,-0.0248873423951483,0.0187730703178642,0.563429648241206,1,"S4","signal",500,2,0.0846702000107324,4.76308392332579,0,0,0,"none",0,49,1
0.530043416983862,0.350462039285947,1,1,0.587556461741753,NA,0.829643989792984,0,0.239620594388073,NA,0.25048522860473,0,0.200925697072836,0.0811012332135672,0.0114847544473243,0.333278894472362,0,"S4","signal",500,2,0.0846702000107324,2.36761599626312,0,0,0,"none",0,50,1
0.513211300597741,0.272086157104277,1,1,0.430374313474536,NA,0.792394649154115,0,0.0110525550359204,NA,0.0421383489434747,0,0.00134498545580041,0.000297333274160707,0.00361126626648779,0.0772035175879397,0,"S4","signal",500,2,0.0846702000107324,2.61483089780389,0,0,0,"none",0,51,1
0.547285235334253,0.332346061264998,1,1,0.533246103294989,NA,0.904883473602936,0,0.134204074242642,NA,0.202463376907709,0,0.159483087124378,0.298493303591145,0.0124119239500627,0.579545226130653,1,"S4","signal",500,2,0.0846702000107324,3.70203614628459,0,0,0,"none",0,52,1
0.548589201030998,0.322507016892985,1,1,0.498882492582033,NA,0.856632662417555,0,0.0530702164304062,NA,0.100747035653459,0,0.326968211716096,0.455913127755165,0.0161522206925706,0.87263567839196,1,"S4","signal",500,2,0.0846702000107324,3.62193014360148,0,0,0,"none",0,53,1
0.644962403887759,0.315497514030328,1,1,0.548784585097517,NA,0.952441971950327,1,0.192076231050724,NA,0.283738624028405,0,0.577140479806879,0.21409689976368,0.0156082876918629,0.785379396984925,1,"S4","signal",500,2,0.0846702000107324,5.63398276239322,0,0,0,"none",0,54,1
0.48506565224734,0.294628231456219,1,1,0.616856037331382,NA,0.980592884566276,1,0.158281186000755,NA,0.274873946649421,0,0.554331345747106,0.731779250415006,0.00880745812575041,0.974128140703518,1,"S4","signal",500,2,0.0846702000107324,5.40129707499141,0,0,0,"none",0,55,1
0.507120891581318,0.295638280481676,1,1,0.558042913820541,NA,0.936953518042403,0,0.209323796006945,NA,0.286953489262315,0,0.566214684123784,0.530534547145142,0.00521771413233587,0.982623115577889,1,"S4","signal",500,2,0.0846702000107324,4.2258668439494,0,0,0,"none",0,56,1
0.538961250357691,0.330152215104042,1,1,0.127578669292405,NA,0.250291149887365,0,0.00407112334649868,NA,0.0343426886446249,0,0.214586449983669,0.124732546385776,0.0152003442310117,0.38185175879397,0,"S4","signal",500,2,0.0846702000107324,2.82088589924428,0,0,0,"none",0,57,1
0.501157197217975,0.317468649426824,1,1,0.179448726023999,NA,0.453570652837984,0,0.00975188480365747,NA,0.0438187302940374,0,0.00170077767408101,0.00490464086858393,0.0042651989469244,0.10622864321608,0,"S4","signal",500,2,0.0846702000107324,3.11143730002344,0,0,0,"none",0,58,1
0.492400881545879,0.30414461499892,1,1,0.47221639373391,NA,0.698834364202345,0,0.0348601082149886,NA,0.0634900240305384,0,0.210638551843689,0.301193260782635,0.0185725445452459,0.675891959798995,1,"S4","signal",500,2,0.0846702000107324,1.80957874231953,0,0,0,"none",0,59,1
0.542995474284752,0.33890053637742,1,1,0.45119496716679,NA,0.84080296118612,0,0.0440452138958939,NA,0.0918377907191172,0,0.825370297951611,0.328102603063437,0.0117958641844847,0.904939698492462,1,"S4","signal",500,2,0.0846702000107324,4.41776380862522,0,0,0,"none",0,60,1
0.526956690145432,0.281766171374145,1,1,0.193979036799227,NA,0.486793234757664,0,0.0149824700207521,NA,0.0512896897406978,0,0.0885510582009942,-0.0736303587980137,0.00923810362049503,0.252190954773869,0,"S4","signal",500,2,0.0846702000107324,3.62433519134709,0,0,0,"none",0,61,1
0.522661777697591,0.341438169142601,1,1,0.341352485958872,NA,0.619050798551267,0,0.00619160773917603,NA,0.0363031253894161,0,0.0168754041177654,-0.00648311031297602,0.00531146101201557,0.101133165829146,0,"S4","signal",500,2,0.0846702000107324,2.31412389119085,0,0,0,"none",0,62,1
0.509453212976291,0.28907403517713,1,1,0.273055459136089,NA,0.730917830315045,0,0.0189712755708882,NA,0.0645163143225446,0,0.410710491620509,0.248384894949315,0.0170577583089518,0.735183417085427,1,"S4","signal",500,2,0.0846702000107324,5.58881474958031,0,0,0,"none",0,63,1
0.559221250954724,0.284179144361382,1,1,0.340422370041023,NA,0.52061141116806,0,0.0283585796236259,NA,0.059227563503138,0,0.14485837665944,0.29105126550139,0.0169350343774087,0.778399497487437,1,"S4","signal",500,2,0.0846702000107324,1.29213285772818,0,0,0,"none",0,64,1
0.570204665009391,0.286558096483519,1,1,0.423144567965164,NA,0.866664530307866,0,0.0340100335461877,NA,0.0824891857347854,0,0.431124057952298,0.384252563693242,0.019020655125663,0.733605527638191,1,"S4","signal",500,2,0.0846702000107324,5.04395968832383,0,0,0,"none",0,65,1
0.587802816244436,0.278842841671837,1,1,0.798589646993268,NA,0.998919627421615,1,0.825645380295334,NA,0.910346343156394,1,0.758662531351829,0.492135196490685,0.000888229295132172,0.998824120603015,1,"S4","signal",500,2,0.0846702000107324,7.36922337183956,0,0,0,"none",0,66,1
0.52199177887131,0.292301638146503,1,1,0.0992099814155341,NA,0.263804100736768,0,0.0381939961819954,NA,0.093667268561207,0,0.0360889611110745,0.0436593581055019,0.00849398303703093,0.178319095477387,0,"S4","signal",500,2,0.0846702000107324,3.60474173201664,0,0,0,"none",0,67,1
0.495646757869035,0.331789698914036,1,1,0.383261765471348,NA,0.861289120424426,0,0.0499838752396757,NA,0.11589778880102,0,0.357763835125475,0.406138322126078,0.0179995972763431,0.79043216080402,1,"S4","signal",500,2,0.0846702000107324,4.96902474402168,0,0,0,"none",0,68,1
0.543628193016129,0.283744691281145,1,1,0.738929289351304,NA,0.988480152275222,1,0.126802160053514,NA,0.197165672210495,0,0.50171658338132,0.143722113906559,0.0194087001382496,0.659695979899497,1,"S4","signal",500,2,0.0846702000107324,4.15266333135638,0,0,0,"none",0,69,1
0.501525078992459,0.282492010858869,1,1,0.893537573890234,NA,0.97690605976125,1,0.114389571543579,NA,0.163061304307547,0,0.350462586268785,0.699249461626355,0.00672867549248138,0.95891959798995,1,"S4","signal",500,2,0.0846702000107324,3.47401492588568,0,0,0,"none",0,70,1
0.526341213551725,0.267703979957399,1,1,0.867209479064985,NA,0.949233497179782,0,0.834754692488488,NA,0.680338480627961,1,0.485720877965074,0.0574719846064815,0.016494264723776,0.575261306532663,1,"S4","signal",500,2,0.0846702000107324,2.17310138788743,0,0,0,"none",0,71,1
0.596321439038876,0.30297751439856,1,1,0.434199065780913,NA,0.934951274118699,0,0.378005435433389,NA,0.605666245930672,1,0.450850776574554,-0.0342370238337805,0.0215252155560117,0.719625628140704,1,"S4","signal",500,2,0.0846702000107324,7.18570600193626,0,0,0,"none",0,72,1
0.575727284519751,0.315391416368435,1,1,0.548740316317314,NA,0.849062181287276,0,0.049619752071764,NA,0.0825193980774371,0,0.21410683835664,0.0949611089293969,0.0134015740518761,0.337570351758794,0,"S4","signal",500,2,0.0846702000107324,1.40703750995038,0,0,0,"none",0,73,1
0.514169854209121,0.292204773709409,1,1,0.331980397964752,NA,0.652030133261101,0,0.0261769669468882,NA,0.0629876878333483,0,0.0752413604923733,0.0466494573983371,0.00870967096333573,0.207258793969849,0,"S4","signal",500,2,0.0846702000107324,2.64500292742153,0,0,0,"none",0,74,1
0.555062094356412,0.293566706476865,1,1,0.212297186603931,NA,0.410321857697697,0,0.0904193035696114,NA,0.142066704407029,0,0.0739344594532602,0.114447527302574,0.0149162611830573,0.35044472361809,0,"S4","signal",500,2,0.0846702000107324,2.24287707062999,0,0,0,"none",0,75,1
0.567925176062103,0.319175813607713,1,1,0.0235664030354492,NA,0.0419796800576753,0,0.00397867418979878,NA,0.0335390662908928,0,0.00357729628025292,0.0215738314314536,0.00668546912298592,0.149582914572864,0,"S4","signal",500,2,0.0846702000107324,1.82592266170255,0,0,0,"none",0,76,1
0.546038496789921,0.297626869590104,1,1,0.388643724621837,NA,0.799414070663175,0,0.0194919641099124,NA,0.0557783573015437,0,0.103513190681349,0.0715401330967268,0.0101957233115397,0.244763819095477,0,"S4","signal",500,2,0.0846702000107324,4.11937197977566,0,0,0,"none",0,77,1
0.604593080175961,0.335496974335486,1,1,0.399827792741006,NA,0.846971532081155,0,0.0365890120527318,NA,0.0840631169664705,0,0.500578421783935,0.61812590842615,0.0121162795810431,0.913236180904523,1,"S4","signal",500,2,0.0846702000107324,5.30639447828014,0,0,0,"none",0,78,1
0.532142624937715,0.277277808555384,1,1,0.347774430332342,NA,0.865637338547878,0,0.0550570428760642,NA,0.13603688602533,0,0.322521703033127,0.236954092370783,0.01963673937055,0.735653266331658,1,"S4","signal",500,2,0.0846702000107324,6.9611114213129,0,0,0,"none",0,79,1
0.572273313216744,0.303343249334431,1,1,-0.0290202393634977,NA,0.0468578007414544,0,0.0368584360194002,NA,0.065859373903632,0,-0.139647674552425,0.170119980251917,0.0177122085861939,0.449856783919598,0,"S4","signal",500,2,0.0846702000107324,1.27982217294277,0,0,0,"none",0,80,1
0.529355400928791,0.278817911609022,1,1,0.378003033313618,NA,0.794703044928772,0,0.0275328922486584,NA,0.067878216147635,0,0.0597481104887027,0.0293649176362322,0.00814460043538881,0.162557788944724,0,"S4","signal",500,2,0.0846702000107324,3.53040520809012,0,0,0,"none",0,81,1
0.472444789240091,0.283748324330462,1,1,0.152203719142271,NA,0.319605613494318,0,0.00814234049300703,NA,0.0378678457366699,0,0.440327670330804,0.331473027613364,0.019971291112479,0.662793969849246,1,"S4","signal",500,2,0.0846702000107324,1.92737406837925,0,0,0,"none",0,82,1
0.55468069373772,0.316516230299255,1,1,0.0341496235096361,NA,0.0830198647378257,0,-0.00434975878481016,NA,0.034428218856753,0,-0.0668867041299283,0.113142684482254,0.00961070385256058,0.29664824120603,0,"S4","signal",500,2,0.0846702000107324,3.18343164215698,0,0,0,"none",0,83,1
0.53577780139171,0.293046149246225,1,1,0.50798617583963,NA,0.93590567283515,0,0.0272116959383948,NA,0.0698680426545118,0,0.340155400139924,0.323553955056237,0.0141349870586735,0.738861809045226,1,"S4","signal",500,2,0.0846702000107324,5.28095732181244,0,0,0,"none",0,84,1
0.604250200044938,0.283913997342954,1,1,0.486516113961427,NA,0.895021848317915,0,0.0503257533283074,NA,0.0984637102559473,0,0.676305082646757,0.509589803339254,NA,1,1,"S4","signal",500,2,0.0846702000107324,4.19226751712336,0,0,0,"none",0,85,1
0.542870306042048,0.300641763194308,1,1,0.858171342330272,NA,0.964183057590906,1,0.496830238523397,NA,0.540892301468249,1,0.929612645321351,0.902539681631426,NA,1,1,"S4","signal",500,2,0.0846702000107324,3.22950525617421,0,0,0,"none",0,86,1
0.610767241565858,0.342358482888274,1,1,0.178309743765044,NA,0.374857160519421,0,0.031550728034944,NA,0.0728324101023372,0,0.0950962927971481,0.0757198711825075,0.0111709878236301,0.293206030150754,0,"S4","signal",500,2,0.0846702000107324,2.94685798146005,0,0,0,"none",0,87,1
0.570856984106361,0.320110355079331,1,1,0.116844478928282,NA,0.291958419195585,0,0.00332614037998556,NA,0.0388284362713753,0,0.0482304035134218,0.26898710038062,0.0179827855408062,0.619592964824121,1,"S4","signal",500,2,0.0846702000107324,2.35097022269524,0,0,0,"none",0,88,1
0.611527857716721,0.2922741428488,1,1,0.583807004072253,NA,0.936874333949901,0,0.162788915826416,NA,0.24078682599623,0,0.50073988740088,0.203084485751861,0.0184032217270128,0.689057788944724,1,"S4","signal",500,2,0.0846702000107324,2.5173290271629,0,0,0,"none",0,89,1
0.55789219635813,0.289598796978226,1,1,0.442124117759413,NA,0.935165602945685,0,0.0796768167320471,NA,0.169891127771737,0,0.556022714563122,0.248032195556712,0.0185693515225025,0.814590452261307,1,"S4","signal",500,2,0.0846702000107324,5.30029534434269,0,0,0,"none",0,90,1
0.50661386520666,0.296690044312567,1,1,1.07559699313533,NA,0.99872860314355,1,0.286772396528604,NA,0.314943411296228,0,0.90778903118763,0.307666543710826,0.00891942917142998,0.960861809045226,1,"S4","signal",500,2,0.0846702000107324,3.18466375319624,0,0,0,"none",0,91,1
0.528264565042464,0.348512821237601,1,1,0.7675972533492,NA,0.99293935742103,1,0.153125249923408,NA,0.219241823127435,0,0.146091883303591,0.0900409670774911,0.0147600438304714,0.337633165829146,0,"S4","signal",500,2,0.0846702000107324,2.80281683290488,0,0,0,"none",0,92,1
0.631794837228231,0.257079011776017,1,1,0.638380167677127,NA,0.964987391563396,1,0.687672574507373,NA,0.803244996058918,1,0.538328794634573,0.327679108222072,0.0120637382472773,0.899540201005025,1,"S4","signal",500,2,0.0846702000107324,4.07845014366542,0,0,0,"none",0,93,1
0.501760953036838,0.311274612068165,1,1,0.49810166912346,NA,0.858611560998206,0,0.0341514757770163,NA,0.0712429832801052,0,0.195709538006593,0.188089742414536,0.0156305388788764,0.483655778894472,0,"S4","signal",500,2,0.0846702000107324,2.95794378021092,0,0,0,"none",0,94,1
0.527552096851985,0.311449712552113,1,1,0.21351360533144,NA,0.489176936350296,0,0.00841852770901495,NA,0.0407810922360335,0,0.0223400002201815,0.299172203820324,0.0160340359943749,0.62463567839196,1,"S4","signal",500,2,0.0846702000107324,3.52816087520769,0,0,0,"none",0,95,1
0.587735857936933,0.299220945761019,1,1,0.651163715600931,NA,0.961517173947338,1,0.108486608989993,NA,0.174184985361818,0,0.167255379207706,0.0961528695944493,0.0126125223649244,0.380168341708543,0,"S4","signal",500,2,0.0846702000107324,3.38417156113937,0,0,0,"none",0,96,1
0.486241206639409,0.331560828770432,1,1,0.191133774624587,NA,0.414463268469643,0,0.051340004635293,NA,0.104919229819961,0,0.0147120660805102,0.0045048725466595,0.0048114851291567,0.0926658291457286,0,"S4","signal",500,2,0.0846702000107324,3.04110409268263,0,0,0,"none",0,97,1
0.541183702015152,0.305521150297467,1,1,0.370429903350199,NA,0.823093421982859,0,0.0421920147396177,NA,0.0969979332101075,0,0.227345453917625,0.288975215072323,0.016350300278365,0.687821608040201,1,"S4","signal",500,2,0.0846702000107324,4.75860231249367,0,0,0,"none",0,98,1
0.627026456853895,0.312192956273462,1,1,0.8323870881038,NA,0.993049048090128,1,0.415200793767801,NA,0.527761279146463,1,0.8494494423535,-0.449447230628261,0.0113336748562568,0.904575376884422,1,"S4","signal",500,2,0.0846702000107324,2.71117671508499,0,0,0,"none",0,99,1
0.526423538335409,0.31569708402442,1,1,0.458933826321962,NA,0.610851186969374,0,0.0731539139713383,NA,0.0927448912292498,0,0.922326223930555,0.351826030915395,0.00763463782924889,0.9535,1,"S4","signal",500,2,0.0846702000107324,1.65604080473946,0,0,0,"none",0,100,1
0.589008452276127,0.273958532191317,1,1,0.64684751849502,NA,0.964722891036264,1,0.0887682645794912,NA,0.146217794812706,0,0.499014498968086,0.277941552601764,0.0190092725792045,0.729394472361809,1,"S4","signal",500,5,0.133875340987964,3.71496964691676,0,0,0,"none",0,1,1
0.542013206976498,0.286546456191354,1,1,0.443359187723605,NA,0.893014705253204,0,0.029962625604654,NA,0.0729554784651279,0,0.48583683584032,0.452173655277115,0.0171079366155533,0.942801507537688,1,"S4","signal",500,5,0.133875340987964,5.79383464656279,0,0,0,"none",0,2,1
0.580813803082585,0.292366781209293,1,1,0.549652896087129,NA,0.960155750904012,1,0.0833255648391361,NA,0.165155003022554,0,0.175625230158586,0.134786714537024,0.0167805244044835,0.397213567839196,0,"S4","signal",500,5,0.133875340987964,6.5203132407442,0,0,0,"none",0,3,1
0.483379122664511,0.318050788365199,1,1,0.270745563574441,NA,0.635017026329301,0,0.0312640710613413,NA,0.0793340760147482,0,0.201452331196113,0.458749919051029,0.0134358464057759,0.826195979899497,1,"S4","signal",500,5,0.133875340987964,4.42801623815425,0,0,0,"none",0,4,1
0.525034521790262,0.319022311076929,1,1,0.289965141254957,NA,0.705431280225074,0,0.00658562776276021,NA,0.0393839880574267,0,0.0742032980134003,0.147940428635138,0.0160256070748727,0.431437185929648,0,"S4","signal",500,5,0.133875340987964,5.66381929094876,0,0,0,"none",0,5,1
0.585038625576485,0.301497253039307,1,1,0.342726936362582,NA,0.795066297957933,0,0.0357377918446153,NA,0.0810964230860921,0,0.134285081900991,0.559547122627486,0.0130038895761303,0.918613065326633,1,"S4","signal",500,5,0.133875340987964,5.42297562849058,0,0,0,"none",0,6,1
0.484627492671352,0.284449602693046,1,1,0.0438844972522114,NA,0.121331996887041,0,0.0224974911196643,NA,0.0658955984939163,0,0.27274757961191,0.224847443637014,0.0194894152950151,0.575829145728643,1,"S4","signal",500,5,0.133875340987964,4.40182989381764,0,0,0,"none",0,7,1
0.58179353209048,0.281281376002003,1,1,0.665164407917133,NA,0.944484620271889,0,0.0544536159034537,NA,0.0994041308990853,0,0.513075003258127,0.29367104208067,0.0157940186705406,0.780665829145729,1,"S4","signal",500,5,0.133875340987964,2.8948212343271,0,0,0,"none",0,8,1
0.507311902242549,0.344163076647658,1,1,0.391612752320793,NA,0.908933576480985,0,0.074547796360714,NA,0.155565828598918,0,0.698875367998446,0.563017260688442,0.00533519343376952,0.980178391959799,1,"S4","signal",500,5,0.133875340987964,7.85648832135939,0,0,0,"none",0,9,1
0.56049139953931,0.306815673703044,1,1,0.387579877627926,NA,0.770948947003437,0,0.0863461010854283,NA,0.161396684593101,0,0.148836891383211,0.0656477493247959,0.00993846173286789,0.282087939698492,0,"S4","signal",500,5,0.133875340987964,3.26550402015891,0,0,0,"none",0,10,1
0.456527093164609,0.326482177471155,1,1,0.208264773556475,NA,0.572310716648206,0,0.0679876045268051,NA,0.141528745763194,0,0.118238639960597,0.0575320479321144,0.0129892281468694,0.275346733668342,0,"S4","signal",500,5,0.133875340987964,6.95246652471877,0,0,0,"none",0,11,1
0.518793791819293,0.292466163500135,1,1,0.0849795682045989,NA,0.277412172517175,0,0.019479104185315,NA,0.0652682498086841,0,0.240825454374379,0.577399483746131,0.00856078899482569,0.967246231155779,1,"S4","signal",500,5,0.133875340987964,6.46404454976654,0,0,0,"none",0,12,1
0.591660900899487,0.335281700485829,1,1,0.301865135203079,NA,0.470232602557755,0,0.00889452168294637,NA,0.0364076391810272,0,0.243604009206828,0.251789791930687,0.016259048754091,0.577899497487437,1,"S4","signal",500,5,0.133875340987964,1.97561666618624,0,0,0,"none",0,13,1
0.426331407884688,0.267482017566486,1,1,0.26212800842459,NA,0.772631157516254,0,0.0221456139835242,NA,0.0743108365159108,0,0.0392352841934341,0.0165784918899391,0.00599123073254088,0.133585427135678,0,"S4","signal",500,5,0.133875340987964,8.40109442971127,0,0,0,"none",0,14,1
0.458045550313217,0.30054269162183,1,1,0.202971894836131,NA,0.583803567798173,0,0.0121317798772756,NA,0.0489161170008353,0,0.0589902649725105,0.0579434701390958,0.00997627097549951,0.242854271356784,0,"S4","signal",500,5,0.133875340987964,7.02137733736266,0,0,0,"none",0,15,1
0.555964598150867,0.349629543657525,1,1,0.445107797623131,NA,0.841841293178568,0,0.0212538504126151,NA,0.0551251741783236,0,0.489130225414603,0.546292548247953,0.00460051625076677,0.979582914572864,1,"S4","signal",500,5,0.133875340987964,3.63681033701446,0,0,0,"none",0,16,1
0.530906803406191,0.305637415279378,1,1,0.302354127633463,NA,0.66292146026832,0,0.00485434850639402,NA,0.0351797183223299,0,0.0724664521271858,0.57462992375463,0.00664831944955014,0.975276381909548,1,"S4","signal",500,5,0.133875340987964,4.01923042209423,0,0,0,"none",0,17,1
0.575253062662788,0.33032219389509,1,1,0.788142627317203,NA,0.994927138630832,1,0.701258091953374,NA,0.760428290791506,1,0.575117127941229,0.583889254473426,0.000302443644219899,0.99956783919598,1,"S4","signal",500,5,0.133875340987964,5.16198438948286,0,0,0,"none",0,18,1
0.571131302060733,0.261606694584579,1,1,0.0799930423304703,NA,0.21607766314677,0,0.00473368110042238,NA,0.0354416249851411,0,0.0281892482498401,0.0555263712400028,0.00652608994825456,0.196266331658291,0,"S4","signal",500,5,0.133875340987964,4.41861069763701,0,0,0,"none",0,19,1
0.531587706638302,0.318133926413181,1,1,0.658245007819759,NA,0.976096179266842,1,0.46231071672791,NA,0.565853707836465,1,0.587466110183871,0.524646013974786,NA,1,1,"S4","signal",500,5,0.133875340987964,5.5905967946068,0,0,0,"none",0,20,1
0.530053070279004,0.289109447367928,1,1,0.682546972267143,NA,0.996892123431067,1,0.844534123296553,NA,0.97809773297039,1,0.47494521904928,0.0510535033035348,0.0170798453396473,0.76006783919598,1,"S4","signal",500,5,0.133875340987964,7.95630255141322,0,0,0,"none",0,21,1
0.534721374752412,0.316296030187169,1,1,0.374089685079804,NA,0.873300885426292,0,0.0297633086442728,NA,0.0803937874086067,0,0.304980765001147,0.409892107417482,0.0124775098551514,0.837819095477387,1,"S4","signal",500,5,0.133875340987964,7.19782538082518,0,0,0,"none",0,22,1
0.589339507581247,0.253900325619704,1,1,0.491078053180652,NA,0.913065732997627,0,0.256560947897306,NA,0.409165507449274,0,0.272898165007123,0.239012611880545,0.0139617567959476,0.724439698492462,1,"S4","signal",500,5,0.133875340987964,3.95837548441691,0,0,0,"none",0,23,1
0.491518057661445,0.298119973699909,1,1,0.424771407811395,NA,0.947294500568106,0,0.151892636922295,NA,0.304007823556194,0,0.447539782629421,0.299263967722441,0.0171722941802591,0.809140703517588,1,"S4","signal",500,5,0.133875340987964,8.32616886143165,0,0,0,"none",0,24,1
0.467499665074304,0.303057183411459,1,1,0.105200935344901,NA,0.345259087711958,0,-0.00944001487719891,NA,0.0431508817667158,0,0.0178899059397893,0.112694649252937,0.0107088458132927,0.296994974874372,0,"S4","signal",500,5,0.133875340987964,6.55738200103244,0,0,0,"none",0,25,1
0.558591027936994,0.260583053064437,1,1,0.612134691285066,NA,0.999621390050702,1,0.566651984184279,NA,0.86347906445319,1,0.716528673305004,0.150908287511319,0.000907057966566983,0.999092964824121,1,"S4","signal",500,5,0.133875340987964,14.1877813832862,0,0,0,"none",0,26,1
0.509320590842283,0.298154322255733,1,1,0.368791184851161,NA,0.859533241608412,0,0.0287122912759011,NA,0.0824535378056208,0,0.152914810205127,0.0540687826149767,0.0143350851506518,0.338844221105528,0,"S4","signal",500,5,0.133875340987964,6.62836893351252,0,0,0,"none",0,27,1
0.607826300201737,0.335259949551622,1,1,0.822108183958118,NA,0.999331348576351,1,0.800444393721736,NA,0.951949325181288,1,0.694759342263631,0.329544121863463,0.0138923349242429,0.902341708542714,1,"S4","signal",500,5,0.133875340987964,5.674890027898,0,0,0,"none",0,28,1
0.516701413345079,0.317546923986047,1,1,0.361375017079052,NA,0.823368419925767,0,0.26329266067546,NA,0.41765644476841,0,0.367796202627907,0.292923414454794,0.0209838234012,0.805515075376884,1,"S4","signal",500,5,0.133875340987964,7.82723013458848,0,0,0,"none",0,29,1
0.58819143670375,0.330271005778054,1,1,0.548709855768197,NA,0.989439411999125,1,0.107552093890646,NA,0.229179467888735,0,0.523623110613454,0.666804565077829,NA,1,1,"S4","signal",500,5,0.133875340987964,9.80675462773793,0,0,0,"none",0,30,1
0.59790943189547,0.250213712082544,1,1,0.419961911848799,NA,0.847614392952886,0,0.0122235835375051,NA,0.0430249766884938,0,0.186377484274773,0.0966777943193685,0.014229450407558,0.358809045226131,0,"S4","signal",500,5,0.133875340987964,3.59948121089308,0,0,0,"none",0,31,1
0.580560847718851,0.340057190272607,1,1,0.498669557867773,NA,0.973316658162248,1,0.227549428911442,NA,0.38277255386228,0,0.645388555775302,0.529483261591412,0.00130405286606163,0.998695979899497,1,"S4","signal",500,5,0.133875340987964,7.28972636430149,0,0,0,"none",0,32,1
0.540465795306014,0.302691151025953,1,1,0.106477730339965,NA,0.25192677324044,0,0.00571594522174346,NA,0.0361242001526096,0,-0.0110806572918416,0.0435627682493543,0.00629305705049899,0.176090452261307,0,"S4","signal",500,5,0.133875340987964,2.74545264352365,0,0,0,"none",0,33,1
0.581927184141144,0.323595579665736,1,1,0.134621024980532,NA,0.462755579564057,0,0.0149555582015108,NA,0.0603972271024234,0,0.116489307080521,0.100226574859249,0.0146545227007262,0.367087939698492,0,"S4","signal",500,5,0.133875340987964,11.3148341322278,0,0,0,"none",0,34,1
0.501439288591922,0.271560764487905,1,1,0.230561383853272,NA,0.732835498728869,0,0.0255633466939543,NA,0.0821074097985207,0,0.0744119226562435,-0.00483761701996142,0.00977345959012079,0.206125628140704,0,"S4","signal",500,5,0.133875340987964,11.7659316660482,0,0,0,"none",0,35,1
0.495164128162857,0.275968853703103,1,1,0.490838826176217,NA,0.924675612014732,0,0.0651549121854745,NA,0.124529072942289,0,0.133944739691923,0.0451983570830498,0.00821590682799881,0.262969849246231,0,"S4","signal",500,5,0.133875340987964,4.39672256645481,0,0,0,"none",0,36,1
0.563822742575476,0.286957185654663,1,1,0.533605214250217,NA,0.992376598342302,1,0.175552982571315,NA,0.353510344546023,0,0.399430991082328,0.577517202175467,0.000680232620606249,0.998474874371859,1,"S4","signal",500,5,0.133875340987964,7.46767727997494,0,0,0,"none",0,37,1
0.529967116676485,0.372228423444481,1,1,0.337973222109094,NA,0.817839397654995,0,0.00766070103992434,NA,0.0409422056023519,0,0.0142756136296512,0.00563512141885407,0.00350838727165606,0.0737085427135678,0,"S4","signal",500,5,0.133875340987964,4.91684169554416,0,0,0,"none",0,38,1
0.620845699193971,0.315987540625576,1,1,0.436342651687197,NA,0.787463508808025,0,0.0563599009168891,NA,0.107640113861231,0,0.0409367375311972,-0.0467444437438817,0.00620257800108977,0.174389447236181,0,"S4","signal",500,5,0.133875340987964,3.25969850304936,0,0,0,"none",0,39,1
0.466721418601661,0.341040866729522,1,1,0.62420663315742,NA,0.988313665697045,1,0.694864207686432,NA,0.931558829202194,1,0.743340446894701,0.481726254585458,0.00303096408692646,0.993218592964824,1,"S4","signal",500,5,0.133875340987964,6.98825590244829,0,0,0,"none",0,40,1
0.524292742788867,0.30767226296257,1,1,0.326590358566593,NA,0.902709872397105,0,0.0956394705379695,NA,0.234747793198258,0,0.41350367760289,0.491436842797435,0.00632784986774734,0.969288944723618,1,"S4","signal",500,5,0.133875340987964,11.1613708685348,0,0,0,"none",0,41,1
0.550262362756947,0.295524289322606,1,1,0.333852458420496,NA,0.821325674922773,0,0.00604972529118582,NA,0.0383989355574102,0,0.0507097688689056,0.00470800032422546,0.00607412713634737,0.138896984924623,0,"S4","signal",500,5,0.133875340987964,5.82322534469937,0,0,0,"none",0,42,1
0.615600897279297,0.292818191231006,1,1,0.525207608118198,NA,0.824017138484544,0,0.0120067290488824,NA,0.0405940506082341,0,0.086316510714455,-0.0275421332177353,0.00803726635818994,0.171334170854271,0,"S4","signal",500,5,0.133875340987964,2.7611586021279,0,0,0,"none",0,43,1
0.570301991667865,0.314546860003579,1,1,0.409857808613363,NA,0.857133776008968,0,0.0636507868577368,NA,0.118569683237759,0,0.494553117954774,0.420540103885287,0.0132236208366612,0.890178391959799,1,"S4","signal",500,5,0.133875340987964,4.92003527372882,0,0,0,"none",0,44,1
0.55556687519022,0.338407969268672,1,1,-0.190640187353877,NA,0.510353279287785,0,-0.00121807107267844,NA,0.0405799678147961,0,0.00744607893393529,0.0567051486463749,0.00825262386989832,0.166620603015075,0,"S4","signal",500,5,0.133875340987964,6.28711327414516,0,0,0,"none",0,45,1
0.524662931601996,0.277006369416507,1,1,0.258691047939086,NA,0.775129839199426,0,0.00818757545261761,NA,0.0441313305523749,0,0.0965081365811024,0.115300409720935,0.0148292554764452,0.335791457286432,0,"S4","signal",500,5,0.133875340987964,9.51306355096992,0,0,0,"none",0,46,1
0.576759076526965,0.30317881328117,1,1,0.25421422967938,NA,0.699784283960802,0,0.0558884279412274,NA,0.127611908055534,0,0.250406440843289,0.287364186559575,0.020006309817467,0.75055527638191,1,"S4","signal",500,5,0.133875340987964,6.50494416639582,0,0,0,"none",0,47,1
0.572175504627905,0.27913314775849,1,1,0.41547424274876,NA,0.859615274986309,0,0.203493668502159,NA,0.311496014322038,0,0.382175226791202,0.164881310217129,0.0191806772337947,0.672374371859296,1,"S4","signal",500,5,0.133875340987964,6.3726178834576,0,0,0,"none",0,48,1
0.487096198823836,0.29369343194442,1,1,0.374703609706242,NA,0.914768122759156,0,0.0604230775659128,NA,0.15815936850497,0,0.0585455028466016,0.0640735971640856,0.00987938608338082,0.202683417085427,0,"S4","signal",500,5,0.133875340987964,5.38504837462336,0,0,0,"none",0,49,1
0.602230210331341,0.32270549367676,1,1,0.759052159398954,NA,0.99678248233915,1,0.544120047850115,NA,0.672278686422658,1,0.756601986726924,0.383764850679309,0.00762526274634983,0.966522613065327,1,"S4","signal",500,5,0.133875340987964,7.78961375616622,0,0,0,"none",0,50,1
0.595951651039502,0.312674702837769,1,1,0.39751110612153,NA,0.87360402575061,0,0.096332545480255,NA,0.195329925630506,0,0.322489398515903,0.385361856558507,0.0151107631022151,0.805924623115578,1,"S4","signal",500,5,0.133875340987964,5.96317258510446,0,0,0,"none",0,51,1
0.57889028186814,0.275484390848635,1,1,0.659763296579616,NA,0.995523497978334,1,0.372918395037869,NA,0.553842821921804,1,0.327812649934196,-0.0282101893175261,0.0177100945357698,0.527361809045226,1,"S4","signal",500,5,0.133875340987964,5.60762786541287,0,0,0,"none",0,52,1
0.59784907308271,0.341791357581478,1,1,0.383687161610573,NA,0.870313986732942,0,0.0976027476736787,NA,0.202866079286995,0,0.126992032973645,0.144160364321318,0.0126141083670635,0.396190954773869,0,"S4","signal",500,5,0.133875340987964,7.75563150467425,0,0,0,"none",0,53,1
0.626369357447186,0.293875972865922,1,1,0.599460836528446,NA,0.99388187262841,1,0.32136674441472,NA,0.547141796244002,1,0.460618202601641,0.385533626657154,0.0117388114997975,0.919201005025126,1,"S4","signal",500,5,0.133875340987964,8.93502335846852,0,0,0,"none",0,54,1
0.564023978782569,0.318530040473625,1,1,0.323721458738954,NA,0.833745922123017,0,0.0634699082726247,NA,0.144100675594907,0,0.206759122211599,0.232863730512977,0.0144821421765676,0.547763819095477,1,"S4","signal",500,5,0.133875340987964,8.09387914918594,0,0,0,"none",0,55,1
0.530067040142457,0.31153291329432,1,1,0.507312494620109,NA,0.972553790847373,1,0.0721050995633728,NA,0.157362785192893,0,0.229364565619639,0.0639899048322991,0.0120243908866893,0.409266331658291,0,"S4","signal",500,5,0.133875340987964,7.17790383849791,0,0,0,"none",0,56,1
0.551853838789761,0.296891648339012,1,1,0.422945877592874,NA,0.896293429340863,0,0.125294931244466,NA,0.232672911645123,0,0.108358507079906,0.235673726198341,0.0173038965572788,0.690268844221106,1,"S4","signal",500,5,0.133875340987964,4.12033625046231,0,0,0,"none",0,57,1
0.633335595963243,0.271438711004932,1,1,0.486914910736307,NA,0.949880791714753,0,0.250311693789339,NA,0.436836932165193,0,0.248893042176904,0.0695099280632153,0.0175969374471544,0.45891959798995,0,"S4","signal",500,5,0.133875340987964,6.70970629681457,0,0,0,"none",0,58,1
0.493588284497898,0.31132912675067,1,1,-0.0215154313125084,NA,0.0540717317375065,0,0.0375286929050458,NA,0.087434337240668,0,0.00695969870611565,0.00620788296333648,0.00485053884001837,0.0943467336683417,0,"S4","signal",500,5,0.133875340987964,4.0374280859938,0,0,0,"none",0,59,1
0.579960274124687,0.287797842976797,1,1,0.502622255997756,NA,0.856276761664335,0,0.193007738834435,NA,0.277326390052441,0,0.390414539506899,0.901628179536939,0.00249710146697678,0.997113065326633,1,"S4","signal",500,5,0.133875340987964,3.70824102798927,0,0,0,"none",0,60,1
0.516564558399054,0.328485448881715,1,1,0.461259141186846,NA,0.947576963843276,0,0.00244667867801591,NA,0.0335734650749999,0,0.293089035291289,0.176220134892908,0.0152665276250354,0.672414572864322,1,"S4","signal",500,5,0.133875340987964,8.43896522643966,0,0,0,"none",0,61,1
0.541214112923461,0.320882654378695,1,1,0.20720172152459,NA,0.53382983887402,0,0.0135041352741504,NA,0.0508313326263076,0,-0.00692181304771603,0.00623989057612901,0.00420753039321507,0.0880226130653266,0,"S4","signal",500,5,0.133875340987964,4.34989878979351,0,0,0,"none",0,62,1
0.482587157073539,0.297404601147536,1,1,0.393698831223295,NA,0.933626148984106,0,0.0758981274539827,NA,0.174264537525816,0,0.371729188912713,0.449295489545758,0.0134981762843766,0.893610552763819,1,"S4","signal",500,5,0.133875340987964,7.35750920802655,0,0,0,"none",0,63,1
0.555860375119771,0.322932508810532,1,1,0.367839770949717,NA,0.900668875594663,0,0.00883890704579775,NA,0.043441480523996,0,0.141001275686655,0.0739664462504465,0.0107615235218439,0.327605527638191,0,"S4","signal",500,5,0.133875340987964,8.8549697489029,0,0,0,"none",0,64,1
0.535215283133499,0.340613387809639,1,1,0.472602587543092,NA,0.962724331651482,1,0.0590327360482432,NA,0.133654954569445,0,0.338257790963944,0.102407218256574,0.0143085487821441,0.599037688442211,1,"S4","signal",500,5,0.133875340987964,7.51724222210852,0,0,0,"none",0,65,1
0.589262943199562,0.336096943311683,1,1,0.421514931683337,NA,0.948785094798047,0,0.052843044302666,NA,0.129693514493154,0,0.650895440432939,0.416212482725984,NA,1,1,"S4","signal",500,5,0.133875340987964,10.3758245772903,0,0,0,"none",0,66,1
0.560851620806667,0.303659762050471,1,1,0.172123742423825,NA,0.533057049651896,0,0.00989786706617922,NA,0.0485484852625438,0,0.00953671571177261,0.0314571830477689,0.00535225682512444,0.117417085427136,0,"S4","signal",500,5,0.133875340987964,7.73838136887517,0,0,0,"none",0,67,1
0.436205285991308,0.245688923252422,1,1,0.47782460841669,NA,0.986135398809349,1,0.26751800045624,NA,0.534425677456086,1,0.378914109133963,-0.193047413960333,0.0155538782488977,0.759389447236181,1,"S4","signal",500,5,0.133875340987964,8.99925840975573,0,0,0,"none",0,68,1
0.527733630493864,0.314294974037505,1,1,0.116640238091231,NA,0.391246690198046,0,0.00145183681647392,NA,0.0329982016833005,0,0.0146251371930107,0.0453562355928325,0.00633653797241617,0.162788944723618,0,"S4","signal",500,5,0.133875340987964,6.58150998334001,0,0,0,"none",0,69,1
0.587337670970926,0.365184104392557,1,1,0.411052404425163,NA,0.91558509416364,0,0.355253798632257,NA,0.58596369800824,1,0.10452413456569,0.201750879956093,0.0170452812105346,0.468097989949749,0,"S4","signal",500,5,0.133875340987964,7.92788425513148,0,0,0,"none",0,70,1
0.500123617313817,0.295932547523513,1,1,0.27796352322852,NA,0.665221564648749,0,0.0165445139630417,NA,0.0526832885307172,0,0.191335297577169,0.145057453831523,0.0138042992696502,0.412253768844221,0,"S4","signal",500,5,0.133875340987964,3.94853714091419,0,0,0,"none",0,71,1
0.458338935697089,0.292696294567555,1,1,0.250136245117527,NA,0.629237356655748,0,0.00580668622733053,NA,0.0365925149607126,0,0.294459150181918,0.626362429088211,0.00565683367733027,0.984376884422111,1,"S4","signal",500,5,0.133875340987964,5.43551014172628,0,0,0,"none",0,72,1
0.561354700036273,0.321402788704017,1,1,0.675779573919575,NA,0.99415413210106,1,0.0808399307551168,NA,0.154547374806598,0,0.51914111807821,0.0794348016871173,0.0163301195424956,0.77236432160804,1,"S4","signal",500,5,0.133875340987964,7.53729462530435,0,0,0,"none",0,73,1
0.612097372986472,0.279284066343292,1,1,0.800066209465227,NA,0.998704345107069,1,0.778165057697385,NA,0.910226128496656,1,0.799372614450086,0.186448050697049,0.0085176736033001,0.959552763819095,1,"S4","signal",500,5,0.133875340987964,6.39554546727482,0,0,0,"none",0,74,1
0.47022145571412,0.32878079030321,1,1,0.38656424162995,NA,0.96691146982572,1,0.0886088150267111,NA,0.229805299473612,0,0.217190801378668,0.0920532292739063,0.0153308986157206,0.461879396984925,0,"S4","signal",500,5,0.133875340987964,11.3271582509965,0,0,0,"none",0,75,1
0.57476146333579,0.303723812290496,1,1,0.291502802054965,NA,0.740700153688885,0,0.0492937704592626,NA,0.113298070966077,0,0.221004372168879,0.269109942606248,0.0193141457020208,0.588718592964824,1,"S4","signal",500,5,0.133875340987964,6.85211209042886,0,0,0,"none",0,76,1
0.632262658758166,0.248310134697361,1,1,0.781738016288949,NA,0.999921158761943,1,0.785184440015668,NA,0.91940120768558,1,0.660231004657396,0.232625448024998,0.00743847753932362,0.976258793969849,1,"S4","signal",500,5,0.133875340987964,8.89047920811662,0,0,0,"none",0,77,1
0.623403776738544,0.300596260136667,1,1,0.518895264781644,NA,0.970607333940525,1,0.12678300825488,NA,0.250978893393108,0,0.40147527446947,0.138950913719271,0.0142414284951522,0.729007537688442,1,"S4","signal",500,5,0.133875340987964,8.22940825083969,0,0,0,"none",0,78,1
0.538596342109843,0.346613994217751,1,1,0.601588333296169,NA,0.991153605750796,1,0.18590049147206,NA,0.317308966120929,0,0.425147808480459,0.212646359177776,0.0198393358777632,0.765138190954774,1,"S4","signal",500,5,0.133875340987964,8.12673284473323,0,0,0,"none",0,79,1
0.564078040003334,0.270176210483577,1,1,0.524621304027999,NA,0.988391477768021,1,0.205056014330293,NA,0.379491133626068,0,0.479288637291699,0.414397175288801,0.00885789583233116,0.956,1,"S4","signal",500,5,0.133875340987964,10.3833307953523,0,0,0,"none",0,80,1
0.503429239419833,0.304550363788544,1,1,0.401655053521545,NA,0.90878180419492,0,0.0265154328891022,NA,0.0753792270612377,0,0.0709264491862579,0.0586297096620771,0.0129066819730045,0.251371859296482,0,"S4","signal",500,5,0.133875340987964,7.01040513492596,0,0,0,"none",0,81,1
0.508880836417955,0.300466776429103,1,1,0.275017056967686,NA,0.787211927108783,0,0.0274657212955768,NA,0.0841346733057661,0,0.0851343289996268,0.0613767389938525,0.0126620906628135,0.289424623115578,0,"S4","signal",500,5,0.133875340987964,8.95734608382071,0,0,0,"none",0,82,1
0.547627210760427,0.297685089054555,1,1,0.39378870878675,NA,0.8307894882393,0,0.0470264350294973,NA,0.106850789032402,0,0.0471752224312056,0.073155082674045,0.0102915644302126,0.286570351758794,0,"S4","signal",500,5,0.133875340987964,3.627438125639,0,0,0,"none",0,83,1
0.569399062755772,0.318364276413443,1,1,0.622790995927374,NA,0.937364066606494,0,0.0197702696978536,NA,0.0539370104431218,0,0.0500798354126128,0.0565979499623001,0.00839121603632788,0.227778894472362,0,"S4","signal",500,5,0.133875340987964,3.88478011793807,0,0,0,"none",0,84,1
0.523308146397634,0.268314468096749,1,1,0.391097416413155,NA,0.926200607196538,0,0.0443892167888716,NA,0.118089527798994,0,0.139590358628993,-0.0192433540661714,0.0128043391438577,0.317685929648241,0,"S4","signal",500,5,0.133875340987964,6.98704075917109,0,0,0,"none",0,85,1
0.496520637486719,0.300803326795357,1,1,0.458775903480337,NA,0.935181148132481,0,0.0370394432331919,NA,0.0945828762671147,0,0.0769736262352147,0.0316491578697721,0.00877897069639847,0.194655778894472,0,"S4","signal",500,5,0.133875340987964,5.08207671202989,0,0,0,"none",0,86,1
0.548655839512362,0.32291976910609,1,1,0.834271308082565,NA,0.999902927177085,1,0.790310630703308,NA,0.955227927144212,1,0.803998242034145,0.349105705765426,0.00109299228658323,0.998907035175879,1,"S4","signal",500,5,0.133875340987964,9.20671443781504,0,0,0,"none",0,87,1
0.547233100511658,0.33789990780641,1,1,0.436576565397532,NA,0.948450408429062,0,0.0464759098489855,NA,0.112053415176668,0,0.122376321118118,-0.0125644514513889,0.0136364836928246,0.271221105527638,0,"S4","signal",500,5,0.133875340987964,9.22650998565165,0,0,0,"none",0,88,1
0.481681610482185,0.319456168603334,1,1,0.19988773057708,NA,0.687915328146209,0,0.00862832602332722,NA,0.0482963280238955,0,0.058206875242171,0.0880088730014157,0.0118881689265328,0.278354271356784,0,"S4","signal",500,5,0.133875340987964,9.18456196333739,0,0,0,"none",0,89,1
0.541047635636782,0.304562552577031,1,1,0.425308546260437,NA,0.906322361159272,0,0.0594799271492563,NA,0.130967775378571,0,0.0607201203852514,-0.0152921388667141,0.00941221266122468,0.173319095477387,0,"S4","signal",500,5,0.133875340987964,5.79815459047629,0,0,0,"none",0,90,1
0.547077443738314,0.286522558466476,1,1,0.403123609534999,NA,0.8822634470881,0,0.17760944724982,NA,0.306225227616899,0,0.320457389587404,0.601335994536836,0.00645438886075277,0.976726130653266,1,"S4","signal",500,5,0.133875340987964,5.32889087750387,0,0,0,"none",0,91,1
0.537257256642214,0.257943442532191,1,1,0.392700866616442,NA,0.950864264224181,1,0.122812135961115,NA,0.250132427026758,0,0.390775085856196,0.115429348234027,0.0149603936849169,0.761361809045226,1,"S4","signal",500,5,0.133875340987964,11.6255581491345,0,0,0,"none",0,92,1
0.522787361861773,0.329219002348788,1,1,0.40924887323573,NA,0.867379142115922,0,0.0391564851370236,NA,0.0918813083639367,0,0.392435067461962,0.291694333860823,0.0126315483051539,0.781562814070352,1,"S4","signal",500,5,0.133875340987964,5.46022093674958,0,0,0,"none",0,93,1
0.48055308909838,0.312372789882539,1,1,0.360919894919867,NA,0.937147801590435,0,0.127617066148987,NA,0.303452926319003,0,0.315886288424877,0.535664914490002,0.00301783657202707,0.994974874371859,1,"S4","signal",500,5,0.133875340987964,11.3590431624362,0,0,0,"none",0,94,1
0.468861295824915,0.339096259623436,1,1,0.159823077540678,NA,0.387170371863845,0,0.00336271194449586,NA,0.0347432160753598,0,0.392409133144999,0.309485418894883,0.0151609352252001,0.740577889447236,1,"S4","signal",500,5,0.133875340987964,3.69231796436451,0,0,0,"none",0,95,1
0.529131141601587,0.247267978083498,1,1,0.304976826629823,NA,0.786332283281854,0,0.0209724249543244,NA,0.0644929117757398,0,0.115408747593904,0.0845753187246025,0.0116958486196312,0.335711055276382,0,"S4","signal",500,5,0.133875340987964,6.85518494458642,0,0,0,"none",0,96,1
0.503414334787685,0.333974977965694,1,1,0.19818119822265,NA,0.551360892712116,0,0.00864204869666056,NA,0.0424075864384179,0,0.0078133456718307,0.00323203783750488,0.00373375973631923,0.0749924623115578,0,"S4","signal",500,5,0.133875340987964,5.39464130371206,0,0,0,"none",0,97,1
0.565350127348299,0.280444138133236,1,1,0.281950973437283,NA,0.83036937683621,0,0.054256115899719,NA,0.153670596286336,0,0.203137456690774,0.202726041204759,0.0161387158327942,0.62887688442211,1,"S4","signal",500,5,0.133875340987964,8.54881809306015,0,0,0,"none",0,98,1
0.563628638567019,0.32866953153143,1,1,0.278516401200542,NA,0.671677436808514,0,0.0168171545518247,NA,0.0535524896324983,0,0.39595471029322,0.564662753629914,0.0118104214603869,0.904708542713568,1,"S4","signal",500,5,0.133875340987964,5.59345954335575,0,0,0,"none",0,99,1
0.611044990164263,0.311372067657828,1,1,0.764554320615891,NA,0.990651208528639,1,0.0306674535864558,NA,0.071070892710522,0,0.667815270557247,0.393263266939863,0.00754428121738525,0.971497487437186,1,"S4","signal",500,5,0.133875340987964,3.06153333290632,0,0,0,"none",0,100,1
0.511389021718952,0.279364141851128,1,1,0.154604878630358,NA,0.508179233965897,0,0.0333740666895403,NA,0.100639867056828,0,0.0170575273906919,0.0078273188576396,0.00467860520350301,0.0967110552763819,0,"S4","signal",500,10,0.189328322892501,7.65308085489792,0,0,0,"none",0,1,1
0.563660772232936,0.286726109163064,1,1,0.278093177765362,NA,0.833715945188662,0,0.0288944494918185,NA,0.091959897300842,0,0.212052506172967,0.0763084955496579,0.015818901174874,0.486155778894472,0,"S4","signal",500,10,0.189328322892501,10.0460774481845,0,0,0,"none",0,2,1
0.490686202959141,0.324436825402007,1,1,0.398403634161064,NA,0.986446240814625,1,0.137814726512028,NA,0.361860170104565,0,0.316099279224572,0.0892852355005935,0.0180135439979641,0.690542713567839,1,"S4","signal",500,10,0.189328322892501,14.9977502168097,0,0,0,"none",0,3,1
0.54124453006289,0.301240054459868,1,1,0.281982991451062,NA,0.812257557309617,0,0.0209541586003008,NA,0.0752571349220965,0,0.141400625701386,0.311994907667527,0.0210480588049207,0.530683417085427,1,"S4","signal",500,10,0.189328322892501,8.17968672102271,0,0,0,"none",0,4,1
0.514337676245346,0.333054361629374,1,1,0.0738427065197316,NA,0.318587093884376,0,0.00275534620083614,NA,0.035323263705399,0,0.0563293779550662,0.290656566749868,0.0194043152534562,0.623713567839196,1,"S4","signal",500,10,0.189328322892501,13.3489557728145,0,0,0,"none",0,5,1
0.509052163318852,0.265865660257019,1,1,0.307799356475717,NA,0.913809934592012,0,0.0254416327929253,NA,0.0892945016792678,0,0.0533626322876899,0.035164104843019,0.00742939364064385,0.197680904522613,0,"S4","signal",500,10,0.189328322892501,10.5338238741209,0,0,0,"none",0,6,1
0.644732410079448,0.332876321941801,1,1,0.500632563868541,NA,0.987106243750028,1,0.30528315598002,NA,0.558792973195664,1,0.414586319764883,0.174305958848088,0.0153529512614908,0.774030150753769,1,"S4","signal",500,10,0.189328322892501,11.85166840327,0,0,0,"none",0,7,1
0.524129532383352,0.304050500865151,1,1,0.507769559835166,NA,0.999429672176994,1,0.445132251966906,NA,0.876843207348453,1,0.581159246834759,0.227550177611077,0.00389545621470158,0.989231155778894,1,"S4","signal",500,10,0.189328322892501,17.6281958497732,0,0,0,"none",0,8,1
0.550352397042414,0.280443778082301,1,1,0.488709172498417,NA,0.999277744752055,1,0.56137689576745,NA,0.990141458500603,1,0.496211339343979,0.117570836794515,0.00959108442397644,0.964776381909548,1,"S4","signal",500,10,0.189328322892501,18.922041317236,0,0,0,"none",0,9,1
0.552198341271802,0.316179787039381,1,1,0.185858325761671,NA,0.641832395064805,0,0.01661736115635,NA,0.0673753898603316,0,0.0394106973252323,0.034164273752353,0.00634780760289735,0.160530150753769,0,"S4","signal",500,10,0.189328322892501,8.59265713514202,0,0,0,"none",0,10,1
0.605870511681206,0.318985623705763,1,1,0.657647317876507,NA,0.999927835510257,1,0.579732841200659,NA,0.955144659270072,1,0.573195608033266,0.684987052113761,NA,1,1,"S4","signal",500,10,0.189328322892501,15.392530547525,0,0,0,"none",0,11,1
0.543180708659677,0.274206206446247,1,1,0.644587943547053,NA,0.999675880538903,1,0.433024116445446,NA,0.780021390192462,1,0.636158612026119,0.358832275985232,0.0020849094973947,0.996105527638191,1,"S4","signal",500,10,0.189328322892501,9.87584243597719,0,0,0,"none",0,12,1
0.490601016092854,0.302319856988265,1,1,0.168194412495794,NA,0.592811859365369,0,0.0209628204116153,NA,0.0800694143990983,0,0.123048757801947,0.239983653295082,0.0161158398799526,0.520469849246231,1,"S4","signal",500,10,0.189328322892501,9.05775251005758,0,0,0,"none",0,13,1
0.523702666959597,0.341420234200793,1,1,0.463735781023916,NA,0.991859495569462,1,0.196849032490073,NA,0.436941152862171,0,0.360121376505522,0.255482050091468,0.0123937831681589,0.872804020100503,1,"S4","signal",500,10,0.189328322892501,15.2872984911272,0,0,0,"none",0,14,1
0.364032231508148,0.304856305988561,1,1,0.0891406270964119,NA,0.335876763464411,0,0.00321441386350589,NA,0.0355834448468239,0,0.235561880454365,0.607926811848249,0.00103176550969801,0.998515075376884,1,"S4","signal",500,10,0.189328322892501,10.0708902180148,0,0,0,"none",0,15,1
0.519704974155493,0.342905760036312,1,1,0.530826977332113,NA,0.992503651430979,1,0.585044685861078,NA,0.880894015097127,1,0.55335550715466,0.2949285291555,0.0045554753074743,0.985195979899497,1,"S4","signal",500,10,0.189328322892501,11.7575441576153,0,0,0,"none",0,16,1
0.501136864717376,0.318349865738014,1,1,0.296579946455229,NA,0.921534056563127,0,0.0547049277093416,NA,0.163971527534598,0,0.3810697202276,0.593523966354655,0.0041187793935051,0.990896984924623,1,"S4","signal",500,10,0.189328322892501,14.6050646711313,0,0,0,"none",0,17,1
0.570644095930589,0.316975952288391,1,1,0.378135258805588,NA,0.938758258671934,0,0.0706644962001324,NA,0.181632416617795,0,0.126613213562091,0.104403867219076,0.015721304882248,0.392253768844221,0,"S4","signal",500,10,0.189328322892501,10.4352888616042,0,0,0,"none",0,18,1
0.531965162093272,0.315069637537656,1,1,0.230496498661314,NA,0.739567467402435,0,0.0389653720967737,NA,0.107824359653424,0,0.230381170006182,0.341837201709668,0.0139923817418901,0.842206030150754,1,"S4","signal",500,10,0.189328322892501,11.3354424540784,0,0,0,"none",0,19,1
0.525670992133308,0.295486860076489,1,1,0.338082043325957,NA,0.93859951041778,0,0.0863110775905145,NA,0.225703617128186,0,0.171611770433322,0.0985804505782144,0.0184302161124299,0.481962311557789,0,"S4","signal",500,10,0.189328322892501,14.3498770821108,0,0,0,"none",0,20,1
0.485674942457413,0.300280911523426,1,1,0.181106687809902,NA,0.636012471551559,0,0.0180753728004434,NA,0.0703701027783025,0,0.0768289502603237,0.0468690692629549,0.00908359647561197,0.239060301507538,0,"S4","signal",500,10,0.189328322892501,9.57822129787215,0,0,0,"none",0,21,1
0.522250104853826,0.284171553620107,1,1,0.351570112719901,NA,0.95492154723919,1,0.0548808619495417,NA,0.163268455871301,0,0.306973295078179,0.241887112136765,0.0131689947400735,0.77372864321608,1,"S4","signal",500,10,0.189328322892501,14.3719113601805,0,0,0,"none",0,22,1
0.551617367659502,0.325805336350896,1,1,0.398495298143245,NA,0.927002229232352,0,0.108310025703826,NA,0.221832591121007,0,0.114373710453868,0.034055076242631,0.0121718890888912,0.266917085427136,0,"S4","signal",500,10,0.189328322892501,8.47011313613548,0,0,0,"none",0,23,1
0.509560176974898,0.30499748995831,1,1,0.282229383853214,NA,0.892705534706552,0,0.0361039856444511,NA,0.114334944227705,0,0.209671010722818,0.757994095009359,NA,1,1,"S4","signal",500,10,0.189328322892501,13.9007991101394,0,0,0,"none",0,24,1
0.554399121231098,0.311682929774546,1,1,0.357601439575855,NA,0.944750258238456,0,0.0561663653555706,NA,0.148259863443631,0,0.251852286067029,0.0709495727528965,0.0194063863522525,0.539663316582915,1,"S4","signal",500,10,0.189328322892501,12.9545326189011,0,0,0,"none",0,25,1
0.583786407532848,0.292358840677557,1,1,0.434698408045695,NA,0.992722735512835,1,0.373695390501835,NA,0.766936355886362,1,0.366314524331426,0.658269018840351,NA,1,1,"S4","signal",500,10,0.189328322892501,17.134727751286,0,0,0,"none",0,26,1
0.515021759472602,0.315730576116047,1,1,0.0494491079073103,NA,0.20228874559149,0,0.00307218086020747,NA,0.0358532066367568,0,-0.000373163685849752,0.0120284847534797,0.00428164508215869,0.0842010050251256,0,"S4","signal",500,10,0.189328322892501,10.9478644976596,0,0,0,"none",0,27,1
0.499700901082784,0.290852605725849,1,1,0.570107891780619,NA,0.999752260122175,1,0.642536054907177,NA,0.995523038958938,1,0.579777463649373,0.384390157254451,NA,1,1,"S4","signal",500,10,0.189328322892501,16.32871853974,0,0,0,"none",0,28,1
0.484534352890449,0.28429158617199,1,1,0.384125977838428,NA,0.917496531663769,0,0.039556000269098,NA,0.107049379300107,0,0.153022479269406,0.148198885597848,0.0166204465190537,0.50541959798995,1,"S4","signal",500,10,0.189328322892501,9.20077545745904,0,0,0,"none",0,29,1
0.410147752602832,0.312862426979395,1,1,0.217439340710328,NA,0.769127411345262,0,0.0187993025290374,NA,0.0723913350465313,0,0.164605124845382,0.279303585444186,0.0176032039799176,0.744060301507538,1,"S4","signal",500,10,0.189328322892501,14.2508013279523,0,0,0,"none",0,30,1
0.449525573132254,0.308334757578939,1,1,0.199362118901827,NA,0.6677356407806,0,0.0184013357412144,NA,0.0734823246224419,0,0.146999454757183,0.359128996476379,0.0192052341666826,0.752761306532663,1,"S4","signal",500,10,0.189328322892501,9.63240245242985,0,0,0,"none",0,31,1
0.456807831180042,0.310653775636593,1,1,0.0839422073372558,NA,0.385612755506697,0,-0.000739446426776446,NA,0.0344448566328655,0,-0.00230659516645732,-0.00137330263934148,0.00251542211266578,0.0502939698492462,0,"S4","signal",500,10,0.189328322892501,13.1247143447982,0,0,0,"none",0,32,1
0.566097725561796,0.327099703968942,1,1,0.248783797713158,NA,0.781134670299367,0,0.00793614545754908,NA,0.0429915806547422,0,0.218350662587243,0.430146363919223,0.00607223804934915,0.964650753768844,1,"S4","signal",500,10,0.189328322892501,9.66116060531243,0,0,0,"none",0,33,1
0.51934121653616,0.290937094808143,1,1,0.367736645379666,NA,0.955278793738504,1,0.193845535833461,NA,0.384642004325936,0,0.366739002184867,0.286303646623382,0.0137196781995089,0.849291457286432,1,"S4","signal",500,10,0.189328322892501,12.1799889109399,0,0,0,"none",0,34,1
0.45337327146239,0.30706940662481,1,1,0.0853610439047773,NA,0.379043140801851,0,0.00384184603207958,NA,0.0372907736714754,0,0.0355012791933248,0.0364995431924702,0.00734550715690913,0.171002512562814,0,"S4","signal",500,10,0.189328322892501,15.3855206641635,0,0,0,"none",0,35,1
0.570399616347377,0.252601405277019,1,1,0.355142897089887,NA,0.948963114995866,0,0.0141114369452128,NA,0.0588272155902913,0,0.203484679623119,0.234917321732608,0.017181719079963,0.740726130653266,1,"S4","signal",500,10,0.189328322892501,11.9206596911245,0,0,0,"none",0,36,1
0.5545391944152,0.298244976647889,1,1,0.155940667744926,NA,0.683003299073501,0,0.00893018731532237,NA,0.0532254299544213,0,0.153884104618995,0.205787008007377,0.0154798152756685,0.586110552763819,1,"S4","signal",500,10,0.189328322892501,16.3634793803841,0,0,0,"none",0,37,1
0.570880334248144,0.29679166278005,1,1,0.174779701820491,NA,0.49400905751354,0,0.00228755835571165,NA,0.0331673374973491,0,0.0147188467817962,-0.00146752045004337,0.00352491155907453,0.0814321608040201,0,"S4","signal",500,10,0.189328322892501,5.92545435501573,0,0,0,"none",0,38,1
0.506453323237007,0.265474389540899,1,1,0.477307276440288,NA,0.99471065503659,1,0.107751648496171,NA,0.254909139504733,0,0.435290238666344,0.497198119087041,NA,1,1,"S4","signal",500,10,0.189328322892501,12.0761702912277,0,0,0,"none",0,39,1
0.527172104884387,0.266907729734295,1,1,0.431252214235835,NA,0.962670973074342,1,0.0614230084870476,NA,0.160737714570651,0,0.257882436383776,0.198187787762586,0.0172830673321815,0.599311557788945,1,"S4","signal",500,10,0.189328322892501,9.92492189272101,0,0,0,"none",0,40,1
0.508957181848653,0.341743013329215,1,1,0.434147951716,NA,0.97995059614122,1,0.305018104503781,NA,0.562930588404833,1,0.286657696009759,0.0629609791720909,0.020001878855447,0.600301507537688,1,"S4","signal",500,10,0.189328322892501,13.2297170094075,0,0,0,"none",0,41,1
0.465587378103311,0.283575333024669,1,1,0.411558190892321,NA,0.965553714028107,1,0.119152215689149,NA,0.265674853783227,0,0.422769301531904,0.435724797026272,0.00302099368385403,0.992331658291457,1,"S4","signal",500,10,0.189328322892501,10.1582107269557,0,0,0,"none",0,42,1
0.500413006522071,0.267403908352489,1,1,0.333568677171349,NA,0.835531442176497,0,-0.000467546986923452,NA,0.040098665305907,0,0.0614025198864751,0.0696602020367284,0.00981198557907654,0.266472361809045,0,"S4","signal",500,10,0.189328322892501,7.41818476356227,0,0,0,"none",0,43,1
0.520604451666632,0.295998750439042,1,1,0.464519528913642,NA,0.973073680779617,1,0.347968976995473,NA,0.591744489364608,1,0.294490392749145,0.175433822547607,0.0177449998255226,0.605846733668342,1,"S4","signal",500,10,0.189328322892501,6.89321056394174,0,0,0,"none",0,44,1
0.520588297819074,0.259469697948068,1,1,0.426576937021575,NA,0.97452955568293,1,0.0862994373760852,NA,0.203056879602455,0,0.455206587045302,0.115261155193633,0.0173668035340388,0.801645728643216,1,"S4","signal",500,10,0.189328322892501,10.6051772955106,0,0,0,"none",0,45,1
0.526821268762249,0.315281712918492,1,1,0.39010396883928,NA,0.957023082207377,1,0.0536227099665899,NA,0.147461859375157,0,0.336892695722675,0.454293922577914,0.00779688022700766,0.964763819095477,1,"S4","signal",500,10,0.189328322892501,13.3118746441687,0,0,0,"none",0,46,1
0.517126758559013,0.303727494704168,1,1,0.323740861615288,NA,0.905039144027654,0,0.0210963219789666,NA,0.0763577554094927,0,0.283953591410057,0.515066478012634,0.0103572641481009,0.920726130653266,1,"S4","signal",500,10,0.189328322892501,10.6325546285686,0,0,0,"none",0,47,1
0.512244853039166,0.326990107146101,1,1,0.4209539905773,NA,0.957616221894856,1,0.0509922320736286,NA,0.126563265654646,0,0.277269027855831,0.142310213101016,0.0144091400392735,0.600010050251256,1,"S4","signal",500,10,0.189328322892501,10.6731511371104,0,0,0,"none",0,48,1
0.543230954989296,0.273412974132429,1,1,0.301984156780302,NA,0.939725247738644,0,0.0357682579093446,NA,0.125042967205426,0,0.361959125419565,0.38848873959663,0.0104612842664098,0.915610552763819,1,"S4","signal",500,10,0.189328322892501,17.505832587848,0,0,0,"none",0,49,1
0.529934066977521,0.300523117256197,1,1,0.305190289417599,NA,0.879389002395715,0,0.024468639585011,NA,0.0800250576915657,0,0.300422160448297,0.245310710910173,0.0173202238969544,0.784876884422111,1,"S4","signal",500,10,0.189328322892501,11.4522084065477,0,0,0,"none",0,50,1
0.494282997517403,0.316056902730484,1,1,0.206174061949425,NA,0.653306077534874,0,0.0240760476396728,NA,0.0782679489179492,0,0.0533263261068924,0.14262347940806,0.0134818946867777,0.424866834170854,0,"S4","signal",500,10,0.189328322892501,8.94791844789681,0,0,0,"none",0,51,1
0.476029534310509,0.254354188477897,1,1,0.501353721963101,NA,0.99703528114392,1,0.0863679668147476,NA,0.208525382562638,0,0.304359904908905,0.140478220862564,0.0175135898146117,0.696130653266332,1,"S4","signal",500,10,0.189328322892501,12.7676943175966,0,0,0,"none",0,52,1
0.560996263840566,0.337284746644926,1,1,0.551697540649488,NA,0.991337109872744,1,0.241868660720217,NA,0.459939139591669,0,0.285876605932995,-0.0926606385031014,0.0182826827813814,0.563731155778894,1,"S4","signal",500,10,0.189328322892501,9.90213503654264,0,0,0,"none",0,53,1
0.553030386880644,0.233109308974997,1,1,0.467744015381706,NA,0.985318897678144,1,0.122597328525851,NA,0.276574295379232,0,0.267751565448985,0.175263080294199,0.0194913827109167,0.631525125628141,1,"S4","signal",500,10,0.189328322892501,9.5812921943732,0,0,0,"none",0,54,1
0.466256621364807,0.30220743187047,1,1,0.442839321707714,NA,0.982369561934432,1,0.0822532084502847,NA,0.1967480147354,0,0.362850148498753,0.670318421311418,0.00100505860944995,0.998613065326633,1,"S4","signal",500,10,0.189328322892501,10.5780906226929,0,0,0,"none",0,55,1
0.562539838455094,0.309932608749146,1,1,0.278364734913638,NA,0.847528017654124,0,0.0165243779258691,NA,0.0632311702824569,0,0.0209894435332118,0.0263361927381821,0.0056930379182803,0.138298994974874,0,"S4","signal",500,10,0.189328322892501,8.8544962401284,0,0,0,"none",0,56,1
0.635742095897785,0.275194507300383,1,1,0.638549580793914,NA,0.999918005226419,1,0.594197210774575,NA,0.977101391128956,1,0.63645475674052,0.196638608716984,0.00357531340451594,0.993630653266332,1,"S4","signal",500,10,0.189328322892501,18.108396605574,0,0,0,"none",0,57,1
0.499544224925737,0.2940611631669,1,1,0.0802798435105049,NA,0.248082644906044,0,0.00256669718322263,NA,0.0348358674091791,0,-0.0126030618870004,0.0224772311123452,0.0063954456144085,0.130816582914573,0,"S4","signal",500,10,0.189328322892501,6.43950665925799,0,0,0,"none",0,58,1
0.533685872981895,0.309630795638763,1,1,0.267728285987526,NA,0.783580411623605,0,0.0149212774124525,NA,0.0585298611627966,0,0.364952539873209,0.551072915652146,0.000879228942700183,0.998879396984925,1,"S4","signal",500,10,0.189328322892501,10.0241459838863,0,0,0,"none",0,59,1
0.510898101619871,0.347543481983297,1,1,0.184202302225848,NA,0.691706071971335,0,0.00408003866238397,NA,0.0388210578917842,0,0.15628563984636,0.430641503661204,0.0135727596963104,0.873678391959799,1,"S4","signal",500,10,0.189328322892501,13.4944182846366,0,0,0,"none",0,60,1
0.536627393089443,0.298978022657774,1,1,0.415675901081119,NA,0.989279117816786,1,0.267316956677136,NA,0.545271323216782,1,0.463246473165016,0.509843694141559,0.00364990033264644,0.995793969849246,1,"S4","signal",500,10,0.189328322892501,15.4989585011052,0,0,0,"none",0,61,1
0.490914250169851,0.283234590136411,1,1,0.224310327252697,NA,0.723652630586924,0,0.0086789527026597,NA,0.0443103620067361,0,0.0775059333670617,-0.01969004927544,0.00903695914891431,0.221552763819095,0,"S4","signal",500,10,0.189328322892501,11.1164660670814,0,0,0,"none",0,62,1
0.473992414314074,0.333802903106175,1,1,0.0936227915301615,NA,0.3940615133536,0,0.000381144312096722,NA,0.0350468122830992,0,0.00896359952652507,-0.000654046518108741,0.00367920115589323,0.0677613065326633,0,"S4","signal",500,10,0.189328322892501,13.0102812189289,0,0,0,"none",0,63,1
0.411807848771064,0.308438280512838,1,1,0.333877616754142,NA,0.97186657334817,1,0.1077448136359,NA,0.317810525800477,0,0.0687396852988055,0.0460420118198036,0.0125460525074,0.295497487437186,0,"S4","signal",500,10,0.189328322892501,18.1595513198323,0,0,0,"none",0,64,1
0.49001360077158,0.294479922053557,1,1,0.331735992025088,NA,0.934151064870697,0,0.0693576979384403,NA,0.181904908572316,0,0.148161656385966,0.1080234322151,0.0129000265249376,0.43341959798995,0,"S4","signal",500,10,0.189328322892501,15.0280346644902,0,0,0,"none",0,65,1
0.53670028503501,0.287056340201766,1,1,0.505363049864216,NA,0.991621043775843,1,0.0808958648062018,NA,0.190277937996417,0,0.326182961120398,0.220749393842828,0.0198164422591935,0.719939698492462,1,"S4","signal",500,10,0.189328322892501,10.2935788763573,0,0,0,"none",0,66,1
0.56235419105344,0.298114665658214,1,1,0.483279165486226,NA,0.985867649488318,1,0.0833030999491115,NA,0.19948841438628,0,0.229087653645854,0.148518752809754,0.0193185676637363,0.566386934673367,1,"S4","signal",500,10,0.189328322892501,11.0879535365564,0,0,0,"none",0,67,1
0.53262219937467,0.28660276646138,1,1,0.452993011353619,NA,0.985736453289151,1,0.0469892705055011,NA,0.12389256078596,0,0.446366593253197,0.170091498739311,0.0140959544937445,0.893015075376884,1,"S4","signal",500,10,0.189328322892501,12.792033315231,0,0,0,"none",0,68,1
0.543412414212544,0.270435814486,1,1,0.374443238158521,NA,0.966521898291387,1,0.0520034437763931,NA,0.144143081347738,0,0.412642317016004,0.555794105466488,0.000208547953531977,0.999791457286432,1,"S4","signal",500,10,0.189328322892501,11.1166709227076,0,0,0,"none",0,69,1
0.496749177187788,0.272680525734494,1,1,0.0981297923605292,NA,0.32661131345496,0,-0.00347581261974305,NA,0.035561453607859,0,-0.0293188771073392,0.0442864837047898,0.00681961422413984,0.177233668341709,0,"S4","signal",500,10,0.189328322892501,6.26576153510689,0,0,0,"none",0,70,1
0.449575372751086,0.303995133131983,1,1,0.294291352133739,NA,0.887921258605881,0,0.010646793688237,NA,0.0506055662254777,0,0.42628204385452,0.559269105906948,NA,1,1,"S4","signal",500,10,0.189328322892501,13.1291607137861,0,0,0,"none",0,71,1
0.512934752981488,0.265824825953305,1,1,0.350219433868987,NA,0.958152099903862,1,0.0245426396914595,NA,0.0862239850032292,0,0.415837773135243,-0.018757802906672,0.0133192973571388,0.814505025125628,1,"S4","signal",500,10,0.189328322892501,13.4010474724453,0,0,0,"none",0,72,1
0.547608917359275,0.288030448953522,1,1,0.383544069948094,NA,0.959908882264578,1,0.0228522668455324,NA,0.0779757460388513,0,0.140632431899935,0.0090830094322883,0.0113004483456001,0.350992462311558,0,"S4","signal",500,10,0.189328322892501,13.9835598725158,0,0,0,"none",0,73,1
0.513392079562007,0.254453105170217,1,1,0.278333480546131,NA,0.84314865349056,0,0.0303484256158292,NA,0.0969941882779283,0,0.115762028993527,0.261679681165362,0.0251240205082436,0.656361809045226,1,"S4","signal",500,10,0.189328322892501,9.71608838477061,0,0,0,"none",0,74,1
0.486383939460946,0.308932356264586,1,1,0.242655141224595,NA,0.716521073591447,0,0.0264318941704537,NA,0.0835081033354153,0,0.0427222480116324,0.0904380465289304,0.00939094758456193,0.27993216080402,0,"S4","signal",500,10,0.189328322892501,6.93148069736882,0,0,0,"none",0,75,1
0.532629888979441,0.299005630596001,1,1,0.372559971233039,NA,0.986553573967467,1,0.062165772839235,NA,0.189142953181426,0,0.355071238604167,0.153097188982046,0.015140240833823,0.835002512562814,1,"S4","signal",500,10,0.189328322892501,18.2466284668019,0,0,0,"none",0,76,1
0.526711500203996,0.304114585418084,1,1,0.565309228878138,NA,0.993947076898466,1,0.0922668513653561,NA,0.18724376520567,0,0.571793860849695,0.423055955074013,0.000866997957784782,0.9988391959799,1,"S4","signal",500,10,0.189328322892501,12.2985072019919,0,0,0,"none",0,77,1
0.452755026936486,0.297874587780131,1,1,0.279507185687837,NA,0.915730072461477,0,0.0782517345706735,NA,0.224615626613181,0,0.210171947574831,0.207679493042475,0.0156133744727661,0.783974874371859,1,"S4","signal",500,10,0.189328322892501,15.9497389773731,0,0,0,"none",0,78,1
0.576294231315399,0.316226837952294,1,1,0.446166538971669,NA,0.989062463125971,1,0.255831668707866,NA,0.452312579825363,0,0.540082645807432,0.909715430497095,NA,1,1,"S4","signal",500,10,0.189328322892501,16.4335042697413,0,0,0,"none",0,79,1
0.683002766520988,0.255954679348344,1,1,0.148808150555972,NA,0.494334630458133,0,0.00855146300852862,NA,0.0452482929857944,0,-0.00602160035459854,0.0161561169985407,0.0038280880159246,0.0747939698492462,0,"S4","signal",500,10,0.189328322892501,7.53469750018091,0,0,0,"none",0,80,1
0.559061478444269,0.262739976526936,1,1,0.387643763623802,NA,0.972224918433683,1,0.010984459230402,NA,0.0532804239456231,0,0.164343010273919,0.0221990523580546,0.0130021204639013,0.375585427135678,0,"S4","signal",500,10,0.189328322892501,11.7137829301612,0,0,0,"none",0,81,1
0.538402217018091,0.286801202731544,1,1,0.579918139437292,NA,0.99869297976752,1,0.18945654978207,NA,0.385679238590994,0,0.417197537582479,0.109793072220186,0.0152172288424436,0.772396984924623,1,"S4","signal",500,10,0.189328322892501,12.2704645195151,0,0,0,"none",0,82,1
0.535505636892191,0.315921018068906,1,1,0.139515819584261,NA,0.462313150936848,0,0.00138158137995394,NA,0.0331920532423911,0,0.0129550029991366,0.0300311404721979,0.00744068612960059,0.155100502512563,0,"S4","signal",500,10,0.189328322892501,8.81713215304509,0,0,0,"none",0,83,1
0.546421083566213,0.306653870932112,1,1,0.543671063367211,NA,0.999461502355473,1,0.228193439473541,NA,0.517769174877503,1,0.423956641623501,0.0900200495731464,0.0137722407381538,0.884927135678392,1,"S4","signal",500,10,0.189328322892501,17.2504456492715,0,0,0,"none",0,84,1
0.522304504895193,0.28670643678171,1,1,0.47217318676253,NA,0.995113121468298,1,0.332449635124877,NA,0.689482873242122,1,0.236208661165654,0.0477948059076804,0.0176604496909055,0.547537688442211,1,"S4","signal",500,10,0.189328322892501,14.0733564107989,0,0,0,"none",0,85,1
0.492283608706494,0.346549171388143,1,1,0.397664377402355,NA,0.885378788136965,0,0.0437454201434434,NA,0.102985274985471,0,0.140952610335534,0.0920783430799636,0.0134779175065477,0.381309045226131,0,"S4","signal",500,10,0.189328322892501,7.3366580899237,0,0,0,"none",0,86,1
0.542138939434769,0.337666322046493,1,1,0.366200894151308,NA,0.980456349189927,1,0.0654240482282983,NA,0.192861860328909,0,0.388656248398543,0.412504981648732,0.00398033150420354,0.984462311557789,1,"S4","signal",500,10,0.189328322892501,16.668289257507,0,0,0,"none",0,87,1
0.500776883676653,0.342453547654087,1,1,0.510674025336912,NA,0.995647105500879,1,0.218747878046059,NA,0.448358552627579,0,0.512898657748013,0.697243860613174,NA,1,1,"S4","signal",500,10,0.189328322892501,15.9271034251859,0,0,0,"none",0,88,1
0.541311512762283,0.305644614913946,1,1,0.333236123038732,NA,0.901568340193039,0,0.0160629819157766,NA,0.0625531972533298,0,0.0207508042291226,0.0133840388214683,0.00383703522727538,0.0966683417085427,0,"S4","signal",500,10,0.189328322892501,9.10889647789232,0,0,0,"none",0,89,1
0.611879724254563,0.297371738530403,1,1,0.851187881849001,NA,0.999993126040952,1,0.792353618364613,NA,0.994896664953786,1,0.733192538582697,0.323195823102657,0.00093720947792083,0.999062814070352,1,"S4","signal",500,10,0.189328322892501,11.6600514769448,0,0,0,"none",0,90,1
0.509374539468722,0.336999764764626,1,1,0.373225755383553,NA,0.977992016767345,1,0.118541014332588,NA,0.300706914501563,0,0.457200931858327,0.525483703603161,0.00323422548431914,0.986206030150754,1,"S4","signal",500,10,0.189328322892501,16.358559336735,0,0,0,"none",0,91,1
0.512285484386575,0.327978860244229,1,1,0.183128606248725,NA,0.519636754749897,0,0.00151693787685148,NA,0.0330046250823017,0,0.0361115474298425,0.0660554417090637,0.0105114115234209,0.261781407035176,0,"S4","signal",500,10,0.189328322892501,6.47047495103943,0,0,0,"none",0,92,1
0.519753560106086,0.306843109976917,1,1,0.709815262259143,NA,0.999803941598617,1,0.750804941271935,NA,0.977180612448752,1,0.678305050872341,0.506519212248131,NA,1,1,"S4","signal",500,10,0.189328322892501,14.4610650061242,0,0,0,"none",0,93,1
0.49285612863846,0.292180987370168,1,1,0.273342718210535,NA,0.885281301595832,0,0.0392284953042005,NA,0.121065910506762,0,0.121683831371277,0.0107911147933415,0.0120448822588979,0.336407035175879,0,"S4","signal",500,10,0.189328322892501,15.7707456757405,0,0,0,"none",0,94,1
0.515932748810713,0.28540650554462,1,1,0.532209474239404,NA,0.993897377886689,1,0.304420176955959,NA,0.510843189104588,1,0.466358382799825,0.0911243125263124,0.0127273866326497,0.860881909547739,1,"S4","signal",500,10,0.189328322892501,11.3714578015629,0,0,0,"none",0,95,1
0.581701847965245,0.271050511521294,1,1,0.436054767145274,NA,0.953593506874669,1,0.0799746988881598,NA,0.184627543853849,0,0.0825076409469988,0.0607818493949562,0.0114659248882215,0.280992462311558,0,"S4","signal",500,10,0.189328322892501,9.37250519173168,0,0,0,"none",0,96,1
0.46809901263045,0.299024509542099,1,1,0.347889944438679,NA,0.973438704112984,1,0.0913426039806896,NA,0.271416215855245,0,0.335715192264907,0.29136066856908,0.0112566773760583,0.908743718592965,1,"S4","signal",500,10,0.189328322892501,16.5232305331561,0,0,0,"none",0,97,1
0.517856227746095,0.285852085552097,1,1,0.51801978303987,NA,0.999780885193054,1,0.346807769288899,NA,0.748009043358355,1,0.562610133653597,0.30274268398265,NA,1,1,"S4","signal",500,10,0.189328322892501,21.0443276422454,0,0,0,"none",0,98,1
0.536278592136923,0.313302446150581,1,1,0.188954316008785,NA,0.646531671472342,0,-0.000316925157023178,NA,0.0358459081041542,0,0.0175953604784067,0.0102840440330845,0.00407067301257617,0.0981683417085427,0,"S4","signal",500,10,0.189328322892501,10.1702361118889,0,0,0,"none",0,99,1
0.501186637452384,0.310244624532534,1,1,0.344499708836937,NA,0.910057479672132,0,0.0319518209884709,NA,0.0973241215784677,0,0.171176579883528,0.0241294784359775,0.013661460306165,0.353263819095477,0,"S4","signal",500,10,0.189328322892501,9.9652884735812,0,0,0,"none",0,100,1
0.478975738146464,0.303437902220263,1,1,0.253443381564929,NA,0.968921173329099,1,0.0175168700814342,NA,0.089918202162872,0,0.263846982871527,0.29481228277491,0.00569830069949848,0.97709296482412,1,"S4","signal",500,25,0.299354362960051,28.4886001222224,0,0,0,"none",0,1,1
0.487496399192353,0.294464111416753,1,1,0.275884305836802,NA,0.975019290110074,1,0.0288932242262622,NA,0.125592647762029,0,0.322949527509284,0.46319899059823,NA,1,1,"S4","signal",500,25,0.299354362960051,25.1662440892409,0,0,0,"none",0,2,1
0.446522831406086,0.285309642260857,1,1,0.291951409794421,NA,0.972478560183599,1,0.0293643385999029,NA,0.115507234430962,0,0.164565275674105,0.172825307594919,0.0174974802921991,0.705469849246231,1,"S4","signal",500,25,0.299354362960051,25.9282374225826,0,0,0,"none",0,3,1
0.551705483081231,0.295760668103785,1,1,0.363060364103952,NA,0.99628129441485,1,0.331195608377159,NA,0.84280154751067,1,0.338052005054286,0.25141558481507,0.00689714482344168,0.96635175879397,1,"S4","signal",500,25,0.299354362960051,30.8584720622424,0,0,0,"none",0,4,1
0.518981995128033,0.32419070055425,1,1,0.40015588903356,NA,0.999850719742291,1,0.232712120951765,NA,0.679298377775059,1,0.404801152531727,0.34745626689231,NA,1,1,"S4","signal",500,25,0.299354362960051,38.9509664862895,0,0,0,"none",0,5,1
0.470512726599104,0.287042692422141,1,1,0.277820930935034,NA,0.975855030328416,1,0.0409560899498768,NA,0.168536508214676,0,0.192224199232691,0.365638952532998,0.0110606715286546,0.950231155778894,1,"S4","signal",500,25,0.299354362960051,31.6099490006272,0,0,0,"none",0,6,1
0.581273511673172,0.311877075984448,1,1,0.376205255556405,NA,0.993578657369451,1,0.125087652613125,NA,0.368234415993232,0,0.391000573527216,0.38228686172237,0.00408337147406305,0.989040201005025,1,"S4","signal",500,25,0.299354362960051,24.868549771244,0,0,0,"none",0,7,1
0.515945954952372,0.285560612080358,1,1,0.407984399213531,NA,0.999469326842209,1,0.309412165677017,NA,0.800398873882977,1,0.458480743351066,0.168472058258764,0.00423044233377897,0.99112311557789,1,"S4","signal",500,25,0.299354362960051,26.4324895111571,0,0,0,"none",0,8,1
0.52126882570533,0.272556704047171,1,1,0.41492370570693,NA,0.999951035180952,1,0.337683730914398,NA,0.906142670478132,1,0.471575082237783,0.314925825116049,NA,1,1,"S4","signal",500,25,0.299354362960051,44.1923875922276,0,0,0,"none",0,9,1
0.478660063754731,0.311179943672287,1,1,0.473026810647787,NA,0.999935625524043,1,0.288133488178085,NA,0.701905931026626,1,0.425664422287935,0.289104947917139,NA,1,1,"S4","signal",500,25,0.299354362960051,30.9637450905683,0,0,0,"none",0,10,1
0.514378531614735,0.330356848203078,1,1,0.305726698213017,NA,0.989137862431473,1,0.0264834910203641,NA,0.123770770029025,0,0.367297976650851,0.386112936722899,0.00230986069808959,0.99391959798995,1,"S4","signal",500,25,0.299354362960051,29.3812072071216,0,0,0,"none",0,11,1
0.522066512535655,0.299904294774673,1,1,0.394828771211843,NA,0.998387568095268,1,0.10658985505464,NA,0.34408449951303,0,0.345030670914958,0.177305306736418,0.010081324829393,0.926718592964824,1,"S4","signal",500,25,0.299354362960051,28.0675042074728,0,0,0,"none",0,12,1
0.487376814642042,0.275495303186963,1,1,0.388407762883854,NA,0.999935147636048,1,0.321392875598205,NA,0.915250521931286,1,0.446926678924841,0.233903309930659,NA,1,1,"S4","signal",500,25,0.299354362960051,42.8800226284203,0,0,0,"none",0,13,1
0.506856569856332,0.283610830130288,1,1,0.238522653431198,NA,0.923863724604987,0,0.030799120820714,NA,0.123518439549815,0,0.331411869672799,0.43539176743151,NA,1,1,"S4","signal",500,25,0.299354362960051,27.0348643184591,0,0,0,"none",0,14,1
0.555366424634354,0.311022050167977,1,1,0.459036481891966,NA,0.999755812565576,1,0.401575111841191,NA,0.88893356239921,1,0.47516837144339,0.303134735200463,0.000701918767167767,0.999185929648241,1,"S4","signal",500,25,0.299354362960051,29.4140179109302,0,0,0,"none",0,15,1
0.465019042488299,0.297576249558608,1,1,0.316701553377007,NA,0.995066227398663,1,0.168473166090628,NA,0.534588286375236,1,0.224428533129479,0.283880676916485,0.00815697266036112,0.963374371859297,1,"S4","signal",500,25,0.299354362960051,35.5236183549394,0,0,0,"none",0,16,1
0.421183583878761,0.26428404091267,1,1,0.126278735085185,NA,0.646136447604493,0,0.0109115258530688,NA,0.0614284825089366,0,0.191578406106536,0.357469702987729,0.006918330813852,0.961396984924623,1,"S4","signal",500,25,0.299354362960051,22.8775680830171,0,0,0,"none",0,17,1
0.561276753167709,0.291754551094018,1,1,0.302004185025254,NA,0.987349883303588,1,0.058847426179678,NA,0.21455984773578,0,0.313926891468187,0.407758927333494,NA,1,1,"S4","signal",500,25,0.299354362960051,33.776478480522,0,0,0,"none",0,18,1
0.424005687447613,0.317431471826063,1,1,0.200734416597574,NA,0.914763798558347,0,0.0183498026122559,NA,0.0971340247289653,0,0.160295317632424,0.441858313571888,0.00154777758283976,0.998452261306533,1,"S4","signal",500,25,0.299354362960051,34.7316050151233,0,0,0,"none",0,19,1
0.467744018433822,0.319604841147559,1,1,0.363601526812771,NA,0.998366111473942,1,0.307890647595225,NA,0.810083522934962,1,0.350766533581102,0.366903628745144,0.00177642654394139,0.998223618090452,1,"S4","signal",500,25,0.299354362960051,36.2039354893318,0,0,0,"none",0,20,1
0.413399855790889,0.316135852514179,1,1,0.229250466019394,NA,0.954977126253569,1,0.0806109076921893,NA,0.310666582562405,0,0.157328610914435,0.29060508317926,0.00875577890541463,0.963758793969849,1,"S4","signal",500,25,0.299354362960051,34.5354127756395,0,0,0,"none",0,21,1
0.538828695528275,0.232863143635174,1,1,0.412285415801341,NA,0.999707161083114,1,0.277299288109791,NA,0.711106437087023,1,0.354598152898602,0.336358669138066,NA,1,1,"S4","signal",500,25,0.299354362960051,33.3700187626332,0,0,0,"none",0,22,1
0.52268612054382,0.295551520138412,1,1,0.474492019229805,NA,0.999974419831957,1,0.546589823218866,NA,0.999715780279239,1,0.517664086677879,0.256959815421494,NA,1,1,"S4","signal",500,25,0.299354362960051,33.6116859151836,0,0,0,"none",0,23,1
0.494070720780426,0.270133308699141,1,1,0.222531740241574,NA,0.88434774646512,0,0.0172108743004239,NA,0.0802168253362424,0,0.0420580464228213,0.0439112789526467,0.00842262858031455,0.226193467336683,0,"S4","signal",500,25,0.299354362960051,23.1349457372512,0,0,0,"none",0,24,1
0.460638129899295,0.301281188829665,1,1,0.285184029450894,NA,0.989851167369859,1,0.0856031310210865,NA,0.321786025739507,0,0.264044104714356,0.187449494563649,0.0116852232047688,0.90858040201005,1,"S4","signal",500,25,0.299354362960051,37.8610168617063,0,0,0,"none",0,25,1
0.525203860812405,0.279846604506367,1,1,0.427937026585736,NA,0.999912398299883,1,0.39921565941121,NA,0.964398762542236,1,0.454054758686281,0.30055868229905,NA,1,1,"S4","signal",500,25,0.299354362960051,43.0623451275545,0,0,0,"none",0,26,1
0.503290355516453,0.2889324939971,1,1,0.427877944205514,NA,0.999071806161672,1,0.334222348889862,NA,0.764396336639924,1,0.378782713144315,0.323341186109229,0.00289428985255535,0.994570351758794,1,"S4","signal",500,25,0.299354362960051,25.3247129544121,0,0,0,"none",0,27,1
0.527586248703373,0.287408144330601,1,1,0.288356878845603,NA,0.968108602180174,1,0.069996617308047,NA,0.225314653710918,0,0.33676395136263,0.350210611330826,0.0043610589227286,0.989718592964824,1,"S4","signal",500,25,0.299354362960051,26.8510189418683,0,0,0,"none",0,28,1
0.45688859106818,0.297355948735877,1,1,0.383848946134502,NA,0.999414437092044,1,0.0634668645225991,NA,0.221829135364294,0,0.350934658044857,0.451859437565723,NA,1,1,"S4","signal",500,25,0.299354362960051,38.4168988873921,0,0,0,"none",0,29,1
0.511097493529335,0.291294150960516,1,1,0.416336596487245,NA,0.99969186848649,1,0.392398635481207,NA,0.938996834475953,1,0.458164161467818,0.222915737799465,0.00170064637378015,0.997489949748744,1,"S4","signal",500,25,0.299354362960051,31.3696868809796,0,0,0,"none",0,30,1
0.510871883275874,0.246329619730035,1,1,0.283899374502138,NA,0.985489145631069,1,0.0713964999692581,NA,0.258460178180143,0,0.26938547892001,0.36387120665051,0.00283426714580453,0.996082914572864,1,"S4","signal",500,25,0.299354362960051,35.6107436881527,0,0,0,"none",0,31,1
0.483075890360764,0.265805081105308,1,1,0.337855424799474,NA,0.996553640719944,1,0.324080119644446,NA,0.883863981291867,1,0.358579368115963,0.293605539762102,0.00426593542915789,0.98963567839196,1,"S4","signal",500,25,0.299354362960051,32.082345712755,0,0,0,"none",0,32,1
0.517500053305269,0.34734196546175,1,1,0.316170618996769,NA,0.981010089734751,1,0.100739087944183,NA,0.317757027219835,0,0.331123400636493,0.387422237839115,0.00148134023939508,0.995947236180905,1,"S4","signal",500,25,0.299354362960051,24.3259603582367,0,0,0,"none",0,33,1
0.474136360143639,0.308019230167691,1,1,0.309228820569346,NA,0.994061488340538,1,0.266219518097509,NA,0.764996693038084,1,0.235924153773963,0.178367988382699,0.0171101668943308,0.827253768844221,1,"S4","signal",500,25,0.299354362960051,30.2082341860681,0,0,0,"none",0,34,1
0.483956115454277,0.266574418103887,1,1,0.348086522481958,NA,0.997194228835583,1,0.203357031129463,NA,0.595793164268332,1,0.241255592402549,0.293650586427213,0.00697728706348405,0.969605527638191,1,"S4","signal",500,25,0.299354362960051,29.8716909438848,0,0,0,"none",0,35,1
0.51513389607329,0.336355673151995,1,1,0.334783305245293,NA,0.995513348732048,1,0.0396582388041641,NA,0.162045789494669,0,0.33162973802306,0.163553367536528,0.0123437868646817,0.9335,1,"S4","signal",500,25,0.299354362960051,37.2122045020972,0,0,0,"none",0,36,1
0.57538637043215,0.32006071670835,1,1,0.409754491109497,NA,0.999163933519051,1,0.333106730912356,NA,0.847300215167179,1,0.367067921597376,0.198608523294853,0.0105850975085108,0.966281407035176,1,"S4","signal",500,25,0.299354362960051,38.7723554550496,0,0,0,"none",0,37,1
0.531721317968675,0.294677085769493,1,1,0.375359672775444,NA,0.999344696003206,1,0.222003187364836,NA,0.657669236833733,1,0.401865905116069,0.265022160477498,NA,1,1,"S4","signal",500,25,0.299354362960051,36.6226099618796,0,0,0,"none",0,38,1
0.461134018952513,0.285794251274204,1,1,0.287294500191244,NA,0.990623896510983,1,0.079263259283715,NA,0.297975135911963,0,0.220447508584859,0.325895510119628,0.00222177637220282,0.995005025125628,1,"S4","signal",500,25,0.299354362960051,34.3071379390502,0,0,0,"none",0,39,1
0.502609374903812,0.294833472742193,1,1,0.428131229887759,NA,0.99997856347595,1,0.337570114519525,NA,0.893219095189589,1,0.471580196615238,0.137879292664243,NA,1,1,"S4","signal",500,25,0.299354362960051,44.747973334657,0,0,0,"none",0,40,1
0.456755321997176,0.331646025190847,1,1,0.271371645677238,NA,0.971217684877023,1,0.0650865197202955,NA,0.219978591443532,0,0.145324993312446,0.20622315941376,0.0184951857406206,0.734869346733668,1,"S4","signal",500,25,0.299354362960051,30.0206592584723,0,0,0,"none",0,41,1
0.52700609327517,0.279144514347946,1,1,0.312853122483524,NA,0.990199807566891,1,0.0586283826610062,NA,0.21284640201125,0,0.384764636267866,0.225380587037179,0.0062846480365402,0.971459798994975,1,"S4","signal",500,25,0.299354362960051,27.4046506845093,0,0,0,"none",0,42,1
0.488386465369691,0.31444762292849,1,1,0.216577673206018,NA,0.94621543369958,0,0.0374002008671637,NA,0.161144563093138,0,0.217546071557375,0.380473827114367,0.000811578180612475,0.999188442211055,1,"S4","signal",500,25,0.299354362960051,37.6656317909869,0,0,0,"none",0,43,1
0.484379988073192,0.310368246216173,1,1,0.280216654459336,NA,0.984036250582003,1,0.0158561490054508,NA,0.0824773785202034,0,0.251952623915443,0.305783805556849,0.00682933848812508,0.977075376884422,1,"S4","signal",500,25,0.299354362960051,33.3380584712326,0,0,0,"none",0,44,1
0.476960241850339,0.304852903844341,1,1,0.302064688131009,NA,0.983362589512448,1,0.0888786826109814,NA,0.29222933132154,0,0.361954661728956,0.224199428876303,0.0118181249540649,0.971464824120603,1,"S4","signal",500,25,0.299354362960051,25.4900371981872,0,0,0,"none",0,45,1
0.532850445451597,0.302630323893648,1,1,0.416020207915616,NA,0.999377134829579,1,0.219163497581449,NA,0.589340198497778,1,0.437483308701129,0.324787885353772,0.000600944316796935,0.999236180904523,1,"S4","signal",500,25,0.299354362960051,27.4736443888447,0,0,0,"none",0,46,1
0.484687653003875,0.286917145575994,1,1,0.316535238837664,NA,0.995089010487876,1,0.0964505588918081,NA,0.338366142787706,0,0.318018773420339,0.227088142197394,0.00795932362127528,0.972665829145729,1,"S4","signal",500,25,0.299354362960051,37.4282470750322,0,0,0,"none",0,47,1
0.525346705857847,0.263632642854214,1,1,0.27579371372425,NA,0.965194777821856,1,0.0592901412064478,NA,0.210562479412959,0,0.149555941082154,0.378816363841213,0.00600466391191738,0.973268844221105,1,"S4","signal",500,25,0.299354362960051,25.8218526286984,0,0,0,"none",0,48,1
0.475219840470374,0.305404415157076,1,1,0.442929591220252,NA,0.999934609606431,1,0.408621385510101,NA,0.955686789530258,1,0.548231879620004,0.282546924838045,NA,1,1,"S4","signal",500,25,0.299354362960051,44.3916799787091,0,0,0,"none",0,49,1
0.507383278847585,0.293655462786909,1,1,0.204375483836521,NA,0.909426016179109,0,0.0712866916130817,NA,0.268225582030721,0,0.0679074561312931,0.442576276410779,0.000849267569805073,0.999150753768844,1,"S4","signal",500,25,0.299354362960051,23.984150460852,0,0,0,"none",0,50,1
0.602084084144179,0.300263898662478,1,1,0.312281719558891,NA,0.992645344355597,1,0.0481586551753145,NA,0.18388355877024,0,0.34264577342284,0.279507260546982,0.00193168486469037,0.995804020100503,1,"S4","signal",500,25,0.299354362960051,33.388482102592,0,0,0,"none",0,51,1
0.516922068092576,0.295629950935717,1,1,0.324223853714796,NA,0.990725726599347,1,0.1527753465612,NA,0.470971518084712,0,0.287600629746479,0.186924947199313,0.0136456900254561,0.871316582914573,1,"S4","signal",500,25,0.299354362960051,32.3951686553876,0,0,0,"none",0,52,1
0.496633567613064,0.273524240011376,1,1,0.438598934613783,NA,0.999755165642838,1,0.449086213856435,NA,0.980045531217938,1,0.42712232314602,0.169843917736793,0.00210927582942946,0.99643216080402,1,"S4","signal",500,25,0.299354362960051,28.0557447547876,0,0,0,"none",0,53,1
0.553357228819987,0.281230336261769,1,1,0.3635306547707,NA,0.99713965758697,1,0.0473988534209923,NA,0.168284372544752,0,0.258345142348166,0.323587229852915,0.00445270401361192,0.976605527638191,1,"S4","signal",500,25,0.299354362960051,29.4168099939287,0,0,0,"none",0,54,1
0.489973621091393,0.258482051429176,1,1,0.451206825829532,NA,0.999251727764784,1,0.241595214154683,NA,0.599305397424573,1,0.427230840574586,0.0449338935879603,0.0107280975608819,0.920952261306533,1,"S4","signal",500,25,0.299354362960051,26.1235460987231,0,0,0,"none",0,55,1
0.480738187460526,0.30857092637715,1,1,0.455411174247415,NA,0.99994034284534,1,0.356058517359464,NA,0.889678402802762,1,0.511940957055315,0.196175910600782,NA,1,1,"S4","signal",500,25,0.299354362960051,32.4595963263712,0,0,0,"none",0,56,1
0.522393581078499,0.321983266775322,1,1,0.352486785749715,NA,0.983783327546066,1,0.211156521423869,NA,0.540010705509587,1,0.116083662676321,0.0723517058615768,0.0129017635039912,0.404032663316583,0,"S4","signal",500,25,0.299354362960051,22.8568071602327,0,0,0,"none",0,57,1
0.527531196882565,0.304152000816918,1,1,0.369804028601867,NA,0.993053664057934,1,0.10944789022369,NA,0.317390095947119,0,0.417600542549376,0.349304197664542,0.00176330940907992,0.997286432160804,1,"S4","signal",500,25,0.299354362960051,22.7633101300846,0,0,0,"none",0,58,1
0.46161555282435,0.29447610551142,1,1,0.265889076069376,NA,0.948038612791325,0,0.0718391730335401,NA,0.238867442171071,0,0.103394523948187,0.0488418178687065,0.0153597746990439,0.363733668341709,0,"S4","signal",500,25,0.299354362960051,27.2367137898177,0,0,0,"none",0,59,1
0.517055042158634,0.274889552639384,1,1,0.357807703995515,NA,0.998646017007913,1,0.179962697463956,NA,0.537870381320867,1,0.395202198871015,0.298823007528051,NA,1,1,"S4","signal",500,25,0.299354362960051,39.2671252470751,0,0,0,"none",0,60,1
0.602107701877815,0.340361603450145,1,1,0.460911865912957,NA,0.999882118472235,1,0.38987321791284,NA,0.913900597313502,1,0.516940221733122,0.350156762927911,NA,1,1,"S4","signal",500,25,0.299354362960051,38.7560831569407,0,0,0,"none",0,61,1
0.512992754799946,0.289896238525205,1,1,0.220423481699046,NA,0.910293276341287,0,0.0284547017036691,NA,0.125339273528669,0,0.111435294249055,0.143194359772867,0.0207690971333893,0.576334170854271,1,"S4","signal",500,25,0.299354362960051,27.6233785924857,0,0,0,"none",0,62,1
0.480758308620828,0.343405021746981,1,1,0.2273689096839,NA,0.952182730330306,1,0.025127035677121,NA,0.123299256604586,0,0.220540230966091,0.265297399346272,0.00717197465776618,0.950349246231156,1,"S4","signal",500,25,0.299354362960051,41.573791364584,0,0,0,"none",0,63,1
0.512142065421087,0.305290766652578,1,1,0.341325734425468,NA,0.990881217297762,1,0.239017486252622,NA,0.632848689532942,1,0.269533602664451,0.28856308800063,0.0104204620673834,0.924894472361809,1,"S4","signal",500,25,0.299354362960051,26.9173460045022,0,0,0,"none",0,64,1
0.499251143890748,0.268227945394308,1,1,0.256917583308957,NA,0.966300148719001,1,0.0402062966013441,NA,0.160231635024759,0,0.13871230608435,0.0350008814105003,0.0118344818282304,0.470545226130653,0,"S4","signal",500,25,0.299354362960051,28.7945465126627,0,0,0,"none",0,65,1
0.404101412586259,0.276173886141651,1,1,0.24279336141914,NA,0.952499693279845,1,0.0593951884173335,NA,0.22734978734083,0,0.238114578262584,0.328270459121277,0.00623477988504793,0.974866834170854,1,"S4","signal",500,25,0.299354362960051,26.8039440362806,0,0,0,"none",0,66,1
0.516845861517466,0.358224232081578,1,1,0.25762590967915,NA,0.94455742036264,0,0.0517134089706161,NA,0.184244703844517,0,0.226821269395718,0.336815862559651,0.00946461512410169,0.963766331658292,1,"S4","signal",500,25,0.299354362960051,28.7077924512406,0,0,0,"none",0,67,1
0.37628478408993,0.279508801711787,1,1,0.0678373916879535,NA,0.425148576204792,0,0.00478988727833594,NA,0.0448177341885141,0,0.0947818826749635,0.440025674344986,NA,1,1,"S4","signal",500,25,0.299354362960051,27.7806354406449,0,0,0,"none",0,68,1
0.508988342974622,0.284857141200364,1,1,0.374680083974249,NA,0.990357054275431,1,0.0812983668611202,NA,0.25142527074368,0,0.281777042497758,0.477666061033636,0.00272574777585454,0.995811557788945,1,"S4","signal",500,25,0.299354362960051,18.0276006529621,0,0,0,"none",0,69,1
0.464756637347619,0.278294142213305,1,1,0.352962627519536,NA,0.996657654474684,1,0.31762690181317,NA,0.838295959592775,1,0.345119765307815,0.340826149744649,NA,1,1,"S4","signal",500,25,0.299354362960051,28.6400578726502,0,0,0,"none",0,70,1
0.557500365703095,0.33212484138834,1,1,0.340080449962681,NA,0.993876857403679,1,0.0754498797104227,NA,0.261227180200965,0,0.300020097455461,0.412404966625147,NA,1,1,"S4","signal",500,25,0.299354362960051,26.2285291871754,0,0,0,"none",0,71,1
0.478290042602253,0.301334673787298,1,1,0.346969199147758,NA,0.991801733354633,1,0.143469177899484,NA,0.42059256310759,0,0.387713562517269,0.341073415345372,0.0015449958493257,0.99714824120603,1,"S4","signal",500,25,0.299354362960051,20.6590658977132,0,0,0,"none",0,72,1
0.46181643555504,0.296122672064587,1,1,0.304143707492569,NA,0.992919393930818,1,0.0966073407795062,NA,0.334891235006731,0,0.37278054306777,0.239996731003241,0.000469861051933524,0.999530150753769,1,"S4","signal",500,25,0.299354362960051,39.5778545185004,0,0,0,"none",0,73,1
0.513307621353325,0.269709277948191,1,1,0.316992238207537,NA,0.992809278874802,1,0.0697411124683768,NA,0.255471791142876,0,0.215712933032449,0.126940492103952,0.015969008029483,0.773673366834171,1,"S4","signal",500,25,0.299354362960051,26.9110365237774,0,0,0,"none",0,74,1
0.497946871291283,0.331754300348204,1,1,0.389932840619771,NA,0.998186615224756,1,0.223547375977338,NA,0.623583666688663,1,0.426207031294253,0.360882229933249,NA,1,1,"S4","signal",500,25,0.299354362960051,25.4659444299862,0,0,0,"none",0,75,1
0.504027985079116,0.321202283153013,1,1,0.249086783997513,NA,0.944989114216397,0,0.0118973253982508,NA,0.0640488914541773,0,0.188750188064063,0.236433846122813,0.014198856581254,0.8566608040201,1,"S4","signal",500,25,0.299354362960051,23.0950024986931,0,0,0,"none",0,76,1
0.457298060673716,0.300188195620924,1,1,0.291850543801578,NA,0.960012525315101,1,0.109683147147537,NA,0.332331724414278,0,0.147108936554916,0.24876671754665,0.0127590775976858,0.810366834170854,1,"S4","signal",500,25,0.299354362960051,23.8994254256702,0,0,0,"none",0,77,1
0.462885886052756,0.320751825518291,1,1,0.34847021896915,NA,0.998307770101286,1,0.220498264856658,NA,0.668337096971315,1,0.334931947328995,0.457472116318126,NA,1,1,"S4","signal",500,25,0.299354362960051,37.3986280512347,0,0,0,"none",0,78,1
0.525657900743781,0.288540956886476,1,1,0.412121456438828,NA,0.999435025187555,1,0.110092263609543,NA,0.335050541604393,0,0.386708956992333,0.39030038257762,0.00237953362248393,0.996575376884422,1,"S4","signal",500,25,0.299354362960051,32.7599747584243,0,0,0,"none",0,79,1
0.572107323759252,0.27010003055138,1,1,0.368045552161104,NA,0.99691571703639,1,0.172163022515794,NA,0.491834917972421,0,0.299126230591719,0.24488524506562,0.00862315256111805,0.945947236180904,1,"S4","signal",500,25,0.299354362960051,27.8795436802382,0,0,0,"none",0,80,1
0.480166925688673,0.318356582814259,1,1,0.256745695247504,NA,0.966144522062755,1,0.127421482748435,NA,0.430661203653671,0,0.282572981794249,0.339441322697767,0.0043012701502655,0.988180904522613,1,"S4","signal",500,25,0.299354362960051,32.0303261352223,0,0,0,"none",0,81,1
0.549205497169741,0.319324101724291,1,1,0.160855274873094,NA,0.823379713043562,0,0.0133116229510046,NA,0.0752276146575085,0,0.111378867609483,0.0891477177164526,0.0159123252210745,0.483711055276382,0,"S4","signal",500,25,0.299354362960051,31.9087743482721,0,0,0,"none",0,82,1
0.423278317995799,0.299211987094947,1,1,0.370955488781756,NA,0.99234243583501,1,0.237443206403832,NA,0.568654758109545,1,0.475408074956097,0.174413413598823,0.00338665030440018,0.986909547738693,1,"S4","signal",500,25,0.299354362960051,22.3819577408115,0,0,0,"none",0,83,1
0.501987847451877,0.31472057959,1,1,0.381235787018089,NA,0.996367302261076,1,0.0838501348318106,NA,0.265192354114951,0,0.421703712830074,0.313899573958711,0.00443019039913423,0.98505527638191,1,"S4","signal",500,25,0.299354362960051,30.9457022472573,0,0,0,"none",0,84,1
0.547485860661724,0.298078008368442,1,1,0.399213243786145,NA,0.998767018815,1,0.266766884590024,NA,0.703143535418042,1,0.373231677156112,0.361854132606462,0.00676398880569773,0.990384422110553,1,"S4","signal",500,25,0.299354362960051,30.9177336608464,0,0,0,"none",0,85,1
0.409088991528536,0.277377852866801,1,1,0.273721530368967,NA,0.962886253202543,1,0.0219623492714555,NA,0.101007714372401,0,0.0795540510091983,0.00567732879293793,0.0104551540000466,0.279743718592965,0,"S4","signal",500,25,0.299354362960051,26.6895234221668,0,0,0,"none",0,86,1
0.538725907759459,0.293918776630248,1,1,0.431410434139566,NA,0.999342394245157,1,0.375402472525667,NA,0.894121224116877,1,0.451118419750102,0.217242520532344,0.00386209150731484,0.985502512562814,1,"S4","signal",500,25,0.299354362960051,28.5263727099807,0,0,0,"none",0,87,1
0.531726204966924,0.276834258429036,1,1,0.482774298545408,NA,0.999977752710479,1,0.389391216084461,NA,0.919871172535739,1,0.551463129839964,0.28421032571734,NA,1,1,"S4","signal",500,25,0.299354362960051,35.8597991468694,0,0,0,"none",0,88,1
0.547727505222467,0.295864455079657,1,1,0.3214253727468,NA,0.979412193282272,1,0.0685388855136487,NA,0.219060378947035,0,0.205146057839987,0.122325438836473,0.0176197031370731,0.609773869346734,1,"S4","signal",500,25,0.299354362960051,21.7739711172429,0,0,0,"none",0,89,1
0.482463272897398,0.341471417083155,1,1,0.12818719404271,NA,0.602010845448772,0,0.00990019417284851,NA,0.0570859109241064,0,0.0125169092148435,0.491941498823381,0.00747139282623739,0.972236180904523,1,"S4","signal",500,25,0.299354362960051,20.7515844371199,0,0,0,"none",0,90,1
0.536024719050838,0.292641776435082,1,1,0.283161652085103,NA,0.968449739268836,1,0.097138737001441,NA,0.302164130596519,0,0.317824221033353,0.317733335656019,0.00806468300960208,0.971502512562814,1,"S4","signal",500,25,0.299354362960051,25.4098229786067,0,0,0,"none",0,91,1
0.560782957891279,0.299120013475992,1,1,0.208030249035804,NA,0.894221880030258,0,0.00805672500411139,NA,0.0531471738608573,0,0.0345670212326117,0.00642653117483826,0.0059009261207847,0.154791457286432,0,"S4","signal",500,25,0.299354362960051,25.2427319643643,0,0,0,"none",0,92,1
0.479069822633603,0.301569032772587,1,1,0.378490142525058,NA,0.998582870010027,1,0.101015431260335,NA,0.314882296977792,0,0.407104033892661,0.319196738029248,0.001264183165619,0.997814070351759,1,"S4","signal",500,25,0.299354362960051,32.3701982496855,0,0,0,"none",0,93,1
0.553430234620554,0.247264784860644,1,1,0.489576612043437,NA,0.999987843432287,1,0.417971396728112,NA,0.936927709846173,1,0.523701968918517,0.22551125764683,NA,1,1,"S4","signal",500,25,0.299354362960051,37.4589174387631,0,0,0,"none",0,94,1
0.421544381267129,0.287043267733806,1,1,0.226335727017922,NA,0.961616833201258,1,0.0587027509006753,NA,0.22826681130709,0,0.262478827429628,0.337201402490714,0.00123169240614654,0.998133165829146,1,"S4","signal",500,25,0.299354362960051,32.343249026645,0,0,0,"none",0,95,1
0.531128386172922,0.316125294432757,1,1,0.345712694664171,NA,0.996077132759565,1,0.0437289464287273,NA,0.165097723778722,0,0.397094639297431,0.210656595487608,0.0054794193160879,0.982778894472362,1,"S4","signal",500,25,0.299354362960051,35.3474692188462,0,0,0,"none",0,96,1
0.468926757875069,0.273262983254528,1,1,0.35896262627235,NA,0.99925161907092,1,0.0859901783756925,NA,0.305912755889065,0,0.400899543862132,0.339751534166954,NA,1,1,"S4","signal",500,25,0.299354362960051,39.1996702045152,0,0,0,"none",0,97,1
0.520743072370089,0.350653973029826,1,1,0.26461520193406,NA,0.969628751826961,1,0.0186665942350861,NA,0.0937772541836163,0,0.0769450118599731,0.0197903287166237,0.0104585398856459,0.288040201005025,0,"S4","signal",500,25,0.299354362960051,28.2704799940071,0,0,0,"none",0,98,1
0.545352030425443,0.279721291593469,1,1,0.280366231791987,NA,0.970664405559572,1,0.0974284920666011,NA,0.329270587879619,0,0.243919966085351,0.252455557828349,0.012225981638183,0.933811557788945,1,"S4","signal",500,25,0.299354362960051,31.301432483865,0,0,0,"none",0,99,1
0.482692032931347,0.242938627621748,1,1,0.450305300046418,NA,0.999541544686702,1,0.285828722818999,NA,0.711230736735701,1,0.480020506257759,0.127866425089492,0.0057465521545743,0.985891959798995,1,"S4","signal",500,25,0.299354362960051,27.0822752081571,0,0,0,"none",0,100,1
0.480039984239361,0.29173579827632,1,1,0.462349965569071,NA,0.999999998400954,1,0.412329240134809,NA,0.99958052454932,1,0.449930837289861,0.296924355269191,NA,1,1,"S4","signal",500,70,0.500915658514495,90.4140709049968,0,0,0,"none",0,1,1
0.436099688962489,0.280929915861326,1,1,0.337738661407585,NA,0.999978701669663,1,0.260218564883221,NA,0.881667772438389,1,0.35723569910928,0.444459260456916,NA,1,1,"S4","signal",500,70,0.500915658514495,86.2229911825294,0,0,0,"none",0,2,1
0.401292405583419,0.337002653496665,1,1,0.244367375677422,NA,0.996234101862574,1,0.188064632143032,NA,0.731856960124369,1,0.338000129428171,0.419236778618727,NA,1,1,"S4","signal",500,70,0.500915658514495,83.2664138451056,0,0,0,"none",0,3,1
0.413902244595853,0.300246975333116,1,1,0.262100006091441,NA,0.999449572334206,1,0.197916827825712,NA,0.80746425764594,1,0.260434412084281,0.323287207037064,NA,1,1,"S4","signal",500,70,0.500915658514495,83.5503188627334,0,0,0,"none",0,4,1
0.580702609538732,0.299238145500434,1,1,0.565228208559868,NA,0.99999999995412,1,0.512890705569432,NA,0.999970926157862,1,0.555043096214108,0.392624523740761,NA,1,1,"S4","signal",500,70,0.500915658514495,76.2690393708013,0,0,0,"none",0,5,1
0.419317947237694,0.284960838470415,1,1,0.29729124540184,NA,0.999974780954117,1,0.233843075487848,NA,0.918342412270758,1,0.311677934862496,0.299498694038383,NA,1,1,"S4","signal",500,70,0.500915658514495,102.74065097936,0,0,0,"none",0,6,1
0.470162205783237,0.30978818897393,1,1,0.424755779888122,NA,0.999999812774195,1,0.364343312807966,NA,0.990966083177906,1,0.408386975033912,0.377965250160931,NA,1,1,"S4","signal",500,70,0.500915658514495,88.3208519739326,0,0,0,"none",0,7,1
0.55443758291619,0.319971773135424,1,1,0.253199444435107,NA,0.993235176054824,1,0.0602216556177925,NA,0.270878005752326,0,0.184429101632345,0.382257264379439,NA,1,1,"S4","signal",500,70,0.500915658514495,60.4338147779584,0,0,0,"none",0,8,1
0.41225893688344,0.288234927227179,1,1,0.250111544359111,NA,0.999513382928466,1,0.162478639973925,NA,0.738310230547864,1,0.246157216240898,0.264616831837906,NA,1,1,"S4","signal",500,70,0.500915658514495,96.5404910920096,0,0,0,"none",0,9,1
0.461188654862209,0.302855857175299,1,1,0.348844760589888,NA,0.999804377691138,1,0.328527045216658,NA,0.912055462019979,1,0.315104104594597,0.393536711347148,NA,1,1,"S4","signal",500,70,0.500915658514495,70.9357166240681,0,0,0,"none",0,10,1
0.426283937064669,0.316371531055036,1,1,0.22274341905912,NA,0.990527994010329,1,0.0323197499808384,NA,0.17367062560355,0,0.198413591127126,0.353057742942742,NA,1,1,"S4","signal",500,70,0.500915658514495,66.1914668045226,0,0,0,"none",0,11,1
0.463186230468612,0.295771162170104,1,1,0.368765442640594,NA,0.99999839258163,1,0.352200808128781,NA,0.996404848762582,1,0.42368432680921,0.450971233465663,NA,1,1,"S4","signal",500,70,0.500915658514495,90.8800794244919,0,0,0,"none",0,12,1
0.48952666192119,0.325965494016855,1,1,0.330399980442442,NA,0.999952398774544,1,0.310935815846927,NA,0.980958904188705,1,0.378277042803396,0.306571882312936,NA,1,1,"S4","signal",500,70,0.500915658514495,89.2184037309309,0,0,0,"none",0,13,1
0.446256143033736,0.284290462412427,1,1,0.301215853742171,NA,0.999874793559447,1,0.182442264412579,NA,0.705900023350605,1,0.30822308450528,0.288979278009653,NA,1,1,"S4","signal",500,70,0.500915658514495,93.6545679040333,0,0,0,"none",0,14,1
0.464540522847946,0.307498916180836,1,1,0.247428052908504,NA,0.997924016471505,1,0.0869833650479748,NA,0.401510185940322,0,0.200154469638118,0.349599050924718,NA,1,1,"S4","signal",500,70,0.500915658514495,78.7091677632508,0,0,0,"none",0,15,1
0.49288663273175,0.28680838157995,1,1,0.417810084934388,NA,0.999999955244862,1,0.382405857539289,NA,0.999535019933165,1,0.46249744997646,0.225799641991863,NA,1,1,"S4","signal",500,70,0.500915658514495,83.9595271645817,0,0,0,"none",0,16,1
0.540364451311346,0.263278259585851,1,1,0.291066981260801,NA,0.999629648927353,1,0.143537676539169,NA,0.570921131304601,1,0.261285672292833,0.288450230999634,NA,1,1,"S4","signal",500,70,0.500915658514495,77.4100845363715,0,0,0,"none",0,17,1
0.463086288955208,0.287340146007292,1,1,0.365226286868146,NA,0.999994686902424,1,0.338097908557471,NA,0.990086490620689,1,0.398102255923612,0.306109304183512,NA,1,1,"S4","signal",500,70,0.500915658514495,71.9057239905607,0,0,0,"none",0,18,1
0.384088393102593,0.288474853780424,1,1,0.276717692930642,NA,0.999742422605053,1,0.176945229880182,NA,0.718361948440436,1,0.323890281524425,0.309494962856977,NA,1,1,"S4","signal",500,70,0.500915658514495,88.1562770542868,0,0,0,"none",0,19,1
0.426040711864815,0.323511130474891,1,1,0.289042996135188,NA,0.9999454559645,1,0.206791256585326,NA,0.823603954082073,1,0.312071341318182,0.303925489452957,NA,1,1,"S4","signal",500,70,0.500915658514495,93.4941399608227,0,0,0,"none",0,20,1
0.54883159447933,0.318467419202762,1,1,0.404336008747511,NA,0.999999885821243,1,0.354673743171848,NA,0.99652492850787,1,0.383454429640167,0.230262008151004,NA,1,1,"S4","signal",500,70,0.500915658514495,95.9437841935583,0,0,0,"none",0,21,1
0.503215815169447,0.274828233195676,1,1,0.473251349027753,NA,0.999999995195613,1,0.395309821302872,NA,0.995803317373099,1,0.433815726616751,0.298600569035623,NA,1,1,"S4","signal",500,70,0.500915658514495,88.229269884439,0,0,0,"none",0,22,1
0.453934127405015,0.297298698962434,1,1,0.228163031735413,NA,0.995054709329737,1,0.070007491723866,NA,0.328183641360579,0,0.309210150566332,0.278697149053842,NA,1,1,"S4","signal",500,70,0.500915658514495,81.0112745515587,0,0,0,"none",0,23,1
0.421460355172121,0.312837192282751,1,1,0.331708657997917,NA,0.999986293343924,1,0.299800162660132,NA,0.964173035984183,1,0.301510438453836,0.28313321348221,NA,1,1,"S4","signal",500,70,0.500915658514495,75.6228410829219,0,0,0,"none",0,24,1
0.45953978615308,0.316161145758741,1,1,0.3610088694917,NA,0.999994798220066,1,0.338470894241095,NA,0.991959277398742,1,0.401886726063273,0.327901636107441,NA,1,1,"S4","signal",500,70,0.500915658514495,97.72559415636,0,0,0,"none",0,25,1
0.412740279949078,0.279104165482592,1,1,0.321779035273356,NA,0.999940904263312,1,0.287640660709566,NA,0.938476956781581,1,0.313336983841832,0.382438476305323,NA,1,1,"S4","signal",500,70,0.500915658514495,75.2720042103462,0,0,0,"none",0,26,1
0.443495165855882,0.313786980689206,1,1,0.238794599235173,NA,0.992968792777269,1,0.104266495981426,NA,0.447034008884078,0,0.196499716147933,0.338970930520708,NA,1,1,"S4","signal",500,70,0.500915658514495,60.4077644740204,0,0,0,"none",0,27,1
0.422808700078527,0.275109346459733,1,1,0.398343203519063,NA,0.999999977912662,1,0.375520623117829,NA,0.999748933506282,1,0.376143015931287,0.308680810086039,NA,1,1,"S4","signal",500,70,0.500915658514495,92.9478972802787,0,0,0,"none",0,28,1
0.484899940741769,0.305265114624945,1,1,0.388164876036242,NA,0.999999402106532,1,0.375185932445537,NA,0.999670970065643,1,0.296317350568033,0.433736425968643,NA,1,1,"S4","signal",500,70,0.500915658514495,87.7555424991538,0,0,0,"none",0,29,1
0.434148840358263,0.301980822073513,1,1,0.403599050726133,NA,0.999999625386047,1,0.382857194157833,NA,0.994609802233182,1,0.331877382234587,0.45180684408836,NA,1,1,"S4","signal",500,70,0.500915658514495,83.1663672747239,0,0,0,"none",0,30,1
0.491250311648696,0.297966224928076,1,1,0.416322734294289,NA,0.999999957899964,1,0.394869142394622,NA,0.999971183944515,1,0.350774604656296,0.300901260765535,NA,1,1,"S4","signal",500,70,0.500915658514495,93.1729455255121,0,0,0,"none",0,31,1
0.505986991775642,0.312897676447336,1,1,0.265741817780176,NA,0.999292181148512,1,0.160028280270766,NA,0.661127599329427,1,0.210252754056101,0.331029411711024,NA,1,1,"S4","signal",500,70,0.500915658514495,84.0716796583384,0,0,0,"none",0,32,1
0.394195891678439,0.299036820877869,1,1,0.326320772901677,NA,0.999992145019805,1,0.27784808964591,NA,0.961753824972885,1,0.337181210086955,0.244687844666953,NA,1,1,"S4","signal",500,70,0.500915658514495,91.6823742658101,0,0,0,"none",0,33,1
0.440207984477493,0.322427177554822,1,1,0.111612959645955,NA,0.801373924301404,0,0.00565067965185638,NA,0.0569995370710942,0,0.113783851666093,0.258965164424925,0.00172620675202944,0.997587939698492,1,"S4","signal",500,70,0.500915658514495,69.138121124043,0,0,0,"none",0,34,1
0.492582171233289,0.295409296469768,1,1,0.375134012875344,NA,0.999999143008756,1,0.354769817143923,NA,0.99768129304867,1,0.406593940919051,0.270401195582729,NA,1,1,"S4","signal",500,70,0.500915658514495,86.1474704602925,0,0,0,"none",0,35,1
0.494913065545515,0.27117488387495,1,1,0.482824334824249,NA,0.999999999170477,1,0.429694153763376,NA,0.999554732014282,1,0.438670338914398,0.196754599112681,NA,1,1,"S4","signal",500,70,0.500915658514495,91.5609606388849,0,0,0,"none",0,36,1
0.48520095053903,0.291966276867259,1,1,0.310015832582368,NA,0.999739434806041,1,0.158737677217142,NA,0.602913202681824,1,0.211261088785632,0.288194786939015,NA,1,1,"S4","signal",500,70,0.500915658514495,87.8289903296532,0,0,0,"none",0,37,1
0.442101179993831,0.287704405978393,1,1,0.31882763869824,NA,0.999933166724666,1,0.24322000457626,NA,0.852543660145453,1,0.277648081490926,0.267015159601228,NA,1,1,"S4","signal",500,70,0.500915658514495,78.6956207050173,0,0,0,"none",0,38,1
0.487980259945992,0.268749667062534,1,1,0.305496112771912,NA,0.99981616381987,1,0.166239819916213,NA,0.641642431529943,1,0.290236553317151,0.305502044622693,NA,1,1,"S4","signal",500,70,0.500915658514495,71.9580890843093,0,0,0,"none",0,39,1
0.470365091556176,0.289143087764039,1,1,0.261432319728556,NA,0.996766926765768,1,0.0766393868951778,NA,0.334517584168121,0,0.283597285841551,0.361504239402615,NA,1,1,"S4","signal",500,70,0.500915658514495,66.5252302191269,0,0,0,"none",0,40,1
0.426124573412708,0.307712407890065,1,1,0.256226492842617,NA,0.99712859824535,1,0.109923461705481,NA,0.44732546686233,0,0.213465157960422,0.386367011689961,NA,1,1,"S4","signal",500,70,0.500915658514495,68.1729205927013,0,0,0,"none",0,41,1
0.422449109904167,0.320789528542598,1,1,0.231279614146961,NA,0.998366200666209,1,0.142930101146912,NA,0.637711757689392,1,0.255604919468285,0.314547483311842,NA,1,1,"S4","signal",500,70,0.500915658514495,86.5039338282116,0,0,0,"none",0,42,1
0.473444107295309,0.273982705748244,1,1,0.348927326551289,NA,0.999996032610042,1,0.313210027232616,NA,0.977954493349141,1,0.321735590354437,0.203133959654589,NA,1,1,"S4","signal",500,70,0.500915658514495,78.4398714881662,0,0,0,"none",0,43,1
0.463103971358986,0.294325983287037,1,1,0.334239333918944,NA,0.999990149097974,1,0.238496385032286,NA,0.857617550984974,1,0.238490691019602,0.356669718303366,NA,1,1,"S4","signal",500,70,0.500915658514495,86.1782363614891,0,0,0,"none",0,44,1
0.530620084740031,0.309323372188537,1,1,0.417600013452168,NA,0.999999120301804,1,0.376970629518225,NA,0.995154716007501,1,0.423741820882546,0.290950741969854,NA,1,1,"S4","signal",500,70,0.500915658514495,75.9674370542181,0,0,0,"none",0,45,1
0.460833541206516,0.306027726837931,1,1,0.368134568764603,NA,0.999998389025926,1,0.291608129882278,NA,0.937820243655371,1,0.377285988434274,0.315798669925165,NA,1,1,"S4","signal",500,70,0.500915658514495,78.8236233088643,0,0,0,"none",0,46,1
0.493387144578522,0.310735686006465,1,1,0.318625452178235,NA,0.999979860703227,1,0.290649417473758,NA,0.975922809306673,1,0.297131167359979,0.27586288967538,NA,1,1,"S4","signal",500,70,0.500915658514495,91.3002181802507,0,0,0,"none",0,47,1
0.492434775564037,0.306086774260787,1,1,0.330763297294928,NA,0.999931736634906,1,0.281649112490861,NA,0.919249907058991,1,0.321568802721155,0.288502245001715,NA,1,1,"S4","signal",500,70,0.500915658514495,85.1208510470155,0,0,0,"none",0,48,1
0.51542672550069,0.306859868009985,1,1,0.446683662878191,NA,0.999999979445023,1,0.414608060913622,NA,0.999879949074931,1,0.440198342146033,0.283772203572765,NA,1,1,"S4","signal",500,70,0.500915658514495,83.9416159783581,0,0,0,"none",0,49,1
0.477473988387523,0.31913640743363,1,1,0.363838570030077,NA,0.999968405156702,1,0.238493536181245,NA,0.787042199028695,1,0.308394389085323,0.342062334314125,NA,1,1,"S4","signal",500,70,0.500915658514495,72.8976503141717,0,0,0,"none",0,50,1
0.45702857719801,0.278544429863069,1,1,0.333075143041065,NA,0.999976238356925,1,0.254644791380314,NA,0.872462507802803,1,0.403496957916147,0.284205585139421,NA,1,1,"S4","signal",500,70,0.500915658514495,90.0532838188851,0,0,0,"none",0,51,1
0.474020766704736,0.296375261741228,1,1,0.321134220704652,NA,0.999995415765454,1,0.276109245751747,NA,0.967126472933046,1,0.331737371584416,0.244033131266359,NA,1,1,"S4","signal",500,70,0.500915658514495,92.6423182125384,0,0,0,"none",0,52,1
0.432419622479096,0.25248230948265,1,1,0.238088534379314,NA,0.997041988983763,1,0.0588189698599672,NA,0.295850703825862,0,0.341353136357853,0.419440626033285,NA,1,1,"S4","signal",500,70,0.500915658514495,75.7709943330564,0,0,0,"none",0,53,1
0.499930948067823,0.281095483701755,1,1,0.330311968647649,NA,0.999885575395274,1,0.277530327824513,NA,0.888763030110765,1,0.335691337120497,0.332445039286474,NA,1,1,"S4","signal",500,70,0.500915658514495,74.32662284944,0,0,0,"none",0,54,1
0.482357460916588,0.296261831510839,1,1,0.257196658875115,NA,0.996789667423014,1,0.0345881064229012,NA,0.181294761163407,0,0.2261082001423,0.303139438779466,NA,1,1,"S4","signal",500,70,0.500915658514495,80.1123908432216,0,0,0,"none",0,55,1
0.44223912108483,0.329856138394859,1,1,0.258957490931219,NA,0.998616180548038,1,0.0770018066144757,NA,0.364139273731335,0,0.247322738080017,0.287357551484382,NA,1,1,"S4","signal",500,70,0.500915658514495,87.7846232594887,0,0,0,"none",0,56,1
0.475326647333701,0.294490957417947,1,1,0.340768843872862,NA,0.999957128963934,1,0.309670058846918,NA,0.958280696672609,1,0.343845348016952,0.312541504567431,NA,1,1,"S4","signal",500,70,0.500915658514495,69.6890462928499,0,0,0,"none",0,57,1
0.430914195005912,0.322845518473399,1,1,0.343411824283815,NA,0.999993811319948,1,0.303647995104702,NA,0.976081196354378,1,0.372002989601096,0.4278177982846,NA,1,1,"S4","signal",500,70,0.500915658514495,87.21479032032,0,0,0,"none",0,58,1
0.412644171169415,0.251629331172161,1,1,0.230297518804496,NA,0.9985482249158,1,0.149702837728549,NA,0.66497371059777,1,0.251070858790264,0.275240639636642,NA,1,1,"S4","signal",500,70,0.500915658514495,84.1793601062767,0,0,0,"none",0,59,1
0.476155362389594,0.332650461599076,1,1,0.310812209930818,NA,0.999922831707995,1,0.231179866119739,NA,0.840816183760147,1,0.342702681184792,0.450083700456611,NA,1,1,"S4","signal",500,70,0.500915658514495,88.7724464490162,0,0,0,"none",0,60,1
0.532957716163096,0.299927812059566,1,1,0.338200017654273,NA,0.999964657366764,1,0.307594955403623,NA,0.954234678034145,1,0.363686714510751,0.256292019819823,NA,1,1,"S4","signal",500,70,0.500915658514495,80.261356012993,0,0,0,"none",0,61,1
0.429412784001126,0.327377847811285,1,1,0.173086239759012,NA,0.973498642796077,1,0.0209194151926935,NA,0.141753736089444,0,0.171191452753594,0.290005673445471,NA,1,1,"S4","signal",500,70,0.500915658514495,73.8532218030955,0,0,0,"none",0,62,1
0.385828445296449,0.27944401904232,1,1,0.226675454259756,NA,0.998068159606581,1,0.104662821540401,NA,0.487678271378797,0,0.173730617595914,0.280293595222731,NA,1,1,"S4","signal",500,70,0.500915658514495,86.0652095302193,0,0,0,"none",0,63,1
0.441871490778219,0.301578538562495,1,1,0.307850705022431,NA,0.999995146379586,1,0.278724402524566,NA,0.990647346294244,1,0.341047313083744,0.226569637821146,NA,1,1,"S4","signal",500,70,0.500915658514495,101.826101548741,0,0,0,"none",0,64,1
0.41252333339347,0.294376890462989,1,1,0.287576551025054,NA,0.999946299531698,1,0.308430611647496,NA,0.987165099168112,1,0.309333180362437,0.308937469180391,NA,1,1,"S4","signal",500,70,0.500915658514495,95.0324609551588,0,0,0,"none",0,65,1
0.427871834781645,0.257099030527501,1,1,0.247839623748643,NA,0.998845423069337,1,0.188122192134469,NA,0.802516478994198,1,0.188325270071938,0.117461074889081,0.00693639230880524,0.96308040201005,1,"S4","signal",500,70,0.500915658514495,80.9761617661136,0,0,0,"none",0,66,1
0.491729608987103,0.304195314223663,1,1,0.415864696121665,NA,0.999998624049262,1,0.355780634227517,NA,0.980465897448892,1,0.348017274188899,0.359233157506507,NA,1,1,"S4","signal",500,70,0.500915658514495,82.6802972607835,0,0,0,"none",0,67,1
0.483284227932437,0.300808403315439,1,1,0.36658224872594,NA,0.999992600163467,1,0.278379962466077,NA,0.911487291156875,1,0.406412192031389,0.388939809689127,NA,1,1,"S4","signal",500,70,0.500915658514495,87.3650897153943,0,0,0,"none",0,68,1
0.467936350018879,0.324988953472288,1,1,0.292567297598909,NA,0.999620808674665,1,0.061957940922842,NA,0.285678663255231,0,0.316591622563574,0.248123316095974,NA,1,1,"S4","signal",500,70,0.500915658514495,77.7047636286187,0,0,0,"none",0,69,1
0.431247135432876,0.29708380522607,1,1,0.320151578844323,NA,0.999850413671987,1,0.292014128569892,NA,0.936145536816915,1,0.318378528555075,0.21045043303201,NA,1,1,"S4","signal",500,70,0.500915658514495,81.667426090369,0,0,0,"none",0,70,1
0.41663419001534,0.311358929743785,1,1,0.282063111699943,NA,0.999874233130815,1,0.249807814270963,NA,0.948937706472711,1,0.287907695044883,0.265731023442932,NA,1,1,"S4","signal",500,70,0.500915658514495,91.1375541984582,0,0,0,"none",0,71,1
0.49736190339981,0.30695042295866,1,1,0.484831757293789,NA,0.999999999866823,1,0.446224676481251,NA,0.999996662224858,1,0.437834223419334,0.257837399554803,NA,1,1,"S4","signal",500,70,0.500915658514495,88.7360933656406,0,0,0,"none",0,72,1
0.414799855487995,0.301118412484549,1,1,0.290491272888326,NA,0.999825162497828,1,0.133764880567676,NA,0.546813287224686,1,0.327396760571572,0.332236626848828,NA,1,1,"S4","signal",500,70,0.500915658514495,96.2385121179761,0,0,0,"none",0,73,1
0.443166574289823,0.302591696434388,1,1,0.32563064141199,NA,0.99998982617182,1,0.288962209665865,NA,0.968027390018204,1,0.286492724105139,0.278964841736297,NA,1,1,"S4","signal",500,70,0.500915658514495,86.8704278860561,0,0,0,"none",0,74,1
0.452390614852737,0.305207509169487,1,1,0.313847324520688,NA,0.99997421806202,1,0.279351181492579,NA,0.969214104472029,1,0.366491989677676,0.335989482372527,NA,1,1,"S4","signal",500,70,0.500915658514495,96.6197827613438,0,0,0,"none",0,75,1
0.522591164588917,0.283315249745015,1,1,0.355404586883442,NA,0.999914969887054,1,0.273482587739941,NA,0.836845387831987,1,0.370989591206632,0.346174724305201,NA,1,1,"S4","signal",500,70,0.500915658514495,70.0454627472215,0,0,0,"none",0,76,1
0.54298707125167,0.313536348488905,1,1,0.44041161579386,NA,0.999999720076631,1,0.419235905677077,NA,0.999235109508637,1,0.377042563078861,0.376423099127182,NA,1,1,"S4","signal",500,70,0.500915658514495,73.0944087619705,0,0,0,"none",0,77,1
0.449455928526351,0.293150654100364,1,1,0.241161955842799,NA,0.999032552454153,1,0.093563578966265,NA,0.436744390905322,0,0.246631241547359,0.175379692283285,NA,1,1,"S4","signal",500,70,0.500915658514495,90.1663109087702,0,0,0,"none",0,78,1
0.39705505761165,0.297801178956298,1,1,0.218717982178035,NA,0.997375292878214,1,0.0392524086684555,NA,0.222938272505262,0,0.304121805100245,0.206233607139517,NA,1,1,"S4","signal",500,70,0.500915658514495,86.0059241580934,0,0,0,"none",0,79,1
0.436261222446375,0.308501061218655,1,1,0.31515039254882,NA,0.999944090346899,1,0.275009537921868,NA,0.919527903445084,1,0.242979029034401,0.325538992956201,NA,1,1,"S4","signal",500,70,0.500915658514495,91.062180074843,0,0,0,"none",0,80,1
0.456603035363494,0.292350171558754,1,1,0.322314677881021,NA,0.999937453790623,1,0.273915045441126,NA,0.906214683150724,1,0.306507144835498,0.217909795563625,NA,1,1,"S4","signal",500,70,0.500915658514495,78.9501999416606,0,0,0,"none",0,81,1
0.507653531942478,0.32365130496077,1,1,0.313711786894311,NA,0.999332153757191,1,0.162325751275573,NA,0.555536709428381,1,0.380194031808717,0.312989125350248,NA,1,1,"S4","signal",500,70,0.500915658514495,64.6403948023275,0,0,0,"none",0,82,1
0.44250984820773,0.284336743468502,1,1,0.334228649911084,NA,0.999993745178417,1,0.303373941394369,NA,0.986366909057341,1,0.293377657641007,0.217934634873001,NA,1,1,"S4","signal",500,70,0.500915658514495,83.7525877556753,0,0,0,"none",0,83,1
0.415658607696179,0.2983778017397,1,1,0.210406669452328,NA,0.989740722090317,1,0.0447578839327139,NA,0.227293675385453,0,0.245460461837097,0.260905897367664,NA,1,1,"S4","signal",500,70,0.500915658514495,67.5590584425991,0,0,0,"none",0,84,1
0.446301721852877,0.297848273837233,1,1,0.230922529381685,NA,0.99687478355675,1,0.185093006301186,NA,0.735064141977826,1,0.188272963901798,0.277960514418649,NA,1,1,"S4","signal",500,70,0.500915658514495,76.6917224903624,0,0,0,"none",0,85,1
0.423549557436036,0.299253704746748,1,1,0.36381952654059,NA,0.999998425174479,1,0.361072742369438,NA,0.998562178204436,1,0.360487284188121,0.348191229602688,NA,1,1,"S4","signal",500,70,0.500915658514495,98.3051878312759,0,0,0,"none",0,86,1
0.466388954655966,0.32515470135572,1,1,0.26267890062722,NA,0.999401334740039,1,0.123651337667498,NA,0.561864406894447,1,0.27235298902241,0.414444553704351,NA,1,1,"S4","signal",500,70,0.500915658514495,105.592805264024,0,0,0,"none",0,87,1
0.504868791501045,0.291575893974218,1,1,0.358271225782316,NA,0.999998069927495,1,0.325226192536729,NA,0.996780648934162,1,0.344390123372996,0.322293994136452,NA,1,1,"S4","signal",500,70,0.500915658514495,88.52361099966,0,0,0,"none",0,88,1
0.51161421660328,0.278274124898688,1,1,0.436175505634368,NA,0.999999889158997,1,0.39207769910411,NA,0.994563181160341,1,0.478614163735252,0.319410150187454,NA,1,1,"S4","signal",500,70,0.500915658514495,77.7599696686186,0,0,0,"none",0,89,1
0.426567933354645,0.292982633424594,1,1,0.175444605841971,NA,0.96876034481186,1,0.0498753511460008,NA,0.265455921780681,0,0.150892177348892,0.376665010953723,NA,1,1,"S4","signal",500,70,0.500915658514495,74.5245298360741,0,0,0,"none",0,90,1
0.434176002416141,0.258991127414421,1,1,0.306157859664419,NA,0.999940786886791,1,0.184250630433487,NA,0.746423303716058,1,0.298903599269772,0.336201583789188,NA,1,1,"S4","signal",500,70,0.500915658514495,78.0405906208063,0,0,0,"none",0,91,1
0.448417348816146,0.309133465753417,1,1,0.333947795859652,NA,0.999990653384862,1,0.297548309897032,NA,0.990358399540305,1,0.370274113194373,0.278586599120622,NA,1,1,"S4","signal",500,70,0.500915658514495,88.4407764649948,0,0,0,"none",0,92,1
0.451267052155332,0.296980841422947,1,1,0.198626343628561,NA,0.981574821898843,1,0.0590901855352056,NA,0.288465425362265,0,0.160652306363547,0.204338254794269,0.00739982784817075,0.96878391959799,1,"S4","signal",500,70,0.500915658514495,66.5522551443693,0,0,0,"none",0,93,1
0.530152284859328,0.267773158736112,1,1,0.354675511070198,NA,0.999985167021217,1,0.307175078440619,NA,0.948908395969823,1,0.333363368075757,0.323575095877164,NA,1,1,"S4","signal",500,70,0.500915658514495,73.1404195656562,0,0,0,"none",0,94,1
0.432259056508155,0.283143568865107,1,1,0.28781819772666,NA,0.999856631468569,1,0.243433696444751,NA,0.89471327958441,1,0.294115779921555,0.325447387156081,NA,1,1,"S4","signal",500,70,0.500915658514495,72.9767975875154,0,0,0,"none",0,95,1
0.482788112807235,0.29243854882766,1,1,0.340606930223604,NA,0.999958945250082,1,0.333402873087161,NA,0.97910138162746,1,0.335619803703427,0.344658025162119,NA,1,1,"S4","signal",500,70,0.500915658514495,70.030701823213,0,0,0,"none",0,96,1
0.424696898649609,0.323549563864317,1,1,0.330688756558394,NA,0.999952822550677,1,0.335094827789153,NA,0.974933892074537,1,0.308902881007613,0.279608004873075,NA,1,1,"S4","signal",500,70,0.500915658514495,82.6834694626879,0,0,0,"none",0,97,1
0.470746458482423,0.316716464615538,1,1,0.333053146485543,NA,0.999945464819658,1,0.265016014391877,NA,0.862164188659929,1,0.391539949154974,0.421516417504857,NA,1,1,"S4","signal",500,70,0.500915658514495,78.861616425632,0,0,0,"none",0,98,1
0.5359516327092,0.263807622301563,1,1,0.385061453245045,NA,0.999998960505463,1,0.324898884037616,NA,0.982719992992925,1,0.425193047732527,0.185117946924434,NA,1,1,"S4","signal",500,70,0.500915658514495,78.8590631621266,0,0,0,"none",0,99,1
0.436693299945557,0.306919472926093,1,1,0.270018676366127,NA,0.999669188331179,1,0.199748284862283,NA,0.784938855335145,1,0.273134818483412,0.336606971212938,NA,1,1,"S4","signal",500,70,0.500915658514495,95.2865606853008,0,0,0,"none",0,100,1
0.61738983047871,0.00610456364878102,1,1,0.547417833142914,NA,0.898485299293731,0,0.0491895851896289,NA,0.101044090709729,0,0.244819598329954,0.0315382486593529,0.0133930732956829,0.337118090452261,0,"S4","main",500,1,0.0598708725920102,1.52279748034194,0,0,0,"none",0,1,1
0.599845210689714,-0.0446122935183356,1,1,0.135393071174216,NA,0.300820547827591,0,0.0151562096064101,NA,0.0460926661670038,0,0.0233971516823632,-0.0202864266763223,0.00577069120050098,0.128804020100503,0,"S4","main",500,1,0.0598708725920102,2.17658169019874,0,0,0,"none",0,2,1
0.573986891556343,-0.00811876338474191,1,1,0.488094029725221,NA,0.791728140293305,0,0.177975280131506,NA,0.22896965768264,0,0.0662260283987354,-0.0196117780013418,0.00704248867848575,0.172846733668342,0,"S4","main",500,1,0.0598708725920102,2.51784429421828,0,0,0,"none",0,3,1
0.52759116966113,0.014228930332175,1,1,0.945924481559025,NA,0.937395088857438,0,0.123249636740598,NA,0.131998010055728,0,0.0575834762361407,0.0431657367736968,0.00934807826686783,0.215753768844221,0,"S4","main",500,1,0.0598708725920102,0.312266111057488,0,0,0,"none",0,4,1
0.541364305220594,-0.0133141802314769,1,1,0.188969520461067,NA,0.413796181941364,0,6.4827091322394e-05,NA,0.0324170320744672,0,0.0453083407722516,0.0661903640804586,0.00796884734463351,0.182939698492462,0,"S4","main",500,1,0.0598708725920102,1.84916316083466,0,0,0,"none",0,5,1
0.585740805109759,-0.0110591346343718,1,1,0.802727787376351,NA,0.973080049286584,1,0.342621274990814,NA,0.344437763076428,0,0.623052811441205,-0.0514875232388744,0.0136743794880692,0.750756281407035,1,"S4","main",500,1,0.0598708725920102,3.57563181725596,0,0,0,"none",0,6,1
0.536926740797706,-0.0232946846635156,1,1,0.707930913262961,NA,0.956827527271111,1,0.0835481027790066,NA,0.132838251894766,0,0.428929420288443,-0.417461276345913,0.0129628461432621,0.847374371859296,1,"S4","main",500,1,0.0598708725920102,1.47664378554861,0,0,0,"none",0,7,1
0.572314094196269,-0.0222332709665403,1,1,0.597689658877973,NA,0.976693524279486,1,0.179658140857704,NA,0.302840038923921,0,0.683056953341612,-0.220229819452389,0.0159054659341778,0.848027638190955,1,"S4","main",500,1,0.0598708725920102,3.49182941920027,0,0,0,"none",0,8,1
0.553651784652122,0.00906641457975215,1,1,0.29448897501384,NA,0.652427768289598,0,0.0459062054851594,NA,0.100016891381628,0,0.132507644845445,-0.0738370926979235,0.016022731341278,0.305479899497487,0,"S4","main",500,1,0.0598708725920102,3.78165747734839,0,0,0,"none",0,9,1
0.516601727657238,-0.0190890173702233,1,1,0.346653845967265,NA,0.616219477521466,0,0.00707842584000083,NA,0.0387842692952787,0,0.0142369532262724,0.00758696111139284,0.00657489043086529,0.155005025125628,0,"S4","main",500,1,0.0598708725920102,1.09689701355646,0,0,0,"none",0,10,1
0.565674119945536,-0.0186248481855201,1,1,0.30515499999273,NA,0.51129962675992,0,0.0467482498625499,NA,0.0758194564247731,0,0.139222441438177,0.133035829331873,0.0116959767164174,0.362600502512563,0,"S4","main",500,1,0.0598708725920102,1.74550744735906,0,0,0,"none",0,11,1
0.529269507719488,0.0271627697455687,1,1,0.72327518889818,NA,0.92817170146436,0,0.0247307641156543,NA,0.0538004836787536,0,0.17978723866465,-0.0447478792752722,0.0153333094892427,0.27922864321608,0,"S4","main",500,1,0.0598708725920102,0.634435230693692,0,0,0,"none",0,12,1
0.473517939061933,-0.0210443238940715,1,1,0.50839751473991,NA,0.692941165129254,0,0.207292949175752,NA,0.24296730920009,0,0.0920685126793658,-0.0196236619613227,0.00949854067379084,0.196967336683417,0,"S4","main",500,1,0.0598708725920102,1.41251149309932,0,0,0,"none",0,13,1
0.54140987749671,-0.0258539716894503,1,1,0.487928855119652,NA,0.780159394347992,0,0.0475302883100981,NA,0.0896031576332901,0,0.177101208293679,-0.027237925112172,0.0136350093315813,0.286309045226131,0,"S4","main",500,1,0.0598708725920102,3.05658999372921,0,0,0,"none",0,14,1
0.549850710530937,-0.0324941919538149,1,1,0.509340904643472,NA,0.734217053068804,0,0.0154635514374441,NA,0.0402653265999132,0,0.119951922140718,0.0167393317457289,0.00819475911610847,0.197819095477387,0,"S4","main",500,1,0.0598708725920102,1.3466010247527,0,0,0,"none",0,15,1
0.558446772564566,-0.0699178776348933,1,1,0.613494409563219,NA,0.960181782693626,1,0.231624683689021,NA,0.333621834638313,0,0.186662397501265,0.0500813823141553,0.0159511459977892,0.313743718592965,0,"S4","main",500,1,0.0598708725920102,2.68762831279871,0,0,0,"none",0,16,1
0.595150779167808,0.0206418028056671,1,1,-0.0745592093422122,NA,0.123235138364552,0,0.021926587237115,NA,0.0524306196881123,0,0.0516241196357121,0.0254741591658872,0.00776227722236706,0.172695979899497,0,"S4","main",500,1,0.0598708725920102,0.801745100963183,0,0,0,"none",0,17,1
0.582265069536114,0.0366026823756047,1,1,0.505782990276131,NA,0.829267371669301,0,0.0635642683606071,NA,0.0953943222658481,0,0.161068874480676,0.209277073697845,0.0197079012890232,0.512497487437186,1,"S4","main",500,1,0.0598708725920102,2.51105510027015,0,0,0,"none",0,18,1
0.546367438420663,0.000947238765547276,1,1,0.545194766878447,NA,0.747354390842277,0,0.0266591073066927,NA,0.0506125387072155,0,0.366416486732744,0.0278004264892272,0.0157872159196941,0.414608040201005,0,"S4","main",500,1,0.0598708725920102,1.700395304165,0,0,0,"none",0,19,1
0.541699715411956,-0.0180777481657897,1,1,0.466530550279711,NA,0.869457416289255,0,0.155513297736975,NA,0.22488836827635,0,0.142048670723138,-0.100629074075325,0.0165120181917579,0.344150753768844,0,"S4","main",500,1,0.0598708725920102,2.4916782673143,0,0,0,"none",0,20,1
0.558532519980558,0.0245752361018154,1,1,-0.253024424685705,NA,0.411526554213756,0,-0.0133117413148645,NA,0.0400311399530671,0,0.00244242410539737,-0.00652049984951844,0.00473193277925784,0.103565326633166,0,"S4","main",500,1,0.0598708725920102,1.70881605019108,0,0,0,"none",0,21,1
0.570555706727698,-0.0173650593725794,1,1,1.04076447871859,NA,0.926925692728528,0,0.238443486185409,NA,0.202497485814801,0,0.843994463064709,-0.481727715076486,0.0101143406950588,0.933713567839196,1,"S4","main",500,1,0.0598708725920102,0.486931839851563,0,0,0,"none",0,22,1
0.592507783262822,0.0421760617511567,1,1,0.59863388819257,NA,0.921700216939884,0,0.100606542371377,NA,0.152611230661261,0,0.151755469763047,0.0395111052993001,0.0110121679399432,0.269075376884422,0,"S4","main",500,1,0.0598708725920102,1.9768442896222,0,0,0,"none",0,23,1
0.507257235060234,-0.00354595093922549,1,1,0.279159869857024,NA,0.362074338444428,0,0.030835824488795,NA,0.0540987757219219,0,0.125817908317494,-0.0332089078222213,0.0108163268215981,0.261706030150754,0,"S4","main",500,1,0.0598708725920102,1.36786361075845,0,0,0,"none",0,24,1
0.545914381722307,-0.0288109471992216,1,1,0.580327859695668,NA,0.948330814190465,0,0.166326682171928,NA,0.279715003593977,0,0.0581516025032741,0.00253515020618612,0.00814441018723713,0.161977386934673,0,"S4","main",500,1,0.0598708725920102,2.69129083891714,0,0,0,"none",0,25,1
0.532323748343462,-0.00215083134861243,1,1,0.40351030723898,NA,0.578330927505005,0,0.0227469864114381,NA,0.0508022243337615,0,0.0096928286120314,-0.00287355140217568,0.00486433812347952,0.111708542713568,0,"S4","main",500,1,0.0598708725920102,0.789246164910858,0,0,0,"none",0,26,1
0.481524878523022,-0.0665893486163339,1,1,0.819249173022729,NA,0.930747312552932,0,0.286101666925515,NA,0.301116637076894,0,0.392474763664049,-0.182459096297723,0.0154463135292756,0.477344221105528,0,"S4","main",500,1,0.0598708725920102,1.29824585021029,0,0,0,"none",0,27,1
0.523349537399244,0.0154721955828025,1,1,0.304325911234632,NA,0.416028675476264,0,0.0641297249058125,NA,0.0955853727179332,0,0.21007027868885,-0.0705555384221645,0.0148978970823586,0.348826633165829,0,"S4","main",500,1,0.0598708725920102,1.1867281108121,0,0,0,"none",0,28,1
0.548353512519363,-0.0553150838825565,1,1,0.45791339364877,NA,0.794835813263093,0,-0.00363237639106762,NA,0.0338475786736357,0,0.0269830107753719,-0.0195371100020716,0.00723207839514691,0.130937185929648,0,"S4","main",500,1,0.0598708725920102,3.32196582986751,0,0,0,"none",0,29,1
0.472482021033906,-0.0100755151082816,1,1,0.35105037134373,NA,0.8241314270675,0,0.00894717917387806,NA,0.039112882199071,0,0.399011052136041,-0.195816405264554,0.0194871669499243,0.71035175879397,1,"S4","main",500,1,0.0598708725920102,3.5407917851027,0,0,0,"none",0,30,1
0.586814554439808,0.0109373839183736,1,1,0.331561367304247,NA,0.500344903243976,0,0.0642841299489629,NA,0.100657844672975,0,0.0327643352545755,-0.0161575677730975,0.00588163553131712,0.129844221105528,0,"S4","main",500,1,0.0598708725920102,1.3016935174796,0,0,0,"none",0,31,1
0.563436886106881,-0.0302418884435274,1,1,0.245925186052327,NA,0.388468706285439,0,0.0603379848794669,NA,0.0960109205873358,0,0.0421667501939523,0.0149548729673884,0.00532531287238981,0.149399497487437,0,"S4","main",500,1,0.0598708725920102,1.74205623568485,0,0,0,"none",0,32,1
0.563218747597895,0.00701200270326893,1,1,0.929460530693606,NA,0.979933713260136,1,0.356680506077855,NA,0.330639166137128,0,0.646890237072347,-0.0906100013446248,0.0159116590902641,0.653633165829146,1,"S4","main",500,1,0.0598708725920102,1.59011397102043,0,0,0,"none",0,33,1
0.583139350164862,-0.0217662987955274,1,1,-0.203740041235447,NA,0.388031285047174,0,0.0253748782398338,NA,0.0670503540827683,0,0.0246039406765022,-0.00183068403664494,0.00395120415809703,0.111914572864322,0,"S4","main",500,1,0.0598708725920102,2.59907381665358,0,0,0,"none",0,34,1
0.547068949781204,0.0269701655601595,1,1,0.41164412170064,NA,0.872521947214656,0,0.0453580749464225,NA,0.100242714507548,0,0.597385051854332,0.0496691336301336,0.0199673472462871,0.709281407035176,1,"S4","main",500,1,0.0598708725920102,2.8918103767139,0,0,0,"none",0,35,1
0.50226011772272,0.00043538589635163,1,1,0.729061222372287,NA,0.982213839090336,1,0.237870801941753,NA,0.343873179125769,0,0.064305221262379,-0.00510671712205362,0.00687356512240299,0.167414572864322,0,"S4","main",500,1,0.0598708725920102,3.43352227642696,0,0,0,"none",0,36,1
0.512908198573365,0.0265146003718044,1,1,0.402472089807494,NA,0.868993708564928,0,0.114956922044655,NA,0.212013301023205,0,0.0924095485003284,-0.133451554927271,0.0137559177255693,0.391600502512563,0,"S4","main",500,1,0.0598708725920102,3.13370127952245,0,0,0,"none",0,37,1
0.503840248006922,0.0601732305202579,1,1,0.249439596244235,NA,0.523781343651124,0,0.0712271266678888,NA,0.134837474257256,0,0.0150665758296435,-0.00784175288081468,0.00596923920183945,0.115570351758794,0,"S4","main",500,1,0.0598708725920102,2.24429987186971,0,0,0,"none",0,38,1
0.554540438771394,-0.00105087385463878,1,1,0.641932495703118,NA,0.734927666837495,0,0.0690786630118026,NA,0.0852630643760082,0,0.526256908079712,0.106064895228152,0.0137566973105049,0.52621608040201,1,"S4","main",500,1,0.0598708725920102,0.341366889082112,0,0,0,"none",0,39,1
0.574444960441514,0.0159853387913937,1,1,0.119548329909218,NA,0.210968576560203,0,0.0113783821415223,NA,0.0404077408251138,0,0.00510884438641376,0.11580264379923,0.0121364887137672,0.291731155778894,0,"S4","main",500,1,0.0598708725920102,1.92891961351939,0,0,0,"none",0,40,1
0.57826632592201,-0.0172599272176512,1,1,0.629078209323192,NA,0.983992922794282,1,0.315031650222574,NA,0.477656238902328,0,0.258801088817613,0.113457074795185,0.0138928667703225,0.443198492462312,0,"S4","main",500,1,0.0598708725920102,3.61501041918232,0,0,0,"none",0,41,1
0.532016033353661,-0.0174637736635754,1,1,0.595575076984771,NA,0.848344844689029,0,0.045827129913522,NA,0.07069820360011,0,0.195503456919391,0.00834531683380422,0.00980347118594499,0.2955,0,"S4","main",500,1,0.0598708725920102,1.7241211804297,0,0,0,"none",0,42,1
0.576774532990549,0.0040966332110241,1,1,0.789751833064066,NA,0.887817802868315,0,0.1318709555454,NA,0.167889405931945,0,0.373341048205604,-0.145691494958012,0.0182645206328303,0.525746231155779,1,"S4","main",500,1,0.0598708725920102,1.17090267912478,0,0,0,"none",0,43,1
0.552074507581137,-0.000363222722315768,1,1,0.76672313594076,NA,0.931070486604582,0,0.123075258057071,NA,0.141590911629041,0,0.201749493116396,0.0437478045860175,0.0141312143339418,0.31198743718593,0,"S4","main",500,1,0.0598708725920102,1.73722498288259,0,0,0,"none",0,44,1
0.530290807192716,0.0551804440261199,1,1,0.194054280439561,NA,0.400507428926547,0,0.00965800898700174,NA,0.038216617383339,0,0.0729091986193312,-0.0249457664746344,0.0086837217613816,0.177527638190955,0,"S4","main",500,1,0.0598708725920102,2.13701309973552,0,0,0,"none",0,45,1
0.542352491510257,-0.0334808729041961,1,1,0.338016531150985,NA,0.479412311111268,0,0.393590806039642,NA,0.395273107336105,0,0.663554487070819,-0.113675744342714,0.0147746077939543,0.728831658291457,1,"S4","main",500,1,0.0598708725920102,1.94657602049369,0,0,0,"none",0,46,1
0.563954575841449,-0.00261159907213891,1,1,0.38942153840018,NA,0.651315421170058,0,0.0416418299974592,NA,0.0791318932189563,0,0.0587962377583208,0.0533502345320623,0.00865913711905824,0.205047738693467,0,"S4","main",500,1,0.0598708725920102,2.13496566708452,0,0,0,"none",0,47,1
0.532534883639294,-0.028516588127282,1,1,0.709623814761762,NA,0.802382944177662,0,0.334448113602982,NA,0.343356030851757,0,0.140263380614819,-0.0372558253797179,0.010787343751571,0.284103015075377,0,"S4","main",500,1,0.0598708725920102,1.09671147249175,0,0,0,"none",0,48,1
0.498378156922974,0.00351786241209282,1,1,0.612577367712995,NA,0.890695529381077,0,0.041337790051078,NA,0.0729459368979666,0,0.55732995344013,-0.196380655876976,0.018268672254146,0.732849246231156,1,"S4","main",500,1,0.0598708725920102,2.05980510361418,0,0,0,"none",0,49,1
0.543874109049179,0.0158602396893098,1,1,0.864828194866605,NA,0.975607761790608,1,0.138695791846127,NA,0.159111915832731,0,0.721005963992986,-0.056606270494404,0.0146637078255462,0.711628140703518,1,"S4","main",500,1,0.0598708725920102,2.14535773637559,0,0,0,"none",0,50,1
0.594643433531671,-0.00101474612974244,1,1,0.532379029525361,NA,0.859215397085169,0,0.300622545524515,NA,0.37506809354382,0,0.300453498761804,-0.0902661961385616,0.0177186861692892,0.438673366834171,0,"S4","main",500,1,0.0598708725920102,1.78389810567345,0,0,0,"none",0,51,1
0.52624079601542,0.0258179156607279,1,1,0.622850355218648,NA,0.850340250974856,0,0.0664093682482085,NA,0.0929037172985439,0,0.0194015239215727,-0.0439117136433433,0.00677230121182197,0.206286432160804,0,"S4","main",500,1,0.0598708725920102,1.03382302961165,0,0,0,"none",0,52,1
0.527036667906665,0.0346680498170396,1,1,0.544577359815602,NA,0.745131608526921,0,0.0734385866870617,NA,0.101797511209591,0,0.272030145336977,0.138502145562327,0.0139651238230506,0.41301256281407,0,"S4","main",500,1,0.0598708725920102,1.94255666839862,0,0,0,"none",0,53,1
0.577552402408075,0.00151229094204395,1,1,1.20093612374664,NA,0.99673472812278,1,0.842831690598772,NA,0.728006669990064,1,0.768815672266743,0.170288139707537,0.0192202435095372,0.764263819095477,1,"S4","main",500,1,0.0598708725920102,2.08119709912199,0,0,0,"none",0,54,1
0.670643784944423,0.0287927847990621,1,1,0.450272573489623,NA,0.742883265928569,0,0.0316666715403781,NA,0.0599600227767287,0,0.165490866709218,0.0271476972429147,0.0112040830920435,0.262894472361809,0,"S4","main",500,1,0.0598708725920102,2.25919414821851,0,0,0,"none",0,55,1
0.5296587617509,-0.00371131355462432,1,1,0.70953013484357,NA,0.780996121490849,0,0.131249150333485,NA,0.135756643374221,0,0.103747080611738,-0.0141621618890572,0.00866460055258964,0.201680904522613,0,"S4","main",500,1,0.0598708725920102,0.577769940499281,0,0,0,"none",0,56,1
0.605422596730523,0.012315584584068,1,1,0.367313233344282,NA,0.739394064008643,0,0.0860615475631454,NA,0.146032621767148,0,0.29955936372908,-0.125182731906625,0.0109544536322616,0.46020351758794,0,"S4","main",500,1,0.0598708725920102,1.31527378954773,0,0,0,"none",0,57,1
0.631718675967455,0.00644885958551507,1,1,0.758396353160824,NA,0.943015999108004,0,0.307021253304628,NA,0.383794654680093,0,0.261754437928413,-0.1882960012859,0.0161546203732462,0.45378391959799,0,"S4","main",500,1,0.0598708725920102,2.5565493761668,0,0,0,"none",0,58,1
0.521777767725823,0.0271986711131232,1,1,0.414722437022346,NA,0.724505301771629,0,0.0819325680861374,NA,0.132730360412805,0,0.131700005500046,-0.0388761063611683,0.013832338225942,0.274909547738693,0,"S4","main",500,1,0.0598708725920102,2.69524199287369,0,0,0,"none",0,59,1
0.528131671861799,-0.00390749608008561,1,1,0.266709670536118,NA,0.543285114574289,0,0.0595829777628363,NA,0.0923357252464276,0,0.0852595014958515,0.160447251908142,0.0134151437077751,0.468298994974874,0,"S4","main",500,1,0.0598708725920102,2.6397832147734,0,0,0,"none",0,60,1
0.589298836194909,-0.0342946476809011,1,1,0.0245423662107376,NA,0.0433725053698475,0,0.0141059464659993,NA,0.0428096445673453,0,0.0148764007665099,0.00520605609484219,0.00632249021263172,0.132130653266332,0,"S4","main",500,1,0.0598708725920102,0.941215989022564,0,0,0,"none",0,61,1
0.552140461351297,0.0340384539674322,1,1,0.60595186946064,NA,0.892710399464577,0,0.117321246723922,NA,0.180303075254644,0,0.0365111576065969,0.00744157559778431,0.00766641584476733,0.135994974874372,0,"S4","main",500,1,0.0598708725920102,1.17196185054106,0,0,0,"none",0,62,1
0.541166580551012,0.00504314520627918,1,1,0.40760590199756,NA,0.731408702817995,0,0.212579449200241,NA,0.260587378487904,0,0.19330925728984,-0.0317849410506992,0.0111408949268045,0.287427135678392,0,"S4","main",500,1,0.0598708725920102,2.46691158110967,0,0,0,"none",0,63,1
0.551420445130745,0.00869281761542335,1,1,0.423031635109105,NA,0.86798222555285,0,0.0378330745826433,NA,0.0830987610257925,0,0.14304583664543,0.00317734718261397,0.00882249981042305,0.256690954773869,0,"S4","main",500,1,0.0598708725920102,3.64494887989234,0,0,0,"none",0,64,1
0.534859821867745,0.0319644573757058,1,1,0.334527447279223,NA,0.710899057762244,0,0.136255846515692,NA,0.227258651836649,0,0.348611101177414,-0.0161376429681351,0.0187840779446816,0.52293216080402,1,"S4","main",500,1,0.0598708725920102,5.2609220617102,0,0,0,"none",0,65,1
0.610791471393168,0.0186191195866903,1,1,0.642791962101429,NA,0.858537279781974,0,0.189696592954179,NA,0.226483330914828,0,0.184241904211893,0.0682543853654818,0.0138616497238093,0.310623115577889,0,"S4","main",500,1,0.0598708725920102,1.33152316210104,0,0,0,"none",0,66,1
0.513999094213726,-0.0552960975512826,1,1,-0.0669439147528198,NA,0.140561519621108,0,0.000171654774300958,NA,0.033526367395889,0,-0.129696306155892,0.161813831662338,0.0163150711479403,0.414989949748744,0,"S4","main",500,1,0.0598708725920102,1.53408021745958,0,0,0,"none",0,67,1
0.560800206862072,-0.0285228190571019,1,1,0.324524216194335,NA,0.523993382059869,0,0.016692729770941,NA,0.0420759599697052,0,0.0400640305308187,0.0271624533077589,0.00655106625788063,0.153658291457286,0,"S4","main",500,1,0.0598708725920102,1.5233519520004,0,0,0,"none",0,68,1
0.480213605058058,0.0497547313089251,1,1,0.0405553574992803,NA,0.0876568129010522,0,-0.0066536387694332,NA,0.0363308440183717,0,-0.0107980951846671,-0.000173496521706167,0.00475838926793744,0.0991557788944724,0,"S4","main",500,1,0.0598708725920102,2.46250770013467,0,0,0,"none",0,69,1
0.498539681027873,-0.0358578598016822,1,1,0.331067765292801,NA,0.449085910987537,0,0.091292885531585,NA,0.118204942323828,0,0.132381192377041,-0.048132410399416,0.0107971503283842,0.279859296482412,0,"S4","main",500,1,0.0598708725920102,0.698408474393821,0,0,0,"none",0,70,1
0.485237983124996,0.000318810207136201,1,1,1.11608639487234,NA,0.96998012506838,1,0.524539614306714,NA,0.423918108728699,0,0.82221237000338,0.0251648261154919,0.0165647861565224,0.727726130653266,1,"S4","main",500,1,0.0598708725920102,1.34838812272871,0,0,0,"none",0,71,1
0.438984791625219,-0.00227132369548941,1,1,0.264946995703156,NA,0.467130631580905,0,0.0340876809145083,NA,0.0718150703135702,0,0.0336483581909816,-0.00663203602899635,0.00502409215998063,0.128454773869347,0,"S4","main",500,1,0.0598708725920102,0.781833931294886,0,0,0,"none",0,72,1
0.569139991196892,-0.0253394936890116,1,1,0.504679951936145,NA,0.69810709999756,0,0.156350468174039,NA,0.173042916887909,0,0.0347637960843061,0.0123543120562064,0.00623202291237719,0.133241206030151,0,"S4","main",500,1,0.0598708725920102,1.35143979418313,0,0,0,"none",0,73,1
0.50607030872236,-0.0176684691235496,1,1,0.387984260167009,NA,0.65262157329329,0,0.0909194513501183,NA,0.120973276010906,0,0.327055935892287,0.08501377193928,0.0183092692521352,0.443600502512563,0,"S4","main",500,1,0.0598708725920102,2.09892904915819,0,0,0,"none",0,74,1
0.553081963739635,-0.010468760968007,1,1,0.58743065496873,NA,0.906660492147567,0,0.216463701322972,NA,0.263301683085101,0,0.215471851149792,0.0718466791954635,0.0145504216048649,0.34341959798995,0,"S4","main",500,1,0.0598708725920102,1.774710479604,0,0,0,"none",0,75,1
0.515943466002346,0.058421120958285,1,1,0.429912459012112,NA,0.671410524149883,0,0.0134920568630364,NA,0.0411536828259985,0,0.0837405209189403,-0.00434031546473468,0.0104306558461304,0.178394472361809,0,"S4","main",500,1,0.0598708725920102,1.66023154066097,0,0,0,"none",0,76,1
0.574519992667052,0.00624437581370845,1,1,0.369580902688132,NA,0.84621046849888,0,0.0184331947748164,NA,0.0591266749133083,0,0.0806623153983756,0.0156104576831804,0.00762004572929311,0.187972361809045,0,"S4","main",500,1,0.0598708725920102,4.79987133292184,0,0,0,"none",0,77,1
0.540023651424294,-0.010635962365646,1,1,0.632396557344668,NA,0.958438915847402,1,0.370798377000529,NA,0.449542925435857,0,0.201287246731025,0.0098635774784818,0.0120218223780005,0.315806532663317,0,"S4","main",500,1,0.0598708725920102,2.94918495452487,0,0,0,"none",0,78,1
0.510004280069017,0.00565342960974332,1,1,0.689236238880498,NA,0.97733550402925,1,0.446597659374488,NA,0.585764444545403,1,0.334385956374581,0.0402258059785502,0.0187033842267746,0.496050251256281,0,"S4","main",500,1,0.0598708725920102,3.44699209089197,0,0,0,"none",0,79,1
0.500969287848764,-0.00425007501373791,1,1,1.4016882862311,NA,0.989778295865303,1,1.45434080557301,NA,0.817528475262189,1,0.601535224459222,0.0464599089778005,0.0166314619461718,0.613221105527638,1,"S4","main",500,1,0.0598708725920102,0.879086921547623,0,0,0,"none",0,80,1
0.525498564418418,-0.0487471921004166,1,1,0.0576731426373609,NA,0.118918704374176,0,0.037957514230903,NA,0.0831528006686928,0,0.00992583137080888,0.0093362698051963,0.00524122186019165,0.0910929648241206,0,"S4","main",500,1,0.0598708725920102,1.91941670072473,0,0,0,"none",0,81,1
0.6286250984898,-0.0122152628762983,1,1,0.0829149941348653,NA,0.15141821394837,0,0.0111345800958101,NA,0.0411153737583742,0,0.0688972992072448,0.0246032273578726,0.00792373778553211,0.1761608040201,0,"S4","main",500,1,0.0598708725920102,1.72311010456651,0,0,0,"none",0,82,1
0.55635449004657,0.00990066879966273,1,1,0.750781183811434,NA,0.99201127007502,1,0.31962101587957,NA,0.43870223188351,0,0.696760079237615,-0.114704104560378,0.0147990655871875,0.802125628140704,1,"S4","main",500,1,0.0598708725920102,3.49940427754998,0,0,0,"none",0,83,1
0.559443452163585,-0.00150292654375809,1,1,0.369951252542706,NA,0.577864582376887,0,0.12010482420283,NA,0.15210854807556,0,0.590369792285468,0.160224532247186,0.0179123546528905,0.645165829145729,1,"S4","main",500,1,0.0598708725920102,1.51797604929713,0,0,0,"none",0,84,1
0.525981119490231,0.0134049247329021,1,1,0.852032923919155,NA,0.900821458260033,0,0.105733664121993,NA,0.116492977323156,0,0.432273743120167,-0.0122987177270121,0.02128843237762,0.487316582914573,0,"S4","main",500,1,0.0598708725920102,1.67135208138407,0,0,0,"none",0,85,1
0.550911713409811,-0.0123990228217915,1,1,-0.0154837722247224,NA,0.0301469572044404,0,-0.00527849106967704,NA,0.034798315359748,0,0.0161846175309743,-0.0160331783540338,0.00515632390237054,0.119743718592965,0,"S4","main",500,1,0.0598708725920102,1.32210806284804,0,0,0,"none",0,86,1
0.543265992074791,0.0042216943823593,1,1,0.348429332752362,NA,0.577127370214643,0,0.00496529973142027,NA,0.0348772338637477,0,0.0947234989649462,0.0579137727539075,0.0104630145604404,0.230655778894472,0,"S4","main",500,1,0.0598708725920102,2.0061287536067,0,0,0,"none",0,87,1
0.532784765327608,0.00738315128437198,1,1,0.81774428439835,NA,0.944007500805226,0,0.704272376972821,NA,0.771097178261857,1,0.306480764168632,0.0236903388185508,0.0127407723834434,0.412618090452261,0,"S4","main",500,1,0.0598708725920102,2.10709987982718,0,0,0,"none",0,88,1
0.571889587533861,-0.000752221437760273,1,1,0.32839762981024,NA,0.706128729603674,0,0.0216901693874573,NA,0.0554130146612841,0,0.121925247639435,0.0574014743543957,0.015340531662401,0.300185929648241,0,"S4","main",500,1,0.0598708725920102,3.12207618061558,0,0,0,"none",0,89,1
0.459562101842597,-0.0668699961782427,1,1,0.407158762325313,NA,0.719265177121545,0,0.0222741224694337,NA,0.0508184749558968,0,0.104217402716755,0.0174495667854883,0.00897816637592511,0.202874371859296,0,"S4","main",500,1,0.0598708725920102,1.14147289063703,0,0,0,"none",0,90,1
0.584399073110959,-0.00696965285795713,1,1,0.286835108876074,NA,0.539045221369517,0,0.0327727377712938,NA,0.0686421485483977,0,0.0527344989905434,-0.000675224723896121,0.00694172033761971,0.143743718592965,0,"S4","main",500,1,0.0598708725920102,1.10061299347402,0,0,0,"none",0,91,1
0.626091510240722,0.0160003673358181,1,1,0.688460841009415,NA,0.95857024745545,1,0.0435881691439757,NA,0.0853371213563932,0,0.334321934867269,-0.0179151220126137,0.0135523393613995,0.377050251256281,0,"S4","main",500,1,0.0598708725920102,1.36291465639717,0,0,0,"none",0,92,1
0.493614564640131,-0.00467222009813562,1,1,0.448384134884789,NA,0.750271511776873,0,0.0727078968863446,NA,0.10629746105388,0,0.131927345850566,-0.00699314121569516,0.0127348259093433,0.229349246231156,0,"S4","main",500,1,0.0598708725920102,1.87056203000809,0,0,0,"none",0,93,1
0.551364232382857,-0.00382855243564953,1,1,0.44256995445715,NA,0.816705449804664,0,0.125180007660432,NA,0.192392278384887,0,0.142033402265256,0.167007499678395,0.0155283745550538,0.443213567839196,0,"S4","main",500,1,0.0598708725920102,3.04017111407246,0,0,0,"none",0,94,1
0.562757580845216,0.015184435920351,1,1,0.0360484119120561,NA,0.0640394419168481,0,0.00697011070779931,NA,0.0371306055995745,0,-0.153171167040125,-0.251358992458459,0.019119928380584,0.551037688442211,1,"S4","main",500,1,0.0598708725920102,1.4276640986298,0,0,0,"none",0,95,1
0.485468316267634,0.00428792524620605,1,1,-0.306050184518767,NA,0.538915713132872,0,0.0104889413615794,NA,0.0457652102094324,0,-0.00412452505060595,-0.00317464870598721,0.00510022776823532,0.116952261306533,0,"S4","main",500,1,0.0598708725920102,1.64277373566276,0,0,0,"none",0,96,1
0.487597558413218,0.0590661136583506,1,1,0.279888759610127,NA,0.578447301275493,0,0.0162273295368062,NA,0.0471412922164072,0,0.239759370074369,0.278038625617893,0.0140632444186499,0.679952261306533,1,"S4","main",500,1,0.0598708725920102,3.21806684479543,0,0,0,"none",0,97,1
0.559850989420793,0.0669902321335772,1,1,0.662443151053888,NA,0.9117222557477,0,0.150469855124444,NA,0.206783980295069,0,0.0535248403053328,0.00445710097898809,0.00694779175303462,0.154613065326633,0,"S4","main",500,1,0.0598708725920102,1.46151378612051,0,0,0,"none",0,98,1
0.593774488140742,-0.0040743780214657,1,1,0.648016219178973,NA,0.960514469233896,1,0.292227037556686,NA,0.378306697425824,0,0.502497078417643,-0.0958390183467848,0.0165694155732295,0.634072864321608,1,"S4","main",500,1,0.0598708725920102,3.69430444542701,0,0,0,"none",0,99,1
0.700513287646884,-0.0598477350679946,1,1,0.374348350145438,NA,0.570578339410546,0,0.0757463771641606,NA,0.116814454366212,0,0.0565744539952251,-0.00893492562042236,0.00762581162479635,0.143261306532663,0,"S4","main",500,1,0.0598708725920102,1.82390794549403,0,0,0,"none",0,100,1
0.60369819199343,-0.0350715133949416,1,1,0.527704216374117,NA,0.865596232185962,0,0.0424510341116952,NA,0.0803933216095148,0,0.253409041888259,-0.0417576915903048,0.0158951346801257,0.384479899497487,0,"S4","main",500,2,0.0846702000107324,3.42324914240898,0,0,0,"none",0,1,1
0.543214834741947,-0.0199040486487645,1,1,0.265181043894666,NA,0.583233704457771,0,0.178729621231087,NA,0.238964949523272,0,0.105529125262521,0.0329412990959674,0.0114252852080732,0.237701005025126,0,"S4","main",500,2,0.0846702000107324,4.11504837689736,0,0,0,"none",0,2,1
0.601300514852034,-0.0030322691162863,1,1,0.448730934632211,NA,0.883654850203318,0,0.0448678549300602,NA,0.0934599816670269,0,0.0465285527378146,0.0635442485692754,0.00978804416571592,0.238894472361809,0,"S4","main",500,2,0.0846702000107324,3.49231512737586,0,0,0,"none",0,3,1
0.517902380157306,0.0169252806979079,1,1,0.260182463025979,NA,0.697626123880462,0,0.0416971404685817,NA,0.105521089312171,0,0.0443798388025638,0.00356169066530435,0.00642791643966001,0.128050251256281,0,"S4","main",500,2,0.0846702000107324,5.22804787707297,0,0,0,"none",0,4,1
0.490319970711424,0.00451037752750185,1,1,0.349314972029421,NA,0.715952952840027,0,0.0211064763103613,NA,0.0542736420237822,0,0.0387951297671429,0.0274707430710793,0.00710287362207012,0.153025125628141,0,"S4","main",500,2,0.0846702000107324,2.57768180376401,0,0,0,"none",0,5,1
0.494095683222683,0.00418326214336523,1,1,0.679809212912297,NA,0.980842612219036,1,0.399749375113118,NA,0.463413503645999,0,0.382185901495458,0.0889893853315919,0.0162413233645332,0.50685175879397,1,"S4","main",500,2,0.0846702000107324,4.07309228607168,0,0,0,"none",0,6,1
0.496426419257908,0.00255806643622552,1,1,0.527889672689432,NA,0.946275566986611,0,0.17205768460645,NA,0.271902773162107,0,0.233891737584764,0.0730588070925537,0.0148236577979718,0.376874371859297,0,"S4","main",500,2,0.0846702000107324,4.07005628675604,0,0,0,"none",0,7,1
0.494223057022548,-0.0222368454202154,1,1,0.377525871653632,NA,0.791218712328576,0,0.0105313830699086,NA,0.0413819854845934,0,0.0551351144573521,-0.0295235482785468,0.00880153042157535,0.173992462311558,0,"S4","main",500,2,0.0846702000107324,3.42357858219581,0,0,0,"none",0,8,1
0.597144230187528,0.0539976041445284,1,1,0.73957716358678,NA,0.977842149582344,1,0.263629393740942,NA,0.302915312721479,0,0.673899142671364,-0.0317005062361836,0.0205325843954243,0.76085175879397,1,"S4","main",500,2,0.0846702000107324,3.77599133904225,0,0,0,"none",0,9,1
0.502518742955667,-0.022275980986752,1,1,0.544223566129382,NA,0.903773449442781,0,0.247759236095777,NA,0.335706315399568,0,0.188811217433224,0.0059169195461669,0.0143636213507316,0.311597989949749,0,"S4","main",500,2,0.0846702000107324,3.0997946945941,0,0,0,"none",0,10,1
0.531452243569067,-0.0114802875359322,1,1,0.334923916509171,NA,0.781176564534033,0,0.0503913446883731,NA,0.115437453939027,0,0.128220042021464,-0.155667512481484,0.0159899593187276,0.3545,0,"S4","main",500,2,0.0846702000107324,4.63439191652092,0,0,0,"none",0,11,1
0.535306590260826,0.0278820851156398,1,1,0.398236967094152,NA,0.792876394540631,0,0.0538845553907643,NA,0.104985402993948,0,0.082893891429182,-0.0300090479460744,0.0120608811077971,0.241291457286432,0,"S4","main",500,2,0.0846702000107324,4.63480793263028,0,0,0,"none",0,12,1
0.634694203433559,-0.00870809311419905,1,1,0.0106090158775595,NA,0.0200023934930229,0,-0.000582591479034176,NA,0.0334484625587774,0,0.0514736992735015,-0.187868286937175,0.0159383623476093,0.500527638190955,1,"S4","main",500,2,0.0846702000107324,1.77955079557501,0,0,0,"none",0,13,1
0.443735242359386,-0.0499899581504573,1,1,0.465139117916929,NA,0.80518912289046,0,0.0352947066703805,NA,0.0740603194916326,0,0.354855601306907,0.00442117947519073,0.0151299189413979,0.461251256281407,0,"S4","main",500,2,0.0846702000107324,2.27555386087865,0,0,0,"none",0,14,1
0.662877503468373,0.00802918424384216,1,1,0.607162098823602,NA,0.942978434262383,0,0.155170060698939,NA,0.243855529010082,0,0.366586308157171,0.149728409185462,0.0197297634952472,0.537856783919598,1,"S4","main",500,2,0.0846702000107324,2.95810598925364,0,0,0,"none",0,15,1
0.487791679173425,-0.00660792876339172,1,1,0.273422344698682,NA,0.681446696016667,0,0.00541965333844728,NA,0.0362317202710152,0,0.00603382471511725,-0.00140185358296032,0.00280634037276681,0.0756407035175879,0,"S4","main",500,2,0.0846702000107324,3.80481450977343,0,0,0,"none",0,16,1
0.573516673705764,0.0350929544455366,1,1,0.547809047353308,NA,0.935612201905199,0,0.0344310948622532,NA,0.0728381592767654,0,0.221834100370068,-0.00266900032206179,0.0156423535707098,0.335914572864322,0,"S4","main",500,2,0.0846702000107324,3.44962078227235,0,0,0,"none",0,17,1
0.545411589951295,-0.0323487465152591,1,1,0.828819633376413,NA,0.996622062503723,1,0.25069688041184,NA,0.348698685563362,0,0.819612147149013,0.322877838950148,0.0147700879951877,0.87158040201005,1,"S4","main",500,2,0.0846702000107324,4.13713869349089,0,0,0,"none",0,18,1
0.604572962213889,-0.0287349047618839,1,1,0.394845394731831,NA,0.793896409506962,0,0.0580906722503952,NA,0.12024679122018,0,0.0248301074880468,-0.0208619217508121,0.00664412317186149,0.128650753768844,0,"S4","main",500,2,0.0846702000107324,3.61010155455746,0,0,0,"none",0,19,1
0.517712615299974,-0.00297275929828166,1,1,0.0814182134991914,NA,0.196149441832244,0,0.0105219875478011,NA,0.0428926636120854,0,-0.0304260666998336,0.0250650711123516,0.00892911342441471,0.150688442211055,0,"S4","main",500,2,0.0846702000107324,3.17849203362182,0,0,0,"none",0,20,1
0.613739368266985,-0.0142612863283335,1,1,0.468997656413976,NA,0.876323955767691,0,0.345821347120058,NA,0.478675668237212,0,0.0825491298197318,-0.0824223988309246,0.00925367346361916,0.264108040201005,0,"S4","main",500,2,0.0846702000107324,4.57316222898778,0,0,0,"none",0,21,1
0.543965012379089,-0.0439367205420948,1,1,0.703036907184298,NA,0.868285851673661,0,0.770303710064583,NA,0.619911639392272,1,0.277910661354755,0.0231117712324483,0.0130500026485882,0.407748743718593,0,"S4","main",500,2,0.0846702000107324,2.7752146567879,0,0,0,"none",0,22,1
0.538639277866508,-0.0677973759804409,1,1,0.00872016132293838,NA,0.0147354932787662,0,-0.0104276065591194,NA,0.0380642932265801,0,-0.000981147314306336,-0.000894897878147967,0.00474984417211937,0.0963542713567839,0,"S4","main",500,2,0.0846702000107324,1.66544034080401,0,0,0,"none",0,23,1
0.539643704334266,-0.0190327667398141,1,1,0.950901814759363,NA,0.983893117419956,1,0.368794314226485,NA,0.355661825008797,0,0.407648861068807,-0.00127021881777084,0.0125292272705788,0.509824120603015,1,"S4","main",500,2,0.0846702000107324,2.02964552422946,0,0,0,"none",0,24,1
0.537989836144521,-0.0376237318457203,1,1,0.448098066149787,NA,0.783810143898251,0,0.00541023787449449,NA,0.0344028333924274,0,0.213500261993851,-0.226093190038782,0.0151183424708834,0.57094472361809,1,"S4","main",500,2,0.0846702000107324,2.66874555062017,0,0,0,"none",0,25,1
0.505905189086584,-0.0302338663642944,1,1,0.0900062229551212,NA,0.254997296194789,0,0.0646267875860346,NA,0.139855642288813,0,0.146762201506502,-0.167570987483005,0.0149303700028227,0.555535175879397,1,"S4","main",500,2,0.0846702000107324,4.2770867668762,0,0,0,"none",0,26,1
0.577905632758966,-0.0116303648935317,1,1,0.206181678260739,NA,0.444962154814347,0,0.00210327578476627,NA,0.0333965786215368,0,0.00507607138075117,0.00193411519373993,0.00349933784407143,0.0815226130653266,0,"S4","main",500,2,0.0846702000107324,3.03400847882891,0,0,0,"none",0,27,1
0.499884980068002,0.0252511912639975,1,1,0.710628321246386,NA,0.98336376794832,1,0.575385754569566,NA,0.65709570166823,1,0.658306167928107,-0.0797102579813829,0.0187183976185996,0.760391959798995,1,"S4","main",500,2,0.0846702000107324,3.6261539979115,0,0,0,"none",0,28,1
0.558409087841511,-0.039369252138855,1,1,0.451649821760489,NA,0.784118025221533,0,0.053475455935108,NA,0.0911874627117419,0,0.185752413056818,-0.0799855575774394,0.0134388541125178,0.356826633165829,0,"S4","main",500,2,0.0846702000107324,2.86443951588235,0,0,0,"none",0,29,1
0.531326947240463,0.00350585254419242,1,1,0.111366240149096,NA,0.288596313162965,0,0.0108288593266067,NA,0.0437545448510201,0,0.0281171937066863,0.0579667224326638,0.00688070552645311,0.213969849246231,0,"S4","main",500,2,0.0846702000107324,3.8786796690844,0,0,0,"none",0,30,1
0.494722212297152,-0.0115973414472373,1,1,0.549824248585476,NA,0.881879803276629,0,0.0253917739404491,NA,0.0612936090050982,0,0.589710561282682,-0.155068403766218,0.0151925622243977,0.735376884422111,1,"S4","main",500,2,0.0846702000107324,2.19584111560414,0,0,0,"none",0,31,1
0.529898608959122,0.0245163110525335,1,1,0.134395390101707,NA,0.290143867219113,0,0.0462740235317046,NA,0.093654263955023,0,0.250283451812443,-0.322652089043138,0.01740571250737,0.74605527638191,1,"S4","main",500,2,0.0846702000107324,2.23485174375273,0,0,0,"none",0,32,1
0.568943924533126,-0.0412671708782513,1,1,0.362238136893725,NA,0.76814047352452,0,0.083795826713778,NA,0.145768321757335,0,0.0684314150614273,0.0179872197902018,0.00839140045546027,0.174992462311558,0,"S4","main",500,2,0.0846702000107324,2.94461724466136,0,0,0,"none",0,33,1
0.585754439397941,-0.0328224577262913,1,1,0.540748864028162,NA,0.93553631277349,0,0.208408851412039,NA,0.350466213609363,0,0.0641751755122643,0.292969127015354,0.0152971307835325,0.602912060301508,1,"S4","main",500,2,0.0846702000107324,2.41228722359401,0,0,0,"none",0,34,1
0.61029149256463,-0.0097048663378332,1,1,0.683219028356795,NA,0.989458023949857,1,0.118081200938126,NA,0.186307346118611,0,0.558030350292133,0.362370529039051,0.0114601632294938,0.902545226130653,1,"S4","main",500,2,0.0846702000107324,4.89789148677182,0,0,0,"none",0,35,1
0.609738035676446,-0.044170347409369,1,1,0.384265405426672,NA,0.728032423569393,0,0.0349697494663738,NA,0.0821448054225739,0,0.0123386620097376,0.073028426578505,0.00786894288243467,0.182525125628141,0,"S4","main",500,2,0.0846702000107324,2.53548196652463,0,0,0,"none",0,36,1
0.551454238321542,-0.0272020222860999,1,1,0.655286237921245,NA,0.926075289921506,0,0.206063832314817,NA,0.253715495410099,0,0.0958539800876199,0.0536962055033977,0.00867189718598707,0.228597989949749,0,"S4","main",500,2,0.0846702000107324,1.94516872721016,0,0,0,"none",0,37,1
0.614751774944854,-0.0231959487321995,1,1,0.157792737783688,NA,0.356318236132811,0,0.0141497585232575,NA,0.0471172310388027,0,0.173375770513985,-0.0814242124973436,0.00957976272675962,0.292087939698492,0,"S4","main",500,2,0.0846702000107324,3.05793636782583,0,0,0,"none",0,38,1
0.531505969253095,-0.0274654509272931,1,1,1.12164362190383,NA,0.996753677716993,1,0.529702139562967,NA,0.547773177547179,1,0.140017728847775,0.0404289005138135,0.0116693414157352,0.264761306532663,0,"S4","main",500,2,0.0846702000107324,1.65317572256154,0,0,0,"none",0,39,1
0.607027751429337,-0.00491529455607404,1,1,0.483856297587394,NA,0.883078728657674,0,0.039782394177727,NA,0.088161824464955,0,0.178435980736867,0.0727980035512397,0.0181244725630909,0.358708542713568,0,"S4","main",500,2,0.0846702000107324,3.4910056548807,0,0,0,"none",0,40,1
0.559417871473784,0.0173322092367524,1,1,0.324062287601992,NA,0.790587635968546,0,0.0243940105522496,NA,0.0655268963528215,0,0.652847113944346,0.00873056858201298,0.0117740970031425,0.865600502512563,1,"S4","main",500,2,0.0846702000107324,6.98396169920249,0,0,0,"none",0,41,1
0.550175944467019,0.030513011345304,1,1,0.486689657448361,NA,0.842434449222977,0,0.0923105409211707,NA,0.161541616361681,0,0.180129994394833,-0.005358950196723,0.0102366965501854,0.296128140703518,0,"S4","main",500,2,0.0846702000107324,3.35415457710333,0,0,0,"none",0,42,1
0.585683290369768,-0.00628360436478921,1,1,0.58700832598901,NA,0.95209376247578,1,0.12401823038737,NA,0.196811832812178,0,0.214728807519027,-0.0108946542436656,0.0186269099659687,0.371668341708543,0,"S4","main",500,2,0.0846702000107324,4.0011817406969,0,0,0,"none",0,43,1
0.651360667677979,0.00668602019199048,1,1,0.700980866971257,NA,0.984210703202701,1,0.0679963377651189,NA,0.117708874438615,0,0.169813680085527,0.00879153567452497,0.0111669564527237,0.301836683417085,0,"S4","main",500,2,0.0846702000107324,3.4313724753225,0,0,0,"none",0,44,1
0.594980664018387,-0.0417113370368642,1,1,0.172333077340729,NA,0.435972817655584,0,0.0192730188274563,NA,0.0602874434077011,0,0.0215638147875297,-0.00748849949742551,0.00465594644657775,0.098105527638191,0,"S4","main",500,2,0.0846702000107324,4.18996487731055,0,0,0,"none",0,45,1
0.61876827852168,-0.00984896195781531,1,1,0.909502870840311,NA,0.985975801623094,1,0.267569570217984,NA,0.322498664555769,0,0.155996661367965,-0.00725062351414459,0.0110384162312893,0.251758793969849,0,"S4","main",500,2,0.0846702000107324,1.59947743239995,0,0,0,"none",0,46,1
0.587333338003328,-0.00709883658342622,1,1,0.469842308581247,NA,0.780663154413642,0,0.0726432181005375,NA,0.122374686711305,0,0.0227486607222884,0.0266216395321487,0.00499220277727724,0.132879396984925,0,"S4","main",500,2,0.0846702000107324,2.22228435057903,0,0,0,"none",0,47,1
0.566700300403236,0.0100583879651013,1,1,0.255963386987621,NA,0.483827962392016,0,0.0403078411695922,NA,0.0797247328333087,0,0.0302141012647531,-0.0748856926628173,0.0110458688280376,0.218467336683417,0,"S4","main",500,2,0.0846702000107324,2.44507948763096,0,0,0,"none",0,48,1
0.561153108052124,-0.0302925142634221,1,1,0.358196581690804,NA,0.71499534748617,0,0.0334731277401015,NA,0.0690446340724199,0,0.0770611109799105,0.0254271853761175,0.00853712234574127,0.198404522613065,0,"S4","main",500,2,0.0846702000107324,2.64685684351815,0,0,0,"none",0,49,1
0.466387351393498,-0.00283588331994906,1,1,0.707270685161917,NA,0.864080911148595,0,0.0365301072100985,NA,0.0631157965837492,0,0.407438989447512,-0.122982152730576,0.0158265352028122,0.519261306532663,1,"S4","main",500,2,0.0846702000107324,1.41506621768327,0,0,0,"none",0,50,1
0.567940141185673,0.00846139866939693,1,1,0.29090236997354,NA,0.763531505633688,0,0.0313339441645751,NA,0.088640011196946,0,0.0334129452928505,-0.012323829866888,0.0054824900143677,0.120115577889447,0,"S4","main",500,2,0.0846702000107324,6.14202339417707,0,0,0,"none",0,51,1
0.44873544160974,0.0328425531046992,1,1,0.148125004645974,NA,0.310758603213277,0,0.0109311148237509,NA,0.0404402123223703,0,0.0147875835523798,0.00831630352116465,0.00532329372525182,0.115010050251256,0,"S4","main",500,2,0.0846702000107324,1.67275223846356,0,0,0,"none",0,52,1
0.581962086253779,0.0162338076297262,1,1,0.506863900011518,NA,0.96223842059617,1,0.166812005919897,NA,0.279488993126383,0,0.464201927351209,-0.0338198038807168,0.0166029353432763,0.681489949748744,1,"S4","main",500,2,0.0846702000107324,4.39464947075006,0,0,0,"none",0,53,1
0.560998369490613,0.00345023364694955,1,1,0.198771185225729,NA,0.268107772088245,0,-0.0179372686274878,NA,0.0548829904356347,0,-0.213318551301815,0.0232673627618139,0.0132206716008024,0.326399497487437,0,"S4","main",500,2,0.0846702000107324,1.40876939514647,0,0,0,"none",0,54,1
0.526530961627752,0.0128267588683605,1,1,0.27959001044776,NA,0.531250891221355,0,0.0263084398936706,NA,0.0570598346186209,0,0.0459573455176476,-0.014057443936307,0.00523604233136607,0.147610552763819,0,"S4","main",500,2,0.0846702000107324,2.05712113768405,0,0,0,"none",0,55,1
0.530526047233279,0.0261775680172174,1,1,0.402088952196323,NA,0.694048757705567,0,0.0988807626168992,NA,0.152433739409636,0,0.115651411116872,0.0366899702093912,0.00842884073373971,0.219198492462312,0,"S4","main",500,2,0.0846702000107324,2.57886967727792,0,0,0,"none",0,56,1
0.543987769049221,-0.0266953295428948,1,1,0.263573382110109,NA,0.653420156755694,0,0.0273259232218926,NA,0.0702518730335082,0,0.0444638973480012,0.0319526101712048,0.00848556935293039,0.16244472361809,0,"S4","main",500,2,0.0846702000107324,4.23384992098601,0,0,0,"none",0,57,1
0.523332702036791,-0.0118449527892932,1,1,0.699058221780525,NA,0.99546466392764,1,0.451591437181875,NA,0.660116559909239,1,0.102419428920073,-0.00723662874298915,0.0111676284245682,0.238163316582915,0,"S4","main",500,2,0.0846702000107324,4.25806285958169,0,0,0,"none",0,58,1
0.544699670989687,-0.00662882437897297,1,1,0.034152206829624,NA,0.081887674473573,0,0.0130029972835848,NA,0.0474442884767169,0,0.0859031577922603,-0.118482535102995,0.0150605156051152,0.374896984924623,0,"S4","main",500,2,0.0846702000107324,3.7905257029375,0,0,0,"none",0,59,1
0.546186046837634,0.0631174745983643,1,1,0.295440181516962,NA,0.659096138484256,0,0.0348238071595835,NA,0.0815897551367298,0,0.0528596956367978,-0.0124352913676497,0.005392901001503,0.137110552763819,0,"S4","main",500,2,0.0846702000107324,3.38066791063246,0,0,0,"none",0,60,1
0.525221137517559,0.0265474192045035,1,1,0.250450480591872,NA,0.46078542933079,0,0.105631937777917,NA,0.158976787979176,0,0.0787729280473319,0.019371331519656,0.00634311420952013,0.175540201005025,0,"S4","main",500,2,0.0846702000107324,2.16748304207966,0,0,0,"none",0,61,1
0.534864235465473,0.00444877919715699,1,1,-0.226744767044647,NA,0.382301400755437,0,0.0871350673833445,NA,0.143222711852984,0,0.0442666938510241,-0.00100040161372345,0.00622172031951745,0.136253768844221,0,"S4","main",500,2,0.0846702000107324,2.88252431307915,0,0,0,"none",0,62,1
0.550649883295389,0.0015420847805924,1,1,0.387845152367792,NA,0.675921977102838,0,0.0141861863422918,NA,0.0426851131919741,0,0.068345512538655,-0.0522407173121428,0.0103650527106006,0.206090452261307,0,"S4","main",500,2,0.0846702000107324,1.23226837317646,0,0,0,"none",0,63,1
0.528692392172899,-0.0167168324583329,1,1,0.425615036510241,NA,0.88654592588281,0,0.132637198737273,NA,0.242437706052494,0,0.579082913606403,-0.0722127297233128,0.016015684672974,0.81641959798995,1,"S4","main",500,2,0.0846702000107324,6.47403861412775,0,0,0,"none",0,64,1
0.582100398504117,0.0313009788715183,1,1,0.43051053064445,NA,0.77094770601914,0,0.0837454829177052,NA,0.135235745272967,0,0.0135701273369005,-0.000988265304146768,0.00530910143293069,0.0986482412060301,0,"S4","main",500,2,0.0846702000107324,2.44557635374815,0,0,0,"none",0,65,1
0.481389351181796,0.0113173316191938,1,1,0.395254432195821,NA,0.767114126581262,0,0.191737781356357,NA,0.28594757889207,0,0.321339506213733,-0.170449729368856,0.0188153434675472,0.59227135678392,1,"S4","main",500,2,0.0846702000107324,2.93788636713911,0,0,0,"none",0,66,1
0.508177356713349,0.0732965471545473,1,1,0.162665491026315,NA,0.380399250613235,0,0.0143181904405027,NA,0.0478397094350766,0,0.639104149247596,0.34955126080266,0.0141534166450816,0.839108040201005,1,"S4","main",500,2,0.0846702000107324,3.12197078549611,0,0,0,"none",0,67,1
0.573210720476191,0.000446484318206777,1,1,0.617730482894447,NA,0.891820051575076,0,0.0907141758486988,NA,0.118613495264533,0,0.206353500490376,-0.0366312465554882,0.0113913701434452,0.330457286432161,0,"S4","main",500,2,0.0846702000107324,2.31518960829456,0,0,0,"none",0,68,1
0.578327712460767,0.0194640928222843,1,1,0.450777684758382,NA,0.864794824873707,0,0.063881508611978,NA,0.111746584785629,0,0.0252565708929469,0.00404615107751098,0.0033468928559297,0.0939070351758794,0,"S4","main",500,2,0.0846702000107324,2.72551893749596,0,0,0,"none",0,69,1
0.560319044574205,-0.0147923717840238,1,1,0.748545941790203,NA,0.889628390914219,0,0.156382148607461,NA,0.215450708873631,0,0.0193361653902876,-0.00126056824168145,0.00423976630501538,0.110497487437186,0,"S4","main",500,2,0.0846702000107324,1.51621020496492,0,0,0,"none",0,70,1
0.603160466807963,0.0371367336735129,1,1,0.455860341787843,NA,0.683914675012667,0,0.305088029285512,NA,0.304064861928532,0,0.346790017684459,-0.0233602972282395,0.0175454518577999,0.454384422110553,0,"S4","main",500,2,0.0846702000107324,2.74867887386973,0,0,0,"none",0,71,1
0.502233978205655,-0.0450172118988335,1,1,0.291930292212599,NA,0.842987832436986,0,0.0740729034156461,NA,0.181833569177136,0,0.0459626946994631,0.00234071671836179,0.00648678620119904,0.134758793969849,0,"S4","main",500,2,0.0846702000107324,8.78349983227135,0,0,0,"none",0,72,1
0.535937395775639,-0.0236532846175218,1,1,0.581627126149344,NA,0.917446684026028,0,0.0359271975370605,NA,0.0718644404806205,0,0.0960616106733401,-0.0125502216010513,0.00957950379518383,0.179891959798995,0,"S4","main",500,2,0.0846702000107324,2.53490424243249,0,0,0,"none",0,73,1
0.605404297179436,0.00255345143120273,1,1,0.581058600121403,NA,0.983884351913535,1,0.261791594541537,NA,0.400484960405707,0,0.175196647658025,-0.0312218874449317,0.013752455337062,0.349668341708543,0,"S4","main",500,2,0.0846702000107324,5.37736022939002,0,0,0,"none",0,74,1
0.584505682038563,0.0403073213487862,1,1,0.576723725258608,NA,0.960261437707368,1,0.0502012401359815,NA,0.10242479604369,0,0.155487722906508,-0.00500967860102375,0.0119493535825853,0.252788944723618,0,"S4","main",500,2,0.0846702000107324,2.17961349847979,0,0,0,"none",0,75,1
0.503594487392993,0.0251152053702958,1,1,0.442351317214895,NA,0.82449404136724,0,0.015202037344225,NA,0.0473105766098361,0,0.0393992525330374,0.184546945239097,0.0179061009280788,0.539896984924623,1,"S4","main",500,2,0.0846702000107324,2.53152981575242,0,0,0,"none",0,76,1
0.569553019890353,-0.0128036051246212,1,1,0.397655514861459,NA,0.817340098028059,0,0.0267069563668688,NA,0.0699266044843651,0,0.0890619968989735,-0.0624301702608519,0.0101594214324998,0.277060301507538,0,"S4","main",500,2,0.0846702000107324,4.37141395993827,0,0,0,"none",0,77,1
0.566181912383173,0.007594535531473,1,1,0.902049515099814,NA,0.906168904769021,0,0.0914705491560344,NA,0.0994337729222623,0,0.308000741384747,0.0899196562536517,0.0141975856004665,0.362954773869347,0,"S4","main",500,2,0.0846702000107324,0.894198275464206,0,0,0,"none",0,78,1
0.495551410137889,-0.0199313226680941,1,1,0.482000801880735,NA,0.852324219866643,0,0.178234397372541,NA,0.261307245482104,0,0.201354809143516,0.00713247472649624,0.012337822169139,0.294175879396985,0,"S4","main",500,2,0.0846702000107324,2.4262922041016,0,0,0,"none",0,79,1
0.50501645570782,0.0128076156088791,1,1,0.39359415951445,NA,0.846873336900264,0,0.180359345766382,NA,0.331232825722558,0,0.439506336172215,-0.248791040303619,0.0198221770756773,0.757381909547739,1,"S4","main",500,2,0.0846702000107324,3.74035368458528,0,0,0,"none",0,80,1
0.606384337127665,0.0183671677538814,1,1,0.697402833277624,NA,0.98137319294277,1,0.0985226873247255,NA,0.155234091429755,0,0.235361114824114,-0.0517175539623999,0.0146993584961108,0.395949748743719,0,"S4","main",500,2,0.0846702000107324,3.52188320388034,0,0,0,"none",0,81,1
0.512477201892911,-0.0569610733093222,1,1,0.68530394142731,NA,0.959280399110748,1,0.0952004718116551,NA,0.164195267920974,0,0.123300738812404,-0.0628037090045217,0.0160364001787977,0.319233668341709,0,"S4","main",500,2,0.0846702000107324,3.33467894889821,0,0,0,"none",0,82,1
0.496992546133472,-0.0289317854541701,1,1,0.28079912574167,NA,0.728867553282918,0,0.00525575800100842,NA,0.0364813545293063,0,0.043362558032418,0.0278298444756232,0.00687567838164773,0.173286432160804,0,"S4","main",500,2,0.0846702000107324,5.16766696938334,0,0,0,"none",0,83,1
0.480425815986457,-0.0440086476091919,1,1,0.237184488396528,NA,0.531182077846342,0,0.024511400821447,NA,0.065124049794028,0,0.014514223686583,-0.00174283416404469,0.00518876641894879,0.0964195979899497,0,"S4","main",500,2,0.0846702000107324,2.43636481391414,0,0,0,"none",0,84,1
0.500612809127989,-0.0526561123089201,1,1,0.235375830438079,NA,0.581453366912118,0,0.0544428741759544,NA,0.114090296240614,0,0.0968758789330348,-0.121370583480842,0.0175875072323714,0.429603015075377,0,"S4","main",500,2,0.0846702000107324,4.44623587852433,0,0,0,"none",0,85,1
0.541471183308769,-0.0191568350691971,1,1,0.501011963968326,NA,0.942825451498082,0,0.390060032722121,NA,0.53763909051359,1,0.648735033916124,-0.0352061649966384,0.0150288537541418,0.827246231155779,1,"S4","main",500,2,0.0846702000107324,6.00215614612705,0,0,0,"none",0,86,1
0.60344383468709,-0.029160323898466,1,1,0.382497359171846,NA,0.894966689710735,0,0.0128539278894953,NA,0.0513413601492245,0,0.0384354460220581,0.0232791780769191,0.00699011884202345,0.140497487437186,0,"S4","main",500,2,0.0846702000107324,6.9434798296864,0,0,0,"none",0,87,1
0.578701498136089,0.026664324395462,1,1,0.187539391513083,NA,0.450023980084736,0,0.0213861843990819,NA,0.0598132950328496,0,0.0112042883934784,0.010059036214638,0.00367775060463227,0.0982688442211055,0,"S4","main",500,2,0.0846702000107324,3.80582618397956,0,0,0,"none",0,88,1
0.507025406506508,-0.0282348074344288,1,1,0.61332547936142,NA,0.989070920532002,1,0.223839674375796,NA,0.366440319036072,0,0.334311603253997,-0.0915494684351521,0.0165893086156403,0.579798994974874,1,"S4","main",500,2,0.0846702000107324,5.59166099233346,0,0,0,"none",0,89,1
0.626710527992595,0.0106821053936779,1,1,0.640640870801484,NA,0.891553064640954,0,0.0216564655737598,NA,0.0517411114097497,0,0.219212961602606,0.0384176653998593,0.0149137403047149,0.334113065326633,0,"S4","main",500,2,0.0846702000107324,1.98739077010648,0,0,0,"none",0,90,1
0.563024538275495,-0.0178392096108317,1,1,0.23297854877278,NA,0.498531899311849,0,0.0142894905706418,NA,0.0449565959838961,0,0.053173741856935,0.0116948658757463,0.00703749593002092,0.149097989949749,0,"S4","main",500,2,0.0846702000107324,2.88633897707212,0,0,0,"none",0,91,1
0.507684179074002,-0.0178574992920919,1,1,0.484436830340943,NA,0.962185493820228,1,0.142088353663569,NA,0.261017885949517,0,0.0580803786644877,0.00310596473860175,0.00656479621730368,0.156984924623116,0,"S4","main",500,2,0.0846702000107324,6.80444346928188,0,0,0,"none",0,92,1
0.523112389880565,0.0343230304464381,1,1,0.518880470727865,NA,0.955059484803365,1,0.218730284522066,NA,0.351037474864618,0,0.289601297991419,0.0353913246782591,0.017748157526408,0.498954773869347,0,"S4","main",500,2,0.0846702000107324,5.372182063255,0,0,0,"none",0,93,1
0.514683292868315,0.00916152721264375,1,1,0.618855416264333,NA,0.991564228215967,1,0.172167320424297,NA,0.298121144742377,0,0.183348719425105,0.0219597277512913,0.0101961624284078,0.308899497487437,0,"S4","main",500,2,0.0846702000107324,3.77985142441152,0,0,0,"none",0,94,1
0.58651225827521,-0.0200873582406343,1,1,0.38165827856827,NA,0.626869408507392,0,0.0467782862858116,NA,0.0783524909975033,0,0.00518727872088329,0.0489183679686883,0.00827541130054357,0.206994974874372,0,"S4","main",500,2,0.0846702000107324,0.802583267405669,0,0,0,"none",0,95,1
0.494735163120011,-0.0342579433241574,1,1,0.486374590810375,NA,0.950647874334524,1,0.364730885870941,NA,0.564769993175446,1,0.316927417861881,-0.0742346308793438,0.0189561655332235,0.57256783919598,1,"S4","main",500,2,0.0846702000107324,6.91773543972649,0,0,0,"none",0,96,1
0.551580645903452,0.0483834278720481,1,1,0.694691110049586,NA,0.969179508828597,1,0.0873497574145931,NA,0.142401365466909,0,0.190514905038577,0.00819184308261259,0.0139563060362848,0.329575376884422,0,"S4","main",500,2,0.0846702000107324,3.08520074961601,0,0,0,"none",0,97,1
0.533947600683128,-0.000414318535383235,1,1,0.48947097961071,NA,0.875180186872591,0,0.428637937596204,NA,0.565762377422069,1,0.0651018473227963,-0.0732503709689432,0.0105437613601364,0.239366834170854,0,"S4","main",500,2,0.0846702000107324,2.77516270142979,0,0,0,"none",0,98,1
0.534556209922942,0.0120052060733731,1,1,0.910106729157652,NA,0.977527078333894,1,0.442173685648605,NA,0.414614734649249,0,0.329772438097029,0.10801290557768,0.0139268079630076,0.486,0,"S4","main",500,2,0.0846702000107324,1.54620843448768,0,0,0,"none",0,99,1
0.561437728640616,0.0480287722533224,1,1,0.483012025216328,NA,0.950021138610223,1,0.0131527902519671,NA,0.0506285608799963,0,0.174138217622731,0.0722158450742574,0.012054011798739,0.407595477386935,0,"S4","main",500,2,0.0846702000107324,6.10687604631671,0,0,0,"none",0,100,1
0.5175868205483,0.0364008058969618,1,1,0.473060802650867,NA,0.978657007551553,1,0.176269782138787,NA,0.319001055666504,0,0.274066769532649,-0.046192416181405,0.0173402187178556,0.548118090452261,1,"S4","main",500,5,0.133875340987964,8.82477621824952,0,0,0,"none",0,1,1
0.505085443405192,0.0368231710142562,1,1,0.252885711667075,NA,0.759463348722825,0,0.0104491917790762,NA,0.0510919624138618,0,0.00802326703144534,-0.0062898885199974,0.00277202491621965,0.0727311557788945,0,"S4","main",500,5,0.133875340987964,7.61461555485874,0,0,0,"none",0,2,1
0.465070196744832,0.0472883087076832,1,1,0.118041921058019,NA,0.338088842958641,0,0.0053801891898175,NA,0.0377300188542976,0,0.0479856157698064,0.330199640486114,0.0161595622426974,0.689525125628141,1,"S4","main",500,5,0.133875340987964,5.53441511410725,0,0,0,"none",0,3,1
0.58808514688773,0.00775902010252149,1,1,0.531625216562957,NA,0.983200301757715,1,0.428665465621754,NA,0.661337869561378,1,0.501392564638677,-0.261603742088406,0.0147899204548774,0.867912060301508,1,"S4","main",500,5,0.133875340987964,8.49914288064837,0,0,0,"none",0,4,1
0.5974444271393,0.0278912328606725,1,1,0.345945767079804,NA,0.929969236820926,0,0.0320860211529249,NA,0.0968405618788495,0,0.320459843525581,0.00333200958007105,0.0154775524416252,0.638045226130653,1,"S4","main",500,5,0.133875340987964,10.9300772542557,0,0,0,"none",0,5,1
0.591199224312782,-0.00412881424135658,1,1,0.436398560690171,NA,0.944427779364973,0,0.0360531939999269,NA,0.0981354400628545,0,0.116376246168708,0.0793393331904407,0.00998512445989744,0.283007537688442,0,"S4","main",500,5,0.133875340987964,6.87271430567161,0,0,0,"none",0,6,1
0.56250477559948,0.000698642900380495,1,1,0.25760222166111,NA,0.742891694210111,0,0.00516603761670845,NA,0.0387053716442299,0,0.0212771170732738,-0.00181942830206416,0.00409161504681518,0.096537688442211,0,"S4","main",500,5,0.133875340987964,7.71701800257159,0,0,0,"none",0,7,1
0.5395845735146,-0.0169039411479775,1,1,0.280581628217857,NA,0.755577942933423,0,0.0143139450080782,NA,0.053074608091834,0,0.158880416457557,0.286213187940537,0.0192669390573582,0.727379396984925,1,"S4","main",500,5,0.133875340987964,6.69665288439346,0,0,0,"none",0,8,1
0.554757929908417,0.0135944507980992,1,1,0.405094852266669,NA,0.957156518103425,1,0.0242049699759177,NA,0.0762139031808955,0,0.115423993728568,0.0572143338914579,0.01391050278951,0.28698743718593,0,"S4","main",500,5,0.133875340987964,6.67022154335593,0,0,0,"none",0,9,1
0.556973569617507,-0.0272728613739377,1,1,0.307828160072559,NA,0.809269430170091,0,0.00443073405903366,NA,0.0362165986267729,0,0.122470401733839,-0.225840259942109,0.021764590327241,0.620836683417085,1,"S4","main",500,5,0.133875340987964,5.88532354699075,0,0,0,"none",0,10,1
0.541911348137451,0.00924430279417781,1,1,0.358463662394709,NA,0.970304101449012,1,0.104058853360634,NA,0.286227861924905,0,0.14825421704584,0.00468812541366631,0.0166195101147218,0.387226130653266,0,"S4","main",500,5,0.133875340987964,15.6208595771985,0,0,0,"none",0,11,1
0.584297657299207,-0.0220637472164756,1,1,0.408573253792756,NA,0.847238661215869,0,0.0744755627904179,NA,0.151371475003798,0,0.0154290605934157,-0.00975098130940733,0.00477932493935165,0.095391959798995,0,"S4","main",500,5,0.133875340987964,5.30536947448219,0,0,0,"none",0,12,1
0.534044208923829,0.0216533953723025,1,1,0.541944522507808,NA,0.992535167523954,1,0.314377481530085,NA,0.533595287885661,1,0.824064578337038,0.0657855817437541,0.00204632595294164,0.996103015075377,1,"S4","main",500,5,0.133875340987964,9.91121299309816,0,0,0,"none",0,13,1
0.503723764684352,0.0129398888528512,1,1,0.255544410556285,NA,0.732665736747785,0,0.0327409711403412,NA,0.0907171971334973,0,0.0848707368253431,0.0235435596451194,0.0104325280276288,0.21341959798995,0,"S4","main",500,5,0.133875340987964,8.01812682701088,0,0,0,"none",0,14,1
0.561637531116842,-0.000907743397218778,1,1,0.496911548577619,NA,0.968934483092054,1,0.360363964278431,NA,0.603756960553619,1,0.194028336059128,-0.0141507396826677,0.0133655359451367,0.36856783919598,0,"S4","main",500,5,0.133875340987964,7.37782895388082,0,0,0,"none",0,15,1
0.555163906568319,-0.003630568266649,1,1,0.266438477982126,NA,0.742769839351829,0,0.0793627068734454,NA,0.180743247701468,0,0.0326941377603089,0.0163760096368294,0.00510621542111252,0.117520100502513,0,"S4","main",500,5,0.133875340987964,6.11505323720113,0,0,0,"none",0,16,1
0.596837540997777,0.00497708432952982,1,1,0.358127945880672,NA,0.879670897573447,0,0.0245707959679237,NA,0.0732022358018394,0,0.0667851093705214,-0.0191500966119315,0.00856837740973429,0.193869346733668,0,"S4","main",500,5,0.133875340987964,7.07860254770819,0,0,0,"none",0,17,1
0.455833432436614,0.00748491894866746,1,1,0.197882279431336,NA,0.579697503288109,0,0.0269953585145868,NA,0.0808363388029709,0,0.0815879240802738,-0.128638983154333,0.0131015835252572,0.395306532663317,0,"S4","main",500,5,0.133875340987964,5.4322993829361,0,0,0,"none",0,18,1
0.55593314523072,0.0278429777556282,1,1,0.405900603842615,NA,0.97401847122749,1,0.0397024122583209,NA,0.110727371246234,0,0.358239960655993,0.0642343425846727,0.0181115080556108,0.703138190954774,1,"S4","main",500,5,0.133875340987964,10.5973699668048,0,0,0,"none",0,19,1
0.572224157935198,-0.0145200171830108,1,1,0.0624467962676343,NA,0.18622449362471,0,-0.00211483355111549,NA,0.0337015243574441,0,-0.00531631099111024,-0.0113846708087984,0.00275344420547462,0.0822788944723618,0,"S4","main",500,5,0.133875340987964,5.34206567985295,0,0,0,"none",0,20,1
0.49565337942043,-0.0219469055307828,1,1,0.665489244090387,NA,0.962496591172032,1,0.0464094888748624,NA,0.0926212562445491,0,0.311344412758483,0.0154956851499054,0.0167962513154061,0.436185929648241,0,"S4","main",500,5,0.133875340987964,1.72790039343081,0,0,0,"none",0,21,1
0.512526128522722,-0.00563150722613622,1,1,0.216760035166052,NA,0.627320677604287,0,0.00806714912024875,NA,0.0407918713687891,0,0.0586820063432204,-0.0100855848537572,0.00703535334550498,0.162472361809045,0,"S4","main",500,5,0.133875340987964,5.456501122753,0,0,0,"none",0,22,1
0.607200900180681,0.0176759393758494,1,1,0.372272386008861,NA,0.810798562559773,0,0.0505737717989072,NA,0.105711958971824,0,0.15585819174218,0.0262743029403125,0.0124352984353843,0.304336683417085,0,"S4","main",500,5,0.133875340987964,5.02359435943895,0,0,0,"none",0,23,1
0.565106690189826,0.0208805031859348,1,1,0.381925447616389,NA,0.855865690746002,0,0.0108217732768309,NA,0.0455458323922414,0,0.018052940243617,-0.00916161800983296,0.00364781707119334,0.0884195979899497,0,"S4","main",500,5,0.133875340987964,5.40672022694139,0,0,0,"none",0,24,1
0.565935394912337,-0.045643322407505,1,1,0.4071261797781,NA,0.913609682162323,0,0.06512130594045,NA,0.158651439175445,0,0.0184661998669369,0.00430994139627133,0.00480303483724421,0.0926105527638191,0,"S4","main",500,5,0.133875340987964,6.36241680426338,0,0,0,"none",0,25,1
0.572850051283278,-0.02615343542943,1,1,0.410031503562804,NA,0.896116327022898,0,0.0490909932790705,NA,0.109781084712584,0,0.158421664899775,-0.0539192786769559,0.0145666391127759,0.322293969849246,0,"S4","main",500,5,0.133875340987964,5.55031377318228,0,0,0,"none",0,26,1
0.571664873328357,-0.0286452884166034,1,1,0.428783915781723,NA,0.959886878174464,1,0.0422363231965548,NA,0.107638629165902,0,0.156916520937536,0.0336806589808432,0.01699391380748,0.357861809045226,0,"S4","main",500,5,0.133875340987964,7.45237641753971,0,0,0,"none",0,27,1
0.472340197472011,0.0479035720296544,1,1,0.243806333065537,NA,0.772489351073178,0,0.0158554942253775,NA,0.0617022067216405,0,0.0981032031615519,0.0128971968127872,0.00977002697701292,0.267846733668342,0,"S4","main",500,5,0.133875340987964,10.7442579864732,0,0,0,"none",0,28,1
0.533436573534348,0.00697108382579938,1,1,0.269238694943174,NA,0.628457491416283,0,0.00560755274639336,NA,0.0370486193203624,0,0.0708118567963124,-0.0213616741183147,0.0068018065901006,0.178243718592965,0,"S4","main",500,5,0.133875340987964,4.25016306506187,0,0,0,"none",0,29,1
0.571158249208765,-0.0166950661498143,1,1,0.18984348950086,NA,0.550280960256365,0,0.0051212186593031,NA,0.0367543189774018,0,0.0239598981495645,-0.048299273981087,0.00943792171813259,0.232914572864322,0,"S4","main",500,5,0.133875340987964,5.62539731780431,0,0,0,"none",0,30,1
0.53616418173627,-0.035568751103028,1,1,0.428448231133331,NA,0.949352551107353,0,0.301241697735958,NA,0.502518461606001,1,0.0606630041701147,-0.0100409366123216,0.00612274455949957,0.173849246231156,0,"S4","main",500,5,0.133875340987964,6.51404983493249,0,0,0,"none",0,31,1
0.501784802599568,0.0171628113039692,1,1,0.441746009416558,NA,0.974565090938978,1,0.399763541769222,NA,0.683970085237277,1,0.407855772563218,0.113422796277955,0.0169635355496306,0.80864824120603,1,"S4","main",500,5,0.133875340987964,11.2864674221176,0,0,0,"none",0,32,1
0.597691039634294,-0.0155380644399757,1,1,0.438791454626258,NA,0.900878393370378,0,0.0667322573492185,NA,0.144631783870367,0,0.118039079985009,-0.056930639988928,0.0131712179361593,0.291537688442211,0,"S4","main",500,5,0.133875340987964,5.01677057812394,0,0,0,"none",0,33,1
0.570324503089138,-0.0217154796576559,1,1,0.235000244197212,NA,0.674521522362964,0,0.0170835819907715,NA,0.0617581896123523,0,0.0567040014611227,0.0295517091039813,0.00823520945346165,0.161603015075377,0,"S4","main",500,5,0.133875340987964,7.81085692474241,0,0,0,"none",0,34,1
0.50347257860532,-0.00934871537174136,1,1,0.456635506028894,NA,0.920395409892243,0,0.0251860904100812,NA,0.0662556566296656,0,0.308526575234012,-0.147184863830086,0.0156840027061421,0.558211055276382,1,"S4","main",500,5,0.133875340987964,4.85815187668253,0,0,0,"none",0,35,1
0.64815955744862,-0.0301482860435607,1,1,0.437021627159936,NA,0.887764927681879,0,0.148941192890933,NA,0.253861656861308,0,0.339895187211276,-0.0858230086349727,0.017972601346447,0.608816582914573,1,"S4","main",500,5,0.133875340987964,5.66463175054206,0,0,0,"none",0,36,1
0.544174836823538,0.0050281215780971,1,1,0.569046119678,NA,0.982736236829918,1,0.105798095959945,NA,0.208871962867132,0,0.567143681638331,0.451524891418682,0.0154971035821424,0.909105527638191,1,"S4","main",500,5,0.133875340987964,6.54311232669366,0,0,0,"none",0,37,1
0.556532586694003,-0.0247547838759205,1,1,0.0442797821290068,NA,0.162332028456375,0,0.00938724226744166,NA,0.0502547103802407,0,0.0756438780564035,0.000791890020179534,0.00918091275400511,0.212831658291457,0,"S4","main",500,5,0.133875340987964,11.4068759476695,0,0,0,"none",0,38,1
0.477432780191652,-0.00158446377948908,1,1,0.464074808631346,NA,0.915287441301504,0,0.0280056393124341,NA,0.0691149692934536,0,0.0754983909007006,0.0313468175888707,0.00857582067253846,0.189424623115578,0,"S4","main",500,5,0.133875340987964,4.75985918107772,0,0,0,"none",0,39,1
0.480568405867807,0.0112445677400339,1,1,0.124063069558451,NA,0.431942705481799,0,-0.000452870648771484,NA,0.03327638556493,0,0.041180401236182,-0.0590405542772034,0.00915503839117875,0.200605527638191,0,"S4","main",500,5,0.133875340987964,7.15803916541927,0,0,0,"none",0,40,1
0.59181736642326,0.0261529131214281,1,1,0.450305280174079,NA,0.963377388459452,1,0.274275749253835,NA,0.501244346361181,1,0.11245865782703,0.00811307530785439,0.008919515756082,0.253623115577889,0,"S4","main",500,5,0.133875340987964,8.37684157983656,0,0,0,"none",0,41,1
0.582842378938812,0.0146315069270379,1,1,0.672664846973791,NA,0.97782589219925,1,0.038469868947668,NA,0.0866694898842599,0,-0.0295188706275041,-0.0076527161365333,0.00553970580028902,0.119592964824121,0,"S4","main",500,5,0.133875340987964,4.02061427830563,0,0,0,"none",0,42,1
0.529803090787557,0.0181348651165669,1,1,0.201317747808104,NA,0.655873391404795,0,0.0075698913692395,NA,0.0421506657724261,0,0.190970369384425,0.348507433636316,0.0149573138432581,0.800437185929648,1,"S4","main",500,5,0.133875340987964,8.10876211456049,0,0,0,"none",0,43,1
0.540711838151936,0.0405852688693114,1,1,0.304241768045615,NA,0.707919279127132,0,0.0171044146949546,NA,0.0534243545193524,0,0.0872644238239196,-0.023491765470212,0.00811478420521866,0.200462311557789,0,"S4","main",500,5,0.133875340987964,4.1974057700941,0,0,0,"none",0,44,1
0.471489212128059,-0.011226522526914,1,1,0.497774259365778,NA,0.928699771445053,0,0.4514013621254,NA,0.5569491194219,1,0.913213369145373,-0.241374410558757,0.00281535862309856,0.994937185929648,1,"S4","main",500,5,0.133875340987964,6.4294961087502,0,0,0,"none",0,45,1
0.538030627217908,0.0169851078896123,1,1,0.41235939468664,NA,0.974100981928155,1,0.0830662335680329,NA,0.197253117699391,0,0.215435292991789,0.091741564583734,0.013835838802195,0.532979899497487,1,"S4","main",500,5,0.133875340987964,10.2214361637886,0,0,0,"none",0,46,1
0.539941508327493,-0.000438597078068988,1,1,0.516453016612927,NA,0.986795368759975,1,0.16756094930731,NA,0.33877693942014,0,0.342118375159294,-0.0253408066195682,0.0127190207819813,0.623603015075377,1,"S4","main",500,5,0.133875340987964,8.29862312966805,0,0,0,"none",0,47,1
0.527928832729414,-0.0313918579136179,1,1,0.432235068795555,NA,0.948044080144699,0,0.15147465809759,NA,0.283636280792752,0,0.174287004818203,0.00620295495927349,0.0140635792479896,0.366605527638191,0,"S4","main",500,5,0.133875340987964,6.85566292684746,0,0,0,"none",0,48,1
0.594658440446243,0.0148782862114313,1,1,0.445082483361349,NA,0.956629270445898,1,0.0773919383189236,NA,0.172387269945756,0,0.0641064351504543,-0.021998871214081,0.00723019629705508,0.173791457286432,0,"S4","main",500,5,0.133875340987964,7.0339730137728,0,0,0,"none",0,49,1
0.534511585203632,-0.0153703674770169,1,1,0.119969245769622,NA,0.375467079575095,0,0.0181370153750346,NA,0.0586547165467531,0,0.0182668538048458,-0.0704867242033292,0.0109733834245224,0.282467336683417,0,"S4","main",500,5,0.133875340987964,4.62108191189057,0,0,0,"none",0,50,1
0.633865501905842,0.00272997733311277,1,1,0.541623309568022,NA,0.990380918576526,1,0.348286716684114,NA,0.588359491598656,1,0.510386296674356,0.0333192479953498,0.012562463962633,0.853183417085427,1,"S4","main",500,5,0.133875340987964,8.04109600603076,0,0,0,"none",0,51,1
0.575265760765705,0.0097396834322926,1,1,0.420990401419528,NA,0.872011526833781,0,0.040056306597543,NA,0.0942145596828245,0,0.0951159177161078,-0.0162952237483679,0.00820583581549179,0.223992462311558,0,"S4","main",500,5,0.133875340987964,5.94391194863234,0,0,0,"none",0,52,1
0.501627731088572,0.0071469559180026,1,1,0.465979712116282,NA,0.986296916352109,1,0.354332687070677,NA,0.609384110191981,1,0.478174407479687,0.0326446638934412,0.0149576028755195,0.83240703517588,1,"S4","main",500,5,0.133875340987964,10.0176400102099,0,0,0,"none",0,53,1
0.50714629256418,-0.00933141801188241,1,1,0.31158759045703,NA,0.802860544271621,0,0.0207167655229489,NA,0.0649319410561358,0,0.0283295785592023,0.0305467059948246,0.00586475993034428,0.167620603015075,0,"S4","main",500,5,0.133875340987964,6.0139230285068,0,0,0,"none",0,54,1
0.503231001961374,0.031393862708256,1,1,0.307809163399906,NA,0.811104531221286,0,0.0280913827164688,NA,0.080037050554292,0,0.178131404009802,0.0636149542002386,0.0142795689829116,0.36286432160804,0,"S4","main",500,5,0.133875340987964,6.54392973114277,0,0,0,"none",0,55,1
0.586429492134872,0.00499750728214451,1,1,0.240680193219592,NA,0.660434053449019,0,0.201692676629367,NA,0.337981404440752,0,0.0154987936469791,-0.003916157200678,0.00387287743425092,0.0869120603015075,0,"S4","main",500,5,0.133875340987964,5.9739112190251,0,0,0,"none",0,56,1
0.49880204288233,-0.000357447954635766,1,1,0.371036629682693,NA,0.890168363580194,0,0.071150499081297,NA,0.14924041305336,0,0.265771993857192,-0.0260122764211912,0.016738924257339,0.525198492462312,1,"S4","main",500,5,0.133875340987964,6.74397213414202,0,0,0,"none",0,57,1
0.475751297088342,-0.0392171520254554,1,1,0.206670382396563,NA,0.575541528975579,0,0.00929980219289377,NA,0.0437675848971447,0,-0.0102762667361894,-0.0233501845465105,0.00488588879078956,0.13314824120603,0,"S4","main",500,5,0.133875340987964,4.76057652484444,0,0,0,"none",0,58,1
0.589463203428198,0.0566360792337222,1,1,0.640624142660225,NA,0.99073631366394,1,0.368702861957978,NA,0.565329110542512,1,0.610468093131866,0.157580674778817,0.0118696891802881,0.875992462311558,1,"S4","main",500,5,0.133875340987964,5.81090577457736,0,0,0,"none",0,59,1
0.503830685063984,0.00758454990999223,1,1,0.0902656221460009,NA,0.343086541314086,0,0.00661350346292108,NA,0.0417373292246644,0,0.0579259359976545,0.0102573789314946,0.00759489383225856,0.180213567839196,0,"S4","main",500,5,0.133875340987964,9.0149517555094,0,0,0,"none",0,60,1
0.57705874108104,0.0449939745656073,1,1,0.597093077690295,NA,0.999282807018681,1,0.0354915829299836,NA,0.101319535011928,0,0.498419657573894,0.010111012957619,0.0133185214118126,0.885482412060302,1,"S4","main",500,5,0.133875340987964,13.4298150052378,0,0,0,"none",0,61,1
0.587091612401555,-0.0162079835338202,1,1,0.275572617334461,NA,0.781036061045523,0,0.0310842226485811,NA,0.0893994836768076,0,0.0253237692352314,-0.00253697311124048,0.00424070739257285,0.0988894472361809,0,"S4","main",500,5,0.133875340987964,7.45870798569612,0,0,0,"none",0,62,1
0.473293958903976,-0.000104155733635623,1,1,0.0396559481242529,NA,0.146956890152804,0,-0.00182231877831614,NA,0.0332406309135422,0,0.0230745523227325,-0.264895522636374,0.0159903341289648,0.505097989949749,1,"S4","main",500,5,0.133875340987964,8.36005165583477,0,0,0,"none",0,63,1
0.551840969780708,-0.020020787171152,1,1,0.275593010174712,NA,0.773966198622675,0,0.00597851556691992,NA,0.038052857798869,0,0.0649574638101771,0.0506823039011594,0.0104068634486441,0.229115577889447,0,"S4","main",500,5,0.133875340987964,6.90030424181839,0,0,0,"none",0,64,1
0.579132319776836,-0.00041775375778316,1,1,0.430957335722192,NA,0.980351178485393,1,0.224760762295385,NA,0.419840801326274,0,0.508994779487183,0.106518101015618,0.0112977021772339,0.899781407035176,1,"S4","main",500,5,0.133875340987964,12.1818741939999,0,0,0,"none",0,65,1
0.520049315586604,-0.0245411305067255,1,1,0.287831838465834,NA,0.776256232829154,0,0.022244263844197,NA,0.0675654529355584,0,0.36155733364818,-0.0416323807710422,0.0147625871569602,0.609856783919598,1,"S4","main",500,5,0.133875340987964,7.59730592157202,0,0,0,"none",0,66,1
0.572527178539956,0.0317488565386047,1,1,0.607167743968548,NA,0.969054195689035,1,0.69572521010792,NA,0.756062597752487,1,0.749595320382434,-0.0414894571575329,0.0146222659819535,0.910515075376884,1,"S4","main",500,5,0.133875340987964,6.07401308481768,0,0,0,"none",0,67,1
0.563052554176706,0.012023946606018,1,1,0.409352473864202,NA,0.979093232833893,1,0.0294081867674166,NA,0.0955507286396593,0,0.355942169610252,0.179237068682281,0.0190712037292762,0.786035175879397,1,"S4","main",500,5,0.133875340987964,11.6134413500257,0,0,0,"none",0,68,1
0.550291831967267,0.0315544039202166,1,1,0.189895972245658,NA,0.577482499025537,0,-0.00119255455149035,NA,0.033313235669484,0,0.01299329279193,0.0137567436433024,0.00476691760742237,0.0929095477386935,0,"S4","main",500,5,0.133875340987964,7.26406047962596,0,0,0,"none",0,69,1
0.565850020350647,0.0330754817779664,1,1,0.378753895262914,NA,0.938240471232432,0,0.0242736083179897,NA,0.0771434732959708,0,0.136704883070341,0.0247225136097464,0.0122763012834215,0.311590452261307,0,"S4","main",500,5,0.133875340987964,7.84308005176319,0,0,0,"none",0,70,1
0.534327092826378,0.0385783375988372,1,1,0.310601495271797,NA,0.839070893522392,0,0.0489033656245207,NA,0.118973337172594,0,0.0258643160761972,-0.0168529590600545,0.00572123830168344,0.130291457286432,0,"S4","main",500,5,0.133875340987964,5.02125186822523,0,0,0,"none",0,71,1
0.582731258181453,-0.0377677311486796,1,1,0.48136559872323,NA,0.974266566772612,1,0.158330751573737,NA,0.310631054029749,0,0.569024712586819,0.335706546541243,0.00982331227387771,0.934218592964824,1,"S4","main",500,5,0.133875340987964,7.99788572395603,0,0,0,"none",0,72,1
0.545309076389876,-0.0182720351904179,1,1,0.328977450254468,NA,0.744734572424694,0,0.0139366274191638,NA,0.0483036151215479,0,0.0374131838100424,-0.037507406567774,0.00875644478775226,0.190952261306533,0,"S4","main",500,5,0.133875340987964,4.50243423158946,0,0,0,"none",0,73,1
0.573497152188059,0.0587677854702675,1,1,0.483978260989802,NA,0.885460825306848,0,0.03522248564491,NA,0.0807474776843444,0,0.120925248105071,-0.00625639577508033,0.010231017337642,0.228743718592965,0,"S4","main",500,5,0.133875340987964,4.0894403153526,0,0,0,"none",0,74,1
0.511981511760893,0.059766056874552,1,1,0.259250994986161,NA,0.831012032562543,0,0.0265421775839877,NA,0.0947427414454427,0,0.0229641158870915,0.00489914719020378,0.00460862982423202,0.102726130653266,0,"S4","main",500,5,0.133875340987964,11.0228463527544,0,0,0,"none",0,75,1
0.530991325017957,-0.015670931060524,1,1,0.4792859537479,NA,0.977449174514668,1,0.560228489457146,NA,0.852580884848991,1,0.539247422986181,-0.357723562554171,0.00917124978523485,0.926907035175879,1,"S4","main",500,5,0.133875340987964,6.71391295019273,0,0,0,"none",0,76,1
0.517858529561455,0.0319459700627492,1,1,0.351758698330629,NA,0.912938683035345,0,0.153967475394196,NA,0.327489177148269,0,0.150420426141859,-0.0123163775576062,0.0158800082039569,0.347077889447236,0,"S4","main",500,5,0.133875340987964,8.91454715942126,0,0,0,"none",0,77,1
0.507076064176812,0.00801434831489499,1,1,0.309702647306656,NA,0.843824268607742,0,0.0196300192691071,NA,0.0645847803284231,0,0.0625973613092835,0.0597490034247534,0.0112479139484718,0.246746231155779,0,"S4","main",500,5,0.133875340987964,6.77954809189246,0,0,0,"none",0,78,1
0.517607793772224,-0.00637918597448889,1,1,0.244365616309169,NA,0.732846348549953,0,0.138773844620822,NA,0.252896304547096,0,0.0268662212266214,-0.00306670083050864,0.0057199657491441,0.106570351758794,0,"S4","main",500,5,0.133875340987964,7.5167945098313,0,0,0,"none",0,79,1
0.586837714934532,0.0247658580617278,1,1,0.48993468748251,NA,0.989242597821771,1,0.380604862894629,NA,0.720806529686403,1,0.136564338975467,0.01784957448937,0.013421217207151,0.333688442211055,0,"S4","main",500,5,0.133875340987964,8.38084803331821,0,0,0,"none",0,80,1
0.537563132836731,0.00277925809794584,1,1,0.495313409769531,NA,0.991771809213165,1,0.0646112759932184,NA,0.163218023621343,0,0.347147194339474,0.00287300328374673,0.0168797792231919,0.67722864321608,1,"S4","main",500,5,0.133875340987964,11.0423147343224,0,0,0,"none",0,81,1
0.482769400691212,-0.0031543460359335,1,1,0.212880765317037,NA,0.596151277871792,0,0.0244416530378983,NA,0.0705984061362052,0,0.0464491345940476,0.0364348355422925,0.00990910208630265,0.201520100502513,0,"S4","main",500,5,0.133875340987964,5.35230808276962,0,0,0,"none",0,82,1
0.524274192014583,0.0307103536692051,1,1,0.653937992730033,NA,0.983266644117729,1,0.31238444600299,NA,0.466298447339512,0,0.626250293345564,0.689121010848682,0.00626279929983604,0.97978391959799,1,"S4","main",500,5,0.133875340987964,5.06054450603628,0,0,0,"none",0,83,1
0.555342210397236,0.00112341043847454,1,1,0.325081189666607,NA,0.826475615320477,0,0.0454908989072069,NA,0.113863378957917,0,0.0225142152682452,0.0269319653651803,0.00639397000649859,0.135522613065327,0,"S4","main",500,5,0.133875340987964,5.94479714959091,0,0,0,"none",0,84,1
0.561153635828729,-0.0128332864374196,1,1,0.542369907540429,NA,0.981360482131427,1,0.177872138601085,NA,0.27741463357656,0,0.593995489977794,-0.157938650146479,0.0138233632699313,0.896198492462312,1,"S4","main",500,5,0.133875340987964,7.56165570133965,0,0,0,"none",0,85,1
0.555203414204211,-0.0198577897456073,1,1,0.514052868322561,NA,0.969857673869762,1,0.0441996238054731,NA,0.101964446886793,0,0.0815716275710391,0.00113237975705698,0.00885870127905292,0.197804020100503,0,"S4","main",500,5,0.133875340987964,4.86643281927349,0,0,0,"none",0,86,1
0.562916184770965,-0.019288007584698,1,1,0.322884882358156,NA,0.910535137895309,0,0.0411822428392299,NA,0.119673552763804,0,0.174638874990438,0.00262818453174271,0.0137047442860583,0.399417085427136,0,"S4","main",500,5,0.133875340987964,9.55540330712345,0,0,0,"none",0,87,1
0.502669394922285,0.0116961205943263,1,1,0.671961037525836,NA,0.998351701271937,1,0.630486424910536,NA,0.866222145868065,1,0.78447979402647,-0.10300940948644,0.00386504464212758,0.99070351758794,1,"S4","main",500,5,0.133875340987964,8.04491478927059,0,0,0,"none",0,88,1
0.540818620958464,-0.0147687829939337,1,1,0.440567916704599,NA,0.9626367829064,1,0.022066599276941,NA,0.0686714270872012,0,0.055366446786506,-0.00410322623588537,0.00702844543198178,0.163123115577889,0,"S4","main",500,5,0.133875340987964,7.73985685065754,0,0,0,"none",0,89,1
0.484383253550453,0.00753290268178678,1,1,0.10806507404338,NA,0.303228990809207,0,0.0229518574582996,NA,0.0641869924061691,0,0.0231920175961224,-0.00178839521264015,0.00553703825493884,0.121404522613065,0,"S4","main",500,5,0.133875340987964,3.88658248044019,0,0,0,"none",0,90,1
0.551686942722172,0.0152613471062794,1,1,0.268815218307332,NA,0.645547927407702,0,0.0138433262537697,NA,0.0517948828806047,0,0.0352636630175839,0.0129830630777499,0.00605075127670256,0.129371859296482,0,"S4","main",500,5,0.133875340987964,5.02816615127407,0,0,0,"none",0,91,1
0.509945202032181,0.0118374859864343,1,1,0.323255732357493,NA,0.849066989450243,0,0.0049375483857389,NA,0.0372457632133154,0,0.0384390992022389,0.0110240165800543,0.00593943659319536,0.129545226130653,0,"S4","main",500,5,0.133875340987964,7.42982905732875,0,0,0,"none",0,92,1
0.52757888938635,-0.00511959659288719,1,1,0.0625183698335766,NA,0.208270848551984,0,0.00683825324917023,NA,0.0407934473942835,0,0.028740740739027,0.0050049681838512,0.006587603482927,0.110002512562814,0,"S4","main",500,5,0.133875340987964,7.74531400670995,0,0,0,"none",0,93,1
0.507546268188579,-0.0109547420595164,1,1,0.399771614601324,NA,0.962785027562453,1,0.0953932043721822,NA,0.228547297363154,0,0.144827688705892,-0.0390110205709591,0.0128143601828352,0.338321608040201,0,"S4","main",500,5,0.133875340987964,9.57174043439107,0,0,0,"none",0,94,1
0.566405842652879,-0.0344791073360697,1,1,0.57796310475665,NA,0.978180729665771,1,0.0435248893495243,NA,0.0967046950435867,0,0.353054949372389,0.129510394561821,0.0202582476879739,0.628821608040201,1,"S4","main",500,5,0.133875340987964,6.71562540307966,0,0,0,"none",0,95,1
0.616043773141661,-0.0119839852895721,1,1,0.329881539490566,NA,0.831522296233073,0,0.0274718162100674,NA,0.0746347090067111,0,0.048905533856974,-0.0450764438620802,0.00922698631536593,0.189276381909548,0,"S4","main",500,5,0.133875340987964,5.32170220125979,0,0,0,"none",0,96,1
0.512668433493897,-0.0142130535024499,1,1,0.154645583783865,NA,0.624022995587452,0,0.0182957720297903,NA,0.0743757290651334,0,0.0343329446594535,0.00929351852036499,0.00573235517581814,0.130140703517588,0,"S4","main",500,5,0.133875340987964,13.7377938518366,0,0,0,"none",0,97,1
0.510885932494707,-0.0179645345964652,1,1,0.12346419123946,NA,0.499370649540079,0,0.0010420913138566,NA,0.0330648978215667,0,0.0134592678325207,-0.00854986414189915,0.00365908466057233,0.0888241206030151,0,"S4","main",500,5,0.133875340987964,10.0286733105871,0,0,0,"none",0,98,1
0.589970705777073,0.036912532223678,1,1,0.52853102136068,NA,0.999205465624371,1,0.496369758820192,NA,0.89016057360408,1,0.592810754296403,-0.264013312313745,0.00387885166112457,0.994251256281407,1,"S4","main",500,5,0.133875340987964,13.979618969233,0,0,0,"none",0,99,1
0.613970317800233,-0.0194623348102114,1,1,0.421677964672475,NA,0.966672589475392,1,0.0410005180665705,NA,0.119178185414008,0,0.0508068945434374,0.0181376715303791,0.00802902752794361,0.1693391959799,0,"S4","main",500,5,0.133875340987964,9.44428139211095,0,0,0,"none",0,100,1
0.544329737331419,-0.0546977531515592,1,1,0.369592099403114,NA,0.949773899900764,0,0.284324711409208,NA,0.606178186066168,1,0.0733179783248213,0.00317077551117376,0.00956302044310519,0.215188442211055,0,"S4","main",500,10,0.189328322892501,12.5024466702502,0,0,0,"none",0,1,1
0.491589127631161,0.0382090996224319,1,1,0.108728926011587,NA,0.41120844377979,0,0.0106617163310869,NA,0.054493800018587,0,-0.00430979988559165,-0.00909475934020008,0.00334488482572659,0.0731231155778894,0,"S4","main",500,10,0.189328322892501,10.1229700808586,0,0,0,"none",0,2,1
0.555838308222698,-0.00567781303031273,1,1,0.417270569701088,NA,0.990962317199228,1,0.0330750633623624,NA,0.105533171547423,0,0.156524411664165,0.00267579824920061,0.0146012547554995,0.419809045226131,0,"S4","main",500,10,0.189328322892501,13.7586222838241,0,0,0,"none",0,3,1
0.511236846475824,0.0169095634021689,1,1,0.432817103856951,NA,0.986019837403133,1,0.150196213539633,NA,0.332745423488438,0,0.261729165775718,-0.105433090623395,0.0173779556905288,0.616693467336683,1,"S4","main",500,10,0.189328322892501,12.7474579102575,0,0,0,"none",0,4,1
0.485515477213541,0.0013943835672877,1,1,0.360350545381602,NA,0.972379700963538,1,0.0292494493965032,NA,0.10330681059,0,0.388676016383606,-0.139050247681392,0.0175886475139322,0.828879396984925,1,"S4","main",500,10,0.189328322892501,14.4564279698098,0,0,0,"none",0,5,1
0.511486980376949,0.00719643168082722,1,1,0.368122296212778,NA,0.940281124257009,0,0.0170005474971767,NA,0.0632368597462051,0,0.102966825196633,-0.0127956584762145,0.0105544689527752,0.251889447236181,0,"S4","main",500,10,0.189328322892501,10.4671653021762,0,0,0,"none",0,6,1
0.579969192699539,0.00244196705470706,1,1,0.585656731447246,NA,0.998583565388438,1,0.643623855761525,NA,0.889133194596948,1,0.647110343829302,-0.0660338903370083,0.00644314049565486,0.973110552763819,1,"S4","main",500,10,0.189328322892501,12.0069960194988,0,0,0,"none",0,7,1
0.463972838184248,0.0492369733837937,1,1,0.324675259398895,NA,0.976203529081214,1,0.0781759817893297,NA,0.234952681539561,0,0.327863879648616,0.285413423213915,0.0142140391420363,0.891479899497487,1,"S4","main",500,10,0.189328322892501,17.1536595675822,0,0,0,"none",0,8,1
0.54855957493293,-0.0293332262077503,1,1,0.299681792184016,NA,0.854580590628787,0,0.030193275151135,NA,0.0976571693643563,0,0.0167583182838024,0.0194316081656018,0.00555721850786207,0.117253768844221,0,"S4","main",500,10,0.189328322892501,11.5827427009561,0,0,0,"none",0,9,1
0.524311723317687,0.00107062212955433,1,1,0.239296541438606,NA,0.652160088671515,0,0.01219221393884,NA,0.0529177093983289,0,0.0342342220521981,0.0657585095974225,0.01035352031887,0.260133165829146,0,"S4","main",500,10,0.189328322892501,5.82141403310152,0,0,0,"none",0,10,1
0.530785936310552,-0.0145158473047472,1,1,0.395844747083431,NA,0.982464733772352,1,0.0945383494063312,NA,0.243573963514735,0,0.188639551788104,-0.0221383783882235,0.014115965515202,0.470072864321608,0,"S4","main",500,10,0.189328322892501,12.6617111204642,0,0,0,"none",0,11,1
0.539735749359719,-0.0073321112582631,1,1,0.568043758129372,NA,0.999264823137951,1,0.217453610226942,NA,0.374337095156473,0,0.750716109184515,0.0048319560165486,2.7638885407857e-05,0.999972361809045,1,"S4","main",500,10,0.189328322892501,12.4447205035168,0,0,0,"none",0,12,1
0.513248506367219,0.00847805733829048,1,1,0.255988630574749,NA,0.839936322168415,0,0.153027860103862,NA,0.345213178525497,0,0.0535270285665347,-0.00246918963149717,0.00685945924843058,0.181638190954774,0,"S4","main",500,10,0.189328322892501,12.0018294844653,0,0,0,"none",0,13,1
0.52886746697979,0.0363362883560223,1,1,0.223720798967139,NA,0.668014503771364,0,0.0114339566724509,NA,0.0478860133075796,0,0.019898428039505,-0.0070063047283509,0.00393248713894504,0.103957286432161,0,"S4","main",500,10,0.189328322892501,6.63885625194729,0,0,0,"none",0,14,1
0.566578437136643,0.00592975592796701,1,1,0.528327643012868,NA,0.995071919769865,1,0.385700418453633,NA,0.655223015812032,1,0.569555395580953,-0.222393374610599,0.0131822194944599,0.91070351758794,1,"S4","main",500,10,0.189328322892501,8.72176197780245,0,0,0,"none",0,15,1
0.535026112927617,-0.0052523107603461,1,1,0.0923740759114717,NA,0.346509137310597,0,-0.000567539872134182,NA,0.0330447908403078,0,0.000287990825878384,-0.0266750464324126,0.00488153487569024,0.137130653266332,0,"S4","main",500,10,0.189328322892501,10.4032011143949,0,0,0,"none",0,16,1
0.526503512796881,0.00778652772425066,1,1,0.253732812705032,NA,0.861507624884064,0,0.0109215415510136,NA,0.0562763357040458,0,0.0672862898800849,0.0995820464157683,0.0140962484231894,0.302603015075377,0,"S4","main",500,10,0.189328322892501,11.3427733278299,0,0,0,"none",0,17,1
0.487385618425299,-0.0206888289968125,1,1,0.36770179180306,NA,0.975399726786942,1,0.0266389428200281,NA,0.0908536638683495,0,0.288209800593816,0.242810811537446,0.0145708316438051,0.821356783919598,1,"S4","main",500,10,0.189328322892501,13.8108810182748,0,0,0,"none",0,18,1
0.573907015443965,-0.0216704959208845,1,1,0.54872225126759,NA,0.999762578575247,1,0.351123193879929,NA,0.716578155283678,1,0.54034559747271,-0.110153412662529,0.00923970663571566,0.967557788944724,1,"S4","main",500,10,0.189328322892501,17.4201237826992,0,0,0,"none",0,19,1
0.437696184484438,-0.0110457247087055,1,1,0.0512607776318608,NA,0.203997563695341,0,0.00345075315634821,NA,0.0362513193259674,0,-0.00240940529070106,-0.00612536394642042,0.0037599688850939,0.0773542713567839,0,"S4","main",500,10,0.189328322892501,7.87290471897113,0,0,0,"none",0,20,1
0.509002623456097,-0.0228335460395295,1,1,0.308615098108557,NA,0.960434090482374,1,0.0818931292661773,NA,0.233445422402554,0,0.088300616715283,-0.0181971104516861,0.0130628288183226,0.273942211055276,0,"S4","main",500,10,0.189328322892501,15.2570431126091,0,0,0,"none",0,21,1
0.53204208151227,0.0200930780747175,1,1,0.492061204353555,NA,0.976051743704517,1,0.131668348433301,NA,0.257929829807755,0,0.130131605874888,0.038593972735785,0.0136813566071488,0.336213567839196,0,"S4","main",500,10,0.189328322892501,6.73098255159954,0,0,0,"none",0,22,1
0.58602654250423,-0.0313315320496066,1,1,0.408591992721891,NA,0.994708615884689,1,0.14727031369344,NA,0.37753906093539,0,0.381883390518335,-0.0868289660235811,0.0164638701347539,0.85320351758794,1,"S4","main",500,10,0.189328322892501,17.7408205527783,0,0,0,"none",0,23,1
0.457548458517066,-0.046674075954718,1,1,0.122662485081703,NA,0.533143400455104,0,-0.00099032208902815,NA,0.034703071356372,0,0.00218045188466196,-0.0106571934216519,0.00283666551704646,0.0713442211055276,0,"S4","main",500,10,0.189328322892501,13.0626341380947,0,0,0,"none",0,24,1
0.505444897823635,-0.0308815153058653,1,1,0.585568718700119,NA,0.99972375464769,1,0.518461995688188,NA,0.881175119354258,1,0.708570725920824,-0.031054401294318,0.000500772826376673,0.999311557788945,1,"S4","main",500,10,0.189328322892501,12.7022306488839,0,0,0,"none",0,25,1
0.519595479372885,-0.00695346406758427,1,1,0.314835439022986,NA,0.937223817035348,0,0.0149197268417828,NA,0.0657890825903718,0,0.0193606886378811,-0.00297193262754005,0.00357894153131627,0.1011608040201,0,"S4","main",500,10,0.189328322892501,13.8457278988557,0,0,0,"none",0,26,1
0.483697343781743,-0.0189863064694313,1,1,0.396528253679023,NA,0.979480964186526,1,0.20804745167788,NA,0.391269685657255,0,0.424568404329778,0.0296075026258236,0.0157667284956816,0.867954773869347,1,"S4","main",500,10,0.189328322892501,15.2716781121515,0,0,0,"none",0,27,1
0.54852538083235,0.00108167908325934,1,1,0.446826033459278,NA,0.99579781555919,1,0.108843515908345,NA,0.28338078224937,0,0.41094007692282,0.037197599167855,0.0172314488826174,0.796452261306533,1,"S4","main",500,10,0.189328322892501,11.6546743923487,0,0,0,"none",0,28,1
0.528219196957166,0.00477178005195127,1,1,0.225860815870432,NA,0.81237310070653,0,0.0101182430605338,NA,0.0512801639942171,0,0.0377196038731927,-0.0420187071131731,0.0102715170875966,0.219550251256281,0,"S4","main",500,10,0.189328322892501,12.0828668954299,0,0,0,"none",0,29,1
0.550036606570648,-0.00402748130703954,1,1,0.519405943414068,NA,0.996440744675865,1,0.305640764407024,NA,0.569123874525334,1,0.561216420756758,-0.0336953642698316,0.0153927031812718,0.932517587939699,1,"S4","main",500,10,0.189328322892501,13.5954061127329,0,0,0,"none",0,30,1
0.505261206328539,0.0525474447869789,1,1,0.0630722096369977,NA,0.275848192222095,0,0.00180479720618702,NA,0.0340064065456115,0,0.00294491141225989,0.00156440925615794,0.00253661912638987,0.0525904522613065,0,"S4","main",500,10,0.189328322892501,13.5363531094808,0,0,0,"none",0,31,1
0.495343198113686,0.0148239395579453,1,1,0.435596407634398,NA,0.997484699289657,1,0.609530994175935,NA,0.993879965031451,1,0.440542658727757,0.217329393475702,0.00369930059325323,0.988165829145729,1,"S4","main",500,10,0.189328322892501,16.3147470794184,0,0,0,"none",0,32,1
0.503508206632753,-0.000949909570238891,1,1,0.4329150028029,NA,0.994746031737953,1,0.0769494736136148,NA,0.215065453144414,0,0.535903772357119,0.0989679679965615,0.0104737543608102,0.94141959798995,1,"S4","main",500,10,0.189328322892501,13.8533084027583,0,0,0,"none",0,33,1
0.554676804340413,-0.00455025807223973,1,1,0.0469172561734729,NA,0.212591000573903,0,0.0042583022489926,NA,0.0391177821274764,0,0.00475074562611207,-0.00626567554928162,0.00302434319037516,0.071605527638191,0,"S4","main",500,10,0.189328322892501,11.2016698257907,0,0,0,"none",0,34,1
0.446918542387537,-0.0141528609873017,1,1,0.299165901007447,NA,0.94912906915892,0,0.0312937049310614,NA,0.108791555201544,0,0.294656378246752,-0.0350745112655268,0.0169534523376332,0.68821608040201,1,"S4","main",500,10,0.189328322892501,15.5318501971745,0,0,0,"none",0,35,1
0.541195216774354,-0.0300000980106657,1,1,0.26690889840907,NA,0.86292364435942,0,0.0260090524687353,NA,0.0911772453830524,0,0.0839836976032459,-0.0310268409927856,0.0115523218671517,0.269153266331658,0,"S4","main",500,10,0.189328322892501,10.8283371845176,0,0,0,"none",0,36,1
0.553501260651005,0.00603831212710799,1,1,0.500456729975955,NA,0.997684584819628,1,0.340120586978981,NA,0.698712284971545,1,0.297854838315883,0.0274215674327591,0.0154944955150374,0.681248743718593,1,"S4","main",500,10,0.189328322892501,13.4209788778828,0,0,0,"none",0,37,1
0.511904454647371,-0.00173212474473666,1,1,0.343856889763514,NA,0.968820847379782,1,0.0482302018630934,NA,0.149954194591964,0,0.117999552214827,-0.172431900636811,0.0185731985453249,0.541713567839196,1,"S4","main",500,10,0.189328322892501,12.1413007371477,0,0,0,"none",0,38,1
0.472473708663069,-0.0272380851374183,1,1,0.201425108818535,NA,0.803733452467226,0,0.0109778104217552,NA,0.0602054594367578,0,0.0032810601737215,-0.00580517342513532,0.00319539601330796,0.0613869346733668,0,"S4","main",500,10,0.189328322892501,14.0197627739531,0,0,0,"none",0,39,1
0.525027429354974,-0.00522873272221731,1,1,0.420325950367622,NA,0.990027952346601,1,0.104729233586526,NA,0.271631915738631,0,0.301694506206631,0.0600850238656315,0.0189218898353534,0.677464824120603,1,"S4","main",500,10,0.189328322892501,15.2570794099659,0,0,0,"none",0,40,1
0.547047479880227,0.0125860565016315,1,1,0.296419945919898,NA,0.895058223573148,0,0.0287762608727254,NA,0.0981420388281859,0,0.0549858203406081,-0.0150882095917261,0.00836181035085835,0.174150753768844,0,"S4","main",500,10,0.189328322892501,10.4560966292857,0,0,0,"none",0,41,1
0.551590819493405,-0.000253642604844768,1,1,0.444652611335276,NA,0.994752621677652,1,0.074450064653457,NA,0.200272993051744,0,0.3038878897321,-0.131265960168046,0.0175289986847336,0.709248743718593,1,"S4","main",500,10,0.189328322892501,14.4080056553131,0,0,0,"none",0,42,1
0.530306242487079,0.000394639680548498,1,1,0.10221551374303,NA,0.473702138872361,0,0.0132312515535142,NA,0.0657470783004502,0,0.00378900713152976,-0.0144721696486766,0.00442230399926509,0.0832788944723618,0,"S4","main",500,10,0.189328322892501,14.7382350520742,0,0,0,"none",0,43,1
0.520185514227997,-0.000480285665556496,1,1,0.489784608887591,NA,0.993723875141409,1,0.114704841526059,NA,0.261092529804875,0,0.311403643924693,0.26857724720362,0.0122097143667096,0.773349246231156,1,"S4","main",500,10,0.189328322892501,11.0176182456795,0,0,0,"none",0,44,1
0.50406118158773,6.50125676301843e-05,1,1,0.298572565697334,NA,0.89984423797387,0,0.0401620234100421,NA,0.114587889372815,0,0.030988162251213,-0.0605784628002592,0.0101959374383555,0.283173366834171,0,"S4","main",500,10,0.189328322892501,10.5791055557744,0,0,0,"none",0,45,1
0.498736879898058,0.00510536739386725,1,1,0.23544392358798,NA,0.842298857316265,0,0.0970874185752136,NA,0.251500016046527,0,0.08553707847886,0.0367577768697306,0.00978372843071777,0.278758793969849,0,"S4","main",500,10,0.189328322892501,13.747700765611,0,0,0,"none",0,46,1
0.521538576945839,-0.0272089310612299,1,1,0.397819122177298,NA,0.993384298583853,1,0.301518785420928,NA,0.70334644949232,1,0.431091755461233,0.128219240599061,0.0140224570929435,0.911344221105528,1,"S4","main",500,10,0.189328322892501,21.0274120349053,0,0,0,"none",0,47,1
0.633849337067234,0.0210221945201115,1,1,0.301432675802444,NA,0.865836310980183,0,0.0349233712992649,NA,0.110168459097379,0,0.0242247426239618,-0.0124562673196673,0.0061301282654875,0.10348743718593,0,"S4","main",500,10,0.189328322892501,11.3089406415837,0,0,0,"none",0,48,1
0.562005640179302,0.0109368144243154,1,1,0.477156533643549,NA,0.99671976340354,1,0.132574577208562,NA,0.308760832539474,0,0.427219474464319,0.0298554474625316,0.0151404207915601,0.81927135678392,1,"S4","main",500,10,0.189328322892501,15.3717818685462,0,0,0,"none",0,49,1
0.5037172917376,-0.0390966205912525,1,1,0.211195253743422,NA,0.802051432045426,0,0.00996561188924287,NA,0.0526515607484735,0,0.0610725937177043,-0.0649263447934858,0.0133735358211005,0.30844472361809,0,"S4","main",500,10,0.189328322892501,12.9759214896008,0,0,0,"none",0,50,1
0.462390842619001,-0.0273498101835618,1,1,0.410288916759252,NA,0.989788245329403,1,0.0802876781832549,NA,0.218496244902582,0,0.349584384198353,0.0266007976988666,0.020410863844556,0.721997487437186,1,"S4","main",500,10,0.189328322892501,12.7599502175919,0,0,0,"none",0,51,1
0.575022645794099,0.0109028851847015,1,1,0.458730013386223,NA,0.987676518573504,1,0.0690245428183812,NA,0.168959882011542,0,0.419822383339324,-0.253883770858567,0.0121047965528457,0.904381909547739,1,"S4","main",500,10,0.189328322892501,10.9767425390314,0,0,0,"none",0,52,1
0.497019691162295,-0.0283510006635394,1,1,0.166996047780088,NA,0.661922654815864,0,0.00532543793700443,NA,0.0427755109478475,0,0.00128532669599363,-5.83412476526555e-05,0.00289464455390879,0.0482085427135678,0,"S4","main",500,10,0.189328322892501,11.22580712239,0,0,0,"none",0,53,1
0.522619756027871,0.0258325041470439,1,1,0.347061506315039,NA,0.928101716261452,0,0.0520199981626159,NA,0.134167257430814,0,0.126001376968257,0.00136122392112277,0.0125015136065125,0.329233668341709,0,"S4","main",500,10,0.189328322892501,10.4124579400294,0,0,0,"none",0,54,1
0.550684683413831,0.00756975597798743,1,1,0.35822433182352,NA,0.954479032489896,1,0.393538865856794,NA,0.790925079952177,1,0.0841655643958922,-0.00997335709360906,0.0108846133963348,0.251311557788945,0,"S4","main",500,10,0.189328322892501,12.6046328309925,0,0,0,"none",0,55,1
0.535338683604334,-0.00568607010770141,1,1,0.341974105142619,NA,0.885151232745635,0,0.0131513844943373,NA,0.056888072419439,0,0.0584725633534644,-0.0203804098573755,0.0063189427481524,0.172577889447236,0,"S4","main",500,10,0.189328322892501,8.76997129421048,0,0,0,"none",0,56,1
0.489437341970041,-0.00253852354515515,1,1,0.315839889972856,NA,0.958419090549889,1,0.034115639004932,NA,0.12112992547568,0,0.254646790534331,-0.00121522541636881,0.0190435532159194,0.59670351758794,1,"S4","main",500,10,0.189328322892501,15.6606444352942,0,0,0,"none",0,57,1
0.503842618455187,-0.0140696083728852,1,1,0.407498826127492,NA,0.992836349360066,1,0.0976634485608638,NA,0.266681155239484,0,0.132878887779084,-0.0327864159765423,0.015780025597514,0.399027638190955,0,"S4","main",500,10,0.189328322892501,17.2703834625475,0,0,0,"none",0,58,1
0.471781091999452,0.00800638328271958,1,1,0.343220895886795,NA,0.989314005472258,1,0.0535252619141305,NA,0.185841577274893,0,0.207425026051638,0.122300679667928,0.0181863888966993,0.63548743718593,1,"S4","main",500,10,0.189328322892501,18.009530750851,0,0,0,"none",0,59,1
0.548423036227505,-0.0259635391945083,1,1,0.413231917920564,NA,0.978565755563616,1,0.0191320336386062,NA,0.0690321254250607,0,0.454767365022161,-0.179716552777862,0.0133668876615098,0.859030150753769,1,"S4","main",500,10,0.189328322892501,12.0391350874779,0,0,0,"none",0,60,1
0.659861003969871,0.000782687073076679,1,1,0.493886809257777,NA,0.979766688950341,1,0.0451819981530415,NA,0.113911582247578,0,0.0908535322146336,0.0116762498197101,0.0104228345866584,0.2316608040201,0,"S4","main",500,10,0.189328322892501,8.50345958179081,0,0,0,"none",0,61,1
0.509968615013087,0.00921292150688905,1,1,0.190243986663342,NA,0.810192407378879,0,0.0287880299238,NA,0.115039555197336,0,0.0108166178663574,0.00284617668858375,0.00397489135527806,0.0734899497487437,0,"S4","main",500,10,0.189328322892501,15.9309682215758,0,0,0,"none",0,62,1
0.44757868595179,0.0022895801548647,1,1,0.243315380858184,NA,0.88150702009494,0,0.0578593964938859,NA,0.191013303355844,0,0.171351191333516,-0.143841886767045,0.0155032730583972,0.537643216080402,1,"S4","main",500,10,0.189328322892501,15.6911376576863,0,0,0,"none",0,63,1
0.555274639677718,-0.0342864195701148,1,1,0.478376485918582,NA,0.997025517132772,1,0.0875694409156123,NA,0.241672124251918,0,0.51055040897949,-0.589292597646056,0.00207721570518888,0.99679648241206,1,"S4","main",500,10,0.189328322892501,13.7883863126202,0,0,0,"none",0,64,1
0.533194086359777,0.0437122748983383,1,1,0.480090579647921,NA,0.989082788434024,1,0.465761796734867,NA,0.789696854314967,1,0.419350536620065,0.051889687190859,0.0161105130325952,0.743273869346734,1,"S4","main",500,10,0.189328322892501,9.20189830779466,0,0,0,"none",0,65,1
0.57598451744257,-0.0401617907633587,1,1,0.532444363073846,NA,0.993739874116939,1,0.201095002767897,NA,0.38522855138178,0,0.352271311575041,0.0851135578042889,0.0167195481776356,0.679045226130653,1,"S4","main",500,10,0.189328322892501,9.88030230788323,0,0,0,"none",0,66,1
0.515137680294282,-0.0333330268057731,1,1,0.344870924637863,NA,0.991521184621316,1,0.251612241755611,NA,0.659653737027499,1,0.362364640570822,0.353972945995826,0.00746549709740469,0.971683417085427,1,"S4","main",500,10,0.189328322892501,22.0814043633102,0,0,0,"none",0,67,1
0.594155142268867,-0.00795315340336102,1,1,0.546461861905692,NA,0.999831622725997,1,0.537041131941729,NA,0.960374623529985,1,0.589095774454908,-0.113506308716083,0.0052148742013797,0.991208542713568,1,"S4","main",500,10,0.189328322892501,19.7571582132292,0,0,0,"none",0,68,1
0.583201964099224,-0.0313912928971435,1,1,0.168792905297107,NA,0.601398467266792,0,0.0104716972028822,NA,0.0501660111708275,0,0.0229983870267512,-0.0122515127169334,0.00658794075057142,0.119077889447236,0,"S4","main",500,10,0.189328322892501,9.47786729563811,0,0,0,"none",0,69,1
0.523187458071374,-0.0176698196593522,1,1,0.398111551885943,NA,0.978394350363844,1,0.0717930403784198,NA,0.196549117117722,0,0.206255400114904,-0.0619163515430277,0.0132767844655767,0.500522613065327,1,"S4","main",500,10,0.189328322892501,13.6805788980351,0,0,0,"none",0,70,1
0.550909206878258,-0.0176448938313332,1,1,0.455424035044177,NA,0.992802624302289,1,0.216382570410946,NA,0.48533161208475,0,0.395344398451586,0.144623473876593,0.0137743389118564,0.81420351758794,1,"S4","main",500,10,0.189328322892501,12.7497416815407,0,0,0,"none",0,71,1
0.541447243388634,0.0232062022242063,1,1,0.312218336535355,NA,0.962552470901076,1,0.0903621320774543,NA,0.258496361375684,0,0.0401715629318786,0.00372939689231521,0.00837101158531712,0.156366834170854,0,"S4","main",500,10,0.189328322892501,15.2356958981568,0,0,0,"none",0,72,1
0.489386868072085,0.0308660859764437,1,1,0.380272970929191,NA,0.949356761953607,0,0.195830804889086,NA,0.386135393483105,0,0.106707980094405,0.0434592830688512,0.0149302979725414,0.327479899497487,0,"S4","main",500,10,0.189328322892501,8.92798338265832,0,0,0,"none",0,73,1
0.546461321564649,-0.0119874603318916,1,1,0.335138669596754,NA,0.852356747340682,0,0.04857572914474,NA,0.120741463719175,0,0.0505316764376513,0.0211550733884269,0.0075263265039079,0.158819095477387,0,"S4","main",500,10,0.189328322892501,7.71626868763194,0,0,0,"none",0,74,1
0.486208595360279,0.00830510373274506,1,1,0.277334999721159,NA,0.903017739561368,0,0.0296893972907692,NA,0.105312698122797,0,0.076541557966923,-0.0226185829744797,0.00933683701581052,0.242718592964824,0,"S4","main",500,10,0.189328322892501,13.534342809513,0,0,0,"none",0,75,1
0.553907422648691,0.0883297788125883,1,1,0.612849562388823,NA,0.999095020450973,1,0.165192047673168,NA,0.331431012593477,0,0.527350325184095,0.193296730966544,0.0140711466179704,0.890530150753769,1,"S4","main",500,10,0.189328322892501,9.36278038750403,0,0,0,"none",0,76,1
0.528545457190177,-0.0247819439435271,1,1,0.358812858035632,NA,0.953784049658202,1,0.0744290009521546,NA,0.206113191778658,0,0.0611529674505046,0.0240912465590048,0.00846497338017883,0.21294472361809,0,"S4","main",500,10,0.189328322892501,12.2626525291332,0,0,0,"none",0,77,1
0.544790841195787,-0.0087234781589752,1,1,0.108822648457266,NA,0.376601391719053,0,0.00681392309672602,NA,0.0407009480212966,0,0.0136623263283843,0.0122828470896856,0.00448343754426696,0.105402010050251,0,"S4","main",500,10,0.189328322892501,7.29065154280793,0,0,0,"none",0,78,1
0.552417884598957,0.00638465052905657,1,1,0.217075882742498,NA,0.776259205836613,0,0.00737355587271334,NA,0.0449732870658769,0,0.0748159132344379,0.0879064944607703,0.0119511189732308,0.287909547738693,0,"S4","main",500,10,0.189328322892501,11.8353204271161,0,0,0,"none",0,79,1
0.539689009981776,0.0171644491952743,1,1,0.406075205052347,NA,0.987930152931645,1,0.0880461581268216,NA,0.23207527511044,0,0.351976935384575,0.0134848032505698,0.0163793078735931,0.749972361809045,1,"S4","main",500,10,0.189328322892501,15.2997688050453,0,0,0,"none",0,80,1
0.584081856523841,-0.0026466657744341,1,1,0.462201357683886,NA,0.994389182143821,1,0.0872077108702399,NA,0.214448181022541,0,0.24617727490993,-0.0661916000921591,0.0158798691114551,0.5605,1,"S4","main",500,10,0.189328322892501,14.8630195426359,0,0,0,"none",0,81,1
0.513628001146227,0.023716337933803,1,1,0.263188002403725,NA,0.81945010347576,0,0.011952773758865,NA,0.0547182996480773,0,0.0480249945483902,0.0464288477846684,0.00908040361170477,0.206793969849246,0,"S4","main",500,10,0.189328322892501,9.12858752347035,0,0,0,"none",0,82,1
0.467588310623509,0.0130774847481719,1,1,0.24395267545305,NA,0.8520237030811,0,0.0163429333436029,NA,0.0707043903605887,0,0.0475663239644186,0.0202852525150063,0.00786764553193097,0.177324120603015,0,"S4","main",500,10,0.189328322892501,11.9573030999666,0,0,0,"none",0,83,1
0.558963981542766,-0.0143162739835076,1,1,0.4894957965184,NA,0.996326510281524,1,0.1829781964925,NA,0.418814780921251,0,0.527639509109686,-0.397965883853253,0.00343676092123181,0.994092964824121,1,"S4","main",500,10,0.189328322892501,15.2725914890542,0,0,0,"none",0,84,1
0.538909157196722,-0.00360862540679718,1,1,0.214979962011643,NA,0.677694186579008,0,0.0324317994074318,NA,0.112278581929776,0,0.0178852693290073,-0.0106283349898509,0.00507990761753043,0.112527638190955,0,"S4","main",500,10,0.189328322892501,10.5857958737221,0,0,0,"none",0,85,1
0.502045105091422,0.0133692200715983,1,1,0.383489271555892,NA,0.988159144675515,1,0.0903842118575022,NA,0.237215545116911,0,0.318410819870659,0.0346778610180312,0.0157506993082219,0.738082914572864,1,"S4","main",500,10,0.189328322892501,17.807420657048,0,0,0,"none",0,86,1
0.497455245146365,-0.00510043795052358,1,1,0.23747790475374,NA,0.824783622375335,0,0.0370528892444191,NA,0.113770258741765,0,0.0173530703908914,-0.00363923319581717,0.00495036939097266,0.0898969849246231,0,"S4","main",500,10,0.189328322892501,12.4241125030221,0,0,0,"none",0,87,1
0.516636040523434,-0.0272498997617141,1,1,0.450279680693406,NA,0.99896002293169,1,0.149312985037159,NA,0.400035739908733,0,0.473550241807843,-0.208216830797862,0.0072144013234725,0.973497487437186,1,"S4","main",500,10,0.189328322892501,18.413996751974,0,0,0,"none",0,88,1
0.563328269371518,-0.0380036109886068,1,1,0.383781377629976,NA,0.891819296273581,0,0.0119331268870045,NA,0.0473821588462821,0,0.0333399502545225,-0.00711851423092878,0.00489228874969223,0.116047738693467,0,"S4","main",500,10,0.189328322892501,6.46476096077323,0,0,0,"none",0,89,1
0.494305602445647,0.0149264544924862,1,1,0.419797451475434,NA,0.98619030750431,1,0.429552905718851,NA,0.844459944307964,1,0.345984750427821,0.0359852117869641,0.0148596636705107,0.74577135678392,1,"S4","main",500,10,0.189328322892501,12.0784825808388,0,0,0,"none",0,90,1
0.517027342374236,-0.0433612056922873,1,1,0.256100385583238,NA,0.806287626590621,0,0.0190853830045281,NA,0.0699109064848008,0,0.15050804387082,0.114102883829987,0.0173349659285341,0.459459798994975,0,"S4","main",500,10,0.189328322892501,11.3872367832855,0,0,0,"none",0,91,1
0.564291460154853,-0.0324553093802338,1,1,0.399647712006623,NA,0.963236136446112,1,0.0770517510840558,NA,0.187675445816751,0,0.101166104256902,0.021162009095562,0.0122401679574275,0.261077889447236,0,"S4","main",500,10,0.189328322892501,8.54737295171296,0,0,0,"none",0,92,1
0.542180320694457,-0.00681438059756143,1,1,0.316835429211306,NA,0.918378497392932,0,0.0422580374523553,NA,0.12821823555731,0,0.0674636611058125,0.0293563321537593,0.00904654431105743,0.236005025125628,0,"S4","main",500,10,0.189328322892501,11.2246210098444,0,0,0,"none",0,93,1
0.469832958234257,0.0313418741975747,1,1,0.324421739691547,NA,0.958210562583979,1,0.00805753986499855,NA,0.0478305026542059,0,0.0588567552259174,0.0125955382927116,0.0110790483332891,0.2073391959799,0,"S4","main",500,10,0.189328322892501,14.5826649656504,0,0,0,"none",0,94,1
0.410052078928555,-0.0103648673048879,1,1,0.155645628478938,NA,0.642270060020531,0,0.0144938094769436,NA,0.067617454987356,0,0.00973424143474756,0.00378618929889077,0.00343021269295683,0.0676331658291457,0,"S4","main",500,10,0.189328322892501,11.2356478268418,0,0,0,"none",0,95,1
0.496236670030995,0.00315135698463355,1,1,0.296423779132811,NA,0.946388242121746,0,0.0591986664845202,NA,0.190208604780785,0,0.221707568850679,0.109152223507862,0.017825695637092,0.633690954773869,1,"S4","main",500,10,0.189328322892501,16.4253707584481,0,0,0,"none",0,96,1
0.535706781163145,0.0236568263731771,1,1,0.397478943147555,NA,0.99118066894612,1,0.0971483353132033,NA,0.268827367757442,0,0.379896557080766,0.281123516788727,0.00841403486547369,0.948889447236181,1,"S4","main",500,10,0.189328322892501,17.2252583159592,0,0,0,"none",0,97,1
0.576000744807399,0.00128529238918474,1,1,0.290183007293301,NA,0.918346146165857,0,0.060946222592633,NA,0.169054493793209,0,0.389930247635767,0.0930291608511035,0.0157605154349662,0.84336432160804,1,"S4","main",500,10,0.189328322892501,16.6070509598419,0,0,0,"none",0,98,1
0.525076912108068,0.0417961045276033,1,1,0.480134202276927,NA,0.98960109905744,1,0.0683169881814726,NA,0.169844486649554,0,0.160648974519764,-0.0468950137031617,0.0141643606845893,0.361226130653266,0,"S4","main",500,10,0.189328322892501,8.55227218878117,0,0,0,"none",0,99,1
0.49548674710836,-0.0100663508256535,1,1,0.235241094971863,NA,0.793570630908341,0,0.0233458821165711,NA,0.0939659292800298,0,0.0127306151630766,-0.0287862162541194,0.00695783690368403,0.130711055276382,0,"S4","main",500,10,0.189328322892501,11.366386102552,0,0,0,"none",0,100,1
0.46750436415823,0.0494978684302709,1,1,0.185772656265407,NA,0.840736645533344,0,0.0198561756002438,NA,0.0950148321650228,0,0.0361301322608846,-0.011230261955728,0.00846012102729219,0.156057788944724,0,"S4","main",500,25,0.299354362960051,24.0848050400882,0,0,0,"none",0,1,1
0.531138639566805,0.0198973078435261,1,1,0.365437729057271,NA,0.99920275901015,1,0.29380361529398,NA,0.845757947898727,1,0.234979017047395,0.0352527097667742,0.0200372250402078,0.723396984924623,1,"S4","main",500,25,0.299354362960051,31.0985492172127,0,0,0,"none",0,2,1
0.558358306748394,-0.0238117425882159,1,1,0.0784932483646405,NA,0.42044587432553,0,0.00494413348051137,NA,0.0445085951350564,0,0.00241585691929697,0.00982469524027014,0.00372840444919349,0.0710603015075377,0,"S4","main",500,25,0.299354362960051,21.4188128757718,0,0,0,"none",0,3,1
0.577862249020203,0.0212316360544641,1,1,0.34326476062906,NA,0.991438567600824,1,0.0935304645938344,NA,0.294551750428702,0,0.405922018028773,-0.0979606291142114,0.00942532482660051,0.955286432160804,1,"S4","main",500,25,0.299354362960051,23.4518521773982,0,0,0,"none",0,4,1
0.552004585276723,0.001177046111213,1,1,0.246502063469997,NA,0.934193062951554,0,0.019156898311196,NA,0.0920324185703743,0,0.0253088756029419,-0.0198653705274378,0.00696243696891902,0.143826633165829,0,"S4","main",500,25,0.299354362960051,22.0559526260031,0,0,0,"none",0,5,1
0.552965841248592,0.00407651699870289,1,1,0.461653502371616,NA,0.999977518464944,1,0.401708248347193,NA,0.961989633442734,1,0.542056364229521,0.0622927578684763,NA,1,1,"S4","main",500,25,0.299354362960051,32.2342717641884,0,0,0,"none",0,6,1
0.480768344614648,0.00350386807313805,1,1,0.381227606865602,NA,0.999758620939831,1,0.301647136562333,NA,0.850092874956312,1,0.360650426091452,-0.229997519927216,0.00284071460468598,0.993776381909548,1,"S4","main",500,25,0.299354362960051,35.3140110352158,0,0,0,"none",0,7,1
0.532631127786725,0.0305150503581621,1,1,0.312297858259551,NA,0.989290907570779,1,0.211132329933177,NA,0.615446364575144,1,0.128727206053204,0.0404808970993416,0.015520187211549,0.442329145728643,0,"S4","main",500,25,0.299354362960051,27.7406802987839,0,0,0,"none",0,8,1
0.474960892006734,-0.0189906115132682,1,1,0.274035836356123,NA,0.989684096223859,1,0.0430719989864999,NA,0.174714801046277,0,0.176328812662449,-0.0818789704068413,0.0209671416935923,0.655997487437186,1,"S4","main",500,25,0.299354362960051,31.9844648542804,0,0,0,"none",0,9,1
0.53133353557091,0.0229884188647863,1,1,0.171151758493692,NA,0.821875220871398,0,0.0173813652298601,NA,0.0880205400534104,0,0.025028418743162,0.0408580534896622,0.0103669348075341,0.223417085427136,0,"S4","main",500,25,0.299354362960051,23.5156207725713,0,0,0,"none",0,10,1
0.486869767309018,0.018664831639805,1,1,0.248761531050025,NA,0.956871791191958,1,0.0879925675102406,NA,0.308618820885071,0,0.0660486142923377,0.0414147487811308,0.0107403636389579,0.310329145728643,0,"S4","main",500,25,0.299354362960051,25.6783944277472,0,0,0,"none",0,11,1
0.504504368561687,-0.028561980990622,1,1,0.178401721912126,NA,0.839525994486948,0,0.00437379008630084,NA,0.0409772884685918,0,0.0311084011993185,0.0190037964389138,0.00779919261169378,0.165190954773869,0,"S4","main",500,25,0.299354362960051,25.7728756326786,0,0,0,"none",0,12,1
0.468901507145705,0.0201290558600509,1,1,0.416966402636011,NA,0.999986895747207,1,0.313777861346598,NA,0.902979801476085,1,0.456671395856436,0.0438338226869316,NA,1,1,"S4","main",500,25,0.299354362960051,41.1836728330923,0,0,0,"none",0,13,1
0.568832460286804,-0.0248447744935248,1,1,0.378343645810234,NA,0.999319123560893,1,0.181452335599665,NA,0.521544081499135,1,0.407990649724582,-0.0228976469799255,0.00718225080137982,0.978798994974874,1,"S4","main",500,25,0.299354362960051,28.8383846779703,0,0,0,"none",0,14,1
0.507316182588523,-0.0685140848199225,1,1,0.410236014257916,NA,0.99962493378801,1,0.3140363752818,NA,0.812917231686794,1,0.469941697290429,-0.173007874956756,0.00084226993361621,0.998804020100503,1,"S4","main",500,25,0.299354362960051,33.7407895715718,0,0,0,"none",0,15,1
0.537367887501279,0.0208424335900871,1,1,0.344791173265875,NA,0.997910248948482,1,0.0901489291307782,NA,0.317171567719074,0,0.333325060100429,-0.0791582766099122,0.013516172124868,0.907550251256281,1,"S4","main",500,25,0.299354362960051,32.9282593436321,0,0,0,"none",0,16,1
0.495543335344992,-0.0138610298024644,1,1,0.0708129320766146,NA,0.44676249191519,0,0.00137450349582129,NA,0.0341746812124366,0,0.0017331675926898,-0.020059198429187,0.00485004356944218,0.132065326633166,0,"S4","main",500,25,0.299354362960051,28.0645047455883,0,0,0,"none",0,17,1
0.46991256550127,0.0144148919862536,1,1,0.285517795172246,NA,0.986386037465025,1,0.0569373487178442,NA,0.201159497176519,0,0.273366692562788,-0.0965774997687783,0.0200327477594065,0.832402010050251,1,"S4","main",500,25,0.299354362960051,26.8672352407929,0,0,0,"none",0,18,1
0.490334250756303,-0.0202817370480949,1,1,0.308377742059172,NA,0.994959103568628,1,0.220625439248112,NA,0.692896379614386,1,0.366775348551596,0.0823323861080371,0.00872735408537118,0.9605,1,"S4","main",500,25,0.299354362960051,30.8351286708098,0,0,0,"none",0,19,1
0.455224559889395,0.035957870144611,1,1,0.224199971331202,NA,0.965762121551179,1,0.0231794288294201,NA,0.121122754383949,0,0.0125962681518351,0.00242333319296158,0.00338931745878427,0.0860753768844221,0,"S4","main",500,25,0.299354362960051,37.8340839806174,0,0,0,"none",0,20,1
0.52485882086328,-0.00758694766956509,1,1,0.321757686235832,NA,0.997121728096034,1,0.131028210197891,NA,0.448952457056754,0,0.286009995200195,-0.052164697077778,0.0154226968056047,0.830532663316583,1,"S4","main",500,25,0.299354362960051,32.5457355421574,0,0,0,"none",0,21,1
0.524521431365298,0.0421610160671652,1,1,0.303459183557654,NA,0.986790687122071,1,0.181000993870241,NA,0.538542685964124,1,0.0349945745170684,0.0218391773491036,0.00826003053188895,0.19214824120603,0,"S4","main",500,25,0.299354362960051,25.0281474586668,0,0,0,"none",0,22,1
0.497629237474832,0.0125936027738283,1,1,0.242248689931347,NA,0.940285154631688,0,0.0073955072385065,NA,0.050463353778225,0,0.0766830349427374,0.0215788892501732,0.0103929676105366,0.276879396984925,0,"S4","main",500,25,0.299354362960051,23.3830738045739,0,0,0,"none",0,23,1
0.514890380113405,0.00312170017068422,1,1,0.28566688987678,NA,0.989562372480948,1,0.0434435327710228,NA,0.17474729676853,0,0.141264704892154,0.0436347244659743,0.0182300796797416,0.508595477386935,1,"S4","main",500,25,0.299354362960051,29.8089531976455,0,0,0,"none",0,24,1
0.510144046559957,-0.000973651393854538,1,1,0.38136838577039,NA,0.999665841464433,1,0.380285880811939,NA,0.973188369894244,1,0.438832163365731,-0.15683514336237,0.00130702902925787,0.998505025125628,1,"S4","main",500,25,0.299354362960051,28.8456978195485,0,0,0,"none",0,25,1
0.516073807701006,0.0399230413183789,1,1,0.317755620072307,NA,0.996698820913438,1,0.115237524390191,NA,0.397066819117271,0,0.39669971933026,0.127835494759863,0.00509513050902817,0.985389447236181,1,"S4","main",500,25,0.299354362960051,34.2488517974477,0,0,0,"none",0,26,1
0.44192033000834,-0.00141389823733599,1,1,0.272959261108863,NA,0.989841386270696,1,0.155043709328687,NA,0.537481107726127,1,0.1986711996494,-0.0666438641135865,0.0165971673964283,0.675414572864322,1,"S4","main",500,25,0.299354362960051,29.4433108677481,0,0,0,"none",0,27,1
0.449353744411094,-0.0282010566608957,1,1,0.213324247484697,NA,0.923014239851767,0,0.00888813602833019,NA,0.0569204236582028,0,0.0656041926883444,-0.0342559620660882,0.0113598133583691,0.301115577889447,0,"S4","main",500,25,0.299354362960051,29.3962713265684,0,0,0,"none",0,28,1
0.501396907391106,-0.0405363449841922,1,1,0.369772209430012,NA,0.999578931221003,1,0.323952344552487,NA,0.867517922164224,1,0.36131669971206,-0.0968116381203783,0.00885894766122845,0.950834170854271,1,"S4","main",500,25,0.299354362960051,33.3081880199287,0,0,0,"none",0,29,1
0.554130007231742,-0.00515775374579661,1,1,0.326893022170166,NA,0.993912067364876,1,0.0313634981080338,NA,0.125537594126006,0,0.282465027813923,0.0932523913100154,0.0142598430453271,0.827831658291457,1,"S4","main",500,25,0.299354362960051,28.6515632834901,0,0,0,"none",0,30,1
0.533152573023477,0.0462558273181318,1,1,0.460858488157776,NA,0.999977691514349,1,0.475369005882786,NA,0.993358887271078,1,0.575262894003885,-0.175348311749874,NA,1,1,"S4","main",500,25,0.299354362960051,34.5635058808698,0,0,0,"none",0,31,1
0.525203178689523,0.00454542107494022,1,1,0.134397440667188,NA,0.667739767985062,0,0.00400416324823211,NA,0.0386710459390935,0,0.0344371975260524,0.0112003840227515,0.00898240764969094,0.160899497487437,0,"S4","main",500,25,0.299354362960051,21.4660714961452,0,0,0,"none",0,32,1
0.553171414366994,-0.0262608896586669,1,1,0.357696208081571,NA,0.996608726317081,1,0.137151016615683,NA,0.402100723775183,0,0.24963121434669,-0.200706878127564,0.0126718703269895,0.882035175879397,1,"S4","main",500,25,0.299354362960051,26.6527590168447,0,0,0,"none",0,33,1
0.555573580989597,-0.0102272052357207,1,1,0.372712814392571,NA,0.998932223814484,1,0.255613136924123,NA,0.71327816796204,1,0.388394292587483,0.000497579923535575,0.0100042004267021,0.957942211055276,1,"S4","main",500,25,0.299354362960051,29.6443501585496,0,0,0,"none",0,34,1
0.495509725033662,-0.0358459438433929,1,1,0.386871059004189,NA,0.999951886846892,1,0.314728590204747,NA,0.916919148018487,1,0.40423555141297,-0.111612954378378,0.00501748883498384,0.991841708542714,1,"S4","main",500,25,0.299354362960051,45.0284977479969,0,0,0,"none",0,35,1
0.494528519424281,-0.0269336745618448,1,1,0.380486204823132,NA,0.999440263244671,1,0.301506425874425,NA,0.845764833924753,1,0.432424155458799,-0.232188227178689,0.00290732852387646,0.995515075376884,1,"S4","main",500,25,0.299354362960051,32.9560175707553,0,0,0,"none",0,36,1
0.507326556283988,-0.0105146502389516,1,1,0.251738465379288,NA,0.978331801710858,1,0.205691596263235,NA,0.642214765842109,1,0.203765063325239,-0.188080304199974,0.0141542082661047,0.857964824120603,1,"S4","main",500,25,0.299354362960051,31.7630288266336,0,0,0,"none",0,37,1
0.541316185543895,0.0225745212008381,1,1,0.295799430889477,NA,0.987505032510739,1,0.173980784189352,NA,0.530389001333535,1,0.290461722456757,0.0187574020567828,0.0148538215572771,0.818643216080402,1,"S4","main",500,25,0.299354362960051,29.8213866466159,0,0,0,"none",0,38,1
0.489562617073756,-0.00458410157908185,1,1,0.155629914452607,NA,0.832980450265603,0,0.00934243715840521,NA,0.0638108846109494,0,0.00883128229751076,-0.00188961533395438,0.00297390762075929,0.0671758793969849,0,"S4","main",500,25,0.299354362960051,28.2652589059649,0,0,0,"none",0,39,1
0.442887547375477,-0.000876206251716653,1,1,0.163883654332482,NA,0.863767971677773,0,0.00874024329147,NA,0.0628666769280725,0,0.00820676168574378,0.00710085159316642,0.00350365205193183,0.084713567839196,0,"S4","main",500,25,0.299354362960051,33.5878665933922,0,0,0,"none",0,40,1
0.484365335075176,0.0134464943675524,1,1,0.33355721951531,NA,0.999848022792462,1,0.311393713036732,NA,0.93879298942418,1,0.325192862336547,0.00106831055900038,0.0074619564322117,0.97286432160804,1,"S4","main",500,25,0.299354362960051,45.1335246675208,0,0,0,"none",0,41,1
0.52519356081126,0.000963532768987829,1,1,0.387161872752558,NA,0.999696246562065,1,0.199174310712658,NA,0.579334162870005,1,0.390286059786621,0.00408282682902135,0.00741195237749735,0.97263567839196,1,"S4","main",500,25,0.299354362960051,35.0624695432718,0,0,0,"none",0,42,1
0.415181174592484,-0.016642382900365,1,1,0.16689774415569,NA,0.881451160691229,0,0.017378259655046,NA,0.0969858648766425,0,0.00667595723347835,-0.000447231615470973,0.00246161846279954,0.0589849246231156,0,"S4","main",500,25,0.299354362960051,34.2844800309642,0,0,0,"none",0,43,1
0.520033649665121,-0.0202077256719051,1,1,0.347091661260747,NA,0.998852379422965,1,0.388489177395515,NA,0.972382313834937,1,0.381832033291913,-0.147097348973384,0.00606459648562268,0.981962311557789,1,"S4","main",500,25,0.299354362960051,35.7456895287761,0,0,0,"none",0,44,1
0.45499948882955,-0.0244278726297297,1,1,0.326133638292994,NA,0.994670623859227,1,0.128378343765605,NA,0.411444904191988,0,0.265612827581878,0.04755359567916,0.0180550656669779,0.785778894472362,1,"S4","main",500,25,0.299354362960051,28.8268394336204,0,0,0,"none",0,45,1
0.524882640399612,-0.0180220751022482,1,1,0.435964670492251,NA,0.999975628416746,1,0.20125776747367,NA,0.581386051458154,1,0.480810417855145,0.175370389913247,NA,1,1,"S4","main",500,25,0.299354362960051,37.0523806511189,0,0,0,"none",0,46,1
0.515858171657056,-0.0103637568899138,1,1,0.257952207486208,NA,0.957810924835337,1,0.0197922327515162,NA,0.0942623025458219,0,0.225356430419224,-0.244134848283642,0.015802061492389,0.886806532663317,1,"S4","main",500,25,0.299354362960051,22.5811360033084,0,0,0,"none",0,47,1
0.411848864648883,0.0148733670633367,1,1,0.312692957881165,NA,0.995972951279253,1,0.141379594731354,NA,0.477236905438471,0,0.228619101593662,0.0678397321167592,0.0183290594489091,0.7558391959799,1,"S4","main",500,25,0.299354362960051,31.2346968137241,0,0,0,"none",0,48,1
0.502114298202287,0.00274631508609227,1,1,0.329010308912353,NA,0.995141696955868,1,0.030028213323533,NA,0.129605894960504,0,0.206088751366173,0.025637981485054,0.0123411019640323,0.63755527638191,1,"S4","main",500,25,0.299354362960051,31.5978256697461,0,0,0,"none",0,49,1
0.513883792120236,-0.000702758696330928,1,1,0.440768475922808,NA,0.99999880148222,1,0.415821776642238,NA,0.995502820542096,1,0.515209883613603,0.139579074105047,NA,1,1,"S4","main",500,25,0.299354362960051,45.4310749160543,0,0,0,"none",0,50,1
0.464083934396113,0.0244565772691827,1,1,0.308216211978371,NA,0.997193635481548,1,0.129563892112806,NA,0.447837705802475,0,0.102001452117225,0.00175236593913256,0.0146162061927959,0.40564824120603,0,"S4","main",500,25,0.299354362960051,37.3576276578324,0,0,0,"none",0,51,1
0.518724405006298,0.0259450567632389,1,1,0.272671417617531,NA,0.978622246421758,1,0.0216679088699285,NA,0.102726346577586,0,0.0615143111273503,0.0151806445447121,0.0109235760599882,0.246693467336683,0,"S4","main",500,25,0.299354362960051,29.8718029674232,0,0,0,"none",0,52,1
0.430395681329866,0.0415967845392308,1,1,0.240971582586455,NA,0.957707351297987,1,0.00617932739978069,NA,0.0490669837597263,0,0.0271641162041602,-0.0194408751719166,0.00652142598453236,0.158713567839196,0,"S4","main",500,25,0.299354362960051,27.559846555904,0,0,0,"none",0,53,1
0.464223943879227,0.000482718921663197,1,1,0.313612390111726,NA,0.998735435361022,1,0.168537705140418,NA,0.583954690575663,1,0.222331319903312,-0.0371525196578824,0.0195063392976252,0.765447236180904,1,"S4","main",500,25,0.299354362960051,39.1348511279073,0,0,0,"none",0,54,1
0.48269102617863,-0.0048440667994629,1,1,0.251251271717213,NA,0.962491151142102,1,0.0194855074295021,NA,0.0965270434387379,0,0.121561798203694,0.0650606590038208,0.0186179502410703,0.446690954773869,0,"S4","main",500,25,0.299354362960051,28.4488013150088,0,0,0,"none",0,55,1
0.521864902361534,0.0249323924645008,1,1,0.227916409153722,NA,0.950349608394155,1,0.0372524706144837,NA,0.161514616786554,0,0.0453741158505348,-0.0120697544328194,0.00870792677634642,0.2013391959799,0,"S4","main",500,25,0.299354362960051,26.5226519304642,0,0,0,"none",0,56,1
0.438137990949961,-0.0196209470279831,1,1,0.315244246941322,NA,0.999035352337532,1,0.157968591731579,NA,0.558130274951647,1,0.260380714467914,-0.204917176591167,0.00676159928398409,0.963977386934673,1,"S4","main",500,25,0.299354362960051,37.1179260240197,0,0,0,"none",0,57,1
0.47278981181656,0.0353904401407727,1,1,0.268621666364691,NA,0.984367407367233,1,0.0397601870836247,NA,0.165662477246501,0,0.0766919689182049,-0.0486832487620539,0.0136632265575275,0.383449748743719,0,"S4","main",500,25,0.299354362960051,30.7116130837645,0,0,0,"none",0,58,1
0.475093649011498,0.0224564269381734,1,1,0.304767137392929,NA,0.99475381913867,1,0.152791942594153,NA,0.50779958862909,1,0.351594736255024,-0.150368021261678,0.00908999868100119,0.957947236180904,1,"S4","main",500,25,0.299354362960051,27.9752112144405,0,0,0,"none",0,59,1
0.49947874050861,-0.0275300023461274,1,1,0.302605240802342,NA,0.993653210010552,1,0.150246548233476,NA,0.499183903839788,0,0.295100119863192,-0.0403731460519511,0.0164179010379892,0.848804020100502,1,"S4","main",500,25,0.299354362960051,30.4924870165682,0,0,0,"none",0,60,1
0.538073340756755,-0.0137984242252708,1,1,0.252680597470157,NA,0.958161407399049,1,0.0315518130517783,NA,0.124902070850258,0,0.0514808780491008,0.0400506033643359,0.00902756364044387,0.254786432160804,0,"S4","main",500,25,0.299354362960051,24.5411153342841,0,0,0,"none",0,61,1
0.509467749773272,-0.000719160769293358,1,1,0.341739926317198,NA,0.998637833082568,1,0.236704623275653,NA,0.690917849088178,1,0.36832384456904,-0.0214656910573717,0.00553073002641552,0.966766331658292,1,"S4","main",500,25,0.299354362960051,33.8189784466477,0,0,0,"none",0,62,1
0.499427100768864,0.0202943107798234,1,1,0.266896354354684,NA,0.977464897835923,1,0.0397233676630584,NA,0.159072916457741,0,0.0993543406187338,0.0194230987637767,0.0135294454617817,0.3828391959799,0,"S4","main",500,25,0.299354362960051,26.1304994531755,0,0,0,"none",0,63,1
0.525491930645355,-0.000304968161529936,1,1,0.340332385340337,NA,0.990989554303913,1,0.0463774822168606,NA,0.161132247820829,0,0.428727989364004,-0.102898415828778,0.00887478525903547,0.945545226130653,1,"S4","main",500,25,0.299354362960051,24.5178583874417,0,0,0,"none",0,64,1
0.486382280772847,-0.00585887950472071,1,1,0.202406120506839,NA,0.856122102916034,0,0.0241263038358073,NA,0.102204274993753,0,0.0172319694160369,-0.0189064067946182,0.00516713033742629,0.129180904522613,0,"S4","main",500,25,0.299354362960051,22.1261270995141,0,0,0,"none",0,65,1
0.565543611067821,-0.000838794693254395,1,1,0.359273632466448,NA,0.996511936240375,1,0.177770264589552,NA,0.506186868448553,1,0.26035993112512,0.095707957523745,0.0223935601516587,0.771909547738693,1,"S4","main",500,25,0.299354362960051,26.4450882769108,0,0,0,"none",0,66,1
0.565812098852152,-0.0145986289829885,1,1,0.306304279465144,NA,0.987714338371184,1,0.0865317496717361,NA,0.296446617222838,0,0.254707986988324,-0.243568534110364,0.0103439648156833,0.919057788944724,1,"S4","main",500,25,0.299354362960051,25.7396788407393,0,0,0,"none",0,67,1
0.548408258334624,0.00121793693758643,1,1,0.350959053393523,NA,0.998249464976205,1,0.146659036579045,NA,0.469194896430984,0,0.3939149573348,0.108452824050229,0.00483335600684657,0.983231155778895,1,"S4","main",500,25,0.299354362960051,30.802328618929,0,0,0,"none",0,68,1
0.496072120306032,0.0241672694356445,1,1,0.405464121577761,NA,0.999451411913136,1,0.36090086148253,NA,0.847386105680365,1,0.382167417913621,-0.103203916651182,0.00921670493495884,0.94622864321608,1,"S4","main",500,25,0.299354362960051,27.6647869960744,0,0,0,"none",0,69,1
0.550572792100106,-0.0298447723853667,1,1,0.386960405765124,NA,0.999715854393553,1,0.260302769612024,NA,0.752977986307164,1,0.418100172904275,-0.269684977964611,NA,1,1,"S4","main",500,25,0.299354362960051,33.2686303118653,0,0,0,"none",0,70,1
0.535967257020325,0.0146074388252281,1,1,0.510585970826469,NA,0.999999919422186,1,0.477613661670133,NA,0.999614587479257,1,0.486162342829619,-0.0753581008974367,NA,1,1,"S4","main",500,25,0.299354362960051,36.704329816173,0,0,0,"none",0,71,1
0.458592616663113,0.00408389786137087,1,1,0.292359940043413,NA,0.997302367504267,1,0.175874351346718,NA,0.618223415796535,1,0.230285003559736,-0.00574775221240645,0.0160212999425,0.791613065326633,1,"S4","main",500,25,0.299354362960051,40.3571508016094,0,0,0,"none",0,72,1
0.527827512730655,-0.00754964757468953,1,1,0.431972376144318,NA,0.999875536625429,1,0.117884304219102,NA,0.355075217595577,0,0.388463667890407,-0.0916639058395081,0.00844553297375938,0.960459798994975,1,"S4","main",500,25,0.299354362960051,35.3864831036736,0,0,0,"none",0,73,1
0.537305446650654,-0.00296029006000444,1,1,0.38229815621041,NA,0.999744549627392,1,0.290314873361847,NA,0.821897728907613,1,0.321838505443681,0.0874710215062652,0.0115044205028676,0.920123115577889,1,"S4","main",500,25,0.299354362960051,33.4477233107173,0,0,0,"none",0,74,1
0.522392604073515,0.0109337098478519,1,1,0.350067540829019,NA,0.995689705626713,1,0.210373152629554,NA,0.601849418902836,1,0.405277899148008,0.0988887411337694,0.00878884817524336,0.944143216080402,1,"S4","main",500,25,0.299354362960051,28.1393849569709,0,0,0,"none",0,75,1
0.455148038848882,-0.00514159844680279,1,1,0.328699399828551,NA,0.999437040538548,1,0.110062348317179,NA,0.400673191277055,0,0.425114075227149,0.00704628329555489,5.52777708157139e-05,0.99994472361809,1,"S4","main",500,25,0.299354362960051,42.0401888220586,0,0,0,"none",0,76,1
0.455001648501741,-0.0177760880743714,1,1,0.211434479807351,NA,0.94198346201197,0,0.0163559217552681,NA,0.088950954977305,0,0.077805900057322,-0.011303745590854,0.011977695155556,0.319618090452261,0,"S4","main",500,25,0.299354362960051,28.2266415057564,0,0,0,"none",0,77,1
0.46386447868435,0.00691180147225793,1,1,0.245306271553185,NA,0.968255363861257,1,0.0233987104493549,NA,0.113882616358382,0,0.0253772845247386,-0.00496885167465087,0.00658270066006306,0.125221105527638,0,"S4","main",500,25,0.299354362960051,31.4227484847444,0,0,0,"none",0,78,1
0.472863575098456,-0.0218247450307813,1,1,0.266273479153056,NA,0.980128428967847,1,0.0317372023581814,NA,0.135650334952615,0,0.0841957398767266,0.00826978793793538,0.0134046417678554,0.330736180904523,0,"S4","main",500,25,0.299354362960051,31.6014107338813,0,0,0,"none",0,79,1
0.449339844192114,-0.0136156290735525,1,1,0.375328698788159,NA,0.999740592885723,1,0.30469888409509,NA,0.847517691861259,1,0.397880993460662,-0.158000310351739,0.00119853156746819,0.998718592964824,1,"S4","main",500,25,0.299354362960051,37.699462554258,0,0,0,"none",0,80,1
0.57176730613329,0.064039995651935,1,1,0.250043786531073,NA,0.954578761352226,1,0.0342659357067694,NA,0.142083984440471,0,0.0724310016356928,-0.0254731998631513,0.0126270372749491,0.282874371859296,0,"S4","main",500,25,0.299354362960051,26.3290431363918,0,0,0,"none",0,81,1
0.542813068824953,-0.011007718693968,1,1,0.43336860176865,NA,0.999844798493965,1,0.349352696805454,NA,0.854135670413103,1,0.534731256470532,0.0172849241519906,NA,1,1,"S4","main",500,25,0.299354362960051,30.5231818778753,0,0,0,"none",0,82,1
0.574037446489659,0.00416841089633574,1,1,0.383113502974018,NA,0.999155952278502,1,0.0835444128851678,NA,0.273996161028131,0,0.314492186665748,0.0241414643470613,0.0130649521740192,0.861052763819095,1,"S4","main",500,25,0.299354362960051,32.294828033437,0,0,0,"none",0,83,1
0.502583543672385,0.0137881608080811,1,1,0.40004445200997,NA,0.999479842080385,1,0.211802884228425,NA,0.594011434211057,1,0.434775123662484,-0.00549009788124641,0.00552517533038411,0.985866834170854,1,"S4","main",500,25,0.299354362960051,26.4310590515189,0,0,0,"none",0,84,1
0.40055776988355,0.00863772407878101,1,1,0.287224704958214,NA,0.997325782748049,1,0.134146020523354,NA,0.512588140824472,1,0.225862196626865,-0.0333883155292353,0.0193546796480157,0.791233668341708,1,"S4","main",500,25,0.299354362960051,43.3507902633779,0,0,0,"none",0,85,1
0.50194627543639,0.037074271215593,1,1,0.422913405322579,NA,0.999976880084435,1,0.444177565316353,NA,0.990227470099358,1,0.474674157006087,0.0871032454920308,0.000716098394657944,0.99928391959799,1,"S4","main",500,25,0.299354362960051,40.4051495442691,0,0,0,"none",0,86,1
0.520762221881448,0.00784813451551539,1,1,0.414772287285451,NA,0.999664358739311,1,0.202190657970752,NA,0.574407908420899,1,0.435365633848325,0.0175139732788588,0.00472569967107207,0.982520100502513,1,"S4","main",500,25,0.299354362960051,27.3119298250192,0,0,0,"none",0,87,1
0.519300938755054,0.0124323205154087,1,1,0.459792167378285,NA,0.999981831672232,1,0.408883150197575,NA,0.972536895252413,1,0.4786402091374,0.206332355025096,NA,1,1,"S4","main",500,25,0.299354362960051,36.7586216070691,0,0,0,"none",0,88,1
0.50806569419639,-0.0013973647912361,1,1,0.313315212752922,NA,0.994087373157564,1,0.0826798752488335,NA,0.300222534149075,0,0.173924089386826,0.0303852891193921,0.0207490130670002,0.576130653266332,1,"S4","main",500,25,0.299354362960051,32.7340757047183,0,0,0,"none",0,89,1
0.557179473173706,-0.0162022480686083,1,1,0.49390572020347,NA,0.999995038239407,1,0.471477790093886,NA,0.985332693873494,1,0.473208786104376,0.00257104270647169,0.000201010075693495,0.999798994974874,1,"S4","main",500,25,0.299354362960051,31.0704013208636,0,0,0,"none",0,90,1
0.568840953253627,-0.030213239843583,1,1,0.349321772769903,NA,0.997333764116656,1,0.220809874104873,NA,0.650207911612466,1,0.191098949386773,-0.0369219360495086,0.0127867236455627,0.608665829145729,1,"S4","main",500,25,0.299354362960051,27.8855475928287,0,0,0,"none",0,91,1
0.481165679094278,-0.0245636537519456,1,1,0.39614893486662,NA,0.999984271094536,1,0.175632388621918,NA,0.58508025671646,1,0.475247631636655,0.0551028803068324,NA,1,1,"S4","main",500,25,0.299354362960051,45.7877844636705,0,0,0,"none",0,92,1
0.517211660386482,-0.0238221104620301,1,1,0.293161270387115,NA,0.973853270980314,1,0.0344028613089511,NA,0.131224684665501,0,0.0310263439622793,-0.00348058645442551,0.00591969252234109,0.136613065326633,0,"S4","main",500,25,0.299354362960051,20.1792150232354,0,0,0,"none",0,93,1
0.479434878742364,-0.00766783155185098,1,1,0.297291792732947,NA,0.994528140266134,1,0.148700190917628,NA,0.500613474327029,1,0.23802575683279,-0.0788165691199045,0.0158866434929361,0.76748743718593,1,"S4","main",500,25,0.299354362960051,34.7073897668408,0,0,0,"none",0,94,1
0.47034967034339,0.0166241008477212,1,1,0.40445277969314,NA,0.999841383308865,1,0.291205388803442,NA,0.800846990023346,1,0.492801238195298,-0.0146527808884057,0.00166464475229972,0.998057788944724,1,"S4","main",500,25,0.299354362960051,29.7488455479601,0,0,0,"none",0,95,1
0.481429460412724,0.00472082990502838,1,1,0.309429146998351,NA,0.991967089685927,1,0.122665392152825,NA,0.403676593155747,0,0.256832265083072,0.087208486212152,0.0149041450717712,0.777595477386935,1,"S4","main",500,25,0.299354362960051,33.085039030822,0,0,0,"none",0,96,1
0.472115665799495,0.00244819374463525,1,1,0.356964903697415,NA,0.999679142021995,1,0.203639047226527,NA,0.646029888186064,1,0.343015838659421,-0.00117501795894124,0.00591721377628966,0.965125628140704,1,"S4","main",500,25,0.299354362960051,39.8052911871985,0,0,0,"none",0,97,1
0.508515600504726,-0.0417621023587809,1,1,0.203230427107499,NA,0.843772458126823,0,0.0206022323608935,NA,0.0894460645413693,0,0.0564984121821776,-0.0250906482745486,0.010575081363033,0.21528391959799,0,"S4","main",500,25,0.299354362960051,19.501900601406,0,0,0,"none",0,98,1
0.536671495003852,-0.0343194486498342,1,1,0.304724278810401,NA,0.991812878694918,1,0.176469847966096,NA,0.536064390098915,1,0.382501806052731,0.0365057101384818,0.0123712537034658,0.922605527638191,1,"S4","main",500,25,0.299354362960051,25.7738455624695,0,0,0,"none",0,99,1
0.486827537576429,-0.0128572139385763,1,1,0.256213759537401,NA,0.982513107078496,1,0.0111278420348485,NA,0.0695502503475739,0,0.113961466485408,-0.0253744821172587,0.0156672592790468,0.420072864321608,0,"S4","main",500,25,0.299354362960051,36.9056736131346,0,0,0,"none",0,100,1
0.48586460660395,0.00526356311642106,1,1,0.353073745470252,NA,0.999997909764083,1,0.292487884440982,NA,0.953043087052568,1,0.401618865817338,-0.154715393132787,NA,1,1,"S4","main",500,70,0.500915658514495,75.1160236907621,0,0,0,"none",0,1,1
0.486226623260696,0.00194069284690503,1,1,0.275106601217258,NA,0.999649356472564,1,0.178722221884415,NA,0.698571510726627,1,0.275480680101814,-0.0146919008332643,0.0115963373093385,0.958874371859296,1,"S4","main",500,70,0.500915658514495,62.7415137668556,0,0,0,"none",0,2,1
0.459262298927198,-0.000783494590537797,1,1,0.38772888303364,NA,0.999999996444107,1,0.352001285846123,NA,0.999771088576869,1,0.403774760920008,0.0534161674284004,NA,1,1,"S4","main",500,70,0.500915658514495,89.9024261953988,0,0,0,"none",0,3,1
0.43120858010098,0.0121496832377363,1,1,0.2555579971167,NA,0.999387038939177,1,0.119586584048903,NA,0.525019380108951,1,0.212612975355736,0.0477960215295657,0.0167982869110274,0.897550251256281,1,"S4","main",500,70,0.500915658514495,74.9959007564013,0,0,0,"none",0,4,1
0.471804129109911,-0.00411777659795411,1,1,0.344398385909225,NA,0.99999979269496,1,0.291282581238488,NA,0.970776175801341,1,0.398070749612742,2.05313073450167e-05,NA,1,1,"S4","main",500,70,0.500915658514495,97.6312258778672,0,0,0,"none",0,5,1
0.442937993163839,-0.0363772286405021,1,1,0.264283311899525,NA,0.999767810458501,1,0.252493317350453,NA,0.950157154411854,1,0.287397375790967,0.0157257131909325,0.009434553134203,0.974376884422111,1,"S4","main",500,70,0.500915658514495,73.8199493987167,0,0,0,"none",0,6,1
0.418356158274954,-0.0120640352523626,1,1,0.275157228450935,NA,0.999882596879236,1,0.207307782701938,NA,0.801516249652897,1,0.273709943707582,0.0124456441399397,0.00412792176280434,0.985819095477387,1,"S4","main",500,70,0.500915658514495,73.643845212372,0,0,0,"none",0,7,1
0.431074829123329,0.0240529907128877,1,1,0.311642267165878,NA,0.99999917476272,1,0.294890505373573,NA,0.994757403496681,1,0.320548478318533,-0.00465380399255979,NA,1,1,"S4","main",500,70,0.500915658514495,93.965501099507,0,0,0,"none",0,8,1
0.44861910627333,-0.0127038479042044,1,1,0.290010235043177,NA,0.999972688483352,1,0.197816367300286,NA,0.794585403309653,1,0.316312348821655,0.0620757448247072,7.78914043312262e-05,0.999922110552764,1,"S4","main",500,70,0.500915658514495,96.9937682391964,0,0,0,"none",0,9,1
0.408479014587061,-0.0146030944286388,1,1,0.330843638345884,NA,0.999999737086029,1,0.293393289328387,NA,0.990851222691691,1,0.35071209000339,-0.072995025111495,NA,1,1,"S4","main",500,70,0.500915658514495,92.6734388105153,0,0,0,"none",0,10,1
0.470038110250048,0.00232481474631208,1,1,0.328427851021313,NA,0.999998550746213,1,0.237299273384819,NA,0.885240206532237,1,0.351048825307169,0.0546267243318946,NA,1,1,"S4","main",500,70,0.500915658514495,80.0168226059441,0,0,0,"none",0,11,1
0.435713538375586,-0.034686349238353,1,1,0.282944846071974,NA,0.999980693934765,1,0.271014076561819,NA,0.974500865613147,1,0.302328531101151,-0.00305015775349152,0.00349692008573709,0.995437185929648,1,"S4","main",500,70,0.500915658514495,89.4388970986701,0,0,0,"none",0,12,1
0.455847018084745,-0.00896999761065904,1,1,0.303030719656096,NA,0.999985900533865,1,0.198529145860783,NA,0.794178341225209,1,0.321399224338482,-0.058713703012778,NA,1,1,"S4","main",500,70,0.500915658514495,81.3393703775953,0,0,0,"none",0,13,1
0.38919173281171,-0.0231382455742001,1,1,0.252242989385497,NA,0.999676996166564,1,0.12233750628412,NA,0.557600073658949,1,0.207378036541009,0.0259372368695729,0.011634499672105,0.89041959798995,1,"S4","main",500,70,0.500915658514495,82.6782987925405,0,0,0,"none",0,14,1
0.464625678755275,0.0104465871007135,1,1,0.308622295842993,NA,0.999979219264215,1,0.205818166835838,NA,0.784474358410014,1,0.271216969057609,-0.0137559617399699,0.00592607266658285,0.983912060301508,1,"S4","main",500,70,0.500915658514495,70.9186668125752,0,0,0,"none",0,15,1
0.491281733147805,-0.019220356768845,1,1,0.371876958687283,NA,0.999999988739569,1,0.339399109991973,NA,0.999534535577917,1,0.366649794806743,0.0419167863830415,NA,1,1,"S4","main",500,70,0.500915658514495,101.261341754555,0,0,0,"none",0,16,1
0.467495195110099,0.0129590792285998,1,1,0.343468201050239,NA,0.999999948160503,1,0.364143025053132,NA,0.99996017744453,1,0.35223313405604,0.0813769497131758,NA,1,1,"S4","main",500,70,0.500915658514495,113.943563665334,0,0,0,"none",0,17,1
0.407356375480296,0.00161671887401642,1,1,0.322393218001912,NA,0.999999976833514,1,0.244025072755615,NA,0.97349711365249,1,0.315946330108526,0.101166017291451,NA,1,1,"S4","main",500,70,0.500915658514495,108.17357275582,0,0,0,"none",0,18,1
0.424252113049136,0.00313498897488795,1,1,0.258010431875104,NA,0.999904923907038,1,0.113780406238674,NA,0.547268318927056,1,0.168046620169268,0.0762025418572248,0.0110534068113631,0.897369346733668,1,"S4","main",500,70,0.500915658514495,85.7055453360147,0,0,0,"none",0,19,1
0.465296545683385,-0.0169669297902566,1,1,0.331290940716228,NA,0.999994203437692,1,0.289571513800101,NA,0.960722352499792,1,0.332546600974429,0.00247587247377419,0.000580416593564893,0.99941959798995,1,"S4","main",500,70,0.500915658514495,80.5773985854166,0,0,0,"none",0,20,1
0.487108126974839,-0.0143389800957639,1,1,0.329780597974981,NA,0.999999458180296,1,0.299837505327816,NA,0.99482845598967,1,0.331750656878594,-0.0274041318875405,NA,1,1,"S4","main",500,70,0.500915658514495,86.4055471459773,0,0,0,"none",0,21,1
0.44815726951857,-0.0122037206403269,1,1,0.295895777098641,NA,0.999991562606267,1,0.260232511911051,NA,0.980426271849334,1,0.309655453230761,0.0950034917537557,NA,1,1,"S4","main",500,70,0.500915658514495,88.1805419339063,0,0,0,"none",0,22,1
0.466582209662528,-0.0027770360222113,1,1,0.264596881739705,NA,0.999879475857153,1,0.301500959867036,NA,0.996450102536072,1,0.219963416759963,0.0467657919964253,0.00877477910654855,0.951263819095477,1,"S4","main",500,70,0.500915658514495,72.0044200406075,0,0,0,"none",0,23,1
0.470598845850794,0.010067525072512,1,1,0.329086443975069,NA,0.999997750726722,1,0.31863836681722,NA,0.992610466218378,1,0.307948125264428,-0.0422136717239902,0.000356055357677587,0.999505025125628,1,"S4","main",500,70,0.500915658514495,78.5110524814271,0,0,0,"none",0,24,1
0.42836021583454,0.0149091516733004,1,1,0.274570864844222,NA,0.999986111405101,1,0.222195307416488,NA,0.925141916990467,1,0.23197457032273,0.060735125050956,0.00474197011249783,0.990005025125628,1,"S4","main",500,70,0.500915658514495,96.6113738504846,0,0,0,"none",0,25,1
0.463810245401246,0.00998937024357475,1,1,0.290183248301476,NA,0.999987849357177,1,0.243202190240644,NA,0.952637462684888,1,0.263697486808057,0.0170786079512877,0.00482848724764793,0.984917085427136,1,"S4","main",500,70,0.500915658514495,100.839085707296,0,0,0,"none",0,26,1
0.46501628411576,0.0110451056354881,1,1,0.335873806330524,NA,0.999999421832842,1,0.299754696021101,NA,0.990999671112792,1,0.347768375038077,-0.0502530084431308,NA,1,1,"S4","main",500,70,0.500915658514495,95.4785823237642,0,0,0,"none",0,27,1
0.430964511251576,0.00534673475109175,1,1,0.298588411137861,NA,0.999993863670098,1,0.292311165299908,NA,0.988780804846056,1,0.319747107968584,-0.0474854896566375,NA,1,1,"S4","main",500,70,0.500915658514495,85.7603011966474,0,0,0,"none",0,28,1
0.464144564931552,-0.000286368890738787,1,1,0.337464317039554,NA,0.999997745473811,1,0.30450790352918,NA,0.979549413989028,1,0.326086153794383,0.0351282817762197,0.00179807063601512,0.997326633165829,1,"S4","main",500,70,0.500915658514495,79.564926766234,0,0,0,"none",0,29,1
0.472005822214522,0.00704917906713503,1,1,0.387200042944588,NA,0.999999978583755,1,0.348968686278846,NA,0.999211617350992,1,0.392782978197688,-0.0839084215827472,NA,1,1,"S4","main",500,70,0.500915658514495,84.4194617097203,0,0,0,"none",0,30,1
0.476865102666555,0.000786065636719007,1,1,0.382728544781094,NA,0.999999999163804,1,0.354475623419777,NA,0.999934012364151,1,0.411949980149001,0.0613132713102124,NA,1,1,"S4","main",500,70,0.500915658514495,102.544845110877,0,0,0,"none",0,31,1
0.460615353776222,-0.00810331345657334,1,1,0.339268260142275,NA,0.999996357645449,1,0.289006023239826,NA,0.959845071621165,1,0.332978230429519,-0.0513172866887414,NA,1,1,"S4","main",500,70,0.500915658514495,67.4845423527292,0,0,0,"none",0,32,1
0.477309448195735,0.00381734593825072,1,1,0.272764566553112,NA,0.999740972778225,1,0.287503621602273,NA,0.992820537186466,1,0.24964565067972,0.0580747266959724,0.0077318136163525,0.959474874371859,1,"S4","main",500,70,0.500915658514495,77.111538283128,0,0,0,"none",0,33,1
0.460148590961668,-0.00200009871270183,1,1,0.320508755344547,NA,0.999993242721084,1,0.31394613112128,NA,0.988860626044209,1,0.367700336100581,0.0155989046302696,NA,1,1,"S4","main",500,70,0.500915658514495,71.3127058126709,0,0,0,"none",0,34,1
0.488097372622744,-0.00918167049351133,1,1,0.298325637712283,NA,0.999980881297812,1,0.270155230532052,NA,0.961675196956768,1,0.299207834502539,0.0147485106576603,0.00365819405102247,0.994329145728643,1,"S4","main",500,70,0.500915658514495,82.2363451993163,0,0,0,"none",0,35,1
0.455518276972104,0.00942628997977364,1,1,0.24927896301494,NA,0.999312388751807,1,0.130519349259389,NA,0.575507378672202,1,0.214372212614328,0.000644682826390528,0.0128351887592228,0.889100502512563,1,"S4","main",500,70,0.500915658514495,72.5642753689008,0,0,0,"none",0,36,1
0.466742538187804,0.00581385088015305,1,1,0.321055160652434,NA,0.999982420726267,1,0.312367023209892,NA,0.986960365281185,1,0.291996938936397,-0.0121775075616596,0.0024551274287227,0.992145728643216,1,"S4","main",500,70,0.500915658514495,64.0393277937441,0,0,0,"none",0,37,1
0.421491269081611,-0.00532418388483755,1,1,0.285097944153996,NA,0.999996110884034,1,0.232817919252623,NA,0.943271160985663,1,0.258708849126524,-0.00734910905592493,0.00217107828476768,0.997502512562814,1,"S4","main",500,70,0.500915658514495,93.6839808505063,0,0,0,"none",0,38,1
0.485407197919904,-0.000961389454067059,1,1,0.283766464964413,NA,0.999880580957447,1,0.19269241872402,NA,0.746489532658633,1,0.246063026869843,0.0381888956965267,0.00945725953863264,0.945293969849246,1,"S4","main",500,70,0.500915658514495,74.6789527706292,0,0,0,"none",0,39,1
0.411754383186983,-0.0275348807195283,1,1,0.221945040583274,NA,0.998202989450808,1,0.113817893826165,NA,0.53131648514987,1,0.093471992391561,-0.0188688640307328,0.0141458254173671,0.519007537688442,1,"S4","main",500,70,0.500915658514495,74.3259862998029,0,0,0,"none",0,40,1
0.488985746793124,0.0236005834417438,1,1,0.394475288947406,NA,0.99999999979781,1,0.355151360299523,NA,0.999949258097177,1,0.419374135277944,0.0983046897826498,NA,1,1,"S4","main",500,70,0.500915658514495,107.793118398332,0,0,0,"none",0,41,1
0.402855071683193,0.0192902108599821,1,1,0.226320959712026,NA,0.99906793620704,1,0.0587774395534357,NA,0.334867207543169,0,0.135308847122799,-0.0180503243614947,0.0135293822971916,0.697937185929648,1,"S4","main",500,70,0.500915658514495,79.927760561139,0,0,0,"none",0,42,1
0.503705612673412,-0.0121078236042486,1,1,0.267872175426943,NA,0.999565124817761,1,0.190878518520921,NA,0.771646765788602,1,0.160839949060098,-0.038816082187602,0.0184401106469104,0.737638190954774,1,"S4","main",500,70,0.500915658514495,73.8997983836642,0,0,0,"none",0,43,1
0.521225132961115,0.0188907722220841,1,1,0.42728716086394,NA,0.999999997010273,1,0.408289380760191,NA,0.999879141424837,1,0.448059381689488,-0.0561990279149985,NA,1,1,"S4","main",500,70,0.500915658514495,73.5539760038892,0,0,0,"none",0,44,1
0.424314905882264,0.0160922124480353,1,1,0.320685022392439,NA,0.999999818702878,1,0.262084084800042,NA,0.971478402020396,1,0.355317202273028,0.0489020859992589,NA,1,1,"S4","main",500,70,0.500915658514495,89.5246800879289,0,0,0,"none",0,45,1
0.46055805709075,0.00931337553254677,1,1,0.337158534719415,NA,0.999998766219907,1,0.303571055708886,NA,0.991499900543685,1,0.335307237257078,0.0357332702588146,NA,1,1,"S4","main",500,70,0.500915658514495,91.1301271325868,0,0,0,"none",0,46,1
0.431733873365058,0.00139220737437965,1,1,0.244186186313979,NA,0.999619406203222,1,0.109953526620796,NA,0.513764802979237,1,0.205195847653843,-0.0113016638056529,0.0154800540712258,0.884391959798995,1,"S4","main",500,70,0.500915658514495,78.0583720441777,0,0,0,"none",0,47,1
0.418341493418911,-0.00998215958787574,1,1,0.220340628373507,NA,0.996288198776063,1,0.0568734075785145,NA,0.280468125498871,0,0.159938094918016,-0.0527292146522153,0.0112642357030773,0.755218592964824,1,"S4","main",500,70,0.500915658514495,69.558118010547,0,0,0,"none",0,48,1
0.434870347879758,0.00348293452708459,1,1,0.29251631665409,NA,0.999985738307492,1,0.165907244457137,NA,0.703920722393786,1,0.23496394954803,-0.0060770389999849,0.00491521735056919,0.973243718592965,1,"S4","main",500,70,0.500915658514495,70.882809269721,0,0,0,"none",0,49,1
0.432963419559701,0.00203707260695243,1,1,0.265986634388379,NA,0.99974427029392,1,0.211633572174741,NA,0.787920643678868,1,0.276222155572317,-0.00342956642855692,0.0065097822895554,0.978391959798995,1,"S4","main",500,70,0.500915658514495,74.3272118762822,0,0,0,"none",0,50,1
0.419679979376617,0.00363638605078891,1,1,0.25329485530685,NA,0.999859434381576,1,0.122740985130379,NA,0.59183695203624,1,0.251073954374071,-0.0461842743082488,0.00476128159435916,0.984816582914573,1,"S4","main",500,70,0.500915658514495,102.130675821698,0,0,0,"none",0,51,1
0.485527120024142,0.0312546545093029,1,1,0.326582054811806,NA,0.999998559139388,1,0.287922353587863,NA,0.991574886486953,1,0.30693176922497,0.0397632449782988,NA,1,1,"S4","main",500,70,0.500915658514495,90.0911819176823,0,0,0,"none",0,52,1
0.432997181975114,-0.0161484139803014,1,1,0.278861016580883,NA,0.99998075915789,1,0.191401683831635,NA,0.842011108448275,1,0.283754086923177,-0.0517547496118832,0.000648895914648766,0.999246231155779,1,"S4","main",500,70,0.500915658514495,89.4850998289891,0,0,0,"none",0,53,1
0.420476402790522,0.0211635830164183,1,1,0.225177700578047,NA,0.99536322689841,1,0.027364319651357,NA,0.150029397337626,0,0.176101559067442,0.113565181444029,0.010305136170343,0.92472864321608,1,"S4","main",500,70,0.500915658514495,63.8299077039887,0,0,0,"none",0,54,1
0.500400945824814,0.00820941617360845,1,1,0.334962965951508,NA,0.999998976783983,1,0.29743545994795,NA,0.984549991481679,1,0.367994956263331,0.0858892493389976,NA,1,1,"S4","main",500,70,0.500915658514495,79.5469886860176,0,0,0,"none",0,55,1
0.457044564875726,0.00779051087004459,1,1,0.228908839105439,NA,0.998882856422283,1,0.163438520913014,NA,0.722257775535911,1,0.1296385812185,0.0155273880906968,0.018282262414771,0.650653266331658,1,"S4","main",500,70,0.500915658514495,84.293237909049,0,0,0,"none",0,56,1
0.46559378413321,0.0152873508041378,1,1,0.286906347546552,NA,0.999977426343444,1,0.290203719856042,NA,0.993274585967122,1,0.310545745839445,0.118072112833903,NA,1,1,"S4","main",500,70,0.500915658514495,91.7596909715515,0,0,0,"none",0,57,1
0.422669888395613,0.0271449435259132,1,1,0.298533104728371,NA,0.999968278557168,1,0.233013192153382,NA,0.88848488513472,1,0.276610054069036,0.0163879345178783,0.0049554037826232,0.981472361809045,1,"S4","main",500,70,0.500915658514495,77.9046838691076,0,0,0,"none",0,58,1
0.428836060075485,0.00163308435596035,1,1,0.240375016876833,NA,0.999162649066519,1,0.179134993789793,NA,0.751181193879263,1,0.166387071107809,0.0336319756650848,0.0223338037722659,0.76021608040201,1,"S4","main",500,70,0.500915658514495,75.0395865836378,0,0,0,"none",0,59,1
0.44207155201606,-0.0219896344564237,1,1,0.281120848414809,NA,0.999957145816101,1,0.137108320558427,NA,0.616542132617196,1,0.269764085332855,-0.0696045300152301,0.00187210309636959,0.995449748743719,1,"S4","main",500,70,0.500915658514495,95.0282782334234,0,0,0,"none",0,60,1
0.458730409435729,-0.019535704899172,1,1,0.32655617198321,NA,0.999996701350208,1,0.291066490343198,NA,0.98480217315382,1,0.31282113312552,-0.0924238335222721,0.000170858564339476,0.999829145728643,1,"S4","main",500,70,0.500915658514495,82.9704814032739,0,0,0,"none",0,61,1
0.437137966622024,-0.0216690422151493,1,1,0.237189671341007,NA,0.998877177400993,1,0.124454664718739,NA,0.559863363526264,1,0.248390660085464,0.0578383722028127,0.00833176730325705,0.961396984924623,1,"S4","main",500,70,0.500915658514495,70.6844735940002,0,0,0,"none",0,62,1
0.482407790718443,0.0124262606586727,1,1,0.327550474214648,NA,0.999995721550668,1,0.269754363260942,NA,0.921355470306403,1,0.31775201388812,-0.0640059605102018,NA,1,1,"S4","main",500,70,0.500915658514495,78.4301595576309,0,0,0,"none",0,63,1
0.448385314891822,0.0108218685811183,1,1,0.281876931690435,NA,0.999941592244738,1,0.191114090246164,NA,0.813286964374705,1,0.268055791668338,-0.00166907009325312,0.00475853935073205,0.981469849246231,1,"S4","main",500,70,0.500915658514495,83.3994267200829,0,0,0,"none",0,64,1
0.454996014658931,-0.0258083041714565,1,1,0.272495258322619,NA,0.999652033691245,1,0.15724672733134,NA,0.621476940333173,1,0.179500237010316,0.0128584850344644,0.0167899745613248,0.778396984924623,1,"S4","main",500,70,0.500915658514495,63.2773518562922,0,0,0,"none",0,65,1
0.42471412601822,-0.002771684558029,1,1,0.304160972179591,NA,0.999996933365549,1,0.255383651849086,NA,0.9656000743681,1,0.330358993851804,-0.00617989800755699,NA,1,1,"S4","main",500,70,0.500915658514495,96.6742042479575,0,0,0,"none",0,66,1
0.500458165788839,-0.0211253498969478,1,1,0.372389192147602,NA,0.999999993334795,1,0.351721336060781,NA,0.999980070330992,1,0.401654344560155,0.028327216457512,NA,1,1,"S4","main",500,70,0.500915658514495,97.474474725723,0,0,0,"none",0,67,1
0.391011590759123,0.010481237001625,1,1,0.247164387892239,NA,0.999658417797454,1,0.205639653115361,NA,0.829806282131795,1,0.274708445940699,0.000981808622307384,0.00461767896869806,0.992306532663317,1,"S4","main",500,70,0.500915658514495,83.03421480471,0,0,0,"none",0,68,1
0.430448270352906,-0.00355909346919068,1,1,0.243620721309796,NA,0.999205140059068,1,0.061578174943237,NA,0.31510906192467,0,0.223129864072453,-0.0548946542099354,0.00799379694867412,0.954977386934673,1,"S4","main",500,70,0.500915658514495,79.2934831998569,0,0,0,"none",0,69,1
0.481967684966442,0.0287550292537687,1,1,0.358935658032216,NA,0.999999874742744,1,0.31261316126864,NA,0.995624072735806,1,0.336452708777567,0.0603066020084252,NA,1,1,"S4","main",500,70,0.500915658514495,93.1276586526902,0,0,0,"none",0,70,1
0.433519102399483,-0.00847595685760971,1,1,0.29883816230479,NA,0.999985360236907,1,0.256639589939806,NA,0.94495813385268,1,0.258576927979574,0.051443234525573,0.00382411080514052,0.990497487437186,1,"S4","main",500,70,0.500915658514495,85.3660419358431,0,0,0,"none",0,71,1
0.459859719984048,0.0323536572846102,1,1,0.237060372347797,NA,0.998668988198919,1,0.196553907006818,NA,0.784291106516995,1,0.261133847139415,0.0179685364209325,0.00752391418472816,0.964826633165829,1,"S4","main",500,70,0.500915658514495,76.0197479173614,0,0,0,"none",0,72,1
0.417619441390368,-0.00753635741608528,1,1,0.276364379596415,NA,0.99994068373286,1,0.21062381957651,NA,0.836696471688451,1,0.302670247771053,-0.00940207013250539,0.000994588457617503,0.998376884422111,1,"S4","main",500,70,0.500915658514495,77.7536420511844,0,0,0,"none",0,73,1
0.413895499743154,0.00995958731198154,1,1,0.211088445649771,NA,0.997937805742369,1,0.148283733962611,NA,0.691600290081083,1,0.21885898780608,-0.0215855529882589,0.00876475895053039,0.927168341708543,1,"S4","main",500,70,0.500915658514495,93.2859196688341,0,0,0,"none",0,74,1
0.443631294038854,0.01669175943051,1,1,0.313237680107587,NA,0.999999470060643,1,0.30064349415152,NA,0.996870968532014,1,0.28750265907942,-0.011123666720879,0.00103268926387522,0.998967336683417,1,"S4","main",500,70,0.500915658514495,104.006970977931,0,0,0,"none",0,75,1
0.386259941422784,-0.00583507801072417,1,1,0.245878129786902,NA,0.999594616468082,1,0.157465149559857,NA,0.697980772065346,1,0.213063623473673,0.0314182995391143,0.00989476440706192,0.917879396984925,1,"S4","main",500,70,0.500915658514495,80.301065348291,0,0,0,"none",0,76,1
0.466975460918439,-0.0189929930116624,1,1,0.300270346716153,NA,0.999994703882751,1,0.230760685043064,NA,0.907672421045386,1,0.32214225415398,0.0787811494753433,NA,1,1,"S4","main",500,70,0.500915658514495,85.2522524147797,0,0,0,"none",0,77,1
0.394153107255576,-0.0246421333047508,1,1,0.283497002340416,NA,0.999983869481596,1,0.272415782334187,NA,0.974085940811086,1,0.262359159285397,0.0613486649686679,0.00211679761743107,0.995633165829146,1,"S4","main",500,70,0.500915658514495,83.8010058729369,0,0,0,"none",0,78,1
0.395717350985836,-0.0227753767379581,1,1,0.271815399122704,NA,0.999955110664027,1,0.178671753881393,NA,0.787160254745593,1,0.306214830033599,-0.0758137469539075,0.00164074474284792,0.998359296482412,1,"S4","main",500,70,0.500915658514495,88.1039535383969,0,0,0,"none",0,79,1
0.370002350998434,-0.00237875961020395,1,1,0.224027086693419,NA,0.999421336107208,1,0.178749147544566,NA,0.836540115953173,1,0.151648644583875,0.0342257541227222,0.0193536858193519,0.774497487437186,1,"S4","main",500,70,0.500915658514495,88.215009126898,0,0,0,"none",0,80,1
0.440575796123867,-0.00256947751618166,1,1,0.293702383353589,NA,0.999995016460086,1,0.272254312712027,NA,0.981846964737339,1,0.325519255434047,0.0668329043354722,NA,1,1,"S4","main",500,70,0.500915658514495,92.1797863386671,0,0,0,"none",0,81,1
0.540670951402538,0.0130928176703905,1,1,0.424851996994033,NA,0.999999994619741,1,0.402835458382915,NA,0.999945555000036,1,0.42376834692797,0.113810984955232,NA,1,1,"S4","main",500,70,0.500915658514495,82.1088831848025,0,0,0,"none",0,82,1
0.456626128871086,0.00770394625460231,1,1,0.315157952607522,NA,0.999999308000977,1,0.2832025958434,NA,0.994093335602145,1,0.31812149177593,-0.0353225891648658,NA,1,1,"S4","main",500,70,0.500915658514495,102.807340732507,0,0,0,"none",0,83,1
0.449548547494823,-0.0146580328361253,1,1,0.290689273944178,NA,0.999990075906494,1,0.238336654306389,NA,0.908026945116835,1,0.299688539661682,-0.0409811266356702,NA,1,1,"S4","main",500,70,0.500915658514495,99.7457470453997,0,0,0,"none",0,84,1
0.435920568808626,0.0228073182395897,1,1,0.2140894371312,NA,0.994720019042749,1,0.076035336288026,NA,0.372121968758091,0,0.154525930433829,-0.00787891186187347,0.0149039066528252,0.681276381909548,1,"S4","main",500,70,0.500915658514495,67.011519084848,0,0,0,"none",0,85,1
0.451467072894607,0.00198135968377625,1,1,0.340012564012045,NA,0.999997643903522,1,0.366519020028771,NA,0.99953782052151,1,0.383275075683261,0.0337164274561209,NA,1,1,"S4","main",500,70,0.500915658514495,71.2795637247478,0,0,0,"none",0,86,1
0.459767929395171,0.00544755947826566,1,1,0.350421197308244,NA,0.999998174220839,1,0.292661046776674,NA,0.943601464142399,1,0.412125583794798,0.0551433834190444,NA,1,1,"S4","main",500,70,0.500915658514495,70.8344325846811,0,0,0,"none",0,87,1
0.408950303157561,0.000776180617884846,1,1,0.272103106141688,NA,0.999861345514142,1,0.26314652257001,NA,0.963238976597273,1,0.206814070570632,-0.0144798271878769,0.0134723007562917,0.880811557788945,1,"S4","main",500,70,0.500915658514495,73.1347672547522,0,0,0,"none",0,88,1
0.452405075053368,-0.00573457046639688,1,1,0.373582845701494,NA,0.999999997365007,1,0.305346086541058,NA,0.997372461916355,1,0.40207862850247,0.0638377519581534,NA,1,1,"S4","main",500,70,0.500915658514495,104.389018823616,0,0,0,"none",0,89,1
0.435903083327064,0.0167105563735254,1,1,0.327394041483431,NA,0.999999962674176,1,0.280947471902112,NA,0.998128776497869,1,0.31427309326219,0.144794640491355,NA,1,1,"S4","main",500,70,0.500915658514495,106.087513955801,0,0,0,"none",0,90,1
0.429480378472515,0.00763755499209914,1,1,0.236659792873055,NA,0.99899540490677,1,0.0825971701610576,NA,0.398156744993463,0,0.111107817781113,0.0280552037825462,0.0146837025596308,0.572547738693467,1,"S4","main",500,70,0.500915658514495,71.7441721488789,0,0,0,"none",0,91,1
0.407247690354167,-0.0043185161567347,1,1,0.28090925617182,NA,0.999982121325221,1,0.239590419839419,NA,0.962431454247614,1,0.265362250784631,-0.0190246609426806,0.00237745295369826,0.994592964824121,1,"S4","main",500,70,0.500915658514495,95.4566227444212,0,0,0,"none",0,92,1
0.507596946770064,0.0123436592461188,1,1,0.279430776747871,NA,0.999891415482827,1,0.278867491145315,NA,0.96634727066237,1,0.29497012639539,-0.00551363406837902,0.00616758778695449,0.984288944723618,1,"S4","main",500,70,0.500915658514495,76.856014130518,0,0,0,"none",0,93,1
0.438613871691563,0.00974102442473422,1,1,0.286912283782068,NA,0.99990275802576,1,0.183706362494753,NA,0.730525399982935,1,0.296459708764254,-0.00923032715467699,0.00625156248634791,0.984002512562814,1,"S4","main",500,70,0.500915658514495,81.1657425765032,0,0,0,"none",0,94,1
0.447264589954648,0.00860376783443161,1,1,0.312286619628792,NA,0.999986992384808,1,0.246006781707552,NA,0.853322208020385,1,0.31037186202286,-0.0066537266871203,0.000900957613251613,0.998881909547739,1,"S4","main",500,70,0.500915658514495,82.0124355451655,0,0,0,"none",0,95,1
0.48685945613808,0.00110579693449967,1,1,0.415417483662867,NA,0.999999999996894,1,0.352161804098776,NA,0.999981664118943,1,0.433192614519218,0.0584363750842524,NA,1,1,"S4","main",500,70,0.500915658514495,99.6945359952733,0,0,0,"none",0,96,1
0.457193585040176,0.0103214003725239,1,1,0.331227155016448,NA,0.999999182707297,1,0.258187160615806,NA,0.934924760233541,1,0.328907184154482,0.00392168119933187,NA,1,1,"S4","main",500,70,0.500915658514495,83.1710380003258,0,0,0,"none",0,97,1
0.426923076241476,0.0153114802391465,1,1,0.248803132660928,NA,0.999638130118447,1,0.191466944827286,NA,0.796701324708863,1,0.18503324379652,0.0688088239772413,0.0196706117993583,0.872535175879397,1,"S4","main",500,70,0.500915658514495,79.9893418629551,0,0,0,"none",0,98,1
0.442245047979015,-0.000268761849889798,1,1,0.316877839830403,NA,0.999996372245059,1,0.328657025716586,NA,0.999503719156777,1,0.303936404045297,0.00153341576867178,0.00220835152363325,0.996165829145729,1,"S4","main",500,70,0.500915658514495,87.2800058977539,0,0,0,"none",0,99,1
0.426089739774021,-0.0130551058571481,1,1,0.334879116311128,NA,0.999999886436472,1,0.308613308808455,NA,0.998897657477796,1,0.377332666444834,-0.00347622417021288,NA,1,1,"S4","main",500,70,0.500915658514495,93.907852553334,0,0,0,"none",0,100,1
0.233221039492532,0.0179931554015901,0.999999999998859,1,0.157807900920716,NA,0.323805087362264,0,0.0167270231063307,NA,0.0496214604590248,0,0.0621547623549022,-0.0362883900887822,0.00960915639567071,0.259861809045226,0,"S4","null",1000,1,0.0421424234553761,1.97051029891487,0,0,0,"none",0,1,0
0.264101637527351,-0.0108458993961605,1,1,0.450727905434532,NA,0.8689785154826,0,0.11188819473589,NA,0.178715500077853,0,0.454683943595874,-0.0655631593727522,0.0169905572350551,0.682824120603015,1,"S4","null",1000,1,0.0421424234553761,2.68922398220155,0,0,0,"none",0,2,0
0.26798521129004,-0.0113877181691245,1,1,0.174307750568249,NA,0.4759826312229,0,0.00595541676037246,NA,0.0370889155299558,0,0.172382121894776,0.0287211751343709,0.0164590044505669,0.352100502512563,0,"S4","null",1000,1,0.0421424234553761,3.71455604708676,0,0,0,"none",0,3,0
0.244997186478409,-0.0028740211564619,0.999999999999996,1,-0.0825359215262295,NA,0.246725904314861,0,-0.00724929728341205,NA,0.0400651381019483,0,-0.0129029342190549,-0.00378904451940318,0.00592140976245541,0.119346733668342,0,"S4","null",1000,1,0.0421424234553761,3.28064814966432,0,0,0,"none",0,4,0
0.249709069419128,-0.0084638395174519,0.999999999999958,1,-0.139708383439942,NA,0.392886225967457,0,4.77449381979577e-05,NA,0.0324230224479858,0,0.00698938524769261,0.0959186419966785,0.0175610046027646,0.405497487437186,0,"S4","null",1000,1,0.0421424234553761,4.16365595895922,0,0,0,"none",0,5,0
0.219042215683972,0.0271374271435224,0.99999999999767,1,0.266896806941008,NA,0.632583932098825,0,0.0458415894058474,NA,0.0960687241551002,0,0.142031723923901,-0.0334244944220904,0.0137416486985376,0.318354271356784,0,"S4","null",1000,1,0.0421424234553761,2.85872311400908,0,0,0,"none",0,6,0
0.313317744544987,0.0137996146035195,1,1,0.468299457379407,NA,0.853280857429362,0,0.0320281230707753,NA,0.0729554351287601,0,0.220129501690799,-0.0564164420811265,0.0194897022818933,0.4953391959799,0,"S4","null",1000,1,0.0421424234553761,3.36440978708779,0,0,0,"none",0,7,0
0.244256406721214,0.0355587790170517,0.999999999999999,1,-0.0613630366267818,NA,0.20781767953004,0,0.00506110216235055,NA,0.0424871393678844,0,0.489846645683719,-0.0113335968763513,0.0192716604977653,0.665510050251256,1,"S4","null",1000,1,0.0421424234553761,4.07139029590237,0,0,0,"none",0,8,0
0.345045941129741,0.0112011788836499,1,1,0.294427778719144,NA,0.572387049171033,0,0.0680677770656443,NA,0.117375492147936,0,0.0655972567729148,-0.0372678414207272,0.0124549794513371,0.265170854271357,0,"S4","null",1000,1,0.0421424234553761,1.14502725960784,0,0,0,"none",0,9,0
0.269936685740283,0.00544051662789521,1,1,0.140304652814956,NA,0.388749682152179,0,0.0367620342727439,NA,0.0926860041508087,0,0.0522165231770071,-0.0136080316119273,0.00636602746920133,0.196115577889447,0,"S4","null",1000,1,0.0421424234553761,3.57492677693097,0,0,0,"none",0,10,0
0.224385509948351,-0.01329300486693,0.999999999997385,1,0.0315743950894535,NA,0.0774901832034713,0,0.00254928788664823,NA,0.0332927178366263,0,0.0856850688492549,-0.0691708286717813,0.0165597700533486,0.356429648241206,0,"S4","null",1000,1,0.0421424234553761,1.69282113659586,0,0,0,"none",0,11,0
0.255228807173997,-0.000922817750909398,1,1,-0.0811442460758152,NA,0.189458457874541,0,-0.0134983456312775,NA,0.0466798659947653,0,-0.00474722227382652,-0.103003778674629,0.0159839361807432,0.4493391959799,0,"S4","null",1000,1,0.0421424234553761,2.30117927629601,0,0,0,"none",0,12,0
0.252181933903945,-0.00217269014417494,0.999999999999995,1,0.423409431647139,NA,0.746443639633114,0,0.010445041594559,NA,0.0428182282311752,0,0.0428430462353749,0.0225375017297155,0.00794522663465718,0.193248743718593,0,"S4","null",1000,1,0.0421424234553761,1.48022618629603,0,0,0,"none",0,13,0
0.272303473723482,-0.0279049264414148,1,1,0.447918086104933,NA,0.807519173518915,0,0.0389912360501807,NA,0.0829790549210151,0,0.266684050800127,-0.0866982925243603,0.0219140514494778,0.490057788944724,0,"S4","null",1000,1,0.0421424234553761,2.76326114538353,0,0,0,"none",0,14,0
0.26620382586568,-0.0208437698794741,1,1,0.212630176938197,NA,0.592814542853716,0,0.00212022438576704,NA,0.0349286123240272,0,-0.0107694279540948,0.0224247234437817,0.00760044989673759,0.151628140703518,0,"S4","null",1000,1,0.0421424234553761,3.8568788052905,0,0,0,"none",0,15,0
0.208703167169218,-0.000730128831977246,0.999999999894761,1,0.367337555091623,NA,0.634234266690981,0,0.0204302525842782,NA,0.0505125376331664,0,0.23251732178741,0.288448810288064,0.0152718025672319,0.901492462311558,1,"S4","null",1000,1,0.0421424234553761,1.62065549832675,0,0,0,"none",0,16,0
0.284506742554924,0.0251550321360134,1,1,0.214431531872194,NA,0.362032018682984,0,0.00892530257142127,NA,0.0381607994042391,0,0.0170126726751488,0.00968822521933218,0.00949753157637379,0.185273869346734,0,"S4","null",1000,1,0.0421424234553761,0.903807695800821,0,0,0,"none",0,17,0
0.200652358541238,0.0369843948279098,0.999999999959056,1,0.494188960902197,NA,0.912761855825692,0,0.0919311229559448,NA,0.172148663591676,0,0.314847792810021,0.160581797283002,0.014538519849798,0.553384422110553,1,"S4","null",1000,1,0.0421424234553761,1.22240299323779,0,0,0,"none",0,18,0
0.306112794102952,0.00630534563580292,1,1,0.285200182176163,NA,0.565638787143078,0,0.0373669306154705,NA,0.0745596678990442,0,0.0909414655779917,0.0296534678369497,0.0116404265737179,0.268326633165829,0,"S4","null",1000,1,0.0421424234553761,1.98585567413369,0,0,0,"none",0,19,0
0.261416467561144,0.00118653745040511,1,1,0.242117989489593,NA,0.636571196270921,0,0.0373406411283547,NA,0.0852683356703074,0,0.0320858663680384,-0.0107475722892746,0.00602602569822098,0.147454773869347,0,"S4","null",1000,1,0.0421424234553761,4.1710524440959,0,0,0,"none",0,20,0
0.227015598826418,-0.02499490340665,0.999999999999274,1,-0.0843786495586078,NA,0.205330977297202,0,0.0135589927204865,NA,0.0508138878698402,0,0.0260387629053539,-0.0190962531921538,0.00687767344882582,0.166286432160804,0,"S4","null",1000,1,0.0421424234553761,2.24023294405074,0,0,0,"none",0,21,0
0.228480687748573,-0.0116955409221289,0.999999999999752,1,0.16718466437331,NA,0.480523049628913,0,0.00744583188245741,NA,0.0392867792746592,0,0.0715315629239582,0.00829426613840694,0.00696052668607046,0.220349246231156,0,"S4","null",1000,1,0.0421424234553761,2.13229817957102,0,0,0,"none",0,22,0
0.27245889667666,0.0316257011993901,1,1,0.337120477436744,NA,0.656824257981011,0,0.0162482543143197,NA,0.0512627603819922,0,0.105476928523449,0.0922460832672269,0.0165841183645288,0.34601256281407,0,"S4","null",1000,1,0.0421424234553761,1.51924794068618,0,0,0,"none",0,23,0
0.188898999716358,0.0121320372553102,0.999999989431856,1,0.104622334760302,NA,0.210240027081369,0,0.00673206026156835,NA,0.0356924702647586,0,0.0439703961135137,-0.0545859312251384,0.0121030364543386,0.298557788944724,0,"S4","null",1000,1,0.0421424234553761,1.19022893156245,0,0,0,"none",0,24,0
0.286871268801747,0.0215174521252175,1,1,-0.160878796957203,NA,0.344058373966654,0,-0.0167235364378965,NA,0.0458356569768943,0,0.145244707282825,0.0831629338424501,0.0163138799397597,0.393153266331658,0,"S4","null",1000,1,0.0421424234553761,1.47246467848612,0,0,0,"none",0,25,0
0.231313730589106,0.00606140909487322,0.99999999999978,1,0.467601025323665,NA,0.763135193046625,0,0.0126850587774219,NA,0.0419742505066326,0,0.259520381669849,0.137810129459072,0.0186445463752549,0.612077889447236,1,"S4","null",1000,1,0.0421424234553761,1.03797651936613,0,0,0,"none",0,26,0
0.228607084842392,0.0115306660472937,0.999999999999212,1,0.0627555226383485,NA,0.164308966618449,0,0.00110780790846014,NA,0.0331056390360668,0,0.0363072645361477,0.0966834846442218,0.0149404554992244,0.358904522613065,0,"S4","null",1000,1,0.0421424234553761,2.81774536932537,0,0,0,"none",0,27,0
0.28009906730129,-0.024443169870208,1,1,0.0221775000877547,NA,0.0376354069783771,0,0.0252660016441761,NA,0.049267102926202,0,0.0559425642288111,0.00204179112663074,0.0077224689455515,0.185477386934673,0,"S4","null",1000,1,0.0421424234553761,1.2996584224453,0,0,0,"none",0,28,0
0.237027225278331,0.0121455016950127,0.999999999999911,1,0.234828536473065,NA,0.593856721256725,0,0.016224217004609,NA,0.0550036763685825,0,0.0680010551652599,-0.0398687719882542,0.00879741202697871,0.241100502512563,0,"S4","null",1000,1,0.0421424234553761,3.45776714785929,0,0,0,"none",0,29,0
0.265293984690805,-0.0255839365490883,1,1,0.290030090982435,NA,0.64804175274802,0,0.0611805218400737,NA,0.118402253417062,0,0.0126859724884152,-0.0425520390409695,0.0144157128040395,0.25363567839196,0,"S4","null",1000,1,0.0421424234553761,2.33680450478726,0,0,0,"none",0,30,0
0.253622996460683,-0.0104031391004992,0.999999999999999,1,-0.171374588048574,NA,0.396600194819429,0,0.00435687456048305,NA,0.0353345079868829,0,0.00886827983809024,-0.00182481436667647,0.00586866335366318,0.117952261306533,0,"S4","null",1000,1,0.0421424234553761,2.29972142865478,0,0,0,"none",0,31,0
0.247433815483444,0.0225456875265174,0.999999999999947,1,0.217131377632516,NA,0.500570205036719,0,0.0109220242745319,NA,0.0425841240046316,0,0.0508603923599962,0.0346306425956957,0.00857134915864334,0.250751256281407,0,"S4","null",1000,1,0.0421424234553761,2.23777112464879,0,0,0,"none",0,32,0
0.251473845205274,-0.0410655892339541,0.999999999999997,1,0.47769205489999,NA,0.842048351961195,0,0.280520958246622,NA,0.364082278737083,0,0.127227036087916,-0.0255662069640879,0.0118134051024743,0.282934673366834,0,"S4","null",1000,1,0.0421424234553761,0.638924905362569,0,0,0,"none",0,33,0
0.259398019194688,-0.013639081019159,0.99999999999999,1,0.099275260719048,NA,0.160636413232432,0,0.0487145306879695,NA,0.0774239544000697,0,0.157126865416141,0.00416083803634121,0.0118397597534702,0.269640703517588,0,"S4","null",1000,1,0.0421424234553761,1.07083748428957,0,0,0,"none",0,34,0
0.214947848720591,-0.00744727715439833,0.999999999871244,1,-0.0690438987668054,NA,0.119948645067318,0,0.0505760577170255,NA,0.0899749455382934,0,0.0341406462726397,-0.00248414712266272,0.00704308982006754,0.160371859296482,0,"S4","null",1000,1,0.0421424234553761,1.73460785297769,0,0,0,"none",0,35,0
0.323873714355934,0.00741362908906242,1,1,0.174514544935633,NA,0.30926533209955,0,0.0290479728710793,NA,0.0604196953777394,0,0.42906098026544,-0.0317027127796309,0.0172342711052324,0.546723618090452,1,"S4","null",1000,1,0.0421424234553761,0.854715520748549,0,0,0,"none",0,36,0
0.209600820760077,-0.000668122517039678,0.999999999974799,1,-0.0856793390040518,NA,0.23959267192736,0,0.00143322009621683,NA,0.0328384314802945,0,0.024169811791447,-0.0325060945803713,0.00923272387553932,0.221711055276382,0,"S4","null",1000,1,0.0421424234553761,2.7738182518871,0,0,0,"none",0,37,0
0.227084713002615,-0.0147002457975255,0.999999999999338,1,0.149077505766197,NA,0.361303296438645,0,0.00377439985574262,NA,0.0348734283425218,0,0.0337288046298252,0.0176200513811655,0.00661032214545169,0.17686432160804,0,"S4","null",1000,1,0.0421424234553761,2.274764248403,0,0,0,"none",0,38,0
0.293044754108619,0.0191135263608406,1,1,-0.186806248673474,NA,0.299264656996297,0,-0.00396536090104416,NA,0.0360829310175728,0,-0.254800857100209,0.0796963858441264,0.0180977121254052,0.517185929648241,1,"S4","null",1000,1,0.0421424234553761,0.250889928563633,0,0,0,"none",0,39,0
0.287082471276306,0.0183177841786722,1,1,0.115411448787602,NA,0.342108864125721,0,0.0154880302099786,NA,0.0582556914890859,0,0.0340902472992951,0.0204957828216493,0.00642579352402218,0.185,0,"S4","null",1000,1,0.0421424234553761,3.55923489776095,0,0,0,"none",0,40,0
0.223752255616953,-0.00639290690083451,0.999999999871539,1,0.165349963884917,NA,0.329802112624348,0,0.0123877365382028,NA,0.0469250627094842,0,0.0288195908099945,-0.0928801228522251,0.0161727707345212,0.369143216080402,0,"S4","null",1000,1,0.0421424234553761,2.55511433420324,0,0,0,"none",0,41,0
0.240228907595975,0.0089951809429578,0.999999999999764,1,0.267917311355277,NA,0.525196543819363,0,0.00813867811061053,NA,0.0362402055041422,0,0.0410358504740863,0.0320644900213511,0.0109498599417332,0.21679648241206,0,"S4","null",1000,1,0.0421424234553761,1.45390309667837,0,0,0,"none",0,42,0
0.215144188533975,0.00519436916580767,0.999999999976622,1,0.127364909141253,NA,0.334116449699251,0,0.0127956478020427,NA,0.0463133290510842,0,0.133664924292255,-0.00608975952428844,0.0109484925957573,0.290618090452261,0,"S4","null",1000,1,0.0421424234553761,3.05452079841297,0,0,0,"none",0,43,0
0.237111518485356,0.00341614880459274,0.999999999999886,1,0.51568894213424,NA,0.943365318887933,0,0.0405861431226147,NA,0.091900889840837,0,0.28113783057643,-0.124819748491726,0.0207047032488713,0.574954773869347,1,"S4","null",1000,1,0.0421424234553761,3.41845688296339,0,0,0,"none",0,44,0
0.232518637858717,0.00482975296854326,0.999999999999634,1,-0.364451006888424,NA,0.66962891781884,0,0.0028014329066317,NA,0.0340607398718558,0,0.00243742637059404,-0.00555283643708455,0.00639505387250719,0.161849246231156,0,"S4","null",1000,1,0.0421424234553761,1.24783149267988,0,0,0,"none",0,45,0
0.236204083178111,0.00780288309682095,0.99999999999976,1,0.268952644687582,NA,0.712053644123471,0,0.0532714037772866,NA,0.112910197667622,0,0.23664364610447,0.121832566702013,0.0165978111174878,0.611658291457286,1,"S4","null",1000,1,0.0421424234553761,4.17806527464128,0,0,0,"none",0,46,0
0.186941534933963,0.00808538800696284,0.999999944515635,1,0.759916571334563,NA,0.926099698694228,0,0.542185551484588,NA,0.591126993216966,1,0.112226098815332,0.020697042519016,0.0109726238171529,0.267846733668342,0,"S4","null",1000,1,0.0421424234553761,1.1047959757576,0,0,0,"none",0,47,0
0.243727113227094,0.00109907055492533,0.999999999999965,1,-0.0101842134305975,NA,0.0245287810514054,0,0.00713667280790027,NA,0.0384525473005412,0,0.0628019167034901,-0.00335000671349358,0.0064582922761945,0.181052763819095,0,"S4","null",1000,1,0.0421424234553761,2.30979465560647,0,0,0,"none",0,48,0
0.252287715309548,0.0209019130533546,1,1,0.21216652208927,NA,0.458389176175227,0,0.0253486884029933,NA,0.0642387774795222,0,0.0606160155957678,0.00681128717294488,0.00974543519901535,0.187618090452261,0,"S4","null",1000,1,0.0421424234553761,1.59697320218843,0,0,0,"none",0,49,0
0.236555505601057,0.0324696038514526,0.999999999999363,1,0.355355363915248,NA,0.699017207071433,0,0.00430230452268574,NA,0.0344628205209666,0,0.0369897417299075,-0.0286718471197138,0.0145398705006971,0.240032663316583,0,"S4","null",1000,1,0.0421424234553761,1.10505968395542,0,0,0,"none",0,50,0
0.247542028868422,0.00460861932148776,0.999999999999811,1,0.270740383899872,NA,0.54546984248552,0,0.0556471203970357,NA,0.10128241478333,0,0.66988935427795,0.111957021819296,0.0162073664067094,0.846756281407035,1,"S4","null",1000,1,0.0421424234553761,2.15938708400457,0,0,0,"none",0,51,0
0.273736127878131,0.0136310959521735,1,1,-0.347364293104218,NA,0.539868667058564,0,-0.00744035546476538,NA,0.0348810385102013,0,-0.00104619592848919,-0.0038665968626801,0.00621639271305501,0.166708542713568,0,"S4","null",1000,1,0.0421424234553761,1.22288081742998,0,0,0,"none",0,52,0
0.234139176174464,-0.00500908800473741,0.999999999997716,1,-0.0288957755279859,NA,0.0529898275193414,0,0.0131854084888071,NA,0.0441774434588859,0,0.0364238672003577,0.013517036547328,0.00748161150074173,0.177,0,"S4","null",1000,1,0.0421424234553761,1.21124320397502,0,0,0,"none",0,53,0
0.256680838848977,0.00777831753997413,0.999999999999992,1,0.285459815893366,NA,0.606928041648349,0,0.0312383169191906,NA,0.0741739958242734,0,0.0210231578113421,0.00935375267031544,0.0078427494133493,0.142650753768844,0,"S4","null",1000,1,0.0421424234553761,1.95635312200284,0,0,0,"none",0,54,0
0.243094118096145,-0.00182933563224075,0.999999999999953,1,0.0902248221866021,NA,0.250499241563912,0,0.00961247814158185,NA,0.0433987839489168,0,0.00293194357374476,-0.0008514508011669,0.00459151167972808,0.101459798994975,0,"S4","null",1000,1,0.0421424234553761,3.03261653497162,0,0,0,"none",0,55,0
0.208982966868868,0.0011618738050073,0.999999999851074,1,0.420634091797467,NA,0.694890172581251,0,0.119930504675607,NA,0.18892657114157,0,0.0952269824178201,0.0292117023280946,0.0150110646316435,0.272110552763819,0,"S4","null",1000,1,0.0421424234553761,1.66704904841521,0,0,0,"none",0,56,0
0.269154555801034,-0.0170632510713362,1,1,0.121249362663283,NA,0.220631832171544,0,0.0524404875432038,NA,0.0951424534368131,0,0.0428724460756037,-0.00265569756307312,0.00713330701965001,0.155723618090452,0,"S4","null",1000,1,0.0421424234553761,2.05711975669078,0,0,0,"none",0,57,0
0.250657772388434,-0.0146339650357966,0.999999999999983,1,0.0532445358198873,NA,0.124155112684169,0,0.00874360273737764,NA,0.040976067323389,0,0.0797711976622753,-0.036430864606834,0.0119912708613376,0.303233668341709,0,"S4","null",1000,1,0.0421424234553761,2.19276439471256,0,0,0,"none",0,58,0
0.268027731444694,-0.00893569281080598,1,1,0.573967954751416,NA,0.963176475821924,1,0.197546759774603,NA,0.300657266098345,0,0.32597687350431,-0.00295231080986706,0.0196836451475634,0.451535175879397,0,"S4","null",1000,1,0.0421424234553761,1.53123566229299,0,0,0,"none",0,59,0
0.25991133547745,-0.018628561468429,1,1,0.181892533675202,NA,0.380239032901759,0,0.00833614785236599,NA,0.0386376205211307,0,0.405899186001284,-0.0270190100175692,0.018835330999691,0.553653266331658,1,"S4","null",1000,1,0.0421424234553761,2.30217949939107,0,0,0,"none",0,60,0
0.26248167114249,-0.0013186122874949,0.999999999999999,1,0.192860757976602,NA,0.509475165580748,0,0.04462895831665,NA,0.111954639271539,0,0.249936055869575,0.0748265522857451,0.015771427858903,0.521992462311558,1,"S4","null",1000,1,0.0421424234553761,2.91650082886763,0,0,0,"none",0,61,0
0.23427212302597,0.00152147413362859,0.999999999999755,1,-0.452231516140743,NA,0.823327174866978,0,-0.00440649095986589,NA,0.0395730596575245,0,0.0284934462652802,-0.0803741093660158,0.0105062287791189,0.287952261306533,0,"S4","null",1000,1,0.0421424234553761,2.69707718447266,0,0,0,"none",0,62,0
0.221849040473347,-5.1536962941501e-06,0.999999999997837,1,-0.15718968673011,NA,0.307284054070627,0,0.00965867120325719,NA,0.0484713705694914,0,0.00908210898349749,-0.00245335160975342,0.00626428856893242,0.124178391959799,0,"S4","null",1000,1,0.0421424234553761,1.73389743306241,0,0,0,"none",0,63,0
0.251136997461963,0.0294053753087732,1,1,0.0370244843826034,NA,0.0848260951762945,0,0.0413106726880653,NA,0.0928500286069197,0,0.0698673674530814,0.28962277742067,0.0129740124398834,0.841145728643216,1,"S4","null",1000,1,0.0421424234553761,1.53649663344025,0,0,0,"none",0,64,0
0.304937849591898,0.0241534523671599,1,1,0.269301459716134,NA,0.589617509266134,0,0.0319742323311052,NA,0.0742029999517544,0,0.0534819519663941,0.00840421256715779,0.00987017795754834,0.181062814070352,0,"S4","null",1000,1,0.0421424234553761,2.34379388153631,0,0,0,"none",0,65,0
0.308892447619962,-0.0179424474308144,1,1,0.058891907406298,NA,0.12312742911745,0,0.0194447835393104,NA,0.0581886346690208,0,0.0271512634566359,0.00694858502529547,0.00535642564550624,0.141615577889447,0,"S4","null",1000,1,0.0421424234553761,1.40961496755292,0,0,0,"none",0,66,0
0.269436921091458,0.0231945777739223,1,1,-0.302015161550131,NA,0.72892283749372,0,-0.0155178481970613,NA,0.049353766637039,0,0.000683769829288301,0.00540204883732231,0.00547706502136514,0.120447236180905,0,"S4","null",1000,1,0.0421424234553761,3.05608967405816,0,0,0,"none",0,67,0
0.22359216713012,-0.0142903566922228,0.999999999999587,1,0.596162344699818,NA,0.566286304036579,0,0.518927996607246,NA,0.529909521566982,1,0.115751500634573,0.018384704313486,0.00889146758190219,0.270052763819095,0,"S4","null",1000,1,0.0421424234553761,1.37889851564714,0,0,0,"none",0,68,0
0.198318041351619,-0.008339977586327,0.999999999635948,1,0.0715529430654235,NA,0.177777961096336,0,0.0113442509798241,NA,0.0443485080593042,0,0.0148082793418387,-0.00328596236477528,0.00679532641913788,0.138138190954774,0,"S4","null",1000,1,0.0421424234553761,1.6751797264451,0,0,0,"none",0,69,0
0.217387731267232,0.020078977625971,0.999999999891607,1,0.208882519815538,NA,0.549392760567248,0,0.0111252509115782,NA,0.0459632976827894,0,0.159901001643503,0.324769504358692,0.0140848238764932,0.833100502512563,1,"S4","null",1000,1,0.0421424234553761,2.46511493016579,0,0,0,"none",0,70,0
0.242617024702575,-0.0482355884610487,0.99999999999998,1,-0.0140963738662015,NA,0.0394430062600858,0,0.00426145388720919,NA,0.0362631742986321,0,0.0172674352153863,-0.0113727580409378,0.00556695219723125,0.133391959798995,0,"S4","null",1000,1,0.0421424234553761,3.63908578556784,0,0,0,"none",0,71,0
0.278550827553734,0.0158368310695169,1,1,0.161889344499637,NA,0.360418405495685,0,0.0473965853603011,NA,0.0969143353268519,0,0.0602846040808367,0.000103831166081807,0.00885994645130908,0.178163316582915,0,"S4","null",1000,1,0.0421424234553761,2.63093793276858,0,0,0,"none",0,72,0
0.234457748878587,0.00489450942963905,0.999999999999749,1,0.294887968306099,NA,0.560791326264153,0,0.0350144285026854,NA,0.0700327161236832,0,0.0544483427135425,-0.010621445731646,0.00847543485450319,0.196374371859296,0,"S4","null",1000,1,0.0421424234553761,1.24587058884916,0,0,0,"none",0,73,0
0.236659963616194,-0.00144290279658337,0.999999999999993,1,-0.131205460564578,NA,0.30512551470487,0,0.00807260333585214,NA,0.0412488783280091,0,0.0259388367507544,0.0151147085555319,0.00881217228639688,0.168050251256281,0,"S4","null",1000,1,0.0421424234553761,2.13187172225696,0,0,0,"none",0,74,0
0.31008567097585,-0.0115024848079047,1,1,0.0396948810415634,NA,0.112218091108057,0,0.0127749536856935,NA,0.0525374886240446,0,0.085017912723302,0.0542252622550716,0.0148635906457729,0.296909547738693,0,"S4","null",1000,1,0.0421424234553761,5.17707707104729,0,0,0,"none",0,75,0
0.268107084615687,0.00405158207052257,0.999999999999998,1,0.274562138039985,NA,0.600408171660113,0,0.0287326781198266,NA,0.0702353145971642,0,0.170980915101096,-0.0377011280921061,0.0137230304745674,0.365329145728643,0,"S4","null",1000,1,0.0421424234553761,2.70287138636486,0,0,0,"none",0,76,0
0.207911603096187,0.0157986446175316,0.999999999958925,1,0.0530713788304344,NA,0.140314048129768,0,0.0137259705022466,NA,0.0508519212615285,0,0.0300262920306597,-0.0168117381190446,0.00731785673918967,0.188087939698492,0,"S4","null",1000,1,0.0421424234553761,3.20784078848391,0,0,0,"none",0,77,0
0.241327705415638,0.007508286843117,0.999999999999998,1,0.454291442075668,NA,0.671161809143189,0,0.0217300516176578,NA,0.0508477096968882,0,0.192736827896658,-0.0841596151367771,0.0195677148623127,0.460859296482412,0,"S4","null",1000,1,0.0421424234553761,0.89253999888447,0,0,0,"none",0,78,0
0.229355910309018,-0.00536917487007507,0.999999999999701,1,0.205458268650806,NA,0.43806550720949,0,0.0219905656039649,NA,0.0630766247673627,0,0.0573557765336405,-0.000450560571079925,0.00600338279231238,0.167326633165829,0,"S4","null",1000,1,0.0421424234553761,3.64033239835893,0,0,0,"none",0,79,0
0.22314230131661,0.00767041880394216,0.99999999999443,1,0.207797337589621,NA,0.569490111731578,0,0.0131347346303009,NA,0.0488146469317479,0,0.0769000296722022,-0.082476660284206,0.01311795685831,0.376243718592965,0,"S4","null",1000,1,0.0421424234553761,4.71469647193125,0,0,0,"none",0,80,0
0.313355755855764,0.00247655770585173,1,1,0.0026707710297204,NA,0.00709062164179253,0,-0.000374062023706955,NA,0.0324452783869451,0,0.0364102491066198,-0.0218415033303307,0.0110785797966892,0.200585427135678,0,"S4","null",1000,1,0.0421424234553761,1.78686353176308,0,0,0,"none",0,81,0
0.192804343077157,-0.00355312570434239,0.999999993296762,1,-0.120314496246955,NA,0.307216503403038,0,0.00932696188414341,NA,0.0419499641999562,0,-0.0489033956640155,-0.0409101585444676,0.0114441394409222,0.272741206030151,0,"S4","null",1000,1,0.0421424234553761,2.61256951819337,0,0,0,"none",0,82,0
0.190689265191359,0.0228359812517459,0.999999965540067,1,-0.226095856864351,NA,0.4776888191866,0,0.000169242442253337,NA,0.0333984086753302,0,-0.0174044703547447,-0.0239147027001233,0.00894420360320259,0.186356783919598,0,"S4","null",1000,1,0.0421424234553761,2.13492247942487,0,0,0,"none",0,83,0
0.205022286015497,0.0323812810719558,0.999999999882805,1,0.232897748159194,NA,0.396549792493482,0,0.0897299183054668,NA,0.124721725554996,0,0.027165874518049,-0.013391227590603,0.0065448077656458,0.171859296482412,0,"S4","null",1000,1,0.0421424234553761,0.650327038703876,0,0,0,"none",0,84,0
0.242531282611305,-0.0436382273649897,0.999999999999991,1,0.235240112570596,NA,0.320275425665088,0,0.148812794587438,NA,0.171274158132045,0,0.077085773679061,0.00997073509876569,0.00837591758873926,0.212653266331658,0,"S4","null",1000,1,0.0421424234553761,0.643339084962827,0,0,0,"none",0,85,0
0.250828129554991,-0.0141376242277736,0.999999999999996,1,-0.0416047144125967,NA,0.110176764291756,0,-0.00495537499823272,NA,0.0346982940291464,0,0.105582448737445,-0.0443718265016705,0.0117746861352416,0.321829145728643,0,"S4","null",1000,1,0.0421424234553761,1.81205504521189,0,0,0,"none",0,86,0
0.272872962576652,0.0229142580868571,1,1,-0.162498736536861,NA,0.387314221475054,0,0.0103132429810728,NA,0.0453825583164487,0,0.0467106010273455,0.0521955643984247,0.0158682271401819,0.300153266331658,0,"S4","null",1000,1,0.0421424234553761,2.09297704408836,0,0,0,"none",0,87,0
0.199988077408814,0.0130629601823504,0.999999999917003,1,0.3314666810532,NA,0.612990374781535,0,0.197779273847665,NA,0.254878756004889,0,0.591774733483689,0.214465036298367,0.0127476773575469,0.873346733668342,1,"S4","null",1000,1,0.0421424234553761,1.50976384255125,0,0,0,"none",0,88,0
0.257118944371464,-0.000668663527097252,1,1,0.0829042341158212,NA,0.173471158300982,0,0.00892687880024999,NA,0.0393714240563831,0,0.0144674429298106,0.0069553414873961,0.00497080718418624,0.137266331658291,0,"S4","null",1000,1,0.0421424234553761,0.835815276483287,0,0,0,"none",0,89,0
0.259421887606446,0.0397655157815655,1,1,0.424306104511151,NA,0.83114987050694,0,0.0495791189472705,NA,0.0991063837112513,0,0.0494077065088287,0.0115453289401052,0.00915047892297734,0.184741206030151,0,"S4","null",1000,1,0.0421424234553761,1.53031936391768,0,0,0,"none",0,90,0
0.265903062090046,0.00240199367978258,1,1,-0.158047522493562,NA,0.460797534318943,0,0.00592312928150031,NA,0.0423505944579454,0,0.0131917683682314,0.003562319087131,0.00459810027347999,0.106482412060302,0,"S4","null",1000,1,0.0421424234553761,5.39155144306927,0,0,0,"none",0,91,0
0.247148665255415,-0.0127543729194371,0.999999999999962,1,-0.00978428083845579,NA,0.0271174838988636,0,0.0022738555048981,NA,0.0343124454304254,0,0.0877987873758581,0.00903997328617056,0.00951511129162174,0.226766331658291,0,"S4","null",1000,1,0.0421424234553761,1.94682855299246,0,0,0,"none",0,92,0
0.269294887797747,0.0328595566564301,1,1,-0.03494481083429,NA,0.100212465550352,0,-0.00190321304253233,NA,0.0331636231179252,0,0.0085279647758854,-0.0303422046293693,0.00953104096804791,0.228718592964824,0,"S4","null",1000,1,0.0421424234553761,2.40774002339804,0,0,0,"none",0,93,0
0.249823425226678,-0.00241262076112625,0.999999999999998,1,0.146231214158673,NA,0.450293989910497,0,0.0208389251237715,NA,0.06727466668617,0,0.0749013025106267,-0.0163172446190228,0.0115637678636714,0.221603015075377,0,"S4","null",1000,1,0.0421424234553761,4.53648555244112,0,0,0,"none",0,94,0
0.226027559017356,-0.0116580041197473,0.99999999996194,1,-0.0855768730474758,NA,0.181276251312212,0,0.000792396642144503,NA,0.0326712858674342,0,0.0189061196676678,0.0174740704818147,0.0110045119447492,0.254723618090452,0,"S4","null",1000,1,0.0421424234553761,0.728042732371909,0,0,0,"none",0,95,0
0.232512886976754,0.0185682132381867,0.999999999999825,1,0.325764593976704,NA,0.568799281769731,0,0.0650916914556799,NA,0.108018997483088,0,0.0884013244744808,0.04639820482531,0.0141390132235679,0.294613065326633,0,"S4","null",1000,1,0.0421424234553761,0.939721533879285,0,0,0,"none",0,96,0
0.321688708944921,0.0289086486534413,1,1,0.299634432359699,NA,0.624479495116923,0,0.0529740681307374,NA,0.100597062661927,0,0.374542144650588,0.249674135289645,0.0104682225159413,0.931557788944724,1,"S4","null",1000,1,0.0421424234553761,3.42660169076167,0,0,0,"none",0,97,0
0.323960813349505,0.00182221875007113,1,1,0.264868581526766,NA,0.69919205601625,0,0.0355368434446471,NA,0.0880497902660899,0,0.0675411629210844,-0.00825353414936086,0.0089347229824026,0.209801507537688,0,"S4","null",1000,1,0.0421424234553761,3.97455403240493,0,0,0,"none",0,98,0
0.254830069881648,0.00676231827806466,1,1,0.576182397677946,NA,0.949186361036579,0,0.0785142773744807,NA,0.144067312041726,0,0.110530049410006,0.0113795973875083,0.010734426458487,0.266650753768844,0,"S4","null",1000,1,0.0421424234553761,2.23901633824225,0,0,0,"none",0,99,0
0.198220565165558,-0.00573806325601435,0.999999997939597,1,0.128006579193459,NA,0.259443602967729,0,0.0435019776506314,NA,0.0814562080035492,0,0.112993765422242,0.0513403267969605,0.0137121414590737,0.335927135678392,0,"S4","null",1000,1,0.0421424234553761,1.95575820874822,0,0,0,"none",0,100,0
0.251930341497583,0.0309577437883707,0.999999999999934,1,0.634017837557416,NA,0.972956246277387,1,0.559205427429009,NA,0.751129570472499,1,0.250452764832283,0.00305292353521936,0.0123964672044347,0.499007537688442,0,"S4","null",1000,2,0.0595983868018629,4.69669776231416,0,0,0,"none",0,1,0
0.253534350724718,-0.0114998481280478,0.999999999999998,1,0.190792938435534,NA,0.592188170412663,0,0.00546993924240675,NA,0.0382297796443852,0,0.00136713417164793,0.0729762308417745,0.0138400523637138,0.338143216080402,0,"S4","null",1000,2,0.0595983868018629,4.6181933622599,0,0,0,"none",0,2,0
0.240473823885032,0.0101462844361984,0.999999999999996,1,-0.0426784466019927,NA,0.0771376614860889,0,0.0049027223815242,NA,0.0335646914198039,0,-0.00865743006147407,0.0140872693071794,0.010667127359197,0.198442211055276,0,"S4","null",1000,2,0.0595983868018629,0.834522989286273,0,0,0,"none",0,3,0
0.216998830151138,0.026473208234973,0.999999999980814,1,0.14305689374133,NA,0.411626250665396,0,0.015449803463248,NA,0.0563046883044562,0,0.0301166479145651,0.00179055828034446,0.00777679839901513,0.140962311557789,0,"S4","null",1000,2,0.0595983868018629,2.56312867281229,0,0,0,"none",0,4,0
0.227023156932661,0.0078830716862535,0.999999999999788,1,0.163644787807466,NA,0.342681903988963,0,0.00393094255142205,NA,0.0352632924881563,0,0.657088857968839,-0.0263993698241071,0.0160726359217558,0.748223618090452,1,"S4","null",1000,2,0.0595983868018629,1.50112715312818,0,0,0,"none",0,5,0
0.224925085735577,-0.0017892831678977,0.999999999999456,1,-0.00745984551176292,NA,0.021642226310656,0,-0.000587768569412042,NA,0.0325248833290027,0,-0.0257758243595844,-0.0223496634715164,0.00559677325528442,0.16994472361809,0,"S4","null",1000,2,0.0595983868018629,4.11768404900856,0,0,0,"none",0,6,0
0.32370367568883,-6.30725669651304e-07,1,1,0.141731111425124,NA,0.372422215303555,0,0.0185923715508101,NA,0.0582084807136016,0,0.163282459082881,-0.0468850893864906,0.0110041238891658,0.384243718592965,0,"S4","null",1000,2,0.0595983868018629,4.50914852917909,0,0,0,"none",0,7,0
0.222357691132537,0.00250140156554916,0.999999999999388,1,0.0985872424194176,NA,0.283023984825157,0,0.0338757476366352,NA,0.0898016597256475,0,0.142547638229886,-0.0707624924393691,0.0154454454794248,0.351924623115578,0,"S4","null",1000,2,0.0595983868018629,1.95916137722639,0,0,0,"none",0,8,0
0.236217774444302,-0.0159629678941479,0.999999999999911,1,-0.0111432887028379,NA,0.0362666191733778,0,0.0116925400098138,NA,0.0529267858257628,0,0.0375752766131465,0.000611171040968706,0.00515365035002873,0.148316582914573,0,"S4","null",1000,2,0.0595983868018629,6.37762810721423,0,0,0,"none",0,9,0
0.256964367219752,-0.00181570157707017,1,1,0.00838795038444092,NA,0.0175118588112495,0,0.00682736188680015,NA,0.0366852031187371,0,0.15819440655105,0.0246133475289158,0.0119563576923022,0.305037688442211,0,"S4","null",1000,2,0.0595983868018629,0.622923183966554,0,0,0,"none",0,10,0
0.269555175587662,0.0286695004699355,1,1,0.322828422106978,NA,0.664301347209599,0,0.0181780969422664,NA,0.0487095560083203,0,0.0827422906926717,-0.0147886474847962,0.00953799844830147,0.216253768844221,0,"S4","null",1000,2,0.0595983868018629,1.91000931861598,0,0,0,"none",0,11,0
0.207040547047826,0.010374158732794,0.999999999969447,1,-0.0127416205786172,NA,0.0348152172722567,0,9.03371494137081e-05,NA,0.033426087671783,0,0.0718093865494651,0.00368082110766374,0.00844063392971141,0.200075376884422,0,"S4","null",1000,2,0.0595983868018629,2.30944836130526,0,0,0,"none",0,12,0
0.257359942968747,-0.00206101045871401,0.999999999999999,1,-0.192283072372492,NA,0.39548367407986,0,-0.0100425517063505,NA,0.0382661380851771,0,-0.00841495146186515,-0.0191291633187216,0.00743601391490986,0.188065326633166,0,"S4","null",1000,2,0.0595983868018629,1.98725989905155,0,0,0,"none",0,13,0
0.2316424425564,-0.0154715454137996,0.999999999999907,1,0.159532054539616,NA,0.415683458848666,0,0.0349718033235165,NA,0.0863414023719308,0,0.090948722496233,-0.0148570811353396,0.0113926924758501,0.249952261306533,0,"S4","null",1000,2,0.0595983868018629,4.76067159689148,0,0,0,"none",0,14,0
0.218825423775943,-0.00211990692978909,0.999999999880743,1,0.217416398782132,NA,0.593425497495228,0,0.0671110858853744,NA,0.145762941102176,0,-0.0034514258554252,-0.0101542234292214,0.00500611420891633,0.120984924623116,0,"S4","null",1000,2,0.0595983868018629,2.49497373672917,0,0,0,"none",0,15,0
0.2322406882161,-0.0335717248116508,0.9999999999999,1,0.429682525711674,NA,0.704178560453513,0,0.156233226018858,NA,0.198218616867343,0,0.3428396591974,-0.0358672401726354,0.0214216775245549,0.534997487437186,1,"S4","null",1000,2,0.0595983868018629,1.70071752317863,0,0,0,"none",0,16,0
0.254378027835191,0.0105020600990033,1,1,0.378301316024077,NA,0.809870236966234,0,0.0344777637213516,NA,0.0789061693208396,0,0.0327498716769782,0.00448522575657993,0.00667242850908126,0.155032663316583,0,"S4","null",1000,2,0.0595983868018629,1.92055775821305,0,0,0,"none",0,17,0
0.27655136541139,-0.00854446129710955,1,1,-0.0287233903044789,NA,0.083891819319765,0,-0.00297141266599105,NA,0.0339788408807492,0,0.0113121379829745,0.0111403861424761,0.00610354428361825,0.127841708542714,0,"S4","null",1000,2,0.0595983868018629,4.13809259266279,0,0,0,"none",0,18,0
0.191793537389763,-0.0281003417016438,0.999999996381842,1,-0.15817481496169,NA,0.419121810024479,0,-0.0269509217975907,NA,0.0671275021175184,0,-0.00708893148691968,-0.00207908063603461,0.00534475935660184,0.112984924623116,0,"S4","null",1000,2,0.0595983868018629,4.22330988171312,0,0,0,"none",0,19,0
0.250387403723173,-0.0351642089735816,0.99999999999992,1,0.39285070803621,NA,0.927864358990419,0,0.0488522116498019,NA,0.121169154824964,0,0.353283243975766,0.0399326453056233,0.0167722832134234,0.684188442211055,1,"S4","null",1000,2,0.0595983868018629,6.84136242483252,0,0,0,"none",0,20,0
0.255003818638313,-0.00400532072581012,1,1,0.312523508036305,NA,0.887849970743764,0,0.0795977040036914,NA,0.206271238008285,0,0.0901719350983632,-0.0496967572053655,0.0116432794154232,0.335967336683417,0,"S4","null",1000,2,0.0595983868018629,5.91619565731157,0,0,0,"none",0,21,0
0.277436215183687,-0.0126986942600912,1,1,-0.0671035206827205,NA,0.188371203549538,0,0.000847894817555344,NA,0.0325713364402817,0,-0.0562950574915128,0.059959461390055,0.00985081139015101,0.345861809045226,0,"S4","null",1000,2,0.0595983868018629,3.15437910878598,0,0,0,"none",0,22,0
0.257679578357217,0.0226172159792642,1,1,0.670074735104814,NA,0.976026743629679,1,0.0466895960772591,NA,0.104591769828213,0,0.0220566369354971,0.0447774436935766,0.00963778032020034,0.23101256281407,0,"S4","null",1000,2,0.0595983868018629,2.57952503290713,0,0,0,"none",0,23,0
0.287374301831619,-0.0168413748897847,1,1,0.160349658016119,NA,0.451117231767995,0,0.00534490514397695,NA,0.0361702638139912,0,0.036554165507975,-0.0214158764445872,0.00736792413095537,0.167304020100503,0,"S4","null",1000,2,0.0595983868018629,3.76200272296781,0,0,0,"none",0,24,0
0.33170827099759,-0.0217350457968089,1,1,0.28993787140305,NA,0.660937644605005,0,0.0323212863373675,NA,0.0804779509168926,0,0.282612750234164,-0.150221371763804,0.0190548528591797,0.650768844221105,1,"S4","null",1000,2,0.0595983868018629,3.26761574411557,0,0,0,"none",0,25,0
0.240594207267189,-0.0104451687780758,0.999999999999719,1,-0.313327387998022,NA,0.596173040928604,0,-0.00127108982180193,NA,0.0326726761451318,0,0.0123083001672441,0.00589889430668241,0.00701677189062321,0.143128140703518,0,"S4","null",1000,2,0.0595983868018629,2.23265317407093,0,0,0,"none",0,26,0
0.195057737706836,-0.0245771024641498,0.999999998580261,1,-0.154534065875532,NA,0.32357818967517,0,0.0101473075672212,NA,0.0428180356080333,0,0.0116385119360875,8.40635605762278e-05,0.00499408881281377,0.115175879396985,0,"S4","null",1000,2,0.0595983868018629,2.13679495293147,0,0,0,"none",0,27,0
0.243997668592197,0.0118696550255388,0.999999999999766,1,0.366646396537166,NA,0.787045866871837,0,0.0516483129793694,NA,0.111836764909283,0,0.165863418939882,-0.0318119449621292,0.0170703637343336,0.363047738693467,0,"S4","null",1000,2,0.0595983868018629,3.93717289857446,0,0,0,"none",0,28,0
0.27650840094461,-0.00452385796838001,1,1,0.249397650626289,NA,0.52623874263028,0,0.0103586229426909,NA,0.041642313923721,0,0.414576702604022,-0.10801947088214,0.016822667256207,0.629103015075377,1,"S4","null",1000,2,0.0595983868018629,2.29499177194041,0,0,0,"none",0,29,0
0.268320146814082,0.017942696075853,1,1,0.0431758883052505,NA,0.115766325496544,0,0.000887989431305045,NA,0.0327528686953113,0,-0.0502371126689851,-0.0200114537854605,0.00822591763541701,0.198856783919598,0,"S4","null",1000,2,0.0595983868018629,2.45861789112913,0,0,0,"none",0,30,0
0.219846175912266,-0.0180134108112667,0.999999999999287,1,0.00227164019226589,NA,0.00623216896061429,0,-0.0141546356361715,NA,0.0509286895573483,0,-0.148454308914254,-0.0342276254856899,0.0145874435259272,0.382773869346734,0,"S4","null",1000,2,0.0595983868018629,3.42514529897074,0,0,0,"none",0,31,0
0.252057166451445,0.0334270178979188,0.999999999999999,1,0.149092280841867,NA,0.409381323827979,0,0.00847470419412926,NA,0.0420211741075992,0,0.0020840919037914,0.0123230272302066,0.00632316849799814,0.152909547738693,0,"S4","null",1000,2,0.0595983868018629,2.52111282279071,0,0,0,"none",0,32,0
0.187516163114326,0.0088647206818743,0.99999998952503,1,-0.299745421247605,NA,0.622103514447942,0,-0.0240685445597303,NA,0.0583055403400598,0,-0.111561927084962,0.0540387293975116,0.0115890854947507,0.324361809045226,0,"S4","null",1000,2,0.0595983868018629,1.78069891395742,0,0,0,"none",0,33,0
0.264391638301224,0.00549104201260589,1,1,-0.0673875858744029,NA,0.194796803066678,0,0.00560964879503068,NA,0.0387071934326181,0,0.0148094246738711,0.000846073448136539,0.00575204095790562,0.11721608040201,0,"S4","null",1000,2,0.0595983868018629,4.13245629945671,0,0,0,"none",0,34,0
0.225944896927093,0.0156951712405286,0.999999999999478,1,0.33459016175976,NA,0.810547776132035,0,0.0518286929388939,NA,0.117689229134987,0,0.132892815221176,-0.0445217531752196,0.0109015740857209,0.326731155778894,0,"S4","null",1000,2,0.0595983868018629,5.15449915623596,0,0,0,"none",0,35,0
0.201236337366967,-0.00612693733194262,0.999999999252968,1,0.604629926449404,NA,0.774549895386734,0,0.125020713281281,NA,0.15670677792664,0,0.186935643805984,-6.86557189125519e-05,0.0147577053944782,0.324620603015075,0,"S4","null",1000,2,0.0595983868018629,1.01036612454821,0,0,0,"none",0,36,0
0.274054964460213,0.0126189371188023,1,1,-0.16393562691119,NA,0.428130635881269,0,0.00564487643167262,NA,0.03741369279176,0,0.00388349413776648,-0.0135296327758122,0.00597346779680352,0.141778894472362,0,"S4","null",1000,2,0.0595983868018629,3.32843523221577,0,0,0,"none",0,37,0
0.25951381366881,0.0253696049910541,1,1,-0.00572457743085991,NA,0.0115241892215797,0,0.00204333206853197,NA,0.0328963205286169,0,0.00675943851479142,0.0145920163021728,0.00678369387931206,0.155022613065327,0,"S4","null",1000,2,0.0595983868018629,2.04376872961203,0,0,0,"none",0,38,0
0.246366604305954,0.0165826722076704,0.999999999999989,1,-0.137093603911003,NA,0.382981825088893,0,0.00118803100766138,NA,0.0339413261002395,0,-0.0431073796375299,0.00587353168364846,0.00666260883866352,0.170743718592965,0,"S4","null",1000,2,0.0595983868018629,4.80159646390282,0,0,0,"none",0,39,0
0.23733640090361,-0.00587409207037511,0.999999999999992,1,-0.0385899710593401,NA,0.112036970378764,0,0.00439707196999297,NA,0.037085247344979,0,0.0230360852919388,-0.0051352746001905,0.00649772435570948,0.131801507537688,0,"S4","null",1000,2,0.0595983868018629,2.68329569639652,0,0,0,"none",0,40,0
0.261766791708218,-0.0246234991394582,0.999999999999996,1,0.131302850841208,NA,0.45802386964825,0,0.00631814435829791,NA,0.040810729808699,0,0.0196955280967355,0.00397517381749314,0.00601759327640458,0.113258793969849,0,"S4","null",1000,2,0.0595983868018629,6.09713218828981,0,0,0,"none",0,41,0
0.229962813320339,0.0280710739312431,0.99999999999982,1,0.134725048286636,NA,0.37747234134426,0,0.00342391879490019,NA,0.0341281564878341,0,0.0263448780621892,-0.00504576606844214,0.0057907619577281,0.12201256281407,0,"S4","null",1000,2,0.0595983868018629,3.63988496579266,0,0,0,"none",0,42,0
0.279502074461456,0.0305182824534429,1,1,-0.373831639202064,NA,0.710923071753771,0,-0.00843260075864648,NA,0.0401565831466829,0,-0.0194166844218854,0.00109593647021307,0.0074498847922788,0.150942211055276,0,"S4","null",1000,2,0.0595983868018629,1.84849366669479,0,0,0,"none",0,43,0
0.280412051349915,0.0137322766041403,1,1,0.60685433531532,NA,0.670731687269784,0,0.182789160045939,NA,0.187293557574505,0,0.136780017176592,0.00547046067859934,0.0101444037280997,0.274675879396985,0,"S4","null",1000,2,0.0595983868018629,0.389436130298089,0,0,0,"none",0,44,0
0.289917468379753,0.00865579315300977,1,1,0.231331682563558,NA,0.554656114611396,0,0.0171152069204246,NA,0.0525889990088369,0,0.161020375501189,0.0606373827158139,0.0139871016426419,0.364748743718593,0,"S4","null",1000,2,0.0595983868018629,2.55137680556727,0,0,0,"none",0,45,0
0.207669410760405,0.024983053095986,0.999999999884378,1,-0.117512749331329,NA,0.281903388098736,0,-0.0082365581597872,NA,0.03817821358838,0,-0.00136809505594779,0.00474320367873112,0.00618944838050557,0.115399497487437,0,"S4","null",1000,2,0.0595983868018629,2.46744016170106,0,0,0,"none",0,46,0
0.239384589218575,-0.0150118108334447,0.999999999996784,1,-0.471372849156785,NA,0.804197724194965,0,-0.00980385467650894,NA,0.0416504609963499,0,-0.201173219021863,0.182691959348519,0.0193504816259073,0.604502512562814,1,"S4","null",1000,2,0.0595983868018629,2.17377254285966,0,0,0,"none",0,47,0
0.214654208900195,0.0204729531808829,0.999999999994998,1,0.250206445899781,NA,0.668467929389657,0,0.00655510491768516,NA,0.0386720081238656,0,0.167527334771961,-0.0928589966943283,0.0154476977753696,0.465442211055276,0,"S4","null",1000,2,0.0595983868018629,3.58324485853318,0,0,0,"none",0,48,0
0.234023772403661,0.00421358507082909,0.999999999999963,1,0.0906421615924403,NA,0.231680883372323,0,0.0065701348856848,NA,0.0370482961836332,0,0.163819283422274,-0.0194174513021199,0.0128378922946118,0.351751256281407,0,"S4","null",1000,2,0.0595983868018629,2.64632989266935,0,0,0,"none",0,49,0
0.195018511718905,-0.0414888592751954,0.999999998374017,1,-0.38497051844109,NA,0.840028939095153,0,-0.016518823850033,NA,0.0535684533597003,0,-0.0282748281276597,-0.000279360772794403,0.00633864297322411,0.131884422110553,0,"S4","null",1000,2,0.0595983868018629,3.43099664294826,0,0,0,"none",0,50,0
0.229063690659083,0.0189567259284557,0.999999999999647,1,-0.16938372015976,NA,0.394639151638815,0,-0.0105829037473992,NA,0.0408752917111308,0,0.00108635716112737,0.00678641686444171,0.00539847098255286,0.124939698492462,0,"S4","null",1000,2,0.0595983868018629,2.42734600853915,0,0,0,"none",0,51,0
0.262835033498402,-0.00836121060764013,0.999999999999999,1,0.342060640110086,NA,0.852914103899682,0,0.0593226168812112,NA,0.144669756745533,0,0.153725208869968,0.00812832022012804,0.0125145751461056,0.368467336683417,0,"S4","null",1000,2,0.0595983868018629,6.23470390762418,0,0,0,"none",0,52,0
0.245470879512677,-0.0134148047967146,0.999999999999345,1,0.482593592602952,NA,0.851344203321039,0,0.419974339756885,NA,0.573511072347947,1,0.119956198450084,-0.176638394964317,0.0161978456424222,0.705231155778895,1,"S4","null",1000,2,0.0595983868018629,1.64055150071687,0,0,0,"none",0,53,0
0.246375887101894,0.0107767773656704,0.999999999999886,1,-0.144458132913457,NA,0.321168486219722,0,-0.0046664484075215,NA,0.0360575612204798,0,-0.0998230520902077,-0.0201017222417801,0.0124331552432033,0.262957286432161,0,"S4","null",1000,2,0.0595983868018629,1.90836698047976,0,0,0,"none",0,54,0
0.294247589164062,0.00269474312120463,1,1,0.190519549974493,NA,0.459840402737243,0,0.0118119867561371,NA,0.045535968192935,0,0.122698715050331,-0.00199859337584869,0.0127012948143128,0.282721105527638,0,"S4","null",1000,2,0.0595983868018629,2.34823534839396,0,0,0,"none",0,55,0
0.260756757202417,-0.00427249445759864,1,1,0.341145344325291,NA,0.843341506374647,0,0.0184615035384116,NA,0.0670999013209478,0,0.051456178564574,-0.0205531700081435,0.0109145188059948,0.199758793969849,0,"S4","null",1000,2,0.0595983868018629,5.18519777542082,0,0,0,"none",0,56,0
0.25672740542932,-0.00597796783273265,0.999999999999973,1,0.323061132223765,NA,0.746235484278854,0,0.0168619136793285,NA,0.0558925434423103,0,0.0405135468560743,0.00610602177733519,0.00738327407274792,0.173344221105528,0,"S4","null",1000,2,0.0595983868018629,2.87024899509208,0,0,0,"none",0,57,0
0.192714134966581,0.0108253083969699,0.999999999302653,1,-0.0165628978895349,NA,0.0403010672284592,0,0.0111766079115668,NA,0.0443116998930958,0,-0.00958219731715558,-0.00332531780147576,0.00622109457468564,0.135592964824121,0,"S4","null",1000,2,0.0595983868018629,2.33969677268788,0,0,0,"none",0,58,0
0.263689636898219,-0.0436231227451097,1,1,0.356708424105803,NA,0.884265096172177,0,0.051321871206701,NA,0.124474355701169,0,0.27288265853226,-0.0318480988922641,0.0148168833869435,0.461947236180904,0,"S4","null",1000,2,0.0595983868018629,4.00092679197866,0,0,0,"none",0,59,0
0.265139075616374,-0.0231534965936134,1,1,0.500377217390163,NA,0.99693081013296,1,0.396820689758154,NA,0.719528748655165,1,0.742337994598485,0.00325574804866893,0.00102543728690986,0.998640703517588,1,"S4","null",1000,2,0.0595983868018629,9.1735905893715,0,0,0,"none",0,60,0
0.284980683203219,0.00393858352889523,1,1,-0.211831648282675,NA,0.518464094807427,0,0.000431242420885284,NA,0.0348348259079459,0,-0.0141808000219642,-0.0271444118040224,0.0106385791637226,0.218761306532663,0,"S4","null",1000,2,0.0595983868018629,2.95156100014062,0,0,0,"none",0,61,0
0.235774133301651,0.0137402030725116,0.9999999999995,1,0.183057293795913,NA,0.535721999553387,0,0.00456212997017031,NA,0.0357881214539147,0,0.0259912875242586,0.0116876549505678,0.00771448523901032,0.133417085427136,0,"S4","null",1000,2,0.0595983868018629,4.94479644102007,0,0,0,"none",0,62,0
0.286031292142729,-0.00891956073958728,1,1,0.27724021835181,NA,0.506567123876183,0,0.0763736977461624,NA,0.105637740463426,0,0.161614620716736,0.0106425913754143,0.014872564427048,0.305678391959799,0,"S4","null",1000,2,0.0595983868018629,1.99413179708856,0,0,0,"none",0,63,0
0.252590023894305,0.0204668399507423,0.999999999999995,1,0.251670959866453,NA,0.638955014470285,0,0.00887413585746476,NA,0.0402104819834564,0,0.104570262131101,-0.0569350006386649,0.0129817653589157,0.368153266331658,0,"S4","null",1000,2,0.0595983868018629,1.64276287123615,0,0,0,"none",0,64,0
0.176330127460915,0.0132512998665176,0.999999957890607,1,0.0164365792808302,NA,0.0426373179184102,0,0.000490650538481566,NA,0.0325938180250045,0,0.0913761274052596,0.150051741074453,0.0137343702260492,0.559532663316583,1,"S4","null",1000,2,0.0595983868018629,2.90281102472736,0,0,0,"none",0,65,0
0.269578813827161,-0.0268683839536125,1,1,-0.172561237749918,NA,0.429524715858431,0,-0.00308221178021506,NA,0.0335203897561065,0,0.0169068986988416,0.0388383849628547,0.0080411486582376,0.238467336683417,0,"S4","null",1000,2,0.0595983868018629,3.11010048427781,0,0,0,"none",0,66,0
0.268453642469074,-0.0391663461422478,1,1,0.422867729250866,NA,0.930544205454685,0,0.109986388937446,NA,0.210588460240908,0,0.121249140290728,-0.0615112034377866,0.0188643712100156,0.369711055276382,0,"S4","null",1000,2,0.0595983868018629,4.08102270148374,0,0,0,"none",0,67,0
0.182931150229618,0.0014328839498593,0.999999994619527,1,0.23883716272831,NA,0.396818362806619,0,0.0212795719525598,NA,0.0558002653344255,0,0.031030921165476,-0.0026994967971385,0.00679944028405865,0.170781407035176,0,"S4","null",1000,2,0.0595983868018629,0.986211062691277,0,0,0,"none",0,68,0
0.215838797565648,-0.0320380356182627,0.999999999981202,1,-0.505045967006798,NA,0.935575030003469,0,-0.0137569661345777,NA,0.0508960884841197,0,-0.0775617271634644,-0.0382415153829929,0.00929455776055345,0.268464824120603,0,"S4","null",1000,2,0.0595983868018629,3.47956933252974,0,0,0,"none",0,69,0
0.260486250750938,0.00784957257269248,0.999999999999999,1,0.128258260105061,NA,0.342238085211246,0,0.0228255790066544,NA,0.0678698586505242,0,0.077089690469958,0.00600079733891724,0.00654723765552032,0.202464824120603,0,"S4","null",1000,2,0.0595983868018629,1.88907390715868,0,0,0,"none",0,70,0
0.214328089879142,-0.0159084732906528,0.999999999537933,1,0.144370728302211,NA,0.331931526215668,0,0.0431330617217427,NA,0.0961230523713116,0,0.0391932372844513,0.06782792307083,0.0150356952440069,0.300017587939699,0,"S4","null",1000,2,0.0595983868018629,2.38767095997346,0,0,0,"none",0,71,0
0.23179426532103,0.00881463356502255,0.999999999999654,1,0.119902454742026,NA,0.302575045774123,0,0.0070439439775874,NA,0.0383325066013791,0,-0.00449581587362569,-0.00921292078280262,0.00616350879773622,0.128748743718593,0,"S4","null",1000,2,0.0595983868018629,2.33348920561082,0,0,0,"none",0,72,0
0.217028486073437,-0.0391709174746613,0.999999999997866,1,-0.0907821681332509,NA,0.162091130340189,0,-9.54859524375062e-05,NA,0.0330834955043873,0,0.0028696686656026,-0.0223859681231991,0.0123633049861413,0.199409547738693,0,"S4","null",1000,2,0.0595983868018629,1.78118875886192,0,0,0,"none",0,73,0
0.220217248751151,0.0368943853724559,0.999999999992047,1,0.268819022616353,NA,0.706057257949159,0,0.0349441496508991,NA,0.0961296320318542,0,0.0844107075124237,0.0272719562142474,0.0119534932445011,0.255341708542714,0,"S4","null",1000,2,0.0595983868018629,3.71065021979626,0,0,0,"none",0,74,0
0.236189032505223,-0.0216729418101644,0.999999999999988,1,0.018503930608132,NA,0.0533241823259052,0,0.00518610409015783,NA,0.0364421067245706,0,0.00844419028500126,0.012218518807442,0.00486266807947696,0.124379396984925,0,"S4","null",1000,2,0.0595983868018629,3.60056324249555,0,0,0,"none",0,75,0
0.285006629773417,-0.0240755473672146,1,1,-0.245713134849928,NA,0.589873243870481,0,0.00503431187431403,NA,0.03965472762357,0,-0.0185944582502047,0.00531455600533586,0.00561596458705775,0.137266331658291,0,"S4","null",1000,2,0.0595983868018629,2.91089059992721,0,0,0,"none",0,76,0
0.31809431495285,-0.0204145923004957,1,1,0.0192204855806184,NA,0.0344953551455904,0,0.0208199158887424,NA,0.0583602450360038,0,0.398301641101738,-0.0301465098979628,0.0169227564747569,0.518776381909548,1,"S4","null",1000,2,0.0595983868018629,2.06848091630555,0,0,0,"none",0,77,0
0.249020463579084,-0.0138258986509426,0.999999999999724,1,-0.070432825121335,NA,0.18405315630354,0,-0.000126726100765462,NA,0.0326964783866285,0,-0.0141930450775324,0.0136886763394103,0.0077109185304153,0.166376884422111,0,"S4","null",1000,2,0.0595983868018629,2.55218182917199,0,0,0,"none",0,78,0
0.278503338401615,0.00314296122163879,1,1,0.16584846494261,NA,0.480906957771235,0,0.0286059825174799,NA,0.0837497272390338,0,0.0410408813903474,0.00459680950691163,0.00618246216389116,0.152344221105528,0,"S4","null",1000,2,0.0595983868018629,5.1826913345089,0,0,0,"none",0,79,0
0.236691369969813,0.01520410159606,0.999999999999998,1,0.203069000212775,NA,0.59918105522182,0,0.0293238881211029,NA,0.0806843884747854,0,0.0631283579975152,-0.0914584424020959,0.0160827766741777,0.367575376884422,0,"S4","null",1000,2,0.0595983868018629,2.63475406538326,0,0,0,"none",0,80,0
0.250759365471798,0.00451895510918231,0.999999999999988,1,0.0112436091921075,NA,0.030618087142261,0,0.00397159353503319,NA,0.0348844775133037,0,0.0253573296822431,0.00294667108830001,0.00700618162179459,0.133072864321608,0,"S4","null",1000,2,0.0595983868018629,3.43564029230063,0,0,0,"none",0,81,0
0.247290970371181,0.00926436419264048,0.999999999999958,1,-0.00538781380898422,NA,0.0143379976752076,0,0.00174522082914471,NA,0.0336680579821879,0,-0.0918323031226708,-0.0444158229223905,0.0138326926199201,0.313743718592965,0,"S4","null",1000,2,0.0595983868018629,2.70883061425662,0,0,0,"none",0,82,0
0.218346425268586,-0.00610680876578538,0.999999999981656,1,0.343659021147412,NA,0.722880755841853,0,0.0126844366937932,NA,0.043896777191693,0,-0.0118896054946559,0.00153492301351686,0.00443220480465276,0.132304020100503,0,"S4","null",1000,2,0.0595983868018629,2.38516373281916,0,0,0,"none",0,83,0
0.230941125854494,0.00539790221698655,0.999999999998521,1,-0.0516218416125124,NA,0.12480117297686,0,0.00743518076981872,NA,0.0417548019472617,0,-0.0107953092608796,0.00829983276275984,0.00927163981294772,0.167273869346734,0,"S4","null",1000,2,0.0595983868018629,0.57410400412112,0,0,0,"none",0,84,0
0.216885714564268,0.0187225443329725,0.999999999777767,1,0.271474053259812,NA,0.737345734078008,0,0.0135716798553298,NA,0.0517340435081542,0,0.211066839527833,0.00569729487176419,0.0121935511192435,0.444912060301508,0,"S4","null",1000,2,0.0595983868018629,6.1789178196419,0,0,0,"none",0,85,0
0.255815313158406,0.016231662808672,1,1,0.435648448016926,NA,0.899386526174171,0,0.0302385368707346,NA,0.0788981911722922,0,0.0677708121879448,0.0144641641579991,0.00755759902768006,0.21129648241206,0,"S4","null",1000,2,0.0595983868018629,3.10155166250818,0,0,0,"none",0,86,0
0.255195582215493,0.00968444188497826,1,1,0.0955466722470587,NA,0.241235855026317,0,0.0107931168853442,NA,0.0434394530356702,0,0.0332904702366155,0.00365574920798158,0.00511754047968704,0.136929648241206,0,"S4","null",1000,2,0.0595983868018629,3.03486600016232,0,0,0,"none",0,87,0
0.264910060432655,-0.0145156573568412,1,1,0.500049138229717,NA,0.922971534098166,0,0.0466731861326578,NA,0.0940016289916203,0,-0.0108961396436503,-0.00835600746220417,0.00460884097051022,0.156595477386935,0,"S4","null",1000,2,0.0595983868018629,1.52931289590061,0,0,0,"none",0,88,0
0.299104194492815,0.00789581705102907,1,1,0.276858577877909,NA,0.674761093610606,0,0.0260284844028744,NA,0.0694418379924476,0,0.119422475602479,-0.00129734356825291,0.00801169913775351,0.259417085427136,0,"S4","null",1000,2,0.0595983868018629,2.52554550019627,0,0,0,"none",0,89,0
0.195835475142234,-0.0147144605226065,0.999999997637974,1,-0.110661117756947,NA,0.270191609918303,0,-0.00246051267171548,NA,0.0333563814980192,0,0.0146137962308035,0.00103020307619376,0.00548522492707179,0.121711055276382,0,"S4","null",1000,2,0.0595983868018629,2.59028239282772,0,0,0,"none",0,90,0
0.248394764229214,0.0111331583702857,0.999999999999981,1,-0.0246026456926996,NA,0.0833469184753013,0,-0.00042643763756143,NA,0.0336694687298931,0,0.0096120066605964,0.0100352778405696,0.00533489996010424,0.105866834170854,0,"S4","null",1000,2,0.0595983868018629,5.65214772655739,0,0,0,"none",0,91,0
0.214656067107651,-0.00935957417417459,0.999999999882025,1,0.428117371902828,NA,0.945646445176067,0,0.0464146000709009,NA,0.115887384676523,0,0.265697771246641,0.145534416191112,0.0220020452055849,0.621959798994975,1,"S4","null",1000,2,0.0595983868018629,5.57963775363099,0,0,0,"none",0,92,0
0.223283457937053,-0.00551143336339207,0.999999999999338,1,-0.0838000654309496,NA,0.249696218103624,0,0.00306215833382692,NA,0.0351910887700293,0,-0.060771402517205,-0.238877806404364,0.0187362204278436,0.70798743718593,1,"S4","null",1000,2,0.0595983868018629,3.35620672256893,0,0,0,"none",0,93,0
0.238813780957846,0.0184123589710326,0.999999999999827,1,-0.105054966832167,NA,0.337003388080617,0,0.00166733923666956,NA,0.0332463891906896,0,0.044689220349659,-0.00169057026303145,0.00711216698808915,0.150977386934673,0,"S4","null",1000,2,0.0595983868018629,3.06630031822321,0,0,0,"none",0,94,0
0.256909650307455,-0.0339966678761676,1,1,-0.151143957987048,NA,0.40494007672846,0,-0.00554737227485899,NA,0.0365732798155583,0,-0.0525210787104357,0.00375193272741354,0.00995347876188503,0.206268844221106,0,"S4","null",1000,2,0.0595983868018629,1.63317361485005,0,0,0,"none",0,95,0
0.244036102591201,0.00101304815447019,0.999999999999999,1,0.0930114442764874,NA,0.323689110761232,0,0.0218144908800399,NA,0.0738732818755194,0,0.0415438792670396,0.0094887464600024,0.00800946024146749,0.167233668341709,0,"S4","null",1000,2,0.0595983868018629,5.9908904931249,0,0,0,"none",0,96,0
0.286801453250756,-0.0223941693633624,1,1,0.0539497643626317,NA,0.117329347092804,0,0.0168147792113544,NA,0.0536997851911159,0,0.160153127381845,-0.101710116264258,0.0189372527559502,0.481723618090452,0,"S4","null",1000,2,0.0595983868018629,1.75451927139209,0,0,0,"none",0,97,0
0.241981603100266,0.0106548751783891,0.999999999999839,1,0.00536683031473224,NA,0.0175862425651956,0,-0.000778530225583716,NA,0.032551506680291,0,0.0352221732665614,-0.0136717560506219,0.00878130594680051,0.152321608040201,0,"S4","null",1000,2,0.0595983868018629,5.59575923114602,0,0,0,"none",0,98,0
0.264702195155827,0.0254671730713089,1,1,-0.0597788590697398,NA,0.157852375423893,0,-0.000580583767130042,NA,0.0333984336956031,0,-0.00750361472970042,-0.00320359621225361,0.00502925501210047,0.112650753768844,0,"S4","null",1000,2,0.0595983868018629,2.77582844415276,0,0,0,"none",0,99,0
0.227103096558319,-0.0133927138012113,0.999999999998275,1,0.247047603300329,NA,0.661960687268325,0,0.0780188823347927,NA,0.165653672318593,0,0.0732129006229204,-0.0770152382917697,0.0143850847359615,0.399846733668342,0,"S4","null",1000,2,0.0595983868018629,2.55741661195954,0,0,0,"none",0,100,0
0.250477544238313,8.0656613668001e-05,0.99999999999996,1,0.263245150729045,NA,0.740443589568641,0,0.0284987259531082,NA,0.0879587359498497,0,0.0308289838955849,-0.0166366718279743,0.0076128091092611,0.166726130653266,0,"S4","null",1000,5,0.0942333235828024,5.06861053515346,0,0,0,"none",0,1,0
0.248819136677719,-0.0208761530448743,0.999999999999988,1,-0.184884932960818,NA,0.61287797859326,0,-0.0105119095539135,NA,0.0476826953482259,0,-0.144786551574169,0.123849752493892,0.0155154894283,0.558110552763819,1,"S4","null",1000,5,0.0942333235828024,6.35874608212417,0,0,0,"none",0,2,0
0.14334186736122,0.00792668676402568,0.999990399799487,1,-0.170763817559242,NA,0.62088016579907,0,-0.00852907247541052,NA,0.0495429817522702,0,-0.277052210249196,0.252993017454948,0.0124523612267653,0.874128140703518,1,"S4","null",1000,5,0.0942333235828024,8.40715441950982,0,0,0,"none",0,3,0
0.220185251090251,-0.0497639467332708,0.999999999999947,1,0.00389604664274521,NA,0.0140863550565498,0,0.00325059479321761,NA,0.036022412250015,0,0.0208552392270433,-0.00240751889299588,0.00567049078083177,0.115334170854271,0,"S4","null",1000,5,0.0942333235828024,6.20202860795685,0,0,0,"none",0,4,0
0.237620544630265,0.0245365091595765,0.99999999999999,1,0.329304588857839,NA,0.920250362512071,0,0.0526046485561756,NA,0.153168363452111,0,0.264860128501116,0.118021159590035,0.0200636572106258,0.639743718592965,1,"S4","null",1000,5,0.0942333235828024,7.90667047125865,0,0,0,"none",0,5,0
0.273105488035602,-0.0117433380259064,1,1,0.0661073404794597,NA,0.288599839705791,0,0.00987898663736031,NA,0.0520020405843126,0,0.00979173162857129,-0.0136911316832664,0.00623753623247147,0.127040201005025,0,"S4","null",1000,5,0.0942333235828024,9.00251349232273,0,0,0,"none",0,6,0
0.277460104857103,-0.0217964467065776,1,1,0.235142839217086,NA,0.776509945934352,0,0.0264048906270198,NA,0.089604142460035,0,0.195373544888873,0.130161457350926,0.0155170910325602,0.600082914572864,1,"S4","null",1000,5,0.0942333235828024,8.98544454669075,0,0,0,"none",0,7,0
0.235587372737478,0.00281287067281728,0.999999999999998,1,-0.0715033107112355,NA,0.302422196749586,0,-0.002243404243477,NA,0.0340801981413596,0,-0.0043882529456988,0.00335305671734181,0.00345889865025643,0.0761507537688442,0,"S4","null",1000,5,0.0942333235828024,8.96956355279435,0,0,0,"none",0,8,0
0.195235674760543,0.0136034007964133,0.999999998506293,1,0.0256403473465706,NA,0.0960837905220993,0,0.00279383174606133,NA,0.034940032819603,0,-0.013284891185996,0.00394256933927618,0.00436757280326875,0.105826633165829,0,"S4","null",1000,5,0.0942333235828024,6.61991656686662,0,0,0,"none",0,9,0
0.162397878799261,-0.0125260755244784,0.999999858235266,1,-0.332507165693712,NA,0.869379032449134,0,-0.00457048353951358,NA,0.041203849440256,0,-0.149910119771308,0.0376972451192898,0.0117922925979662,0.401763819095477,0,"S4","null",1000,5,0.0942333235828024,8.01160611000862,0,0,0,"none",0,10,0
0.281311496100775,0.00345594097275882,1,1,0.152341448329784,NA,0.564137745223633,0,0.00193277326506794,NA,0.0334466421170911,0,0.200205757283113,0.118613711257993,0.0163435142161175,0.629798994974874,1,"S4","null",1000,5,0.0942333235828024,7.96852504789842,0,0,0,"none",0,11,0
0.178861144201783,-0.00891607997999211,0.999999954343986,1,0.227534174549639,NA,0.623304804802556,0,0.0317007591050246,NA,0.0877599610423036,0,0.112214069355581,0.0713177420656957,0.0117139636799938,0.381238693467337,0,"S4","null",1000,5,0.0942333235828024,4.36060556877821,0,0,0,"none",0,12,0
0.218206129363684,-0.0234185070944477,0.999999999999476,1,-0.00595513563814985,NA,0.0234636251994282,0,-0.000622330169513997,NA,0.0335577632663083,0,0.048961058492788,-0.00851902914840104,0.00915456055916394,0.183459798994975,0,"S4","null",1000,5,0.0942333235828024,8.3973332000794,0,0,0,"none",0,13,0
0.230538257378118,0.00208837867656561,0.99999999999981,1,0.152220678624267,NA,0.649383904256875,0,0.0180013846879572,NA,0.0779438443060317,0,0.120198140948346,-0.0145075831309951,0.0125627277042598,0.338668341708543,0,"S4","null",1000,5,0.0942333235828024,10.5122204265022,0,0,0,"none",0,14,0
0.270863058010098,0.0328806339455886,1,1,-0.0887182545253063,NA,0.298636647123771,0,-0.00116043691120166,NA,0.0329362020586115,0,-0.0177056368557937,0.0529956774899543,0.0104729659049467,0.282706030150754,0,"S4","null",1000,5,0.0942333235828024,6.52877247223254,0,0,0,"none",0,15,0
0.262059591572244,-0.0306115978283727,1,1,0.203676295892884,NA,0.746447287566778,0,0.0232838662647785,NA,0.0843809771270913,0,0.203670985539336,-0.15336839020523,0.0200884363064055,0.625221105527638,1,"S4","null",1000,5,0.0942333235828024,9.06424699538379,0,0,0,"none",0,16,0
0.273218763567002,-0.00305983318970818,1,1,0.203427269324384,NA,0.739801881910297,0,0.0128635376560814,NA,0.0587329173793965,0,0.0574692678274524,-0.00695465569397217,0.0111463580343158,0.20670351758794,0,"S4","null",1000,5,0.0942333235828024,7.62163099049453,0,0,0,"none",0,17,0
0.236346529909829,-0.0376615902620314,0.999999999999997,1,0.241534205528022,NA,0.819070124601338,0,0.0360589065731483,NA,0.121850192789373,0,0.0790180960479676,-0.0207035017348498,0.0101723064954023,0.25901256281407,0,"S4","null",1000,5,0.0942333235828024,8.1175383811212,0,0,0,"none",0,18,0
0.269331744790439,0.0226959018318158,1,1,0.00130986673653677,NA,0.00534231283852193,0,0.00373927114134505,NA,0.0374404340240606,0,-0.0030875828119164,-0.00956995041026172,0.00507445979254513,0.102482412060302,0,"S4","null",1000,5,0.0942333235828024,8.00838680096165,0,0,0,"none",0,19,0
0.159805300532762,-0.0138739654941299,0.999998546192367,1,0.0289425355510419,NA,0.113417282033697,0,0.00797626282740254,NA,0.0448776519786201,0,0.00697466779688316,-0.0106482408304068,0.0060566529745781,0.113582914572864,0,"S4","null",1000,5,0.0942333235828024,7.23901983952618,0,0,0,"none",0,20,0
0.270919724462072,-0.00844936937952767,1,1,0.149695394229532,NA,0.527542752275905,0,0.0153736756839272,NA,0.0608907143217977,0,0.0379101310460352,-0.0170779319080161,0.00763249327748788,0.173253768844221,0,"S4","null",1000,5,0.0942333235828024,7.2920394223136,0,0,0,"none",0,21,0
0.262525075540854,-0.00366921029730888,1,1,0.146106912734449,NA,0.571894674207115,0,0.00922749357565009,NA,0.049893334304865,0,0.0497133929235301,0.0584647799746227,0.012216227394257,0.315010050251256,0,"S4","null",1000,5,0.0942333235828024,9.03372646191873,0,0,0,"none",0,22,0
0.207415325752082,-0.00427333341608843,0.999999999762767,1,0.0828547041198548,NA,0.333807527360583,0,0.0115978732096357,NA,0.0559663180444028,0,0.134051694864243,0.219661115445714,0.0157434105228923,0.777082914572864,1,"S4","null",1000,5,0.0942333235828024,7.52752654595014,0,0,0,"none",0,23,0
0.211084875707852,0.0122347013326515,0.999999999985114,1,-0.0882356815684461,NA,0.330153457364825,0,0.00250266186127941,NA,0.0344730009702623,0,-0.00893324415134405,0.00879839715434041,0.00473538961753351,0.104020100502513,0,"S4","null",1000,5,0.0942333235828024,7.15307018622351,0,0,0,"none",0,24,0
0.2852013983052,-0.00940816314935264,1,1,0.298365829054476,NA,0.940649667452581,0,0.0722502173978676,NA,0.215082529477769,0,0.0304906791515991,0.0063352276549353,0.00617404389712253,0.147022613065327,0,"S4","null",1000,5,0.0942333235828024,10.7411047339032,0,0,0,"none",0,25,0
0.173366809366471,-0.0325910390605784,0.999999994398578,1,-0.0793423637551338,NA,0.255853461067518,0,-0.00135179138672426,NA,0.0337099419943135,0,-0.164058604255141,-0.0851912839722713,0.0146493470370137,0.471881909547739,0,"S4","null",1000,5,0.0942333235828024,4.76059076754811,0,0,0,"none",0,26,0
0.202535257231099,0.000947974908065234,0.999999998868794,1,0.1797578811167,NA,0.539632252081092,0,0.0324490373057024,NA,0.0915393261282974,0,0.109796175895413,-0.0129988028908917,0.0111063536126539,0.276020100502513,0,"S4","null",1000,5,0.0942333235828024,5.46211891326357,0,0,0,"none",0,27,0
0.232826953954665,-0.0196345721324121,0.999999999996662,1,-0.17485920666615,NA,0.66355897335089,0,-0.00442652533035134,NA,0.038210086068905,0,-0.0374580175174306,-0.0147663940035373,0.00693216564000318,0.174281407035176,0,"S4","null",1000,5,0.0942333235828024,9.61579113430862,0,0,0,"none",0,28,0
0.205245301436137,-0.0196868101760773,0.999999999969738,1,-0.117832059015315,NA,0.402777653025808,0,-0.00522342935421385,NA,0.0379745046498976,0,0.00397158371565421,-0.00767933853915316,0.00524485259746084,0.107791457286432,0,"S4","null",1000,5,0.0942333235828024,4.66642709644446,0,0,0,"none",0,29,0
0.241705872917532,0.00172812490259201,0.999999999999968,1,0.0317141841183036,NA,0.125066592121897,0,0.0140452764078791,NA,0.0608662986233534,0,0.00875821548722582,-0.000168445791364074,0.00393421463311321,0.0900778894472362,0,"S4","null",1000,5,0.0942333235828024,7.42674823907808,0,0,0,"none",0,30,0
0.207672777183194,-0.00753752192772064,0.999999999944045,1,-0.229356478998223,NA,0.738301643893955,0,-0.0108646042674008,NA,0.0520471877891975,0,-0.0610380353284774,-0.0208383942636884,0.0112992690539079,0.213826633165829,0,"S4","null",1000,5,0.0942333235828024,5.28590712393064,0,0,0,"none",0,31,0
0.289346584166265,0.0203788012013652,1,1,-0.0861520262703251,NA,0.288086984133549,0,-4.61660882920831e-05,NA,0.0348533226664877,0,0.00147908429652833,-0.0128163077327131,0.00613450093859505,0.12401256281407,0,"S4","null",1000,5,0.0942333235828024,5.62042196466496,0,0,0,"none",0,32,0
0.264339461388595,0.00225965693324698,1,1,0.0773372307558598,NA,0.395904274992111,0,0.0129456974001359,NA,0.0690940885775612,0,0.0180464017562852,0.00982946642713971,0.00493633532778497,0.116758793969849,0,"S4","null",1000,5,0.0942333235828024,12.2938580837766,0,0,0,"none",0,33,0
0.282732379989834,-0.0238143665790872,1,1,0.15458943628371,NA,0.574912417812638,0,0.0671180682295877,NA,0.18212523477022,0,0.253776814772324,-0.0719510473298674,0.0206151012680383,0.642962311557789,1,"S4","null",1000,5,0.0942333235828024,9.83833639490197,0,0,0,"none",0,34,0
0.296585322242172,-0.012332516650662,1,1,-0.040169684599049,NA,0.176203823776655,0,-0.000386894054888375,NA,0.0347452232526651,0,0.00338144700147187,0.0139032852748958,0.00608113907786774,0.117731155778894,0,"S4","null",1000,5,0.0942333235828024,7.30841278573672,0,0,0,"none",0,35,0
0.224398090510975,0.0413405432257535,0.999999999999877,1,0.10933999770207,NA,0.385313651548933,0,0.00501378688405694,NA,0.0380381567831965,0,0.0840713830099861,-0.0886337665079565,0.0155853803933827,0.375708542713568,0,"S4","null",1000,5,0.0942333235828024,6.20225532231972,0,0,0,"none",0,36,0
0.281080102815209,-0.00404274537155946,1,1,0.0630748196206396,NA,0.242635994663619,0,0.00582772010171763,NA,0.0405187395347473,0,-0.00288732782942437,-0.0014186269577515,0.00391991429753394,0.0811909547738694,0,"S4","null",1000,5,0.0942333235828024,6.54587622949992,0,0,0,"none",0,37,0
0.210059917806368,-0.00796270614615103,0.999999999887401,1,-0.146521610222896,NA,0.606090162559232,0,-0.00434731698352577,NA,0.0403832487270162,0,0.00332806896739608,0.0343996118299984,0.00843690113862998,0.185374371859296,0,"S4","null",1000,5,0.0942333235828024,11.7604547638505,0,0,0,"none",0,38,0
0.266104585167109,0.00823393950540146,1,1,0.28962245501806,NA,0.851418795654112,0,0.0132192905401377,NA,0.0564807431763478,0,0.0150495283659745,0.00923774337106599,0.00489941178269883,0.11563567839196,0,"S4","null",1000,5,0.0942333235828024,5.11012816876075,0,0,0,"none",0,39,0
0.234263582008605,-0.00368717466356236,0.999999999997008,1,0.280540841216131,NA,0.879840964385657,0,0.045299871219421,NA,0.131087431894998,0,0.248371943887391,0.00677201871154625,0.0192718139469165,0.586756281407035,1,"S4","null",1000,5,0.0942333235828024,10.1486797759218,0,0,0,"none",0,40,0
0.244408489820839,-0.0276873953997871,0.999999999999999,1,-0.0873671067834671,NA,0.252926887264488,0,-0.00454592226945286,NA,0.0375826096564682,0,-0.0312304583923258,-0.00509067211627809,0.00691919769315564,0.142072864321608,0,"S4","null",1000,5,0.0942333235828024,4.45410812185683,0,0,0,"none",0,41,0
0.267104375733219,-0.0230398469726383,1,1,0.12558127021722,NA,0.390287059261591,0,0.00475602951424215,NA,0.0389697454107484,0,-0.00818777335514044,0.0085287338009727,0.006464179351964,0.126726130653266,0,"S4","null",1000,5,0.0942333235828024,5.13736086559034,0,0,0,"none",0,42,0
0.225537939035646,0.00722173349156811,0.999999999999607,1,0.25238773730321,NA,0.76272014500097,0,0.0336451835725288,NA,0.101997571120473,0,0.149133542571895,-0.0529560197543247,0.0163796911323372,0.40079648241206,0,"S4","null",1000,5,0.0942333235828024,5.61217126172217,0,0,0,"none",0,43,0
0.28164725484122,0.0140674959428097,1,1,0.176313966459212,NA,0.626880239966465,0,0.00856964376876874,NA,0.0481096922859116,0,0.0276277375284809,0.0263139967896067,0.00963325167618839,0.230100502512563,0,"S4","null",1000,5,0.0942333235828024,5.48572550414234,0,0,0,"none",0,44,0
0.243759579323051,-0.0176157862574293,0.999999999999984,1,0.19697127932417,NA,0.610928340507499,0,0.00438796931847796,NA,0.0363271629331337,0,0.0120268732644178,-0.00809262592431125,0.00456026046770531,0.0992085427135678,0,"S4","null",1000,5,0.0942333235828024,5.78579866103977,0,0,0,"none",0,45,0
0.256625523629798,0.00912598158271095,1,1,0.192909758033826,NA,0.681073930684977,0,0.00757320585207403,NA,0.043956044199431,0,0.0408071253794612,0.0048371782371851,0.00611666874126257,0.14905527638191,0,"S4","null",1000,5,0.0942333235828024,6.14452456611948,0,0,0,"none",0,46,0
0.256954593364057,0.00561014648114049,1,1,0.000596565531299572,NA,0.00218242871178886,0,0.00427474223664082,NA,0.0376344768659129,0,-0.0105078762234602,-0.0116515463039599,0.00479693786976821,0.133369346733668,0,"S4","null",1000,5,0.0942333235828024,5.99094405523918,0,0,0,"none",0,47,0
0.24126598252174,0.0213406577430186,0.999999999999873,1,-0.0681501032772666,NA,0.251947334195887,0,0.00155160656455924,NA,0.0334214606163565,0,-0.00846229612823406,0.00407726019404461,0.00465633837340299,0.105881909547739,0,"S4","null",1000,5,0.0942333235828024,6.59100935476608,0,0,0,"none",0,48,0
0.239722181388407,0.00041480897924387,0.999999999999929,1,0.336555394328646,NA,0.854688297217646,0,0.00567350572776109,NA,0.0411677056717062,0,0.134467009528977,-0.157375609662631,0.0224230478547201,0.627309045226131,1,"S4","null",1000,5,0.0942333235828024,5.93902271371649,0,0,0,"none",0,49,0
0.259210531192696,-0.0507634411766055,1,1,0.145776595113477,NA,0.466635048429515,0,0.0189883881406436,NA,0.065362152011653,0,0.177509812913153,-0.0605040141582393,0.0142739343498577,0.437972361809045,0,"S4","null",1000,5,0.0942333235828024,6.33235778974706,0,0,0,"none",0,50,0
0.270917044555278,-0.016415657183923,1,1,0.0374592284579697,NA,0.120134301167039,0,0.00257832268206029,NA,0.0350496156561275,0,0.00704731349940086,-0.0278475154647698,0.00928023637699168,0.201344221105528,0,"S4","null",1000,5,0.0942333235828024,4.27177030888832,0,0,0,"none",0,51,0
0.267535629057991,-0.0278567070654693,0.999999999999999,1,-0.317625871834175,NA,0.7133493626174,0,-0.0051965363429732,NA,0.03880525567132,0,-0.00456379306264863,-0.0129331983984142,0.00508855006209523,0.1165,0,"S4","null",1000,5,0.0942333235828024,4.23700186855237,0,0,0,"none",0,52,0
0.228149816924983,0.0169151398866824,0.999999999999838,1,0.0861530312217203,NA,0.328044820967172,0,0.00374986310307287,NA,0.036074443828906,0,0.0188134596528342,0.0209107488880019,0.00610047674705483,0.138952261306533,0,"S4","null",1000,5,0.0942333235828024,6.94934218192845,0,0,0,"none",0,53,0
0.305326366849609,0.00589144208239506,1,1,-0.0688414538059193,NA,0.24689697793142,0,0.00146508024886281,NA,0.0331278961895285,0,-0.0330472563197712,0.116310278087292,0.0107544010887769,0.383590452261307,0,"S4","null",1000,5,0.0942333235828024,6.12917093724886,0,0,0,"none",0,54,0
0.273032833711606,0.00259185188899926,1,1,0.122533592471236,NA,0.42183264693772,0,0.015527650653429,NA,0.0622516758206331,0,0.0353731157835378,0.023579751495199,0.006852555564469,0.170595477386935,0,"S4","null",1000,5,0.0942333235828024,6.46651646415924,0,0,0,"none",0,55,0
0.258917117383158,-0.00638274780137407,0.999999999999998,1,-0.0422158227704831,NA,0.14660207446159,0,0.00192634108301353,NA,0.0336690674384629,0,-0.0653677763159076,-0.06105618408832,0.0131318585409444,0.320819095477387,0,"S4","null",1000,5,0.0942333235828024,5.29222368671586,0,0,0,"none",0,56,0
0.258639467653435,-0.018070633385451,0.999999999999991,1,0.094563414072255,NA,0.357554229141052,0,0.00568180859608045,NA,0.0406769919039344,0,0.100844407063258,0.0306633326939642,0.0112069621397405,0.294412060301508,0,"S4","null",1000,5,0.0942333235828024,7.54264555148364,0,0,0,"none",0,57,0
0.232735455110157,-0.013870598524852,0.999999999999772,1,-0.201855376467609,NA,0.705779820733715,0,-0.00956374167038412,NA,0.0477275661574633,0,-0.0877405326614182,0.0594416248158564,0.0139360970719777,0.375123115577889,0,"S4","null",1000,5,0.0942333235828024,7.00982725835942,0,0,0,"none",0,58,0
0.250653645593741,-0.0161632773623891,0.999999999999997,1,0.0475016621853147,NA,0.185021842297485,0,0.00189808110368791,NA,0.0348106823897092,0,0.0142637727914757,-0.0739561372319486,0.013303686257258,0.32586432160804,0,"S4","null",1000,5,0.0942333235828024,6.7865555152991,0,0,0,"none",0,59,0
0.224458283623898,0.00359239291060145,0.999999999992035,1,-0.0431805574439362,NA,0.174120829721178,0,0.000949482685979949,NA,0.0357540782186937,0,-0.0028442679161299,0.00103464584807299,0.0039481314414791,0.082821608040201,0,"S4","null",1000,5,0.0942333235828024,7.68601652999336,0,0,0,"none",0,60,0
0.239202151383406,-0.0231042861462428,0.999999999999997,1,0.20432068801542,NA,0.716013467062414,0,0.00353755956625943,NA,0.0355831041410825,0,0.0210506396728137,-0.00217075927584742,0.00470755537210655,0.104756281407035,0,"S4","null",1000,5,0.0942333235828024,7.61207898343043,0,0,0,"none",0,61,0
0.236311235989341,-0.0259067516438543,0.999999999999953,1,-0.0239429371612985,NA,0.0916532726462324,0,-0.00286858981713328,NA,0.0343018109248262,0,0.00427289839007871,0.00234479071109322,0.00376617485469931,0.0914798994974874,0,"S4","null",1000,5,0.0942333235828024,6.64716107850964,0,0,0,"none",0,62,0
0.266984689500618,0.0192353546190639,1,1,0.089317176648308,NA,0.370171127026611,0,0.0149118013224068,NA,0.0674639139889757,0,0.00681816419640323,0.00437363261236105,0.00343459027763924,0.0832613065326633,0,"S4","null",1000,5,0.0942333235828024,7.88702087973684,0,0,0,"none",0,63,0
0.240969376032384,-0.0273602350628201,0.999999999999865,1,0.0222463680833044,NA,0.0842739299974795,0,0.00507816597909574,NA,0.0394679296435004,0,0.0133468637668405,-0.0179501187094513,0.00691479422231151,0.126113065326633,0,"S4","null",1000,5,0.0942333235828024,6.57374199830636,0,0,0,"none",0,64,0
0.262242679669186,0.0329994270020797,1,1,-0.00177869461609708,NA,0.0052962280040556,0,-0.000512029661259548,NA,0.0342594016214044,0,-0.0679828964718836,-0.00718893892019952,0.00974802663762509,0.199590452261307,0,"S4","null",1000,5,0.0942333235828024,4.55831623721122,0,0,0,"none",0,65,0
0.233080333393529,0.00657655547979427,0.999999999999907,1,0.0929776292565241,NA,0.401143995774533,0,0.00905257415620085,NA,0.050189928598379,0,0.0120390015373114,0.0257688435899321,0.00805859973295675,0.17756783919598,0,"S4","null",1000,5,0.0942333235828024,7.9944002350001,0,0,0,"none",0,66,0
0.240625653462049,0.000232140301674369,0.999999999999781,1,0.203056407995374,NA,0.628016420345409,0,0.0128749431252719,NA,0.0523190009159937,0,0.142977707816925,-0.0724121394240183,0.0145597457660717,0.421404522613065,0,"S4","null",1000,5,0.0942333235828024,6.33455196427231,0,0,0,"none",0,67,0
0.247831691372942,0.0158072189712139,0.999999999999999,1,0.347325564865906,NA,0.978553198890531,1,0.253782637477825,NA,0.571173261070833,1,0.400979659083967,-0.0600583209117278,0.0118289575417517,0.908507537688442,1,"S4","null",1000,5,0.0942333235828024,14.3563101327996,0,0,0,"none",0,68,0
0.204212725177838,0.000281415777350547,0.999999999967051,1,0.100171653388576,NA,0.316474233759226,0,0.00613441728278964,NA,0.0391858374069348,0,-0.10140771758397,-0.165395580862865,0.0184226115648325,0.628821608040201,1,"S4","null",1000,5,0.0942333235828024,4.66406785773577,0,0,0,"none",0,69,0
0.296515853688387,0.0013252118017934,1,1,0.37691351621598,NA,0.950846631260362,1,0.117661107968026,NA,0.2404813928733,0,0.384349671487936,-0.00519412543968789,0.0136226451890682,0.787653266331658,1,"S4","null",1000,5,0.0942333235828024,9.61966250008222,0,0,0,"none",0,70,0
0.180976266690604,-0.0257392147595455,0.99999998335023,1,0.0426601592478644,NA,0.239057142118642,0,0.00208528632668146,NA,0.0350767429607942,0,0.00563804355789673,0.143660586784431,0.0183554544762808,0.605994974874372,1,"S4","null",1000,5,0.0942333235828024,15.2400676463769,0,0,0,"none",0,71,0
0.277866296697213,0.0168809206132776,1,1,-0.0145791616890439,NA,0.0620432029142473,0,0.00148910879683847,NA,0.0332562298539808,0,0.00306128532474543,-0.0182005014449392,0.00619154242000871,0.143057788944724,0,"S4","null",1000,5,0.0942333235828024,8.5575113838552,0,0,0,"none",0,72,0
0.201171162134585,0.00947197937830608,0.999999999917912,1,0.0250770125692467,NA,0.119037116805411,0,0.00569366797429855,NA,0.0442203678656125,0,0.0361595612919297,0.0578029420549633,0.00853991035399663,0.245173366834171,0,"S4","null",1000,5,0.0942333235828024,11.0351428588144,0,0,0,"none",0,73,0
0.211261802162168,0.00768565200134849,0.999999999920307,1,-0.0817640302500446,NA,0.311631685624603,0,-0.00265651997401688,NA,0.0345467026186313,0,-0.0295943536493354,0.0642776546129633,0.00746192289592921,0.249856783919598,0,"S4","null",1000,5,0.0942333235828024,6.44039256318197,0,0,0,"none",0,74,0
0.247170225645219,0.00108516271739573,0.999999999999996,1,0.152642180834499,NA,0.564382586691105,0,0.0159969882372314,NA,0.0650175662869898,0,0.0399539966866799,0.000815079006151222,0.00775277407229083,0.145505025125628,0,"S4","null",1000,5,0.0942333235828024,7.23200816786065,0,0,0,"none",0,75,0
0.229873502351697,-0.0381718190642731,0.999999999999844,1,0.211998368650883,NA,0.532878394514226,0,0.045550860343941,NA,0.0993965035160914,0,0.0344081658288357,0.00802800797169466,0.00758191971040523,0.147595477386935,0,"S4","null",1000,5,0.0942333235828024,2.68344730309717,0,0,0,"none",0,76,0
0.200449703081416,-0.00620560905992697,0.999999990167591,1,-0.300231315896229,NA,0.807227585700405,0,-0.00613675918011191,NA,0.0422136968366709,0,-0.0138966371608502,-0.0459009943989177,0.00881694453089572,0.222768844221106,0,"S4","null",1000,5,0.0942333235828024,6.96188075833307,0,0,0,"none",0,77,0
0.266492237557527,-0.0286697681982864,1,1,0.0886647182034923,NA,0.392470414517592,0,0.00420830181853911,NA,0.0386236017156525,0,0.0407291303318841,-0.050470798336714,0.0115848135601638,0.26741959798995,0,"S4","null",1000,5,0.0942333235828024,9.69323992719184,0,0,0,"none",0,78,0
0.322013881804102,0.0143095790447567,1,1,0.15987316183718,NA,0.539711410675141,0,0.0326971115651306,NA,0.0994810129768585,0,0.139781151248534,0.0999142772153475,0.0149842652714497,0.466414572864322,0,"S4","null",1000,5,0.0942333235828024,6.88054509506753,0,0,0,"none",0,79,0
0.258823505625473,-0.0115661203082562,0.999999999999996,1,-0.0486029719409788,NA,0.182184638082503,0,-0.00191527640476706,NA,0.0334602591636106,0,-0.00676190250056693,0.00506760036351231,0.00483163794690443,0.0947462311557789,0,"S4","null",1000,5,0.0942333235828024,6.99761656230637,0,0,0,"none",0,80,0
0.215261294515464,-0.0150242777907801,0.999999999975105,1,0.228347409994329,NA,0.687473586477949,0,0.046425034637039,NA,0.120330299126685,0,0.0602689600211148,0.0201054698165501,0.00867326384247449,0.217949748743719,0,"S4","null",1000,5,0.0942333235828024,5.73145610480682,0,0,0,"none",0,81,0
0.232925220583617,0.00402803284696604,0.99999999999999,1,0.242332208736853,NA,0.86877499495408,0,0.0201227189832204,NA,0.0840223491958835,0,0.0146003755015607,-0.0232067973698235,0.00662543442219046,0.161552763819095,0,"S4","null",1000,5,0.0942333235828024,9.69281259406961,0,0,0,"none",0,82,0
0.214738708952775,0.0225481553847747,0.999999999994626,1,0.117606583391384,NA,0.46638925429211,0,0.0238630563513873,NA,0.0892541568413379,0,0.0499453073371273,0.0316473834854227,0.00906052507725023,0.205010050251256,0,"S4","null",1000,5,0.0942333235828024,8.83322469734147,0,0,0,"none",0,83,0
0.323125574273864,0.00511360709375771,1,1,0.0864956059423854,NA,0.317633701742702,0,0.0082653669974756,NA,0.0454657846972643,0,0.148962781164402,0.0215508430317421,0.0144592868077673,0.384816582914573,0,"S4","null",1000,5,0.0942333235828024,7.01621550464948,0,0,0,"none",0,84,0
0.193696616143786,0.024760788601244,0.999999999938071,1,0.0134844887400776,NA,0.0705809796555599,0,0.000143396263380015,NA,0.0324888544714504,0,0.00442568681570046,-0.00669808341705713,0.00393131165823328,0.0874974874371859,0,"S4","null",1000,5,0.0942333235828024,11.5500636270877,0,0,0,"none",0,85,0
0.262667156612042,0.00884981831397472,0.999999999999996,1,-0.0515987504636541,NA,0.188961489425516,0,0.00112344812746386,NA,0.0331812747905944,0,-0.00297911974842462,0.00159037107525711,0.00426194486854941,0.0835025125628141,0,"S4","null",1000,5,0.0942333235828024,7.08452110161826,0,0,0,"none",0,86,0
0.251504633883534,-0.014092930740195,0.999999999999994,1,-0.254667912790433,NA,0.723502417513885,0,-0.00492343815657297,NA,0.0392565128667628,0,-0.0183365103290234,-0.00574373974283832,0.00458430714131808,0.110658291457286,0,"S4","null",1000,5,0.0942333235828024,5.72774075390505,0,0,0,"none",0,87,0
0.181713269693336,-0.0100179772862744,0.999999996082305,1,-0.0821237606075463,NA,0.350934901140099,0,-0.00501906477697923,NA,0.0402311831649064,0,-0.0132410228056647,0.00107076771765753,0.0046605389543203,0.101389447236181,0,"S4","null",1000,5,0.0942333235828024,7.9977442568283,0,0,0,"none",0,88,0
0.214041783124702,-0.0140646471364217,0.99999999996154,1,0.220603748251223,NA,0.682567501987223,0,0.00998671577936462,NA,0.0470665323577943,0,0.0236965503981826,0.00203528384303059,0.00568360303884167,0.128087939698492,0,"S4","null",1000,5,0.0942333235828024,4.64598479583545,0,0,0,"none",0,89,0
0.247145867007655,-0.0273891720250646,0.999999999999911,1,-0.00662309108601765,NA,0.0234771500047293,0,0.0061592876892267,NA,0.0406543110257583,0,0.0213170104685478,0.0106395691304386,0.00618011776759818,0.140630653266332,0,"S4","null",1000,5,0.0942333235828024,5.8405930223848,0,0,0,"none",0,90,0
0.195140768960268,0.0238849739998865,0.999999999454368,1,0.0689688391534653,NA,0.279393364388997,0,0.00503696124222121,NA,0.0399820895858315,0,0.00712831345525386,0.00137994996922558,0.00469681313602581,0.0835150753768844,0,"S4","null",1000,5,0.0942333235828024,7.06751516201859,0,0,0,"none",0,91,0
0.224320564162347,-0.00320711680812741,0.99999999999951,1,-0.185098763448756,NA,0.544622814345804,0,-0.0011510240364536,NA,0.032779290112205,0,-0.0369146471062243,0.0303818094160528,0.00930951334237147,0.224653266331658,0,"S4","null",1000,5,0.0942333235828024,3.47403112304262,0,0,0,"none",0,92,0
0.285584136420577,0.0111642149050203,1,1,0.201807895433335,NA,0.706861707284297,0,0.00883726701075984,NA,0.0504973687232195,0,-0.00149293292680039,0.011155791949996,0.00425878657874799,0.0974396984924623,0,"S4","null",1000,5,0.0942333235828024,8.19063878597515,0,0,0,"none",0,93,0
0.242824238824635,-0.00559650917461595,0.999999999999452,1,-0.171332034267335,NA,0.60384734525294,0,-0.0541206355311935,NA,0.133528101329748,0,-0.0490579005057628,-0.113273301981577,0.0124773568757478,0.443618090452261,0,"S4","null",1000,5,0.0942333235828024,8.56080905796273,0,0,0,"none",0,94,0
0.244141942112912,0.0253608206073144,0.999999999999988,1,-0.172988045788672,NA,0.529094741825418,0,-0.00959361146614218,NA,0.0432871766872606,0,-0.00427444594640654,-6.30363309461056e-05,0.00320356002649304,0.0869723618090452,0,"S4","null",1000,5,0.0942333235828024,5.267467529101,0,0,0,"none",0,95,0
0.208428429343381,-0.0234625858393767,0.999999999957137,1,0.0246674309806667,NA,0.081190051296377,0,0.00181536127569105,NA,0.033650055887495,0,-0.00397712017856696,-0.00540964056009937,0.00382566132797972,0.101758793969849,0,"S4","null",1000,5,0.0942333235828024,4.3897848489985,0,0,0,"none",0,96,0
0.264895687753374,0.00471815459819758,1,1,0.129000481830547,NA,0.483851343920549,0,0.00628800005509037,NA,0.0420551593821345,0,0.00842555285694761,0.00993835682326787,0.00460380710351667,0.0990879396984925,0,"S4","null",1000,5,0.0942333235828024,7.09006032981074,0,0,0,"none",0,97,0
0.22884871940719,-0.00375818126875637,0.999999999983235,1,0.12230394835593,NA,0.405566084889202,0,0.011176079177421,NA,0.0538446417787612,0,0.0240098982036338,-0.00255756562628569,0.00619125592312799,0.12644472361809,0,"S4","null",1000,5,0.0942333235828024,5.90830880718647,0,0,0,"none",0,98,0
0.229792727022283,-0.000585869139329077,0.999999999999526,1,0.0820226208890909,NA,0.380415374825286,0,0.00608809623106001,NA,0.0447620575161026,0,0.0281085599977098,-0.0748457860213478,0.014366985750442,0.303939698492462,0,"S4","null",1000,5,0.0942333235828024,10.6421768132749,0,0,0,"none",0,99,0
0.227090591650115,-0.00907644720223778,0.999999999999122,1,0.212978510880138,NA,0.68023342888439,0,0.0113071492604999,NA,0.0517766134223886,0,0.0172654858116468,-0.00908055196111219,0.00395745163028095,0.10435175879397,0,"S4","null",1000,5,0.0942333235828024,6.73374248631334,0,0,0,"none",0,100,0
0.224516731911531,0.0166316950323756,0.99999999999986,1,-0.102235182860019,NA,0.513991628566733,0,-0.00251137677408443,NA,0.0356320972858126,0,-0.0439879831909372,0.0560582389460485,0.0116420937123991,0.319854271356784,0,"S4","null",1000,10,0.133266044238292,11.9357483719944,0,0,0,"none",0,1,0
0.243778764951286,0.0422949832834466,1,1,0.231659858431179,NA,0.871355597356476,0,0.0336928903979921,NA,0.123219576563784,0,0.0812754940074896,0.020873791620694,0.0152609551104924,0.288469849246231,0,"S4","null",1000,10,0.133266044238292,11.830367218238,0,0,0,"none",0,2,0
0.233910520227451,0.00897745175663395,0.999999999999998,1,-0.165787495600942,NA,0.678425592799122,0,-0.0104136618159893,NA,0.0565451781229374,0,-0.153977295030354,0.0404275575996036,0.0155354952352267,0.469424623115578,0,"S4","null",1000,10,0.133266044238292,10.2845077222658,0,0,0,"none",0,3,0
0.186888900481709,-0.00729257164303032,0.999999987383263,1,0.081923757393235,NA,0.386832628982426,0,0.000623149150977623,NA,0.0326934604454713,0,0.0631703268702277,-0.141726912539442,0.0178786753306785,0.460582914572864,0,"S4","null",1000,10,0.133266044238292,11.9479084449348,0,0,0,"none",0,4,0
0.25686264568652,-0.0183494404274812,1,1,0.174678966684514,NA,0.680957854192693,0,0.0158720985784863,NA,0.0767515221942095,0,0.00130678433234839,-0.185497660060269,0.0199381818131885,0.62814824120603,1,"S4","null",1000,10,0.133266044238292,12.106096361267,0,0,0,"none",0,5,0
0.207859578480094,0.0120438066288064,0.999999999994076,1,0.263816489996565,NA,0.954065439870237,1,0.0535965189488872,NA,0.195169627856759,0,0.126613969712049,-0.037713249094739,0.0108627164816589,0.443912060301508,0,"S4","null",1000,10,0.133266044238292,16.3840908769797,0,0,0,"none",0,6,0
0.20634930385195,-0.00442237835588691,0.999999999984687,1,0.189511929654218,NA,0.880307982301925,0,0.0182311615424921,NA,0.0931857278973679,0,0.219933315448343,-0.0752797017695081,0.0187964161491558,0.707942211055276,1,"S4","null",1000,10,0.133266044238292,22.8317953044686,0,0,0,"none",0,7,0
0.264339112673805,0.00522696132971663,1,1,0.0774345164385771,NA,0.399901409822485,0,0.0048782872656784,NA,0.0413373934730169,0,0.0027150599276691,0.0077792207855004,0.00483502296040139,0.0916884422110553,0,"S4","null",1000,10,0.133266044238292,13.2990637012925,0,0,0,"none",0,8,0
0.261437981949395,-0.0311638219475246,1,1,0.0352006266970429,NA,0.192293732389888,0,0.00205183771411606,NA,0.0351397568051517,0,0.0182477659127747,-0.0477356486434122,0.00907774127850558,0.268751256281407,0,"S4","null",1000,10,0.133266044238292,12.905655184259,0,0,0,"none",0,9,0
0.247795773018146,-0.010643653286148,0.99999999999996,1,-0.110931079154028,NA,0.520645381403058,0,-0.00413343520527697,NA,0.0400887968557314,0,-0.0145393478483855,0.0121289256644717,0.00552243696394085,0.119354271356784,0,"S4","null",1000,10,0.133266044238292,12.930740532926,0,0,0,"none",0,10,0
0.24726424186629,0.00567716139616051,0.999999999999998,1,0.246371060463121,NA,0.913610520710929,0,0.0547337584725679,NA,0.18648699582587,0,0.100035633843331,-0.00404312942913162,0.0144688993267728,0.351949748743719,0,"S4","null",1000,10,0.133266044238292,14.8710960400316,0,0,0,"none",0,11,0
0.244378263250927,-0.0214361988284013,0.999999999999997,1,0.0783302766432217,NA,0.416664999385001,0,0.00816724762134266,NA,0.053937676548731,0,0.0364233529785807,-0.0160415452345066,0.0073212585757633,0.179180904522613,0,"S4","null",1000,10,0.133266044238292,14.6727008467355,0,0,0,"none",0,12,0
0.20740499702193,0.0191396503892876,0.999999999501347,1,0.0136139596198203,NA,0.054135498343421,0,0.0015428817457245,NA,0.0333948271216798,0,0.00224159835940721,0.0105236827831419,0.004253625158011,0.0969020100502513,0,"S4","null",1000,10,0.133266044238292,8.4188480705792,0,0,0,"none",0,13,0
0.238088047547714,-0.00567298037893039,0.999999999999989,1,0.0210577358728077,NA,0.117103970257254,0,0.00248320043085117,NA,0.0361917740270431,0,0.000456570863244077,0.00318921674948277,0.00327399230221102,0.0694346733668342,0,"S4","null",1000,10,0.133266044238292,14.0784362932125,0,0,0,"none",0,14,0
0.253772119593666,0.00436653633938043,1,1,0.160045999812901,NA,0.763098778259049,0,0.0138607701112888,NA,0.0751789641722431,0,0.017111842635493,0.0087482393376446,0.00603150180403662,0.112806532663317,0,"S4","null",1000,10,0.133266044238292,16.1178528594709,0,0,0,"none",0,15,0
0.257317663054144,-0.0132638893919132,1,1,0.116156104006042,NA,0.525769282159584,0,0.011275233663054,NA,0.0588225624324339,0,0.0179339591585823,0.00118867005248553,0.00505853337734628,0.112414572864322,0,"S4","null",1000,10,0.133266044238292,10.9842893145943,0,0,0,"none",0,16,0
0.23927481668243,-0.0325282516708593,0.999999999999999,1,-0.17612227558269,NA,0.728022222597228,0,-0.0111499726805262,NA,0.0557533590615953,0,-0.103082645339775,0.0346925441920241,0.0139425494071277,0.355874371859296,0,"S4","null",1000,10,0.133266044238292,12.3727540261955,0,0,0,"none",0,17,0
0.224584345446903,-0.0223471385173252,0.999999999999257,1,0.0478684106870433,NA,0.308784540587689,0,0.00300412444412733,NA,0.0389168236824946,0,0.008639680596063,0.00166389877087737,0.00337451803019734,0.0776984924623116,0,"S4","null",1000,10,0.133266044238292,22.2308408858992,0,0,0,"none",0,18,0
0.233812480177691,0.00749196730447802,0.99999999999982,1,0.0443846325666946,NA,0.257224457967724,0,0.00284322354670865,NA,0.0375311164806078,0,0.0124929733941924,-0.00576149020495015,0.00459551817393779,0.10364824120603,0,"S4","null",1000,10,0.133266044238292,16.9769700076355,0,0,0,"none",0,19,0
0.274206217133499,0.0104079640717249,1,1,0.0696008316864502,NA,0.328544957658147,0,0.00355268488181794,NA,0.0387420215052549,0,0.00436388711033542,-0.0152449987592228,0.00464499480592087,0.110278894472362,0,"S4","null",1000,10,0.133266044238292,12.1269731919432,0,0,0,"none",0,20,0
0.218981202998047,-0.00229983141968549,0.999999999999641,1,0.0725444543965217,NA,0.424793799827342,0,0.00159340568204584,NA,0.0344718377740777,0,0.00928264190015927,0.00283042611569061,0.00352668008505953,0.0775502512562814,0,"S4","null",1000,10,0.133266044238292,15.8863136097174,0,0,0,"none",0,21,0
0.178771976631971,-0.0130977820262283,0.999999975685857,1,-0.344235599229319,NA,0.952931071698082,1,-0.0858611851566596,NA,0.200340442834554,0,-0.0986996989024976,0.0125326217851409,0.013169603116458,0.319193467336683,0,"S4","null",1000,10,0.133266044238292,10.6859007069786,0,0,0,"none",0,22,0
0.247553096297832,0.0176470590590172,0.999999999999642,1,-0.102312992799427,NA,0.466759182855011,0,-0.00457048726011027,NA,0.0401340849612757,0,-0.0150997050359537,0.0177491161385577,0.00616251353817284,0.140590452261307,0,"S4","null",1000,10,0.133266044238292,13.1565784882647,0,0,0,"none",0,23,0
0.259388624614586,0.01652573097286,1,1,-0.118418398030414,NA,0.50736911453038,0,-0.0023617507957102,NA,0.0346839612696192,0,-0.0216524355670952,-0.0164603054124862,0.00725244797599907,0.147781407035176,0,"S4","null",1000,10,0.133266044238292,10.0188814489122,0,0,0,"none",0,24,0
0.212358429407854,0.036138369560173,0.99999999999905,1,-0.0637447118898145,NA,0.308159289697225,0,-0.00192585848764918,NA,0.0352164217851906,0,2.07704931987315e-05,-0.0116503913565856,0.00478539093894671,0.104969849246231,0,"S4","null",1000,10,0.133266044238292,11.3229644934398,0,0,0,"none",0,25,0
0.282402160822818,-0.0142788684301162,1,1,-0.0341295562145984,NA,0.17287748805442,0,-0.000994990969441037,NA,0.0330198664680001,0,-0.000283147552362836,-0.00767266024352717,0.00357876479138491,0.084359296482412,0,"S4","null",1000,10,0.133266044238292,11.5132583681752,0,0,0,"none",0,26,0
0.268362350891069,-0.0089625859509826,1,1,0.0797079153023165,NA,0.406335813031356,0,0.00186962987202762,NA,0.034160539110216,0,0.0141705649271136,0.0103571056354057,0.00580402070487807,0.127381909547739,0,"S4","null",1000,10,0.133266044238292,13.6393802624574,0,0,0,"none",0,27,0
0.252366310480906,0.00669504175315593,0.999999999999975,1,-0.210837132631503,NA,0.780743173458572,0,-0.00779417097318767,NA,0.0470486832683788,0,-0.0251681277951393,-0.00768826174282999,0.00664916297429835,0.138884422110553,0,"S4","null",1000,10,0.133266044238292,10.8766015064423,0,0,0,"none",0,28,0
0.211422282324476,0.000119582851870633,0.999999999948641,1,0.0688134658196962,NA,0.331045809122733,0,0.000992132738005002,NA,0.0334140914237264,0,0.00178511996727297,7.10514930359887e-05,0.00274338019701525,0.0693165829145729,0,"S4","null",1000,10,0.133266044238292,12.3946325416522,0,0,0,"none",0,29,0
0.224558136452499,-0.0062728042504956,0.999999999997323,1,-0.0205862865053756,NA,0.0982208016854852,0,0.00464264581593678,NA,0.0404065500398099,0,-0.0025076462791953,0.00597479521279522,0.00391394509675488,0.084356783919598,0,"S4","null",1000,10,0.133266044238292,11.2191733153421,0,0,0,"none",0,30,0
0.296959391369101,0.00884129971453832,1,1,0.163946616007575,NA,0.709510113115663,0,0.0021698496874093,NA,0.035578495803252,0,0.000492806493242061,0.11899903567726,0.00908881579318102,0.452625628140704,0,"S4","null",1000,10,0.133266044238292,13.7567049967727,0,0,0,"none",0,31,0
0.238591415257908,0.00419711676195181,0.99999999999996,1,0.14545510217149,NA,0.675126737285169,0,0.00189478607155717,NA,0.0343187229283919,0,0.0537221752632543,0.0139254256671944,0.0106171770868599,0.214208542713568,0,"S4","null",1000,10,0.133266044238292,14.5000403824941,0,0,0,"none",0,32,0
0.251792769152069,0.0102961277988072,1,1,0.0559333472339246,NA,0.267003279368679,0,-0.00109633915460036,NA,0.0335008923118465,0,0.0147030513924201,0.000932649954820432,0.00575541648277863,0.0991306532663317,0,"S4","null",1000,10,0.133266044238292,11.9031335449159,0,0,0,"none",0,33,0
0.213388281687414,-0.00403343005167274,0.999999999835421,1,0.0319618796912273,NA,0.156599333162765,0,0.000859472769945194,NA,0.0339603552039095,0,0.0021709923366419,0.012104729309973,0.00595233186750616,0.116309045226131,0,"S4","null",1000,10,0.133266044238292,11.9743797476787,0,0,0,"none",0,34,0
0.201594512784039,0.00594170956895839,0.99999999948069,1,0.0441601556337035,NA,0.250669755509779,0,0.00594189217060504,NA,0.0476570250656841,0,0.00154708162446719,-0.0128104624724192,0.00504336907924707,0.114982412060302,0,"S4","null",1000,10,0.133266044238292,16.8433700666829,0,0,0,"none",0,35,0
0.226963914404511,-0.0255061673610888,0.999999999999868,1,-0.0324410585813115,NA,0.170276799400913,0,-0.00310205735348587,NA,0.0364748749299381,0,0.00112484127216241,-0.0095094125579991,0.00320438884085767,0.0909221105527638,0,"S4","null",1000,10,0.133266044238292,13.2851421880202,0,0,0,"none",0,36,0
0.26339004071727,-0.0107724380328796,1,1,0.103152604321278,NA,0.463702307521982,0,0.00421889083661334,NA,0.0387177312137383,0,0.0120901369735767,0.00919365675902445,0.00690750459248829,0.113457286432161,0,"S4","null",1000,10,0.133266044238292,9.90938251107724,0,0,0,"none",0,37,0
0.277540381925611,0.00493878043221042,1,1,0.138592195801177,NA,0.661320302424618,0,0.0145433496660575,NA,0.0723242073354829,0,0.0827908804677665,-0.0452442605972795,0.0143305488738053,0.362324120603015,0,"S4","null",1000,10,0.133266044238292,17.5379157358762,0,0,0,"none",0,38,0
0.272651215808338,0.0134810904092601,1,1,0.270100817569311,NA,0.918177073388739,0,0.0974928106596818,NA,0.286892652804255,0,0.238554201443549,0.0732976322789597,0.0199107977659251,0.647439698492462,1,"S4","null",1000,10,0.133266044238292,14.45649271424,0,0,0,"none",0,39,0
0.288219011203406,-0.0101512487660752,1,1,0.145212362992546,NA,0.657981410904407,0,0.0119202550133435,NA,0.0629612353017125,0,0.0336232051957277,-0.00315375444297912,0.00716471268249082,0.166233668341709,0,"S4","null",1000,10,0.133266044238292,12.6822546689832,0,0,0,"none",0,40,0
0.271341977343608,0.0135140975675415,1,1,-0.0881216467812427,NA,0.417860995309759,0,-0.00242904882471122,NA,0.0357303064496349,0,-0.0121142168905459,0.00689676626401204,0.00472736442975498,0.0924849246231156,0,"S4","null",1000,10,0.133266044238292,12.8816461216929,0,0,0,"none",0,41,0
0.230341916555823,-0.00775853011075193,0.999999999994682,1,0.0359271275937236,NA,0.177454861907981,0,-0.0158389399000358,NA,0.0702070551740123,0,-0.00249733111999164,-0.00230397274865881,0.00269781361950034,0.0691256281407035,0,"S4","null",1000,10,0.133266044238292,14.1465592035737,0,0,0,"none",0,42,0
0.290674390171215,-0.00365493252364379,1,1,0.0248380703656902,NA,0.135783371206164,0,0.00536154303597558,NA,0.045242519627513,0,-0.00065917105340641,0.000924093058813824,0.00338040034194328,0.0715175879396985,0,"S4","null",1000,10,0.133266044238292,12.8761733881444,0,0,0,"none",0,43,0
0.226684863403892,0.0169265478815369,0.999999999999912,1,-0.153026267597347,NA,0.667539351036796,0,-0.00362807426228998,NA,0.0380246031777712,0,-0.0281140217925312,0.0107550382854968,0.00605413875321816,0.137366834170854,0,"S4","null",1000,10,0.133266044238292,12.0562998567755,0,0,0,"none",0,44,0
0.205127469103597,0.00443285965357327,0.999999999991733,1,-0.0114836536860265,NA,0.0582787845468034,0,-0.000627417950512581,NA,0.0326443334644167,0,-0.0129046826497231,-0.013069567639871,0.00525840258276202,0.106680904522613,0,"S4","null",1000,10,0.133266044238292,9.47034685359097,0,0,0,"none",0,45,0
0.205447948288257,0.00563622202740828,0.999999999895019,1,-0.0157925675286387,NA,0.0681397895433657,0,0.00248322831433234,NA,0.0347260153761616,0,0.00425504291133681,0.0269943198912629,0.00701159327909449,0.15748743718593,0,"S4","null",1000,10,0.133266044238292,7.82351737265478,0,0,0,"none",0,46,0
0.247494633595655,0.0203812889520169,1,1,0.216482627746,NA,0.851182765765127,0,0.0373725752023046,NA,0.140048205104129,0,0.033052042467796,0.0446321475207894,0.0090020219972637,0.260610552763819,0,"S4","null",1000,10,0.133266044238292,13.3303925911779,0,0,0,"none",0,47,0
0.270400056485732,-0.00499733587943329,1,1,0.10861639523272,NA,0.549625169109501,0,0.00305948160525854,NA,0.0375853422872931,0,0.0833100188282276,0.0202835236709625,0.0126601719479178,0.306680904522613,0,"S4","null",1000,10,0.133266044238292,16.5644132383814,0,0,0,"none",0,48,0
0.234472373111408,0.0475613355962095,0.999999999999999,1,0.115248973915266,NA,0.517110535752994,0,0.00827084435931681,NA,0.0501097712772908,0,0.00810171911697092,-0.0110422921232197,0.00428479856450992,0.10679648241206,0,"S4","null",1000,10,0.133266044238292,10.6208008644112,0,0,0,"none",0,49,0
0.172505100876314,-0.00386855882659333,0.999999944135523,1,-0.0205725446890266,NA,0.115327099337627,0,0.000375623628266289,NA,0.0327197131371646,0,0.00225609201901198,0.019041515363353,0.00625788185106557,0.121246231155779,0,"S4","null",1000,10,0.133266044238292,15.2633011189104,0,0,0,"none",0,50,0
0.243839590838954,0.00655537289230808,0.999999999999998,1,0.154741531365726,NA,0.756457065952082,0,0.010634788245658,NA,0.0628487378455273,0,0.0409828544412838,0.0170789997095677,0.00877405983149902,0.214472361809045,0,"S4","null",1000,10,0.133266044238292,16.9229647143276,0,0,0,"none",0,51,0
0.203021924762515,-0.0230355240453119,0.999999998791684,1,0.142681442469921,NA,0.648543009892871,0,0.00514881046210084,NA,0.0421541016683841,0,0.156973068299755,-0.208337994742623,0.0178151640609089,0.752226130653266,1,"S4","null",1000,10,0.133266044238292,13.4447250659799,0,0,0,"none",0,52,0
0.224903978811856,-0.0283045920406787,0.99999999999863,1,-0.0886172323036305,NA,0.367348442019419,0,-0.00472808593718644,NA,0.0401878202280064,0,-0.00944928161826979,-0.02098394866008,0.00587833680035868,0.154087939698492,0,"S4","null",1000,10,0.133266044238292,9.1037026376404,0,0,0,"none",0,53,0
0.243164904501653,0.0178827800168113,0.999999999999812,1,-0.0819884336034428,NA,0.43253550166355,0,-0.00276492502628899,NA,0.0366817449198205,0,-0.0100794319718889,0.0539882082804132,0.0126142090264181,0.246660804020101,0,"S4","null",1000,10,0.133266044238292,16.3033642945006,0,0,0,"none",0,54,0
0.251159943796683,0.0191880684829339,0.999999999999999,1,-0.0098345729725076,NA,0.0416416468671361,0,0.002811202510803,NA,0.035557335672249,0,0.00121027774239821,-0.0065967559259519,0.00462128423400732,0.0956532663316583,0,"S4","null",1000,10,0.133266044238292,7.88832761574898,0,0,0,"none",0,55,0
0.253741971844336,-0.0178026305133789,1,1,-0.067498031469797,NA,0.335451121869867,0,-0.00113390889447338,NA,0.0331590749747858,0,0.00353053986823514,0.146447677734444,0.0158211925254542,0.571515075376884,1,"S4","null",1000,10,0.133266044238292,10.827015306212,0,0,0,"none",0,56,0
0.285093436355106,0.0103039845090881,1,1,0.0612112427128207,NA,0.32713373545998,0,0.00332128254685761,NA,0.0377198644979154,0,-0.00575049302602451,-0.00412479796157497,0.00299803289468256,0.0782688442211055,0,"S4","null",1000,10,0.133266044238292,13.6024954716151,0,0,0,"none",0,57,0
0.21084857745766,-0.0166688633676419,0.999999999978824,1,0.0145039554203483,NA,0.065214004708795,0,-0.00956901747978195,NA,0.0482171563167981,0,0.00108113613837943,0.00108892903689342,0.00310007825192928,0.0691130653266332,0,"S4","null",1000,10,0.133266044238292,10.0575810577653,0,0,0,"none",0,58,0
0.268899016603332,-0.00137808452696057,1,1,0.0978899785113886,NA,0.481305022889594,0,0.00569588253952573,NA,0.0453792645325284,0,0.0251166924362918,-0.0255293323521153,0.00662625032236618,0.17793216080402,0,"S4","null",1000,10,0.133266044238292,12.2844168971322,0,0,0,"none",0,59,0
0.260294057999264,-0.00254204339068651,0.999999999999999,1,-0.0844658399130674,NA,0.430380755149701,0,-0.000445201466850685,NA,0.0328644158759239,0,-0.00505747067015738,0.000167649764066139,0.003661194749638,0.0729120603015075,0,"S4","null",1000,10,0.133266044238292,14.6864329322581,0,0,0,"none",0,60,0
0.294351012929815,-0.0184035746216851,1,1,0.0752613242723247,NA,0.323012400350126,0,0.00584787917890418,NA,0.0423042722919061,0,0.0241009164850624,-0.0129243523843386,0.00668901991918466,0.137891959798995,0,"S4","null",1000,10,0.133266044238292,9.61423355610996,0,0,0,"none",0,61,0
0.2434713815864,0.0192525262317096,0.999999999999979,1,-0.0683764635757788,NA,0.276831920931902,0,0.00125087564604581,NA,0.0340445010289001,0,-0.010081967400237,-0.00461077806584857,0.00459636577321662,0.0941005025125628,0,"S4","null",1000,10,0.133266044238292,7.66887908897129,0,0,0,"none",0,62,0
0.271972095071981,-0.0151547462210697,1,1,0.112494979250576,NA,0.542438849858384,0,0.00399339025677244,NA,0.0397668129492218,0,0.0566264761860936,-0.107148352869028,0.0152714861028372,0.423884422110553,0,"S4","null",1000,10,0.133266044238292,13.0547448301337,0,0,0,"none",0,63,0
0.203316776500944,0.0161844565777065,0.999999999063616,1,0.0988004013435191,NA,0.398190720194211,0,-0.000846939692542933,NA,0.0335400949224894,0,0.00318398501903157,-0.00286342187680062,0.00395844182488987,0.0831733668341709,0,"S4","null",1000,10,0.133266044238292,8.45407535102304,0,0,0,"none",0,64,0
0.262327404081518,-0.0151181509506316,1,1,-0.00509144410820469,NA,0.0298340289752255,0,0.00233800296830069,NA,0.0359138113037549,0,-0.00286363394225799,0.00182986589493226,0.00262106607370187,0.0652638190954774,0,"S4","null",1000,10,0.133266044238292,16.4367870781589,0,0,0,"none",0,65,0
0.272664514778676,3.69167286349532e-05,1,1,0.0161422033476043,NA,0.0767717624590597,0,-0.000166501466916083,NA,0.03246750119071,0,0.00684695177825384,-0.0148020175609686,0.0049475503801127,0.10286432160804,0,"S4","null",1000,10,0.133266044238292,10.9891845571031,0,0,0,"none",0,66,0
0.220501504918633,-0.0356618815756772,0.999999999999024,1,-0.275084242013296,NA,0.876622259914381,0,-0.0176806306470407,NA,0.0697180694555454,0,-0.0729800498418178,0.0101990748682955,0.0100843821253332,0.237874371859296,0,"S4","null",1000,10,0.133266044238292,8.50587708047426,0,0,0,"none",0,67,0
0.244372365134877,-0.0146716862581728,0.99999999999982,1,0.0599477827879023,NA,0.312643243337564,0,0.0108217315125701,NA,0.0612170231738959,0,0.00192013850385433,-0.00903186270855181,0.00487162572153761,0.1081608040201,0,"S4","null",1000,10,0.133266044238292,12.1635831539763,0,0,0,"none",0,68,0
0.221498284729283,0.0211925252647455,0.999999999999808,1,0.110215709942678,NA,0.559847850958764,0,0.00686574109125165,NA,0.0494401494415647,0,0.00217168507076663,-0.00558799702750137,0.00348127285080725,0.0722713567839196,0,"S4","null",1000,10,0.133266044238292,16.650528434458,0,0,0,"none",0,69,0
0.23014506578737,-0.0105287598397779,0.999999999998895,1,0.0255066367565594,NA,0.0971314209674639,0,0.00332293694444169,NA,0.0355065668732294,0,-0.00543280154172043,0.00284181031854601,0.00432143855721264,0.0875376884422111,0,"S4","null",1000,10,0.133266044238292,6.60700205647845,0,0,0,"none",0,70,0
0.223863729425297,-0.00733114717293085,0.999999999999839,1,0.0961235407602055,NA,0.519762595018487,0,0.00524357051551852,NA,0.0443751415953234,0,0.0123015683820482,-0.00777047656481146,0.00523278949028184,0.106947236180905,0,"S4","null",1000,10,0.133266044238292,15.7191210411436,0,0,0,"none",0,71,0
0.22404096009845,-0.0209251869371334,0.999999999999161,1,-0.0146576198489387,NA,0.0752514589803223,0,-0.000165681278354729,NA,0.0325443134980218,0,-0.00382890622787533,-0.00318386189304182,0.00342933514060254,0.0759673366834171,0,"S4","null",1000,10,0.133266044238292,12.9540707160754,0,0,0,"none",0,72,0
0.249610031792906,-0.0107212915692062,0.999999999999997,1,0.128401969285875,NA,0.603373836726991,0,0.0128719463033726,NA,0.0673686159174191,0,0.0724867326059873,-0.0256814794177966,0.013496077922978,0.282007537688442,0,"S4","null",1000,10,0.133266044238292,14.1246954489977,0,0,0,"none",0,73,0
0.215941444952543,-0.0275103888873313,0.999999999998535,1,0.232779826023636,NA,0.799524188988146,0,0.00714248054302246,NA,0.0439537559877526,0,0.247746729416466,-0.0526915096288551,0.0138740701952735,0.521781407035176,1,"S4","null",1000,10,0.133266044238292,8.74631973158624,0,0,0,"none",0,74,0
0.176622837152417,-0.0235286777979181,0.999999965855105,1,-0.0288062548158786,NA,0.147959341816331,0,-0.00623900698845793,NA,0.0455512313553613,0,-0.0401043903671401,0.0337839526581579,0.010929809622799,0.203414572864322,0,"S4","null",1000,10,0.133266044238292,11.8033063955453,0,0,0,"none",0,75,0
0.22070148953008,-0.0131176064270955,0.999999999995966,1,-0.0618368162555165,NA,0.37642637278911,0,-0.00118022831453615,NA,0.0336823959352194,0,-0.000725845497617321,0.00463103449825408,0.00267980736086473,0.0730778894472362,0,"S4","null",1000,10,0.133266044238292,20.6240647969506,0,0,0,"none",0,76,0
0.238415429460474,0.00559605082363521,0.999999999999999,1,0.150235076631566,NA,0.771243249857644,0,0.00284647088506073,NA,0.0392240318046258,0,0.017050326996031,-0.00411854217942123,0.00467822782283175,0.106077889447236,0,"S4","null",1000,10,0.133266044238292,17.8288093655013,0,0,0,"none",0,77,0
0.268421663304881,0.0254409519799703,1,1,0.00662810871217167,NA,0.0316017675691682,0,0.00360105461544552,NA,0.0381024106678346,0,0.00181277823001497,0.00280604699026126,0.00357478298576714,0.0706130653266332,0,"S4","null",1000,10,0.133266044238292,10.0637148042202,0,0,0,"none",0,78,0
0.222344339356744,0.0272852394279056,0.99999999999984,1,0.0257897302463789,NA,0.116658664200639,0,0.00177654627708787,NA,0.0337779563921592,0,-0.0103876904862923,0.00289551247198414,0.00545531708708547,0.0952412060301508,0,"S4","null",1000,10,0.133266044238292,9.77528858144816,0,0,0,"none",0,79,0
0.296560221543139,-0.00219492719876874,1,1,0.17842192225026,NA,0.785084340711329,0,0.0162893991852202,NA,0.0781072407231796,0,0.199581660451318,0.137936946681183,0.0192916226216248,0.682861809045226,1,"S4","null",1000,10,0.133266044238292,16.4707791324843,0,0,0,"none",0,80,0
0.264150449753579,-0.00328613208182597,1,1,0.16913805623866,NA,0.767577583269163,0,0.0131316937865462,NA,0.0683976980356379,0,0.0947079359911066,0.00454276277307198,0.0116562448981229,0.31808040201005,0,"S4","null",1000,10,0.133266044238292,15.4090297928922,0,0,0,"none",0,81,0
0.267923784745051,-0.0157006294013391,1,1,0.156070131306474,NA,0.749936724650234,0,0.00432269868470494,NA,0.0409507530633671,0,0.0423436224951,-0.0216514368553041,0.00936652693992671,0.219510050251256,0,"S4","null",1000,10,0.133266044238292,14.9285082506905,0,0,0,"none",0,82,0
0.247058097125785,0.020147848581108,0.999999999999999,1,0.0725218527245331,NA,0.392792058920637,0,0.00531851053782974,NA,0.04375454948507,0,0.017456399550114,0.0685861756329233,0.0105199147817236,0.332050251256281,0,"S4","null",1000,10,0.133266044238292,14.5823108290034,0,0,0,"none",0,83,0
0.225981065336686,0.0332463422112317,0.999999999999988,1,0.00889699487201994,NA,0.0454126481575714,0,0.0010651913662332,NA,0.0330459796593859,0,0.00645172800229792,9.60393625433863e-05,0.00320560266222051,0.0730326633165829,0,"S4","null",1000,10,0.133266044238292,12.0021558719648,0,0,0,"none",0,84,0
0.254386087521418,0.0112401109663502,1,1,0.236706158200097,NA,0.903787671518029,0,0.0668465043096468,NA,0.218845026249749,0,0.046779237688021,-0.0271488235540517,0.0114828092934149,0.248037688442211,0,"S4","null",1000,10,0.133266044238292,12.6832318899956,0,0,0,"none",0,85,0
0.222712072711946,-0.00914196577940853,0.999999999999976,1,0.150506108789773,NA,0.665538057415826,0,0.005506474474321,NA,0.0427496959651192,0,-0.00214812790103553,-0.000689164945383774,0.00352095362010697,0.074464824120603,0,"S4","null",1000,10,0.133266044238292,9.96712492102068,0,0,0,"none",0,86,0
0.212812851486651,0.00968579338423501,0.999999999997877,1,0.157977084846344,NA,0.75534627414749,0,0.00911385878586136,NA,0.0578836354352879,0,0.0573889080544783,-0.0130609203125994,0.00980729500096372,0.238253768844221,0,"S4","null",1000,10,0.133266044238292,17.7664682879851,0,0,0,"none",0,87,0
0.25777127978912,0.0196064973696059,0.999999999999999,1,-0.0794933758796782,NA,0.336262199312554,0,-0.00045231227282154,NA,0.0326047938727317,0,0.011506733395893,0.00865632852893608,0.00512228507299233,0.100942211055276,0,"S4","null",1000,10,0.133266044238292,9.50303226796003,0,0,0,"none",0,88,0
0.2614649780971,-0.0135659580587728,0.999999999999997,1,0.147136656966603,NA,0.628174607486768,0,0.0133441402550684,NA,0.0648472026823394,0,0.0523425944968469,-0.0151687328659609,0.00930396172840129,0.21620351758794,0,"S4","null",1000,10,0.133266044238292,13.7546432299863,0,0,0,"none",0,89,0
0.28092287442447,-0.00907342666904202,1,1,0.016607476177292,NA,0.0870119385185807,0,-0.00333203474029601,NA,0.0370010433951408,0,0.0190598998339358,0.0508991416605076,0.00929899559569674,0.222846733668342,0,"S4","null",1000,10,0.133266044238292,12.3482631623389,0,0,0,"none",0,90,0
0.218648409484837,0.0164941057755439,0.999999999928379,1,0.299939591328546,NA,0.941883914410569,0,0.01257727205709,NA,0.0619011140512607,0,0.154763540846303,0.0193141566268048,0.015305504412097,0.432922110552764,0,"S4","null",1000,10,0.133266044238292,12.9873071889776,0,0,0,"none",0,91,0
0.220649524383694,0.00769865890367809,0.999999999963172,1,0.0169136705299194,NA,0.0791874959924497,0,0.00134394866063893,NA,0.0334422687133062,0,-0.00769813838029661,0.0142071415274833,0.00494200228863665,0.124437185929648,0,"S4","null",1000,10,0.133266044238292,10.0202939327263,0,0,0,"none",0,92,0
0.25862405067324,0.00805368865155233,1,1,-0.0750649899536856,NA,0.365997391580137,0,-0.00884010654565452,NA,0.0538371671929699,0,-0.0154735201755475,-0.0178117967003314,0.00621361339251357,0.132359296482412,0,"S4","null",1000,10,0.133266044238292,12.9410956245833,0,0,0,"none",0,93,0
0.238210499069843,0.0283971413486771,0.999999999999957,1,0.131160075113453,NA,0.651204204774675,0,0.0144651000692369,NA,0.0735442659208174,0,0.0553541190947971,0.00574588027833661,0.0100709488586605,0.224494974874372,0,"S4","null",1000,10,0.133266044238292,17.0882914120787,0,0,0,"none",0,94,0
0.240603778074923,0.00760179987921381,0.999999999999986,1,0.197978005387216,NA,0.705152947266066,0,0.00649449513128104,NA,0.0424640701125842,0,0.0574578485592041,-0.0351013312078058,0.0121178016946377,0.264366834170854,0,"S4","null",1000,10,0.133266044238292,8.07346775615344,0,0,0,"none",0,95,0
0.220770782770619,-0.0287142791817081,0.99999999999998,1,-0.0117468769704446,NA,0.0734458302576747,0,-0.00052631695072039,NA,0.0326554438471456,0,0.000946606706021076,0.00859040677031645,0.00366041842898458,0.0784673366834171,0,"S4","null",1000,10,0.133266044238292,17.6029338983892,0,0,0,"none",0,96,0
0.228473453025974,-0.013284264365404,0.999999999999766,1,0.089660326775433,NA,0.447486984445095,0,0.00778549364681938,NA,0.0516694997521198,0,0.020230095193887,-0.00657678753518602,0.00511770478738706,0.12293216080402,0,"S4","null",1000,10,0.133266044238292,12.6965968096419,0,0,0,"none",0,97,0
0.279409356434588,-0.0187717885907193,1,1,-0.0277254407697688,NA,0.127814670008188,0,-0.00191209583124278,NA,0.0340157931012297,0,0.00286762335486639,-0.0190085512084805,0.00506310465225401,0.126547738693467,0,"S4","null",1000,10,0.133266044238292,9.59250462951272,0,0,0,"none",0,98,0
0.192999991805508,0.0355665612945024,0.999999999792662,1,0.0383458183440223,NA,0.209952293416011,0,0.00492970604044168,NA,0.0429217639592208,0,0.0329653521435793,0.0406644361430137,0.0113322169264474,0.256311557788945,0,"S4","null",1000,10,0.133266044238292,15.2485452581137,0,0,0,"none",0,99,0
0.266906507004998,7.02800365814554e-05,1,1,-0.0402346168285178,NA,0.161261081286161,0,0.00015041451856674,NA,0.0338230676053037,0,-0.0029292430477554,0.00135156260965243,0.0039765019680804,0.0828341708542714,0,"S4","null",1000,10,0.133266044238292,7.11536009928953,0,0,0,"none",0,100,0
0.272012839989322,-0.0055717540195837,1,1,0.0400002306038469,NA,0.304543132332845,0,0.000743272494588544,NA,0.0332704928722989,0,0.00349388829345224,0.00562836626371102,0.00300450552282704,0.0705326633165829,0,"S4","null",1000,25,0.21071211727688,29.4300009756605,0,0,0,"none",0,1,0
0.225970533807828,-0.00522779427621932,0.999999999997404,1,0.0552803954305365,NA,0.3885731229907,0,0.00260903138107352,NA,0.0384646882329559,0,0.00528413930024735,0.00199305546584466,0.00254149946247429,0.0589472361809045,0,"S4","null",1000,25,0.21071211727688,29.9121921482536,0,0,0,"none",0,2,0
0.212509149928524,-0.0101082286609721,0.999999999934734,1,-0.0261148407312317,NA,0.18104085911239,0,0.000127447769754911,NA,0.0324374442467643,0,0.00170768006497899,-0.00274891451738494,0.00251315891291316,0.0521758793969849,0,"S4","null",1000,25,0.21071211727688,26.5421356202959,0,0,0,"none",0,3,0
0.22490598688706,0.00278367337506822,0.999999999999995,1,0.00650522100653342,NA,0.0562364068406808,0,-0.00037080526303104,NA,0.0326226406443175,0,0.0081604823163708,-0.0148471478456156,0.00569080964174626,0.137042713567839,0,"S4","null",1000,25,0.21071211727688,35.0905360448185,0,0,0,"none",0,4,0
0.240717563307648,0.039608656239533,1,1,0.0563665460413793,NA,0.411960970735608,0,0.00111721632758772,NA,0.0336810131320761,0,-0.00392032176323646,0.0167555600321993,0.00655181167379303,0.143891959798995,0,"S4","null",1000,25,0.21071211727688,27.0140593022874,0,0,0,"none",0,5,0
0.240658391626618,0.0100015405483555,0.999999999999997,1,-0.0196666386486085,NA,0.148549497589839,0,0.000293647692462223,NA,0.0325179856027532,0,-0.00673084664605087,0.00460115145146581,0.00320510917397129,0.0796206030150754,0,"S4","null",1000,25,0.21071211727688,28.3878770088648,0,0,0,"none",0,6,0
0.24210345096904,0.00188987990370831,1,1,-0.0420563033271908,NA,0.328979426265061,0,0.000157793332561208,NA,0.0324522204286913,0,0.00104095272258652,-0.00132141159645568,0.00291717961906584,0.0505,0,"S4","null",1000,25,0.21071211727688,31.1062189343219,0,0,0,"none",0,7,0
0.226817810188953,0.0134183268784535,0.999999999999927,1,-0.0880525945018559,NA,0.604007597610784,0,-0.0017954420228684,NA,0.0362190399306299,0,-0.0274875075983685,-0.0141282724294891,0.00791072821659672,0.187537688442211,0,"S4","null",1000,25,0.21071211727688,31.4781552608267,0,0,0,"none",0,8,0
0.283161730067888,-0.000923294803211627,1,1,-0.0481716093448595,NA,0.319182041332464,0,-0.00140232328365222,NA,0.03422080524558,0,-0.00619218656495863,0.00870503103805896,0.00441959266917585,0.0846381909547739,0,"S4","null",1000,25,0.21071211727688,25.7782454907756,0,0,0,"none",0,9,0
0.199132585012477,-0.0129796300868643,0.999999999945983,1,-0.0984786558320541,NA,0.706667406951156,0,-0.00732825179051873,NA,0.0596356818211622,0,-0.00219052099815031,-0.00440586013231895,0.00275963443939345,0.0631809045226131,0,"S4","null",1000,25,0.21071211727688,35.6763148115193,0,0,0,"none",0,10,0
0.253791740792498,-0.004857861055468,1,1,0.0186994878934877,NA,0.129684637212013,0,0.000824387891770518,NA,0.0330712712846444,0,-0.00147715512439241,0.00344129140193284,0.00294950003793614,0.0598542713567839,0,"S4","null",1000,25,0.21071211727688,23.1145776619771,0,0,0,"none",0,11,0
0.25893880783112,-0.0136055668923752,1,1,0.114167083936383,NA,0.82660818243905,0,0.00840178739762618,NA,0.0709435800528488,0,0.132594387399983,-0.0726789556780463,0.0139204822940098,0.658937185929648,1,"S4","null",1000,25,0.21071211727688,45.252325967351,0,0,0,"none",0,12,0
0.202778626029441,-0.0174741578704177,0.999999999992507,1,0.0692183035616613,NA,0.53074546385928,0,0.00177040557461021,NA,0.0362833132743619,0,0.0135243208564613,0.00431342195750541,0.00462278723058904,0.101643216080402,0,"S4","null",1000,25,0.21071211727688,31.942651393212,0,0,0,"none",0,13,0
0.178795268618609,0.0142617009002711,0.999999999662307,1,-0.0366179495203501,NA,0.302118927971365,0,-0.0015339392814116,NA,0.0351932218314578,0,-0.00127544212586336,0.0201926688977187,0.00591166722946349,0.148477386934673,0,"S4","null",1000,25,0.21071211727688,28.9025868202088,0,0,0,"none",0,14,0
0.197244694998076,0.00767546960370712,0.999999999980429,1,0.0708155620481398,NA,0.551845350084691,0,0.0033438452542969,NA,0.0441888304132267,0,0.0151268980995455,0.0218449592200627,0.00802998263208608,0.174743718592965,0,"S4","null",1000,25,0.21071211727688,34.7060363518411,0,0,0,"none",0,15,0
0.247084546947878,-0.00963093353284811,0.999999999999987,1,-0.111385129081572,NA,0.661661390593568,0,-0.00273560027881843,NA,0.0385563703475401,0,-0.0434479954199736,-0.0708189598108867,0.016635853983122,0.394178391959799,0,"S4","null",1000,25,0.21071211727688,25.5937941905141,0,0,0,"none",0,16,0
0.249782343873279,0.0474100974809722,1,1,-0.139439462040915,NA,0.750166247419427,0,-0.00407522418954663,NA,0.0423647993888697,0,-0.0354427896688589,0.0261231714077261,0.00823849027067194,0.233861809045226,0,"S4","null",1000,25,0.21071211727688,23.2959179724514,0,0,0,"none",0,17,0
0.173896835923443,-0.0201431431348167,0.999999990849332,1,-0.0581971534295154,NA,0.478881510076022,0,-0.00141005682534905,NA,0.0352431342613037,0,-0.0175091091642197,0.0202061853794884,0.00654812450552034,0.171814070351759,0,"S4","null",1000,25,0.21071211727688,41.0985903662181,0,0,0,"none",0,18,0
0.229969093510101,-0.0137243804284224,0.999999999999975,1,-0.0659398372173625,NA,0.478637195830197,0,-0.00554527446599116,NA,0.0502799290424484,0,-0.00642743423712191,0.002577472395036,0.00330217547460464,0.0689924623115578,0,"S4","null",1000,25,0.21071211727688,28.9360062564621,0,0,0,"none",0,19,0
0.197910974911485,-0.0008748180176171,0.999999999922051,1,0.0752251785819418,NA,0.551347162008612,0,0.00192298662516966,NA,0.0365178700042681,0,0.00879196028168609,-0.002052781507061,0.00344986202247105,0.0771005025125628,0,"S4","null",1000,25,0.21071211727688,31.2923057164347,0,0,0,"none",0,20,0
0.208967868387006,0.00160367153183317,0.999999999969171,1,-0.090810575424416,NA,0.585206434143992,0,-0.00917579462323621,NA,0.0637985835997552,0,-0.00911837578934557,-0.00157131336894837,0.00330338259202143,0.0739145728643216,0,"S4","null",1000,25,0.21071211727688,25.9795824196872,0,0,0,"none",0,21,0
0.228137484453394,-0.0145067552361548,0.999999999999993,1,-0.0731363122654291,NA,0.545568973419406,0,-0.00259076151827457,NA,0.0389815916820376,0,-0.00484806300379134,-0.00212424501275134,0.00307575799274347,0.0658316582914573,0,"S4","null",1000,25,0.21071211727688,30.4376891310134,0,0,0,"none",0,22,0
0.207245651887386,-0.0101332549297048,0.999999999998611,1,0.0310020272729694,NA,0.227482629583938,0,-9.64838497546943e-05,NA,0.0324255960068809,0,-0.00599338610932092,0.000602388467939258,0.00297717274181423,0.0665577889447236,0,"S4","null",1000,25,0.21071211727688,25.2471282841276,0,0,0,"none",0,23,0
0.202383503755274,0.0146065121845172,0.999999999999517,1,0.0465076252707706,NA,0.404629631555153,0,0.00395183430532505,NA,0.0483884702505364,0,0.00466610095151434,0.00156739218759722,0.00317312001542307,0.0675050251256281,0,"S4","null",1000,25,0.21071211727688,37.9883569579052,0,0,0,"none",0,24,0
0.230125543988145,0.0115821284660448,0.999999999999998,1,0.0687185193031907,NA,0.553322534709477,0,0.00519612825883048,NA,0.0533284369074156,0,0.00915620080241084,0.000541630978496472,0.00337587707359941,0.085213567839196,0,"S4","null",1000,25,0.21071211727688,36.7367353151872,0,0,0,"none",0,25,0
0.274011545260718,-0.0292749273416574,1,1,0.106221466365131,NA,0.729977259110121,0,0.013408768445375,NA,0.0898922236388556,0,0.00688544053260558,-0.00665369800059933,0.00497013735060762,0.0926155778894472,0,"S4","null",1000,25,0.21071211727688,35.6183992936941,0,0,0,"none",0,26,0
0.22226352679782,0.00166287286853197,0.999999999999756,1,0.0103024874601131,NA,0.0781106047528595,0,0.000625806214524001,NA,0.0328503976786534,0,0.00947866001348627,0.00478447565440459,0.0033783281022409,0.0912663316582915,0,"S4","null",1000,25,0.21071211727688,31.1272368052535,0,0,0,"none",0,27,0
0.239707085450643,-0.0161061914884624,1,1,0.0716224246305586,NA,0.53577741565023,0,0.00171435568056336,NA,0.035821859308834,0,0.00606502226575979,-0.00107140791855195,0.00236254686686384,0.0656884422110553,0,"S4","null",1000,25,0.21071211727688,33.8229492206088,0,0,0,"none",0,28,0
0.249941228292195,0.00666368551258798,1,1,0.104330202606204,NA,0.702766171644614,0,0.00839037508456479,NA,0.0660213762320621,0,0.105222886419257,0.00129541541169159,0.0147894682293887,0.455412060301508,0,"S4","null",1000,25,0.21071211727688,30.9375968974907,0,0,0,"none",0,29,0
0.232562733087982,-0.0116225487653098,0.999999999999982,1,-0.0682990788230518,NA,0.501587693067837,0,-0.00182824894863726,NA,0.0361578363587633,0,-0.00121516620290808,0.00551954301659884,0.00317402550437092,0.0662236180904523,0,"S4","null",1000,25,0.21071211727688,28.9889180280733,0,0,0,"none",0,30,0
0.231822464055068,0.00577310131889358,0.999999999999989,1,0.0534331550286826,NA,0.38128022913674,0,0.000632205511846171,NA,0.0328228118189696,0,0.0120186604394987,0.0132802673146134,0.00640435130314289,0.131248743718593,0,"S4","null",1000,25,0.21071211727688,26.6715886801561,0,0,0,"none",0,31,0
0.271815328788557,0.0206870816043645,1,1,0.127795302479942,NA,0.798224685973985,0,0.00747108544223176,NA,0.0616946843677587,0,0.0132311535243953,0.000792788232075728,0.00458439055324962,0.101052763819095,0,"S4","null",1000,25,0.21071211727688,36.5623112919696,0,0,0,"none",0,32,0
0.175140700099236,-0.0154608508003341,0.999999994510507,1,0.0045292081295746,NA,0.0377203871032694,0,0.00126894510176458,NA,0.0347291620644479,0,0.000919899302273952,-0.000934791204576171,0.00247653887637894,0.0498266331658291,0,"S4","null",1000,25,0.21071211727688,34.1996173682573,0,0,0,"none",0,33,0
0.267708787939265,-0.0102364707167235,1,1,0.0768160052559251,NA,0.547965536367012,0,0.00169818814731997,NA,0.0356836128490012,0,0.00894971098087417,-0.00831931830715918,0.00417447310062386,0.0982889447236181,0,"S4","null",1000,25,0.21071211727688,30.6587205743968,0,0,0,"none",0,34,0
0.190226923997005,-0.0188882802928839,0.99999999979955,1,-0.00870918168544481,NA,0.0662175928778803,0,-0.000217162485977911,NA,0.0325295950393913,0,0.00556350313945743,-0.00842975061267621,0.00340100228062303,0.0870603015075377,0,"S4","null",1000,25,0.21071211727688,26.2204694501932,0,0,0,"none",0,35,0
0.205101537385493,-0.00935003451955576,0.999999999998018,1,0.0808489318689862,NA,0.629919470724786,0,0.00338328861632419,NA,0.0442593561225295,0,0.00830001366687423,-0.000413502536357336,0.00439054157866495,0.0795,0,"S4","null",1000,25,0.21071211727688,37.3976143404637,0,0,0,"none",0,36,0
0.23018473604513,0.0339078975266597,0.999999999999999,1,0.119185029147354,NA,0.794252884984458,0,0.0142971338168571,NA,0.0948563941798951,0,0.031992371382481,0.0331020203301635,0.0100871473269075,0.243072864321608,0,"S4","null",1000,25,0.21071211727688,33.4714695842061,0,0,0,"none",0,37,0
0.209864147766901,0.00521531269083351,0.99999999999995,1,0.000252090884537671,NA,0.00225739817773096,0,0.000146866526905105,NA,0.0324514343345478,0,4.9851001121198e-05,0.00149322541797251,0.00191966306360746,0.0471281407035176,0,"S4","null",1000,25,0.21071211727688,31.34492708353,0,0,0,"none",0,38,0
0.221360811688709,0.0113108268573785,0.999999999999942,1,0.0303560638959242,NA,0.25461052417648,0,0.00149299196106544,NA,0.0351007645437597,0,0.00251494159136229,-0.0121502612100905,0.00553884284618125,0.111741206030151,0,"S4","null",1000,25,0.21071211727688,35.6328289783509,0,0,0,"none",0,39,0
0.246678639060765,0.0131010611384277,0.999999999999999,1,0.0215481569826406,NA,0.169943569327864,0,-0.000679488728814363,NA,0.0329701199222792,0,0.00432201791739994,-0.00256995172304493,0.00311822241780481,0.0600879396984925,0,"S4","null",1000,25,0.21071211727688,32.6501059668033,0,0,0,"none",0,40,0
0.209516599906348,-0.0230475007398329,0.999999999999417,1,-0.0574213350647684,NA,0.490196856381398,0,0.000518548688562397,NA,0.0329404874282153,0,-0.00540083852520439,-0.00367170434188965,0.00322963105807437,0.0748341708542714,0,"S4","null",1000,25,0.21071211727688,39.642616726955,0,0,0,"none",0,41,0
0.194733480474259,0.0250624420367376,0.999999999994217,1,-0.079018960535351,NA,0.629748211314107,0,-0.00210384196628101,NA,0.0386020214248737,0,-0.00288472485173769,-0.00573843804474876,0.00376438918657324,0.0699246231155779,0,"S4","null",1000,25,0.21071211727688,38.3423468164381,0,0,0,"none",0,42,0
0.20664776296472,0.00733579089880933,0.999999999996914,1,-0.0174443378680456,NA,0.150423450531055,0,-0.000138744938249743,NA,0.0325087909245017,0,-0.00107331703424888,-0.00722089967178829,0.00325160110444966,0.0728994974874372,0,"S4","null",1000,25,0.21071211727688,34.6858328676772,0,0,0,"none",0,43,0
0.274404217116613,0.0124327789192219,1,1,0.0814416507211502,NA,0.587312300045231,0,0.00674163713814218,NA,0.0569876636538886,0,0.00531812775366148,0.00253174708801279,0.00346616525523911,0.0709246231155779,0,"S4","null",1000,25,0.21071211727688,35.0551334830151,0,0,0,"none",0,44,0
0.245373611389593,0.0146025727853573,0.999999999999998,1,0.0217644323865593,NA,0.17353988504464,0,0.000183471276004806,NA,0.0324567542252052,0,5.03895789728771e-05,-0.00684325321648495,0.00295016306340163,0.0809698492462312,0,"S4","null",1000,25,0.21071211727688,29.4185796483872,0,0,0,"none",0,45,0
0.234935887762825,0.0126162728347233,0.999999999999991,1,0.0614836351631202,NA,0.460778468452264,0,0.00348316199077574,NA,0.0438008317801403,0,0.00100759481573655,0.00496644800972606,0.00289720706292387,0.0716130653266332,0,"S4","null",1000,25,0.21071211727688,32.5809502711262,0,0,0,"none",0,46,0
0.246447760602002,-0.0141515835223986,1,1,0.130619728805021,NA,0.809675313012402,0,0.0204625778484462,NA,0.125966161344518,0,0.135513323369785,-0.248965356663641,0.00994129850928048,0.921211055276382,1,"S4","null",1000,25,0.21071211727688,32.2186423978227,0,0,0,"none",0,47,0
0.181020590147235,0.00769285443632044,0.999999996758046,1,-0.163816328171866,NA,0.926510761584807,0,-0.0149661144846131,NA,0.0967997023536808,0,-0.0283471244639,0.0137708180854613,0.00717574752845081,0.181266331658291,0,"S4","null",1000,25,0.21071211727688,39.8886828689971,0,0,0,"none",0,48,0
0.271841307056494,-0.00626754470616881,1,1,-0.0300730351964641,NA,0.229318030078449,0,0.000169199753752205,NA,0.0332296463903565,0,0.00156489092344544,-0.00274988576122189,0.00311266851699614,0.059105527638191,0,"S4","null",1000,25,0.21071211727688,29.5253264302395,0,0,0,"none",0,49,0
0.223177570771107,-0.0224191751039672,0.999999999999808,1,0.0191681020733145,NA,0.153086637931009,0,0.00116543586601474,NA,0.0343788319429652,0,0.00372857991472895,0.00333878453468207,0.00252721577801273,0.062605527638191,0,"S4","null",1000,25,0.21071211727688,32.1946076348786,0,0,0,"none",0,50,0
0.224409075066414,0.0181880529631296,0.999999999999998,1,-0.0666016805245022,NA,0.472278924567173,0,-0.00111305038935255,NA,0.0338849296591292,0,-0.0365747542650703,-0.0232462841447662,0.0100755135949507,0.221590452261307,0,"S4","null",1000,25,0.21071211727688,24.840455776935,0,0,0,"none",0,51,0
0.221338023715794,0.0327813168069232,1,1,0.0151764873850838,NA,0.12046081111077,0,0.000460136974779249,NA,0.0326790445901043,0,-0.000265514031923918,0.00255723884031177,0.00165108007337275,0.049891959798995,0,"S4","null",1000,25,0.21071211727688,29.3264338403048,0,0,0,"none",0,52,0
0.203697209906076,-0.00476198721668841,0.999999999978265,1,-0.0507418800632327,NA,0.434869722380613,0,-0.00173550277695165,NA,0.0364806437771503,0,0.000239062258716266,0.00392909537360648,0.00244508689472572,0.0560502512562814,0,"S4","null",1000,25,0.21071211727688,41.2812909163303,0,0,0,"none",0,53,0
0.199094567273723,0.0119453663630636,0.999999999987744,1,0.0369303630398377,NA,0.296532129624882,0,0.000652632301191892,NA,0.0330024870437853,0,0.00053480402310854,0.005575373472194,0.00291236670117846,0.0784698492462312,0,"S4","null",1000,25,0.21071211727688,33.6694646093325,0,0,0,"none",0,54,0
0.237695772658196,-0.0108119652373547,1,1,0.193959639737337,NA,0.959648552270114,1,0.0142390145768614,NA,0.0900485936781378,0,0.0368969324342546,-0.000624971345015192,0.00663516387587522,0.203492462311558,0,"S4","null",1000,25,0.21071211727688,32.8564007822498,0,0,0,"none",0,55,0
0.223061362486592,0.00844917931522036,0.999999999999979,1,0.0841770799411824,NA,0.618968479369578,0,0.00614828590825636,NA,0.0574093623740103,0,0.00578403058006926,-0.00126551834266693,0.00299531178770042,0.0714020100502512,0,"S4","null",1000,25,0.21071211727688,35.7042347366166,0,0,0,"none",0,56,0
0.247255829889397,-0.00490542570596312,1,1,0.0905198785320249,NA,0.610019250719612,0,0.00141431703887018,NA,0.0342503194614729,0,0.0488275319765523,-0.0313193460947861,0.010242270143783,0.288472361809045,0,"S4","null",1000,25,0.21071211727688,27.4217220483151,0,0,0,"none",0,57,0
0.260616990034958,-0.0238592735679376,1,1,0.205403510645965,NA,0.951245221974493,1,0.0222081671909792,NA,0.11716667200684,0,0.308137464087398,-0.156206052758867,0.00776706967534845,0.965766331658292,1,"S4","null",1000,25,0.21071211727688,26.1361230272573,0,0,0,"none",0,58,0
0.255565860412145,0.0153183951561875,1,1,0.0985446885085543,NA,0.63742201410866,0,0.00468911461531295,NA,0.0468331621964025,0,0.0262361811694117,0.0249462017104921,0.00691862755772662,0.203002512562814,0,"S4","null",1000,25,0.21071211727688,26.4958347982186,0,0,0,"none",0,59,0
0.184319882728479,-0.00697199386666964,0.999999997489145,1,0.061852971104749,NA,0.458188173756231,0,0.00769639349997241,NA,0.0639681405529722,0,0.0263445423495949,-0.018859274066454,0.00900225723835135,0.198788944723618,0,"S4","null",1000,25,0.21071211727688,30.473576828667,0,0,0,"none",0,60,0
0.266037644993376,0.0313636772191378,1,1,0.0386043588586733,NA,0.321293265158749,0,0.00187813949408662,NA,0.0372338157811161,0,0.0010999141702682,0.00012567968578325,0.0020178425521124,0.0571030150753769,0,"S4","null",1000,25,0.21071211727688,34.3645873800041,0,0,0,"none",0,61,0
0.228473307929342,-0.00577135461295722,0.999999999999999,1,0.0119991417040827,NA,0.0951500701602482,0,0.000780712343675784,NA,0.0334079039220946,0,0.00213306444936816,-0.0085682862984587,0.00437693172885333,0.0815628140703518,0,"S4","null",1000,25,0.21071211727688,29.0504813460046,0,0,0,"none",0,62,0
0.229091244287188,0.00830859134831862,0.999999999999999,1,0.07897936424876,NA,0.634614020983377,0,0.00715268186654242,NA,0.0648297910295884,0,0.0208176339184763,0.00144692429908734,0.00547369260040782,0.144316582914573,0,"S4","null",1000,25,0.21071211727688,38.7811115604882,0,0,0,"none",0,63,0
0.207923149253277,-0.00238059171420918,0.999999999987824,1,-0.106795243524626,NA,0.690336822985053,0,-0.00537175499929061,NA,0.0501989439408387,0,-0.00682721609813901,0.00925576496429865,0.00490201224892657,0.086927135678392,0,"S4","null",1000,25,0.21071211727688,29.9560812118806,0,0,0,"none",0,64,0
0.203301258770035,-0.00158771529376897,0.999999999994185,1,0.0398241774351214,NA,0.339025395562899,0,0.00113562388900587,NA,0.03423998507225,0,0.0131139665955038,-0.0167610136173797,0.0058949219187647,0.155474874371859,0,"S4","null",1000,25,0.21071211727688,39.752042862754,0,0,0,"none",0,65,0
0.195355383319181,-0.00154272807211421,0.999999999518438,1,-0.0482545795350761,NA,0.381569195833166,0,-0.00124471506355312,NA,0.0344588593442825,0,-0.00185346390468627,0.00140297407246198,0.00241313914626089,0.049394472361809,0,"S4","null",1000,25,0.21071211727688,38.7981051617389,0,0,0,"none",0,66,0
0.253373742585123,-0.0192402028272757,1,1,0.0200414677020083,NA,0.17371858612052,0,0.0010872196043747,NA,0.0351335626024928,0,0.00977473291592287,-0.0134115049270237,0.00557554532161034,0.131876884422111,0,"S4","null",1000,25,0.21071211727688,37.8911670456816,0,0,0,"none",0,67,0
0.175115823513313,0.000543768409591252,0.999999983475555,1,-0.0747248128524701,NA,0.521561405722654,0,-0.00415933349787199,NA,0.0442855630624545,0,-0.00247195244650272,0.000635866080809576,0.00275548110176238,0.051821608040201,0,"S4","null",1000,25,0.21071211727688,28.819211294721,0,0,0,"none",0,68,0
0.14977773510933,-0.017376942119437,0.99999892131013,1,-0.146078109275109,NA,0.825813763056911,0,-0.00722158177544524,NA,0.0579356994265986,0,-0.052257842842772,-0.0358722169483523,0.0100766803271076,0.294206030150754,0,"S4","null",1000,25,0.21071211727688,25.6255777664127,0,0,0,"none",0,69,0
0.24872247144575,0.00448669482201243,0.999999999999998,1,0.0103479365126234,NA,0.0681590300209539,0,-0.00146306916276182,NA,0.0339171104227311,0,0.0106968949801262,0.110796603539508,0.0147590824723294,0.439874371859297,0,"S4","null",1000,25,0.21071211727688,21.7601055844051,0,0,0,"none",0,70,0
0.226411441370144,0.00218195458490369,0.999999999999985,1,0.0126419731978641,NA,0.11103196642924,0,0.00118066397888385,NA,0.0345508749885817,0,0.00126931348186086,0.00179695118897713,0.0022496831220493,0.0450226130653266,0,"S4","null",1000,25,0.21071211727688,37.28647508631,0,0,0,"none",0,71,0
0.188370659809201,-0.0342620052411743,0.999999999842998,1,0.023785398922945,NA,0.189927792267724,0,-0.000161322359406629,NA,0.03244653467148,0,0.00324286780311232,-0.0018209420812298,0.00245745204643601,0.055962311557789,0,"S4","null",1000,25,0.21071211727688,33.0235495910569,0,0,0,"none",0,72,0
0.237693737659914,-0.0127208394344866,1,1,-0.0326296925156384,NA,0.279129733812751,0,-0.00183061009844622,NA,0.0362439550784668,0,-0.0035829006066307,0.000403338433921365,0.00249901675132959,0.0583316582914573,0,"S4","null",1000,25,0.21071211727688,36.996060767023,0,0,0,"none",0,73,0
0.230717864209334,0.0324515306995647,0.999999999999996,1,-0.059088366701561,NA,0.450376163211107,0,-0.00582184729872874,NA,0.0515606482517719,0,-0.00815319710632135,-0.00211752155864068,0.00369228589652659,0.0790678391959799,0,"S4","null",1000,25,0.21071211727688,31.766540570718,0,0,0,"none",0,74,0
0.255269317260265,0.0183834138049181,1,1,0.0867903369646795,NA,0.632872870699215,0,0.00264975237734352,NA,0.0393655412682658,0,0.0102940820235927,0.00389771878794264,0.00404073552101985,0.0957010050251256,0,"S4","null",1000,25,0.21071211727688,32.0771484640021,0,0,0,"none",0,75,0
0.184205997797834,-0.0376901427335104,0.999999999982363,1,-0.0488860509189977,NA,0.371624602570296,0,-0.000513070455588654,NA,0.0327347416780155,0,-3.33622832557044e-05,-0.00681315966776137,0.00419988500060958,0.0749673366834171,0,"S4","null",1000,25,0.21071211727688,29.6565644080761,0,0,0,"none",0,76,0
0.190781427544898,0.0219803599803991,0.999999999751013,1,-0.0190574708853444,NA,0.149048070399749,0,0.000589817017229847,NA,0.0328666722211331,0,0.00675107680712431,0.0993960218427091,0.0167390187557065,0.488341708542714,0,"S4","null",1000,25,0.21071211727688,31.40957571281,0,0,0,"none",0,77,0
0.179884870360012,0.0226085732655875,0.999999999123478,1,-0.167477643722039,NA,0.880286827583834,0,-0.00386700308756407,NA,0.0441332833994444,0,-0.0265712086843488,0.0157704106569179,0.00859234215230454,0.178675879396985,0,"S4","null",1000,25,0.21071211727688,26.1399113131793,0,0,0,"none",0,78,0
0.203284190797985,-0.00033464423955337,0.999999999983667,1,-0.125003779145232,NA,0.790763302472479,0,-0.00230951093112673,NA,0.038525065103421,0,-0.0133638828732118,-0.00165457244918392,0.00485356181384239,0.100281407035176,0,"S4","null",1000,25,0.21071211727688,30.0325149729788,0,0,0,"none",0,79,0
0.234137506786956,0.00912605875345518,1,1,0.0733933470095319,NA,0.592250202410293,0,0.0027318054811289,NA,0.0410290369805476,0,0.0131657909664159,0.0174444570538639,0.00668076535604201,0.16772864321608,0,"S4","null",1000,25,0.21071211727688,36.7665484184461,0,0,0,"none",0,80,0
0.223946999640411,0.00579083153530471,0.999999999999926,1,0.0560808495496656,NA,0.43589843891951,0,0.0036356168221449,NA,0.0441944149975591,0,0.002613604804857,0.00325145257929054,0.00257718445897902,0.0588241206030151,0,"S4","null",1000,25,0.21071211727688,33.7970599357185,0,0,0,"none",0,81,0
0.192825108969299,-0.015794343399384,0.999999999258479,1,-0.0675929849230572,NA,0.508139799208914,0,-0.00155151050758549,NA,0.0352921188791932,0,-0.0526200964197013,-0.0303659811978228,0.0118361046941208,0.290974874371859,0,"S4","null",1000,25,0.21071211727688,33.1285167692778,0,0,0,"none",0,82,0
0.214596239985584,0.0254161535121771,0.999999999999497,1,0.0909146816917003,NA,0.657779019717822,0,0.0025198811233685,NA,0.0395166495690054,0,0.0254894890169542,-0.0072857187884942,0.00747927085849542,0.159248743718593,0,"S4","null",1000,25,0.21071211727688,34.2249598523378,0,0,0,"none",0,83,0
0.234767656919373,0.0225094666260639,0.999999999999992,1,0.0372027553423755,NA,0.276385692062224,0,5.05689242564214e-05,NA,0.0324230346667332,0,0.000723371320682074,-0.00138448027528406,0.00301088896925439,0.0526557788944724,0,"S4","null",1000,25,0.21071211727688,28.0970098145597,0,0,0,"none",0,84,0
0.214517507496209,0.030595022924857,0.999999999999648,1,-0.109359837746501,NA,0.672780921802276,0,-0.00168305444804722,NA,0.0351882785383036,0,-0.113400274911232,0.127930585392408,0.016432538746163,0.698706030150754,1,"S4","null",1000,25,0.21071211727688,23.5690563440986,0,0,0,"none",0,85,0
0.183390625675367,0.00655494013783344,0.999999986610641,1,-0.108810722192677,NA,0.728971728963638,0,-0.0033262008235249,NA,0.0424794902603176,0,-0.0617135160986216,0.0787412734979331,0.0168713931637375,0.474206030150754,0,"S4","null",1000,25,0.21071211727688,31.8956049266679,0,0,0,"none",0,86,0
0.18707552840614,-0.014996605555065,0.999999999993528,1,0.0604616951689877,NA,0.465452666708453,0,0.00613295214623948,NA,0.0560481895415649,0,0.00568188900720658,0.00400516511321976,0.00317099669387065,0.0798844221105528,0,"S4","null",1000,25,0.21071211727688,27.652046942628,0,0,0,"none",0,87,0
0.229160238227696,0.00318901327878972,0.999999999999978,1,-0.0511263445141009,NA,0.378247865558695,0,0.00105718694581143,NA,0.0339774601977405,0,-0.00648170110534823,-0.002239132505729,0.00374899435231108,0.0778994974874372,0,"S4","null",1000,25,0.21071211727688,30.0425573977176,0,0,0,"none",0,88,0
0.258276991176644,-0.0260262190095731,1,1,0.0948443473865458,NA,0.596575524420052,0,0.0021521329661002,NA,0.0360343484599072,0,0.0106366334872519,-0.00105246776454293,0.00469056034746002,0.0889371859296482,0,"S4","null",1000,25,0.21071211727688,23.8880865890425,0,0,0,"none",0,89,0
0.269985441887022,0.0204201889950803,1,1,-0.0015682818012622,NA,0.0106291055815428,0,0.000499864523913773,NA,0.0326619822558713,0,0.00504749618945604,0.124284972223422,0.0164541491425426,0.513515075376884,1,"S4","null",1000,25,0.21071211727688,23.1842426142157,0,0,0,"none",0,90,0
0.235487025913254,-0.0167427026847767,0.999999999999996,1,0.0718819341932275,NA,0.549866851758529,0,0.00359503365643324,NA,0.0443904733190615,0,0.00704325733768571,-0.00876305885655333,0.00389404037698926,0.0936834170854271,0,"S4","null",1000,25,0.21071211727688,36.2796669319292,0,0,0,"none",0,91,0
0.266115965723964,0.0125256758799353,1,1,0.126804142235067,NA,0.767727395397345,0,0.00573766003050392,NA,0.0511888808861925,0,0.00977525087028182,-0.00261482934299947,0.00361972882960328,0.0831683417085427,0,"S4","null",1000,25,0.21071211727688,29.9562809596111,0,0,0,"none",0,92,0
0.24584851680338,0.0026785368237683,1,1,-0.00267825516205555,NA,0.0208305711749208,0,0.00013852381321052,NA,0.0325902093421651,0,0.00576311750801195,-0.0178401241212771,0.00612094922167115,0.13194472361809,0,"S4","null",1000,25,0.21071211727688,28.0465550187979,0,0,0,"none",0,93,0
0.201328729049704,0.0185819035895705,0.999999999978366,1,-0.00244313080113989,NA,0.0179381340042413,0,0.00161188846074213,NA,0.0352854641845586,0,-0.0175840149440701,0.0197986867875175,0.00922148000402392,0.161577889447236,0,"S4","null",1000,25,0.21071211727688,26.0372883843161,0,0,0,"none",0,94,0
0.176562983439397,0.00542628384257268,0.999999964837636,1,-0.0710046950021195,NA,0.470130101197823,0,-0.00115563239753892,NA,0.0344434965021471,0,-0.00254286832786606,0.00540599672043398,0.00377286108032105,0.0693165829145729,0,"S4","null",1000,25,0.21071211727688,25.9483404486514,0,0,0,"none",0,95,0
0.264180569004244,-0.0128728385623629,1,1,0.156077396812595,NA,0.939045530155532,0,0.00966506740882387,NA,0.0793382829610685,0,0.124400356383493,-0.0162333112671653,0.0176176846079757,0.580723618090452,1,"S4","null",1000,25,0.21071211727688,45.1636432122187,0,0,0,"none",0,96,0
0.203737816946105,0.00152985344536388,0.99999999999226,1,-0.0811634269057253,NA,0.56791292404547,0,-0.00387982453982198,NA,0.043623977738756,0,-0.00594270601090452,0.0078670993684703,0.00555181844241748,0.0885678391959799,0,"S4","null",1000,25,0.21071211727688,28.9234000987941,0,0,0,"none",0,97,0
0.31433269062565,-0.0296077652938788,1,1,0.149529463640778,NA,0.861868890581411,0,0.0124493635939343,NA,0.0815300156875793,0,0.026124509781942,0.0167700272197079,0.00726790427445929,0.178894472361809,0,"S4","null",1000,25,0.21071211727688,28.6598312995295,0,0,0,"none",0,98,0
0.191810136112235,0.0139332740512059,0.999999998598619,1,0.0363615715017799,NA,0.255315599467492,0,0.00120989558183285,NA,0.0337572860470488,0,-0.00133123791397805,-0.00820088859005588,0.00315773247818263,0.0850678391959799,0,"S4","null",1000,25,0.21071211727688,25.821633671467,0,0,0,"none",0,99,0
0.208706970680298,-0.012574013652391,0.999999999997284,1,-0.0768766433314575,NA,0.54766940719466,0,-0.00182689498156001,NA,0.0356386977846322,0,-0.00964918103712878,0.0197227986142474,0.00792410583725037,0.152032663316583,0,"S4","null",1000,25,0.21071211727688,29.8577714403326,0,0,0,"none",0,100,0
0.159749524694025,-0.0250970103975885,0.999999998473227,1,0.0120968653037271,NA,0.154305123869392,0,0.000995768214157765,NA,0.0352000108574344,0,0.00890242685866239,0.00541829904427399,0.00408845337209443,0.109391959798995,0,"S4","null",1000,70,0.352588811263852,76.1099484437433,0,0,0,"none",0,1,0
0.199010671010064,0.00512157509492355,0.999999999999944,1,-0.0156614001602369,NA,0.194156186837301,0,-0.00216125568942075,NA,0.0414653585567492,0,-0.00142747731853705,0.00195152666238122,0.00195775220695968,0.0465753768844221,0,"S4","null",1000,70,0.352588811263852,74.628252313153,0,0,0,"none",0,2,0
0.185152740408884,-0.0245326794846913,0.999999999990096,1,-0.164968777225975,NA,0.985582098455133,1,-0.00359586562738766,NA,0.0514509599854568,0,-0.156101884038956,-0.0274211148476301,0.015924772483948,0.782836683417085,1,"S4","null",1000,70,0.352588811263852,67.2328684728666,0,0,0,"none",0,3,0
0.14350242898395,0.0135896118979188,0.999999769577446,1,-0.0302032825842329,NA,0.372505034953269,0,-0.00202208050027609,NA,0.0407422028289938,0,-0.00281721851936411,-0.000239702828838975,0.00249622562453748,0.0504522613065327,0,"S4","null",1000,70,0.352588811263852,79.8517025332839,0,0,0,"none",0,4,0
0.159626932348564,-0.000669202514288611,0.999999994946198,1,0.00134780753101731,NA,0.0184925365578179,0,-0.000698473620958252,NA,0.0340797152004445,0,-0.00121901255302189,-0.000730524938687769,0.00139792176526682,0.038108040201005,0,"S4","null",1000,70,0.352588811263852,97.290326328015,0,0,0,"none",0,5,0
0.262644900418639,-0.00869806247185872,1,1,0.0468342773286288,NA,0.554662138656851,0,0.00333896048598061,NA,0.0513972243042067,0,0.00574060279550666,-0.000943066769127484,0.0031103855768739,0.0738819095477387,0,"S4","null",1000,70,0.352588811263852,77.9823367610985,0,0,0,"none",0,6,0
0.151169839059606,0.0051288220996323,0.99999997637837,1,-0.00208455638988662,NA,0.0278133895103175,0,-0.000445426397445643,NA,0.03310172054011,0,0.000637501584693463,-0.00186822237787237,0.00199992507509336,0.048,0,"S4","null",1000,70,0.352588811263852,83.9827247842757,0,0,0,"none",0,7,0
0.188887015836886,-0.000123815830870212,0.99999999999703,1,-0.0204323578123457,NA,0.255793880092125,0,0.000167008673369693,NA,0.0325100913443327,0,-0.000165987713275706,0.00346059515299452,0.00292821510884775,0.0577386934673367,0,"S4","null",1000,70,0.352588811263852,79.0010432047698,0,0,0,"none",0,8,0
0.193443812309378,0.0159721837890757,0.999999999999928,1,0.0353156510236176,NA,0.443195894163039,0,0.00260380994917755,NA,0.0471748116325957,0,0.00524118099498156,0.0019062479577113,0.00304619485284465,0.0780577889447236,0,"S4","null",1000,70,0.352588811263852,82.3333121008041,0,0,0,"none",0,9,0
0.152320357195713,0.0278756710969828,0.999999999462344,1,0.0150512923312327,NA,0.211154868596288,0,0.000358218830729068,NA,0.0329077953352222,0,0.00175879605858094,-0.00214467384290078,0.00312797238015176,0.0535201005025126,0,"S4","null",1000,70,0.352588811263852,93.3094943475393,0,0,0,"none",0,10,0
0.20661174729814,-0.00176096335609651,0.999999999999987,1,-0.0135247290322045,NA,0.178450616351146,0,0.000432247014149858,NA,0.0331239700499122,0,0.000997249212635906,-0.00268182204371849,0.00243977349048745,0.0519045226130653,0,"S4","null",1000,70,0.352588811263852,90.3463637706037,0,0,0,"none",0,11,0
0.188371712647134,-0.00626666081970297,0.999999999994559,1,-0.0630022230559835,NA,0.690785474687323,0,-0.00168611596546726,NA,0.039561400526909,0,-0.0128919087840657,-0.00659767097454632,0.00526939354565164,0.131115577889447,0,"S4","null",1000,70,0.352588811263852,81.8898326312541,0,0,0,"none",0,12,0
0.147658437525199,-0.0143192586320325,0.999999945850165,1,-0.0438367405596697,NA,0.521674337107444,0,-0.00724094153113371,NA,0.0746726693012825,0,-0.0175284533292212,-0.0353686618967028,0.00991764442709903,0.298319095477387,0,"S4","null",1000,70,0.352588811263852,81.2316042569461,0,0,0,"none",0,13,0
0.185602176215017,-0.00257408737215997,0.999999999932975,1,0.0117149551454805,NA,0.141754410756133,0,0.00130360663356671,NA,0.0366389118083664,0,0.00214639541139975,0.0033916492471181,0.0032445460000525,0.0705527638190955,0,"S4","null",1000,70,0.352588811263852,77.4492044517048,0,0,0,"none",0,14,0
0.240118364647681,-0.00640367411565476,1,1,0.140038994706158,NA,0.97253253437366,1,0.0248586061902979,NA,0.181715987391198,0,0.0770493798748016,-0.00327496677593162,0.014809315638563,0.473992462311558,0,"S4","null",1000,70,0.352588811263852,83.234316073479,0,0,0,"none",0,15,0
0.208491497356841,-0.0065915474956772,0.999999999999988,1,0.0489525012039673,NA,0.589613908347121,0,0.00143451743029205,NA,0.0379561015058099,0,0.0139422472348796,-0.000165935017014411,0.00621947443157675,0.134597989949749,0,"S4","null",1000,70,0.352588811263852,98.8083685778824,0,0,0,"none",0,16,0
0.17890290684993,0.00885993420403804,0.99999999996314,1,-0.0130520277812004,NA,0.175957759685403,0,-0.000152664549365552,NA,0.0325026984860989,0,-0.00152333684835628,0.000236949028376843,0.00233361066182155,0.0435175879396985,0,"S4","null",1000,70,0.352588811263852,86.4575797610557,0,0,0,"none",0,17,0
0.142786942437875,0.0174347190515274,0.999999830448315,1,-0.064123916888352,NA,0.69363746857205,0,-0.00183118176126414,NA,0.0401379069172733,0,-0.0143868926792727,0.00165951463549666,0.00594665485722602,0.130105527638191,0,"S4","null",1000,70,0.352588811263852,77.9495278707759,0,0,0,"none",0,18,0
0.17977126455829,0.00229756852586341,0.999999999966246,1,0.0230236358452484,NA,0.306550070604829,0,0.000351279044049394,NA,0.0328520795818737,0,0.00390553766099253,0.00672756054053991,0.00476651406041868,0.0961959798994975,0,"S4","null",1000,70,0.352588811263852,98.7935660674353,0,0,0,"none",0,19,0
0.212831513669269,0.0316676197386092,0.999999999999999,1,-0.0123054865938876,NA,0.157015259871481,0,-0.000396272128781363,NA,0.0329038957520196,0,0.000997074246939413,0.00391011912913974,0.0022640882940025,0.0657914572864322,0,"S4","null",1000,70,0.352588811263852,77.6491577790314,0,0,0,"none",0,20,0
0.208960474268653,0.00787945393564491,0.999999999998708,1,0.0175819507124431,NA,0.213752359510236,0,0.00124293417926809,NA,0.0360773310144674,0,-0.000952202230512803,0.00242308634729426,0.00269237770335784,0.0542060301507538,0,"S4","null",1000,70,0.352588811263852,80.0946573633647,0,0,0,"none",0,21,0
0.122720412401623,0.0111200993537887,0.999995296410877,1,-0.112891065773057,NA,0.950491617603597,1,-0.0103915482147269,NA,0.100759774003272,0,-0.0104691279482571,0.00154968465597686,0.00563622007104233,0.109301507537688,0,"S4","null",1000,70,0.352588811263852,91.0053282396845,0,0,0,"none",0,22,0
0.138905546800095,-0.00739564767366972,0.999999436946487,1,-0.0112641241160787,NA,0.146899601954545,0,-0.000214144560852916,NA,0.0325630014339479,0,-0.00280215239772799,-0.0134451580472837,0.00685881501768876,0.146582914572864,0,"S4","null",1000,70,0.352588811263852,84.2876639372041,0,0,0,"none",0,23,0
0.150295493108315,0.0115347542495621,0.999999991302039,1,-0.048213716222272,NA,0.570220609831465,0,-0.00159439053243936,NA,0.0385712687466344,0,-0.00824005257561853,-0.00282954841690438,0.00407587308203799,0.0975552763819095,0,"S4","null",1000,70,0.352588811263852,80.7507434258881,0,0,0,"none",0,24,0
0.164301702460284,0.00566789005231338,0.999999998894335,1,-0.00106862722740232,NA,0.0139115686882852,0,-0.00100327944969972,NA,0.0353091475852883,0,0.000977990725810548,-0.00230628094133977,0.00199592292165375,0.0453140703517588,0,"S4","null",1000,70,0.352588811263852,76.3754510260276,0,0,0,"none",0,25,0
0.19812771583741,0.0102076025542901,0.999999999999963,1,0.0338705417590284,NA,0.403815949609468,0,0.0014493788814098,NA,0.0375898404012442,0,0.00138785623977193,-0.0005793741593853,0.0015293820343414,0.037248743718593,0,"S4","null",1000,70,0.352588811263852,77.8274267692745,0,0,0,"none",0,26,0
0.175216976256123,0.0158034557085864,0.999999999964056,1,-0.0378904442454173,NA,0.473842060170435,0,-0.000912046733661401,NA,0.0350128151194484,0,-0.0140990725921998,0.00248374921854469,0.00529921184524912,0.134560301507538,0,"S4","null",1000,70,0.352588811263852,79.3991296596339,0,0,0,"none",0,27,0
0.194827819576366,0.0177060039869258,0.999999999999984,1,-0.02816082289487,NA,0.367916437001651,0,-0.0012117631429015,NA,0.0367405811168308,0,-0.00173983308488485,-0.0043623366332275,0.00329418184932742,0.0694723618090452,0,"S4","null",1000,70,0.352588811263852,88.9893499026496,0,0,0,"none",0,28,0
0.229077149690333,0.0265975394743251,1,1,0.0356475935259197,NA,0.423759010079299,0,-0.00108569886297261,NA,0.0352585421968406,0,0.00154762177438875,-0.004475015315707,0.00263273093992556,0.0625678391959799,0,"S4","null",1000,70,0.352588811263852,79.8240098447447,0,0,0,"none",0,29,0
0.179311103303278,-0.0203639056878994,0.999999999990126,1,0.0360593894062036,NA,0.463807657384526,0,0.0002376978794464,NA,0.032602393217493,0,0.00526597590022502,0.00511539051876989,0.00349432808551093,0.0902412060301507,0,"S4","null",1000,70,0.352588811263852,94.7212996054037,0,0,0,"none",0,30,0
0.143293073354962,-0.00184213697189488,0.99999981882862,1,-0.029995757603435,NA,0.401390396689194,0,-0.000405156166701913,NA,0.0330744484881604,0,-0.00130044370031537,-0.000468835862934276,0.00197806998661949,0.0438417085427136,0,"S4","null",1000,70,0.352588811263852,97.3619249207986,0,0,0,"none",0,31,0
0.204490377872,-0.0176458581439334,0.999999999999979,1,0.0101770696904488,NA,0.140443803587651,0,2.06824702861661e-05,NA,0.0324169210630926,0,0.00044079630783452,2.76459710376972e-05,0.00154215792663943,0.034213567839196,0,"S4","null",1000,70,0.352588811263852,98.1471849910567,0,0,0,"none",0,32,0
0.187137950922232,0.0258284558691806,0.999999999997351,1,0.0153048263066426,NA,0.193027141702581,0,-7.89562414298975e-05,NA,0.0324339637789267,0,-0.000118876159078046,0.00109144960770418,0.00180341006302991,0.0392663316582915,0,"S4","null",1000,70,0.352588811263852,83.641155431041,0,0,0,"none",0,33,0
0.221408958653361,-0.0063108861491282,0.999999999999993,1,-0.00909397468898275,NA,0.106861131075566,0,7.85869869203329e-05,NA,0.0324319989615897,0,-0.0063385357334548,0.00128483208322047,0.0032264293928766,0.0745427135678392,0,"S4","null",1000,70,0.352588811263852,75.3813172221076,0,0,0,"none",0,34,0
0.211617366799321,-0.0326864960721391,0.999999999999999,1,0.0354415340534554,NA,0.434961402924534,0,0.00108081144722917,NA,0.0359677935205795,0,0.00590684489519206,0.00150326795160185,0.00363941847497879,0.0757336683417085,0,"S4","null",1000,70,0.352588811263852,86.9827233489103,0,0,0,"none",0,35,0
0.208526049073839,0.009887105890054,0.999999999999682,1,0.01042497935492,NA,0.11938974368985,0,-0.00121855365185777,NA,0.0354321640986576,0,-0.00185054483747395,-0.00102040787716749,0.00169717574741875,0.0449874371859296,0,"S4","null",1000,70,0.352588811263852,73.3011844501404,0,0,0,"none",0,36,0
0.179066119492732,0.00193397732028938,0.999999999983826,1,-0.0649286136307379,NA,0.703311541043005,0,-0.00408261368503337,NA,0.0566702585769159,0,-0.00327159148404896,0.000713591648359382,0.00221142508545448,0.0558467336683417,0,"S4","null",1000,70,0.352588811263852,80.3518229940668,0,0,0,"none",0,37,0
0.157653286717851,0.00418842287334925,0.999999935057062,1,-0.157888374384043,NA,0.983090135683546,1,-0.0404992213401471,NA,0.259868679188104,0,-0.0647229758049975,0.0306857578800918,0.0145865680415652,0.433065326633166,0,"S4","null",1000,70,0.352588811263852,71.2326651644927,0,0,0,"none",0,38,0
0.218178087065512,-0.0109913078025161,1,1,0.0201300200120762,NA,0.255422727081737,0,0.000621617688571743,NA,0.0335131770566261,0,-0.000550924545547748,-0.00305457970057072,0.00299242299512907,0.0556683417085427,0,"S4","null",1000,70,0.352588811263852,78.8800153553625,0,0,0,"none",0,39,0
0.185048268496813,-0.0104392012255985,0.999999999966462,1,-0.019956787918846,NA,0.241883723763874,0,-0.000309569956026654,NA,0.0327234691370125,0,-0.00127970003160561,-1.68111417684512e-05,0.0018758778342451,0.0393165829145729,0,"S4","null",1000,70,0.352588811263852,71.6079820916091,0,0,0,"none",0,40,0
0.179819958154622,-0.010319119593439,0.999999999996681,1,-0.00886251373203502,NA,0.118809699313841,0,0.00153016343557823,NA,0.0391683881973888,0,-0.000159121262893642,-0.00292215546013716,0.00295420559332301,0.0578241206030151,0,"S4","null",1000,70,0.352588811263852,81.8768429874073,0,0,0,"none",0,41,0
0.156955331733913,0.00987178162805483,0.999999936426554,1,-0.0584735286765093,NA,0.656098433039897,0,-0.00289575293390104,NA,0.0486458779277623,0,-0.00472368285249743,-0.00019722237369279,0.00254934561114837,0.0638467336683417,0,"S4","null",1000,70,0.352588811263852,92.326408727321,0,0,0,"none",0,42,0
0.177854755095914,0.0133500656835277,0.999999999997975,1,-0.0156918928766719,NA,0.208402528294579,0,-0.000103681587421288,NA,0.0324529748963132,0,-0.00020483864124095,-0.00376265466369085,0.00245859473717703,0.0647110552763819,0,"S4","null",1000,70,0.352588811263852,81.0767135181411,0,0,0,"none",0,43,0
0.217589011196539,0.000488635698032044,0.99999999999999,1,0.040634582754021,NA,0.485154521537236,0,0.00127152402556792,NA,0.036683403312058,0,0.00440109516083833,-0.00632431871515433,0.00446078871534382,0.0919572864321608,0,"S4","null",1000,70,0.352588811263852,87.7499662195674,0,0,0,"none",0,44,0
0.198319325649297,0.0234580492878527,0.999999999998586,1,-0.00339640408585307,NA,0.0404832562905637,0,-0.000170574066617637,NA,0.0324920092647288,0,-0.018931800677355,0.137916622689056,0.0199595607331631,0.760625628140704,1,"S4","null",1000,70,0.352588811263852,73.5135253197042,0,0,0,"none",0,45,0
0.169964524611445,-0.0115424149122173,0.999999999445735,1,-0.0279727478331652,NA,0.353617177555337,0,-0.000636562680326133,NA,0.0337350120512701,0,-0.00148571919136901,0.00222789491574494,0.0022626312945726,0.0513090452261307,0,"S4","null",1000,70,0.352588811263852,80.3500574991993,0,0,0,"none",0,46,0
0.193281887495246,0.00531845681012138,0.999999999999849,1,0.0577303447669862,NA,0.695179904680143,0,0.00244920961300993,NA,0.0457075200995914,0,0.00416450861052263,-0.00165160091899748,0.00238430909728973,0.067394472361809,0,"S4","null",1000,70,0.352588811263852,90.688647076947,0,0,0,"none",0,47,0
0.224707973533064,-0.0114962518037227,1,1,0.109812480544096,NA,0.886270478617382,0,0.0177074489529423,NA,0.135310370451618,0,0.0129904530750876,-0.00203658607285184,0.00466431029652534,0.113223618090452,0,"S4","null",1000,70,0.352588811263852,60.1491180591599,0,0,0,"none",0,48,0
0.185985144932281,-0.0365362804638272,0.999999999999972,1,0.052869895985384,NA,0.626398570030492,0,0.0030563068236741,NA,0.0502849293336669,0,0.00292820696399798,-7.75098102201093e-05,0.0028022725361834,0.0527010050251256,0,"S4","null",1000,70,0.352588811263852,88.6577705808794,0,0,0,"none",0,49,0
0.174565568831121,-0.0162729549875283,0.999999998518492,1,-0.0457796613073301,NA,0.509213572525039,0,-0.00320729060674666,NA,0.0476685068033032,0,-0.00235809962845934,0.00162231261451946,0.00258218153251783,0.0526733668341709,0,"S4","null",1000,70,0.352588811263852,72.301382038145,0,0,0,"none",0,50,0
0.168085866932671,-0.0162203250432153,0.999999999894138,1,-0.003451297134788,NA,0.0482221655274087,0,-0.000263481116100911,NA,0.0326978161630825,0,0.00188789175176606,-0.0024382560083629,0.00287318738112586,0.0570979899497487,0,"S4","null",1000,70,0.352588811263852,97.5261146243747,0,0,0,"none",0,51,0
0.216290158660821,0.00155188901014301,0.999999999999999,1,0.059885935380205,NA,0.671962360116456,0,0.00306263900805705,NA,0.0496201766087285,0,0.00187406814782824,0.000655546094542282,0.00240737930724548,0.0417562814070352,0,"S4","null",1000,70,0.352588811263852,84.8753579237615,0,0,0,"none",0,52,0
0.179918253982814,0.025905308430209,0.999999999977192,1,-0.0219704876803754,NA,0.282785967287086,0,0.000136886639474536,NA,0.0324777194591827,0,-0.000429949964188386,0.0203154062235824,0.00795380895661138,0.198027638190955,0,"S4","null",1000,70,0.352588811263852,87.3276034777997,0,0,0,"none",0,53,0
0.202852956551698,-0.0204668131303874,0.999999999999986,1,0.0623961585802551,NA,0.716396621473188,0,0.00167799993188702,NA,0.0402443699112385,0,0.0379948000459863,-0.0482146738671208,0.0131768588171214,0.436103015075377,0,"S4","null",1000,70,0.352588811263852,90.7018097700489,0,0,0,"none",0,54,0
0.165375765834393,7.38763230671852e-05,0.999999999795681,1,-0.054848923446992,NA,0.649424828886805,0,-0.00168045276537527,NA,0.039745413099698,0,-0.0100601203777494,-0.0046218250789831,0.00480856751754124,0.122756281407035,0,"S4","null",1000,70,0.352588811263852,82.4529063894202,0,0,0,"none",0,55,0
0.191236174771762,-0.0127476352211736,0.999999999994822,1,-0.0932975518829224,NA,0.81264621513583,0,-0.0070744929615034,NA,0.0719143150157409,0,-0.0476559996814306,-0.00672999825332631,0.0104098890043087,0.30586432160804,0,"S4","null",1000,70,0.352588811263852,69.9126426663977,0,0,0,"none",0,56,0
0.19190023737737,-0.00353446617524959,0.99999999999224,1,0.0371869280687946,NA,0.458163143793644,0,0.00425127770358344,NA,0.0583047704691042,0,0.011969566473748,-0.00382786643906377,0.00701782767474133,0.127138190954774,0,"S4","null",1000,70,0.352588811263852,90.3046957175519,0,0,0,"none",0,57,0
0.154567892563635,0.0203714146013089,0.999999985556401,1,0.0216936902055597,NA,0.258788000993191,0,0.000969232045852266,NA,0.0350378241926634,0,0.00240792828637575,-0.00114489646982464,0.00255156178321139,0.0485979899497487,0,"S4","null",1000,70,0.352588811263852,71.4237473533639,0,0,0,"none",0,58,0
0.1421441674571,0.00650235918466708,0.99999978889212,1,0.014120700245426,NA,0.199317121224789,0,0.000562622773753233,NA,0.0335900094753621,0,0.000743607089084124,-0.000501523950258685,0.00153685616251607,0.039678391959799,0,"S4","null",1000,70,0.352588811263852,100.505192422972,0,0,0,"none",0,59,0
0.182995515637911,-0.00415837646552088,0.99999999997011,1,-0.0584985883606897,NA,0.646042902582401,0,-0.00189522876296506,NA,0.0400240637878058,0,-0.0100732336092766,0.0136336658883274,0.00669328282781055,0.171462311557789,0,"S4","null",1000,70,0.352588811263852,80.3771920308404,0,0,0,"none",0,60,0
0.225995049781857,0.00260626883028296,1,1,0.0737871213285632,NA,0.747764669269977,0,0.0109561685872871,NA,0.102080937478144,0,0.00633330882183462,0.000428821207373496,0.00304720835921659,0.0753793969849246,0,"S4","null",1000,70,0.352588811263852,72.2708720017865,0,0,0,"none",0,61,0
0.170021244305818,0.0083531568081477,0.999999999709433,1,0.0109847439820408,NA,0.144845261445181,0,-0.000389286826236399,NA,0.0329089704484319,0,0.00334489928084464,-0.00317286321556535,0.00264346878616585,0.0668341708542714,0,"S4","null",1000,70,0.352588811263852,91.563390975393,0,0,0,"none",0,62,0
0.151053548795717,0.00155535928356353,0.999999892055946,1,-0.0618669037886515,NA,0.696804822200804,0,-0.00242537254903983,NA,0.0447734336568595,0,-0.00144772657218108,-0.00179931741187425,0.00207081260879624,0.0522437185929648,0,"S4","null",1000,70,0.352588811263852,86.0379959541733,0,0,0,"none",0,63,0
0.146341987415267,-0.0180405678895836,0.999999933146452,1,-0.0412319933913474,NA,0.491039752515271,0,-0.00178473746289445,NA,0.0402162248457957,0,-0.00220106956103651,0.00228260850331132,0.00238444805963114,0.0542085427135678,0,"S4","null",1000,70,0.352588811263852,78.19163702025,0,0,0,"none",0,64,0
0.203341398166382,-0.028829403727578,0.999999999999986,1,0.0145698205159244,NA,0.199391414639739,0,0.000659605206611636,NA,0.0340148941109489,0,-0.000587622330598943,-0.029399594746242,0.0109208261828499,0.246376884422111,0,"S4","null",1000,70,0.352588811263852,98.1658014740284,0,0,0,"none",0,65,0
0.21550742480238,-0.0243464039250931,0.999999999999999,1,0.0328513875535868,NA,0.430251382965706,0,0.00114674784858225,NA,0.0366299103141897,0,0.00322888816043187,-0.00246912762893652,0.00286381377673559,0.0595829145728643,0,"S4","null",1000,70,0.352588811263852,96.7070885233597,0,0,0,"none",0,66,0
0.173952572203834,0.0137328843742076,0.999999999978304,1,-0.0605745957714022,NA,0.667008630405822,0,-0.00179714123768883,NA,0.0399830649872963,0,-0.0132285906239825,-0.012200725605258,0.0085821332807886,0.169100502512563,0,"S4","null",1000,70,0.352588811263852,73.3618627197822,0,0,0,"none",0,67,0
0.229857835828686,-0.0064399209181318,1,1,-0.00584295644217846,NA,0.0754947273605762,0,0.000305253454587022,NA,0.0327078543251664,0,-0.00197884968537565,0.00760231119186404,0.00425678216311002,0.104261306532663,0,"S4","null",1000,70,0.352588811263852,90.745479699607,0,0,0,"none",0,68,0
0.197788212027561,0.0068442309074431,0.99999999999661,1,-0.00540229290598804,NA,0.0615651351802575,0,-0.00104196346605756,NA,0.0346222991091619,0,-0.0051187564228816,0.00363269594923844,0.00393531287886261,0.0760778894472362,0,"S4","null",1000,70,0.352588811263852,60.14013281214,0,0,0,"none",0,69,0
0.211726358229056,0.00925816303483347,0.999999999999993,1,0.0498026636143899,NA,0.570863398072795,0,0.00210014656953378,NA,0.0418329320742734,0,0.00951043426044232,0.00417969667160134,0.003579168807682,0.106836683417085,0,"S4","null",1000,70,0.352588811263852,77.6179500012398,0,0,0,"none",0,70,0
0.194353231256235,0.00482211729979273,0.999999999999088,1,-0.0513897874681305,NA,0.638149525971137,0,-0.00382346260769029,NA,0.0570115143888877,0,-0.00551998848521464,0.00235919982953649,0.00405605868934575,0.0741758793969849,0,"S4","null",1000,70,0.352588811263852,97.2035749197054,0,0,0,"none",0,71,0
0.196260899608021,0.0274418027980988,0.999999999999908,1,0.0274368130127932,NA,0.347723953782205,0,0.00137827101498169,NA,0.0377144686398976,0,0.00116316685979817,0.000260326255563063,0.00205469797027498,0.0406708542713568,0,"S4","null",1000,70,0.352588811263852,88.479402539624,0,0,0,"none",0,72,0
0.182581388202006,-0.00787156905569719,0.999999999925579,1,-0.013126219089262,NA,0.156923606887848,0,0.000389665951757433,NA,0.0328104086933375,0,-0.00534820501430072,-0.00514823409630792,0.00443528194159868,0.0926708542713568,0,"S4","null",1000,70,0.352588811263852,71.06614172996,0,0,0,"none",0,73,0
0.161537233348035,0.00867260922829807,0.999999997639634,1,-0.0509760121613708,NA,0.583055763139042,0,-0.0021341962698509,NA,0.0420296236032404,0,-0.00438258578453809,-0.00564114084983946,0.00467245943958362,0.0868165829145729,0,"S4","null",1000,70,0.352588811263852,72.6919963074854,0,0,0,"none",0,74,0
0.221390256519153,0.0105877929801653,0.999999999999999,1,0.0349961528919804,NA,0.440197103121561,0,0.000718285286891525,NA,0.0341443794425825,0,0.00120361543690284,-0.000787384168395697,0.00163026904908318,0.0439949748743719,0,"S4","null",1000,70,0.352588811263852,92.1877317422004,0,0,0,"none",0,75,0
0.181101678614849,0.022094605638668,0.999999999988292,1,0.0083260780539007,NA,0.10384239635353,0,0.000215549865071408,NA,0.0325625654508134,0,-5.41238387707917e-05,-0.000696697786832513,0.0018008941050291,0.0371281407035176,0,"S4","null",1000,70,0.352588811263852,75.1423052190197,0,0,0,"none",0,76,0
0.189924674765787,0.0258415195404202,0.999999999999722,1,0.0121620820378147,NA,0.15237494479567,0,0.00113709426174369,NA,0.0357585709030136,0,-0.000852577272052245,0.000784570959596699,0.00208707418737295,0.0428793969849246,0,"S4","null",1000,70,0.352588811263852,75.1051489201226,0,0,0,"none",0,77,0
0.191322810321153,0.0267886087094656,0.999999999998806,1,0.0352341405579593,NA,0.421965664968275,0,0.000803363476929976,NA,0.0342483824269054,0,0.00310024778290283,0.00617248130890162,0.0030648840762303,0.0856557788944724,0,"S4","null",1000,70,0.352588811263852,80.5976898332406,0,0,0,"none",0,78,0
0.232386521555998,0.0323431585364772,1,1,0.104709763578826,NA,0.924589272395091,0,0.0169421225833568,NA,0.148168571049603,0,0.023672619245768,0.00434822404294067,0.00887844636151167,0.201562814070352,0,"S4","null",1000,70,0.352588811263852,96.4277524411288,0,0,0,"none",0,79,0
0.230802789696912,-0.00400251430421763,1,1,0.075691566106157,NA,0.791515048718651,0,0.00445287336439267,NA,0.0597344912479276,0,0.0201892650448633,-0.0021706854380226,0.00608939275287435,0.172773869346734,0,"S4","null",1000,70,0.352588811263852,90.7790876646333,0,0,0,"none",0,80,0
0.143260224273613,-0.0140695564481581,0.999999665375008,1,-0.00270811175750066,NA,0.0359558154626011,0,-0.000299096819654929,NA,0.0327132325367235,0,0.0137132996268354,-0.0516515539519784,0.0151802901932428,0.407110552763819,0,"S4","null",1000,70,0.352588811263852,84.9640778190677,0,0,0,"none",0,81,0
0.171199368082482,0.00609918765337578,0.999999999971575,1,0.0273561303769722,NA,0.370166151394697,0,0.00112746484219563,NA,0.0365491656753674,0,0.00124299125789767,0.00184024599843748,0.002585346427707,0.0473391959798995,0,"S4","null",1000,70,0.352588811263852,88.5133720711807,0,0,0,"none",0,82,0
0.193205142651053,-0.00112670401319596,0.999999999996851,1,-0.0227135296131919,NA,0.257788827276813,0,-0.000476182777486644,NA,0.032966371757623,0,-0.00392220539373019,-0.000413042257149401,0.00301446571710873,0.0559748743718593,0,"S4","null",1000,70,0.352588811263852,69.5186807726815,0,0,0,"none",0,83,0
0.191427388172919,-0.00247491638798225,0.999999999987238,1,-0.083694925931358,NA,0.810731357052743,0,-0.001591990963113,NA,0.0389603266897816,0,-0.0225444187304432,0.00210416900876394,0.00864720123391462,0.184726130653266,0,"S4","null",1000,70,0.352588811263852,79.6942198631709,0,0,0,"none",0,84,0
0.216942338908041,-0.00236987327748147,0.999999999999999,1,0.0842519494131464,NA,0.845365321595604,0,0.00583073173187468,NA,0.0708880973378989,0,0.0122866877302252,-0.0080309806277944,0.00617809864685601,0.147927135678392,0,"S4","null",1000,70,0.352588811263852,86.0245045327961,0,0,0,"none",0,85,0
0.211275687597872,-0.00306509612878025,0.999999999999997,1,0.0754572748028136,NA,0.786240746276481,0,0.00351586857125208,NA,0.0520832739144161,0,0.0177005786335662,-0.000218500067893347,0.00822561236820658,0.155306532663317,0,"S4","null",1000,70,0.352588811263852,87.0406369734995,0,0,0,"none",0,86,0
0.180783751506309,-0.00649834189654323,0.999999999998856,1,0.0850249838354761,NA,0.851293249797771,0,0.00146416562254938,NA,0.0382798972865968,0,0.0559141146063837,-0.0374792781077344,0.0149359905229505,0.456391959798995,0,"S4","null",1000,70,0.352588811263852,90.0616260491512,0,0,0,"none",0,87,0
0.140759637621006,0.0110304606613572,0.999999066773811,1,0.0186664362793835,NA,0.251128000165831,0,0.00060455049287329,NA,0.0337919538806057,0,0.00167160492298171,-0.00210869442384468,0.00266487006567068,0.0518492462311558,0,"S4","null",1000,70,0.352588811263852,111.688139979994,0,0,0,"none",0,88,0
0.217270878978534,0.0124346788983583,0.999999999999979,1,0.0171404570704749,NA,0.201624875373035,0,0.000921785188230855,NA,0.034360064023668,0,-0.00442786648008077,0.0110274277935968,0.00587466237568603,0.144092964824121,0,"S4","null",1000,70,0.352588811263852,71.0486162333563,0,0,0,"none",0,89,0
0.193480733637126,-0.0146131427526045,0.99999999999744,1,-0.103843782040244,NA,0.892790200688696,0,-0.00640042553183178,NA,0.0672475536316169,0,-0.0102166164701109,-0.0060169363969479,0.00676455721887872,0.117753768844221,0,"S4","null",1000,70,0.352588811263852,75.9795293683099,0,0,0,"none",0,90,0
0.194578328438787,-0.00239099769780771,0.999999999999038,1,0.0207052922179095,NA,0.261940590431765,0,0.00112946116059096,NA,0.0357725926306935,0,0.00102902615158339,-0.000207948626521296,0.00194342855899822,0.037394472361809,0,"S4","null",1000,70,0.352588811263852,85.9649109892833,0,0,0,"none",0,91,0
0.208098740169198,-0.0160473606176661,0.999999999999976,1,-0.0039801985178575,NA,0.0505362079449,0,-0.000737913715703126,NA,0.0340302549279903,0,0.000119024109853884,0.00579874144521987,0.00369201039254854,0.0704422110552764,0,"S4","null",1000,70,0.352588811263852,81.8901251888004,0,0,0,"none",0,92,0
0.179960084741439,-0.0106674738156903,0.999999999939666,1,0.0104550356035908,NA,0.133689797902949,0,0.000607344092032067,NA,0.0336179812565342,0,0.000147830329378633,-0.000772499030671574,0.0015884788093235,0.0378894472361809,0,"S4","null",1000,70,0.352588811263852,79.5763474444359,0,0,0,"none",0,93,0
0.174778222187436,-0.000165086664278063,0.999999999960773,1,0.0183448467145229,NA,0.230759831149626,0,-0.000186676049107394,NA,0.0325122309860485,0,0.00082203384409848,-0.000611791933339958,0.00189345565366482,0.0407663316582915,0,"S4","null",1000,70,0.352588811263852,77.5922671410665,0,0,0,"none",0,94,0
0.20449098396842,0.0118112253216122,0.999999999999998,1,0.0707155506637212,NA,0.766610437235666,0,0.00298292702256529,NA,0.0501005575071399,0,0.0052426385200664,0.0026128985227367,0.00319050103364807,0.0716356783919598,0,"S4","null",1000,70,0.352588811263852,81.4345869550538,0,0,0,"none",0,95,0
0.174280933737535,0.0158849579752639,0.999999999548596,1,-0.0528054925720859,NA,0.58968674822236,0,-0.00123281417622238,NA,0.0361003109085457,0,-0.00200227301329986,0.00146297490413487,0.00253580483818624,0.0477085427135678,0,"S4","null",1000,70,0.352588811263852,79.8475656469103,0,0,0,"none",0,96,0
0.179632017756564,-0.00552902878249674,0.999999999963088,1,0.0365952628427989,NA,0.462677663538855,0,0.000625963865686973,NA,0.0337079656476751,0,0.00531407335688291,-0.0269267627461687,0.0102150703814229,0.237052763819095,0,"S4","null",1000,70,0.352588811263852,89.8107779111823,0,0,0,"none",0,97,0
0.194627561473078,0.00247160323957321,0.999999999999964,1,0.041624257814013,NA,0.542971557769298,0,0.00299331570674513,NA,0.0506454776970951,0,0.00304587238654847,-0.00112646037489672,0.00307412280677196,0.0557336683417085,0,"S4","null",1000,70,0.352588811263852,90.9973299358884,0,0,0,"none",0,98,0
0.208286410182779,0.00079441743988713,0.999999999999809,1,-0.00890884539206915,NA,0.114704845487464,0,0.000132180475162554,NA,0.0324784044854657,0,-0.00161930683363668,0.00129010145197057,0.00224006865505298,0.046748743718593,0,"S4","null",1000,70,0.352588811263852,96.1837043444389,0,0,0,"none",0,99,0
0.181723957053963,0.00749827678490239,0.999999999939551,1,0.00182246827997598,NA,0.021891338537404,0,-0.000430683598596801,NA,0.0329201595960563,0,-0.00212011137240282,-0.00127313972141281,0.00273664007468657,0.0453366834170854,0,"S4","null",1000,70,0.352588811263852,72.495469442423,0,0,0,"none",0,100,0
0.574136411345791,0.272150124698092,1,1,1.05907058806962,NA,0.97363508552363,1,0.832783593303073,NA,0.671648210752787,1,0.810128587769591,0.378735888580951,0.0042745597854523,0.98594472361809,1,"S4","signal",1000,1,0.0421424234553761,1.6680794609919,0,0,0,"none",0,1,1
0.502138273869864,0.295445572727835,1,1,0.736882907916349,NA,0.981498595353254,1,0.151712859979052,NA,0.227648813144481,0,0.638219905515462,0.521532370932597,0.00470423186192273,0.99078391959799,1,"S4","signal",1000,1,0.0421424234553761,3.29592066738114,0,0,0,"none",0,2,1
0.598402072621125,0.287437025805573,1,1,0.305028864465067,NA,0.668400885835946,0,0.0211865044413667,NA,0.0577349701090629,0,0.0253894284598682,0.0182739137944994,0.00536719089528731,0.138356783919598,0,"S4","signal",1000,1,0.0421424234553761,4.08934298256936,0,0,0,"none",0,3,1
0.503225857693083,0.295076650024049,1,1,0.592108554003477,NA,0.949981859398303,0,0.395064014142097,NA,0.449852992402229,0,0.50218252002936,0.178237908765206,0.0181717757243004,0.810211055276382,1,"S4","signal",1000,1,0.0421424234553761,4.35938982171546,0,0,0,"none",0,4,1
0.534515090941288,0.280867279830616,1,1,0.512148359013032,NA,0.885983095181212,0,0.118896979960264,NA,0.183416027041074,0,0.548247605946924,0.636140868559174,8.29166562235672e-05,0.999917085427136,1,"S4","signal",1000,1,0.0421424234553761,2.30223611118057,0,0,0,"none",0,5,1
0.58202578446192,0.300082640836061,1,1,0.847545606927427,NA,0.955668630119117,1,0.736823889064172,NA,0.679692789635886,1,0.717056073017079,0.499480783026932,0.00573145133871338,0.986253768844221,1,"S4","signal",1000,1,0.0421424234553761,2.1501488196931,0,0,0,"none",0,6,1
0.568341127441731,0.278368109569072,1,1,0.580288131749942,NA,0.956662702381291,1,0.192150963443437,NA,0.252969823374251,0,0.334897295875025,0.0393823878952736,0.0156272237295374,0.519620603015075,1,"S4","signal",1000,1,0.0421424234553761,4.68121826836826,0,0,0,"none",0,7,1
0.479845830718205,0.305798708372265,1,1,0.371720080069018,NA,0.808991112213322,0,0.0545967483773742,NA,0.114922510329254,0,0.430135629615698,0.378939877499445,0.0144370605202393,0.886236180904523,1,"S4","signal",1000,1,0.0421424234553761,4.42639404607111,0,0,0,"none",0,8,1
0.526551486223724,0.3082848203923,1,1,0.958851445785206,NA,0.979958071637591,1,0.218036780767632,NA,0.22733004355338,0,0.626222983088224,0.369445423569503,0.0143515942095467,0.900776381909548,1,"S4","signal",1000,1,0.0421424234553761,1.82865735870461,0,0,0,"none",0,9,1
0.51204027878991,0.2873742531113,1,1,0.052860011212017,NA,0.113702677035268,0,0.0153084722362715,NA,0.0490795268269316,0,0.127153068570398,0.0563895154078882,0.0108173625750916,0.349844221105528,0,"S4","signal",1000,1,0.0421424234553761,2.45011364821556,0,0,0,"none",0,10,1
0.594510486793789,0.250711173130611,1,1,0.709954392627227,NA,0.979198675081023,1,0.0456631061664861,NA,0.0892838172918374,0,0.619826164289514,0.219792542199555,0.0140785445500266,0.898366834170854,1,"S4","signal",1000,1,0.0421424234553761,5.06974848264951,0,0,0,"none",0,11,1
0.53056178328844,0.284641498437329,1,1,0.402250805260965,NA,0.852127505632562,0,0.0533299091283469,NA,0.117386407567832,0,0.556198891921077,0.409158918917597,0.00741799860456475,0.966017587939698,1,"S4","signal",1000,1,0.0421424234553761,3.2215198559232,0,0,0,"none",0,12,1
0.562495581342565,0.292453324103439,1,1,0.846142297819138,NA,0.887573443289785,0,0.272960843575665,NA,0.236920391544862,0,0.0974760170002652,0.0762536609235551,0.0143697719230934,0.342407035175879,0,"S4","signal",1000,1,0.0421424234553761,0.125343192410113,0,0,0,"none",0,13,1
0.509179104987408,0.304279196445745,1,1,0.163538851326186,NA,0.424011945697968,0,0.01110088948806,NA,0.0449654407283788,0,0.0503675303771393,0.00269954479773513,0.00793978147437253,0.149806532663317,0,"S4","signal",1000,1,0.0421424234553761,4.64656877319309,0,0,0,"none",0,14,1
0.528780374317481,0.316887456276369,1,1,0.200200772055031,NA,0.461292161811914,0,0.00827287112768636,NA,0.039960229899083,0,0.224771409827464,0.129802068980606,0.0148300421496626,0.517394472361809,1,"S4","signal",1000,1,0.0421424234553761,2.74573819087576,0,0,0,"none",0,15,1
0.52573350118302,0.298468334938836,1,1,0.0785018799532435,NA,0.170704305744116,0,0.00185979450472865,NA,0.0328023863100345,0,0.104507952143195,0.202811362746619,0.0153354649081417,0.623037688442211,1,"S4","signal",1000,1,0.0421424234553761,2.82008735721721,0,0,0,"none",0,16,1
0.507340808581821,0.303566350487072,1,1,-0.398819208860525,NA,0.48791753918736,0,0.00395209629905176,NA,0.0339623035158742,0,0.0915809958084678,0.0371257427558347,0.0110568840814405,0.246221105527638,0,"S4","signal",1000,1,0.0421424234553761,1.30917150080356,0,0,0,"none",0,17,1
0.523725493066993,0.298367429335578,1,1,0.500193800926011,NA,0.95278722656084,1,0.0255040693486086,NA,0.069162468323633,0,0.302369984972798,0.243070295272191,0.0177874493863389,0.738452261306533,1,"S4","signal",1000,1,0.0421424234553761,4.3406083678894,0,0,0,"none",0,18,1
0.560553215652061,0.310085648057956,1,1,0.588932107552068,NA,0.900050974492116,0,0.402756867486043,NA,0.468693380752123,0,0.724832199701863,0.4309906730826,0.00207233324731269,0.994982412060301,1,"S4","signal",1000,1,0.0421424234553761,2.24275349064236,0,0,0,"none",0,19,1
0.572527410191712,0.26935504683104,1,1,0.913883373061795,NA,0.884074551553811,0,0.759393165634364,NA,0.62798414085907,1,0.463008180564635,0.331554391170858,0.0143284284675956,0.881243718592965,1,"S4","signal",1000,1,0.0421424234553761,0.431694032773024,0,0,0,"none",0,20,1
0.533404667598197,0.289963400541782,1,1,0.834726916967554,NA,0.932621027813584,0,0.714467071263013,NA,0.543296722836471,1,0.652530008466906,0.344803106396857,0.00794063475776873,0.968278894472362,1,"S4","signal",1000,1,0.0421424234553761,1.95466556988342,0,0,0,"none",0,21,1
0.546861562830377,0.307602257404685,1,1,0.724568746994008,NA,0.965474227750542,1,0.290271889779028,NA,0.369989931478884,0,0.461360026708916,0.178868781651315,0.0181700054889749,0.692108040201005,1,"S4","signal",1000,1,0.0421424234553761,2.67566636900364,0,0,0,"none",0,22,1
0.552065129815456,0.282144117122441,1,1,0.131774212484689,NA,0.352365301614715,0,0.00790579502353287,NA,0.0397261371197018,0,0.0463986468240287,0.0153720937537925,0.00648663747624965,0.162781407035176,0,"S4","signal",1000,1,0.0421424234553761,5.36151431023831,0,0,0,"none",0,23,1
0.54815285153612,0.285285711323474,1,1,0.49041112937416,NA,0.870763563318551,0,0.042942830224562,NA,0.0783619715293945,0,0.0836637224859396,0.0196303203637306,0.00945801638338858,0.216952261306533,0,"S4","signal",1000,1,0.0421424234553761,1.92109781009987,0,0,0,"none",0,24,1
0.594921441005944,0.284032493963841,1,1,0.691717779705956,NA,0.905994116659071,0,0.138733427540553,NA,0.187280179320098,0,0.131861093398999,-0.00164723905896526,0.0099695283968612,0.245768844221106,0,"S4","signal",1000,1,0.0421424234553761,1.03518744563245,0,0,0,"none",0,25,1
0.511287702864281,0.315546612044062,1,1,0.540464933695612,NA,0.694876808321327,0,0.065790791049434,NA,0.0854955030788586,0,0.459822216137126,0.346395784234151,0.0140050729566248,0.83936432160804,1,"S4","signal",1000,1,0.0421424234553761,1.65251354999711,0,0,0,"none",0,26,1
0.499043052397619,0.310941493660383,1,1,0.733601973477436,NA,0.863102115865495,0,0.239375722538093,NA,0.249470035811414,0,0.108186050781919,0.18884864976598,0.0204168293752742,0.598062814070352,1,"S4","signal",1000,1,0.0421424234553761,0.662910727916439,0,0,0,"none",0,27,1
0.570393515334784,0.302033264425384,1,1,0.620077246588556,NA,0.969751655348454,1,0.126121047761627,NA,0.203101963407244,0,0.570095239555276,0.301341874800478,0.00834540919881415,0.960226130653266,1,"S4","signal",1000,1,0.0421424234553761,3.88935684933505,0,0,0,"none",0,28,1
0.543519772793351,0.28867053698239,1,1,0.734455720576768,NA,0.979122457799215,1,0.58459739315666,NA,0.652634388828182,1,0.816834896294657,0.425695258212221,0.00462286606313041,0.986761306532663,1,"S4","signal",1000,1,0.0421424234553761,2.65313284891862,0,0,0,"none",0,29,1
0.551073287063525,0.306903888810685,1,1,0.746675861954277,NA,0.877379858134977,0,0.127285649495093,NA,0.12514084951718,0,1.10077469194997,0.306953334922594,0.0134521167384703,0.946095477386935,1,"S4","signal",1000,1,0.0421424234553761,1.08784030544613,0,0,0,"none",0,30,1
0.584331700779057,0.264325528914236,1,1,0.400864879557602,NA,0.657076157082252,0,0.0239220600860439,NA,0.0515673327027868,0,0.148403420300957,0.0741124104859499,0.0100323336483025,0.372153266331658,0,"S4","signal",1000,1,0.0421424234553761,1.86673595271603,0,0,0,"none",0,31,1
0.517538864024976,0.297659515715483,1,1,0.204694522086348,NA,0.204495187946018,0,0.0891085137280766,NA,0.10800410477953,0,0.32064574736833,0.206894813384112,0.0174280060940775,0.692231155778894,1,"S4","signal",1000,1,0.0421424234553761,0.286327707288938,0,0,0,"none",0,32,1
0.598222227861512,0.301191729268454,1,1,0.272591662813773,NA,0.4505723780229,0,0.0184219679319088,NA,0.0424719513576706,0,0.142909932646398,0.187887012036928,0.0174476778891533,0.598814070351759,1,"S4","signal",1000,1,0.0421424234553761,1.85202611292342,0,0,0,"none",0,33,1
0.580567941350813,0.308814596207165,1,1,0.168179975591013,NA,0.182190632633375,0,0.00510203089658641,NA,0.0348937753838154,0,0.0297223783930193,0.369139281012764,0.015052813975046,0.873743718592965,1,"S4","signal",1000,1,0.0421424234553761,0.854692769811175,0,0,0,"none",0,34,1
0.511518425241507,0.325324934623601,1,1,0.14253370530525,NA,0.388727130913753,0,0.050382154656471,NA,0.116240410592762,0,0.630896254623167,0.560720401042074,NA,1,1,"S4","signal",1000,1,0.0421424234553761,6.58656936599491,0,0,0,"none",0,35,1
0.628993221978112,0.312477073246327,1,1,0.905332835036194,NA,0.979277506452971,1,0.287192047068246,NA,0.311031458457783,0,0.448812693269148,0.380926840343352,0.00949693966217758,0.942472361809045,1,"S4","signal",1000,1,0.0421424234553761,1.79383732877851,0,0,0,"none",0,36,1
0.525877399137303,0.277363993728621,1,1,0.754684312809584,NA,0.926109433078073,0,0.0834348181691864,NA,0.122852394289711,0,0.476959767701776,0.12486175659274,0.0234974615611825,0.657231155778894,1,"S4","signal",1000,1,0.0421424234553761,2.09128919625912,0,0,0,"none",0,37,1
0.523132735480898,0.278140860298582,1,1,0.731348794644771,NA,0.959813538710457,1,0.0694066673774539,NA,0.106400527246446,0,0.890507767742166,0.271383069989336,0.00496684665674561,0.972120603015075,1,"S4","signal",1000,1,0.0421424234553761,2.64064216461008,0,0,0,"none",0,38,1
0.580361390326314,0.286251424314538,1,1,0.885536981501848,NA,0.93206195233273,0,0.699747600967788,NA,0.623556264057887,1,0.835196311839063,0.338307754298381,0.00731673051535605,0.979547738693467,1,"S4","signal",1000,1,0.0421424234553761,1.49133520261241,0,0,0,"none",0,39,1
0.518634280727328,0.284712062617084,1,1,0.711735505044046,NA,0.978948688498506,1,0.385322477846917,NA,0.47281618378194,0,0.901751379741813,0.223995047927079,0.00950456954258168,0.966718592964824,1,"S4","signal",1000,1,0.0421424234553761,4.12150925645212,0,0,0,"none",0,40,1
0.538790075435203,0.294146020167907,1,1,0.414391912324078,NA,0.774208650592092,0,0.238988484311498,NA,0.341029994673966,0,0.552162685598261,0.53935088199552,0.000483787997876105,0.999173366834171,1,"S4","signal",1000,1,0.0421424234553761,3.77210925947759,0,0,0,"none",0,41,1
0.564750259194123,0.334666234564584,1,1,0.44121875814467,NA,0.754695640434091,0,0.0880182716277565,NA,0.136561179498193,0,0.515060514648841,0.0847181499048214,0.017968377943412,0.613670854271357,1,"S4","signal",1000,1,0.0421424234553761,2.47414236146349,0,0,0,"none",0,42,1
0.551542303945037,0.315415303403382,1,1,0.34377023039773,NA,0.588582029769193,0,0.0197543472784593,NA,0.0487308518798449,0,0.0798725019008412,0.0151659812422057,0.0136360589666876,0.196537688442211,0,"S4","signal",1000,1,0.0421424234553761,2.79745695619836,0,0,0,"none",0,43,1
0.574762044382264,0.300524710318726,1,1,0.310045676109455,NA,0.604180597489792,0,0.114256974350665,NA,0.170976953396089,0,0.477625817267549,0.58693823584778,0.00185024480997187,0.997603015075377,1,"S4","signal",1000,1,0.0421424234553761,2.84581835483329,0,0,0,"none",0,44,1
0.527082495770647,0.284260967547107,1,1,0.150808001052205,NA,0.322983656796233,0,0.0274398290168868,NA,0.0675835546111628,0,0.0681490239697786,0.0651395173895286,0.0117814210134935,0.277997487437186,0,"S4","signal",1000,1,0.0421424234553761,2.36340839584124,0,0,0,"none",0,45,1
0.547188261464963,0.285864707687568,1,1,0.517779271733007,NA,0.685834254986669,0,2.6035314508163e-05,NA,0.0325488501121328,0,0.330807595781702,0.143559896000835,0.018837441062887,0.558319095477387,1,"S4","signal",1000,1,0.0421424234553761,1.32872519264432,0,0,0,"none",0,46,1
0.499512115428611,0.325660669135936,1,1,0.0064208373652725,NA,0.00800934558641475,0,0.000498331196683721,NA,0.0324236503040459,0,0.428914593613842,0.324248432072968,0.0150180267719301,0.844786432160804,1,"S4","signal",1000,1,0.0421424234553761,0.461370904151417,0,0,0,"none",0,47,1
0.56334429048043,0.308403372662051,1,1,0.263860441263599,NA,0.580424545015639,0,0.037251535232244,NA,0.085816368379332,0,0.137468957235232,0.393064411164398,0.0102717716303366,0.918515075376884,1,"S4","signal",1000,1,0.0421424234553761,3.0257097398504,0,0,0,"none",0,48,1
0.531646682269947,0.300472977510588,1,1,0.774523347147108,NA,0.930874431656763,0,0.301858727769746,NA,0.309104986121955,0,0.465839244665683,0.294359586884754,0.0183609214107599,0.842542713567839,1,"S4","signal",1000,1,0.0421424234553761,1.73759679123401,0,0,0,"none",0,49,1
0.499026218747887,0.292512048510045,1,1,1.07836786608127,NA,0.987189384358022,1,0.561815514432091,NA,0.529288559397365,1,0.426951188289172,0.123456250797954,0.0215096014158349,0.624268844221106,1,"S4","signal",1000,1,0.0421424234553761,1.38220133915143,0,0,0,"none",0,50,1
0.490367001816922,0.292956322164862,1,1,0.17694549270668,NA,0.245490576481497,0,-0.0083101078395143,NA,0.0353768125240007,0,0.231407427679755,0.353475596300757,0.0132560357037053,0.887743718592965,1,"S4","signal",1000,1,0.0421424234553761,0.954787345914174,0,0,0,"none",0,51,1
0.511655441176445,0.307450052716239,1,1,0.363154602809713,NA,0.657132348391442,0,0.0291291304133414,NA,0.0663282158059927,0,0.0513396213747728,0.0310273525420633,0.0102458008437533,0.21151256281407,0,"S4","signal",1000,1,0.0421424234553761,2.20171218704144,0,0,0,"none",0,52,1
0.554976729366974,0.301811188870536,1,1,0.787264279396192,NA,0.949235612212158,0,0.189408457835999,NA,0.218942239303603,0,0.704033398422139,0.361101663665416,0.0125345072546586,0.948266331658291,1,"S4","signal",1000,1,0.0421424234553761,2.05893234290198,0,0,0,"none",0,53,1
0.537091564998419,0.293814082031684,1,1,0.23429170912171,NA,0.419711835717768,0,0.143920845614094,NA,0.183285433220231,0,0.544172655647754,0.418386338901582,0.00498503802064311,0.989414572864322,1,"S4","signal",1000,1,0.0421424234553761,3.6840443225111,0,0,0,"none",0,54,1
0.530094681414125,0.280739414665503,1,1,1.02998982580205,NA,0.993250793926598,1,0.942645678485587,NA,0.878429423375403,1,0.830825919659488,0.222922302913559,0.0110293727911027,0.905236180904523,1,"S4","signal",1000,1,0.0421424234553761,1.69502095093082,0,0,0,"none",0,55,1
0.530987868379927,0.284245851453064,1,1,0.58866980962377,NA,0.974277647030894,1,0.216288561261313,NA,0.297617698649728,0,0.763758870686769,0.404038583364688,0.00231756787776772,0.995291457286432,1,"S4","signal",1000,1,0.0421424234553761,5.82629562849414,0,0,0,"none",0,56,1
0.527384270142556,0.304700787945033,1,1,0.262279253503199,NA,0.566763009555566,0,0.0136117098417219,NA,0.0443861842008385,0,0.428799702291558,0.258294798491287,0.0186669002609466,0.842221105527638,1,"S4","signal",1000,1,0.0421424234553761,2.88052532850489,0,0,0,"none",0,57,1
0.597972132130982,0.305741831110171,1,1,0.672078859109237,NA,0.864066803311104,0,0.0554261978490971,NA,0.0848958047118096,0,0.555487091266184,0.35608297176875,0.012447244723729,0.929502512562814,1,"S4","signal",1000,1,0.0421424234553761,1.0335409866848,0,0,0,"none",0,58,1
0.489166173291503,0.300959092688122,1,1,0.347746072808827,NA,0.595103710937274,0,0.0657738594074936,NA,0.0953449057673817,0,0.132746605576969,0.166149920739178,0.0131365730096147,0.484494974874372,0,"S4","signal",1000,1,0.0421424234553761,1.91099818797853,0,0,0,"none",0,59,1
0.540714484117679,0.296678192454187,1,1,0.529718272704108,NA,0.863106794651375,0,0.187461623628421,NA,0.2520766748275,0,0.422089304201618,0.237841773010112,0.0198320170077758,0.796253768844221,1,"S4","signal",1000,1,0.0421424234553761,3.03132014258425,0,0,0,"none",0,60,1
0.527285193143049,0.331111177609863,1,1,1.20956180215521,NA,0.99807733380384,1,1.1943109334168,NA,0.907512293513069,1,1.32795230944427,0.428919473606413,NA,1,1,"S4","signal",1000,1,0.0421424234553761,2.43013841798985,0,0,0,"none",0,61,1
0.557613467843954,0.288792767815858,1,1,0.104273058804863,NA,0.218957048574762,0,0.0239905209555367,NA,0.0649926173084312,0,0.123421996367704,0.0461042473502381,0.0114206352284998,0.28893216080402,0,"S4","signal",1000,1,0.0421424234553761,1.25547406920488,0,0,0,"none",0,62,1
0.558612886841449,0.277917743268097,1,1,0.582150071458496,NA,0.868965074605756,0,0.331542353448471,NA,0.325242755017218,0,0.928811902521973,0.211056233418693,0.00932372839554998,0.934640703517588,1,"S4","signal",1000,1,0.0421424234553761,3.49278324776341,0,0,0,"none",0,63,1
0.535897097024688,0.315426729019211,1,1,0.0032358530811973,NA,0.00623779451242867,0,-0.00385606245691295,NA,0.0337120942687507,0,0.166971240932296,0.281464311815732,0.0176582082672849,0.798736180904523,1,"S4","signal",1000,1,0.0421424234553761,1.99732996046698,0,0,0,"none",0,64,1
0.491629358976022,0.300919879551628,1,1,0.826831145474167,NA,0.807097918029329,0,0.497535273202702,NA,0.324488796382338,0,0.100348985665461,0.181901175080578,0.0170528942609597,0.594575376884422,1,"S4","signal",1000,1,0.0421424234553761,0.43325694755274,0,0,0,"none",0,65,1
0.566581390697139,0.324235294424352,1,1,0.513988240513935,NA,0.683413734312827,0,0.124407054103402,NA,0.151537480617373,0,0.413802856145402,0.278552483674477,0.0152666259540714,0.791959798994975,1,"S4","signal",1000,1,0.0421424234553761,1.30435964469216,0,0,0,"none",0,66,1
0.571405845607204,0.310722190561574,1,1,-0.130908640068114,NA,0.207639624375552,0,0.0385758419121217,NA,0.0682063675524628,0,0.529652136257104,0.277264853037657,0.0159990469917785,0.816600502512563,1,"S4","signal",1000,1,0.0421424234553761,1.25641371640727,0,0,0,"none",0,67,1
0.536306995923598,0.292044499283778,1,1,0.036147603876808,NA,0.0813774668611138,0,0.00318561514644625,NA,0.0335016511143327,0,0.156194435354868,0.329818602909488,0.0174433682334196,0.763902010050251,1,"S4","signal",1000,1,0.0421424234553761,3.56075136653663,0,0,0,"none",0,68,1
0.523538867658867,0.281740864832537,1,1,0.469331829091724,NA,0.809848699133326,0,0.10338446554977,NA,0.154042241474317,0,0.0863395240889423,0.0503499648294886,0.0109325863928651,0.242625628140704,0,"S4","signal",1000,1,0.0421424234553761,2.12265050079656,0,0,0,"none",0,69,1
0.587652283048825,0.310052330266168,1,1,0.610203217674767,NA,0.905538044851308,0,0.0665232272797801,NA,0.105530741607157,0,0.340568816531328,0.210878870622604,0.0224566896286866,0.659520100502513,1,"S4","signal",1000,1,0.0421424234553761,2.6692202593497,0,0,0,"none",0,70,1
0.547629555830532,0.315078612468374,1,1,0.682318623114341,NA,0.92339680016057,0,0.117113910717347,NA,0.156488004176963,0,0.420103871799561,-0.0207673532246305,0.018972670397652,0.465263819095477,0,"S4","signal",1000,1,0.0421424234553761,1.20445483727311,0,0,0,"none",0,71,1
0.532996777741938,0.321958781877864,1,1,0.303838559973261,NA,0.556401368861924,0,0.0153546948357803,NA,0.0450514914297293,0,0.218887128720231,0.204337253055195,0.0206488085496587,0.747806532663317,1,"S4","signal",1000,1,0.0421424234553761,2.3367972432598,0,0,0,"none",0,72,1
0.52518292000947,0.269910404266569,1,1,-0.200323382539688,NA,0.255627359007617,0,0.0313692270285865,NA,0.054315846890537,0,0.159175804455726,0.116955446240957,0.0189581492854982,0.494964824120603,0,"S4","signal",1000,1,0.0421424234553761,0.605765416441378,0,0,0,"none",0,73,1
0.520626333086616,0.280264983967888,1,1,0.651446279327757,NA,0.845885009975801,0,0.34291710050453,NA,0.34754631068593,0,0.564334787328583,0.109225562084051,0.0146425164676146,0.751341708542714,1,"S4","signal",1000,1,0.0421424234553761,3.17739548223673,0,0,0,"none",0,74,1
0.533292398097723,0.2867289500881,1,1,0.750020032129458,NA,0.938845211972017,0,0.232219749012955,NA,0.273379782831167,0,0.545095522583649,0.459549914812625,0.00468344533161639,0.989552763819096,1,"S4","signal",1000,1,0.0421424234553761,2.67236401996546,0,0,0,"none",0,75,1
0.508108081670739,0.290972499863621,1,1,0.326951099709228,NA,0.605031988447375,0,0.0714387886885753,NA,0.110880778257156,0,0.331636026513299,0.134112567039582,0.0232470702769511,0.582670854271357,1,"S4","signal",1000,1,0.0421424234553761,2.09700637544633,0,0,0,"none",0,76,1
0.583779590538284,0.303292701845634,1,1,0.462571402358475,NA,0.528733823818229,0,0.0428512434751218,NA,0.0699913921325966,0,0.628887518849521,0.0572355135250048,0.0198797654764474,0.629545226130653,1,"S4","signal",1000,1,0.0421424234553761,1.22234118660936,0,0,0,"none",0,77,1
0.566071963874923,0.303047759538657,1,1,-0.0877410689837458,NA,0.108489280217821,0,0.000524987798740811,NA,0.0404911998801487,0,0.802676795285467,0.365118153502868,0.0122497203920953,0.911683417085427,1,"S4","signal",1000,1,0.0421424234553761,0.982560597384281,0,0,0,"none",0,78,1
0.5559948839532,0.312698913945864,1,1,0.455188728141186,NA,0.820239245250133,0,0.0170683086759906,NA,0.048796406594717,0,0.0781726983348768,0.032676394175161,0.00977086752202337,0.212811557788945,0,"S4","signal",1000,1,0.0421424234553761,1.88424218000004,0,0,0,"none",0,79,1
0.502276128861367,0.317646933999178,1,1,0.726248842101556,NA,0.87833206003248,0,0.0693424717983979,NA,0.0988890913154205,0,0.335793508313378,0.517425291743787,0.00251582140404166,0.992263819095477,1,"S4","signal",1000,1,0.0421424234553761,0.998178255484866,0,0,0,"none",0,80,1
0.527861926563917,0.310324963827588,1,1,0.63488196326525,NA,0.745228582489925,0,0.00690618934904645,NA,0.0357471045682746,0,0.396611609845918,0.231656896306842,0.0233081847340296,0.681324120603015,1,"S4","signal",1000,1,0.0421424234553761,1.20277418858948,0,0,0,"none",0,81,1
0.512969986587455,0.293796102253829,1,1,0.749356078208945,NA,0.949441448819004,0,0.174913123833948,NA,0.244851328424244,0,0.273286116975611,0.120011093074702,0.0189815522424886,0.582751256281407,1,"S4","signal",1000,1,0.0421424234553761,1.998405766846,0,0,0,"none",0,82,1
0.515052038617368,0.283928151222577,1,1,0.544512398539105,NA,0.90297262586716,0,0.125171138773889,NA,0.191359810325505,0,0.434035656500616,0.157723708188305,0.0159336654440296,0.679301507537688,1,"S4","signal",1000,1,0.0421424234553761,2.84636048743046,0,0,0,"none",0,83,1
0.532566856231278,0.309561781510633,1,1,0.60553525720101,NA,0.849747039037249,0,0.0317257450750153,NA,0.0639824304179398,0,0.417797140500421,0.046993299219295,0.0185198334777133,0.518768844221105,1,"S4","signal",1000,1,0.0421424234553761,1.81615633528735,0,0,0,"none",0,84,1
0.600865765714765,0.293383495308135,1,1,0.607477697616675,NA,0.850341296654844,0,0.0136496639047342,NA,0.0421684472635655,0,0.148628203229609,0.0552617172322872,0.0124822353197303,0.315610552763819,0,"S4","signal",1000,1,0.0421424234553761,2.3375527943554,0,0,0,"none",0,85,1
0.529742096197272,0.305289269008577,1,1,0.857115376856976,NA,0.931803556605298,0,0.0854052854323121,NA,0.113054196622756,0,0.319530871178027,0.126075462157215,0.0173328405132372,0.518047738693467,1,"S4","signal",1000,1,0.0421424234553761,1.66220749813453,0,0,0,"none",0,86,1
0.476656973205173,0.279808621030989,1,1,0.295058299617415,NA,0.7042537207062,0,0.0246297686428673,NA,0.0662278756716789,0,0.073298827241868,0.0146567001602937,0.0090040432014817,0.19386432160804,0,"S4","signal",1000,1,0.0421424234553761,4.78929259506703,0,0,0,"none",0,87,1
0.508831769787892,0.266920001921411,1,1,0.74663241050319,NA,0.920123820913401,0,0.00270884743660051,NA,0.0327473466290513,0,0.529938295010715,0.29115532745167,0.0125922417772447,0.88779648241206,1,"S4","signal",1000,1,0.0421424234553761,1.71644645733592,0,0,0,"none",0,88,1
0.535431184802511,0.291875071158805,1,1,1.0599577442826,NA,0.959211236477048,1,0.559450134965697,NA,0.483692288691423,0,0.168534803132743,0.0675460830259472,0.0126767960852363,0.336429648241206,0,"S4","signal",1000,1,0.0421424234553761,1.10103864051223,0,0,0,"none",0,89,1
0.46316956323487,0.286966418505616,1,1,0.00443428052218794,NA,0.00850505639928056,0,0.00691249915083772,NA,0.0376315967432697,0,0.0897496057053768,0.155757138419076,0.0140205546460316,0.445108040201005,0,"S4","signal",1000,1,0.0421424234553761,1.66182170230234,0,0,0,"none",0,90,1
0.564039731172385,0.290069653268377,1,1,0.284590831274264,NA,0.455844653377668,0,0.0226889139254542,NA,0.0493439637890146,0,0.377948186282929,0.327167763082681,0.0217234362926433,0.81644472361809,1,"S4","signal",1000,1,0.0421424234553761,1.29064126014836,0,0,0,"none",0,91,1
0.563996348245768,0.297748598167449,1,1,0.654228768730677,NA,0.730066250271529,0,0.179123071122224,NA,0.192727289275772,0,0.354043041494237,0.169375308018842,0.0163009663429293,0.621773869346734,1,"S4","signal",1000,1,0.0421424234553761,0.856391578505423,0,0,0,"none",0,92,1
0.46240347214124,0.294085938528472,1,1,0.357340009934435,NA,0.73785324990793,0,0.0387505381132269,NA,0.0785433117190488,0,0.434592472493208,0.0832719701955836,0.0170650156598331,0.65137688442211,1,"S4","signal",1000,1,0.0421424234553761,4.6446066657207,0,0,0,"none",0,93,1
0.563007950160302,0.293782830200425,1,1,0.281622063374186,NA,0.493326395957912,0,0.0535293518486127,NA,0.0810752870513094,0,0.210051569988823,0.146251178373115,0.0196352121452579,0.54921608040201,1,"S4","signal",1000,1,0.0421424234553761,1.73780975671114,0,0,0,"none",0,94,1
0.514434008635147,0.292789417599337,1,1,1.25104674131597,NA,0.958867423729981,1,0.92562452604283,NA,0.675895274057277,1,0.633748533702342,0.211951758214788,0.0185365449316424,0.77871608040201,1,"S4","signal",1000,1,0.0421424234553761,0.830610838220812,0,0,0,"none",0,95,1
0.532376134542719,0.328750793235033,1,1,0.0111708175085443,NA,0.0142620723347945,0,0.114027142739938,NA,0.144633418147043,0,0.622113523275286,0.458102785364102,0.00694424414527332,0.968711055276382,1,"S4","signal",1000,1,0.0421424234553761,1.87841134085143,0,0,0,"none",0,96,1
0.592978937941673,0.268454949712865,1,1,0.958945546310596,NA,0.868034348086704,0,0.593391270266213,NA,0.435975074264543,0,0.307120738968419,0.117793134938497,0.0223060950727811,0.520075376884422,1,"S4","signal",1000,1,0.0421424234553761,0.71532293635238,0,0,0,"none",0,97,1
0.573633337779214,0.312619605315972,1,1,0.734651504778849,NA,0.897951137614121,0,0.236694226815662,NA,0.26875906759239,0,0.488002061336918,0.23910323411248,0.0217304591489696,0.798133165829146,1,"S4","signal",1000,1,0.0421424234553761,2.00186667987164,0,0,0,"none",0,98,1
0.508052991483466,0.288614542990563,1,1,0.495427695065138,NA,0.710751353546326,0,0.0947621303798302,NA,0.127588918133574,0,0.334466231432408,0.405944987456576,0.0134169486076858,0.910879396984925,1,"S4","signal",1000,1,0.0421424234553761,1.40647033521336,0,0,0,"none",0,99,1
0.543720169932827,0.323993997142497,1,1,0.503436478198762,NA,0.822219362499113,0,0.0947064116590028,NA,0.143020144939353,0,0.379539749531921,0.269799207004951,0.0138097045013367,0.891947236180905,1,"S4","signal",1000,1,0.0421424234553761,2.48153682564227,0,0,0,"none",0,100,1
0.545019574494402,0.288549707356882,1,1,0.0942265897601085,NA,0.281387705170313,0,0.0175183952523438,NA,0.0628778031836961,0,0.0360510044511565,0.0784831175375719,0.0094564671806564,0.28978391959799,0,"S4","signal",1000,2,0.0595983868018629,5.91173681270184,0,0,0,"none",0,1,1
0.532472936223818,0.323495226174862,1,1,0.514019521657497,NA,0.963698123716741,1,0.316602829029396,NA,0.530848273688529,1,0.267265495047382,0.0938085311661182,0.0169785728809981,0.583077889447236,1,"S4","signal",1000,2,0.0595983868018629,8.36905878971658,0,0,0,"none",0,2,1
0.516718937564146,0.284118677448207,1,1,0.172213835396197,NA,0.388509453445065,0,0.0253180032179826,NA,0.0603612211800665,0,0.0831747767169466,0.0395894076543753,0.00964296181221169,0.243025125628141,0,"S4","signal",1000,2,0.0595983868018629,2.79779173350327,0,0,0,"none",0,3,1
0.555559439902074,0.314483967212774,1,1,-0.238145823473461,NA,0.329639187525017,0,0.00219158829029526,NA,0.0333942756803646,0,-0.0778884797205672,0.083536464309513,0.0143197490786573,0.365871859296482,0,"S4","signal",1000,2,0.0595983868018629,2.31803741193018,0,0,0,"none",0,4,1
0.648657201947078,0.29243892085121,1,1,1.1705247597569,NA,0.997486738001355,1,0.575879209155479,NA,0.534289018120241,1,1.02904198947144,0.299097304697373,0.00122437404977554,0.997030150753769,1,"S4","signal",1000,2,0.0595983868018629,2.6893588403489,0,0,0,"none",0,5,1
0.563449503263527,0.308024494182026,1,1,0.699956570626854,NA,0.974713266272558,1,0.368721599160477,NA,0.455043287457587,0,0.769082141078799,0.510374179110606,0.000628156486542195,0.999371859296482,1,"S4","signal",1000,2,0.0595983868018629,4.6053744922436,0,0,0,"none",0,6,1
0.53095430027955,0.293020812776489,1,1,0.568741945542123,NA,0.881293038974828,0,0.101745689886698,NA,0.162005906696883,0,0.183874081301347,0.0762748403757458,0.01456744902407,0.447610552763819,0,"S4","signal",1000,2,0.0595983868018629,3.19362084321966,0,0,0,"none",0,7,1
0.569620956053185,0.338281355554396,1,1,0.0355066192435374,NA,0.0654862027784964,0,-0.0317448593359567,NA,0.0513521082157574,0,0.124091886515912,0.194409713324418,0.0195645347723964,0.694889447236181,1,"S4","signal",1000,2,0.0595983868018629,1.54339351314857,0,0,0,"none",0,8,1
0.52274502458283,0.338838633280191,1,1,0.794575575602383,NA,0.963346386756809,1,0.499920568579435,NA,0.549537641766128,1,0.915044112918627,0.189155517398022,0.0149794128803751,0.913017587939698,1,"S4","signal",1000,2,0.0595983868018629,2.13454643213252,0,0,0,"none",0,9,1
0.523401942889382,0.262127754208307,1,1,0.377678810852862,NA,0.777486270832756,0,0.0324107569438958,NA,0.0675005513518153,0,0.991777767644385,0.141216557091675,0.00625410309116181,0.984459798994975,1,"S4","signal",1000,2,0.0595983868018629,5.51739325962837,0,0,0,"none",0,10,1
0.553608427851068,0.295425276221261,1,1,0.601279628533655,NA,0.84601023532971,0,0.195729768808882,NA,0.267758366590337,0,0.563604646556404,0.494572927243078,0.00494123574360897,0.990190954773869,1,"S4","signal",1000,2,0.0595983868018629,2.66797773608454,0,0,0,"none",0,11,1
0.475153503143415,0.304853201881055,1,1,0.263438088066809,NA,0.743885623289772,0,0.0490827503687546,NA,0.12419378096576,0,0.149879969468618,0.305106564828804,0.016637565173662,0.85636432160804,1,"S4","signal",1000,2,0.0595983868018629,6.15243140301959,0,0,0,"none",0,12,1
0.545494451154874,0.307391125084001,1,1,0.479067114597931,NA,0.905557286466863,0,0.0985883039277045,NA,0.179197491438423,0,0.674357077579016,0.47141799577518,NA,1,1,"S4","signal",1000,2,0.0595983868018629,4.8015496025816,0,0,0,"none",0,13,1
0.520941850970828,0.324394049772685,1,1,0.660347663433879,NA,0.948380267543223,0,0.102973943869075,NA,0.140963027961274,0,0.846557615133608,0.52382164413573,NA,1,1,"S4","signal",1000,2,0.0595983868018629,2.69793974814124,0,0,0,"none",0,14,1
0.499743168373182,0.306256224507809,1,1,0.320605230578441,NA,0.718582792173946,0,0.0213144762169985,NA,0.0601243963343292,0,0.377401032976897,0.270085958483093,0.01360319664582,0.806658291457286,1,"S4","signal",1000,2,0.0595983868018629,5.26708662820126,0,0,0,"none",0,15,1
0.547966650656973,0.294671536141212,1,1,0.779673583509087,NA,0.981053775749739,1,0.253688845630407,NA,0.315719675005187,0,0.389436358879691,0.164564506863514,0.0167108539791271,0.67314824120603,1,"S4","signal",1000,2,0.0595983868018629,3.55941278472112,0,0,0,"none",0,16,1
0.559896617694884,0.303134097399634,1,1,0.160819366595485,NA,0.408094132596428,0,0.00389528564806026,NA,0.0341579649094756,0,0.326745170766987,0.227723956620295,0.0197739464172304,0.717268844221105,1,"S4","signal",1000,2,0.0595983868018629,3.23994387184041,0,0,0,"none",0,17,1
0.584390264876759,0.302397615061082,1,1,0.291860863044109,NA,0.570140190259894,0,0.0141664752489238,NA,0.0441983368222196,0,0.450446639346259,0.298225402922755,0.0108537159803478,0.82478391959799,1,"S4","signal",1000,2,0.0595983868018629,3.01284122287891,0,0,0,"none",0,18,1
0.57007378299954,0.28235249911911,1,1,0.379861583853882,NA,0.745035681278432,0,0.0438920881930655,NA,0.0851688543626162,0,0.160407480352344,-0.0269228429607453,0.01320504166739,0.302226130653266,0,"S4","signal",1000,2,0.0595983868018629,3.66814292576062,0,0,0,"none",0,19,1
0.510788119226963,0.292523795360914,1,1,0.0733853263494625,NA,0.193036613541332,0,0.00747316668616474,NA,0.0426517758502518,0,0.207162972914075,0.0275755044189866,0.0144007758834097,0.367359296482412,0,"S4","signal",1000,2,0.0595983868018629,5.22048039170645,0,0,0,"none",0,20,1
0.511932014951041,0.294273024865175,1,1,0.253010031548577,NA,0.558506745989285,0,0.0266831826487258,NA,0.0615726533165567,0,0.217632640665374,0.164404964060026,0.0166728818400789,0.611942211055276,1,"S4","signal",1000,2,0.0595983868018629,3.22353088473735,0,0,0,"none",0,21,1
0.525722813217204,0.306342480724715,1,1,0.414930716217862,NA,0.873889929732223,0,0.0280679624437157,NA,0.0687771677337304,0,0.376803549080209,0.186138643107776,0.016234546870168,0.783886934673367,1,"S4","signal",1000,2,0.0595983868018629,6.02196256614935,0,0,0,"none",0,22,1
0.473474179483092,0.281361182856897,1,1,0.477273360000759,NA,0.821798638300593,0,0.0262442333346373,NA,0.0566867112428655,0,1.09804911312795,0.383099364543666,0.000761466192209815,0.998979899497487,1,"S4","signal",1000,2,0.0595983868018629,1.78894297598879,0,0,0,"none",0,23,1
0.594583201548513,0.284174076385767,1,1,0.17112969960681,NA,0.371003807216414,0,0.0127405623319955,NA,0.0447271857930855,0,0.0128101146950098,0.00587531063189985,0.00501611365393636,0.111884422110553,0,"S4","signal",1000,2,0.0595983868018629,2.93351767469445,0,0,0,"none",0,24,1
0.593885883493482,0.31297112396131,1,1,0.531940141372437,NA,0.910731118592068,0,0.0959583938462452,NA,0.161011506115618,0,0.639624134317421,0.624941965897871,0.000148244930823959,0.99985175879397,1,"S4","signal",1000,2,0.0595983868018629,3.48226515380031,0,0,0,"none",0,25,1
0.532634828798671,0.297267064933864,1,1,0.457307571026062,NA,0.909149749901616,0,0.0640963167257207,NA,0.124358053460078,0,0.497339237074327,0.295904009334852,0.0124076441921576,0.928158291457286,1,"S4","signal",1000,2,0.0595983868018629,6.05106071730528,0,0,0,"none",0,26,1
0.510447203148524,0.28584037233662,1,1,0.576526643993707,NA,0.891920947378749,0,0.081494562675814,NA,0.136401580595076,0,0.563578077305062,0.383878650932882,0.0124754469528559,0.932201005025126,1,"S4","signal",1000,2,0.0595983868018629,2.99898094366438,0,0,0,"none",0,27,1
0.591022153244051,0.324836053042281,1,1,0.24575883813959,NA,0.531507247671636,0,0.00527414477285309,NA,0.0348552814196056,0,-0.0494530197897372,0.499693818587857,0.00816808437049284,0.977391959798995,1,"S4","signal",1000,2,0.0595983868018629,2.80426518533091,0,0,0,"none",0,28,1
0.521079657923481,0.337565839274366,1,1,0.47095224787844,NA,0.917180623370235,0,0.197111803212429,NA,0.299778876149843,0,0.386173250730373,0.113346643434467,0.0215708336179343,0.640680904522613,1,"S4","signal",1000,2,0.0595983868018629,5.64478059803583,0,0,0,"none",0,29,1
0.533191059683381,0.301754051098428,1,1,0.500341005196864,NA,0.853799696597818,0,0.0203406647209418,NA,0.0521300326473341,0,0.204685710281371,0.243412331275268,0.01954991142854,0.78121608040201,1,"S4","signal",1000,2,0.0595983868018629,2.74100107051929,0,0,0,"none",0,30,1
0.496454652233173,0.319312358279741,1,1,0.406408035985543,NA,0.903312983450059,0,0.0839024585929255,NA,0.169826213568005,0,0.174040827263652,0.104410223669505,0.0177716665057196,0.52629648241206,1,"S4","signal",1000,2,0.0595983868018629,7.78113062630582,0,0,0,"none",0,31,1
0.546434308244487,0.333855880638043,1,1,0.690135976353392,NA,0.884259918902783,0,0.0262186040031982,NA,0.0493616378563651,0,0.837021353404856,0.528192531474971,0.00840662819301574,0.96851256281407,1,"S4","signal",1000,2,0.0595983868018629,1.39728260268778,0,0,0,"none",0,32,1
0.495594942281966,0.306844377222085,1,1,0.410736438320376,NA,0.67613375903178,0,0.0173884035304281,NA,0.0506357817177963,0,0.149272842977195,0.0808133376933142,0.0168145589462116,0.430731155778894,0,"S4","signal",1000,2,0.0595983868018629,1.82494163491368,0,0,0,"none",0,33,1
0.5032509745808,0.330876940209449,1,1,0.0517622415556069,NA,0.135915417593343,0,0.00136692210388886,NA,0.032708019220455,0,0.0378876463457422,0.038792648004561,0.00757551807277642,0.213959798994975,0,"S4","signal",1000,2,0.0595983868018629,4.11619515791351,0,0,0,"none",0,34,1
0.527554436371166,0.304641513755813,1,1,0.593773930807368,NA,0.955591156624435,1,0.161162193207956,NA,0.240289707203222,0,0.486851342584048,0.253015389732697,0.0112172229071355,0.896914572864322,1,"S4","signal",1000,2,0.0595983868018629,4.83125183667625,0,0,0,"none",0,35,1
0.55960283933204,0.292762332717795,1,1,0.262103655719536,NA,0.511046749919514,0,0.0279406335733928,NA,0.0631875183732296,0,0.327206369079846,0.264001318001834,0.0152794138768216,0.749907035175879,1,"S4","signal",1000,2,0.0595983868018629,2.56154435082797,0,0,0,"none",0,36,1
0.497765940576845,0.303808802331863,1,1,0.283705835961386,NA,0.558732385640191,0,0.123028227821716,NA,0.183776338119689,0,0.565679778065479,0.226593984862073,0.0190774964785979,0.714625628140704,1,"S4","signal",1000,2,0.0595983868018629,1.78690909701959,0,0,0,"none",0,37,1
0.54794699527361,0.299558507042615,1,1,0.708777731068556,NA,0.95227535095918,1,0.135711701938911,NA,0.165733785008791,0,0.779851968514756,0.569977523648129,0.00315128701569419,0.995806532663317,1,"S4","signal",1000,2,0.0595983868018629,3.05000776239716,0,0,0,"none",0,38,1
0.62606447635323,0.273898499430351,1,1,0.804925192043195,NA,0.986035251108424,1,0.739900946154346,NA,0.698230089454528,1,0.531127991280601,0.111761487794207,0.0190783222473952,0.718417085427136,1,"S4","signal",1000,2,0.0595983868018629,4.05475635649233,0,0,0,"none",0,39,1
0.568940559223129,0.305194163140956,1,1,0.415346045666748,NA,0.783265932159722,0,0.0347275925674366,NA,0.0744534992862395,0,0.627524437845938,0.363801783942485,0.0105901914560217,0.967386934673367,1,"S4","signal",1000,2,0.0595983868018629,3.49223878803832,0,0,0,"none",0,40,1
0.590911693687157,0.31866032702876,1,1,0.269981353104255,NA,0.548315992534177,0,0.0461075700737063,NA,0.0940061333430905,0,0.475192506948826,0.452187878060081,0.00683228412733246,0.96740703517588,1,"S4","signal",1000,2,0.0595983868018629,3.82486743057916,0,0,0,"none",0,41,1
0.554967918436916,0.293108835631646,1,1,0.555976106980958,NA,0.984928793499128,1,0.408886456087017,NA,0.639356418854436,1,0.616716794782857,0.389765294144235,0.001337718226112,0.99851256281407,1,"S4","signal",1000,2,0.0595983868018629,7.81798159253343,0,0,0,"none",0,42,1
0.531580844979948,0.30618254991518,1,1,-0.0464763053121164,NA,0.0642972544822148,0,0.00416653772238671,NA,0.0374129746400646,0,0.151055760543319,0.0260811915872362,0.00904539671550823,0.267087939698492,0,"S4","signal",1000,2,0.0595983868018629,1.0985305384356,0,0,0,"none",0,43,1
0.504379997759783,0.26844106574174,1,1,0.407719121508462,NA,0.707714229207523,0,0.212515740930966,NA,0.301461751778696,0,0.620008731157379,0.370641678530539,0.0077157945310816,0.972278894472362,1,"S4","signal",1000,2,0.0595983868018629,4.42881859752167,0,0,0,"none",0,44,1
0.534515136801004,0.31852523795019,1,1,0.776964743044184,NA,0.987897136611812,1,0.825595591206737,NA,0.854574245051905,1,0.754027374574252,0.248830888305374,0.00717262734982401,0.968045226130653,1,"S4","signal",1000,2,0.0595983868018629,4.56287242983452,0,0,0,"none",0,45,1
0.589912639137653,0.303779855928906,1,1,0.496316326415663,NA,0.864036988884293,0,0.0309881143532301,NA,0.073860956941031,0,0.636528157366952,0.48350806055718,0.0126763809278296,0.948417085427136,1,"S4","signal",1000,2,0.0595983868018629,3.13570084474415,0,0,0,"none",0,46,1
0.535092931581708,0.29054401524404,1,1,0.232324007267416,NA,0.481392057449092,0,0.0303350679719262,NA,0.0666892682138916,0,0.0403045944171148,0.00699739845190027,0.00591170037224794,0.157778894472362,0,"S4","signal",1000,2,0.0595983868018629,2.76357701777442,0,0,0,"none",0,47,1
0.575957827536844,0.286440474441394,1,1,0.620916787030287,NA,0.89844756636275,0,0.0719087255451905,NA,0.109003384061599,0,0.272705097136416,0.281766038920939,0.0138464379831157,0.873788944723618,1,"S4","signal",1000,2,0.0595983868018629,2.15987926988604,0,0,0,"none",0,48,1
0.521422683551083,0.31351229734409,1,1,0.526688106549052,NA,0.842344979167385,0,0.0324054530026265,NA,0.0664082182764404,0,0.533718415008543,0.416309919524561,0.0117766533623862,0.947266331658291,1,"S4","signal",1000,2,0.0595983868018629,2.71085199633783,0,0,0,"none",0,49,1
0.544964094124148,0.298722121107587,1,1,0.356927403651278,NA,0.43056163911867,0,0.00864631949903329,NA,0.0344620428624993,0,0.0431719053470678,0.493456272322196,0.00494396392619835,0.987472361809045,1,"S4","signal",1000,2,0.0595983868018629,0.502009020142352,0,0,0,"none",0,50,1
0.498637542748959,0.31580433910817,1,1,0.192084413491626,NA,0.400729038001148,0,0.0269594631401178,NA,0.0660378750053908,0,0.154902903185382,0.201036934927896,0.0186173573674792,0.564090452261306,1,"S4","signal",1000,2,0.0595983868018629,3.04606311295957,0,0,0,"none",0,51,1
0.538947059211636,0.279047032567979,1,1,0.182385780739098,NA,0.461850649879538,0,0.0839986075868849,NA,0.162231780950026,0,0.0765773461899807,0.132878232486175,0.0167291253169073,0.469243718592965,0,"S4","signal",1000,2,0.0595983868018629,3.97890041943843,0,0,0,"none",0,52,1
0.603023859492498,0.323345037824224,1,1,0.155644617659099,NA,0.417685473329813,0,0.0369009314835548,NA,0.0922386108392261,0,0.249002025560202,0.192653175561113,0.0235185503967507,0.632743718592965,1,"S4","signal",1000,2,0.0595983868018629,5.36135912362288,0,0,0,"none",0,53,1
0.515112232612033,0.297773329975342,1,1,0.0857698411281143,NA,0.212158665947338,0,0.00746799174541145,NA,0.0387455942686888,0,0.100790477974169,0.24016415081013,0.0161156516254327,0.635454773869347,1,"S4","signal",1000,2,0.0595983868018629,3.88754527945129,0,0,0,"none",0,54,1
0.506063661658325,0.323146059806683,1,1,0.255077897946813,NA,0.663144461461703,0,0.0177789314221095,NA,0.0553090759298865,0,0.460825163437778,0.407370441303756,0.00982045274334156,0.961819095477387,1,"S4","signal",1000,2,0.0595983868018629,5.88774155890004,0,0,0,"none",0,55,1
0.502630631103529,0.284292662444287,1,1,0.375071808752222,NA,0.699938139057191,0,0.0261348478030909,NA,0.0593723991111944,0,0.175997366696233,0.152710555038579,0.0121145347093469,0.529886934673367,1,"S4","signal",1000,2,0.0595983868018629,2.92787849746604,0,0,0,"none",0,56,1
0.552976345974744,0.318414390045583,1,1,0.806073908996171,NA,0.99416445637894,1,0.786899464325163,NA,0.857624694857857,1,0.908004723614058,0.208145577065994,0.00283961865868977,0.994108040201005,1,"S4","signal",1000,2,0.0595983868018629,6.69282657551129,0,0,0,"none",0,57,1
0.547366797449817,0.296595104131615,1,1,0.101078064714679,NA,0.196073214528052,0,0.00994643253598584,NA,0.0408689121460527,0,0.131504976409011,0.00609666884965144,0.0134676940567772,0.256434673366834,0,"S4","signal",1000,2,0.0595983868018629,2.0250037504014,0,0,0,"none",0,58,1
0.519175521257293,0.300480129548771,1,1,0.340736499466989,NA,0.536114141033509,0,0.0282337885420439,NA,0.055317540322358,0,0.342610119674331,0.346844969797563,0.0151015458597503,0.830429648241206,1,"S4","signal",1000,2,0.0595983868018629,1.14291694765736,0,0,0,"none",0,59,1
0.611483659727201,0.304827090674239,1,1,0.52446546050571,NA,0.748520133485478,0,0.0360439073743557,NA,0.0640796612728415,0,0.550965239686065,0.418722922328598,0.00303774853688536,0.991211055276382,1,"S4","signal",1000,2,0.0595983868018629,1.76946276272913,0,0,0,"none",0,60,1
0.571216292006694,0.300797847707522,1,1,0.19214428884147,NA,0.420974087892531,0,0.0113339779088393,NA,0.0403110853502288,0,0.112688712834815,0.0371148115459459,0.0108742415943816,0.277449748743719,0,"S4","signal",1000,2,0.0595983868018629,2.8690344626775,0,0,0,"none",0,61,1
0.527254973266251,0.286538638029706,1,1,0.276462834559248,NA,0.650495723996774,0,0.0198245452763979,NA,0.0550898136083628,0,0.315315464745311,0.501058459013334,0.00487831001490179,0.991281407035176,1,"S4","signal",1000,2,0.0595983868018629,4.01024988511928,0,0,0,"none",0,62,1
0.548340749501579,0.297939828691706,1,1,0.644346122343438,NA,0.938126066439748,0,0.20755017317131,NA,0.269889915938828,0,0.716358445075869,0.416909717808759,0.000190959571908843,0.999809045226131,1,"S4","signal",1000,2,0.0595983868018629,2.92103268268452,0,0,0,"none",0,63,1
0.517226509872454,0.297521573685701,1,1,0.800654339234028,NA,0.981935763778658,1,0.814164426132809,NA,0.865974231803099,1,0.553723122509412,0.120827307123083,0.0196213810467795,0.765806532663317,1,"S4","signal",1000,2,0.0595983868018629,3.68681279810609,0,0,0,"none",0,64,1
0.533736127655421,0.295337986575364,1,1,0.169344208001559,NA,0.539123510261035,0,0.0115310377940376,NA,0.0499425534877421,0,0.168177038495754,0.11811191616584,0.0145343615400998,0.458035175879397,0,"S4","signal",1000,2,0.0595983868018629,7.02698996729887,0,0,0,"none",0,65,1
0.52964327236491,0.29072438227369,1,1,0.185627188017847,NA,0.397013528102413,0,0.0359992538345457,NA,0.0781100941980983,0,0.458584768261897,0.424185959200803,0.00685360558034902,0.97479648241206,1,"S4","signal",1000,2,0.0595983868018629,2.00406466639257,0,0,0,"none",0,66,1
0.630024045522045,0.292713987482638,1,1,0.289028829680026,NA,0.617146354959719,0,0.00904434132619143,NA,0.0397815548070382,0,0.287368761967625,0.132391479321435,0.0143347576958171,0.625447236180904,1,"S4","signal",1000,2,0.0595983868018629,3.39400260005388,0,0,0,"none",0,67,1
0.544169186390762,0.29602735670817,1,1,0.432459466376487,NA,0.922267032333274,0,0.296264347799862,NA,0.468108329828627,0,0.50856266059588,0.359380391875743,0.00716348823042948,0.974949748743719,1,"S4","signal",1000,2,0.0595983868018629,5.94571240412367,0,0,0,"none",0,68,1
0.529628448462894,0.277048576849914,1,1,0.786658010555951,NA,0.984722005702593,1,0.190551580098147,NA,0.261582903381487,0,0.891850935690139,0.265300897735937,0.00622699622368368,0.976515075376884,1,"S4","signal",1000,2,0.0595983868018629,3.6707829425228,0,0,0,"none",0,69,1
0.532129162132927,0.26846830089734,1,1,0.4362461177438,NA,0.87771565614462,0,0.01540046868652,NA,0.0484914831622832,0,0.201407306845541,0.160140269982884,0.0193929707383949,0.542819095477387,1,"S4","signal",1000,2,0.0595983868018629,3.85455147638226,0,0,0,"none",0,70,1
0.534095191787124,0.295517964251769,1,1,0.58083305462725,NA,0.98733057000137,1,0.653599191393534,NA,0.905281578085608,1,0.660740012859542,0.48988025657564,NA,1,1,"S4","signal",1000,2,0.0595983868018629,6.93671171694558,0,0,0,"none",0,71,1
0.547787536239974,0.296327033314306,1,1,0.363475132390774,NA,0.719577663047128,0,0.0391327062008765,NA,0.0818704961662825,0,0.369978929771209,0.222595065027582,0.017754210006361,0.72462311557789,1,"S4","signal",1000,2,0.0595983868018629,4.29598615454168,0,0,0,"none",0,72,1
0.547267304403163,0.269156943640397,1,1,0.326022296501964,NA,0.65615394723999,0,0.063899277945974,NA,0.113142426855204,0,0.609922818038832,0.453025137983668,0.00595728473912468,0.9651608040201,1,"S4","signal",1000,2,0.0595983868018629,2.55453463855861,0,0,0,"none",0,73,1
0.504320281337215,0.251725251406543,1,1,0.106607039639184,NA,0.300240960435205,0,0.0194761082925298,NA,0.0633954130794578,0,0.0150107971143349,-0.011546800137084,0.00699111550063731,0.126899497487437,0,"S4","signal",1000,2,0.0595983868018629,5.29565754494872,0,0,0,"none",0,74,1
0.543998218696504,0.324063162165235,1,1,0.0583832885649072,NA,0.183247861737046,0,0.0021619747947698,NA,0.0332594659478839,0,0.301775307905386,0.50812286366986,0.00219352245100496,0.997806532663317,1,"S4","signal",1000,2,0.0595983868018629,5.76333019770819,0,0,0,"none",0,75,1
0.546387700477329,0.278538451671898,1,1,0.595225145049468,NA,0.908724712113383,0,0.0155070134764615,NA,0.0448025981658052,0,0.686207464930718,0.434992614792976,0.00968788412929877,0.947678391959799,1,"S4","signal",1000,2,0.0595983868018629,2.81791527078972,0,0,0,"none",0,76,1
0.462538199246869,0.258237476174612,1,1,0.138946612893597,NA,0.334510285454225,0,0.0212443303076945,NA,0.0590022625869063,0,0.583911601103354,0.308999959575592,0.0108700876532704,0.959447236180905,1,"S4","signal",1000,2,0.0595983868018629,3.16613805788034,0,0,0,"none",0,77,1
0.588579909813288,0.290908427083539,1,1,0.69884273595907,NA,0.969918629655224,1,0.118908989200138,NA,0.18279925593769,0,0.708946441320383,0.225293238224766,0.0137392210918213,0.857329145728643,1,"S4","signal",1000,2,0.0595983868018629,4.07647363252054,0,0,0,"none",0,78,1
0.53342525197896,0.300067437810293,1,1,0.554169827734075,NA,0.907479499332947,0,0.0512287369939152,NA,0.106368984218489,0,0.395248953744368,0.347420551611295,0.0128433630696982,0.920675879396985,1,"S4","signal",1000,2,0.0595983868018629,3.6985174731892,0,0,0,"none",0,79,1
0.517003184593452,0.274169556262079,1,1,-0.019911942658615,NA,0.034808494674345,0,0.00508945947777464,NA,0.0340491912719622,0,0.154388826892623,0.23404778984809,0.0162646517062343,0.713871859296482,1,"S4","signal",1000,2,0.0595983868018629,1.22083806158357,0,0,0,"none",0,80,1
0.580196069622745,0.298155636552287,1,1,0.579747233499363,NA,0.959092217896892,1,0.0339699792684834,NA,0.0744707795819,0,0.525860899812207,0.207931904384945,0.0125698279576034,0.815371859296482,1,"S4","signal",1000,2,0.0595983868018629,4.33260952988604,0,0,0,"none",0,81,1
0.551817723628482,0.297134133404376,1,1,0.246616641462929,NA,0.497333722708449,0,0.0129080638558077,NA,0.0429485718305882,0,0.189336207722417,0.233186652509478,0.0201267836299675,0.664474874371859,1,"S4","signal",1000,2,0.0595983868018629,2.3942695285582,0,0,0,"none",0,82,1
0.527944972367294,0.311935701554581,1,1,0.569307197407597,NA,0.828272537056847,0,0.0948587732207007,NA,0.136666142830459,0,0.357211741201235,0.034471451018947,0.0146854285306577,0.535002512562814,1,"S4","signal",1000,2,0.0595983868018629,3.92717916271409,0,0,0,"none",0,83,1
0.531826993162434,0.285188319312681,1,1,0.260745762773581,NA,0.55558047952063,0,0.0287730608799253,NA,0.0675471029640757,0,0.358552116997455,0.415810960770013,0.00653240316570893,0.967341708542714,1,"S4","signal",1000,2,0.0595983868018629,2.74783493696241,0,0,0,"none",0,84,1
0.513750353872599,0.289168410888852,1,1,0.152442702482493,NA,0.205498407506835,0,0.0575273102393184,NA,0.081536632319918,0,0.652847866799662,0.594104799100337,NA,1,1,"S4","signal",1000,2,0.0595983868018629,1.08155543055901,0,0,0,"none",0,85,1
0.539979946577207,0.277503245380419,1,1,0.464600278465691,NA,0.636394882158124,0,0.164473407659577,NA,0.18362384502017,0,0.331333697174914,0.400185794729473,0.00739741799439976,0.956542713567839,1,"S4","signal",1000,2,0.0595983868018629,0.73918782416606,0,0,0,"none",0,86,1
0.542674416328902,0.276709130566047,1,1,0.501223611627562,NA,0.559789114146358,0,0.0828416161908894,NA,0.0857802825296794,0,0.398512588033828,0.328880358773615,0.017031562532001,0.841964824120603,1,"S4","signal",1000,2,0.0595983868018629,0.213786758254573,0,0,0,"none",0,87,1
0.568762729438692,0.296969969237582,1,1,0.283235088514524,NA,0.540043215459298,0,0.151597872781238,NA,0.244092352719816,0,0.249864235783848,0.179864300463553,0.0185172060611082,0.619547738693467,1,"S4","signal",1000,2,0.0595983868018629,2.00096293245912,0,0,0,"none",0,88,1
0.570380670054688,0.290722224320528,1,1,0.143103191900685,NA,0.327465417427,0,0.0229565766042616,NA,0.0615959826066717,0,0.112776517360629,0.142683336834136,0.0244911693857107,0.515462311557789,1,"S4","signal",1000,2,0.0595983868018629,3.79793786963181,0,0,0,"none",0,89,1
0.492063499798318,0.305819872513693,1,1,0.463574085904998,NA,0.796009064319895,0,0.0568000330863017,NA,0.101406805876604,0,0.361293585971554,0.256744875853525,0.0145354712978442,0.794758793969849,1,"S4","signal",1000,2,0.0595983868018629,2.60402665501223,0,0,0,"none",0,90,1
0.567298648147441,0.300787642117452,1,1,0.560725076214923,NA,0.946996188117432,0,0.0548637248188709,NA,0.107497609427153,0,0.698888255116709,0.237951334093134,0.0138204725743879,0.899326633165829,1,"S4","signal",1000,2,0.0595983868018629,3.79533174935402,0,0,0,"none",0,91,1
0.548356811340616,0.302820049543086,1,1,0.167635857162775,NA,0.339661994804707,0,0.017552275549691,NA,0.0474598201615195,0,1.14044212667278,0.540136561213848,0.00184503555597864,0.996816582914573,1,"S4","signal",1000,2,0.0595983868018629,2.4421645817932,0,0,0,"none",0,92,1
0.563992531663805,0.288134363806798,1,1,0.623429637788043,NA,0.987220072644168,1,0.226090689887232,NA,0.370613466747455,0,0.469402918449896,0.128514027757016,0.0173362258932312,0.738193467336683,1,"S4","signal",1000,2,0.0595983868018629,5.24761386855978,0,0,0,"none",0,93,1
0.567585770275392,0.303120051394271,1,1,-0.0313592985218562,NA,0.0622415957338398,0,0.00553694932564753,NA,0.0361707751655064,0,0.0815632794066015,0.225538485714602,0.0226615610830112,0.620334170854271,1,"S4","signal",1000,2,0.0595983868018629,1.2280208783896,0,0,0,"none",0,94,1
0.60033902596243,0.301684043749672,1,1,0.402422340182889,NA,0.66416363846724,0,0.0279634555911426,NA,0.0568732381696708,0,0.0936103004020843,0.0922290285188536,0.0138696362133724,0.418977386934673,0,"S4","signal",1000,2,0.0595983868018629,1.29392124256487,0,0,0,"none",0,95,1
0.569424128926243,0.278112562490234,1,1,0.302554621762203,NA,0.592148834779014,0,0.0107027007104656,NA,0.0410789090813105,0,0.0820703703557838,0.0732242511311412,0.0155688061677516,0.340452261306533,0,"S4","signal",1000,2,0.0595983868018629,2.93929776246953,0,0,0,"none",0,96,1
0.524441587920225,0.30060171395624,1,1,0.453578360414505,NA,0.772963893214849,0,0.0103618744852092,NA,0.0402847382182118,0,0.0692974757273875,0.0125396595156912,0.00692401987716657,0.179429648241206,0,"S4","signal",1000,2,0.0595983868018629,3.07160460486587,0,0,0,"none",0,97,1
0.547102070983715,0.27688129074329,1,1,0.146202716130209,NA,0.341365563186202,0,0.00677912602245936,NA,0.036605005056789,0,0.514042447453491,0.471100050437607,0.00120983395911032,0.99864824120603,1,"S4","signal",1000,2,0.0595983868018629,4.59841871558246,0,0,0,"none",0,98,1
0.560233741123737,0.290265091353623,1,1,0.730338876041275,NA,0.984404250499047,1,0.310394435878555,NA,0.428835476637094,0,0.339840676189255,0.197665045579119,0.0185319408105097,0.707213567839196,1,"S4","signal",1000,2,0.0595983868018629,4.31306948411951,0,0,0,"none",0,99,1
0.583685047072314,0.310874054486579,1,1,0.137195544354734,NA,0.248559467617119,0,0.0119644612428613,NA,0.0409021089527758,0,0.470830246439128,0.428705239879687,0.00638757374887919,0.977989949748744,1,"S4","signal",1000,2,0.0595983868018629,2.98813651694603,0,0,0,"none",0,100,1
0.567603506180732,0.28613498117726,1,1,0.632995026058716,NA,0.967353880800002,1,0.0522396630240528,NA,0.0946880860380364,0,0.536520565821703,0.195177563928841,0.0165425518850764,0.845954773869347,1,"S4","signal",1000,5,0.0942333235828024,3.82171493760094,0,0,0,"none",0,1,1
0.601988621991933,0.297346152543395,1,1,0.21360678217119,NA,0.585799875339879,0,0.0411630334966241,NA,0.0997668268594884,0,0.451790663712809,0.608983785831421,0.00090667807704676,0.998834170854271,1,"S4","signal",1000,5,0.0942333235828024,7.49972734695178,0,0,0,"none",0,2,1
0.524349395934963,0.291469485054989,1,1,0.461557316801376,NA,0.974796761942301,1,0.0746711533012288,NA,0.171086218214501,0,0.54071591484978,0.387256179297738,0.00462333827675814,0.982097989949749,1,"S4","signal",1000,5,0.0942333235828024,9.11583416686705,0,0,0,"none",0,3,1
0.543791294964097,0.295057929346883,1,1,0.621263672878253,NA,0.992659214424856,1,0.548466982945566,NA,0.768363721321253,1,0.696104952369338,0.137438505570265,0.0110263888842474,0.957256281407035,1,"S4","signal",1000,5,0.0942333235828024,8.3926282637025,0,0,0,"none",0,4,1
0.490362380797817,0.290688677831003,1,1,0.414901294198995,NA,0.917797924538184,0,0.136823924548175,NA,0.265222062046709,0,0.275480764635013,0.139144006112017,0.0222407504614035,0.637670854271357,1,"S4","signal",1000,5,0.0942333235828024,6.37673098384048,0,0,0,"none",0,5,1
0.530560400948536,0.291324826788694,1,1,0.523636719674688,NA,0.934995110285731,0,0.151246650886759,NA,0.242128057249714,0,0.568845126969107,0.509155892491104,NA,1,1,"S4","signal",1000,5,0.0942333235828024,6.12665598940691,0,0,0,"none",0,6,1
0.524679017064068,0.277874803082603,1,1,0.120000860416295,NA,0.343757189695291,0,0.0054779171743872,NA,0.0366005127798253,0,0.16781657691559,0.667996820674306,NA,1,1,"S4","signal",1000,5,0.0942333235828024,6.19638473110357,0,0,0,"none",0,7,1
0.561327637989094,0.256779149551817,1,1,0.444020212582431,NA,0.899888490607989,0,0.104063935183742,NA,0.190423357222538,0,0.483022062423769,0.215154391297579,0.0160073622955926,0.849886934673367,1,"S4","signal",1000,5,0.0942333235828024,4.63378841969067,0,0,0,"none",0,8,1
0.553800848700634,0.311401312954293,1,1,0.331601891158358,NA,0.904165707823656,0,0.118826780013104,NA,0.266808815331865,0,0.38307292511215,0.103078514684217,0.0145100086724622,0.797469849246231,1,"S4","signal",1000,5,0.0942333235828024,11.124671205124,0,0,0,"none",0,9,1
0.484489441717097,0.317695576755988,1,1,0.353722407034825,NA,0.698284770594341,0,0.0455339808517446,NA,0.0873158075096174,0,0.1831104137804,0.381562103085779,0.00996675171733487,0.940417085427136,1,"S4","signal",1000,5,0.0942333235828024,3.21901326975913,0,0,0,"none",0,10,1
0.575170489893482,0.301006151171443,1,1,0.505907818036155,NA,0.943603705585543,0,0.291358476049191,NA,0.436981085644062,0,0.62077849601806,0.135944508395499,0.0140398860691715,0.8716608040201,1,"S4","signal",1000,5,0.0942333235828024,6.38520052316672,0,0,0,"none",0,11,1
0.501025001007892,0.295588662852915,1,1,0.544141879559862,NA,0.965190568764698,1,0.0850149793064117,NA,0.160389492675766,0,0.464604884257776,0.57810827132484,NA,1,1,"S4","signal",1000,5,0.0942333235828024,5.32521221771316,0,0,0,"none",0,12,1
0.610306292256034,0.312254654594433,1,1,0.637763618975107,NA,0.987701947075858,1,0.646125435941339,NA,0.788149310999537,1,0.547212226868132,0.196304626827731,0.0170393987626009,0.784314070351759,1,"S4","signal",1000,5,0.0942333235828024,5.62866195089718,0,0,0,"none",0,13,1
0.521238639254852,0.332437686107596,1,1,0.304093492522593,NA,0.824931605227191,0,0.0351577067595599,NA,0.0956945228464609,0,0.37712008637612,0.353163693712881,0.00925602328201517,0.94791959798995,1,"S4","signal",1000,5,0.0942333235828024,8.99682885657802,0,0,0,"none",0,14,1
0.476642965588005,0.306766145296488,1,1,0.545285189410606,NA,0.985398525430722,1,0.64820981767489,NA,0.92831691074837,1,0.463997616680307,0.34695636013776,0.00515462243296444,0.992007537688442,1,"S4","signal",1000,5,0.0942333235828024,7.88760918445788,0,0,0,"none",0,15,1
0.563829858061524,0.29235270095909,1,1,0.499267651316971,NA,0.984214678460614,1,0.215718987802277,NA,0.387257384176513,0,0.549123261733722,0.443618626796771,0.00482295430761208,0.991871859296482,1,"S4","signal",1000,5,0.0942333235828024,11.0256666374291,0,0,0,"none",0,16,1
0.544250954667033,0.318802603752645,1,1,0.200768150886773,NA,0.667918332729225,0,0.0134673328492736,NA,0.056061970272589,0,0.0643241519213866,0.0352675815035336,0.00862767958628704,0.252836683417085,0,"S4","signal",1000,5,0.0942333235828024,9.49758714487397,0,0,0,"none",0,17,1
0.532629978073104,0.304655310054708,1,1,0.602698255347624,NA,0.970134705705744,1,0.104884465526103,NA,0.18800190674908,0,0.714497186786678,0.298808728839391,0.00420328612853142,0.986422110552764,1,"S4","signal",1000,5,0.0942333235828024,5.41261620175303,0,0,0,"none",0,18,1
0.535808227829287,0.268766138346218,1,1,0.219732915797882,NA,0.749356873389302,0,0.0162172930297086,NA,0.0675874776935057,0,0.170480553956822,0.237034190307011,0.014776713529272,0.762449748743719,1,"S4","signal",1000,5,0.0942333235828024,9.6851552838933,0,0,0,"none",0,19,1
0.573921814840347,0.319862268149326,1,1,0.503686416716246,NA,0.978445446238273,1,0.0674958176058418,NA,0.151498676443189,0,0.480393952073011,0.188717386902493,0.0194841531607477,0.837937185929648,1,"S4","signal",1000,5,0.0942333235828024,8.0119530581967,0,0,0,"none",0,20,1
0.523002801527967,0.31083662868992,1,1,0.111367991677856,NA,0.297266734424799,0,-0.0149309214438425,NA,0.0481931863854967,0,0.0147327391649832,0.0312359138207525,0.00751433706677916,0.171248743718593,0,"S4","signal",1000,5,0.0942333235828024,4.92716488596303,0,0,0,"none",0,21,1
0.507156301957875,0.283311623918256,1,1,0.66459075735211,NA,0.988942864189476,1,0.423004766616649,NA,0.53675747433203,1,0.512024645406472,0.348249385762178,0.00696612845952225,0.971143216080402,1,"S4","signal",1000,5,0.0942333235828024,4.77323603521057,0,0,0,"none",0,22,1
0.522271216236568,0.297608005212992,1,1,0.225989447923774,NA,0.743607175945907,0,0.00872670201131748,NA,0.045407549240937,0,0.0749031767460094,0.0612513422749111,0.0106492787095268,0.304655778894472,0,"S4","signal",1000,5,0.0942333235828024,9.05817312119616,0,0,0,"none",0,23,1
0.523453811533506,0.30894246946133,1,1,0.501008435155961,NA,0.971126406699332,1,0.501412342752632,NA,0.69442474692852,1,0.757471715067136,0.625788181774458,NA,1,1,"S4","signal",1000,5,0.0942333235828024,10.006739262832,0,0,0,"none",0,24,1
0.513362482455065,0.286418190155292,1,1,0.529678414145292,NA,0.975657055687924,1,0.179881890173995,NA,0.314464742482424,0,0.325644782846711,0.484099774422659,0.00509309279288373,0.994907035175879,1,"S4","signal",1000,5,0.0942333235828024,6.56820710360882,0,0,0,"none",0,25,1
0.534186554323426,0.286880620899818,1,1,0.318927741989497,NA,0.822580690189273,0,0.00468271512536853,NA,0.0363139333816098,0,0.371968224161331,0.477952026357021,0.00681347562378949,0.971479899497487,1,"S4","signal",1000,5,0.0942333235828024,6.22715471822783,0,0,0,"none",0,26,1
0.527625940308956,0.285603270346587,1,1,0.236767594782696,NA,0.680874172225148,0,0.00885685010682739,NA,0.0437918901480452,0,0.251347691692915,0.265181612895276,0.0136218996762519,0.796670854271357,1,"S4","signal",1000,5,0.0942333235828024,7.05513117558804,0,0,0,"none",0,27,1
0.509081085963392,0.286032459421583,1,1,0.515318776140866,NA,0.98835234527439,1,0.258311091337194,NA,0.45962196393329,0,0.571157714473849,0.170877655373513,0.0109744443564835,0.919979899497487,1,"S4","signal",1000,5,0.0942333235828024,8.76359399300499,0,0,0,"none",0,28,1
0.493168999871248,0.271398462254404,1,1,0.533148881383511,NA,0.968680140388865,1,0.0622199194025334,NA,0.12331267181752,0,0.686634385776299,0.185717744452896,0.0095569822283001,0.929582914572864,1,"S4","signal",1000,5,0.0942333235828024,6.48939793369142,0,0,0,"none",0,29,1
0.524501994703363,0.285212676393352,1,1,0.230602433075084,NA,0.719882047306325,0,0.0198579214608448,NA,0.0692418964288849,0,0.369864936851053,0.342193972279424,0.009367877348021,0.928346733668342,1,"S4","signal",1000,5,0.0942333235828024,10.1355752829013,0,0,0,"none",0,30,1
0.596444432454306,0.294915252260765,1,1,0.197639474586122,NA,0.656550230072373,0,0.00576319538703397,NA,0.0398798266375752,0,0.249185968732097,0.528163076306957,0.00800207983269539,0.942158291457286,1,"S4","signal",1000,5,0.0942333235828024,9.12990286126921,0,0,0,"none",0,31,1
0.550306496889514,0.282255991223273,1,1,0.245661929905509,NA,0.761057890261195,0,0.0104056190794705,NA,0.0495948431116928,0,0.303140189154198,0.149882568097207,0.0187388702688264,0.673261306532663,1,"S4","signal",1000,5,0.0942333235828024,8.89097752560524,0,0,0,"none",0,32,1
0.499418628039568,0.326404942163224,1,1,0.476949457915274,NA,0.960135487665955,1,0.180550319024069,NA,0.340373038152781,0,0.347210947965564,0.380648713102609,0.0086165552288226,0.952366834170854,1,"S4","signal",1000,5,0.0942333235828024,8.15973715154187,0,0,0,"none",0,33,1
0.529046367542879,0.245245146896708,1,1,0.362118989688886,NA,0.836037140619901,0,0.019354163921809,NA,0.0581840986317257,0,0.156648595506528,0.151300535136551,0.0200685192976294,0.539032663316583,1,"S4","signal",1000,5,0.0942333235828024,5.71728732959864,0,0,0,"none",0,34,1
0.57699440406374,0.291818527904447,1,1,0.392534568108369,NA,0.850141648019168,0,0.0549920056338136,NA,0.124306320989561,0,0.244434493662322,0.140554926784318,0.0141100798757631,0.56363567839196,1,"S4","signal",1000,5,0.0942333235828024,5.21586655843854,0,0,0,"none",0,35,1
0.514775141995833,0.275895935697297,1,1,0.291044344686532,NA,0.640281828323717,0,0.000486756099399406,NA,0.0345863264940605,0,0.163595754057478,0.100669259403433,0.0115560322002694,0.368630653266332,0,"S4","signal",1000,5,0.0942333235828024,2.95947440044676,0,0,0,"none",0,36,1
0.483130446151788,0.313760174832238,1,1,0.441017008120555,NA,0.932287367882621,0,0.00601900874249903,NA,0.037232672707185,0,0.461572226820977,0.164335970668423,0.0159373414254966,0.798120603015075,1,"S4","signal",1000,5,0.0942333235828024,5.29467330398367,0,0,0,"none",0,37,1
0.535202245581973,0.317290224568118,1,1,0.283912649116881,NA,0.656837545929127,0,0.0140772313199196,NA,0.0478965574598599,0,0.554262661522392,0.397276445432929,0.00264529542055749,0.994477386934673,1,"S4","signal",1000,5,0.0942333235828024,4.0882169867121,0,0,0,"none",0,38,1
0.607956079207916,0.265784392652092,1,1,0.196958678509978,NA,0.556497848354311,0,-0.000189384893058997,NA,0.033590041572493,0,0.0196554238186407,0.0587091414713539,0.00820414695016838,0.228879396984925,0,"S4","signal",1000,5,0.0942333235828024,6.90296077339146,0,0,0,"none",0,39,1
0.603441648333335,0.316976985796506,1,1,0.588222231945165,NA,0.963919513936567,1,0.0367702256879591,NA,0.0809467474367738,0,0.676139857755624,0.379232738946108,0.00118114211785278,0.997793969849246,1,"S4","signal",1000,5,0.0942333235828024,5.80583511416109,0,0,0,"none",0,40,1
0.534597931999563,0.289311710539267,1,1,0.482968479224865,NA,0.978221537711301,1,0.266024629310679,NA,0.442381537523705,0,0.703597044348979,0.459744308752306,NA,1,1,"S4","signal",1000,5,0.0942333235828024,9.3004250786315,0,0,0,"none",0,41,1
0.535649271845465,0.306939445880057,1,1,0.53023320560966,NA,0.98955987514657,1,0.355023009902612,NA,0.628232673821475,1,0.555131200082542,0.349765599157277,0.0057525898699775,0.986190954773869,1,"S4","signal",1000,5,0.0942333235828024,8.33985901566109,0,0,0,"none",0,42,1
0.489288695140026,0.301778062411198,1,1,0.14228082554329,NA,0.46253104034791,0,0.00744024845028426,NA,0.042357140172287,0,0.187716628872088,0.356018843805641,0.0102576332681348,0.90891959798995,1,"S4","signal",1000,5,0.0942333235828024,6.16748088443914,0,0,0,"none",0,43,1
0.522037476043188,0.325598811442471,1,1,0.465220667583335,NA,0.934768339194246,0,0.0935570507979922,NA,0.181186126314036,0,0.407804758352627,0.239155813027244,0.0175278757550303,0.872889447236181,1,"S4","signal",1000,5,0.0942333235828024,6.31626967669982,0,0,0,"none",0,44,1
0.528949904682983,0.297573268162159,1,1,0.387932463352369,NA,0.868259376607297,0,0.047387600968369,NA,0.107123325033123,0,0.310530217809913,0.225897521717062,0.0182071987856962,0.738768844221106,1,"S4","signal",1000,5,0.0942333235828024,6.11149252797904,0,0,0,"none",0,45,1
0.475087382263867,0.317881420791414,1,1,0.264296858807241,NA,0.693979340678332,0,0.0266019329828039,NA,0.0785027131570101,0,0.312937175782144,0.429218427754484,0.0105993815037109,0.932904522613065,1,"S4","signal",1000,5,0.0942333235828024,6.32135052886272,0,0,0,"none",0,46,1
0.534322029039638,0.298032711333781,1,1,-0.103744590035014,NA,0.301921767192697,0,-0.00680311106277948,NA,0.0388075013664162,0,-0.0495069299517407,0.383112232172429,0.0145338385867798,0.859474874371859,1,"S4","signal",1000,5,0.0942333235828024,6.07296330968743,0,0,0,"none",0,47,1
0.506641636800433,0.32627252873473,1,1,0.439516872920103,NA,0.941690747886335,0,0.0894775413512373,NA,0.190356865887658,0,0.333076761310103,0.208262938108182,0.0160417669644228,0.754306532663317,1,"S4","signal",1000,5,0.0942333235828024,8.07519727810743,0,0,0,"none",0,48,1
0.544147060338474,0.305155027008455,1,1,0.381190588827303,NA,0.75884502418695,0,0.0139372176379588,NA,0.0476739309815678,0,0.467510354853867,0.395285119803863,0.0122204978007924,0.888236180904523,1,"S4","signal",1000,5,0.0942333235828024,3.98036964311676,0,0,0,"none",0,49,1
0.525193091505028,0.288411083732493,1,1,0.438670700904961,NA,0.970897811224166,1,0.0225602919437957,NA,0.0710816645374439,0,0.433576399826836,0.228859179559366,0.0119600177393879,0.930120603015075,1,"S4","signal",1000,5,0.0942333235828024,8.40414512166293,0,0,0,"none",0,50,1
0.555705174948356,0.313502701594434,1,1,0.42131756192625,NA,0.782378373033055,0,0.0453921086722353,NA,0.0872547925881354,0,0.425633343956717,0.294018805015576,0.0127632391470834,0.909977386934673,1,"S4","signal",1000,5,0.0942333235828024,4.41010883891174,0,0,0,"none",0,51,1
0.536445952046966,0.277589231036122,1,1,0.253618956315899,NA,0.769064970465843,0,0.020691640904848,NA,0.070367655408642,0,0.045453183834859,0.0264719518768561,0.00964980005478584,0.177492462311558,0,"S4","signal",1000,5,0.0942333235828024,8.14597270118905,0,0,0,"none",0,52,1
0.521348227654095,0.278524081489164,1,1,0.257720188364402,NA,0.833810185502881,0,0.0460862009532865,NA,0.133301915805388,0,0.35078194920816,0.473915011594339,0.000853867276661459,0.999128140703518,1,"S4","signal",1000,5,0.0942333235828024,11.6253260330725,0,0,0,"none",0,53,1
0.535043311728513,0.318121832433396,1,1,0.319548312790676,NA,0.801216011262428,0,0.025413211935196,NA,0.0731284971666303,0,0.460389642550466,0.256023732491983,0.0147799209943723,0.832643216080402,1,"S4","signal",1000,5,0.0942333235828024,6.73130344041469,0,0,0,"none",0,54,1
0.53672118109296,0.254990126361545,1,1,0.398608446184351,NA,0.818595243021565,0,0.0146899503122996,NA,0.0485370137517123,0,0.0897257435437547,0.0375574631928176,0.00866441361925347,0.2326608040201,0,"S4","signal",1000,5,0.0942333235828024,4.44879224220998,0,0,0,"none",0,55,1
0.562324489839707,0.314996093771635,1,1,0.695724931903125,NA,0.996551148597083,1,0.678854170227256,NA,0.859752081337527,1,0.804663958114159,0.256060926344716,0.00052513882274929,0.999474874371859,1,"S4","signal",1000,5,0.0942333235828024,6.34570324447255,0,0,0,"none",0,56,1
0.545501616339151,0.265457371291799,1,1,0.624862819306089,NA,0.996676375264072,1,0.3098186305649,NA,0.536053778217369,1,0.46461182854693,0.145894928991464,0.0154974176307313,0.821954773869347,1,"S4","signal",1000,5,0.0942333235828024,9.41084508963664,0,0,0,"none",0,57,1
0.478317000415966,0.319656721168842,1,1,0.513598154763138,NA,0.97275475019025,1,0.517933200221891,NA,0.732364537540715,1,0.566187576499297,0.261999174783018,0.00598763962213028,0.975886934673367,1,"S4","signal",1000,5,0.0942333235828024,8.55091023241509,0,0,0,"none",0,58,1
0.546529966213132,0.308392119990301,1,1,0.51064343537247,NA,0.913530638831407,0,0.0560954921221803,NA,0.113412292642971,0,0.618609281140328,0.502787787269894,0.00112314379793725,0.99887688442211,1,"S4","signal",1000,5,0.0942333235828024,4.56969784685662,0,0,0,"none",0,59,1
0.596079247157178,0.291680573400859,1,1,0.671026020214888,NA,0.993490097810829,1,0.687777783893899,NA,0.768228035326047,1,0.727394062463127,0.357377668283462,NA,1,1,"S4","signal",1000,5,0.0942333235828024,8.1101431286281,0,0,0,"none",0,60,1
0.507100951919885,0.341095643866954,1,1,0.509266133059863,NA,0.985097197470227,1,0.418972544360199,NA,0.701305593750831,1,0.480426896245934,0.603065520910683,NA,1,1,"S4","signal",1000,5,0.0942333235828024,9.94124609957137,0,0,0,"none",0,61,1
0.53281002641194,0.295496753651566,1,1,0.284877761910943,NA,0.682556516939062,0,0.0691248962750252,NA,0.136364534687482,0,0.34544371066018,0.372494149095913,0.00445142512020832,0.982193467336683,1,"S4","signal",1000,5,0.0942333235828024,5.18671919972696,0,0,0,"none",0,62,1
0.509524118211241,0.289317403723698,1,1,0.461795842951697,NA,0.930549337613885,0,0.15466587206794,NA,0.267851492954875,0,0.592541290365876,0.364646244661764,0.00680874806206731,0.973866834170854,1,"S4","signal",1000,5,0.0942333235828024,6.08438438363975,0,0,0,"none",0,63,1
0.538925498350854,0.304181853514214,1,1,0.233061640225594,NA,0.647875712782064,0,0.0321137773464637,NA,0.0827218448372116,0,0.294483589555194,0.567078101450079,NA,1,1,"S4","signal",1000,5,0.0942333235828024,6.38692390200623,0,0,0,"none",0,64,1
0.524524584605599,0.282370987331252,1,1,0.391613238110499,NA,0.941602554270589,0,0.247532732448859,NA,0.472036878963693,0,0.568060690102634,0.431084531485829,0.00234835617289386,0.995891959798995,1,"S4","signal",1000,5,0.0942333235828024,10.9224213231402,0,0,0,"none",0,65,1
0.520400521841544,0.30082872728987,1,1,0.406328361466109,NA,0.894577194917159,0,0.0678901925331329,NA,0.150421483027925,0,0.127481414857724,0.0639129927810206,0.0146103959909912,0.398354271356784,0,"S4","signal",1000,5,0.0942333235828024,6.13852734306984,0,0,0,"none",0,66,1
0.553735236364338,0.305770865630285,1,1,0.437121232269075,NA,0.913503749031535,0,0.0430738641485224,NA,0.0991289502005853,0,0.327387339975093,0.236087383807089,0.0205528510699403,0.704738693467337,1,"S4","signal",1000,5,0.0942333235828024,5.90859245399709,0,0,0,"none",0,67,1
0.527595143612547,0.290997769634052,1,1,0.389472593992497,NA,0.923445169154559,0,0.0718797270533813,NA,0.178488640183078,0,0.290324216991257,0.27693640513649,0.0143818043357204,0.847306532663317,1,"S4","signal",1000,5,0.0942333235828024,8.60413175867092,0,0,0,"none",0,68,1
0.504956032546621,0.313678335520788,1,1,0.33264369324165,NA,0.700249977577722,0,0.0187189662260537,NA,0.0542526622083588,0,0.0755918999145172,0.100325272311243,0.0168320447405557,0.379625628140703,0,"S4","signal",1000,5,0.0942333235828024,4.43962488018069,0,0,0,"none",0,69,1
0.518328659968366,0.30761089447812,1,1,0.407379767876082,NA,0.885067604497051,0,0.0319791390277347,NA,0.0806941084450442,0,0.480399705683278,0.200243151731692,0.0172217772833842,0.835540201005025,1,"S4","signal",1000,5,0.0942333235828024,5.61465690757836,0,0,0,"none",0,70,1
0.56041444310573,0.291286225037134,1,1,0.556607062148226,NA,0.966583494049118,1,0.00858382883746391,NA,0.0408363335166797,0,0.417068153167879,0.119581123975548,0.0145326629047543,0.707090452261307,1,"S4","signal",1000,5,0.0942333235828024,6.60197322985099,0,0,0,"none",0,71,1
0.539450909541041,0.321786193622015,1,1,0.343037543162878,NA,0.88395961654971,0,0.11132356014442,NA,0.244667618939778,0,0.267516537506081,0.283584509342756,0.020135383194559,0.748050251256281,1,"S4","signal",1000,5,0.0942333235828024,8.31307695914938,0,0,0,"none",0,72,1
0.590881835284392,0.304618423484367,1,1,0.605523061223377,NA,0.984621838134125,1,0.201950329556357,NA,0.309852501526161,0,0.483823577189416,0.257312118753698,0.0143619420233655,0.882608040201005,1,"S4","signal",1000,5,0.0942333235828024,6.19951932243477,0,0,0,"none",0,73,1
0.539727851963197,0.270412746585515,1,1,0.356349383706167,NA,0.931906322290554,0,0.046913508293135,NA,0.140686785360788,0,0.285339076322836,0.634361788321877,NA,1,1,"S4","signal",1000,5,0.0942333235828024,12.1714294549748,0,0,0,"none",0,74,1
0.504235330944298,0.314243738160335,1,1,-0.20360485556089,NA,0.557238138074493,0,0.000173050498383844,NA,0.0324224633203407,0,-0.0166331165912831,0.0121357868747619,0.00462225750132101,0.134585427135678,0,"S4","signal",1000,5,0.0942333235828024,5.85578325495506,0,0,0,"none",0,75,1
0.492461980043563,0.320063365905903,1,1,0.170127026867211,NA,0.452075838056991,0,0.0105518401740618,NA,0.0440221278284283,0,0.126696913691863,0.25792047368511,0.0148634582774117,0.771309045226131,1,"S4","signal",1000,5,0.0942333235828024,5.33461852353487,0,0,0,"none",0,76,1
0.533936680599041,0.295245504525514,1,1,0.139739472737886,NA,0.307173649209266,0,0.0109466236350607,NA,0.0413649777919966,0,0.209864519380452,0.317748639091626,0.0131250776997466,0.884881909547739,1,"S4","signal",1000,5,0.0942333235828024,3.00646005528298,0,0,0,"none",0,77,1
0.545279736693388,0.307409534732545,1,1,0.445541941503523,NA,0.865855292899451,0,0.0542520947751989,NA,0.111978723198712,0,0.419063789165974,0.385062308994701,0.0140009895158811,0.898756281407035,1,"S4","signal",1000,5,0.0942333235828024,4.7000269390115,0,0,0,"none",0,78,1
0.519949451080442,0.34480679149195,1,1,0.180943298410584,NA,0.603986895435511,0,0.00729438295949135,NA,0.0427811196291734,0,0.181738917915648,0.376393931869536,0.0107327238153374,0.934183417085427,1,"S4","signal",1000,5,0.0942333235828024,7.98510231654771,0,0,0,"none",0,79,1
0.517981459072872,0.305459880490658,1,1,0.499809401359743,NA,0.972076437125181,1,0.0177369007398051,NA,0.0587053390836106,0,0.583854417091491,0.492237622523365,0.00356725516678701,0.991959798994975,1,"S4","signal",1000,5,0.0942333235828024,5.6113035158345,0,0,0,"none",0,80,1
0.528617073477199,0.280321893211542,1,1,0.481753768003209,NA,0.916250632164946,0,0.0574004487749302,NA,0.116044068758136,0,0.520686570003165,0.442853845954903,0.0037742839610367,0.985417085427136,1,"S4","signal",1000,5,0.0942333235828024,5.27343870807144,0,0,0,"none",0,81,1
0.518131070523851,0.309239696603185,1,1,0.124873326792224,NA,0.382154189514082,0,0.0036295806309771,NA,0.034602856092228,0,0.0185111449238525,0.135792589847719,0.0132742675148529,0.388758793969849,0,"S4","signal",1000,5,0.0942333235828024,5.59193952639342,0,0,0,"none",0,82,1
0.550289690306915,0.284479393294849,1,1,0.280462066811334,NA,0.814078587752644,0,0.0736863448834575,NA,0.171501814049768,0,0.415038731969323,0.298769023237936,0.00890617638598794,0.952002512562814,1,"S4","signal",1000,5,0.0942333235828024,9.46342794721384,0,0,0,"none",0,83,1
0.593267512447876,0.316263780164213,1,1,0.380200502469933,NA,0.885596791465616,0,0.0323724926927653,NA,0.0861067769102758,0,0.053625318124203,0.0100827380182887,0.00876010881417072,0.162899497487437,0,"S4","signal",1000,5,0.0942333235828024,7.09636699651077,0,0,0,"none",0,84,1
0.469931509791425,0.316503263103673,1,1,-0.0557453524996295,NA,0.153233287711481,0,0.00307376864202869,NA,0.034052139881583,0,-0.0369426972163137,0.381523894190153,0.0145893064976492,0.872701005025126,1,"S4","signal",1000,5,0.0942333235828024,4.50536633316803,0,0,0,"none",0,85,1
0.535283715146041,0.315771809087603,1,1,0.177088674630201,NA,0.528049137318946,0,0.0369786726113087,NA,0.0972666820444344,0,0.251549802530632,0.359086868434286,0.0109476271311333,0.904190954773869,1,"S4","signal",1000,5,0.0942333235828024,6.45100080016196,0,0,0,"none",0,86,1
0.570747594443198,0.285470131617143,1,1,0.445816967950678,NA,0.972785095069033,1,0.0482463782021166,NA,0.128275623892446,0,0.344832728310731,0.085350776347126,0.0189842205267266,0.700776381909548,1,"S4","signal",1000,5,0.0942333235828024,9.646674862996,0,0,0,"none",0,87,1
0.48923140159125,0.284888246829904,1,1,0.28151670023303,NA,0.803892643080244,0,0.0118702521362785,NA,0.0500002145180454,0,0.256087168544058,0.149520579039592,0.0112612925601453,0.618286432160804,1,"S4","signal",1000,5,0.0942333235828024,8.69460024588385,0,0,0,"none",0,88,1
0.521041363110133,0.324518714652266,1,1,0.290101888546106,NA,0.654473892633546,0,0.0472593877320353,NA,0.101681707898345,0,0.194956823527769,0.372978425730293,0.0178987272321714,0.798429648241206,1,"S4","signal",1000,5,0.0942333235828024,4.41440527554239,0,0,0,"none",0,89,1
0.543314246339217,0.312036945745194,1,1,0.413429450409289,NA,0.978023568160814,1,0.119256650234848,NA,0.284943487657748,0,0.197611838221979,0.193938274520026,0.0152446021173417,0.674577889447236,1,"S4","signal",1000,5,0.0942333235828024,10.9959703695634,0,0,0,"none",0,90,1
0.576301234475,0.285305020116988,1,1,0.49637270599683,NA,0.950285831373633,1,0.263332145010807,NA,0.433831038505081,0,0.265323766857396,0.0928647671522986,0.0147720422500683,0.553100502512563,1,"S4","signal",1000,5,0.0942333235828024,6.16926883203095,0,0,0,"none",0,91,1
0.578534418521696,0.302236599030019,1,1,0.315161189750141,NA,0.781379953017541,0,0.1042037260571,NA,0.209860810022856,0,0.383409982298032,0.350360273850218,0.00507153749721253,0.982570351758794,1,"S4","signal",1000,5,0.0942333235828024,6.80944693216589,0,0,0,"none",0,92,1
0.501546359092535,0.246869395168978,1,1,0.712691997965627,NA,0.988917801414317,1,0.800156016462057,NA,0.822109305260188,1,0.730609781644998,0.433145683428909,0.00352439412411053,0.995314070351759,1,"S4","signal",1000,5,0.0942333235828024,5.02327186086508,0,0,0,"none",0,93,1
0.552580972990665,0.300170172012594,1,1,0.448101279335453,NA,0.984351716518233,1,0.06498389144086,NA,0.163785864017822,0,0.551493717896116,0.333406029878956,0.00281571677304126,0.99658040201005,1,"S4","signal",1000,5,0.0942333235828024,11.1029030630275,0,0,0,"none",0,94,1
0.520187345015092,0.321601473446239,1,1,0.379812704716891,NA,0.896598384327613,0,0.0486181014257588,NA,0.11758924452519,0,0.285345053446461,0.108813144159031,0.0165044136600699,0.558389447236181,1,"S4","signal",1000,5,0.0942333235828024,6.88695469433486,0,0,0,"none",0,95,1
0.588970240673879,0.27989455855128,1,1,0.406756420151228,NA,0.912167265642485,0,0.0199184414425221,NA,0.0648127808634479,0,0.489920776056098,0.298076760356678,0.0167359242226059,0.872751256281407,1,"S4","signal",1000,5,0.0942333235828024,5.7812118128501,0,0,0,"none",0,96,1
0.524896326621005,0.311474456328659,1,1,0.284412188209506,NA,0.724213169797975,0,0.00380262305224064,NA,0.0358857121723254,0,0.00829783135639726,0.0289862763030975,0.00541228960668381,0.13548743718593,0,"S4","signal",1000,5,0.0942333235828024,5.70162512184351,0,0,0,"none",0,97,1
0.564186813126342,0.310621185621559,1,1,0.417465777327421,NA,0.906745849812096,0,0.139533693687447,NA,0.258348486139864,0,0.451148522539234,0.420723166903882,0.00957489074716756,0.976859296482412,1,"S4","signal",1000,5,0.0942333235828024,7.24307890791008,0,0,0,"none",0,98,1
0.605696731701246,0.316709056944998,1,1,0.411033002063402,NA,0.851002185462205,0,0.194681614881673,NA,0.327824193607832,0,0.264608664830743,0.405553535003214,0.00766322142124914,0.97305527638191,1,"S4","signal",1000,5,0.0942333235828024,3.72114265495375,0,0,0,"none",0,99,1
0.550412237013606,0.304167314820893,1,1,0.36945136928629,NA,0.913185265541005,0,0.0743708100692558,NA,0.180169331224623,0,0.314687532437222,0.371752522171888,0.00882615408791503,0.966404522613065,1,"S4","signal",1000,5,0.0942333235828024,8.07547484842881,0,0,0,"none",0,100,1
0.537417264782185,0.30772594204732,1,1,0.57739318697787,NA,0.993363445988966,1,0.551781362015332,NA,0.801672581497102,1,0.673401534100826,0.274508903032543,0.00228683048962822,0.994831658291457,1,"S4","signal",1000,10,0.133266044238292,11.7133775115637,0,0,0,"none",0,1,1
0.571616213508357,0.287442104884247,1,1,0.384368222917785,NA,0.952076690512612,1,0.0377609776004838,NA,0.114169501320014,0,0.246435261290156,0.281471116568422,0.0134162029259771,0.901484924623116,1,"S4","signal",1000,10,0.133266044238292,13.5025978809423,0,0,0,"none",0,2,1
0.554758189902859,0.30339608623764,1,1,0.275197076908178,NA,0.84550344566481,0,0.0330039849720628,NA,0.107752529634399,0,0.0340175053722465,0.0167201384833844,0.0059877344980263,0.153366834170854,0,"S4","signal",1000,10,0.133266044238292,10.5578043375527,0,0,0,"none",0,3,1
0.508926234337752,0.270191662545989,1,1,0.144368255227991,NA,0.580613005948031,0,0.00618561393474725,NA,0.0434442105152646,0,0.0121987631721929,-0.000276940994249135,0.00385484840353989,0.0810829145728643,0,"S4","signal",1000,10,0.133266044238292,14.707276126886,0,0,0,"none",0,4,1
0.519152045872828,0.28070629248377,1,1,0.593266814806068,NA,0.996052749697787,1,0.11299140829463,NA,0.220987493943894,0,0.577962021763996,0.407310122993488,NA,1,1,"S4","signal",1000,10,0.133266044238292,10.5392200994508,0,0,0,"none",0,5,1
0.506974399349449,0.278397810859551,1,1,0.43274008339378,NA,0.996939742150623,1,0.242553981406533,NA,0.583697575149857,1,0.347129022164637,0.365585123176853,0.00137943164444679,0.998620603015075,1,"S4","signal",1000,10,0.133266044238292,19.3717427977315,0,0,0,"none",0,6,1
0.582872997232927,0.262828350453899,1,1,0.456287142408144,NA,0.993807863834267,1,0.280004131937603,NA,0.616944194530429,1,0.406532139839538,0.304619412582728,0.00999332345987106,0.953590452261307,1,"S4","signal",1000,10,0.133266044238292,16.432196849876,0,0,0,"none",0,7,1
0.554844696566556,0.296279502900835,1,1,0.313666374531294,NA,0.885479370450247,0,0.0123960693945302,NA,0.0564179611295811,0,0.125075288428068,0.143469214238948,0.0147858768789147,0.499409547738693,0,"S4","signal",1000,10,0.133266044238292,11.8217281016354,0,0,0,"none",0,8,1
0.538265486702617,0.321227420371581,1,1,0.293387014003387,NA,0.83014006427899,0,0.0118738725086782,NA,0.0496829118912194,0,0.205719984079266,0.252650716891895,0.0164272986849482,0.750814070351759,1,"S4","signal",1000,10,0.133266044238292,10.0027685942992,0,0,0,"none",0,9,1
0.51083525367433,0.281955637472955,1,1,0.215612298160113,NA,0.68020882025996,0,0.00821405988192177,NA,0.0439801307107773,0,-0.00229874969314653,0.011509514470762,0.00301736172468447,0.0914371859296482,0,"S4","signal",1000,10,0.133266044238292,7.41860332198821,0,0,0,"none",0,10,1
0.563124389338247,0.312414808363533,1,1,0.332845356822607,NA,0.87054107916025,0,0.0380309356511834,NA,0.106755541550982,0,0.147728302342642,0.238888828969394,0.0186383472522648,0.725429648241206,1,"S4","signal",1000,10,0.133266044238292,8.68544257079863,0,0,0,"none",0,11,1
0.590123371868652,0.342936857053067,1,1,0.448445437950839,NA,0.985853558830602,1,0.318091798781768,NA,0.584037153338913,1,0.52003397852347,0.267298766246747,0.00462366589724334,0.984866834170854,1,"S4","signal",1000,10,0.133266044238292,15.5409895356668,0,0,0,"none",0,12,1
0.557743345247125,0.312981429280295,1,1,0.402872537369362,NA,0.972331816986478,1,0.104848480523035,NA,0.24071733891923,0,0.503578091130966,0.267102847473556,0.00670753848518327,0.970437185929648,1,"S4","signal",1000,10,0.133266044238292,12.5569313908099,0,0,0,"none",0,13,1
0.588611394114424,0.324564777981756,1,1,0.256170700703272,NA,0.849057804447218,0,0.0284717730356201,NA,0.104992682897139,0,0.200633075743779,0.393845026011058,0.00218129513405104,0.993680904522613,1,"S4","signal",1000,10,0.133266044238292,14.1530103766308,0,0,0,"none",0,14,1
0.530417387327283,0.275974695624805,1,1,0.281190475184413,NA,0.922842428402135,0,0.0124834904889564,NA,0.0612921571765123,0,0.229696470616462,0.262733279675304,0.0129066712201582,0.839293969849246,1,"S4","signal",1000,10,0.133266044238292,15.7306985548625,0,0,0,"none",0,15,1
0.545687231918727,0.288491030932084,1,1,0.338498586042059,NA,0.910836754116617,0,0.00582211148855073,NA,0.039903670133278,0,0.193354766505882,0.281077179776092,0.0154299535044111,0.817150753768844,1,"S4","signal",1000,10,0.133266044238292,10.2688995142554,0,0,0,"none",0,16,1
0.547970067927529,0.288725857553126,1,1,0.365121848331381,NA,0.98678304452639,1,0.270501777291029,NA,0.668077105673768,1,0.260306933530821,0.284860673650339,0.0146510658367834,0.875768844221106,1,"S4","signal",1000,10,0.133266044238292,21.1840186867906,0,0,0,"none",0,17,1
0.51620290489003,0.272326381925197,1,1,0.326484486632167,NA,0.894238107909764,0,0.0478466841915327,NA,0.139593401807627,0,0.309090537354589,0.444667641711517,0.00322812837577146,0.992188442211055,1,"S4","signal",1000,10,0.133266044238292,11.0072867188716,0,0,0,"none",0,18,1
0.603627921147121,0.339239967072704,1,1,0.880802896961055,NA,0.9999077922001,1,0.90385879452653,NA,0.976700999675172,1,0.956350554261311,0.533798527221226,NA,1,1,"S4","signal",1000,10,0.133266044238292,8.76734201374552,0,0,0,"none",0,19,1
0.518049056154355,0.295414074710963,1,1,0.625560272985274,NA,0.999897666017041,1,0.425138198747487,NA,0.791362745945673,1,0.682792879915314,0.471419597650248,NA,1,1,"S4","signal",1000,10,0.133266044238292,15.5937279542661,0,0,0,"none",0,20,1
0.569822235164078,0.28747862272472,1,1,0.136930051963096,NA,0.501810539583587,0,-0.00633463697039453,NA,0.0392421607116477,0,0.0280697417055465,0.16499998822485,0.0142033530701357,0.609964824120603,1,"S4","signal",1000,10,0.133266044238292,10.9810358886058,0,0,0,"none",0,21,1
0.569022388001966,0.280549291445931,1,1,0.384287062253341,NA,0.966261986340292,1,0.0307028078586995,NA,0.0947694214815347,0,0.445794650561697,0.39478217420669,0.00480430049646942,0.980386934673367,1,"S4","signal",1000,10,0.133266044238292,11.053065932408,0,0,0,"none",0,22,1
0.550678860488083,0.339365692249604,1,1,0.53775635879741,NA,0.981536704350151,1,0.157055174695219,NA,0.273096987298115,0,0.721565923138095,0.284525265414303,0.00644196614387739,0.978469849246231,1,"S4","signal",1000,10,0.133266044238292,7.62527579991688,0,0,0,"none",0,23,1
0.529871026775591,0.273776045216572,1,1,0.541680386412331,NA,0.996736483368237,1,0.394593100640419,NA,0.698644789587718,1,0.483832494972209,0.154674616266752,0.013841926043143,0.898442211055276,1,"S4","signal",1000,10,0.133266044238292,11.5112592497715,0,0,0,"none",0,24,1
0.508250536920598,0.31605271177967,1,1,0.379240905612555,NA,0.957706642220114,1,0.0470878572768033,NA,0.129197969392623,0,0.405734761753414,0.332104811620597,0.00915864849373516,0.958884422110553,1,"S4","signal",1000,10,0.133266044238292,11.6896015080122,0,0,0,"none",0,25,1
0.604658353690585,0.285214518213509,1,1,0.232734870745479,NA,0.737697227929867,0,0.0101424833327252,NA,0.0476550602341915,0,0.0636548887913338,-0.0275998558988438,0.00941786589111817,0.225354271356784,0,"S4","signal",1000,10,0.133266044238292,10.4924818579066,0,0,0,"none",0,26,1
0.484478953013201,0.294817749889899,1,1,0.27871824548724,NA,0.874507418313856,0,0.0134252875318659,NA,0.0574656352859112,0,0.35004845507312,0.419088225053912,0.00427952211361509,0.986007537688442,1,"S4","signal",1000,10,0.133266044238292,13.2273134611847,0,0,0,"none",0,27,1
0.545789810130634,0.310869902212186,1,1,0.434477904727799,NA,0.984601734417219,1,0.0374688464013786,NA,0.110988309060722,0,0.277821874693438,0.0580843903153155,0.0161909775712479,0.609806532663317,1,"S4","signal",1000,10,0.133266044238292,12.7199821121005,0,0,0,"none",0,28,1
0.554446276025991,0.314363078055761,1,1,0.427593027023744,NA,0.992651355019714,1,0.247334429525995,NA,0.570931248551823,1,0.390379999718375,0.0889946715339808,0.0137071089191444,0.850233668341709,1,"S4","signal",1000,10,0.133266044238292,16.8820816749005,0,0,0,"none",0,29,1
0.564509184132935,0.267702589305743,1,1,0.535484411022149,NA,0.994865558674937,1,0.0618244597773661,NA,0.15155663366723,0,0.486834403073494,0.492780947639904,NA,1,1,"S4","signal",1000,10,0.133266044238292,12.7806732911197,0,0,0,"none",0,30,1
0.512417385513347,0.27381887580571,1,1,0.292749344420872,NA,0.964105396174014,1,0.0294197359707548,NA,0.115207124444285,0,0.388773441910888,0.406739380802138,NA,1,1,"S4","signal",1000,10,0.133266044238292,21.9779734708435,0,0,0,"none",0,31,1
0.554168726653905,0.308649765846057,1,1,0.199087883316344,NA,0.696325151861626,0,0.00356855428680823,NA,0.0357917188163485,0,0.148853840570301,0.578840000732842,NA,1,1,"S4","signal",1000,10,0.133266044238292,11.7172586397612,0,0,0,"none",0,32,1
0.527203145805324,0.307040742948087,1,1,0.454359355760506,NA,0.986104344720699,1,0.466374071324641,NA,0.783835649277723,1,0.532164953522469,0.315902378487869,0.00410240788603152,0.990801507537688,1,"S4","signal",1000,10,0.133266044238292,12.8015604816167,0,0,0,"none",0,33,1
0.511631085618986,0.330583642176438,1,1,0.214476362648402,NA,0.651490078053285,0,0.00830403430812438,NA,0.0445266225602145,0,0.0973997103496307,0.342110431438789,0.0147524368971336,0.90293216080402,1,"S4","signal",1000,10,0.133266044238292,7.060389102722,0,0,0,"none",0,34,1
0.57106004490872,0.326375980658237,1,1,0.294054858320033,NA,0.717264207629382,0,0.012027046507585,NA,0.0465819172874845,0,0.446092698555409,0.583546750099835,0.00236407507742654,0.997125628140703,1,"S4","signal",1000,10,0.133266044238292,5.66612115748915,0,0,0,"none",0,35,1
0.510925104831058,0.281978932408798,1,1,0.414143257101122,NA,0.995247934403068,1,0.0650964169619778,NA,0.193453986371377,0,0.604085388101348,0.440714233000533,NA,1,1,"S4","signal",1000,10,0.133266044238292,21.2255000015321,0,0,0,"none",0,36,1
0.518825411924956,0.294465843738258,1,1,0.525131253571931,NA,0.998307952157936,1,0.378298694061104,NA,0.712581736994342,1,0.535590721848755,0.383564663532985,NA,1,1,"S4","signal",1000,10,0.133266044238292,15.0738276449024,0,0,0,"none",0,37,1
0.539790575522253,0.293408934064995,1,1,0.19336550015794,NA,0.779885536010714,0,0.0106342857610904,NA,0.0576520550676704,0,0.185857378831424,0.420852435749115,0.00596913422131179,0.968306532663317,1,"S4","signal",1000,10,0.133266044238292,15.2803232349878,0,0,0,"none",0,38,1
0.551524289386997,0.270285448252111,1,1,0.284778573956471,NA,0.903650941753712,0,0.194002410258037,NA,0.456034972034156,0,0.361825834575114,0.413919073548321,0.00123526320313287,0.997726130653266,1,"S4","signal",1000,10,0.133266044238292,15.3229991205771,0,0,0,"none",0,39,1
0.589137399680079,0.309520165342776,1,1,0.477740937997985,NA,0.997780482986529,1,0.454928653277058,NA,0.889333613450891,1,0.380390984380639,0.0298933239052016,0.0120821085751818,0.831633165829146,1,"S4","signal",1000,10,0.133266044238292,18.6409926002415,0,0,0,"none",0,40,1
0.531654419501219,0.312910116091008,1,1,0.185747095331685,NA,0.641184823892103,0,0.00543247666502893,NA,0.0390630776476348,0,0.0525690485677157,0.150199621481643,0.015978208122279,0.486565326633166,0,"S4","signal",1000,10,0.133266044238292,10.0944462584067,0,0,0,"none",0,41,1
0.509423678628945,0.319422616359225,1,1,0.391991893460873,NA,0.923871185525988,0,0.0563639124248837,NA,0.136098811049923,0,0.235860918203337,0.372334792391121,0.00567684171798862,0.984804020100502,1,"S4","signal",1000,10,0.133266044238292,9.29184151780581,0,0,0,"none",0,42,1
0.507168215647244,0.327587648874716,1,1,0.294186743797055,NA,0.86132034026477,0,0.00913682117287982,NA,0.0461703475762847,0,0.33665226557034,0.276927868354274,0.0122564449607696,0.900924623115578,1,"S4","signal",1000,10,0.133266044238292,10.1060579341854,0,0,0,"none",0,43,1
0.536581531131548,0.269050430946601,1,1,0.297093101016403,NA,0.904337120125241,0,0.047501525490096,NA,0.135396888725453,0,0.168790091537963,0.0351997521601802,0.0113088396642703,0.440273869346734,0,"S4","signal",1000,10,0.133266044238292,12.6479126481895,0,0,0,"none",0,44,1
0.611068354778541,0.302411597789477,1,1,0.596760111396617,NA,0.998446277128915,1,0.497228655360271,NA,0.822273419459003,1,0.691156474663508,0.259914326939019,0.0027796291924572,0.995042713567839,1,"S4","signal",1000,10,0.133266044238292,12.5863334092922,0,0,0,"none",0,45,1
0.533357529920414,0.28156307178664,1,1,0.263971460181304,NA,0.862964908066789,0,0.0207390564207284,NA,0.0792125753835621,0,0.305493282758464,0.391882014241084,0.00397167326785981,0.988962311557789,1,"S4","signal",1000,10,0.133266044238292,13.6272593009476,0,0,0,"none",0,46,1
0.52665572860169,0.314968045240437,1,1,0.12897755438528,NA,0.432985445815917,0,0.0171798914358005,NA,0.0646976638243856,0,0.0334583879525237,0.0572319717687356,0.00992661548912769,0.236658291457286,0,"S4","signal",1000,10,0.133266044238292,9.02316991034371,0,0,0,"none",0,47,1
0.567334426054379,0.312413188370973,1,1,0.270023773121813,NA,0.836937407661887,0,0.0264416561553165,NA,0.087388180154376,0,0.348318121966878,0.506960365158027,0.00166941420948132,0.996520100502513,1,"S4","signal",1000,10,0.133266044238292,13.3625209688721,0,0,0,"none",0,48,1
0.589790390786254,0.302785188659643,1,1,0.506724216699906,NA,0.98283576262438,1,0.179967324857111,NA,0.364439458228634,0,0.363323428022534,0.276470738527189,0.0169305528899214,0.89748743718593,1,"S4","signal",1000,10,0.133266044238292,9.96496785578631,0,0,0,"none",0,49,1
0.559521564007373,0.296223453139382,1,1,0.483428212447065,NA,0.992776906555354,1,0.0995134983788624,NA,0.229714827045193,0,0.455845420931174,0.362817330797346,5.52777708157139e-05,0.99994472361809,1,"S4","signal",1000,10,0.133266044238292,11.8612474016496,0,0,0,"none",0,50,1
0.532103973582432,0.299771333876381,1,1,0.188823282596357,NA,0.667078561414654,0,0.00516111290306184,NA,0.0387958568122315,0,0.0769629029348782,0.198063337813276,0.0137797688189409,0.6035,1,"S4","signal",1000,10,0.133266044238292,9.81351067841686,0,0,0,"none",0,51,1
0.573850691691388,0.274764920506544,1,1,0.451869507549881,NA,0.996905098435492,1,0.0770418381721271,NA,0.223173034806345,0,0.530131489460842,0.211637004371599,0.00150643145554604,0.997437185929648,1,"S4","signal",1000,10,0.133266044238292,18.544001678802,0,0,0,"none",0,52,1
0.519884897796956,0.308188464987954,1,1,0.355464572250339,NA,0.893380323215922,0,0.0279602684627283,NA,0.0813639385682649,0,0.0417306249565028,0.0853972066939395,0.0103405488877465,0.298557788944724,0,"S4","signal",1000,10,0.133266044238292,10.2896598207388,0,0,0,"none",0,53,1
0.526667255212574,0.293874228879708,1,1,0.505738436219292,NA,0.99131163091953,1,0.106659268923722,NA,0.227337009130793,0,0.460251784304092,0.32799648492105,0.00463663611666048,0.983713567839196,1,"S4","signal",1000,10,0.133266044238292,10.8227479121868,0,0,0,"none",0,54,1
0.446532206325203,0.269701011726407,1,1,0.286589962595697,NA,0.838568689007014,0,0.022760453459559,NA,0.0776069740071353,0,0.263728196425221,0.213625614660558,0.0157088534683935,0.792143216080402,1,"S4","signal",1000,10,0.133266044238292,10.012480170235,0,0,0,"none",0,55,1
0.513401655768315,0.281014332724921,1,1,0.288667402872692,NA,0.884434278142276,0,0.044402214177369,NA,0.133276908325876,0,0.169712451944705,0.231191129702677,0.0153305133633486,0.793120603015075,1,"S4","signal",1000,10,0.133266044238292,11.9919347359251,0,0,0,"none",0,56,1
0.533385164577626,0.307730558450437,1,1,0.27437473634823,NA,0.89791736846147,0,0.0464696942170174,NA,0.149057132614101,0,0.191329656884245,0.107727280782033,0.0173316809900254,0.559223618090452,1,"S4","signal",1000,10,0.133266044238292,14.5067181840494,0,0,0,"none",0,57,1
0.486494211098142,0.315066066772976,1,1,0.462299492153661,NA,0.979484869040387,1,0.0757595469080554,NA,0.177508912071493,0,0.531914126188373,0.403462354656442,9.04545340620898e-05,0.999909547738693,1,"S4","signal",1000,10,0.133266044238292,9.37789284683234,0,0,0,"none",0,58,1
0.538371820576011,0.31491225745743,1,1,0.350601784091248,NA,0.973485160280577,1,0.154844937379132,NA,0.368395265139672,0,0.217081682314423,0.0787757905693299,0.0172887655145684,0.609560301507538,1,"S4","signal",1000,10,0.133266044238292,17.0435251115202,0,0,0,"none",0,59,1
0.540508789693929,0.261847297371022,1,1,0.224785389163132,NA,0.721804800304559,0,0.00129871291761379,NA,0.0330000333591659,0,0.204666669172827,0.220137676948783,0.021456761274281,0.687128140703518,1,"S4","signal",1000,10,0.133266044238292,8.36886984011826,0,0,0,"none",0,60,1
0.55689312593681,0.306518217593538,1,1,0.288589060112445,NA,0.841480084341317,0,0.0312380466724977,NA,0.0953580867335859,0,0.368413970094166,0.381684116712822,0.00664187847041338,0.957665829145729,1,"S4","signal",1000,10,0.133266044238292,10.2029958492285,0,0,0,"none",0,61,1
0.525277446107639,0.282085323133992,1,1,0.480443503888667,NA,0.995505300369776,1,0.0760366930457413,NA,0.197140545523605,0,0.550344910800402,0.286271381150385,0.00740868653915173,0.981075376884422,1,"S4","signal",1000,10,0.133266044238292,14.2811176045251,0,0,0,"none",0,62,1
0.517526326439821,0.295968119441485,1,1,0.375516739550152,NA,0.979091671637833,1,0.0327266391809262,NA,0.115810411002581,0,0.257910435036588,0.207132828830746,0.0180169827437884,0.828497487437186,1,"S4","signal",1000,10,0.133266044238292,15.8124950073257,0,0,0,"none",0,63,1
0.51870676783262,0.299508882048509,1,1,0.274478344131927,NA,0.853046508906098,0,0.0160691296247087,NA,0.0630170903114085,0,0.201124004403717,0.341377429954811,0.0112596163116757,0.939801507537688,1,"S4","signal",1000,10,0.133266044238292,11.9083097489846,0,0,0,"none",0,64,1
0.508006173469929,0.275261516159572,1,1,0.218311016791151,NA,0.791790336171311,0,0.00516754551400361,NA,0.0397204217146292,0,0.122671883498586,0.0763317958765683,0.0157199257218549,0.424894472361809,0,"S4","signal",1000,10,0.133266044238292,14.2934671218227,0,0,0,"none",0,65,1
0.563607580296516,0.342461203387805,1,1,0.176743707250325,NA,0.56629276462305,0,0.00771203333994573,NA,0.0429874581866018,0,0.120934299191123,0.203258143665854,0.01708443741029,0.59271608040201,1,"S4","signal",1000,10,0.133266044238292,9.22827200958589,0,0,0,"none",0,66,1
0.486284610502387,0.312582165804595,1,1,0.171546275879585,NA,0.640068749572867,0,0.0182408290420412,NA,0.0700042394673639,0,0.12928565301374,0.12726287706769,0.0192704070071839,0.532236180904523,1,"S4","signal",1000,10,0.133266044238292,12.9008118113545,0,0,0,"none",0,67,1
0.533767556722836,0.312452319712057,1,1,0.2281733567095,NA,0.680255521724472,0,0.0269455110905757,NA,0.0843722127465039,0,0.186939249721374,0.538650121913578,NA,1,1,"S4","signal",1000,10,0.133266044238292,8.24461741170783,0,0,0,"none",0,68,1
0.506303618389182,0.286213420668999,1,1,0.231551557285915,NA,0.730101084995952,0,0.0141612233669152,NA,0.0591117201297385,0,0.277425655277967,0.403654143230145,0.00820996105960704,0.963663316582915,1,"S4","signal",1000,10,0.133266044238292,8.39814951691973,0,0,0,"none",0,69,1
0.508323083081272,0.296291378265039,1,1,0.493669253669709,NA,0.981832474584145,1,0.166684252711505,NA,0.33336765210648,0,0.529300848931584,0.319944094671183,0.00162997898306215,0.996452261306533,1,"S4","signal",1000,10,0.133266044238292,8.93559902437712,0,0,0,"none",0,70,1
0.565157704172358,0.309954067992121,1,1,0.511189106764891,NA,0.990406488621986,1,0.257344608839645,NA,0.467439928351106,0,0.301183471600494,0.181591076113584,0.0200286138948863,0.71001256281407,1,"S4","signal",1000,10,0.133266044238292,10.3749013849762,0,0,0,"none",0,71,1
0.557457480672169,0.292656635288671,1,1,0.457004619473388,NA,0.997346379575919,1,0.29963909739663,NA,0.668458508710286,1,0.321534059151285,0.259810026063165,0.0108316847737734,0.911902010050251,1,"S4","signal",1000,10,0.133266044238292,17.0700631890778,0,0,0,"none",0,72,1
0.514938271507259,0.294559408965917,1,1,0.289550084391641,NA,0.901154016583362,0,0.0244804872365285,NA,0.0854633314467603,0,0.0891993544979343,0.0216061750222766,0.012917443586053,0.281829145728643,0,"S4","signal",1000,10,0.133266044238292,15.2205764114784,0,0,0,"none",0,73,1
0.570875302711399,0.271760710522218,1,1,0.531094468771509,NA,0.998524017283319,1,0.463423773022411,NA,0.796817200543731,1,0.549430660873701,0.292733301562619,4.52272670310357e-05,0.999954773869347,1,"S4","signal",1000,10,0.133266044238292,16.028401322753,0,0,0,"none",0,74,1
0.501053699356556,0.298894776315294,1,1,0.284734115356903,NA,0.923623457830173,0,0.0261935927683282,NA,0.0978124039239127,0,0.196353454321684,0.153392241178759,0.0214010329909542,0.637844221105528,1,"S4","signal",1000,10,0.133266044238292,15.4981580505116,0,0,0,"none",0,75,1
0.475735954563686,0.247414979694008,1,1,0.280571498125412,NA,0.931201200564607,0,0.0223341394784666,NA,0.09027299803705,0,0.118849845886101,0.146722618485412,0.0204501889899483,0.514462311557789,1,"S4","signal",1000,10,0.133266044238292,15.708501397949,0,0,0,"none",0,76,1
0.519309861266413,0.31868811350015,1,1,0.545360343034277,NA,0.997145194585312,1,0.0636083681772128,NA,0.15743858359304,0,0.454657613351973,0.0502422568460606,0.0147396728018881,0.827861809045226,1,"S4","signal",1000,10,0.133266044238292,11.9609609449338,0,0,0,"none",0,77,1
0.558529429257759,0.280598889202004,1,1,0.260141981551554,NA,0.857002746225355,0,0.206462682318245,NA,0.454083055086076,0,0.284430398691144,0.22219341991293,0.0110608070208838,0.921246231155779,1,"S4","signal",1000,10,0.133266044238292,13.6485832430729,0,0,0,"none",0,78,1
0.536212007867624,0.303047217986827,1,1,-0.099798802963702,NA,0.346624684330803,0,-0.00113619096170248,NA,0.033917325000975,0,-0.00291518446111518,0.15855069926958,0.0135559371748074,0.526917085427136,1,"S4","signal",1000,10,0.133266044238292,8.9163896786612,0,0,0,"none",0,79,1
0.583036290291045,0.279760504025275,1,1,0.0120796677548824,NA,0.0517380068285838,0,0.0013495260329641,NA,0.0335364302959006,0,0.0307561139310536,0.308226588067554,0.0156004368965338,0.822924623115578,1,"S4","signal",1000,10,0.133266044238292,12.6785925777204,0,0,0,"none",0,80,1
0.543620904919251,0.310169921570391,1,1,0.0305194085780479,NA,0.135434261886874,0,0.00292690659721433,NA,0.0361618910718217,0,0.01051713844092,0.023447482869911,0.00571241657392631,0.124336683417085,0,"S4","signal",1000,10,0.133266044238292,13.933190119339,0,0,0,"none",0,81,1
0.597465794092527,0.316488167782165,1,1,0.503978633649234,NA,0.991588017494827,1,0.300157008005382,NA,0.549113831647206,1,0.58746307277226,0.341671052404518,0.00279388296964417,0.995110552763819,1,"S4","signal",1000,10,0.133266044238292,12.2378386440234,0,0,0,"none",0,82,1
0.535021448475135,0.328958955588459,1,1,0.232847634795659,NA,0.87414796942525,0,0.245455807820398,NA,0.595251570836752,1,0.287110486134484,0.32084261170441,0.00531436454085723,0.971685929648241,1,"S4","signal",1000,10,0.133266044238292,17.0180297112238,0,0,0,"none",0,83,1
0.536486194265044,0.309996434559954,1,1,0.426403907161545,NA,0.998358309632184,1,0.193118158135963,NA,0.502149072806284,1,0.417098226238414,0.171704022135139,0.00829681052473952,0.954190954773869,1,"S4","signal",1000,10,0.133266044238292,23.1572849072364,0,0,0,"none",0,84,1
0.525394930212292,0.280343373602303,1,1,0.104562718711227,NA,0.346636780146534,0,0.0142353164407344,NA,0.0583994730396679,0,0.0547160570785987,0.126145205557258,0.0170842817973261,0.44463567839196,0,"S4","signal",1000,10,0.133266044238292,7.61472502883702,0,0,0,"none",0,85,1
0.552649209908227,0.272746559633206,1,1,0.225254330380469,NA,0.754891747929419,0,0.0107197987266215,NA,0.0527834045399222,0,0.0777303981556854,0.176764742258068,0.015598979433072,0.601183417085427,1,"S4","signal",1000,10,0.133266044238292,11.3339740977746,0,0,0,"none",0,86,1
0.507691246043657,0.319136250989856,1,1,0.212889734173355,NA,0.711921882277784,0,9.02017673394207e-05,NA,0.033037967669835,0,0.0808099655298965,0.237821178460609,0.017750475877506,0.742110552763819,1,"S4","signal",1000,10,0.133266044238292,11.2032523300603,0,0,0,"none",0,87,1
0.580982089639314,0.287702781281302,1,1,0.293240629106656,NA,0.909493259380534,0,0.0504008151954752,NA,0.156156731724336,0,0.330301858387714,0.470601548372308,0.00600952592628152,0.972791457286432,1,"S4","signal",1000,10,0.133266044238292,14.1534636507272,0,0,0,"none",0,88,1
0.534150122677568,0.280803631021547,1,1,0.527811790887859,NA,0.988747370916492,1,0.126868621037085,NA,0.256862418030723,0,0.531464476267924,0.551711005799312,NA,1,1,"S4","signal",1000,10,0.133266044238292,10.0647433666296,0,0,0,"none",0,89,1
0.516920566556952,0.314194006178975,1,1,0.349032338972777,NA,0.955972380053802,1,0.0876561373999676,NA,0.240980731847691,0,0.116095737720284,0.0984784221438381,0.0154634847609342,0.492291457286432,0,"S4","signal",1000,10,0.133266044238292,13.061489030975,0,0,0,"none",0,90,1
0.482106446154365,0.250035313542184,1,1,0.271588215559365,NA,0.826622855856967,0,0.0459967187319245,NA,0.136126904438795,0,0.0154622282228089,0.00397120110119536,0.004814845426634,0.0979698492462312,0,"S4","signal",1000,10,0.133266044238292,9.23758151223133,0,0,0,"none",0,91,1
0.521019111344922,0.29038301144826,1,1,0.285608585085415,NA,0.922206529570855,0,0.0210101714517225,NA,0.0839123895323018,0,0.2862134773238,0.420864067413355,0.00324357308043297,0.989984924623116,1,"S4","signal",1000,10,0.133266044238292,15.7000839507436,0,0,0,"none",0,92,1
0.503636761487499,0.261312779380946,1,1,0.257157555678909,NA,0.820015394203113,0,0.0128363555799152,NA,0.05581885859591,0,0.28711171217676,0.245167309703746,0.0128417743413342,0.849608040201005,1,"S4","signal",1000,10,0.133266044238292,12.0587606125293,0,0,0,"none",0,93,1
0.579367400769137,0.314968416689203,1,1,0.333506948193591,NA,0.882971957429764,0,0.0332419120015409,NA,0.0957723814846508,0,0.346960126095526,0.494378951318739,0.00125098913508075,0.997527638190955,1,"S4","signal",1000,10,0.133266044238292,9.2924510377233,0,0,0,"none",0,94,1
0.525442983578836,0.295853907986164,1,1,0.150535379558379,NA,0.603331746025555,0,0.0126084440129083,NA,0.0590287154156041,0,0.0478720967085177,0.327941610585617,0.0118080857976435,0.939183417085427,1,"S4","signal",1000,10,0.133266044238292,12.5633099602378,0,0,0,"none",0,95,1
0.542770111964026,0.296056185289004,1,1,0.346970692466703,NA,0.920577475603805,0,0.0372084700239611,NA,0.108444287057521,0,0.607535275776231,0.36055774885907,0.00199515332372342,0.996552763819096,1,"S4","signal",1000,10,0.133266044238292,9.46703593027479,0,0,0,"none",0,96,1
0.581707961347659,0.281463325660932,1,1,0.376071172689359,NA,0.885920523583987,0,0.00693476363050001,NA,0.0395979158439182,0,0.201197872730961,0.264494732612296,0.0156261279993924,0.729206030150754,1,"S4","signal",1000,10,0.133266044238292,7.47400037437944,0,0,0,"none",0,97,1
0.494072298343857,0.285288659285247,1,1,0.190779797256276,NA,0.69814739777589,0,0.00449468977983521,NA,0.0377576769080938,0,0.0112203477974774,0.0357155286208485,0.00816134011035205,0.177969849246231,0,"S4","signal",1000,10,0.133266044238292,12.8678095850076,0,0,0,"none",0,98,1
0.538837186767922,0.27734610007521,1,1,0.228870954432935,NA,0.815424510512618,0,0.00625897066914385,NA,0.0429584035476265,0,0.230527275411379,0.429183690910586,0.00912039658791442,0.937922110552764,1,"S4","signal",1000,10,0.133266044238292,15.6310453009869,0,0,0,"none",0,99,1
0.534904482718657,0.312080024331064,1,1,0.309960571600589,NA,0.903327036928292,0,0.0436576160704387,NA,0.129426152497023,0,0.379181999759841,0.33569773783646,0.00652358352059286,0.961155778894472,1,"S4","signal",1000,10,0.133266044238292,12.8430149207632,0,0,0,"none",0,100,1
0.503241523832947,0.298864886915873,1,1,0.256494861565246,NA,0.946434620348026,0,0.0368682354706157,NA,0.146870046986988,0,0.0714225399713069,0.0102358684372988,0.0101352672805037,0.271379396984925,0,"S4","signal",1000,25,0.21071211727688,26.4432858024115,0,0,0,"none",0,1,1
0.538976652111237,0.272081719931826,1,1,0.364923830274938,NA,0.998292701293578,1,0.204725393853056,NA,0.598154584895928,1,0.327080695174148,0.271573995254386,0.00249991003401123,0.995884422110553,1,"S4","signal",1000,25,0.21071211727688,32.0258405479259,0,0,0,"none",0,2,1
0.5083242824508,0.309948396348607,1,1,0.297124594418491,NA,0.99095598590143,1,0.119940246415158,NA,0.413830285846102,0,0.317488533267426,0.518512237354437,0.000647658277262715,0.999072864321608,1,"S4","signal",1000,25,0.21071211727688,34.7419554399484,0,0,0,"none",0,3,1
0.56631422746664,0.296546735955068,1,1,0.369739352991021,NA,0.999160680226452,1,0.226805055653712,NA,0.681839187221764,1,0.331096184777237,0.418176095025575,NA,1,1,"S4","signal",1000,25,0.21071211727688,36.8672507172987,0,0,0,"none",0,4,1
0.525787650225908,0.305916264265981,1,1,0.267363073346676,NA,0.980248595575918,1,0.0746427492899912,NA,0.280373504791117,0,0.304390394584732,0.326193870430713,0.00303919743266359,0.994454773869347,1,"S4","signal",1000,25,0.21071211727688,33.0061354453569,0,0,0,"none",0,5,1
0.49680046010751,0.320851864404707,1,1,0.402476091547621,NA,0.999918829614374,1,0.155275882405612,NA,0.500117322485137,1,0.457995425651387,0.215567557000478,NA,1,1,"S4","signal",1000,25,0.21071211727688,39.4131726557704,0,0,0,"none",0,6,1
0.500136455903428,0.300415218030017,1,1,0.12173862655586,NA,0.713573332134892,0,0.0138881484729784,NA,0.0846807959380591,0,0.0795744245631467,0.123374279450929,0.0116342625848816,0.498869346733668,0,"S4","signal",1000,25,0.21071211727688,33.5435960129677,0,0,0,"none",0,7,1
0.550219351022507,0.291945471899483,1,1,0.174517235571424,NA,0.834786226431754,0,0.00209887003113749,NA,0.0368470106284855,0,0.0590919873686203,0.0997511258403589,0.0150012173486784,0.394437185929648,0,"S4","signal",1000,25,0.21071211727688,28.0639347263474,0,0,0,"none",0,8,1
0.543057269982961,0.271159917607853,1,1,0.289815213378347,NA,0.98855635016505,1,0.0677319451210635,NA,0.253691414963696,0,0.33364585911746,0.421466825314154,NA,1,1,"S4","signal",1000,25,0.21071211727688,37.3116986594534,0,0,0,"none",0,9,1
0.485392051230822,0.286415579833392,1,1,0.318633140372669,NA,0.995758606243796,1,0.208533353708741,NA,0.656480212269422,1,0.337879622092813,0.458943956325852,NA,1,1,"S4","signal",1000,25,0.21071211727688,33.1912533614389,0,0,0,"none",0,10,1
0.507676684831625,0.319424921881235,1,1,0.214236413865492,NA,0.887700079656616,0,0.021999521990238,NA,0.0973014718585346,0,0.133904005336362,0.31073138489411,0.00247155299636296,0.99498743718593,1,"S4","signal",1000,25,0.21071211727688,22.672149473435,0,0,0,"none",0,11,1
0.541473185449295,0.290642499263226,1,1,0.422710319389685,NA,0.998816457653458,1,0.323991723651457,NA,0.7731007925543,1,0.386935757596888,0.51657312540361,NA,1,1,"S4","signal",1000,25,0.21071211727688,25.4483599891855,0,0,0,"none",0,12,1
0.53888069092676,0.314925348359778,1,1,0.231043732735969,NA,0.920831667409625,0,0.0330017817295121,NA,0.134610219321679,0,0.219021669108203,0.292250147734223,0.00840299216453194,0.954454773869347,1,"S4","signal",1000,25,0.21071211727688,28.5917913658513,0,0,0,"none",0,13,1
0.479948700654928,0.285829900780123,1,1,0.238206742840564,NA,0.967044837320698,1,0.0435759597304112,NA,0.188294637739549,0,0.292385764303366,0.359895682464451,0.00227667516171511,0.997103015075377,1,"S4","signal",1000,25,0.21071211727688,32.9105277985254,0,0,0,"none",0,14,1
0.567327751770751,0.292427475604023,1,1,0.414087722097608,NA,0.998552364072061,1,0.140688206557417,NA,0.391062709073297,0,0.419264947006397,0.393828767399392,NA,1,1,"S4","signal",1000,25,0.21071211727688,24.8118822471762,0,0,0,"none",0,15,1
0.507946344526372,0.275286962658521,1,1,0.24974156702429,NA,0.962030783728246,1,0.0225301148946625,NA,0.106261646111831,0,0.341401282937042,0.329954226629132,0.00304654369457296,0.9951608040201,1,"S4","signal",1000,25,0.21071211727688,32.5190416655863,0,0,0,"none",0,16,1
0.546641380501218,0.315032350218859,1,1,0.436855157321034,NA,0.999899357881242,1,0.422883517822183,NA,0.976069448519778,1,0.497652898084,0.240607377983097,NA,1,1,"S4","signal",1000,25,0.21071211727688,35.3601227869205,0,0,0,"none",0,17,1
0.532031469893663,0.277022166605878,1,1,0.254421190037114,NA,0.94482256698729,0,0.0145627913073462,NA,0.0769187815390459,0,0.268838172330665,0.292811537781158,0.0105758615472403,0.93171608040201,1,"S4","signal",1000,25,0.21071211727688,23.3825495798725,0,0,0,"none",0,18,1
0.60305325940503,0.277234843980142,1,1,0.428064154849363,NA,0.999810064463168,1,0.295946748746092,NA,0.768333080277916,1,0.470938819587597,0.307456298928239,NA,1,1,"S4","signal",1000,25,0.21071211727688,33.5394961412312,0,0,0,"none",0,19,1
0.49136216131787,0.306017653227233,1,1,0.36689803754934,NA,0.999008953916867,1,0.17698314837923,NA,0.547906847377455,1,0.459233720087904,0.454937034717198,NA,1,1,"S4","signal",1000,25,0.21071211727688,31.1394707908668,0,0,0,"none",0,20,1
0.532651745341797,0.290781813438152,1,1,0.444265047468912,NA,0.9996454245342,1,0.329214520199731,NA,0.804677966232838,1,0.540755051822265,0.413974276916554,NA,1,1,"S4","signal",1000,25,0.21071211727688,28.3118652232846,0,0,0,"none",0,21,1
0.514313165449236,0.282072689817468,1,1,0.357200845925985,NA,0.996102235005534,1,0.334404481266245,NA,0.815765612679533,1,0.329697310262581,0.126784105566755,0.0133306129398084,0.895022613065327,1,"S4","signal",1000,25,0.21071211727688,27.1289793783123,0,0,0,"none",0,22,1
0.510645882448134,0.303793006499539,1,1,0.296321944653792,NA,0.989262443996333,1,0.0851295032824245,NA,0.306875011791707,0,0.207061570736368,0.258323843196565,0.00840849961876627,0.939384422110553,1,"S4","signal",1000,25,0.21071211727688,34.8169031004728,0,0,0,"none",0,23,1
0.515923836803859,0.34235121603129,1,1,0.24895848195103,NA,0.972784626122101,1,0.0650210785351868,NA,0.264869481031047,0,0.24037935568803,0.307041904934186,0.00574782359322306,0.982065326633166,1,"S4","signal",1000,25,0.21071211727688,38.5866992820464,0,0,0,"none",0,24,1
0.503903838236903,0.309039568873426,1,1,0.365907694924035,NA,0.999085406156841,1,0.098276650911017,NA,0.337104687503808,0,0.411664804367997,0.382093578659574,NA,1,1,"S4","signal",1000,25,0.21071211727688,34.1405038203117,0,0,0,"none",0,25,1
0.534439606516103,0.300618903941778,1,1,0.305721440271685,NA,0.991571927992797,1,0.148313354908739,NA,0.479665759052902,0,0.079084410446135,0.0390015933953921,0.0150721030388459,0.325399497487437,0,"S4","signal",1000,25,0.21071211727688,28.6344989039894,0,0,0,"none",0,26,1
0.540818572063139,0.29058350641018,1,1,0.45795877602303,NA,0.999978669604837,1,0.417648252683001,NA,0.972645815242121,1,0.500022539132414,0.401641584760426,NA,1,1,"S4","signal",1000,25,0.21071211727688,40.5457566783497,0,0,0,"none",0,27,1
0.524446987626394,0.274964048863968,1,1,0.223319551354221,NA,0.943539547772495,0,0.0299857205643201,NA,0.131916190780594,0,0.181501875356127,0.342323954399765,0.0110859812689107,0.959663316582915,1,"S4","signal",1000,25,0.21071211727688,34.2606456159552,0,0,0,"none",0,28,1
0.566363212937484,0.307498938064802,1,1,0.35742831509606,NA,0.989953379104952,1,0.121693954937522,NA,0.359471301728998,0,0.33430499563816,0.331081625990394,0.00560275225949131,0.978605527638191,1,"S4","signal",1000,25,0.21071211727688,24.1763282041484,0,0,0,"none",0,29,1
0.544322793092746,0.333813079460913,1,1,0.349687378083532,NA,0.986388766276313,1,0.188287586250575,NA,0.497770105296703,0,0.421824736441802,0.426520150715082,NA,1,1,"S4","signal",1000,25,0.21071211727688,23.1261976830145,0,0,0,"none",0,30,1
0.520139453296762,0.292584295477105,1,1,0.337279452876376,NA,0.997203224916348,1,0.0870542267014704,NA,0.302163841672649,0,0.352019807192186,0.26639052885733,0.0050907033291943,0.993105527638191,1,"S4","signal",1000,25,0.21071211727688,35.7612416335265,0,0,0,"none",0,31,1
0.528391758795145,0.292688297301835,1,1,0.243461887313059,NA,0.944813442598088,0,0.00955619397464246,NA,0.0592188730031623,0,0.27714779048185,0.312778213432469,0.00582970119204991,0.977628140703518,1,"S4","signal",1000,25,0.21071211727688,26.4754071057728,0,0,0,"none",0,32,1
0.551359576280393,0.269401045651697,1,1,0.372300626656625,NA,0.998868502495487,1,0.277760918412226,NA,0.752961092824127,1,0.397542155380928,0.270409293681918,0.000783939295204659,0.99921608040201,1,"S4","signal",1000,25,0.21071211727688,34.7099843580311,0,0,0,"none",0,33,1
0.467684566566324,0.307860637638852,1,1,0.172235604385704,NA,0.842584855089907,0,0.0250187513287631,NA,0.117350172870528,0,0.0464879129131956,0.0915417148928969,0.0153420684290763,0.420874371859296,0,"S4","signal",1000,25,0.21071211727688,30.6210658267748,0,0,0,"none",0,34,1
0.520615798565629,0.300307443030629,1,1,0.25153313162432,NA,0.969645310168931,1,0.0541389013802697,NA,0.212578113854278,0,0.254151621059067,0.116297165857684,0.0151220827987722,0.816027638190955,1,"S4","signal",1000,25,0.21071211727688,33.3181340516761,0,0,0,"none",0,35,1
0.560913345461376,0.292992317201632,1,1,0.295627213643199,NA,0.982270528001356,1,0.035436979518706,NA,0.145255750609653,0,0.29622054191886,0.384263208205429,0.0030872769681174,0.993741206030151,1,"S4","signal",1000,25,0.21071211727688,25.5913384921038,0,0,0,"none",0,36,1
0.569096732874017,0.291158000505608,1,1,0.536952493025664,NA,0.999999693539901,1,0.487118164985956,NA,0.993258798323952,1,0.549354199117033,0.302910947764236,NA,1,1,"S4","signal",1000,25,0.21071211727688,39.0886185910214,0,0,0,"none",0,37,1
0.539257915632206,0.328587533798511,1,1,0.530306411365446,NA,0.999991144151986,1,0.295337025568091,NA,0.721215505587993,1,0.582706667035643,0.513304148085972,NA,1,1,"S4","signal",1000,25,0.21071211727688,36.3148421478164,0,0,0,"none",0,38,1
0.529719924548329,0.310112818990256,1,1,0.181518022618622,NA,0.81004745920895,0,0.0044428757867966,NA,0.0426301116951134,0,0.0611611050895096,0.0784033162462788,0.0150631113172202,0.393929648241206,0,"S4","signal",1000,25,0.21071211727688,22.8426801759753,0,0,0,"none",0,39,1
0.482883662985901,0.325814333207792,1,1,0.195773626844422,NA,0.869838504009595,0,0.00932733168882344,NA,0.0590126976830047,0,0.221129153639716,0.301035856808662,0.00534665003935488,0.982439698492462,1,"S4","signal",1000,25,0.21071211727688,28.1531873485258,0,0,0,"none",0,40,1
0.594167778879445,0.292127106561739,1,1,0.392092056204659,NA,0.99441383205524,1,0.129930642572176,NA,0.365507343718607,0,0.344389392814279,0.524440605698399,NA,1,1,"S4","signal",1000,25,0.21071211727688,24.8707589626059,0,0,0,"none",0,41,1
0.571813250332862,0.320947416806238,1,1,0.393066008346502,NA,0.998837112297423,1,0.296499053463227,NA,0.762171759155441,1,0.397142180155914,0.390311162117647,0.000914595844405277,0.999085427135678,1,"S4","signal",1000,25,0.21071211727688,32.0641193422013,0,0,0,"none",0,42,1
0.496462230734303,0.325792040222669,1,1,0.104880644082809,NA,0.584530133510196,0,0.00774535279946851,NA,0.055817590179123,0,0.0441135084859993,0.120803033262663,0.0128228736745963,0.486565326633166,0,"S4","signal",1000,25,0.21071211727688,24.2873857275995,0,0,0,"none",0,43,1
0.544782400180291,0.316313638098077,1,1,0.403114861447426,NA,0.99793979590229,1,0.26152430741941,NA,0.649860337554254,1,0.39225949250331,0.286265578745949,0.00243317604684928,0.99572864321608,1,"S4","signal",1000,25,0.21071211727688,26.2259907161797,0,0,0,"none",0,44,1
0.512369436312763,0.299531929244837,1,1,0.410428821637206,NA,0.999502328153097,1,0.142694723948272,NA,0.429778481248023,0,0.425880387167796,0.357678823406562,NA,1,1,"S4","signal",1000,25,0.21071211727688,29.8284937387419,0,0,0,"none",0,45,1
0.483775677788434,0.303481223403564,1,1,0.378432546320597,NA,0.998458152590927,1,0.227075271845541,NA,0.637962393228036,1,0.346103506170953,0.218923783808269,0.00885178764449395,0.966105527638191,1,"S4","signal",1000,25,0.21071211727688,26.1664023872316,0,0,0,"none",0,46,1
0.535891785731675,0.317761922263052,1,1,0.204410777331078,NA,0.893122828741419,0,0.00678547571704006,NA,0.0503561967351446,0,0.0229014891123126,0.0259915179663985,0.00850927967236863,0.169917085427136,0,"S4","signal",1000,25,0.21071211727688,27.7324302064124,0,0,0,"none",0,47,1
0.515740658350526,0.29980875956778,1,1,0.300915663754233,NA,0.99396356170645,1,0.12871361844166,NA,0.437075688066936,0,0.301249066586285,0.194601212447046,0.00486671088308482,0.969113065326633,1,"S4","signal",1000,25,0.21071211727688,32.4856427883304,0,0,0,"none",0,48,1
0.532592829601846,0.335581497110783,1,1,0.347129868203673,NA,0.985857297680085,1,0.0576260423405486,NA,0.196963027146965,0,0.283391140846938,0.159778614195006,0.0209166686040938,0.811133165829146,1,"S4","signal",1000,25,0.21071211727688,22.2852211923722,0,0,0,"none",0,49,1
0.50216232812884,0.3011592337511,1,1,0.225082817125025,NA,0.946379995577139,0,0.00914041519969252,NA,0.0605994018006545,0,0.322603751367833,0.245540595228768,0.00496640738945442,0.984454773869347,1,"S4","signal",1000,25,0.21071211727688,34.0199573090843,0,0,0,"none",0,50,1
0.495806883505059,0.280210885971614,1,1,0.375747072036187,NA,0.999460284889655,1,0.276430815083972,NA,0.789940255540798,1,0.380932865457036,0.306570629831921,0.00203522701639657,0.997964824120603,1,"S4","signal",1000,25,0.21071211727688,32.3844925398134,0,0,0,"none",0,51,1
0.51351274363178,0.317861140178326,1,1,0.206930991383632,NA,0.945386638093348,0,0.0327771588838776,NA,0.157605843208384,0,0.214283074834174,0.376708560523672,0.00382425964094131,0.993806532663317,1,"S4","signal",1000,25,0.21071211727688,35.601482845279,0,0,0,"none",0,52,1
0.549415697355612,0.294129820136041,1,1,0.338524665685947,NA,0.99675038591633,1,0.113751822685032,NA,0.378608905177941,0,0.35276046374676,0.182539560736595,0.00561778621949072,0.97613567839196,1,"S4","signal",1000,25,0.21071211727688,33.7266597342662,0,0,0,"none",0,53,1
0.478233826405055,0.327324183950882,1,1,0.366749230719019,NA,0.99931223180016,1,0.330345511816395,NA,0.883065329835001,1,0.409820977111875,0.443776280333598,NA,1,1,"S4","signal",1000,25,0.21071211727688,38.1979497267813,0,0,0,"none",0,54,1
0.533805044389385,0.275285711605131,1,1,0.253522703677567,NA,0.916244434415518,0,0.00444250866680874,NA,0.0403773503520985,0,0.174172180548435,0.201120362125234,0.0129325058020873,0.732804020100502,1,"S4","signal",1000,25,0.21071211727688,20.3598750648822,0,0,0,"none",0,55,1
0.481355434579655,0.278365318665827,1,1,0.174742957867714,NA,0.899456779263824,0,0.0173490554699675,NA,0.0974508259406886,0,0.157683559993367,0.267038689449489,0.00632045264650553,0.973100502512563,1,"S4","signal",1000,25,0.21071211727688,36.1697663315924,0,0,0,"none",0,56,1
0.499782477367379,0.318924851983167,1,1,0.303828686340181,NA,0.992995483439662,1,0.0318288892000679,NA,0.135054157502052,0,0.305046649260984,0.232816109192301,0.0138416655059125,0.95844472361809,1,"S4","signal",1000,25,0.21071211727688,34.5532756205164,0,0,0,"none",0,57,1
0.499910649243407,0.294988649772505,1,1,0.33507493427645,NA,0.991610766463373,1,0.142347548633333,NA,0.425498638587952,0,0.327767126954275,0.436560543883003,0.0028216789375472,0.997178391959799,1,"S4","signal",1000,25,0.21071211727688,24.3607837784259,0,0,0,"none",0,58,1
0.539302077055263,0.311272622601721,1,1,0.404408672680961,NA,0.999667845459618,1,0.212911513161217,NA,0.626889832059575,1,0.445496503767802,0.403768117760859,NA,1,1,"S4","signal",1000,25,0.21071211727688,35.5975635591073,0,0,0,"none",0,59,1
0.525768921526333,0.291765215184546,1,1,0.313197497323277,NA,0.991031116825389,1,0.0876186342435635,NA,0.306176900395556,0,0.289205955232691,0.340873470335343,0.0016900533313498,0.996525125628141,1,"S4","signal",1000,25,0.21071211727688,30.7431375730388,0,0,0,"none",0,60,1
0.51184236303505,0.29445959917861,1,1,0.216590419873698,NA,0.937670775022187,0,0.012424596569405,NA,0.0731681637096305,0,0.200356097440051,0.285097812029728,0.00658199990433447,0.981597989949749,1,"S4","signal",1000,25,0.21071211727688,30.6737164308634,0,0,0,"none",0,61,1
0.4920064659084,0.290238997217733,1,1,0.39637822020828,NA,0.999550435312542,1,0.320359511382997,NA,0.83127165223253,1,0.381903310842572,0.343651642861461,NA,1,1,"S4","signal",1000,25,0.21071211727688,36.0398320975823,0,0,0,"none",0,62,1
0.522108379762579,0.271172806063416,1,1,0.278689235994278,NA,0.973812777969829,1,0.0778053805035017,NA,0.274213806671565,0,0.231308680646247,0.256187250652431,0.0140640726307331,0.886050251256281,1,"S4","signal",1000,25,0.21071211727688,28.914656606009,0,0,0,"none",0,63,1
0.546755115177552,0.314143493423181,1,1,0.44655937731456,NA,0.999953878619868,1,0.405899913575805,NA,0.949479626902209,1,0.525719081151689,0.321375036390795,NA,1,1,"S4","signal",1000,25,0.21071211727688,39.0980391113099,0,0,0,"none",0,64,1
0.576258248846331,0.313579359252148,1,1,0.450035296589019,NA,0.999822114426929,1,0.360404868516685,NA,0.867268360090109,1,0.491243170613943,0.387625182767874,NA,1,1,"S4","signal",1000,25,0.21071211727688,30.6272255539824,0,0,0,"none",0,65,1
0.529769212566905,0.277016586001894,1,1,0.469299788492994,NA,0.999897019253538,1,0.306306890243306,NA,0.762613423928349,1,0.388315677225635,0.228265237239906,0.000944747355759407,0.99905527638191,1,"S4","signal",1000,25,0.21071211727688,29.4867388510145,0,0,0,"none",0,66,1
0.567456320576686,0.314520538472972,1,1,0.176597877047497,NA,0.819617818313329,0,0.00291801562856463,NA,0.036745725402893,0,0.157201627681654,0.366196911886191,0.00621524255916126,0.975032663316583,1,"S4","signal",1000,25,0.21071211727688,24.1922732083682,0,0,0,"none",0,67,1
0.541121800647026,0.301968216513064,1,1,0.273709504832877,NA,0.976426705746096,1,0.0421525829275228,NA,0.167201561974921,0,0.281394674983061,0.44064036579157,NA,1,1,"S4","signal",1000,25,0.21071211727688,30.4165895509183,0,0,0,"none",0,68,1
0.504474903891531,0.314562363513035,1,1,0.282670755744152,NA,0.993730247421546,1,0.140111391326861,NA,0.509284887356683,1,0.290649383353223,0.380771347982522,0.00285110072835709,0.995826633165829,1,"S4","signal",1000,25,0.21071211727688,41.9243002131123,0,0,0,"none",0,69,1
0.559627468963365,0.292082392677117,1,1,0.556425407367905,NA,0.999998385706417,1,0.525260741501996,NA,0.993784494345701,1,0.557546555202102,0.319744284486586,NA,1,1,"S4","signal",1000,25,0.21071211727688,33.4074105942044,0,0,0,"none",0,70,1
0.534905789447497,0.297740665452524,1,1,0.186916435679021,NA,0.888921313673232,0,0.0103766794215231,NA,0.0661585847204574,0,0.131982548083674,0.440815964163016,NA,1,1,"S4","signal",1000,25,0.21071211727688,29.3937668777961,0,0,0,"none",0,71,1
0.550698879946986,0.299315100957206,1,1,0.412548961481744,NA,0.999010250330922,1,0.266422161279013,NA,0.678934097014942,1,0.459847914234288,0.288777045941201,NA,1,1,"S4","signal",1000,25,0.21071211727688,28.7037185526419,0,0,0,"none",0,72,1
0.543208362943873,0.316620298346687,1,1,0.283162916703347,NA,0.972978087988564,1,0.09883154572005,NA,0.327399811309116,0,0.262512444547051,0.210690586658905,0.0137642499064925,0.896298994974874,1,"S4","signal",1000,25,0.21071211727688,26.7435209962629,0,0,0,"none",0,73,1
0.533701127643465,0.289043882718606,1,1,0.462377982858387,NA,0.99943000352193,1,0.319992679326113,NA,0.752433834241531,1,0.431220359238744,0.268603805455978,0.00290846718232461,0.99235175879397,1,"S4","signal",1000,25,0.21071211727688,23.7342656581696,0,0,0,"none",0,74,1
0.502292754926511,0.321033370865126,1,1,0.295308797189201,NA,0.991867590192178,1,0.0478768280113612,NA,0.199599001077333,0,0.292094433066336,0.398114282823562,NA,1,1,"S4","signal",1000,25,0.21071211727688,33.7774047202104,0,0,0,"none",0,75,1
0.580275114914477,0.29943141716995,1,1,0.297889012747965,NA,0.983512583726877,1,0.218315061236991,NA,0.623534625629501,1,0.309307238027496,0.346946241967859,0.000512575693018478,0.99948743718593,1,"S4","signal",1000,25,0.21071211727688,28.2532999178779,0,0,0,"none",0,76,1
0.566648796957733,0.32314955473179,1,1,0.302081075188203,NA,0.987727564054588,1,0.0327551520845151,NA,0.135473050892945,0,0.341360847494934,0.315580040268252,0.000743737280066064,0.999256281407035,1,"S4","signal",1000,25,0.21071211727688,31.5373123947779,0,0,0,"none",0,77,1
0.495355464838165,0.290757125278137,1,1,0.360123043605198,NA,0.996990306313319,1,0.16655630824727,NA,0.494071220487218,0,0.390970867330511,0.355977645971314,NA,1,1,"S4","signal",1000,25,0.21071211727688,31.9568301004441,0,0,0,"none",0,78,1
0.579129890298845,0.283345614368395,1,1,0.334063088347189,NA,0.994433657804984,1,0.131742445259137,NA,0.411836266493682,0,0.41928226256241,0.36682170620673,NA,1,1,"S4","signal",1000,25,0.21071211727688,30.0085284238102,0,0,0,"none",0,79,1
0.520005074673591,0.300120760442366,1,1,0.437406686584186,NA,0.999493137399403,1,0.319460634440614,NA,0.760095395656051,1,0.501995683686812,0.504690294873776,NA,1,1,"S4","signal",1000,25,0.21071211727688,31.3467027653477,0,0,0,"none",0,80,1
0.487758065170315,0.275974668443634,1,1,0.203441102036087,NA,0.949899679211599,0,0.030741099485086,NA,0.153445023866398,0,0.215320918757156,0.253740135296514,0.00826666367650599,0.959540201005025,1,"S4","signal",1000,25,0.21071211727688,42.8426454044843,0,0,0,"none",0,81,1
0.488004315088043,0.319331616803168,1,1,0.189882224354426,NA,0.846772703119748,0,0.0137187596276244,NA,0.0733358951340451,0,0.13001530273922,0.191885434331134,0.0143793752526963,0.699673366834171,1,"S4","signal",1000,25,0.21071211727688,26.267020356062,0,0,0,"none",0,82,1
0.511430698335275,0.317051047636902,1,1,0.276105911333528,NA,0.987508993177799,1,0.193282563013558,NA,0.615576455878092,1,0.353915493530397,0.321939451027161,0.0034915154717502,0.996027638190955,1,"S4","signal",1000,25,0.21071211727688,36.1155804768027,0,0,0,"none",0,83,1
0.542157176364214,0.284550594142467,1,1,0.336761680791826,NA,0.995032858976967,1,0.157037383681364,NA,0.472255628399409,0,0.3853408546223,0.346192277229116,NA,1,1,"S4","signal",1000,25,0.21071211727688,33.5648646361998,0,0,0,"none",0,84,1
0.51812746414028,0.31997280115542,1,1,0.322833276280478,NA,0.992993271505819,1,0.15852647312776,NA,0.504540281042012,1,0.207998262796842,0.032082171242207,0.0167203058915209,0.645630653266332,1,"S4","signal",1000,25,0.21071211727688,30.4653941896039,0,0,0,"none",0,85,1
0.529233904809628,0.301720599193479,1,1,0.369177758214172,NA,0.998400138685302,1,0.192490811311796,NA,0.564692254731788,1,0.42446083971119,0.378271994342765,NA,1,1,"S4","signal",1000,25,0.21071211727688,29.9615349393765,0,0,0,"none",0,86,1
0.506661711891304,0.286532236731049,1,1,0.381187688102648,NA,0.997866745293552,1,0.100889847135312,NA,0.314291130745499,0,0.417991261207544,0.483166747151355,NA,1,1,"S4","signal",1000,25,0.21071211727688,29.6014068638689,0,0,0,"none",0,87,1
0.536231518224112,0.296752832594225,1,1,0.388820852750705,NA,0.999740609145798,1,0.234356881324298,NA,0.682891830623137,1,0.424806705051046,0.159245701317431,0.00164033788503443,0.996680904522613,1,"S4","signal",1000,25,0.21071211727688,37.751265949458,0,0,0,"none",0,88,1
0.479116224135149,0.278568259768729,1,1,0.267868641494622,NA,0.997899985629851,1,0.0195326088014738,NA,0.114027794049258,0,0.28644351204056,0.314722757867275,NA,1,1,"S4","signal",1000,25,0.21071211727688,51.6604797172591,0,0,0,"none",0,89,1
0.527900071106151,0.309152592304243,1,1,0.184145423548007,NA,0.853299388861843,0,0.0184128189916325,NA,0.0918831337587367,0,0.108755746680129,0.0996179153222589,0.013914175418801,0.496412060301508,0,"S4","signal",1000,25,0.21071211727688,27.2978188899126,0,0,0,"none",0,90,1
0.514324112587533,0.317526521572126,1,1,0.279278233671575,NA,0.982709605961573,1,0.0469117890760845,NA,0.191727077708055,0,0.238466829082161,0.280155925352727,0.0101633686675246,0.907778894472362,1,"S4","signal",1000,25,0.21071211727688,29.269673150577,0,0,0,"none",0,91,1
0.557475169510137,0.274315536022782,1,1,0.37226607668801,NA,0.999651451341308,1,0.275402415236012,NA,0.805924772179898,1,0.368573646103573,0.297218774164079,NA,1,1,"S4","signal",1000,25,0.21071211727688,38.7582948993851,0,0,0,"none",0,92,1
0.537854629731195,0.298407517561195,1,1,0.372073609847253,NA,0.994349613037052,1,0.108353864631376,NA,0.320125781852856,0,0.388705936364379,0.310930103768597,0.00166520334402759,0.997902010050251,1,"S4","signal",1000,25,0.21071211727688,24.0202883043097,0,0,0,"none",0,93,1
0.549745626638375,0.315773228414843,1,1,0.0913613378213506,NA,0.49934638155147,0,0.00353470291136317,NA,0.0394559778836064,0,0.015887549724812,0.0934089175267733,0.0109649131996873,0.354062814070352,0,"S4","signal",1000,25,0.21071211727688,26.2004550769637,0,0,0,"none",0,94,1
0.545750999178367,0.29459557287244,1,1,0.374969826408106,NA,0.997629352651968,1,0.176949811918338,NA,0.494243688853439,0,0.421690872194849,0.368769957142025,NA,1,1,"S4","signal",1000,25,0.21071211727688,29.1412002077183,0,0,0,"none",0,95,1
0.488994693776542,0.300065335543926,1,1,0.233441962407358,NA,0.938550012687052,0,0.0189944166742479,NA,0.0936181377603406,0,0.326140791526241,0.5070871011231,NA,1,1,"S4","signal",1000,25,0.21071211727688,26.7920026691425,0,0,0,"none",0,96,1
0.501717760130466,0.305479512458087,1,1,0.423039856138782,NA,0.999127634966518,1,0.259548931970396,NA,0.661291110103396,1,0.38865499176687,0.41997061981186,NA,1,1,"S4","signal",1000,25,0.21071211727688,27.4967069435942,0,0,0,"none",0,97,1
0.507186524191504,0.297321018623083,1,1,0.311900655138156,NA,0.994402861741682,1,0.202344206836398,NA,0.63804999708533,1,0.33006092812394,0.478371647173726,NA,1,1,"S4","signal",1000,25,0.21071211727688,34.4098538500361,0,0,0,"none",0,98,1
0.522664978234329,0.290522182597462,1,1,0.273354406425827,NA,0.98100671278058,1,0.066526163488574,NA,0.258818657620842,0,0.14682014116517,0.0312882569014303,0.0152214783994626,0.499678391959799,0,"S4","signal",1000,25,0.21071211727688,32.9968619537487,0,0,0,"none",0,99,1
0.533380492509048,0.292118483903485,1,1,0.440740635486201,NA,0.99962295506961,1,0.293237699958723,NA,0.727318375556172,1,0.459032227927839,0.355869659592252,NA,1,1,"S4","signal",1000,25,0.21071211727688,25.3637504452272,0,0,0,"none",0,100,1
0.520398662641759,0.311790186011451,1,1,0.38178217619667,NA,0.999999949645374,1,0.35946744152153,NA,0.999881301177108,1,0.406592502021009,0.289209833065449,NA,1,1,"S4","signal",1000,70,0.352588811263852,96.9021981216695,0,0,0,"none",0,1,1
0.566824079856236,0.303758269471194,1,1,0.473030664297584,NA,0.999999999848414,1,0.440921199087751,NA,0.999995216087807,1,0.446644329442506,0.294698120834242,NA,1,1,"S4","signal",1000,70,0.352588811263852,93.9163883460839,0,0,0,"none",0,2,1
0.41424559989443,0.331226398906566,1,1,0.273024998407619,NA,0.999823520314024,1,0.234154800915986,NA,0.904386083564238,1,0.298056404365217,0.282261261901582,NA,1,1,"S4","signal",1000,70,0.352588811263852,85.1458522786525,0,0,0,"none",0,3,1
0.436835216751793,0.313014666226039,1,1,0.348800317423501,NA,0.999998427546159,1,0.317922828625596,NA,0.996234830740881,1,0.375825362189733,0.375234503917977,NA,1,1,"S4","signal",1000,70,0.352588811263852,92.5231397648584,0,0,0,"none",0,4,1
0.446839060988442,0.312046261846497,1,1,0.204573330630933,NA,0.990788170764198,1,0.129710765572667,NA,0.589369281249826,1,0.199457212119609,0.250001977341186,0.00185131826285957,0.997768844221106,1,"S4","signal",1000,70,0.352588811263852,76.3556933058039,0,0,0,"none",0,5,1
0.489703586024308,0.306641560722024,1,1,0.342079187896317,NA,0.999982095566989,1,0.240360973114997,NA,0.855809399591892,1,0.299837452087154,0.303341583338782,NA,1,1,"S4","signal",1000,70,0.352588811263852,78.2000057629695,0,0,0,"none",0,6,1
0.5218318674834,0.314579800616106,1,1,0.329597408641399,NA,0.999984105889567,1,0.300251507607425,NA,0.981175928952338,1,0.318008868599702,0.299452451947012,NA,1,1,"S4","signal",1000,70,0.352588811263852,83.1985146859807,0,0,0,"none",0,7,1
0.495526650313382,0.288866345716784,1,1,0.35968697512513,NA,0.999999887301316,1,0.325251055667524,NA,0.997493973466796,1,0.426159615858156,0.208222592944358,NA,1,1,"S4","signal",1000,70,0.352588811263852,96.3764796778843,0,0,0,"none",0,8,1
0.455546686313388,0.288346004768749,1,1,0.405727335354655,NA,0.999999378107834,1,0.395939061716081,NA,0.999487339147918,1,0.454723838419123,0.424346539841291,NA,1,1,"S4","signal",1000,70,0.352588811263852,68.5868222852433,0,0,0,"none",0,9,1
0.482485802582806,0.300747909023286,1,1,0.251098938588683,NA,0.999353327454738,1,0.140662909695884,NA,0.627706093709246,1,0.267929142164275,0.296711030365878,NA,1,1,"S4","signal",1000,70,0.352588811263852,94.3395008137992,0,0,0,"none",0,10,1
0.462518769541621,0.285608348641649,1,1,0.181042155149542,NA,0.980587185519008,1,0.0910218294381305,NA,0.45718816782924,0,0.133528030297642,0.225379804220712,0.0035895205409351,0.990542713567839,1,"S4","signal",1000,70,0.352588811263852,75.6675885630761,0,0,0,"none",0,11,1
0.483277134618549,0.296252236254565,1,1,0.316061197207533,NA,0.999997256378514,1,0.292011373019483,NA,0.994591230765939,1,0.311765383946412,0.285842433648517,NA,1,1,"S4","signal",1000,70,0.352588811263852,95.0375090353416,0,0,0,"none",0,12,1
0.478162255400148,0.348950209439486,1,1,0.366891276264509,NA,0.999999591526912,1,0.34400440056069,NA,0.999178828386043,1,0.387267762908455,0.388886194573697,NA,1,1,"S4","signal",1000,70,0.352588811263852,102.085301912801,0,0,0,"none",0,13,1
0.530667214951957,0.307584093467081,1,1,0.332484546880394,NA,0.99999669347652,1,0.276841778131054,NA,0.973548619608768,1,0.355671806476213,0.230966851314775,NA,1,1,"S4","signal",1000,70,0.352588811263852,99.9832103194585,0,0,0,"none",0,14,1
0.52720065652085,0.301883680039739,1,1,0.298317472136337,NA,0.999871172442311,1,0.208183138155602,NA,0.79133612144994,1,0.309013325372321,0.293174441006173,NA,1,1,"S4","signal",1000,70,0.352588811263852,79.4302378313167,0,0,0,"none",0,15,1
0.4637230910408,0.312368874839096,1,1,0.300410144482266,NA,0.999900452037211,1,0.267092877311386,NA,0.934522012127389,1,0.283485682827133,0.30314906950411,NA,1,1,"S4","signal",1000,70,0.352588811263852,85.0956579744218,0,0,0,"none",0,16,1
0.508698289950247,0.294152997477063,1,1,0.355377054459288,NA,0.999986994375032,1,0.25407823469462,NA,0.841099799486077,1,0.315474455814227,0.319446047951131,NA,1,1,"S4","signal",1000,70,0.352588811263852,76.100913712834,0,0,0,"none",0,17,1
0.486091474211003,0.288666277958986,1,1,0.298542810451514,NA,0.999980494490062,1,0.221721164775571,NA,0.872823712302839,1,0.305106962184716,0.267262994441703,NA,1,1,"S4","signal",1000,70,0.352588811263852,98.0650091001924,0,0,0,"none",0,18,1
0.451226854696527,0.315315207818605,1,1,0.215371584426381,NA,0.992149960728505,1,0.0497054896658174,NA,0.25321722858911,0,0.245392242877437,0.348590452117894,NA,1,1,"S4","signal",1000,70,0.352588811263852,81.6261161447197,0,0,0,"none",0,19,1
0.484660728875313,0.28240182305456,1,1,0.25258432128449,NA,0.998471828783819,1,0.202766187023221,NA,0.763049879458169,1,0.257476686612987,0.279406925495227,NA,1,1,"S4","signal",1000,70,0.352588811263852,68.7171207708744,0,0,0,"none",0,20,1
0.477364701163529,0.304822526385595,1,1,0.31305876280632,NA,0.999988991980176,1,0.281874170358658,NA,0.983449420992894,1,0.331329589063341,0.354089914395762,NA,1,1,"S4","signal",1000,70,0.352588811263852,96.9585918385857,0,0,0,"none",0,21,1
0.48140130968833,0.294111013218634,1,1,0.287623646995,NA,0.999963961761037,1,0.277874235273273,NA,0.983814699393787,1,0.306329866174478,0.318159611688125,NA,1,1,"S4","signal",1000,70,0.352588811263852,88.4464255382173,0,0,0,"none",0,22,1
0.567588371784138,0.336071738839887,1,1,0.342994730067834,NA,0.999974159818108,1,0.25762179438487,NA,0.886640441487784,1,0.331741673790563,0.451020985700252,NA,1,1,"S4","signal",1000,70,0.352588811263852,78.1914638405455,0,0,0,"none",0,23,1
0.497655336958657,0.297479468072006,1,1,0.405889409969069,NA,0.99999992593263,1,0.361393689718996,NA,0.997793661071596,1,0.381209695921206,0.30267010680649,NA,1,1,"S4","signal",1000,70,0.352588811263852,81.5515366537533,0,0,0,"none",0,24,1
0.500895000058407,0.30272141662912,1,1,0.314186002886477,NA,0.999989486811435,1,0.254188703036767,NA,0.932781566523054,1,0.351461452353181,0.375440411326742,NA,1,1,"S4","signal",1000,70,0.352588811263852,90.3217935880311,0,0,0,"none",0,25,1
0.549864580573552,0.281857064207259,1,1,0.387846856878365,NA,0.999999452779146,1,0.39930178104677,NA,0.999855547706544,1,0.359282496360744,0.282524404765274,NA,1,1,"S4","signal",1000,70,0.352588811263852,74.4271927210865,0,0,0,"none",0,26,1
0.446180133609346,0.307081549052982,1,1,0.214211319274085,NA,0.994149107220324,1,0.0495798583567224,NA,0.270302488796705,0,0.193085381526735,0.353203754732996,NA,1,1,"S4","signal",1000,70,0.352588811263852,79.5261258576408,0,0,0,"none",0,27,1
0.469067504627316,0.315339777455094,1,1,0.258154597456311,NA,0.999380818477306,1,0.165605160801014,NA,0.696803864773029,1,0.302525877850091,0.352202335371609,NA,1,1,"S4","signal",1000,70,0.352588811263852,85.5277049468641,0,0,0,"none",0,28,1
0.431790694105581,0.272468761514167,1,1,0.333345314455523,NA,0.999997986564573,1,0.274021633536161,NA,0.960119801186003,1,0.346731838119249,0.292729977176999,NA,1,1,"S4","signal",1000,70,0.352588811263852,98.6076228674262,0,0,0,"none",0,29,1
0.513447419226655,0.264352496881066,1,1,0.450838728401348,NA,0.999999996617585,1,0.400903160389042,NA,0.999691989762871,1,0.425456076052348,0.395971290311114,NA,1,1,"S4","signal",1000,70,0.352588811263852,82.4871949895208,0,0,0,"none",0,30,1
0.46883335078722,0.321639885132608,1,1,0.221575240917283,NA,0.99485239379376,1,0.109319392589505,NA,0.503358396030671,1,0.25808037851956,0.263281723567561,NA,1,1,"S4","signal",1000,70,0.352588811263852,73.4206496857879,0,0,0,"none",0,31,1
0.43841268422228,0.302817916979904,1,1,0.20866443688568,NA,0.988449198097119,1,0.0584332204398142,NA,0.28498664242013,0,0.146306452920265,0.2896529128397,NA,1,1,"S4","signal",1000,70,0.352588811263852,64.6529701913899,0,0,0,"none",0,32,1
0.523215688612546,0.32209704939566,1,1,0.266265307636918,NA,0.999166129788876,1,0.181850402662937,NA,0.718484542553298,1,0.282366944456495,0.403051987995745,NA,1,1,"S4","signal",1000,70,0.352588811263852,78.1241532550806,0,0,0,"none",0,33,1
0.464999153961712,0.29352307816798,1,1,0.391807414781654,NA,0.999999947402808,1,0.362011488620285,NA,0.999470496191632,1,0.418975687135736,0.215150878166336,NA,1,1,"S4","signal",1000,70,0.352588811263852,89.1035283477807,0,0,0,"none",0,34,1
0.47866505657668,0.326879280516855,1,1,0.331804907965101,NA,0.999995171606177,1,0.291942446931988,NA,0.983414070341589,1,0.371963154302054,0.446566410500226,NA,1,1,"S4","signal",1000,70,0.352588811263852,91.2800119409725,0,0,0,"none",0,35,1
0.446911434822521,0.299295097163927,1,1,0.30947869697499,NA,0.999995903583806,1,0.264725823615133,NA,0.977811564564413,1,0.265516361735899,0.331135130676828,NA,1,1,"S4","signal",1000,70,0.352588811263852,108.434663319675,0,0,0,"none",0,36,1
0.543079867926517,0.275586698271107,1,1,0.351422751127954,NA,0.999999096793029,1,0.308852520250057,NA,0.990085605026206,1,0.375271176500562,0.351283430976734,NA,1,1,"S4","signal",1000,70,0.352588811263852,89.8576824940368,0,0,0,"none",0,37,1
0.522078628965943,0.285002236780145,1,1,0.391546974628371,NA,0.999999933980463,1,0.327554281275402,NA,0.992637047911984,1,0.361486070316774,0.283557939846455,NA,1,1,"S4","signal",1000,70,0.352588811263852,82.361158154533,0,0,0,"none",0,38,1
0.522659410472048,0.331829517873829,1,1,0.349525705240068,NA,0.999992796969942,1,0.327780615522161,NA,0.99197025162572,1,0.351144265165021,0.27930756992729,NA,1,1,"S4","signal",1000,70,0.352588811263852,84.006350476925,0,0,0,"none",0,39,1
0.439062512776985,0.294028538741906,1,1,0.263912848842023,NA,0.999739705667722,1,0.198429152878663,NA,0.808859603396056,1,0.311427898713571,0.349054723643108,NA,1,1,"S4","signal",1000,70,0.352588811263852,85.6034088843294,0,0,0,"none",0,40,1
0.473013655092677,0.310889369716606,1,1,0.231306235230154,NA,0.998916505886912,1,0.0571788800955428,NA,0.319866632835531,0,0.231273414306864,0.195227601686971,0.00175001665067667,0.997482412060302,1,"S4","signal",1000,70,0.352588811263852,86.3404654146482,0,0,0,"none",0,41,1
0.460862933563204,0.287810695902604,1,1,0.356858994799318,NA,0.999999735237671,1,0.304871609856605,NA,0.991368525746807,1,0.40108292940592,0.293079564885113,NA,1,1,"S4","signal",1000,70,0.352588811263852,93.1936087274092,0,0,0,"none",0,42,1
0.470339379891705,0.282751988374035,1,1,0.336590701557289,NA,0.999994735562856,1,0.301991403323995,NA,0.983815280500111,1,0.337224317022368,0.337574576591492,NA,1,1,"S4","signal",1000,70,0.352588811263852,84.9149649589965,0,0,0,"none",0,43,1
0.525453317984407,0.325774872896817,1,1,0.274525048803697,NA,0.99979182352995,1,0.255281120435269,NA,0.944679468023371,1,0.27896866742771,0.381358477110343,NA,1,1,"S4","signal",1000,70,0.352588811263852,91.7369080830893,0,0,0,"none",0,44,1
0.515009381980945,0.272504367440613,1,1,0.31986595401077,NA,0.999981269391889,1,0.28373863149214,NA,0.972361207065056,1,0.371085577664183,0.182431061727277,NA,1,1,"S4","signal",1000,70,0.352588811263852,88.1240220025176,0,0,0,"none",0,45,1
0.511128841073088,0.289979896039483,1,1,0.373503914700629,NA,0.99999918134619,1,0.335152234702981,NA,0.993961637462501,1,0.364689755624618,0.400019866384701,NA,1,1,"S4","signal",1000,70,0.352588811263852,85.459932705993,0,0,0,"none",0,46,1
0.450765894311713,0.282295452737847,1,1,0.313121393487438,NA,0.999993414311348,1,0.276707799904114,NA,0.981151108574097,1,0.328972233713551,0.412194086998013,NA,1,1,"S4","signal",1000,70,0.352588811263852,97.2408129783919,0,0,0,"none",0,47,1
0.452728773126482,0.290910440897231,1,1,0.248144145110876,NA,0.998928361758888,1,0.150691312448938,NA,0.642907914264018,1,0.251957946534993,0.266383290997461,NA,1,1,"S4","signal",1000,70,0.352588811263852,80.3137025682756,0,0,0,"none",0,48,1
0.459401823214485,0.277932790123743,1,1,0.337055236168585,NA,0.999994516056524,1,0.288017564218337,NA,0.961397244003338,1,0.33764185527995,0.28823634433687,NA,1,1,"S4","signal",1000,70,0.352588811263852,84.8440272552582,0,0,0,"none",0,49,1
0.53634757933756,0.311925279319204,1,1,0.287486467513855,NA,0.999582787564678,1,0.244365354915732,NA,0.847617692589451,1,0.265498016040349,0.263341459308942,NA,1,1,"S4","signal",1000,70,0.352588811263852,72.9079838138012,0,0,0,"none",0,50,1
0.522441782879947,0.301293498928292,1,1,0.42042809721926,NA,0.999999976399475,1,0.35461370426403,NA,0.996257593061127,1,0.407106966068666,0.265598082690577,NA,1,1,"S4","signal",1000,70,0.352588811263852,89.6270142844228,0,0,0,"none",0,51,1
0.435673170463924,0.294193614849669,1,1,0.232306157562004,NA,0.999702734953447,1,0.137568547159612,NA,0.681979313739973,1,0.267603562263992,0.417635804593312,NA,1,1,"S4","signal",1000,70,0.352588811263852,118.714839406983,0,0,0,"none",0,52,1
0.515761130205291,0.312152951533669,1,1,0.295710467549253,NA,0.999901360599892,1,0.291226534080307,NA,0.984232414758565,1,0.279698428106948,0.323248348830315,NA,1,1,"S4","signal",1000,70,0.352588811263852,83.840584687626,0,0,0,"none",0,53,1
0.482235338124721,0.307682076948565,1,1,0.25695493682718,NA,0.999614863182179,1,0.168798792492037,NA,0.730676303797843,1,0.23539744371528,0.571591488468974,NA,1,1,"S4","signal",1000,70,0.352588811263852,88.6095760540969,0,0,0,"none",0,54,1
0.491547597703455,0.304703009082162,1,1,0.253646791096214,NA,0.999674321103265,1,0.0720760263465174,NA,0.380386927334813,0,0.273802134432677,0.249291374565799,NA,1,1,"S4","signal",1000,70,0.352588811263852,96.3703371040303,0,0,0,"none",0,55,1
0.516434976919123,0.316385208590975,1,1,0.267553999581733,NA,0.999299571295867,1,0.210098765464144,NA,0.780243973395773,1,0.234556966130625,0.293630718776612,NA,1,1,"S4","signal",1000,70,0.352588811263852,74.1480647929702,0,0,0,"none",0,56,1
0.453051672455599,0.28902023890739,1,1,0.222537821692237,NA,0.992313084747215,1,0.0279566821095429,NA,0.160644250567111,0,0.18263834739997,0.380596449758306,NA,1,1,"S4","signal",1000,70,0.352588811263852,71.9417022382473,0,0,0,"none",0,57,1
0.452690373272746,0.296452553507839,1,1,0.294942130859384,NA,0.999907173510706,1,0.185070287050899,NA,0.734150397293644,1,0.371356819368362,0.396640256503042,NA,1,1,"S4","signal",1000,70,0.352588811263852,91.8742945029589,0,0,0,"none",0,58,1
0.50449067724665,0.302277716725663,1,1,0.344035595032341,NA,0.999973998337526,1,0.293435980208877,NA,0.949624521920342,1,0.372652661154479,0.356993150012885,NA,1,1,"S4","signal",1000,70,0.352588811263852,68.351300220964,0,0,0,"none",0,59,1
0.49216724108489,0.302512837178927,1,1,0.309745453187181,NA,0.99996262779506,1,0.289874061050827,NA,0.964505950803957,1,0.345098294737547,0.240066312703137,NA,1,1,"S4","signal",1000,70,0.352588811263852,80.7057287485708,0,0,0,"none",0,60,1
0.47808910450222,0.293508092436311,1,1,0.319217820780564,NA,0.999996371554102,1,0.312890904046659,NA,0.997501971593939,1,0.350683708011068,0.35654229026403,NA,1,1,"S4","signal",1000,70,0.352588811263852,99.7293444729882,0,0,0,"none",0,61,1
0.509618647070523,0.296347080602637,1,1,0.38566169156162,NA,0.999999968185202,1,0.375386736463181,NA,0.999914496093873,1,0.407727528517647,0.139160698756377,NA,1,1,"S4","signal",1000,70,0.352588811263852,93.4764454781116,0,0,0,"none",0,62,1
0.395697523798771,0.301954810466501,1,1,0.236955021477947,NA,0.998442326302223,1,0.11862876056147,NA,0.540206639672839,1,0.215575651951267,0.438602652403915,NA,1,1,"S4","signal",1000,70,0.352588811263852,80.849196958115,0,0,0,"none",0,63,1
0.515420975899634,0.296334424583017,1,1,0.396444484908536,NA,0.999999993497554,1,0.347528383765017,NA,0.998834572036853,1,0.417443334700457,0.301606829087676,NA,1,1,"S4","signal",1000,70,0.352588811263852,102.870731312712,0,0,0,"none",0,64,1
0.487718851505907,0.278961372303257,1,1,0.266381465243755,NA,0.999761361740948,1,0.213710294227381,NA,0.859348393980148,1,0.248802601830924,0.271312423556671,NA,1,1,"S4","signal",1000,70,0.352588811263852,88.1457901918364,0,0,0,"none",0,65,1
0.454766416726182,0.294633508508933,1,1,0.271042868712591,NA,0.999894265387554,1,0.21123304778682,NA,0.869595097627655,1,0.281790628756538,0.336695132396492,NA,1,1,"S4","signal",1000,70,0.352588811263852,92.2516289788745,0,0,0,"none",0,66,1
0.473945656755709,0.305283316050535,1,1,0.26859484838523,NA,0.999829418782389,1,0.224675873794675,NA,0.907302704880018,1,0.303356635249843,0.347342598167467,NA,1,1,"S4","signal",1000,70,0.352588811263852,97.8115802952418,0,0,0,"none",0,67,1
0.568546750446646,0.29292512994607,1,1,0.279957648556145,NA,0.999848404160674,1,0.208874337634087,NA,0.841270771266006,1,0.336793580630733,0.268425826404333,NA,1,1,"S4","signal",1000,70,0.352588811263852,83.0820553136125,0,0,0,"none",0,68,1
0.533153109560357,0.289773326893963,1,1,0.270195662060131,NA,0.999623922806225,1,0.239483265340707,NA,0.90541803389806,1,0.282065269037992,0.283147283866294,NA,1,1,"S4","signal",1000,70,0.352588811263852,81.2840140030252,0,0,0,"none",0,69,1
0.466196674061484,0.299745771310268,1,1,0.313989148670682,NA,0.999970918402033,1,0.307891458320047,NA,0.983093772205188,1,0.393320913497591,0.335979730869384,NA,1,1,"S4","signal",1000,70,0.352588811263852,85.410769018045,0,0,0,"none",0,70,1
0.528492008385942,0.259408080762073,1,1,0.455133404018071,NA,0.999999999657314,1,0.427221485997504,NA,0.999962486809253,1,0.522740628085098,0.269974017647406,NA,1,1,"S4","signal",1000,70,0.352588811263852,88.8279867979401,0,0,0,"none",0,71,1
0.516870321645217,0.319474812088825,1,1,0.292539579009944,NA,0.99996299646365,1,0.276890131982094,NA,0.972093396450995,1,0.275637271224601,0.221607425475459,NA,1,1,"S4","signal",1000,70,0.352588811263852,95.7405490421415,0,0,0,"none",0,72,1
0.486067211338428,0.310424964932467,1,1,0.246392619733866,NA,0.99920298783385,1,0.130798530785972,NA,0.596160079037952,1,0.256979511710972,0.269427318689792,NA,1,1,"S4","signal",1000,70,0.352588811263852,91.7506919858961,0,0,0,"none",0,73,1
0.507777748075152,0.284155901773811,1,1,0.238028721255301,NA,0.99881355558887,1,0.124326971001331,NA,0.578908275219115,1,0.230226484254013,0.19568053843423,0.00147993668229308,0.998520100502513,1,"S4","signal",1000,70,0.352588811263852,85.9932879899842,0,0,0,"none",0,74,1
0.480961335409058,0.312876686270901,1,1,0.28809618166115,NA,0.999916979402716,1,0.277257536146262,NA,0.957555758408746,1,0.278283891134371,0.25921933836657,NA,1,1,"S4","signal",1000,70,0.352588811263852,88.6521193463972,0,0,0,"none",0,75,1
0.520214272523144,0.315090328719335,1,1,0.40514963899703,NA,0.999999694526129,1,0.387167040657673,NA,0.999091751841773,1,0.416608615946068,0.351715072270053,NA,1,1,"S4","signal",1000,70,0.352588811263852,85.519173694147,0,0,0,"none",0,76,1
0.501215947186872,0.290740229335477,1,1,0.307473834303633,NA,0.999989260089714,1,0.237724234327316,NA,0.911888506404028,1,0.317711854024372,0.199624436882825,NA,1,1,"S4","signal",1000,70,0.352588811263852,89.621884751972,0,0,0,"none",0,77,1
0.514067055806398,0.291184157908566,1,1,0.338055918450205,NA,0.99999820231745,1,0.254128458054272,NA,0.920578704912085,1,0.366174922597536,0.206747875470172,NA,1,1,"S4","signal",1000,70,0.352588811263852,98.7585533033608,0,0,0,"none",0,78,1
0.483048294372667,0.312049754765635,1,1,0.353721707106828,NA,0.999993944878976,1,0.301874043783672,NA,0.963780019107411,1,0.38105249708679,0.178139208048687,NA,1,1,"S4","signal",1000,70,0.352588811263852,69.4931777666896,0,0,0,"none",0,79,1
0.447373929321464,0.311598604315505,1,1,0.287169057814767,NA,0.999965917772185,1,0.277144945175663,NA,0.984979005192763,1,0.267820422947978,0.402729198915171,NA,1,1,"S4","signal",1000,70,0.352588811263852,104.867751122015,0,0,0,"none",0,80,1
0.509197362622362,0.294436103328497,1,1,0.231843212501499,NA,0.997999563348786,1,0.176830710548049,NA,0.76123448226934,1,0.22671086625634,0.346604868041563,NA,1,1,"S4","signal",1000,70,0.352588811263852,80.1662280563438,0,0,0,"none",0,81,1
0.513094916986575,0.303359535145468,1,1,0.370787777817763,NA,0.999998425383625,1,0.350271119854629,NA,0.993497430292509,1,0.321047855536337,0.316013483761604,NA,1,1,"S4","signal",1000,70,0.352588811263852,93.2727854940764,0,0,0,"none",0,82,1
0.473248607970044,0.300583434594677,1,1,0.289785713021817,NA,0.99965830481584,1,0.246932727968855,NA,0.873960633830608,1,0.226456888954695,0.267183156439359,0.000939722103866993,0.999060301507538,1,"S4","signal",1000,70,0.352588811263852,69.079226152426,0,0,0,"none",0,83,1
0.495533026243042,0.317200456069077,1,1,0.354037960460116,NA,0.999999427160433,1,0.338653894655651,NA,0.999407143858624,1,0.336239242892738,0.407645003440764,NA,1,1,"S4","signal",1000,70,0.352588811263852,92.2168247524442,0,0,0,"none",0,84,1
0.494611235098387,0.272891329268655,1,1,0.257559936511342,NA,0.998966051775547,1,0.160201643465516,NA,0.67648513973654,1,0.256689618199215,0.346346519308958,NA,1,1,"S4","signal",1000,70,0.352588811263852,78.962505912292,0,0,0,"none",0,85,1
0.532540395714339,0.283018067194889,1,1,0.266803349612404,NA,0.999013581932956,1,0.0566773835329011,NA,0.275971355148601,0,0.27328382868963,0.311307574394261,NA,1,1,"S4","signal",1000,70,0.352588811263852,67.1011091833163,0,0,0,"none",0,86,1
0.515583875893856,0.303840364682098,1,1,0.25378969641459,NA,0.99927226551793,1,0.175176670728717,NA,0.732723545469656,1,0.252228775254158,0.247636990489933,NA,1,1,"S4","signal",1000,70,0.352588811263852,80.5805706555475,0,0,0,"none",0,87,1
0.491632056808308,0.260579986998857,1,1,0.36506274082737,NA,0.999999625875735,1,0.307829347988777,NA,0.986874069337428,1,0.375727625921363,0.191813345209795,NA,1,1,"S4","signal",1000,70,0.352588811263852,83.8333633784088,0,0,0,"none",0,88,1
0.533548764093972,0.29494753846166,1,1,0.326296167962123,NA,0.999984411143733,1,0.284984083120277,NA,0.963152122665816,1,0.343079647681506,0.211630347596546,NA,1,1,"S4","signal",1000,70,0.352588811263852,81.918194898428,0,0,0,"none",0,89,1
0.505788948572383,0.312872919912575,1,1,0.347486501801396,NA,0.999992518687202,1,0.322211495244907,NA,0.989008272772945,1,0.310222491807541,0.324976413050291,NA,1,1,"S4","signal",1000,70,0.352588811263852,78.2691531034749,0,0,0,"none",0,90,1
0.494717208628057,0.260189205614691,1,1,0.246738383037469,NA,0.998223040929242,1,0.103361555381714,NA,0.469512263145124,0,0.255855257681917,0.194006607967678,0.00210822638099578,0.995399497487437,1,"S4","signal",1000,70,0.352588811263852,76.2500905697586,0,0,0,"none",0,91,1
0.486802200923783,0.345850436643647,1,1,0.374466331417821,NA,0.999999536115526,1,0.350525747416956,NA,0.996297801422286,1,0.39749044466499,0.30749018616044,NA,1,1,"S4","signal",1000,70,0.352588811263852,82.6020093432106,0,0,0,"none",0,92,1
0.49223202225583,0.292386898684534,1,1,0.307604691502636,NA,0.99996244920013,1,0.166126552354795,NA,0.693995210977913,1,0.308266305476373,0.182406229882407,NA,1,1,"S4","signal",1000,70,0.352588811263852,87.1021943603985,0,0,0,"none",0,93,1
0.467537895685288,0.304625509602064,1,1,0.193673412678907,NA,0.99318044460568,1,0.0732914838796884,NA,0.394268828027266,0,0.212821765050057,0.267322671345574,NA,1,1,"S4","signal",1000,70,0.352588811263852,97.2028250098902,0,0,0,"none",0,94,1
0.49759970688949,0.303083812423107,1,1,0.334819058207334,NA,0.999992304100025,1,0.333440819392517,NA,0.995678706328049,1,0.338997472272842,0.245401246955307,NA,1,1,"S4","signal",1000,70,0.352588811263852,87.2438003673981,0,0,0,"none",0,95,1
0.420763804183808,0.295952953423363,1,1,0.236077408735273,NA,0.998145049714058,1,0.174831591482839,NA,0.757386482880509,1,0.266654390825613,0.347640326443828,NA,1,1,"S4","signal",1000,70,0.352588811263852,78.9280767634205,0,0,0,"none",0,96,1
0.53947327799867,0.293554963188422,1,1,0.418922324296538,NA,0.999999991619393,1,0.386573440117817,NA,0.999747021450824,1,0.440288147406254,0.219565710661243,NA,1,1,"S4","signal",1000,70,0.352588811263852,85.1268636990381,0,0,0,"none",0,97,1
0.491600950745606,0.320266042669864,1,1,0.252062604389944,NA,0.997964552440939,1,0.0865897646488765,NA,0.399845340823081,0,0.275465831736817,0.247749327245192,NA,1,1,"S4","signal",1000,70,0.352588811263852,73.4125233444533,0,0,0,"none",0,98,1
0.50436492056149,0.321668690296153,1,1,0.19255812117452,NA,0.985751809124565,1,0.0823019927652292,NA,0.405869778680641,0,0.199506766234705,0.386720670984448,NA,1,1,"S4","signal",1000,70,0.352588811263852,78.9888943023107,0,0,0,"none",0,99,1
0.486304851755586,0.257222234393173,1,1,0.301288613911209,NA,0.999943572379996,1,0.207384816150823,NA,0.794661687211139,1,0.314639157410272,0.298093015316009,NA,1,1,"S4","signal",1000,70,0.352588811263852,83.763080954112,0,0,0,"none",0,100,1
0.483096801984028,-0.00839476931232463,1,1,0.422307371748314,NA,0.827670139737024,0,0.0344475715305616,NA,0.0776350464071314,0,0.0675765586642614,0.00924321576784002,0.00950575538405145,0.190371859296482,0,"S4","main",1000,1,0.0421424234553761,2.68395217594959,0,0,0,"none",0,1,1
0.616242772980892,-0.0121435732146214,1,1,0.502069478820906,NA,0.90968518607208,0,0.228219020132341,NA,0.324244727669997,0,0.353518069055541,-0.0695879259503128,0.0191203363083743,0.594819095477387,1,"S4","main",1000,1,0.0421424234553761,4.27195056528448,0,0,0,"none",0,2,1
0.528295019282425,0.0312273381018719,1,1,0.26283263116239,NA,0.53249221788535,0,0.0197755424549929,NA,0.0567042061401702,0,0.0544363192389654,0.046838986044717,0.0126368575560252,0.252017587939698,0,"S4","main",1000,1,0.0421424234553761,2.89757921497879,0,0,0,"none",0,3,1
0.475246412814755,0.00949015006000086,1,1,0.899244958639753,NA,0.989545154461487,1,0.260678822023161,NA,0.300129273069928,0,0.0985517875118213,0.0196580339250549,0.0113736533903987,0.227092964824121,0,"S4","main",1000,1,0.0421424234553761,2.09370163850948,0,0,0,"none",0,4,1
0.536064863883587,-0.0096761421013148,1,1,0.595403186622175,NA,0.802936909225562,0,0.173382490738979,NA,0.172970908815474,0,0.120558265526925,-0.0258788660660042,0.011094586288947,0.260582914572864,0,"S4","main",1000,1,0.0421424234553761,0.747703487712226,0,0,0,"none",0,5,1
0.548711071725089,-0.0112919303490836,1,1,0.946764863092155,NA,0.979146900615064,1,0.516820962743904,NA,0.469285510117974,0,0.5182532545165,0.0261867320670977,0.0139341489001421,0.6565,1,"S4","main",1000,1,0.0421424234553761,2.40642109901967,0,0,0,"none",0,6,1
0.551161881453205,-0.00502768856406876,1,1,0.989616311364732,NA,0.947743334351958,0,0.707980278690568,NA,0.43439399526298,0,0.0263351370199853,-0.0105737154136398,0.00877916967211688,0.172711055276382,0,"S4","main",1000,1,0.0421424234553761,0.710855452285253,0,0,0,"none",0,7,1
0.586686505712668,-0.00961877345433783,1,1,0.37028726317424,NA,0.623662287105732,0,0.0328900055993437,NA,0.060432926565769,0,0.141573304292357,-0.00415318928344781,0.014355987638231,0.265032663316583,0,"S4","main",1000,1,0.0421424234553761,2.2476392309349,0,0,0,"none",0,8,1
0.508746372443802,0.00443080713355811,1,1,0.586338387873775,NA,0.826502344178105,0,0.0168660696512606,NA,0.0456334098181784,0,0.133739364687295,-0.00362432977870275,0.010309127170035,0.249298994974874,0,"S4","main",1000,1,0.0421424234553761,0.381017628219314,0,0,0,"none",0,9,1
0.525589275715893,-0.0135950961716207,1,1,0.122179731586094,NA,0.148902407548093,0,0.0264107051524871,NA,0.0464744666041067,0,0.230987477349448,0.063137307104469,0.0147218637435906,0.457158291457286,0,"S4","main",1000,1,0.0421424234553761,0.52044531591725,0,0,0,"none",0,10,1
0.593385412947723,0.00539207429056961,1,1,0.559135206288746,NA,0.917630906686393,0,0.0944553932673823,NA,0.15066803896726,0,0.122575936110453,-0.0112289549215451,0.0103067783243412,0.257140703517588,0,"S4","main",1000,1,0.0421424234553761,1.41673119791367,0,0,0,"none",0,11,1
0.536755230114427,-0.00759734256061684,1,1,0.651225194449034,NA,0.82875300768106,0,0.17126301324661,NA,0.18738766516425,0,0.0825513751559581,0.0143555485794907,0.0104305948500606,0.211592964824121,0,"S4","main",1000,1,0.0421424234553761,1.07859350895547,0,0,0,"none",0,12,1
0.562632030367171,0.0290688976580301,1,1,1.03045779096028,NA,0.997233023300499,1,0.841056014624602,NA,0.813416905820685,1,1.02399786945216,0.0460414757444017,0.00438252986094028,0.984258793969849,1,"S4","main",1000,1,0.0421424234553761,3.04313933525919,0,0,0,"none",0,13,1
0.55162101634891,0.0166943119466482,1,1,0.549535855340203,NA,0.719866637294107,0,0.14424553966296,NA,0.173564212746463,0,0.570532032451069,0.105442551119856,0.0178586530519681,0.655836683417085,1,"S4","main",1000,1,0.0421424234553761,2.58178035737697,0,0,0,"none",0,14,1
0.556183910846436,0.0105870969522055,1,1,0.810004521896774,NA,0.912532577059029,0,0.318635075987535,NA,0.325387552747464,0,0.235206376450947,-0.259940400261501,0.0204363750834175,0.689721105527638,1,"S4","main",1000,1,0.0421424234553761,0.862123945102448,0,0,0,"none",0,15,1
0.555116995242017,-0.00592212822925879,1,1,0.504647415117769,NA,0.884539966895681,0,0.0199536095080377,NA,0.0534668852090367,0,0.0870929575397221,0.0129541980271046,0.0109586791630454,0.19936432160804,0,"S4","main",1000,1,0.0421424234553761,2.29694646549524,0,0,0,"none",0,16,1
0.54758357301846,-0.0112329798285476,1,1,0.156437947655501,NA,0.323630498243055,0,0.0250435821660953,NA,0.0620192228915913,0,0.118982201759241,-0.0415626504456074,0.0112309039730931,0.281665829145729,0,"S4","main",1000,1,0.0421424234553761,2.79426063930049,0,0,0,"none",0,17,1
0.5038310597162,0.0183383206782611,1,1,0.36012659348914,NA,0.593672601930223,0,0.0274816611396385,NA,0.0560948994804154,0,0.0692605188900194,0.0100565427090004,0.00842031277196372,0.184831658291457,0,"S4","main",1000,1,0.0421424234553761,1.35646022325267,0,0,0,"none",0,18,1
0.541331371289561,0.00185102941989862,1,1,0.683047476679284,NA,0.852893313573416,0,0.480152700435564,NA,0.455304610614889,0,0.393563904176602,-0.0177668304730815,0.0226237935487671,0.52906783919598,1,"S4","main",1000,1,0.0421424234553761,1.71368205008137,0,0,0,"none",0,19,1
0.499797009111625,-0.0325924995049967,1,1,0.365992042884467,NA,0.568491320175777,0,0.0492644545785458,NA,0.0852015412611646,0,0.108129422425722,-0.0636244266499727,0.0117495598781278,0.283587939698492,0,"S4","main",1000,1,0.0421424234553761,1.66815635553493,0,0,0,"none",0,20,1
0.520769949782872,0.0094405840847157,1,1,0.445109103572419,NA,0.652625246357916,0,0.218582150596195,NA,0.26649464661519,0,0.158865607366311,0.0229178920970728,0.0145798801395416,0.277095477386935,0,"S4","main",1000,1,0.0421424234553761,1.09176715160911,0,0,0,"none",0,21,1
0.553553926808421,-0.0137444860390756,1,1,0.463824190884024,NA,0.769993867352338,0,0.057545643268179,NA,0.098517853433894,0,0.341283383580209,0.0784206111898457,0.0121122113006282,0.534085427135678,1,"S4","main",1000,1,0.0421424234553761,2.16085059511463,0,0,0,"none",0,22,1
0.512381116571427,-0.00526713408154386,1,1,0.95735208706134,NA,0.926626911113835,0,0.152957421506085,NA,0.155249781342889,0,0.254646726128752,0.00295018695651129,0.0145035453763158,0.365331658291457,0,"S4","main",1000,1,0.0421424234553761,1.02783802380871,0,0,0,"none",0,23,1
0.563567964165038,-0.0133129217753966,1,1,0.674347261334024,NA,0.953005104946768,1,0.0774643803255064,NA,0.1264319034727,0,0.513571404355044,-0.365295043251207,0.00487904414716428,0.981316582914573,1,"S4","main",1000,1,0.0421424234553761,2.79662734888552,0,0,0,"none",0,24,1
0.56474764219613,-0.000305713445130756,1,1,0.658749028253279,NA,0.856808295339905,0,0.432370241863177,NA,0.4584452049735,0,0.26807448480238,-0.0559630932111974,0.0166574310138066,0.4748391959799,0,"S4","main",1000,1,0.0421424234553761,2.09267857243974,0,0,0,"none",0,25,1
0.573272125012527,0.0316826327426228,1,1,0.0779623500967669,NA,0.166115572696484,0,0.0023778061582139,NA,0.0329407018752814,0,0.139612181873387,0.0556196936997391,0.0139573692548165,0.328522613065327,0,"S4","main",1000,1,0.0421424234553761,1.56738218883511,0,0,0,"none",0,26,1
0.505286332242459,-0.0129483834446713,1,1,0.649630016472523,NA,0.926304485823517,0,0.054944049101572,NA,0.0915013038719064,0,0.334881742811657,-0.156074618976151,0.0149485348536078,0.668286432160804,1,"S4","main",1000,1,0.0421424234553761,1.32903955038312,0,0,0,"none",0,27,1
0.59321617426221,-0.00111249573553934,1,1,0.564211997853439,NA,0.811587881368626,0,0.0286144762136918,NA,0.0603270465538689,0,0.695625129971275,-0.214377637502698,0.0150066911746326,0.882153266331658,1,"S4","main",1000,1,0.0421424234553761,1.18305976555671,0,0,0,"none",0,28,1
0.525569610873947,-0.023442489055039,1,1,0.137335583187119,NA,0.328751400376467,0,0.0166585644207254,NA,0.0527863091177222,0,0.0899174460388961,0.0104832619382247,0.0108381834033094,0.206175879396985,0,"S4","main",1000,1,0.0421424234553761,3.07917674859456,0,0,0,"none",0,29,1
0.553167806009803,0.0134134195873083,1,1,0.632318726611271,NA,0.739760455416298,0,0.0510704353780847,NA,0.0699586488737838,0,0.131187816186422,-0.0312801630777389,0.0106990125750561,0.273497487437186,0,"S4","main",1000,1,0.0421424234553761,1.07560152062871,0,0,0,"none",0,30,1
0.5638614187717,0.0126056775162472,1,1,0.0193047923098914,NA,0.036121622847195,0,0.00830578400423944,NA,0.0392187244192645,0,-0.000638595088106855,0.0282889461264326,0.00645963601175878,0.197623115577889,0,"S4","main",1000,1,0.0421424234553761,1.6966667434317,0,0,0,"none",0,31,1
0.530198653248562,-0.00947567858695352,1,1,0.222466138325663,NA,0.468898358073571,0,0.111713379122626,NA,0.179967294756964,0,0.062428228694548,0.0369568367401342,0.00942469125771087,0.229886934673367,0,"S4","main",1000,1,0.0421424234553761,2.99373380891677,0,0,0,"none",0,32,1
0.63050016020777,-0.0109529648652826,1,1,0.658682463566037,NA,0.983898306821857,1,0.526575178386296,NA,0.738086121828285,1,0.48408310972762,0.00404405307451626,0.0198110149443916,0.734698492462312,1,"S4","main",1000,1,0.0421424234553761,5.37884126058417,0,0,0,"none",0,33,1
0.538274181412193,-0.0199670626057237,1,1,0.438649052603763,NA,0.865577203388868,0,0.0205653886241731,NA,0.059859384073813,0,0.0483342107365781,-0.00553171582869946,0.00872963056177132,0.153623115577889,0,"S4","main",1000,1,0.0421424234553761,3.66775423153956,0,0,0,"none",0,34,1
0.545759739771049,-0.00957380026753342,1,1,0.54170045369988,NA,0.901346529556103,0,0.272794546403832,NA,0.382014216623875,0,0.14050268366799,0.00412796261805443,0.01457451464896,0.284603015075377,0,"S4","main",1000,1,0.0421424234553761,2.94440347660482,0,0,0,"none",0,35,1
0.490273340530772,-0.012257652860892,1,1,0.787591884096899,NA,0.921419795198874,0,0.046460779273705,NA,0.0699949010667137,0,0.271583147122231,0.0820771785152676,0.0109124599980784,0.490643216080402,0,"S4","main",1000,1,0.0421424234553761,1.90747688514497,0,0,0,"none",0,36,1
0.577105396279282,-0.0176453303241091,1,1,0.507480706240663,NA,0.647556969600774,0,0.208478885803344,NA,0.194906375491613,0,0.234927076167394,-0.081731243281781,0.0171151913618187,0.460608040201005,0,"S4","main",1000,1,0.0421424234553761,0.498929671536364,0,0,0,"none",0,37,1
0.525690589998255,0.0129375773715771,1,1,0.976591364599641,NA,0.988145798437274,1,0.228896254930913,NA,0.275232987907466,0,0.637705009158088,-0.0571028873756864,0.0175433847967778,0.718085427135678,1,"S4","main",1000,1,0.0421424234553761,2.1132644184702,0,0,0,"none",0,38,1
0.593072491380616,-0.0008685082917201,1,1,0.334011935150068,NA,0.424922188237276,0,0.00409529286797678,NA,0.0335309859533205,0,0.0499233085131029,-0.190865907167448,0.0164986892259214,0.558821608040201,1,"S4","main",1000,1,0.0421424234553761,1.18573944268695,0,0,0,"none",0,39,1
0.560151760504594,-0.0109989549080252,1,1,0.55779891255149,NA,0.915575780475181,0,0.03754506814609,NA,0.0783293605339119,0,0.127271215811949,-0.00788533028365902,0.01118192979016,0.258977386934673,0,"S4","main",1000,1,0.0421424234553761,3.41202608742476,0,0,0,"none",0,40,1
0.525487754254509,0.0437428828204951,1,1,0.300184441147425,NA,0.718814089241004,0,0.0122326517146153,NA,0.0460121787817782,0,0.0262635734221128,0.0115171618063354,0.00671421163332788,0.139153266331658,0,"S4","main",1000,1,0.0421424234553761,5.09225849738485,0,0,0,"none",0,41,1
0.492357428067898,0.0119417902813113,1,1,0.418906953802738,NA,0.762875912068015,0,0.0100205980784755,NA,0.0418250771313432,0,0.0819569447630826,-0.0088453799066681,0.00873502224044755,0.21648743718593,0,"S4","main",1000,1,0.0421424234553761,2.44686672019136,0,0,0,"none",0,42,1
0.518202994290431,0.00869218597240803,1,1,0.996968703611643,NA,0.931486066303575,0,0.738306936450172,NA,0.593829247117921,1,0.333078522392598,0.0554963047397332,0.0147308519503692,0.463645728643216,0,"S4","main",1000,1,0.0421424234553761,0.860180577867101,0,0,0,"none",0,43,1
0.479047209375032,-0.0107268676860023,1,1,0.666553212597797,NA,0.827124646630367,0,0.509804378502483,NA,0.474224981508268,0,0.151861284021574,0.0402390425831916,0.0120147927964412,0.324020100502513,0,"S4","main",1000,1,0.0421424234553761,0.460361613644461,0,0,0,"none",0,44,1
0.541406551726938,-0.00511385302825511,1,1,0.479724467290448,NA,0.885529628537278,0,0.03867734864919,NA,0.0872799509512222,0,0.00339453359342678,-0.00802329433972732,0.00601093986859204,0.121942211055276,0,"S4","main",1000,1,0.0421424234553761,3.47918629388538,0,0,0,"none",0,45,1
0.507727523234557,0.0163521048427466,1,1,0.81963075987113,NA,0.940051454603953,0,0.66363957237399,NA,0.538926055822261,1,0.168369365800662,0.0944663212940274,0.0165727875977141,0.433668341708543,0,"S4","main",1000,1,0.0421424234553761,1.01743052717671,0,0,0,"none",0,46,1
0.507988578341591,-0.0381931651115025,1,1,0.0820184971037536,NA,0.143148578164004,0,0.0102244842417376,NA,0.0380356973281549,0,0.0764768877148409,0.0620665697046638,0.0115566108985712,0.281618090452261,0,"S4","main",1000,1,0.0421424234553761,1.63990009448299,0,0,0,"none",0,47,1
0.514038846661795,-0.0210453084562726,1,1,0.690311918631169,NA,0.82903739856232,0,0.0127947416048821,NA,0.0388686466699257,0,0.371849702517682,0.0544653650929123,0.0152935296796261,0.451349246231156,0,"S4","main",1000,1,0.0421424234553761,0.460792490933582,0,0,0,"none",0,48,1
0.633712365702833,-0.0155706611402928,1,1,0.777514084613658,NA,0.99177375484687,1,0.301180289043958,NA,0.387918761451612,0,0.496644384865805,-0.0715824534745209,0.0154379762560188,0.702907035175879,1,"S4","main",1000,1,0.0421424234553761,3.52452625250448,0,0,0,"none",0,49,1
0.624698403988544,-0.0404914279816977,1,1,0.469863524996271,NA,0.561458941793858,0,0.0120800406127974,NA,0.0386033259195282,0,0.104054250297988,-0.0298687614571043,0.0108521397086383,0.245886934673367,0,"S4","main",1000,1,0.0421424234553761,1.29584903525073,0,0,0,"none",0,50,1
0.533238837716967,0.0273272716708075,1,1,0.764108000123148,NA,0.907684699160677,0,0.16897145970026,NA,0.178636263901585,0,0.067682451239716,-0.00474421737200041,0.0100744980672996,0.186168341708543,0,"S4","main",1000,1,0.0421424234553761,1.01289021856297,0,0,0,"none",0,51,1
0.557570209460324,-0.00657829581289378,1,1,0.406972387965914,NA,0.82800514132885,0,0.0603092335965573,NA,0.11916446553732,0,0.138063805206733,0.00786623445631664,0.0117043546841299,0.278756281407035,0,"S4","main",1000,1,0.0421424234553761,2.12438251368552,0,0,0,"none",0,52,1
0.530139251907172,-0.0113011166539988,1,1,0.880662161246302,NA,0.956838523219975,1,0.535630558942227,NA,0.49564752962803,0,0.812519906348048,-0.233000544363621,0.0129555490248875,0.879665829145729,1,"S4","main",1000,1,0.0421424234553761,1.43233674363571,0,0,0,"none",0,53,1
0.575463731986047,-0.0256450817132624,1,1,0.324528572491352,NA,0.647512140894891,0,0.0765963230448454,NA,0.132016157873064,0,0.0904291350881426,0.00333265146686061,0.00817113934499157,0.202522613065327,0,"S4","main",1000,1,0.0421424234553761,2.84192115422883,0,0,0,"none",0,54,1
0.564526972224213,0.0354576489175306,1,1,0.734685381255942,NA,0.970812163474792,1,0.139268847509894,NA,0.211944798554517,0,0.647266279258987,0.192531088561615,0.0168005490180924,0.753695979899497,1,"S4","main",1000,1,0.0421424234553761,1.64731574181462,0,0,0,"none",0,55,1
0.590878719111872,-0.00254335429341495,1,1,0.402407717839148,NA,0.808838040613028,0,0.0574671955837297,NA,0.109183548241031,0,0.0409572565502173,-0.00811030843213124,0.00676289498724812,0.143889447236181,0,"S4","main",1000,1,0.0421424234553761,2.93213627891512,0,0,0,"none",0,56,1
0.569398411241821,0.00408088297606867,1,1,0.714980043864025,NA,0.951875045631951,1,0.141523905540068,NA,0.189635659883342,0,0.615091505315407,0.154999049899242,0.0164906284319533,0.77087688442211,1,"S4","main",1000,1,0.0421424234553761,2.46729278802521,0,0,0,"none",0,57,1
0.523220368360104,0.00800051400956272,1,1,0.28040692793097,NA,0.481107539003213,0,0.0228527918681454,NA,0.0534511476945802,0,0.139831957763484,-0.081858480733379,0.0163594380652999,0.421535175879397,0,"S4","main",1000,1,0.0421424234553761,1.30883807179687,0,0,0,"none",0,58,1
0.574802976508722,0.0172785840898332,1,1,0.344969114174135,NA,0.55432244814771,0,-0.00136427680041438,NA,0.0329830818796729,0,0.15055105693984,-0.0011468208552505,0.00944822023010063,0.256630653266332,0,"S4","main",1000,1,0.0421424234553761,1.1083273779305,0,0,0,"none",0,59,1
0.531477843674921,-0.00382531077293418,1,1,0.144225596591515,NA,0.247587801342267,0,0.00519020593369758,NA,0.0344162371941244,0,0.0120688074294964,0.000402366905788483,0.00632955988190627,0.122125628140704,0,"S4","main",1000,1,0.0421424234553761,1.33074380657624,0,0,0,"none",0,60,1
0.571827092373618,0.00696000222992165,1,1,0.72457551404788,NA,0.977004263017475,1,0.0368334149996495,NA,0.0687359362070808,0,0.440816963908308,0.0186645766763001,0.0206116951737913,0.589967336683417,1,"S4","main",1000,1,0.0421424234553761,2.81662021427699,0,0,0,"none",0,61,1
0.516770982235035,-0.0207199295911303,1,1,0.705471357314323,NA,0.968727720354882,1,0.0813302359677926,NA,0.128630833662863,0,0.0332992280726132,-0.0704521520221437,0.0105886296055386,0.305522613065327,0,"S4","main",1000,1,0.0421424234553761,1.36615823460606,0,0,0,"none",0,62,1
0.582288773577091,0.0234984405003621,1,1,0.503736112781047,NA,0.824238521548433,0,0.154155872743853,NA,0.248829408116493,0,0.129548193266388,0.125727037794452,0.0153802354260393,0.484175879396985,0,"S4","main",1000,1,0.0421424234553761,2.36011435011649,0,0,0,"none",0,63,1
0.567256276975123,-0.0412053855960737,1,1,0.302561049068746,NA,0.645338991650142,0,0.0222679615034606,NA,0.0565451921676989,0,0.20279514958817,0.0627436225781779,0.0190144549483725,0.432610552763819,0,"S4","main",1000,1,0.0421424234553761,3.52817023918594,0,0,0,"none",0,64,1
0.524904286411798,-0.00643586255750023,1,1,0.916975536423162,NA,0.945861528387399,0,0.0295233527365674,NA,0.0547911405713342,0,0.0375721388349919,0.0367031976730199,0.0138096710416769,0.29464824120603,0,"S4","main",1000,1,0.0421424234553761,0.858492757861122,0,0,0,"none",0,65,1
0.496274666932515,0.0147089399977804,1,1,0.328204689037086,NA,0.682318833477445,0,0.0457531558517614,NA,0.0897267719181711,0,0.174341185223487,0.0479378190069958,0.0116308211465636,0.336665829145729,0,"S4","main",1000,1,0.0421424234553761,1.9101597128806,0,0,0,"none",0,66,1
0.557550996205668,-0.00219759121420159,1,1,0.391150864690276,NA,0.61002145281027,0,0.0415019057382836,NA,0.0697588085678532,0,0.0608342014924148,0.00751804138157871,0.00706880183655536,0.185376884422111,0,"S4","main",1000,1,0.0421424234553761,1.45020576755719,0,0,0,"none",0,67,1
0.561947110417645,-0.00926660691908983,1,1,0.478928266825751,NA,0.771042103057135,0,0.02139830743933,NA,0.0503080825254022,0,0.244092071848821,-0.0408832806317482,0.0163540943994265,0.370972361809045,0,"S4","main",1000,1,0.0421424234553761,1.10036488082519,0,0,0,"none",0,68,1
0.579960644916306,0.00388775407200894,1,1,0.510775621525142,NA,0.825997894664846,0,0.0570548749057768,NA,0.0949718991468286,0,0.311239548997219,-0.0682171479751586,0.01776609448988,0.484241206030151,0,"S4","main",1000,1,0.0421424234553761,2.64953470931611,0,0,0,"none",0,69,1
0.547314812365445,0.0181616021804139,1,1,0.384198962567165,NA,0.605518091523595,0,0.0404100886983601,NA,0.0732289189508119,0,0.137775467136363,0.0438019710994342,0.0144178257186514,0.30620351758794,0,"S4","main",1000,1,0.0421424234553761,1.79623097327019,0,0,0,"none",0,70,1
0.577703050384039,-0.00909215370184589,1,1,0.212124583046326,NA,0.510621143373421,0,0.0260303521742208,NA,0.0689578285700182,0,0.255734675651325,0.00394867675815195,0.0177200795445632,0.41041959798995,0,"S4","main",1000,1,0.0421424234553761,3.77370631321009,0,0,0,"none",0,71,1
0.533569203705718,0.00975546008164342,1,1,0.18503410543209,NA,0.444351209313394,0,0.0103328175623891,NA,0.0428584577115407,0,0.021344762573038,0.0290958375688247,0.00685388883217523,0.172045226130653,0,"S4","main",1000,1,0.0421424234553761,3.43622533385579,0,0,0,"none",0,72,1
0.543709033402043,-0.0284581008622245,1,1,0.50398102837632,NA,0.825757918489685,0,0.0638555631105815,NA,0.102982005323026,0,0.476508739849558,-0.189883124077535,0.0171903861928477,0.795326633165829,1,"S4","main",1000,1,0.0421424234553761,2.52924178062256,0,0,0,"none",0,73,1
0.590246262897874,0.00770473925626492,1,1,0.510005146601145,NA,0.903599503717034,0,0.0259815149745422,NA,0.0683282657305221,0,0.0199105840457061,-0.0252363498276174,0.0103148077611764,0.194356783919598,0,"S4","main",1000,1,0.0421424234553761,1.39384769955725,0,0,0,"none",0,74,1
0.556079479100671,0.0048946063742766,1,1,1.04300748419256,NA,0.95834152735568,1,0.463715024543681,NA,0.371095168849912,0,0.384963589529024,0.0172909295646293,0.0200347726759504,0.480329145728643,0,"S4","main",1000,1,0.0421424234553761,1.25955240489217,0,0,0,"none",0,75,1
0.5839930047991,0.00548127164240232,1,1,0.456145014060518,NA,0.664422624265166,0,0.0081816467746107,NA,0.0363573963884335,0,0.212290664953467,0.0845430262213237,0.0153922915072137,0.408680904522613,0,"S4","main",1000,1,0.0421424234553761,1.27026282048139,0,0,0,"none",0,76,1
0.55196205526204,-0.000142068254858029,1,1,0.611746040123297,NA,0.864334665991167,0,0.0486182066033519,NA,0.0846341634991835,0,0.104969132339569,0.0693426605140642,0.0132219360112196,0.321701005025126,0,"S4","main",1000,1,0.0421424234553761,1.77638021415591,0,0,0,"none",0,77,1
0.530577875306175,0.0048774173176952,1,1,-0.00675599058017974,NA,0.0141470104165428,0,0.0105223865913731,NA,0.040904019972125,0,0.0195653055428738,-0.00274299155136298,0.00651991372851233,0.158711055276382,0,"S4","main",1000,1,0.0421424234553761,1.59890607112789,0,0,0,"none",0,78,1
0.52372108137584,0.0182619033648962,1,1,0.497633089128994,NA,0.710539746062839,0,0.160527503753415,NA,0.193065274648994,0,0.135104827470318,-0.0275143790711092,0.0109024638430313,0.245668341708543,0,"S4","main",1000,1,0.0421424234553761,1.22868188387094,0,0,0,"none",0,79,1
0.584548640785071,0.0161342244068247,1,1,0.608431540993803,NA,0.941337174418842,0,0.10406983077575,NA,0.16586980281519,0,0.184699159011488,0.0278267793586815,0.0125780133437814,0.360108040201005,0,"S4","main",1000,1,0.0421424234553761,3.50079990565679,0,0,0,"none",0,80,1
0.564425169753146,-0.0173109216562141,1,1,0.294113049398601,NA,0.631410235354021,0,0.149858407735529,NA,0.225815518638018,0,0.127185304588751,0.0188965641669673,0.013598959882708,0.277550251256281,0,"S4","main",1000,1,0.0421424234553761,2.69394639535211,0,0,0,"none",0,81,1
0.532407610344903,0.0211873729480796,1,1,0.292833456430312,NA,0.679842022501289,0,0.0159154770348568,NA,0.0484848191527373,0,0.521936326429456,-0.0579400767470204,0.015352362085321,0.709683417085427,1,"S4","main",1000,1,0.0421424234553761,4.28567235312647,0,0,0,"none",0,82,1
0.534201712038797,-0.0133703373690891,1,1,0.788073811576236,NA,0.962049609072033,1,0.0737006210224874,NA,0.103331910576593,0,0.142296738327643,0.0202870963412995,0.012033869242033,0.271575376884422,0,"S4","main",1000,1,0.0421424234553761,2.08606256380517,0,0,0,"none",0,83,1
0.588907499991738,0.0341141333874583,1,1,0.322225915758643,NA,0.601624008210993,0,0.00927554361885308,NA,0.0381556147616864,0,0.0624321291052395,0.00945836547691711,0.00717497181330413,0.182163316582915,0,"S4","main",1000,1,0.0421424234553761,2.27994912007149,0,0,0,"none",0,84,1
0.57808447212417,-0.00599057669012891,1,1,0.465051325838444,NA,0.684650665846012,0,0.117513985941793,NA,0.131623100379133,0,0.543037143913172,-0.083058620568005,0.0166347128560676,0.683655778894472,1,"S4","main",1000,1,0.0421424234553761,2.5264312603267,0,0,0,"none",0,85,1
0.530331641497956,-0.013491756015025,1,1,0.502685694060445,NA,0.88664941639808,0,0.0254213464568114,NA,0.0618286402313104,0,0.281383213876298,0.0597377303023499,0.0156729468492781,0.442618090452261,0,"S4","main",1000,1,0.0421424234553761,3.55117872026498,0,0,0,"none",0,86,1
0.563359989054638,0.0124738089030094,1,1,0.189304959123411,NA,0.27068504806368,0,0.0773722022002344,NA,0.0855612842596545,0,0.406576420543267,0.0332018498710212,0.0202702457681975,0.500246231155779,1,"S4","main",1000,1,0.0421424234553761,0.971906861876333,0,0,0,"none",0,87,1
0.527587112691248,-0.00947147264570978,1,1,0.0523868374750812,NA,0.139647120436815,0,0.0154138884356794,NA,0.0531679674971691,0,0.0300872385764275,-0.000617927647274819,0.00771718595972334,0.139128140703518,0,"S4","main",1000,1,0.0421424234553761,4.48570392005213,0,0,0,"none",0,88,1
0.548559171414288,-0.014934213203237,1,1,0.72072209244968,NA,0.98105491419456,1,0.181759716913016,NA,0.248190484235913,0,0.598390761443359,0.14579029535789,0.0184006114017865,0.758615577889447,1,"S4","main",1000,1,0.0421424234553761,2.71445133029128,0,0,0,"none",0,89,1
0.522279208292556,-0.00779991480871329,1,1,0.744017620662252,NA,0.9204594835505,0,0.0450382489707175,NA,0.073129645559978,0,0.14242301719435,-0.0192797911798101,0.0146687992680488,0.277037688442211,0,"S4","main",1000,1,0.0421424234553761,1.92542641497306,0,0,0,"none",0,90,1
0.549970066181557,-0.0120202320360238,1,1,0.600631276069225,NA,0.922581806693588,0,0.12556338853521,NA,0.183884178279713,0,0.174821954894612,-0.0312313175638798,0.0123792622439595,0.337520100502513,0,"S4","main",1000,1,0.0421424234553761,2.29048584989411,0,0,0,"none",0,91,1
0.555284229021853,0.00313752949633658,1,1,0.892312848319685,NA,0.996236622681725,1,0.232703162922194,NA,0.318002624389423,0,0.143873009541439,0.0507284801677374,0.010093764104196,0.325645728643216,0,"S4","main",1000,1,0.0421424234553761,1.96432288695201,0,0,0,"none",0,92,1
0.542474372486736,-0.0124921199190769,1,1,0.404274368037419,NA,0.721714827746107,0,0.0757550271857928,NA,0.126845079468488,0,0.175149550082899,-0.035896790906786,0.0135802823600469,0.348050251256281,0,"S4","main",1000,1,0.0421424234553761,2.74802031819401,0,0,0,"none",0,93,1
0.566869996021878,0.0127818599895492,1,1,0.619765512276275,NA,0.8971078674239,0,0.606021756913335,NA,0.625944242077138,1,0.558003337866191,0.103078241779809,0.0198844429608473,0.705459798994975,1,"S4","main",1000,1,0.0421424234553761,2.09422825477253,0,0,0,"none",0,94,1
0.579331770337258,0.0162903116930401,1,1,0.0996891899482963,NA,0.174590264155902,0,0.0655783076919293,NA,0.103717199398504,0,0.289847346305104,-0.00814163810977454,0.0173215460655299,0.400434673366834,0,"S4","main",1000,1,0.0421424234553761,1.73815373766312,0,0,0,"none",0,95,1
0.527852352160378,0.03123261157732,1,1,0.104885033425442,NA,0.187394123248616,0,0.014354899360624,NA,0.0434700270524061,0,0.0569770115747145,0.043055293108119,0.00898906510246283,0.227010050251256,0,"S4","main",1000,1,0.0421424234553761,1.52162215824282,0,0,0,"none",0,96,1
0.490086892728928,-0.0212704242590212,1,1,0.369143495227612,NA,0.734559840019186,0,0.0512044268083889,NA,0.101473024408738,0,0.339389701354677,0.0470725191219182,0.0161855110571923,0.514452261306533,1,"S4","main",1000,1,0.0421424234553761,2.82252199602426,0,0,0,"none",0,97,1
0.541263459572441,0.0128837696320117,1,1,0.673505770777488,NA,0.986508841306356,1,0.309943759226535,NA,0.356679623018732,0,0.939219267898113,0.129520074355435,0.000929889468164614,0.997972361809045,1,"S4","main",1000,1,0.0421424234553761,5.9532010682343,0,0,0,"none",0,98,1
0.584524523177203,-0.0178367540207462,1,1,-0.174209330587578,NA,0.270033890174976,0,-0.0185827972761127,NA,0.0383148037477095,0,0.0613307833336019,-0.0361426545856214,0.0106773484164154,0.258243718592965,0,"S4","main",1000,1,0.0421424234553761,1.13783062222804,0,0,0,"none",0,99,1
0.57569589140604,0.00739430482138538,1,1,0.341383499087543,NA,0.568414616380333,0,0.0302457277979464,NA,0.0598098210288238,0,0.536699989877387,0.0563462470557029,0.0223113669822521,0.581552763819095,1,"S4","main",1000,1,0.0421424234553761,1.23300312755511,0,0,0,"none",0,100,1
0.574259445044,-0.0279166071997764,1,1,0.187526538155931,NA,0.44396395967051,0,0.0219643587916051,NA,0.0592642631775962,0,0.441530768093154,-0.211556538554842,0.0195113474000572,0.784658291457286,1,"S4","main",1000,2,0.0595983868018629,3.12614267190391,0,0,0,"none",0,1,1
0.575701164766597,-0.0460873446433522,1,1,0.454593183286086,NA,0.87842906128016,0,0.093267865735526,NA,0.148843926845699,0,0.48693550454886,-0.134145496498179,0.0202510595544021,0.762334170854271,1,"S4","main",1000,2,0.0595983868018629,4.60172691321106,0,0,0,"none",0,2,1
0.537914936693208,-0.00858875879509736,1,1,0.0201206732904248,NA,0.043300383840096,0,0.00655572131275704,NA,0.0363387522937871,0,0.0224393677610569,-0.0715775406158353,0.0110830516229426,0.275404522613065,0,"S4","main",1000,2,0.0595983868018629,2.73454857338358,0,0,0,"none",0,3,1
0.538858025731902,0.00176990407292709,1,1,0.531549959454258,NA,0.822066126352573,0,0.194862924676014,NA,0.211991668469254,0,0.176677424747116,0.0181434853038417,0.0132607459506046,0.317306532663317,0,"S4","main",1000,2,0.0595983868018629,2.04737474446427,0,0,0,"none",0,4,1
0.54085865575202,-0.0132452051430271,1,1,0.287364028351204,NA,0.621473201361341,0,0.0228865741605521,NA,0.0625357639250658,0,0.0633878152383704,-0.0381973857759086,0.0117807789149948,0.232223618090452,0,"S4","main",1000,2,0.0595983868018629,3.05194023966158,0,0,0,"none",0,5,1
0.523791216480553,-0.0102848799258097,1,1,0.142687057017035,NA,0.331481820915633,0,0.0280435161552846,NA,0.0711859550448604,0,0.0312323277519201,0.0124719047714105,0.00782045068511436,0.1416608040201,0,"S4","main",1000,2,0.0595983868018629,2.99115930700456,0,0,0,"none",0,6,1
0.589667098055198,-0.0162275968974695,1,1,0.438260054764809,NA,0.892086074233312,0,0.0717814466923078,NA,0.14272180988452,0,0.0794505372994231,-0.00237107617316431,0.00726455620764662,0.200947236180905,0,"S4","main",1000,2,0.0595983868018629,4.03799714398902,0,0,0,"none",0,7,1
0.540158854407845,0.0105042460732651,1,1,0.721141989469632,NA,0.926783484320927,0,0.119962923391588,NA,0.14640408548135,0,0.221547799733993,0.0903554646668362,0.0152853192898047,0.459891959798995,0,"S4","main",1000,2,0.0595983868018629,1.74580752584635,0,0,0,"none",0,8,1
0.545276498838804,0.0168872458510614,1,1,0.484688468706696,NA,0.90226852481541,0,0.100383960525377,NA,0.179142372978406,0,0.0527929428131681,-0.00547969126644646,0.00702375513477368,0.166806532663317,0,"S4","main",1000,2,0.0595983868018629,3.86407406924898,0,0,0,"none",0,9,1
0.493917901331032,-0.00688837413807054,1,1,0.360623917011066,NA,0.678809040938379,0,0.112706234296938,NA,0.156025282456509,0,0.60171322603221,-0.0877088948290067,0.0193327829750659,0.750037688442211,1,"S4","main",1000,2,0.0595983868018629,2.75804040457072,0,0,0,"none",0,10,1
0.583660656103514,-0.00555375133297624,1,1,0.581138785630315,NA,0.880302620127873,0,0.0678375333749478,NA,0.103498672775192,0,0.552884099651644,0.209737612920881,0.016357688463619,0.805173366834171,1,"S4","main",1000,2,0.0595983868018629,2.42751469934505,0,0,0,"none",0,11,1
0.530159267382617,0.00112247932722868,1,1,0.472988949880069,NA,0.736941233038878,0,0.16706646288887,NA,0.21613328527569,0,0.177823526811707,-0.049511443153578,0.0151001036929197,0.352683417085427,0,"S4","main",1000,2,0.0595983868018629,1.98085311157324,0,0,0,"none",0,12,1
0.527598460445302,-0.0215141382697685,1,1,0.335982241536118,NA,0.720116789055588,0,0.00567970073054901,NA,0.0352545790123784,0,0.0957999343551418,0.00848789611518247,0.0126912802667665,0.22108040201005,0,"S4","main",1000,2,0.0595983868018629,3.69386161299315,0,0,0,"none",0,13,1
0.540910763363968,-0.0173064352189535,1,1,0.119939307701636,NA,0.278981225268221,0,0.105936773894176,NA,0.169835038230758,0,0.907602044469125,-0.134159274992962,0.0123568642564731,0.95406783919598,1,"S4","main",1000,2,0.0595983868018629,3.35713960306246,0,0,0,"none",0,14,1
0.577028140795758,-0.00597836668630193,1,1,0.046222890493984,NA,0.107906286518603,0,0.00192709788627199,NA,0.0330556679281029,0,0.00236381144282366,0.0100710892249258,0.00718339918503512,0.129366834170854,0,"S4","main",1000,2,0.0595983868018629,2.84034088369003,0,0,0,"none",0,15,1
0.574098440113985,0.00338269118890937,1,1,0.807798277681526,NA,0.938113555341627,0,0.207069752497252,NA,0.216063508052002,0,0.327591769004374,-0.113720873933578,0.0183790765709965,0.552449748743719,1,"S4","main",1000,2,0.0595983868018629,1.37897180065848,0,0,0,"none",0,16,1
0.582931303805524,0.000218227413772808,1,1,0.568185610218567,NA,0.920267046386274,0,0.267523769527181,NA,0.379265337325046,0,0.25413887195025,0.0185572361555663,0.018782795415055,0.423301507537688,0,"S4","main",1000,2,0.0595983868018629,3.9929097921613,0,0,0,"none",0,17,1
0.469625127190395,0.00170533582912695,1,1,0.898969259882678,NA,0.974830841614821,1,0.255938482896632,NA,0.288610814637432,0,0.65375080038891,0.0924685887239211,0.023426847940083,0.778477386934673,1,"S4","main",1000,2,0.0595983868018629,1.84322245419446,0,0,0,"none",0,18,1
0.529398571957976,-0.000527027181928531,1,1,0.51803097806198,NA,0.965213666835056,1,0.172394191761447,NA,0.300686949593736,0,0.247459998356142,-0.0236243577430684,0.0160114471709767,0.421256281407035,0,"S4","main",1000,2,0.0595983868018629,3.56345813859387,0,0,0,"none",0,19,1
0.54164963296287,-0.000995125218245415,1,1,0.645401902784062,NA,0.99562284325725,1,0.458925271456272,NA,0.654067041548274,1,0.830881661049171,-0.177494243138491,0.00116632190174105,0.998218592964824,1,"S4","main",1000,2,0.0595983868018629,8.62101888291579,0,0,0,"none",0,20,1
0.54669498181449,-0.0011991283032494,1,1,0.538217585986032,NA,0.941109011041358,0,0.0317231970412463,NA,0.0725132418836569,0,0.104647144203306,-0.00721488942240762,0.0110886015283239,0.249195979899497,0,"S4","main",1000,2,0.0595983868018629,4.2910395523306,0,0,0,"none",0,21,1
0.518401361698376,-0.0351495118559927,1,1,-0.262192013948798,NA,0.415379721592378,0,-0.0101890665434945,NA,0.0373224404216328,0,0.0196849541276015,-0.0159007859921691,0.00772252059022447,0.171618090452261,0,"S4","main",1000,2,0.0595983868018629,0.445159758501606,0,0,0,"none",0,22,1
0.533734515012172,-0.0321613192124238,1,1,0.254428792897856,NA,0.470090137568576,0,0.0403659766370102,NA,0.0794955092226909,0,0.0374595754429497,0.00747760956671549,0.00671617743803907,0.138497487437186,0,"S4","main",1000,2,0.0595983868018629,2.50716894207016,0,0,0,"none",0,23,1
0.541490144181938,0.0163683470738854,1,1,0.425698322422148,NA,0.903050931929612,0,0.179302933825075,NA,0.30631969064268,0,0.148270334428263,-0.0162527667312183,0.0139755845702603,0.336412060301508,0,"S4","main",1000,2,0.0595983868018629,5.48496773312838,0,0,0,"none",0,24,1
0.568565153507341,-0.0113671848597509,1,1,0.265523073400934,NA,0.447901466858721,0,0.0725332807674358,NA,0.104046488968412,0,0.0513304515592091,0.006541351013018,0.00661551974088675,0.174211055276382,0,"S4","main",1000,2,0.0595983868018629,1.08862979966395,0,0,0,"none",0,25,1
0.511285293293586,0.00245016368895785,1,1,0.175047260698041,NA,0.437136856783523,0,0.0093017665015365,NA,0.0408565359353907,0,0.0170156808238612,-0.0064228158198562,0.00656769258212703,0.119821608040201,0,"S4","main",1000,2,0.0595983868018629,2.81727114513948,0,0,0,"none",0,26,1
0.50918515735327,-0.00679481411098186,1,1,0.222092068632189,NA,0.39735785566861,0,0.00205339437947669,NA,0.0329065240346635,0,0.00808347538896178,0.00903091554316492,0.0064945713352622,0.150103015075377,0,"S4","main",1000,2,0.0595983868018629,2.23298666246753,0,0,0,"none",0,27,1
0.540749825054625,-0.0175392956747086,1,1,0.838225764196675,NA,0.922371943602021,0,0.246084720420528,NA,0.254238162883093,0,0.140417151283227,0.0914586250495449,0.0132809847900254,0.429937185929648,0,"S4","main",1000,2,0.0595983868018629,1.15492262942088,0,0,0,"none",0,28,1
0.588390596077064,-0.00189079708478352,1,1,0.433901382913104,NA,0.868452126497558,0,0.0616184560976742,NA,0.120617050431209,0,0.203724998352798,0.0495621461824618,0.0157745334604281,0.39422864321608,0,"S4","main",1000,2,0.0595983868018629,3.99529891107011,0,0,0,"none",0,29,1
0.532377502061025,-0.00736822274667367,1,1,0.54362161556216,NA,0.941379124023082,0,0.158239711178453,NA,0.246844671094443,0,0.185721279881985,0.0484584391068102,0.0137283439272635,0.386434673366834,0,"S4","main",1000,2,0.0595983868018629,3.05706623348337,0,0,0,"none",0,30,1
0.549654352883711,0.0198282880082247,1,1,-0.0160759483372888,NA,0.0331647199667376,0,0.0095278273333313,NA,0.0395933142536535,0,-0.00624229038587253,-0.0144997668307601,0.0080948606402908,0.160929648241206,0,"S4","main",1000,2,0.0595983868018629,1.40916678733604,0,0,0,"none",0,31,1
0.520981002200155,-0.0132461807539282,1,1,0.314397020675463,NA,0.753149970485858,0,0.0158787062210435,NA,0.0517046694864994,0,0.0874238827913466,-0.0298281218628003,0.0116163405559251,0.263331658291457,0,"S4","main",1000,2,0.0595983868018629,4.0497789213782,0,0,0,"none",0,32,1
0.587691726955269,-0.00303836354070416,1,1,0.406820662527563,NA,0.693904910041427,0,0.0415051685058867,NA,0.0800682704288026,0,0.206137100119964,-0.095927249389508,0.0121752485756117,0.410477386934673,0,"S4","main",1000,2,0.0595983868018629,2.24220426297094,0,0,0,"none",0,33,1
0.532755921385458,0.0295678756302098,1,1,0.432145510353298,NA,0.876279764424657,0,0.0789426724172339,NA,0.148027907834123,0,0.429906820053338,-0.164136686354235,0.0174017056615201,0.764326633165829,1,"S4","main",1000,2,0.0595983868018629,4.10304170149122,0,0,0,"none",0,34,1
0.56800392960388,-0.0169347376332462,1,1,-0.0997059608781322,NA,0.211886455339827,0,0.0134182618079544,NA,0.0464735020332603,0,0.00876382756537429,0.0252083987519392,0.00912501989980424,0.187253768844221,0,"S4","main",1000,2,0.0595983868018629,2.13836790302206,0,0,0,"none",0,35,1
0.51675479307861,0.020833570693806,1,1,0.608953605704667,NA,0.807424548372878,0,0.0177231117280772,NA,0.0433011234531643,0,0.203828898584705,0.0551446110260442,0.0177550332485102,0.350678391959799,0,"S4","main",1000,2,0.0595983868018629,1.33875135088815,0,0,0,"none",0,36,1
0.515527848194526,-0.0336448835796718,1,1,0.696682278899611,NA,0.732189953817689,0,0.0108615625995166,NA,0.0356382425108166,0,0.141125098148224,-0.012108675880669,0.0152440149871657,0.266329145728643,0,"S4","main",1000,2,0.0595983868018629,0.875403732056945,0,0,0,"none",0,37,1
0.560020933742216,-0.00106259985968674,1,1,0.191019704045007,NA,0.380102475636404,0,0.00805825813255816,NA,0.0366848516939722,0,0.073071602327548,0.0041176136059634,0.00880343886106687,0.192756281407035,0,"S4","main",1000,2,0.0595983868018629,1.60378147465181,0,0,0,"none",0,38,1
0.574006755455742,-0.0115592651363266,1,1,0.462507228085491,NA,0.915658461108003,0,0.0889305273002217,NA,0.144793960008601,0,0.745387694734813,-0.217411052356622,0.0059447530944399,0.982407035175879,1,"S4","main",1000,2,0.0595983868018629,5.61967437884184,0,0,0,"none",0,39,1
0.565229408389987,-0.0264644700187701,1,1,0.210369150246382,NA,0.611931551011675,0,0.0645419548470028,NA,0.158016804201919,0,0.032401598384943,-0.00256639222700252,0.00720270831354884,0.134324120603015,0,"S4","main",1000,2,0.0595983868018629,6.18617081151645,0,0,0,"none",0,40,1
0.518030649149081,-0.00395832724010074,1,1,0.248610455436591,NA,0.380921328963913,0,0.0674785811878677,NA,0.101356907951352,0,0.164250023323132,-0.0411509001161176,0.0132315835946228,0.323791457286432,0,"S4","main",1000,2,0.0595983868018629,1.91560715794202,0,0,0,"none",0,41,1
0.510659858362553,-0.0172637195053359,1,1,0.329130420236713,NA,0.636873731881801,0,0.011033616990641,NA,0.0439286319383536,0,0.133769673214898,-0.0267100427487453,0.0182856543705437,0.289454773869347,0,"S4","main",1000,2,0.0595983868018629,2.20182917548389,0,0,0,"none",0,42,1
0.505468561619956,-0.0232350821481636,1,1,0.515247484088886,NA,0.877026297766553,0,0.193286071024888,NA,0.24592980184366,0,0.176554820475219,0.0632548822893596,0.0144525569073232,0.39128391959799,0,"S4","main",1000,2,0.0595983868018629,2.84821079598161,0,0,0,"none",0,43,1
0.568749441332133,0.0124164391891112,1,1,0.443444227722623,NA,0.757988515614842,0,0.0282384412735297,NA,0.0625084087618179,0,0.0401258124335492,-0.00207543702350656,0.00617352961952997,0.149894472361809,0,"S4","main",1000,2,0.0595983868018629,2.18893246308534,0,0,0,"none",0,44,1
0.587593918283578,0.00126691530076792,1,1,0.618387689543653,NA,0.792142531029828,0,0.0864038431182344,NA,0.124530382213576,0,0.0723388096640114,-0.0359772284881901,0.0103177452029369,0.219429648241206,0,"S4","main",1000,2,0.0595983868018629,1.57655536877029,0,0,0,"none",0,45,1
0.549843414620045,0.00639666738580233,1,1,0.543550308618664,NA,0.971085681397723,1,0.236496382258127,NA,0.37215206641643,0,0.39223560190801,0.0557099230031345,0.0183137407214557,0.647753768844221,1,"S4","main",1000,2,0.0595983868018629,5.63651953205157,0,0,0,"none",0,46,1
0.575850496322395,-0.00173462248973238,1,1,0.631866849878616,NA,0.94791366856071,0,0.570006711631586,NA,0.588068635499575,1,0.47860685372435,-0.123563517490018,0.0157014352190998,0.750346733668342,1,"S4","main",1000,2,0.0595983868018629,4.28331093716494,0,0,0,"none",0,47,1
0.564778983207117,-0.00140719438537174,1,1,0.39799693424249,NA,0.853847163776123,0,0.0666797877545006,NA,0.120682921823765,0,0.632071354361522,0.323188131309553,0.00410243473749367,0.9906608040201,1,"S4","main",1000,2,0.0595983868018629,7.06209471103507,0,0,0,"none",0,48,1
0.575465230169146,-0.00310211672272891,1,1,0.23020884757291,NA,0.556314369291569,0,0.0264829102244962,NA,0.071191557562282,0,0.165219529234274,0.00542271420975857,0.0144585749631762,0.320437185929648,0,"S4","main",1000,2,0.0595983868018629,3.26852752572397,0,0,0,"none",0,49,1
0.552886593388087,-0.024781767161536,1,1,0.653778871693314,NA,0.926796127569556,0,0.128572641964659,NA,0.180462524272575,0,0.315865690354312,0.109916717021032,0.0166042981804194,0.60194472361809,1,"S4","main",1000,2,0.0595983868018629,3.4320497404182,0,0,0,"none",0,50,1
0.59675095963209,-0.0158812119203113,1,1,0.734510124890443,NA,0.957920460891916,1,0.569727415240936,NA,0.570741459868502,1,0.461682984170278,0.0668137645775678,0.0196083910627298,0.657793969849246,1,"S4","main",1000,2,0.0595983868018629,2.48235907868461,0,0,0,"none",0,51,1
0.55672920190152,0.0124415266564435,1,1,0.40691722094696,NA,0.931295857863589,0,0.0111352314164303,NA,0.0469287463973625,0,0.306095720935835,0.186316838301572,0.0204891196845349,0.680233668341709,1,"S4","main",1000,2,0.0595983868018629,8.04164056803557,0,0,0,"none",0,52,1
0.546447614617805,0.0362825078210846,1,1,0.465379120517053,NA,0.722097429055177,0,0.0943879561320647,NA,0.134834223284228,0,0.0654420736252976,-0.0149144836746197,0.00722945903653795,0.177085427135678,0,"S4","main",1000,2,0.0595983868018629,1.63627235875874,0,0,0,"none",0,53,1
0.53235275208688,0.0240472655455327,1,1,0.422438715320532,NA,0.785550870870504,0,0.340644006026986,NA,0.441939050768103,0,0.0507898071036622,-0.00671502554259106,0.00752285550336008,0.161663316582915,0,"S4","main",1000,2,0.0595983868018629,2.63087575455573,0,0,0,"none",0,54,1
0.540388382592718,-0.018979945743806,1,1,0.590042302308875,NA,0.890206699899292,0,0.203270416038227,NA,0.234987082574091,0,0.202821078897899,0.0104828185514881,0.0178337492750113,0.340190954773869,0,"S4","main",1000,2,0.0595983868018629,2.27069648536713,0,0,0,"none",0,55,1
0.513446401460644,-0.0029489540183519,1,1,0.555390896900309,NA,0.868774867269799,0,0.07192098830302,NA,0.122132781952775,0,0.082221031800748,-0.0211414420554301,0.01187286431885,0.219243718592965,0,"S4","main",1000,2,0.0595983868018629,1.92173623073575,0,0,0,"none",0,56,1
0.548005887019599,-0.0088859842956678,1,1,0.450842163043069,NA,0.772509245997952,0,0.0392108647131613,NA,0.0676240621960233,0,0.300779153677593,0.0795922450636266,0.0131955724487165,0.545939698492462,1,"S4","main",1000,2,0.0595983868018629,2.60898054481204,0,0,0,"none",0,57,1
0.506820017785194,-0.0135027445251255,1,1,0.0833495301952712,NA,0.181235752477595,0,0.000996153384482739,NA,0.0325507535129952,0,0.0275899978423073,-0.0172844850862769,0.00842312901493503,0.170424623115578,0,"S4","main",1000,2,0.0595983868018629,2.6708524765875,0,0,0,"none",0,58,1
0.539607121193702,-0.00191703836811892,1,1,0.674708067488867,NA,0.538337385330765,0,0.0254730389604673,NA,0.0591211804521554,0,0.0291097482097777,-0.0202203326243491,0.00778508956615655,0.21044472361809,0,"S4","main",1000,2,0.0595983868018629,0.849378435905286,0,0,0,"none",0,59,1
0.538349310133893,0.00847451998000611,1,1,0.805942675143793,NA,0.990017212399023,1,0.341449304354825,NA,0.44692747130481,0,0.784844105884265,0.208410319345721,0.0130182520513166,0.947592964824121,1,"S4","main",1000,2,0.0595983868018629,4.72658074585933,0,0,0,"none",0,60,1
0.520425472063062,-0.0105263157908867,1,1,0.445694168531451,NA,0.828102797016552,0,0.00201662710923295,NA,0.0340708110735216,0,-0.00238452945322901,0.000867827054016551,0.00500326730049525,0.108097989949749,0,"S4","main",1000,2,0.0595983868018629,3.87573693386957,0,0,0,"none",0,61,1
0.566989036702331,-0.0177753842196998,1,1,0.866922741120904,NA,0.981749475283258,1,0.558516045033266,NA,0.608293362660569,1,0.618628283485883,0.0484635690656027,0.0135957639685173,0.752718592964824,1,"S4","main",1000,2,0.0595983868018629,2.48017595014296,0,0,0,"none",0,62,1
0.547817304498008,-0.00605465592426632,1,1,0.620960182684663,NA,0.872513167653816,0,0.0238059451736896,NA,0.0487383210526305,0,0.0907676645836795,0.00480640904748376,0.0105510099745285,0.197105527638191,0,"S4","main",1000,2,0.0595983868018629,1.74560159802695,0,0,0,"none",0,63,1
0.507541425131422,0.00178995429505002,1,1,0.43460050501208,NA,0.915933196283798,0,0.0792935991453298,NA,0.165237212716059,0,0.10729534734719,-0.0480470818733684,0.0144630196822535,0.275298994974874,0,"S4","main",1000,2,0.0595983868018629,4.49128802127085,0,0,0,"none",0,64,1
0.515104703188599,0.00996225511493931,1,1,0.621685800722124,NA,0.975917568541577,1,0.728148350577416,NA,0.866081694868346,1,0.279937729903555,0.0554920315054591,0.0167844064381756,0.512982412060301,1,"S4","main",1000,2,0.0595983868018629,4.83798748410768,0,0,0,"none",0,65,1
0.555973757005698,-0.0127956979804741,1,1,0.331865429862019,NA,0.838559101828212,0,0.0624713750751469,NA,0.158524474261821,0,0.0726003127653886,-0.0133832573994052,0.00737344354496072,0.215110552763819,0,"S4","main",1000,2,0.0595983868018629,6.83083441752095,0,0,0,"none",0,66,1
0.561301282003484,-0.028404556175022,1,1,0.431811537958044,NA,0.807262193590071,0,0.0515719194044997,NA,0.0993972608579043,0,0.192938851014757,-0.121067790755143,0.014611376928305,0.48491959798995,0,"S4","main",1000,2,0.0595983868018629,3.28388851744583,0,0,0,"none",0,67,1
0.586398947535834,-0.018791601592805,1,1,0.332179260418393,NA,0.460199422232164,0,-0.00250969101791148,NA,0.0329656621580091,0,0.056097333966854,0.0446695777611534,0.0100113862289267,0.24598743718593,0,"S4","main",1000,2,0.0595983868018629,1.13241416619772,0,0,0,"none",0,68,1
0.574778240056478,0.00998038204850699,1,1,0.389488538349176,NA,0.813832491121195,0,0.0480957020345541,NA,0.10559637279801,0,0.184604298881695,0.0507807588513281,0.0141292468421286,0.400384422110553,0,"S4","main",1000,2,0.0595983868018629,3.91869305841392,0,0,0,"none",0,69,1
0.53122151572273,0.0453087318914661,1,1,0.616135889086077,NA,0.973507375764883,1,0.334712196014677,NA,0.43381690355982,0,0.160304964968179,0.00752537250333248,0.0161374497806626,0.328412060301508,0,"S4","main",1000,2,0.0595983868018629,4.73273108306455,0,0,0,"none",0,70,1
0.570521143515436,-0.00912796862291727,1,1,0.304476868064445,NA,0.752387750567838,0,0.028173993332409,NA,0.0779540686649676,0,0.528079380060854,-0.369861044746156,0.00859759146904644,0.950572864321608,1,"S4","main",1000,2,0.0595983868018629,4.50669877673046,0,0,0,"none",0,71,1
0.512432128415536,-0.0108874903228616,1,1,-0.0798310454073673,NA,0.232445657570825,0,-0.00220007300403768,NA,0.033230630800867,0,0.00638649831363361,-0.00616596253048454,0.00379225102382445,0.0980326633165829,0,"S4","main",1000,2,0.0595983868018629,5.25266054423951,0,0,0,"none",0,72,1
0.508367062607464,-0.0123996061205493,1,1,0.238632857847681,NA,0.562256230346346,0,0.0209201916401159,NA,0.0594232341999015,0,0.127447221795002,0.0551491498175324,0.014150181647647,0.340884422110553,0,"S4","main",1000,2,0.0595983868018629,3.98916261341369,0,0,0,"none",0,73,1
0.570373885016748,0.00572725152397488,1,1,0.543954900251075,NA,0.963113123941079,1,0.195589979572953,NA,0.307248788174954,0,0.0753823123933596,-0.0182342003419256,0.00764825081437599,0.187040201005025,0,"S4","main",1000,2,0.0595983868018629,4.07990080195935,0,0,0,"none",0,74,1
0.492893421252312,0.00519863453206892,1,1,0.552380399143904,NA,0.879393233664723,0,0.328065230510631,NA,0.399199270333362,0,0.253951525701008,-0.0189990299705538,0.0145745499375963,0.405469849246231,0,"S4","main",1000,2,0.0595983868018629,2.16507502830646,0,0,0,"none",0,75,1
0.54040356400425,-0.0125356131072433,1,1,0.708066115716181,NA,0.997755334539927,1,0.593338377097066,NA,0.74392425034312,1,0.719605527238444,0.156210282907986,0.00830135318567969,0.967527638190955,1,"S4","main",1000,2,0.0595983868018629,5.63908544367034,0,0,0,"none",0,76,1
0.539485017592424,0.010006193089666,1,1,0.435501940061063,NA,0.877694944965323,0,0.0293678227763565,NA,0.0740071472969372,0,0.132675088821136,-0.0284704305925916,0.0123869290511513,0.312354271356784,0,"S4","main",1000,2,0.0595983868018629,4.13110990619094,0,0,0,"none",0,77,1
0.487454502151159,-0.00653250312827973,1,1,0.109726023694507,NA,0.263999567674887,0,0.00169233630193286,NA,0.0332431116802908,0,0.0162164873987909,0.0056739680262339,0.00453295838839953,0.115801507537688,0,"S4","main",1000,2,0.0595983868018629,3.0924782902057,0,0,0,"none",0,78,1
0.583364542920477,-0.00926533747343287,1,1,0.458457069898198,NA,0.83659170396003,0,0.0512688353789879,NA,0.0927300096763294,0,0.283148926776282,0.0191726098778118,0.0142306765267708,0.473497487437186,0,"S4","main",1000,2,0.0595983868018629,3.45136150060665,0,0,0,"none",0,79,1
0.578164589890912,0.00025598812751058,1,1,0.729051400423016,NA,0.950184786172373,1,0.661439129963333,NA,0.670566964400543,1,0.592142671033017,-0.0585777519656006,0.0172255981175976,0.692665829145729,1,"S4","main",1000,2,0.0595983868018629,2.46709659231023,0,0,0,"none",0,80,1
0.53445770458982,0.0399169236665957,1,1,0.531477923778353,NA,0.983204408306124,1,0.112447245420408,NA,0.209230743230123,0,0.683501304640771,0.205176871941087,0.00978352323919291,0.949128140703518,1,"S4","main",1000,2,0.0595983868018629,6.046873289435,0,0,0,"none",0,81,1
0.559105108461238,-0.0225875405136416,1,1,0.140865016416326,NA,0.263631927912033,0,0.0133628591006768,NA,0.0418259263398167,0,0.097440342334517,-0.00464974445971626,0.00975856442661716,0.20936432160804,0,"S4","main",1000,2,0.0595983868018629,1.45645261628912,0,0,0,"none",0,82,1
0.555309939185306,0.0193554534156635,1,1,0.14769879626364,NA,0.344685089968405,0,0.0196848378881838,NA,0.0560947770811209,0,0.0154461379151775,0.00559769879211593,0.00487245683375654,0.115396984924623,0,"S4","main",1000,2,0.0595983868018629,3.27797232132545,0,0,0,"none",0,83,1
0.498246790816847,-0.00865941760567528,1,1,0.48202212285611,NA,0.920306891697081,0,0.0494486158596492,NA,0.104202796377409,0,0.260716940447243,-0.0356213100731235,0.0172975846645939,0.486859296482412,0,"S4","main",1000,2,0.0595983868018629,5.10669706466758,0,0,0,"none",0,84,1
0.541947373565868,-0.0246362071946149,1,1,0.413679301082598,NA,0.770292355732444,0,0.0549188921905535,NA,0.105281293533871,0,0.0922079132839558,0.0511339884104992,0.0126784515907895,0.301065326633166,0,"S4","main",1000,2,0.0595983868018629,2.14765957332485,0,0,0,"none",0,85,1
0.556438325958719,-0.00444220661829819,1,1,0.396720766916652,NA,0.774919826593393,0,0.0428485211806586,NA,0.0966424714051835,0,0.136760014643067,0.0462607354136889,0.016527592786897,0.316394472361809,0,"S4","main",1000,2,0.0595983868018629,3.35890592159341,0,0,0,"none",0,86,1
0.514325472286628,0.0375362361375998,1,1,0.255642636771465,NA,0.513509706341859,0,0.0269949451676701,NA,0.0585274648679894,0,0.338640915784598,-0.18140867233322,0.0161861175188712,0.694185929648241,1,"S4","main",1000,2,0.0595983868018629,2.14861374595779,0,0,0,"none",0,87,1
0.532534373929805,0.0138543523508419,1,1,0.397655426821189,NA,0.791463338954925,0,0.0163230667632646,NA,0.0507666553371728,0,0.153109442445458,0.0717946765695184,0.0125911717531341,0.381891959798995,0,"S4","main",1000,2,0.0595983868018629,2.66199933254449,0,0,0,"none",0,88,1
0.576787072913266,-0.000654190692073159,1,1,-0.373879439788666,NA,0.655904614133942,0,0.00477727185463214,NA,0.0384778304662107,0,-0.0350150333720981,-0.00773926867575315,0.00743132440824715,0.151381909547739,0,"S4","main",1000,2,0.0595983868018629,2.36014293554262,0,0,0,"none",0,89,1
0.543690989583292,-0.0241314851605446,1,1,0.41835076811373,NA,0.593549856110463,0,0.0727288556090988,NA,0.0799477167236644,0,0.279949235718078,0.0762226040796088,0.0234104178214026,0.54036432160804,1,"S4","main",1000,2,0.0595983868018629,0.150378047747368,0,0,0,"none",0,90,1
0.533954838564438,-0.00492420918780464,1,1,0.355707587819674,NA,0.732965661228822,0,0.0832033964036533,NA,0.129599749162725,0,0.112134273100896,-0.0282444996231024,0.0114414153079225,0.282542713567839,0,"S4","main",1000,2,0.0595983868018629,2.75937587988176,0,0,0,"none",0,91,1
0.532322028537112,0.0039529357116398,1,1,0.555638701854706,NA,0.960364839582473,1,0.218960038658935,NA,0.377327738979535,0,0.254550821986127,-0.156079624831772,0.0162188944376664,0.622170854271357,1,"S4","main",1000,2,0.0595983868018629,4.45474850249483,0,0,0,"none",0,92,1
0.543173157261709,-0.00707701668928536,1,1,0.560767055225774,NA,0.833697455505164,0,0.159219923236171,NA,0.184419469216955,0,0.20314249379341,0.00270208185830977,0.0141763240730807,0.337989949748744,0,"S4","main",1000,2,0.0595983868018629,2.26540506373097,0,0,0,"none",0,93,1
0.59538137235334,-0.0266891971393947,1,1,0.636062478815812,NA,0.863369556168656,0,0.093740771753431,NA,0.121255163896541,0,0.190509740194086,0.0019285900145917,0.0162113246908644,0.301964824120603,0,"S4","main",1000,2,0.0595983868018629,2.26456918665572,0,0,0,"none",0,94,1
0.504415725927633,-0.0294574797119919,1,1,0.474811639220997,NA,0.880248797776907,0,0.0295016366447278,NA,0.0735287142342107,0,0.0966792464653473,0.0119724619683591,0.0102745805812436,0.241713567839196,0,"S4","main",1000,2,0.0595983868018629,3.68216147124896,0,0,0,"none",0,95,1
0.508038453088888,-0.00241320824396458,1,1,-0.0784056310118761,NA,0.176467652037057,0,0.00516453433433969,NA,0.0422443377869919,0,0.00235954075334364,-0.038360445957537,0.010856311175243,0.216128140703518,0,"S4","main",1000,2,0.0595983868018629,3.0602849431944,0,0,0,"none",0,96,1
0.504548441073573,0.0201336438565417,1,1,0.336876190145898,NA,0.789763860208068,0,0.0328181242505806,NA,0.0781903149243832,0,0.0541044163110135,0.0078294772801793,0.00775860059305136,0.169376884422111,0,"S4","main",1000,2,0.0595983868018629,4.64551462716804,0,0,0,"none",0,97,1
0.549027499315627,-0.0184015269440219,1,1,0.504953574903321,NA,0.949120535386722,0,0.0726576934868999,NA,0.148854688941255,0,0.285048090340191,0.104927223659181,0.0207753418354574,0.540324120603015,1,"S4","main",1000,2,0.0595983868018629,5.72845061849906,0,0,0,"none",0,98,1
0.53290059830462,-0.0331999468473463,1,1,0.682582607605677,NA,0.890586724772704,0,0.0325900584060344,NA,0.0607603433890245,0,0.293093318879502,0.0429346317693542,0.0160169726777407,0.437422110552764,0,"S4","main",1000,2,0.0595983868018629,1.71104091473344,0,0,0,"none",0,99,1
0.482377139904766,-0.0147594482598588,1,1,0.00589478388904502,NA,0.0134750582485608,0,0.0173220522123062,NA,0.0526827063676166,0,0.0161767579236625,-0.0293358555007708,0.00738350967298254,0.177801507537688,0,"S4","main",1000,2,0.0595983868018629,2.62756750025373,0,0,0,"none",0,100,1
0.541543763602599,-0.0250443915662904,1,1,0.430259018418859,NA,0.960283844112258,1,0.0605210988328625,NA,0.150855279373086,0,0.0859442239666175,0.00999658053882852,0.00837589747157456,0.246085427135678,0,"S4","main",1000,5,0.0942333235828024,8.99208764718328,0,0,0,"none",0,1,1
0.53917543146321,0.0167399599882046,1,1,0.360865894089008,NA,0.86101624650287,0,0.0240270206303722,NA,0.0720388487250144,0,0.171566902231103,-0.0176382948432846,0.0133575787455493,0.361778894472362,0,"S4","main",1000,5,0.0942333235828024,5.66071053378108,0,0,0,"none",0,2,1
0.580044457618021,-0.0309844308081402,1,1,0.240493562450538,NA,0.771409714795364,0,0.00547909190505575,NA,0.0401900353330648,0,0.018368643373453,-0.00601834912533039,0.0046351494934382,0.106464824120603,0,"S4","main",1000,5,0.0942333235828024,10.2425760922307,0,0,0,"none",0,3,1
0.550660159535433,-0.0185007526833572,1,1,0.103512455769689,NA,0.285416868843366,0,0.0575096869524729,NA,0.12729042111514,0,0.0989287823294151,0.0363257205642285,0.0132733115254337,0.29285175879397,0,"S4","main",1000,5,0.0942333235828024,6.46100113682349,0,0,0,"none",0,4,1
0.556059967347839,-0.00923089927534214,1,1,0.578784675975957,NA,0.982474264089279,1,0.173748113726344,NA,0.314744559959722,0,0.542471576542159,-0.140962300862068,0.0128444751346629,0.871108040201005,1,"S4","main",1000,5,0.0942333235828024,6.01864520009534,0,0,0,"none",0,5,1
0.563152914212544,0.00654760876881168,1,1,0.483217359416449,NA,0.958489574690457,1,0.0547036742953715,NA,0.12148822187235,0,0.413973409742166,0.111328331538293,0.0195661497827265,0.723522613065327,1,"S4","main",1000,5,0.0942333235828024,6.39855016571933,0,0,0,"none",0,6,1
0.545923750651157,-0.00985666943861962,1,1,0.717390154591819,NA,0.999526195338601,1,0.611880410470724,NA,0.86620751199649,1,0.52895886435014,-0.0946699024975565,0.0179177727659669,0.875741206030151,1,"S4","main",1000,5,0.0942333235828024,7.85186575864516,0,0,0,"none",0,7,1
0.552057418111631,0.0317413395150628,1,1,0.324481255954091,NA,0.738341082683209,0,0.00442192732461583,NA,0.034691532778013,0,0.24141371655821,0.296010909752131,0.0143843531540691,0.858570351758794,1,"S4","main",1000,5,0.0942333235828024,4.04326495481844,0,0,0,"none",0,8,1
0.572924269988102,-0.0145250119842215,1,1,0.648628701332023,NA,0.988883652551996,1,0.343773017136329,NA,0.52897324584944,1,0.152737795614719,0.0121977301996036,0.0117205828056596,0.314535175879397,0,"S4","main",1000,5,0.0942333235828024,4.96030709247446,0,0,0,"none",0,9,1
0.536055802365561,0.0261932188712722,1,1,0.308448160098836,NA,0.645913046425395,0,0.0243419822214965,NA,0.0618421720214016,0,0.135967446161039,0.0420094366596936,0.00982583632511989,0.343706030150754,0,"S4","main",1000,5,0.0942333235828024,3.28624384136806,0,0,0,"none",0,10,1
0.523431593497624,-0.0006810485951208,1,1,0.354399371310861,NA,0.862744432943263,0,0.100363497962649,NA,0.205126285340045,0,0.114696929939876,0.00515414358045958,0.0120701368398877,0.256934673366834,0,"S4","main",1000,5,0.0942333235828024,5.93867423543669,0,0,0,"none",0,11,1
0.548891636458585,0.0195946337226672,1,1,0.296111929177981,NA,0.905880442348174,0,0.0739474632538984,NA,0.224575987163826,0,0.0750508333799774,-0.0703566791505991,0.0133969647339457,0.330050251256281,0,"S4","main",1000,5,0.0942333235828024,12.4187542450666,0,0,0,"none",0,12,1
0.512863820940735,-0.0171661748383224,1,1,0.269014495221434,NA,0.808798782273263,0,0.0139437183368844,NA,0.058689238028318,0,0.0809944181321847,0.053818905010675,0.0117775976939973,0.338494974874372,0,"S4","main",1000,5,0.0942333235828024,8.46332491236722,0,0,0,"none",0,13,1
0.478768354623476,0.0128547205454443,1,1,0.477101497068883,NA,0.99491547243168,1,0.132480179114973,NA,0.309675008108511,0,0.359519137567398,-0.014754968778239,0.0168298576167522,0.763854271356784,1,"S4","main",1000,5,0.0942333235828024,13.5897955585941,0,0,0,"none",0,14,1
0.51973425271169,-0.00478868492441929,1,1,0.146330769400034,NA,0.540780982976973,0,0.00771678513743834,NA,0.0446739714030013,0,0.0246956046153287,-0.016473697704142,0.00684147021674713,0.141301507537688,0,"S4","main",1000,5,0.0942333235828024,8.2847094189647,0,0,0,"none",0,15,1
0.555147943835368,-0.0138317902745885,1,1,0.292551103151901,NA,0.666502043033091,0,0.016349286262566,NA,0.0505184825094284,0,0.0589344494311476,2.14023725224529e-05,0.0073474997898447,0.177381909547739,0,"S4","main",1000,5,0.0942333235828024,4.36034703496711,0,0,0,"none",0,16,1
0.505756312810483,0.0270072540611201,1,1,0.811494990343158,NA,0.998094189614623,1,0.494732403661604,NA,0.602758014536597,1,0.835866722398153,-0.332053083568326,0.00128646448443825,0.998713567839196,1,"S4","main",1000,5,0.0942333235828024,5.45078606685243,0,0,0,"none",0,17,1
0.513287262442874,-0.000290350216223411,1,1,0.221431511059794,NA,0.610746485108206,0,0.058045312788063,NA,0.12919182162441,0,0.133486880056802,-0.0338939313734132,0.0121838648612778,0.318005025125628,0,"S4","main",1000,5,0.0942333235828024,5.35686225561545,0,0,0,"none",0,18,1
0.502987010531924,-0.0120272482777857,1,1,0.317888869764853,NA,0.868491873178041,0,0.0366707622186822,NA,0.103498126298722,0,0.0213599523723005,0.00288604717207046,0.00463803010163722,0.107899497487437,0,"S4","main",1000,5,0.0942333235828024,7.64809137641005,0,0,0,"none",0,19,1
0.513509281208902,-0.011520110466857,1,1,0.240405257955515,NA,0.622734524034637,0,0.0182194966956737,NA,0.0577580122382801,0,0.0522579185410056,-0.0125261670953234,0.00799774520886784,0.17578391959799,0,"S4","main",1000,5,0.0942333235828024,4.40730455788741,0,0,0,"none",0,20,1
0.532432346836583,0.00189508338453086,1,1,0.331711454551872,NA,0.789443840982615,0,0.135617938175142,NA,0.233168514507126,0,0.122870008668167,0.0549838296698872,0.0118889810855842,0.326007537688442,0,"S4","main",1000,5,0.0942333235828024,4.85746496663369,0,0,0,"none",0,21,1
0.513557147728643,0.0126895243520617,1,1,0.599601922389437,NA,0.998955627443857,1,0.726575391037527,NA,0.975089736657899,1,0.701698061973402,-0.00344622628813683,0.00289832044162828,0.994653266331658,1,"S4","main",1000,5,0.0942333235828024,13.1750227562486,0,0,0,"none",0,22,1
0.554968608880309,0.035178223452215,1,1,0.552404076955673,NA,0.99531397835271,1,0.299242703732124,NA,0.525923054930933,1,0.561544326869793,-0.0331949357642293,0.0133051913197335,0.925668341708543,1,"S4","main",1000,5,0.0942333235828024,11.0754654415859,0,0,0,"none",0,23,1
0.536086865631112,0.0151100750568789,1,1,0.548951452220762,NA,0.970359555587193,1,0.0989113758811788,NA,0.193104145209894,0,0.333977208909112,-0.039445385158422,0.0216211494434966,0.552834170854271,1,"S4","main",1000,5,0.0942333235828024,5.07258536894943,0,0,0,"none",0,24,1
0.538845868732726,0.0117470737196988,1,1,0.357563150663403,NA,0.853489270019553,0,0.021713268169051,NA,0.0649355802695984,0,0.308383892334623,-0.153424190568098,0.0207946528211796,0.707597989949749,1,"S4","main",1000,5,0.0942333235828024,6.0625366719988,0,0,0,"none",0,25,1
0.541876171332066,-0.01393004901817,1,1,0.363569193319868,NA,0.837132136465608,0,0.242736278372651,NA,0.448220409211098,0,0.0878032082505922,-0.0258813994126301,0.0140701884988329,0.241150753768844,0,"S4","main",1000,5,0.0942333235828024,6.52169467875928,0,0,0,"none",0,26,1
0.560698627402714,-0.0345284322737877,1,1,0.488689988322491,NA,0.961586027736492,1,0.315219548328092,NA,0.499381165051486,0,0.270161595338971,0.0285609988468147,0.0148333018083639,0.508434673366834,1,"S4","main",1000,5,0.0942333235828024,6.0367213674563,0,0,0,"none",0,27,1
0.562031395394157,-0.0394458777526041,1,1,0.33554589143311,NA,0.93891468120087,0,0.0422955476958103,NA,0.128123375948887,0,0.0652279492160787,-0.0055150807163834,0.00858296957716499,0.212155778894472,0,"S4","main",1000,5,0.0942333235828024,11.8910886373953,0,0,0,"none",0,28,1
0.522166541062125,-0.00148756599620146,1,1,0.4113716109423,NA,0.919215901811827,0,0.0342005660332772,NA,0.0909990717443897,0,0.0458396509868035,-0.0011600282166268,0.0051856311734483,0.156711055276382,0,"S4","main",1000,5,0.0942333235828024,6.16609793693451,0,0,0,"none",0,29,1
0.543199723294838,0.0133184903364669,1,1,0.712167683650735,NA,0.976640244560482,1,0.428156230867693,NA,0.492996958386371,0,0.46533078295215,-0.0360247334070019,0.0225991801229352,0.693371859296482,1,"S4","main",1000,5,0.0942333235828024,3.51335100875755,0,0,0,"none",0,30,1
0.543363606419356,0.00788348028413939,1,1,0.601621255922291,NA,0.967381209388229,1,0.130282003068535,NA,0.192530887340203,0,0.50959589680508,0.0681208370288422,0.0196256341670635,0.782145728643216,1,"S4","main",1000,5,0.0942333235828024,5.51005868669172,0,0,0,"none",0,31,1
0.566637858043933,0.0173647995016994,1,1,0.699459135113141,NA,0.993836948322857,1,0.267911021977493,NA,0.388519073948329,0,0.666194787764453,0.0796584255015294,0.0161266144011738,0.879085427135678,1,"S4","main",1000,5,0.0942333235828024,4.69739496146055,0,0,0,"none",0,32,1
0.488656330194218,-0.0126603411480944,1,1,0.184060259198266,NA,0.572313553245852,0,0.00497381942215929,NA,0.0370071869476137,0,0.00047162030597059,-0.00797600367054794,0.00386196061784825,0.0956482412060301,0,"S4","main",1000,5,0.0942333235828024,5.11672990647216,0,0,0,"none",0,33,1
0.53796055680143,-0.00812477427219706,1,1,0.218526966155322,NA,0.502572697516964,0,0.0106506048726967,NA,0.0414213029938594,0,0.118614921380372,0.0296210228805018,0.0100980847495926,0.252826633165829,0,"S4","main",1000,5,0.0942333235828024,3.09008897256767,0,0,0,"none",0,34,1
0.540082876426336,0.0169459009091068,1,1,0.448067207236228,NA,0.978548931019956,1,0.0931210268445093,NA,0.203399396642182,0,0.449910794386527,-0.0612400331877158,0.0214365962893992,0.817409547738693,1,"S4","main",1000,5,0.0942333235828024,9.39279954313419,0,0,0,"none",0,35,1
0.571651102493437,0.00653469208475097,1,1,0.331334073581588,NA,0.865016622873996,0,0.0296618864042437,NA,0.0888143533437584,0,0.144256417242283,0.0545656047565929,0.0137665738773266,0.357793969849246,0,"S4","main",1000,5,0.0942333235828024,7.1034934658979,0,0,0,"none",0,36,1
0.541167241671732,0.0316666256830937,1,1,0.645308441621462,NA,0.971256344613315,1,0.262867469519367,NA,0.353123448882105,0,0.839495887854421,-0.0780049378793376,0.01030324287972,0.92514824120603,1,"S4","main",1000,5,0.0942333235828024,4.79227761526215,0,0,0,"none",0,37,1
0.540775025236346,-0.0135583404922746,1,1,0.300463810204058,NA,0.88059762659951,0,0.0448223433155416,NA,0.133976931830863,0,0.0897794648627153,-0.0153029312726907,0.0118948351034178,0.270638190954774,0,"S4","main",1000,5,0.0942333235828024,10.2899687331402,0,0,0,"none",0,38,1
0.606211930541916,-0.0149554751677868,1,1,0.541142562286363,NA,0.987062324930942,1,0.494491539224199,NA,0.744275536385936,1,0.602534871142974,-0.0517910208254805,0.0127524842116611,0.889057788944724,1,"S4","main",1000,5,0.0942333235828024,7.4259863614885,0,0,0,"none",0,39,1
0.523795724004465,0.012148844678106,1,1,0.578811708093901,NA,0.996006766444807,1,0.356466382726198,NA,0.584776007125087,1,0.545815967024828,-0.00506204104185717,0.0141372695883435,0.900223618090452,1,"S4","main",1000,5,0.0942333235828024,9.49231055963307,0,0,0,"none",0,40,1
0.512738500711667,0.013170135410754,1,1,0.353492543052427,NA,0.890619960972158,0,0.352140787273166,NA,0.601761966189043,1,0.304361143775489,0.054330319701691,0.0193919056879246,0.599625628140704,1,"S4","main",1000,5,0.0942333235828024,7.25231842439015,0,0,0,"none",0,41,1
0.52401757973412,-0.0121048431562497,1,1,0.497110881825437,NA,0.988639010707312,1,0.153955836057856,NA,0.322977676021882,0,0.577203166611558,0.0921564023594066,0.0108655051084778,0.923238693467337,1,"S4","main",1000,5,0.0942333235828024,9.1974361473293,0,0,0,"none",0,42,1
0.5958328309505,-0.0144943369875947,1,1,0.721730366395403,NA,0.999162450588091,1,0.685413014270521,NA,0.892214027712895,1,0.65398274637877,0.022233106777107,0.0116783768238184,0.923997487437186,1,"S4","main",1000,5,0.0942333235828024,8.54324450500147,0,0,0,"none",0,43,1
0.54901410227648,-0.00889541900912591,1,1,0.548171248400931,NA,0.980873700142362,1,0.0565961554706385,NA,0.134314758148503,0,0.127442233268009,-0.0246879825513571,0.0104499724678888,0.297439698492462,0,"S4","main",1000,5,0.0942333235828024,4.57905269529487,0,0,0,"none",0,44,1
0.553123803704529,-0.0153310098761768,1,1,0.208584128261171,NA,0.482724408974643,0,0.010923984592693,NA,0.0440696272837148,0,0.0165319174733155,-0.00383530117951496,0.00581969688215519,0.114346733668342,0,"S4","main",1000,5,0.0942333235828024,3.49325672691142,0,0,0,"none",0,45,1
0.537614555038907,-0.00362884521459696,1,1,0.209924958768435,NA,0.665782578597554,0,0.0343107247580261,NA,0.0944348961051721,0,0.208213615750596,0.0733159999797725,0.013833587842129,0.540701005025126,1,"S4","main",1000,5,0.0942333235828024,9.6212933352519,0,0,0,"none",0,46,1
0.539202725152696,-0.00457792027343733,1,1,0.280687327151155,NA,0.846671959993774,0,0.0558426503402078,NA,0.161568437081905,0,0.0444599751690767,-0.0256037645163422,0.0092248256847382,0.214861809045226,0,"S4","main",1000,5,0.0942333235828024,8.25559540225743,0,0,0,"none",0,47,1
0.585209816256418,-0.00417224131661863,1,1,0.472058513803148,NA,0.950153681440433,1,0.117940812088461,NA,0.233755121380972,0,0.200351370722097,-0.00478619560193635,0.012871410605289,0.414,0,"S4","main",1000,5,0.0942333235828024,6.85189686296075,0,0,0,"none",0,48,1
0.604110189223743,0.00330434140740846,1,1,0.544723686267252,NA,0.991024142004913,1,0.153608819662326,NA,0.31243189509434,0,0.37195341695803,-0.151125038025008,0.0171023832524831,0.815869346733668,1,"S4","main",1000,5,0.0942333235828024,9.61360945700425,0,0,0,"none",0,49,1
0.530537516731858,-0.0166627807405035,1,1,0.19107969833601,NA,0.558460277698424,0,0.00631552555693882,NA,0.0400400998170616,0,0.0192507686591794,-0.00219383470428654,0.0048561895223438,0.115407035175879,0,"S4","main",1000,5,0.0942333235828024,5.42143061584941,0,0,0,"none",0,50,1
0.518661367028276,0.006218926704411,1,1,0.311488903830985,NA,0.870436746807305,0,0.0402422323826765,NA,0.114468647344204,0,0.0095690865257834,-0.019917652900606,0.00666404606585282,0.13928391959799,0,"S4","main",1000,5,0.0942333235828024,7.94715788896831,0,0,0,"none",0,51,1
0.528409701844117,0.00815048900206524,1,1,0.332148134800204,NA,0.955895486078282,1,0.0440605640053853,NA,0.143220687548386,0,0.324388317523364,0.188281665484083,0.0163619459427411,0.811175879396985,1,"S4","main",1000,5,0.0942333235828024,14.449014276168,0,0,0,"none",0,52,1
0.485979167724442,0.0172783621167434,1,1,-0.0362003011610387,NA,0.141841348916063,0,-0.00267936406437557,NA,0.0343879467752927,0,-0.00330233385562604,-0.00537628784358583,0.0036759326722969,0.0764748743718593,0,"S4","main",1000,5,0.0942333235828024,7.55547641338593,0,0,0,"none",0,53,1
0.491803566422135,-0.00617314819247342,1,1,0.293424858875266,NA,0.898930677459934,0,0.0620982774155034,NA,0.169850893411688,0,0.049453176665106,-0.00930415610827803,0.0107152135503462,0.18570351758794,0,"S4","main",1000,5,0.0942333235828024,11.0963621892271,0,0,0,"none",0,54,1
0.481148947138116,-0.00926784912154486,1,1,0.53539825821817,NA,0.938036026078258,0,0.101229432575282,NA,0.207222049119539,0,0.12631570124457,-0.0740073893584129,0.0132667829468873,0.390396984924623,0,"S4","main",1000,5,0.0942333235828024,5.09964298504846,0,0,0,"none",0,55,1
0.582499542102438,-0.0139608907126086,1,1,0.792031845605287,NA,0.998728202020766,1,0.841337449113781,NA,0.927334818683334,1,0.706494021266791,0.0572699440633285,0.00990087229351881,0.948417085427136,1,"S4","main",1000,5,0.0942333235828024,6.5372024377736,0,0,0,"none",0,56,1
0.561878147234846,0.0162955801582626,1,1,0.102248338514724,NA,0.250157518486104,0,0.011142163057799,NA,0.0451637406396131,0,0.0370828727314123,0.00900323884896908,0.00622581085856672,0.141376884422111,0,"S4","main",1000,5,0.0942333235828024,3.35389035339279,0,0,0,"none",0,57,1
0.588496214388661,-0.0212984595043082,1,1,0.461229256869172,NA,0.908053133267327,0,0.0646543381179651,NA,0.131776168800742,0,0.473041148759978,-0.171793146384738,0.0151235811612011,0.745344221105528,1,"S4","main",1000,5,0.0942333235828024,4.32981498569828,0,0,0,"none",0,58,1
0.513867920091094,-0.0170789616900116,1,1,0.370967956887156,NA,0.966758556952268,1,0.0224259358904429,NA,0.0831019087665191,0,0.125654668243918,-0.0437503310463088,0.0124705386027601,0.38448743718593,0,"S4","main",1000,5,0.0942333235828024,11.4428580727709,0,0,0,"none",0,59,1
0.552421671577822,-0.0134452291240299,1,1,0.0955829757236069,NA,0.279967386044173,0,0.00539462560134626,NA,0.0377830454131721,0,0.0276770127257833,0.00589284781183356,0.005636344519776,0.121683417085427,0,"S4","main",1000,5,0.0942333235828024,5.95950389161077,0,0,0,"none",0,60,1
0.542646975504856,-0.0105398030268728,1,1,0.441396013586434,NA,0.914164136750427,0,0.0751198303077302,NA,0.149140562468221,0,0.392371480630624,-0.142303228382262,0.0166679353021384,0.686261306532663,1,"S4","main",1000,5,0.0942333235828024,4.0163445164008,0,0,0,"none",0,61,1
0.574728037945038,-0.00850480346489518,1,1,0.5801985668744,NA,0.992487555778011,1,0.328110817661988,NA,0.530219767731924,1,0.558585037764333,0.0226821969987334,0.0138055827646327,0.868198492462312,1,"S4","main",1000,5,0.0942333235828024,8.18147592369345,0,0,0,"none",0,62,1
0.508426848533087,-0.0273132843963228,1,1,0.365141349133215,NA,0.828389254040299,0,0.0508503410492681,NA,0.104926851317361,0,0.0642075109227525,0.00602937614445128,0.00963656260646866,0.183062814070352,0,"S4","main",1000,5,0.0942333235828024,4.10962240361624,0,0,0,"none",0,63,1
0.553463465012588,0.011464574527071,1,1,0.360108861061206,NA,0.830820573060659,0,0.0267383174844219,NA,0.070686012881346,0,0.087117269600639,0.0207697767706566,0.0106802620036471,0.222087939698492,0,"S4","main",1000,5,0.0942333235828024,5.07414066943918,0,0,0,"none",0,64,1
0.540700710713405,0.0124684761949991,1,1,0.173504091100147,NA,0.514464179113479,0,0.0140152247264334,NA,0.0553009069355787,0,0.0104331129376013,0.00178951127045508,0.00343578946060268,0.0922537688442211,0,"S4","main",1000,5,0.0942333235828024,6.13706086486803,0,0,0,"none",0,65,1
0.595099331670917,0.00518030440200868,1,1,0.326449869512586,NA,0.832818732456797,0,0.00920507379943259,NA,0.045064877077881,0,0.0165138492632144,-0.000868322020777608,0.00393260073453079,0.0961834170854271,0,"S4","main",1000,5,0.0942333235828024,6.47404642681798,0,0,0,"none",0,66,1
0.575586355777767,-0.00979693635515374,1,1,0.201722466105643,NA,0.464288167346716,0,0.022754890221525,NA,0.0607249791319162,0,0.0332057903011437,-0.0100243697540425,0.0078253696316712,0.147914572864322,0,"S4","main",1000,5,0.0942333235828024,3.3140270512068,0,0,0,"none",0,67,1
0.543596347856391,0.0352676009338786,1,1,0.526526072797446,NA,0.980898322579874,1,0.54732584963145,NA,0.756016998756275,1,0.53387879276831,0.0555477699629529,0.0164388283877218,0.867577889447236,1,"S4","main",1000,5,0.0942333235828024,7.89387903470034,0,0,0,"none",0,68,1
0.51332924117591,0.0178993622775416,1,1,0.285454048928617,NA,0.827562671651784,0,0.0506076747006714,NA,0.132734141063057,0,0.175520485374628,-0.0879877803634988,0.0142592004816523,0.501924623115578,1,"S4","main",1000,5,0.0942333235828024,7.94714855574672,0,0,0,"none",0,69,1
0.573452407481637,0.0263502641518196,1,1,0.628257522698885,NA,0.986437548789015,1,0.265851083715385,NA,0.320035629178743,0,0.659643827602507,-0.0274520812036043,0.0153460970705867,0.87648743718593,1,"S4","main",1000,5,0.0942333235828024,4.67350020712465,0,0,0,"none",0,70,1
0.538425140308543,-0.00446940668701101,1,1,0.5770190312588,NA,0.995529558290861,1,0.0681390489760814,NA,0.155601127429403,0,0.591182654043696,-0.0970104467434632,0.012550963501446,0.9316608040201,1,"S4","main",1000,5,0.0942333235828024,8.5797445108632,0,0,0,"none",0,71,1
0.534644977283884,0.0104464426836192,1,1,0.336759210709929,NA,0.817413656619186,0,0.118830058961762,NA,0.211059231884676,0,0.510420737829558,-0.0275027107922284,0.0141702327811892,0.86536432160804,1,"S4","main",1000,5,0.0942333235828024,8.91943995071575,0,0,0,"none",0,72,1
0.559288958011575,0.020911330364637,1,1,0.126682131569484,NA,0.363620857520672,0,0.0165632169283685,NA,0.0573405967088595,0,0.138361669832864,-0.123295987087881,0.0174456597776873,0.470585427135678,0,"S4","main",1000,5,0.0942333235828024,5.27295396821303,0,0,0,"none",0,73,1
0.527000657178947,-0.0166341233155223,1,1,0.452089937697765,NA,0.98569873123212,1,0.301761619390134,NA,0.572024836877656,1,0.300708317334067,-0.00616660710684464,0.021246463682124,0.634349246231156,1,"S4","main",1000,5,0.0942333235828024,9.44650423150257,0,0,0,"none",0,74,1
0.5651119581317,0.0242482519126944,1,1,0.179398266277041,NA,0.616628341648065,0,0.0196639390156559,NA,0.0734632807107254,0,0.0110785346712661,0.00272401261737195,0.0040904939698762,0.0912989949748744,0,"S4","main",1000,5,0.0942333235828024,8.67474277002434,0,0,0,"none",0,75,1
0.53438838661035,-0.00122099974124913,1,1,0.200792688503575,NA,0.632971517819617,0,0.0470303952776483,NA,0.127936049829087,0,0.0880870886348625,0.0731777121648303,0.0129204714474685,0.351037688442211,0,"S4","main",1000,5,0.0942333235828024,7.86891738951321,0,0,0,"none",0,76,1
0.55377376927522,-0.00747416142882255,1,1,0.43795036775691,NA,0.953804763132712,1,0.0357553657891296,NA,0.0951649393911497,0,0.405071225188868,0.135056801554799,0.0139943247394002,0.821977386934673,1,"S4","main",1000,5,0.0942333235828024,8.83634206611418,0,0,0,"none",0,77,1
0.512665337497153,-0.0255142659348794,1,1,0.413629260013526,NA,0.949681840132662,0,0.0738531090796384,NA,0.158791903291587,0,0.609451708968197,-0.131979082124395,0.0104362638317751,0.956972361809045,1,"S4","main",1000,5,0.0942333235828024,8.86392961297912,0,0,0,"none",0,78,1
0.523486213422234,0.0140537942491793,1,1,0.315331081491013,NA,0.78492024460282,0,0.0109814915636284,NA,0.045146784686659,0,0.212625602958342,0.0288761109986251,0.0176899929399696,0.413972361809045,0,"S4","main",1000,5,0.0942333235828024,5.66945213348036,0,0,0,"none",0,79,1
0.57386032251772,-0.00453572143285297,1,1,0.24143189044267,NA,0.659107957723645,0,0.0167422569737963,NA,0.0557868051090359,0,0.0846278913492977,0.0149430468018998,0.00921409071510186,0.232575376884422,0,"S4","main",1000,5,0.0942333235828024,5.47865358429382,0,0,0,"none",0,80,1
0.580814839953456,0.0711588769056413,1,1,0.523876531695129,NA,0.976066084333605,1,0.127465061462492,NA,0.256191744042799,0,0.159276366320956,0.0214098861853543,0.0141913636927947,0.336248743718593,0,"S4","main",1000,5,0.0942333235828024,5.60936474504063,0,0,0,"none",0,81,1
0.564014179457595,0.00606590479245722,1,1,0.0106361946966651,NA,0.0292652985754729,0,-0.00180227597652779,NA,0.0442747256175158,0,-0.0101600411561324,0.0347260485978854,0.00836228845671343,0.197072864321608,0,"S4","main",1000,5,0.0942333235828024,5.42027558770413,0,0,0,"none",0,82,1
0.509895400946528,0.0110066126008138,1,1,0.167290529856513,NA,0.554492043092827,0,0.00298290606085659,NA,0.0342321473105391,0,0.0275535803524004,-0.00579524264776019,0.00506554828478808,0.126577889447236,0,"S4","main",1000,5,0.0942333235828024,8.0356435421455,0,0,0,"none",0,83,1
0.504125476678109,0.026139588333642,1,1,0.451883972431611,NA,0.920538912275385,0,0.213355204393764,NA,0.330583277318664,0,0.173061088781946,0.0449471231958886,0.013314058903781,0.385454773869347,0,"S4","main",1000,5,0.0942333235828024,5.2016656789224,0,0,0,"none",0,84,1
0.503799970918917,-0.00769582358931816,1,1,0.514896344507769,NA,0.986236914958783,1,0.195508881124271,NA,0.34426937768762,0,0.403490488284089,-0.146956235824868,0.0152207794953307,0.831241206030151,1,"S4","main",1000,5,0.0942333235828024,6.80858247537222,0,0,0,"none",0,85,1
0.548161552090307,0.0241325612157797,1,1,0.46548385864324,NA,0.936431104565292,0,0.0688026110788913,NA,0.142966911811262,0,0.121385593210101,-0.0013847703960318,0.0125864737311368,0.270226130653266,0,"S4","main",1000,5,0.0942333235828024,5.972591979926,0,0,0,"none",0,86,1
0.514081905618115,0.0158542968209826,1,1,0.192490305192685,NA,0.593377218956563,0,0.0845801776823865,NA,0.184506674383996,0,0.0151746789643775,-0.00148428759587078,0.00471174316629508,0.101525125628141,0,"S4","main",1000,5,0.0942333235828024,6.75311363370841,0,0,0,"none",0,87,1
0.551548410079087,-0.00645481649026109,1,1,0.397283094043733,NA,0.94921915691757,0,0.344280195352842,NA,0.618138712683551,1,0.325854961474483,0.00603942263491953,0.0174027661478157,0.651130653266332,1,"S4","main",1000,5,0.0942333235828024,8.71807134702635,0,0,0,"none",0,88,1
0.511124015088381,-0.0118144589540749,1,1,0.189427883358107,NA,0.597931723801229,0,0.00267230220050753,NA,0.033837491020467,0,0.065385905781935,-0.00961994857686268,0.00812132074306225,0.210721105527638,0,"S4","main",1000,5,0.0942333235828024,6.80927916065704,0,0,0,"none",0,89,1
0.514726948535197,0.00951767510421587,1,1,0.430333728073282,NA,0.980915901257612,1,0.411661313682952,NA,0.742387705927535,1,0.33792106703983,0.0398470766303644,0.0194027641741457,0.660293969849246,1,"S4","main",1000,5,0.0942333235828024,9.37739076256968,0,0,0,"none",0,90,1
0.526834412890436,-0.00812298782700628,1,1,0.326919047570112,NA,0.863180278287219,0,0.0165071840256466,NA,0.0582692571960794,0,0.118049301909565,0.0067345587002659,0.0106933456104133,0.303168341708543,0,"S4","main",1000,5,0.0942333235828024,7.57642085662717,0,0,0,"none",0,91,1
0.529010834849525,-0.00729879557281737,1,1,0.0375906184956344,NA,0.0987392566706806,0,-0.00817306519022575,NA,0.0399803134862031,0,-0.004089648478615,-0.0060539366158323,0.0042905035915513,0.1216608040201,0,"S4","main",1000,5,0.0942333235828024,3.2621446313715,0,0,0,"none",0,92,1
0.504448621947591,0.0086393212086803,1,1,0.0969489365192105,NA,0.267077896021376,0,0.0238410250196537,NA,0.0720535767884844,0,-0.00108564767679984,-0.00255816667671758,0.00462075096382155,0.106163316582915,0,"S4","main",1000,5,0.0942333235828024,4.1724016944901,0,0,0,"none",0,93,1
0.50167403819535,-0.0120380058716933,1,1,0.164954059946021,NA,0.490146789962206,0,0.0196878892190092,NA,0.0638234642183474,0,0.109279296672086,0.0310473500524997,0.0114597457137669,0.281341708542714,0,"S4","main",1000,5,0.0942333235828024,6.22459025276883,0,0,0,"none",0,94,1
0.555841224141331,-0.00708609039325262,1,1,0.632447442905115,NA,0.982993749626157,1,0.166854962050069,NA,0.275220096353388,0,0.282841966598579,0.0508670860502022,0.0236273229636585,0.519286432160804,1,"S4","main",1000,5,0.0942333235828024,4.96227814882054,0,0,0,"none",0,95,1
0.550963860849097,0.0391409439334248,1,1,0.265310179312267,NA,0.741916730743865,0,0.0686572434832328,NA,0.149404128551052,0,0.214992651544124,-0.0161614918067155,0.0182181980761598,0.451452261306533,0,"S4","main",1000,5,0.0942333235828024,7.24975321750501,0,0,0,"none",0,96,1
0.501593632467296,0.00446847103610467,1,1,0.104408314485765,NA,0.367803039355623,0,0.0139968767535835,NA,0.0576776874246697,0,0.041752270825882,-0.00656056739734828,0.00629973452180042,0.156173366834171,0,"S4","main",1000,5,0.0942333235828024,7.51674082476109,0,0,0,"none",0,97,1
0.558064975927304,0.00847054155689076,1,1,0.492057670216249,NA,0.977766309429039,1,0.120644336139104,NA,0.252864888798865,0,0.263183314657525,0.025554255582512,0.0198488798272891,0.489025125628141,0,"S4","main",1000,5,0.0942333235828024,6.38127620498526,0,0,0,"none",0,98,1
0.552373138328462,0.027809443842901,1,1,0.413167854224173,NA,0.839765478244078,0,0.0237267116583074,NA,0.0616164623246599,0,0.242338566371826,0.038454589079194,0.0151676827783348,0.390625628140704,0,"S4","main",1000,5,0.0942333235828024,3.97417048661579,0,0,0,"none",0,99,1
0.567932927230614,-0.0174508070869709,1,1,0.123424286843219,NA,0.298503756444786,0,0.00130331425996286,NA,0.0347670971431801,0,-0.0157947182383998,-0.00540831455369736,0.00599975187607516,0.12228391959799,0,"S4","main",1000,5,0.0942333235828024,3.81739608600106,0,0,0,"none",0,100,1
0.538191852212723,0.024229562007126,1,1,0.417597276886569,NA,0.990379450873403,1,0.068782512983252,NA,0.190468675898455,0,0.360313729392484,0.194792266615574,0.0139191177419105,0.912178391959799,1,"S4","main",1000,10,0.133266044238292,14.3358444527148,0,0,0,"none",0,1,1
0.545428096464275,-0.00444701074396571,1,1,0.322350868589533,NA,0.896426852773784,0,0.0445253979922618,NA,0.12665458406326,0,0.128085645650018,-0.0430762651261314,0.0174781190385944,0.356869346733668,0,"S4","main",1000,10,0.133266044238292,9.73326137102195,0,0,0,"none",0,2,1
0.5315937950117,-0.0107646930179511,1,1,0.609918557412324,NA,0.999603054156113,1,0.685318412769697,NA,0.991874265585418,1,0.676932609626866,0.00559343119482476,0.00628969780526173,0.981145728643216,1,"S4","main",1000,10,0.133266044238292,11.4723235751346,0,0,0,"none",0,3,1
0.512107580911361,-0.0454634401876149,1,1,0.33107617434499,NA,0.919449950344037,0,0.0762702480477559,NA,0.190262673086679,0,0.0799002590410575,0.0141926369222643,0.0111676696636468,0.25171608040201,0,"S4","main",1000,10,0.133266044238292,9.00807553944317,0,0,0,"none",0,4,1
0.511901686268574,-0.00430029956245183,1,1,0.147490200577252,NA,0.643680505477362,0,0.00488303864255553,NA,0.0407034672643064,0,0.0495760008304551,0.0471307565179618,0.0103639680993668,0.236459798994975,0,"S4","main",1000,10,0.133266044238292,14.9280558142247,0,0,0,"none",0,5,1
0.555693188838422,0.00105769343978476,1,1,0.307876549689534,NA,0.867168772816617,0,0.0399701509183072,NA,0.114534842869876,0,0.0456517880677245,-0.0346158776248468,0.00926466756249492,0.213030150753769,0,"S4","main",1000,10,0.133266044238292,9.03884643441447,0,0,0,"none",0,6,1
0.576251041407466,-0.0108396689358378,1,1,0.382046103052176,NA,0.985754495362289,1,0.212338121820543,NA,0.516245453798754,1,0.113831022441743,0.00057611979575333,0.0131190360138277,0.343678391959799,0,"S4","main",1000,10,0.133266044238292,14.5074396496387,0,0,0,"none",0,7,1
0.555371227917614,0.0205855120111611,1,1,0.259386551499176,NA,0.835914856957778,0,0.0296888958113308,NA,0.0964787270803095,0,0.0805708662745378,-0.0205282582009678,0.0107045336315103,0.244223618090452,0,"S4","main",1000,10,0.133266044238292,10.841131530139,0,0,0,"none",0,8,1
0.529931884483867,0.01708918377364,1,1,0.40634154734733,NA,0.98829582849586,1,0.153018460227946,NA,0.374700960280454,0,0.300234256240513,0.2918660423018,0.0121092009384155,0.912309045226131,1,"S4","main",1000,10,0.133266044238292,13.5737515219409,0,0,0,"none",0,9,1
0.528478064476264,-0.0243968520436266,1,1,0.350283457032885,NA,0.973762710456889,1,0.0625365393736158,NA,0.188316075083788,0,0.226424456793098,-0.010772506993177,0.0200340693831523,0.575065326633166,1,"S4","main",1000,10,0.133266044238292,15.2464196462891,0,0,0,"none",0,10,1
0.571437367353577,-0.0171703398139454,1,1,0.674855968957127,NA,0.9999028489859,1,0.626579403034073,NA,0.916638527707645,1,0.724339488150381,-0.240457017817626,NA,1,1,"S4","main",1000,10,0.133266044238292,13.4254312538068,0,0,0,"none",0,11,1
0.499086935998074,-0.0252894947739439,1,1,0.482856206258718,NA,0.998072045876895,1,0.372696548052969,NA,0.72082509700552,1,0.487853625180264,0.0302684814350706,0.0111621482179516,0.944693467336683,1,"S4","main",1000,10,0.133266044238292,15.1385760988673,0,0,0,"none",0,12,1
0.542219469084699,-0.00164324446855394,1,1,0.441283391233538,NA,0.98758485091744,1,0.111540698218552,NA,0.251816217105166,0,0.631992778784926,0.16428558670811,0.0027760903369599,0.996052763819095,1,"S4","main",1000,10,0.133266044238292,13.7209973515217,0,0,0,"none",0,13,1
0.543894139724256,0.00224560311474879,1,1,0.110409176983206,NA,0.428287806080581,0,0.000776428757819423,NA,0.034915890731765,0,0.0163622695221533,-0.000997407365125458,0.00317527726038703,0.0973341708542714,0,"S4","main",1000,10,0.133266044238292,9.20159932988137,0,0,0,"none",0,14,1
0.576120171300004,-0.00186720769988834,1,1,0.348875205168214,NA,0.985634130636984,1,0.0761506634893089,NA,0.234511230190729,0,0.187278343827116,0.0410909363399108,0.0132219264532638,0.546532663316583,1,"S4","main",1000,10,0.133266044238292,19.746974209908,0,0,0,"none",0,15,1
0.577917009130405,0.00652315157554039,1,1,0.47913365917343,NA,0.989263080697624,1,0.48069412575313,NA,0.806645353338298,1,0.561288118910669,0.0982248742394908,0.00784406185798479,0.947331658291457,1,"S4","main",1000,10,0.133266044238292,11.1560238165281,0,0,0,"none",0,16,1
0.523265263242869,0.0107041954703358,1,1,0.317936403160914,NA,0.894619437080424,0,0.00990506695033898,NA,0.0514644253008717,0,0.0386644442818927,0.00522310182593694,0.00830497905863536,0.154319095477387,0,"S4","main",1000,10,0.133266044238292,10.2961698057545,0,0,0,"none",0,17,1
0.498541752571537,-0.00745239233799105,1,1,0.310184259830606,NA,0.950483168598474,1,0.0300506749702188,NA,0.108084510269901,0,0.0600813810263043,-0.00127897933464506,0.00769047453982278,0.20229648241206,0,"S4","main",1000,10,0.133266044238292,11.6822248410802,0,0,0,"none",0,18,1
0.560944793923929,0.0117194992136395,1,1,0.367892418728693,NA,0.98822539840559,1,0.108727625183771,NA,0.309792452690772,0,0.0434700458660488,-0.00746881448215326,0.0076959773566834,0.180379396984925,0,"S4","main",1000,10,0.133266044238292,17.9957059393207,0,0,0,"none",0,19,1
0.531476428103426,0.0226306253203691,1,1,0.312984883322361,NA,0.966063886071749,1,0.0763235052153903,NA,0.223750086878266,0,0.0993723525067977,-0.0265491344398651,0.0133034419835328,0.352967336683417,0,"S4","main",1000,10,0.133266044238292,16.5273967251505,0,0,0,"none",0,20,1
0.521566329631661,-0.019800225650902,1,1,0.383388658344105,NA,0.982222923909057,1,0.0884553038147546,NA,0.228351491149506,0,0.129922990172865,0.00767189052908494,0.012122535598734,0.363655778894472,0,"S4","main",1000,10,0.133266044238292,12.3703534596571,0,0,0,"none",0,21,1
0.528422153682771,-0.0123665093381821,1,1,0.265032556994543,NA,0.934304986988339,0,0.059519047782651,NA,0.18747512494157,0,0.146142470531909,-0.0213175714081798,0.0110035334854741,0.448653266331658,0,"S4","main",1000,10,0.133266044238292,18.7303413498264,0,0,0,"none",0,22,1
0.535414355617638,-0.0147411341498047,1,1,0.170091501639042,NA,0.609389942382785,0,0.00788889660237671,NA,0.0453364823892842,0,-0.00309823318195875,-0.00117351612363073,0.00347008072788407,0.0772386934673367,0,"S4","main",1000,10,0.133266044238292,8.64350003079946,0,0,0,"none",0,23,1
0.522781828456806,-0.0219068503889598,1,1,0.336273391224443,NA,0.933370347569234,0,0.0124032413088946,NA,0.0546356951201742,0,0.118719514385249,-0.0454902315199152,0.0130726800531041,0.351356783919598,0,"S4","main",1000,10,0.133266044238292,10.1417136622423,0,0,0,"none",0,24,1
0.5798523396527,0.0050520011752968,1,1,0.323968445635421,NA,0.957015602622111,1,0.0498241041179492,NA,0.155522957402482,0,0.0768970942163803,0.00432372810969781,0.0122024394621518,0.256100502512563,0,"S4","main",1000,10,0.133266044238292,13.9078056715269,0,0,0,"none",0,25,1
0.5012558457071,-0.0228129623517157,1,1,0.361677276573376,NA,0.973683971511242,1,0.0361639914270124,NA,0.119962304734275,0,0.187711110355018,0.0013453323054925,0.0156624368485579,0.480811557788945,0,"S4","main",1000,10,0.133266044238292,13.6785479428317,0,0,0,"none",0,26,1
0.536964561451372,-0.00489415679437519,1,1,0.329855665093856,NA,0.953909910947062,1,0.116565017658192,NA,0.292307867717999,0,0.272076217885376,0.0466098459472069,0.0179424457659929,0.640565326633166,1,"S4","main",1000,10,0.133266044238292,13.5196377031253,0,0,0,"none",0,27,1
0.590093011732304,0.0374875451964949,1,1,0.425343360007459,NA,0.984307970115009,1,0.0944532749135638,NA,0.234046963439743,0,0.374960194485992,0.00349329801244876,0.0157377034193401,0.769075376884422,1,"S4","main",1000,10,0.133266044238292,12.982386499,0,0,0,"none",0,28,1
0.527420746825445,0.0112808495589083,1,1,0.487076242662737,NA,0.990554289115448,1,0.250662035690387,NA,0.46366516879904,0,0.52061526250824,-0.155627415159227,0.00837044889258058,0.943243718592965,1,"S4","main",1000,10,0.133266044238292,11.7354582061729,0,0,0,"none",0,29,1
0.489826158654397,-0.0256069243885457,1,1,0.404428475131489,NA,0.996608639536577,1,0.346185850278194,NA,0.75338414547333,1,0.516546998706803,-0.19288576288594,0.00435940601660357,0.995640703517588,1,"S4","main",1000,10,0.133266044238292,22.2223494578158,0,0,0,"none",0,30,1
0.518238028726862,0.0337424601098273,1,1,0.00220245619101349,NA,0.00829184085438761,0,-0.000251037045143163,NA,0.0326664076007678,0,-0.00813699097803234,0.0062904066180119,0.00335972702006929,0.0869195979899497,0,"S4","main",1000,10,0.133266044238292,8.53111210526062,0,0,0,"none",0,31,1
0.541207517739352,0.0133897695595519,1,1,0.41352579939063,NA,0.985297378099174,1,0.0248152227559353,NA,0.0825433451496217,0,0.37932831264852,0.070461098376823,0.0176499661747734,0.814979899497487,1,"S4","main",1000,10,0.133266044238292,14.205247605334,0,0,0,"none",0,32,1
0.546353717055678,-0.00773769633229664,1,1,0.517164997707868,NA,0.991003054827342,1,0.325631281905394,NA,0.557736544741135,1,0.494606727127311,-0.155405313029773,0.0116223750003613,0.908409547738693,1,"S4","main",1000,10,0.133266044238292,10.2169075076901,0,0,0,"none",0,33,1
0.551468060813826,-0.0333827652063441,1,1,0.602061991711509,NA,0.999274173706378,1,0.298870775064502,NA,0.563271651361994,1,0.511466035161528,-0.162031033105532,0.016077545105315,0.95205527638191,1,"S4","main",1000,10,0.133266044238292,12.000544967905,0,0,0,"none",0,34,1
0.565908828873077,0.00810121275961467,1,1,0.113849629985112,NA,0.484444698113567,0,0.00172530193102967,NA,0.0359198073538846,0,-0.000398234431356724,-0.000116623549188768,0.00316616104492901,0.062462311557789,0,"S4","main",1000,10,0.133266044238292,11.1653504884974,0,0,0,"none",0,35,1
0.561528719705174,0.0363059125281752,1,1,0.459064582275702,NA,0.997162358902303,1,0.0990466496003721,NA,0.269152070779461,0,0.369193579698083,-0.171815995549334,0.0134949052349916,0.847743718592965,1,"S4","main",1000,10,0.133266044238292,16.0323677101251,0,0,0,"none",0,36,1
0.538808710262407,0.00594690626146972,1,1,0.343016155235114,NA,0.971047868517731,1,0.0235459280436482,NA,0.0876244847393506,0,0.325868805289194,-0.000206632454837871,0.0170560571106101,0.742042713567839,1,"S4","main",1000,10,0.133266044238292,16.0156181164321,0,0,0,"none",0,37,1
0.485895169213463,0.0094526310784683,1,1,0.427983757625698,NA,0.980007375457792,1,0.0673818879488562,NA,0.168729793707495,0,0.0941394585189329,-0.0160623973110176,0.0114841548587306,0.283545226130653,0,"S4","main",1000,10,0.133266044238292,10.3011891567381,0,0,0,"none",0,38,1
0.545874965767039,0.0199652871549919,1,1,0.049559888503981,NA,0.179307300248236,0,0.00242512768481214,NA,0.0337011477744242,0,0.00834777505977858,-0.00390002095555892,0.0041146159856415,0.0896306532663317,0,"S4","main",1000,10,0.133266044238292,7.70276015792208,0,0,0,"none",0,39,1
0.597246792264184,-0.00468633260560562,1,1,0.249619352637199,NA,0.857973856087329,0,0.0123043925253712,NA,0.0590067696097607,0,0.034285001801894,-0.00116409568597533,0.00710507103622625,0.146854271356784,0,"S4","main",1000,10,0.133266044238292,11.828147936728,0,0,0,"none",0,40,1
0.562617898327143,-0.0124477632151973,1,1,0.45745067907007,NA,0.996753274139156,1,0.40712678160013,NA,0.830181061561416,1,0.420284205822346,-0.17037297364109,0.0103026304412455,0.946457286432161,1,"S4","main",1000,10,0.133266044238292,17.815799022937,0,0,0,"none",0,41,1
0.53454271810129,0.0364400702440371,1,1,0.0696034714477463,NA,0.245673465360508,0,-0.0019461594366846,NA,0.033939230735514,0,0.00434550203439432,0.00369627314304052,0.00358672512588944,0.0834472361809045,0,"S4","main",1000,10,0.133266044238292,7.87015093642518,0,0,0,"none",0,42,1
0.536234202049008,0.0245794209944057,1,1,0.228041404311807,NA,0.772936068807717,0,0.0136023437486451,NA,0.0597861603146215,0,0.016291509402925,-0.0103834001403507,0.00618052630298601,0.119032663316583,0,"S4","main",1000,10,0.133266044238292,10.2023410490385,0,0,0,"none",0,43,1
0.546735362367766,0.0173549043807605,1,1,0.187061843269139,NA,0.660662660274284,0,0.0047352338245715,NA,0.0375540806952142,0,0.0705235050646789,-0.0278578573038283,0.00994396674744013,0.225577889447236,0,"S4","main",1000,10,0.133266044238292,10.2173676187121,0,0,0,"none",0,44,1
0.52167928214278,-0.0263548882877086,1,1,0.496314420067468,NA,0.997696534990638,1,0.158569074416599,NA,0.375507814864811,0,0.410570151342145,0.118304658510794,0.0146573665910758,0.856927135678392,1,"S4","main",1000,10,0.133266044238292,13.7427471178059,0,0,0,"none",0,45,1
0.563016577285204,0.037536317973024,1,1,0.542201753535784,NA,0.999368942677296,1,0.368353184064025,NA,0.738333274947168,1,0.345521870599411,0.124529063794098,0.014936215545211,0.782042713567839,1,"S4","main",1000,10,0.133266044238292,13.9958284887354,0,0,0,"none",0,46,1
0.570988361560017,0.000162120211439431,1,1,0.35043667055336,NA,0.975755764429963,1,0.0541432912823442,NA,0.176532428595383,0,0.145959490843582,-0.0196714828739362,0.0161501423860882,0.428118090452261,0,"S4","main",1000,10,0.133266044238292,16.299632392685,0,0,0,"none",0,47,1
0.511030585445378,-0.026204529565828,1,1,0.124051771946315,NA,0.461477102441864,0,0.00665766938428204,NA,0.0424555596153896,0,0.00265643936226403,-0.00935092535710394,0.00363886213299961,0.0911507537688442,0,"S4","main",1000,10,0.133266044238292,9.41249924039188,0,0,0,"none",0,48,1
0.502582298622995,0.0254430280200923,1,1,0.501311970928793,NA,0.99935258839706,1,0.388490412424876,NA,0.783566405620868,1,0.609773500678174,-0.143479515495178,NA,1,1,"S4","main",1000,10,0.133266044238292,18.5292869239108,0,0,0,"none",0,49,1
0.561873228181912,-0.0157608349732843,1,1,0.520723926409146,NA,0.999044738851372,1,0.497714668388051,NA,0.915946690346841,1,0.49778950326658,0.0597212303489473,0.00999400267771939,0.954293969849246,1,"S4","main",1000,10,0.133266044238292,15.7433810165787,0,0,0,"none",0,50,1
0.497415610660952,-0.0483388359589612,1,1,0.231930680525213,NA,0.866395955339311,0,0.00906268041642234,NA,0.0516380613871034,0,0.0514473197588824,-0.0180717566067029,0.00943179882259675,0.20077135678392,0,"S4","main",1000,10,0.133266044238292,13.4025121523236,0,0,0,"none",0,51,1
0.526805098274952,0.00549453148129181,1,1,0.322555698388742,NA,0.9766305101562,1,0.127348904560408,NA,0.350759333885746,0,0.213975424271959,-0.047560955360539,0.0175548190654696,0.60229648241206,1,"S4","main",1000,10,0.133266044238292,17.9078592120034,0,0,0,"none",0,52,1
0.4868401620376,0.00825012900753411,1,1,0.339768088760011,NA,0.92232716025993,0,0.0221567787065393,NA,0.0744588961852902,0,0.47223914110135,-0.216354339319753,0.0106905736557802,0.943389447236181,1,"S4","main",1000,10,0.133266044238292,10.4084684158042,0,0,0,"none",0,53,1
0.561167714952934,0.0375640516059144,1,1,0.402101407015686,NA,0.997502649775942,1,0.195403065658702,NA,0.52225514520594,1,0.256114932565162,0.0727143935633053,0.0194401035617977,0.707213567839196,1,"S4","main",1000,10,0.133266044238292,22.1426378009415,0,0,0,"none",0,54,1
0.568137477911953,-0.0022538599748816,1,1,0.498740353204648,NA,0.998462314050737,1,0.524685904223719,NA,0.91622581450147,1,0.523628754886973,0.0450232209494458,0.00868145053682234,0.970673366834171,1,"S4","main",1000,10,0.133266044238292,16.4212864561525,0,0,0,"none",0,55,1
0.49532576172908,-0.00595241488039163,1,1,0.347005526818022,NA,0.938860480747682,0,0.0898930363001492,NA,0.21443813591906,0,0.265042332128399,-0.0317281212492177,0.0190590463668535,0.584736180904523,1,"S4","main",1000,10,0.133266044238292,10.4539022261474,0,0,0,"none",0,56,1
0.532710395026195,-0.0119400887227351,1,1,0.568050868182516,NA,0.999659365286009,1,0.516645830152884,NA,0.915400721500959,1,0.548235924362633,0.194465740778438,0.00426082300676699,0.988075376884422,1,"S4","main",1000,10,0.133266044238292,14.8217248250531,0,0,0,"none",0,57,1
0.545126550693988,-0.0193344897574939,1,1,0.100466543697299,NA,0.362011755501471,0,0.00987843261406716,NA,0.0487409903427331,0,0.0151118124208967,-0.00114461390221501,0.00447341361876013,0.0977738693467337,0,"S4","main",1000,10,0.133266044238292,8.69749310367545,0,0,0,"none",0,58,1
0.512436058857545,-0.00847994545303411,1,1,0.0506547220360758,NA,0.175475284436257,0,-0.00361984427453676,NA,0.036454886375273,0,0.00695716903046163,-0.00906550509860738,0.00498681673457791,0.106989949748744,0,"S4","main",1000,10,0.133266044238292,8.30831321363386,0,0,0,"none",0,59,1
0.550106297370297,0.00392868538694674,1,1,0.336535031255517,NA,0.925291381414087,0,0.0481217537188538,NA,0.134135982489701,0,0.230832339383616,0.0709897836863642,0.0153958862030981,0.589439698492462,1,"S4","main",1000,10,0.133266044238292,11.5615286673124,0,0,0,"none",0,60,1
0.542106539492142,-0.0258169264294825,1,1,0.461076104403598,NA,0.995808646562582,1,0.285103639964046,NA,0.574992754221723,1,0.548961000999507,0.159519799093487,0.00517463108562158,0.985741206030151,1,"S4","main",1000,10,0.133266044238292,15.2743505340335,0,0,0,"none",0,61,1
0.536427419121402,0.0126171737145605,1,1,0.198126013711681,NA,0.744481517117539,0,0.01890758948231,NA,0.0773472173853718,0,0.0251556137666346,-0.0050286606677608,0.0069674739422214,0.121439698492462,0,"S4","main",1000,10,0.133266044238292,13.0590891089943,0,0,0,"none",0,62,1
0.570131427063726,0.00196013347643948,1,1,0.265718704651075,NA,0.791553048364982,0,0.0271240807646368,NA,0.0927668827034977,0,0.0623896176587405,0.0460569717065426,0.0136192628661053,0.280130653266332,0,"S4","main",1000,10,0.133266044238292,8.15644122481582,0,0,0,"none",0,63,1
0.564370411411731,0.0100840618601099,1,1,0.503856138735028,NA,0.999554674448629,1,0.390389789784315,NA,0.81124087541882,1,0.556094617336115,0.117191454204762,0.00073014786543332,0.998743718592965,1,"S4","main",1000,10,0.133266044238292,19.245173478239,0,0,0,"none",0,64,1
0.529898154602175,0.00659162956324189,1,1,0.418677702891725,NA,0.98821733036601,1,0.121582582899417,NA,0.306043555182123,0,0.207055482737049,0.177720981466622,0.015297165714471,0.712685929648241,1,"S4","main",1000,10,0.133266044238292,12.1490956122322,0,0,0,"none",0,65,1
0.517454141136926,0.00252407923094311,1,1,0.224363597517677,NA,0.799464853959835,0,0.0215762126473974,NA,0.0840246744669748,0,0.0953324396719831,-0.0132917603299974,0.0109139004264663,0.291105527638191,0,"S4","main",1000,10,0.133266044238292,13.1209496984739,0,0,0,"none",0,66,1
0.543159784462243,0.00888443796933446,1,1,0.447181101472576,NA,0.990244568937715,1,0.168453775799243,NA,0.371772946126482,0,0.476299776971582,-0.216183204876463,0.0105191516817045,0.95970351758794,1,"S4","main",1000,10,0.133266044238292,13.3514523430862,0,0,0,"none",0,67,1
0.533020918572396,0.00170498431789146,1,1,0.383090997858469,NA,0.938889588015782,0,0.0476147511214437,NA,0.122780746869985,0,0.0275634428493267,-0.00408038732229799,0.00636781435843613,0.120768844221106,0,"S4","main",1000,10,0.133266044238292,8.33515965279737,0,0,0,"none",0,68,1
0.567652918731257,-0.0178734495779992,1,1,0.438700644935548,NA,0.991782392439608,1,0.175388501162101,NA,0.398862971609439,0,0.451927119826836,-0.257501576302852,0.0104004047678862,0.969374371859297,1,"S4","main",1000,10,0.133266044238292,11.6592643155457,0,0,0,"none",0,69,1
0.51552805821788,-0.0100441146612093,1,1,0.23975395191642,NA,0.906315337672752,0,0.0468857345002175,NA,0.168373518511579,0,0.0634045651502961,0.0257420485929045,0.0123479041211452,0.271592964824121,0,"S4","main",1000,10,0.133266044238292,18.6589384683251,0,0,0,"none",0,70,1
0.523550862453408,0.0135363711896358,1,1,0.413457290237792,NA,0.982213034529893,1,0.0544794195684048,NA,0.149363723611916,0,0.249784572583707,-0.0250747484578948,0.0173215629068307,0.568097989949749,1,"S4","main",1000,10,0.133266044238292,11.4453466797072,0,0,0,"none",0,71,1
0.520918676714213,-0.0273624361780613,1,1,0.22004234432542,NA,0.872653422638062,0,0.0755680856002884,NA,0.234716109521076,0,0.131889568274808,0.017972739175766,0.0154962069226612,0.41941959798995,0,"S4","main",1000,10,0.133266044238292,17.478719848188,0,0,0,"none",0,72,1
0.484309279401726,0.0219092792572087,1,1,0.171152605697163,NA,0.739107947643169,0,0.0125161722916509,NA,0.0666645284994313,0,0.0313201213920635,0.000299473297712009,0.00598998163017005,0.134854271356784,0,"S4","main",1000,10,0.133266044238292,15.2978580619217,0,0,0,"none",0,73,1
0.564500572389302,0.0288726359299036,1,1,0.33837549067352,NA,0.96499891486036,1,0.0299654963318979,NA,0.103107704146564,0,0.269422010852501,0.104744152709617,0.0181094370180696,0.689168341708543,1,"S4","main",1000,10,0.133266044238292,15.2412022190006,0,0,0,"none",0,74,1
0.536749025336633,0.0215601615588231,1,1,0.356404219752099,NA,0.96632211477917,1,0.0424064880814514,NA,0.137897727333685,0,0.206298717195698,0.0259899166900747,0.0176510498621863,0.513484924623116,1,"S4","main",1000,10,0.133266044238292,12.6978783621083,0,0,0,"none",0,75,1
0.457625326875936,-0.0191841416282944,1,1,0.446472932157269,NA,0.967786405519564,1,0.0626397191058095,NA,0.135487681317085,0,0.474004586777596,-0.10848157599305,0.0178367348502816,0.852934673366834,1,"S4","main",1000,10,0.133266044238292,10.1132353015933,0,0,0,"none",0,76,1
0.550055398568786,-0.0111283449540893,1,1,0.194002774845134,NA,0.798980286106077,0,0.00731541461384695,NA,0.0476043523703764,0,0.22330871619581,-0.00929379772280845,0.0157720734868055,0.604570351758794,1,"S4","main",1000,10,0.133266044238292,17.8603003797628,0,0,0,"none",0,77,1
0.527149678160262,-0.0224453450515339,1,1,0.229965970546437,NA,0.793491856540709,0,0.0216858502279071,NA,0.0810137976705129,0,0.038244381844271,0.00385829544838888,0.00698368092285763,0.147090452261307,0,"S4","main",1000,10,0.133266044238292,12.0013634750139,0,0,0,"none",0,78,1
0.505838290688162,-0.00307348920762294,1,1,0.459622734581987,NA,0.990985937838168,1,0.0694512764913755,NA,0.185554800793061,0,0.134869605232626,0.0381488344003143,0.0137024886632258,0.376042713567839,0,"S4","main",1000,10,0.133266044238292,11.9183617916703,0,0,0,"none",0,79,1
0.480106471552496,-0.00926654251440327,1,1,0.54278432325068,NA,0.999810203026992,1,0.413305605067659,NA,0.773253089455004,1,0.674332355618058,-0.0615341652111733,NA,1,1,"S4","main",1000,10,0.133266044238292,18.7407006330505,0,0,0,"none",0,80,1
0.565465273855277,0.014958765162126,1,1,0.374199677838781,NA,0.958865258440867,1,0.0547840773768431,NA,0.151367900353418,0,0.0538012951436778,0.00383391221935214,0.00666228031780142,0.1788391959799,0,"S4","main",1000,10,0.133266044238292,12.5311621320851,0,0,0,"none",0,81,1
0.494025950145347,0.013027196235225,1,1,-0.0667534032623836,NA,0.228289138442737,0,-0.00471457271645054,NA,0.0367915873460478,0,0.00092450173444119,0.105330253691011,0.0140936318232029,0.452972361809045,0,"S4","main",1000,10,0.133266044238292,7.00386437092672,0,0,0,"none",0,82,1
0.521860641520022,0.01854088493579,1,1,0.347421351134268,NA,0.898846909966744,0,0.0284527466733794,NA,0.0853515728757042,0,0.0218125853576112,-0.0155637950997168,0.005399806440084,0.142876884422111,0,"S4","main",1000,10,0.133266044238292,8.27167917930693,0,0,0,"none",0,83,1
0.569961610896375,0.0324352791360152,1,1,0.244357464743915,NA,0.741446486621969,0,0.000424158620113708,NA,0.0326470399146991,0,0.0151581756294234,0.0623152203472411,0.0119175269365276,0.250346733668342,0,"S4","main",1000,10,0.133266044238292,9.52692240279193,0,0,0,"none",0,84,1
0.537021729838089,0.00564764795007735,1,1,0.497659532193053,NA,0.984849003087697,1,0.129954965212861,NA,0.275074025106925,0,0.427969982475703,0.0793122171573552,0.023172628847205,0.789118090452261,1,"S4","main",1000,10,0.133266044238292,9.0024112950528,0,0,0,"none",0,85,1
0.563417560053264,0.000103434232567497,1,1,0.265467031344623,NA,0.847138724225002,0,0.0148305080542776,NA,0.0605502576252637,0,0.090877797780544,0.00152998991829611,0.0098664046712681,0.27613567839196,0,"S4","main",1000,10,0.133266044238292,10.6942652145818,0,0,0,"none",0,86,1
0.529661253045785,-0.0235409652108904,1,1,0.472562944272459,NA,0.996012356995438,1,0.483958779110368,NA,0.893790114759704,1,0.470122094026284,-0.0803774038541323,0.0148376341877368,0.88736432160804,1,"S4","main",1000,10,0.133266044238292,12.5866664080145,0,0,0,"none",0,87,1
0.542075910643224,-0.0260951664653493,1,1,0.164517622676084,NA,0.65065855426099,0,0.00669670397347379,NA,0.0440093303900095,0,0.0253796581385207,-0.00228718287182613,0.00623512162553173,0.120547738693467,0,"S4","main",1000,10,0.133266044238292,12.6829327510539,0,0,0,"none",0,88,1
0.589613757526099,0.00225831486973597,1,1,0.273168789069512,NA,0.894584634972607,0,0.0328586262218596,NA,0.10963802372545,0,0.128730662730586,-0.0938071742436232,0.0124561849929621,0.461118090452261,0,"S4","main",1000,10,0.133266044238292,12.9950752881245,0,0,0,"none",0,89,1
0.551052937323057,0.00867259575897146,1,1,0.337631589897509,NA,0.962980328939158,1,0.0444239959093729,NA,0.131653721776113,0,0.343682424850524,0.10576069978682,0.0191330950823895,0.812854271356784,1,"S4","main",1000,10,0.133266044238292,16.1325404235528,0,0,0,"none",0,90,1
0.551931434075266,-0.0108635037868989,1,1,0.289565305363681,NA,0.90533504550881,0,0.00596257175965643,NA,0.0422163951971281,0,0.0908327122217616,0.00633986351635021,0.0117065598552029,0.26264824120603,0,"S4","main",1000,10,0.133266044238292,11.3409513255368,0,0,0,"none",0,91,1
0.501112352677288,-0.00152352748704222,1,1,0.377199239511481,NA,0.956872132736509,1,0.0282387042178546,NA,0.0960377960266263,0,0.225051955060731,-0.225272656766566,0.0169565190159798,0.79901256281407,1,"S4","main",1000,10,0.133266044238292,11.0955420905968,0,0,0,"none",0,92,1
0.56572841541207,0.0267031273426312,1,1,0.399960286493422,NA,0.946073250694022,0,0.0256128317264118,NA,0.0800929343979611,0,0.249750855605272,0.0288309030819835,0.0161457198346462,0.526615577889447,1,"S4","main",1000,10,0.133266044238292,9.64143619243583,0,0,0,"none",0,93,1
0.574215698669033,0.0165871651321591,1,1,0.361561915420055,NA,0.960007813387531,1,0.109721687847356,NA,0.24056317056482,0,0.434961947624067,-0.0989589784403781,0.0146346608356835,0.885314070351759,1,"S4","main",1000,10,0.133266044238292,14.965197154642,0,0,0,"none",0,94,1
0.499285353143246,0.0143314183807184,1,1,0.223899874254406,NA,0.842372847176897,0,0.0334008942121487,NA,0.12058286663971,0,0.0464233145803689,0.00944515595572731,0.00768495272633675,0.196527638190955,0,"S4","main",1000,10,0.133266044238292,14.639580110322,0,0,0,"none",0,95,1
0.552829739094448,0.0182300302318402,1,1,0.301661453687238,NA,0.879258013708909,0,0.015528090489858,NA,0.0615845529959328,0,0.0349153878528135,0.0322359529417119,0.00766344749171904,0.170879396984925,0,"S4","main",1000,10,0.133266044238292,9.59758218071421,0,0,0,"none",0,96,1
0.567562093768662,0.0132885284407533,1,1,0.361171134440721,NA,0.946848257709242,0,0.0466058875231885,NA,0.132137012042733,0,0.147481916489339,0.0603544577019085,0.0164050752024949,0.433670854271357,0,"S4","main",1000,10,0.133266044238292,11.0347842569994,0,0,0,"none",0,97,1
0.528890015638929,-0.0150195124565454,1,1,0.30576179283259,NA,0.867283521657773,0,0.0163075574002695,NA,0.0622539786839119,0,0.0733035517122738,-0.0415312534977188,0.011099024372892,0.253484924623116,0,"S4","main",1000,10,0.133266044238292,7.76672183364449,0,0,0,"none",0,98,1
0.541634494296839,0.00275380764516009,1,1,0.282405665450292,NA,0.911879894549021,0,0.0319005192575851,NA,0.108746767141022,0,0.152061776510822,-0.0137431252535271,0.0181695444441019,0.403891959798995,0,"S4","main",1000,10,0.133266044238292,13.6150824688963,0,0,0,"none",0,99,1
0.5532442125445,-0.0177672544749463,1,1,0.355144299798263,NA,0.955704839288967,1,0.0284576483203516,NA,0.092657714585016,0,0.0673049650449363,-0.00610672066453099,0.0107361266822213,0.229685929648241,0,"S4","main",1000,10,0.133266044238292,11.4417247584334,0,0,0,"none",0,100,1
0.516590631034037,0.00189284729858015,1,1,0.241051659021636,NA,0.923069144779814,0,0.0215349730722263,NA,0.0941781172454287,0,0.0832769531499533,0.0354398131706536,0.011353509101347,0.339145728643216,0,"S4","main",1000,25,0.21071211727688,19.6173998547132,0,0,0,"none",0,1,1
0.574816439530058,-0.0105781181328169,1,1,0.366886232566734,NA,0.997453473701165,1,0.109568276395984,NA,0.349142836955507,0,0.217579969560242,0.0850900498446362,0.0169537942648723,0.693914572864322,1,"S4","main",1000,25,0.21071211727688,26.7534297571927,0,0,0,"none",0,2,1
0.556559561751727,0.014885259538256,1,1,0.317303705938851,NA,0.986341146633592,1,0.0890282651983861,NA,0.29153254691002,0,0.252282683196315,0.0810898290510266,0.0192734399482372,0.736145728643216,1,"S4","main",1000,25,0.21071211727688,23.3477904168631,0,0,0,"none",0,3,1
0.506216589525298,0.00142190573634476,1,1,0.177269181924177,NA,0.84954456510773,0,0.0110756426457286,NA,0.0669603267739741,0,0.0366866985938577,0.0303260751769317,0.0102941898010238,0.220535175879397,0,"S4","main",1000,25,0.21071211727688,24.7261730588396,0,0,0,"none",0,4,1
0.552671686246002,0.00428396829229371,1,1,0.352102927243831,NA,0.998556663847889,1,0.119188522532596,NA,0.382021736686016,0,0.397975904270001,-0.0100022179614924,0.00570594346498833,0.976912060301508,1,"S4","main",1000,25,0.21071211727688,34.0381550253329,0,0,0,"none",0,5,1
0.505007133314901,0.0209393370869325,1,1,0.209546631581758,NA,0.931820162105973,0,0.0235251867606293,NA,0.114718979399512,0,0.0302576465592411,0.0138127720171588,0.00690767024066087,0.163195979899497,0,"S4","main",1000,25,0.21071211727688,29.518774595033,0,0,0,"none",0,6,1
0.531159776111987,-0.0192533813227049,1,1,0.327202707913008,NA,0.998776813266384,1,0.0771872699870815,NA,0.302114511185749,0,0.290100633388288,-0.0433412929388053,0.0140642888183578,0.88014824120603,1,"S4","main",1000,25,0.21071211727688,36.0335829427998,0,0,0,"none",0,7,1
0.525499615343652,-0.00392454897278499,1,1,0.511608095983726,NA,0.999957701792817,1,0.423545269320058,NA,0.919324687921004,1,0.517170380798861,-0.0166192954097875,0.00375429275476826,0.993316582914573,1,"S4","main",1000,25,0.21071211727688,25.4142535475532,0,0,0,"none",0,8,1
0.556472467469988,-0.00685992747148424,1,1,0.30827819354721,NA,0.99305467364939,1,0.184573967501198,NA,0.550471601978091,1,0.105018099417608,-0.000242011411333596,0.0131977607588755,0.39906783919598,0,"S4","main",1000,25,0.21071211727688,30.4664246032548,0,0,0,"none",0,9,1
0.476730801048347,0.0127661201923195,1,1,0.172463125687168,NA,0.840907009348043,0,0.0275869019651162,NA,0.125913373895823,0,0.0276487445406906,-0.00986518676205264,0.00727650497882924,0.148138190954774,0,"S4","main",1000,25,0.21071211727688,24.0302174139705,0,0,0,"none",0,10,1
0.528107016840098,0.0280933978057681,1,1,0.305656656682845,NA,0.997108890724936,1,0.107017742746717,NA,0.382449362177384,0,0.334509166217508,0.100371298870591,0.00857359596056628,0.954502512562814,1,"S4","main",1000,25,0.21071211727688,36.4840749600294,0,0,0,"none",0,11,1
0.574377104266325,0.0227816036999782,1,1,0.429192786047344,NA,0.999858240716387,1,0.212776526823866,NA,0.605248730916679,1,0.446339232448279,-0.0363457159018741,0.00187520606223557,0.996474874371859,1,"S4","main",1000,25,0.21071211727688,29.7129747443447,0,0,0,"none",0,12,1
0.511340555496545,0.0120314992615503,1,1,0.304409281207274,NA,0.994873256855055,1,0.159892060963408,NA,0.530059021200463,1,0.340713717887145,-0.14678125818883,0.00680224531622313,0.972550251256281,1,"S4","main",1000,25,0.21071211727688,32.5407623167065,0,0,0,"none",0,13,1
0.553197716702011,0.0131572092420857,1,1,0.333992257876871,NA,0.988850583682252,1,0.152985362893539,NA,0.434746896536218,0,0.314320519628921,0.118803794527026,0.0145962805851051,0.849979899497487,1,"S4","main",1000,25,0.21071211727688,22.6574579561108,0,0,0,"none",0,14,1
0.557780309692139,0.00817460163252018,1,1,0.384763593631207,NA,0.999370301455495,1,0.184797492816315,NA,0.562998096896923,1,0.385482794358707,-0.054637253930328,0.00729679368114985,0.962110552763819,1,"S4","main",1000,25,0.21071211727688,31.5421687366182,0,0,0,"none",0,15,1
0.512922933721215,-0.0246681940486686,1,1,0.255264771702855,NA,0.972373183783871,1,0.0214538678298458,NA,0.104678427779451,0,0.129776697526178,-0.0305249577147668,0.0131146947562613,0.475035175879397,0,"S4","main",1000,25,0.21071211727688,29.7951780274817,0,0,0,"none",0,16,1
0.497385004010913,0.0157060731667915,1,1,0.151878244834604,NA,0.730681804212369,0,0.00672861109965061,NA,0.0496719180623001,0,0.0356163670845732,-0.0641930646582664,0.0110212953134487,0.29101256281407,0,"S4","main",1000,25,0.21071211727688,19.8216133278263,0,0,0,"none",0,17,1
0.528623342497097,-0.0104081328805643,1,1,0.198541683825834,NA,0.903443165120764,0,0.025853612221322,NA,0.124981925615126,0,0.0426620477063663,0.0128853808822127,0.00770023304623543,0.19277135678392,0,"S4","main",1000,25,0.21071211727688,27.208073643262,0,0,0,"none",0,18,1
0.529937553149202,-0.00875641833381413,1,1,0.271685646503191,NA,0.96777348929833,1,0.0367410786494024,NA,0.146069616179285,0,0.260203236313391,-0.140538606246682,0.0176941350565853,0.851685929648241,1,"S4","main",1000,25,0.21071211727688,24.3019668499338,0,0,0,"none",0,19,1
0.526028363522977,0.0149691666886403,1,1,0.481305721303991,NA,0.999971361661519,1,0.303056904568519,NA,0.777006998971434,1,0.462757424727852,-0.152033814511883,NA,1,1,"S4","main",1000,25,0.21071211727688,31.5686488544189,0,0,0,"none",0,20,1
0.55264718897769,0.0182281997585652,1,1,0.396571810562996,NA,0.999836275908782,1,0.358328708772985,NA,0.939954496904437,1,0.388895759978726,0.0948644244895136,0.00333227857504403,0.99014824120603,1,"S4","main",1000,25,0.21071211727688,36.4860002306752,0,0,0,"none",0,21,1
0.534210644300893,0.0154753930090351,1,1,0.272306170677751,NA,0.977568615525892,1,0.0167309082156732,NA,0.0829998951832067,0,0.143250177962981,0.0342082854477223,0.0218526342169078,0.497605527638191,0,"S4","main",1000,25,0.21071211727688,25.6611519454113,0,0,0,"none",0,22,1
0.491687090108498,0.0187786645317521,1,1,0.332548620335502,NA,0.994704710108994,1,0.200797658102894,NA,0.595229299022722,1,0.137215016787487,0.00772738625826829,0.0126057039681787,0.478826633165829,0,"S4","main",1000,25,0.21071211727688,28.3354322717818,0,0,0,"none",0,23,1
0.542060163115616,0.0231100176355166,1,1,0.380400531057042,NA,0.999416604614212,1,0.335259191820919,NA,0.880562559585211,1,0.377865703955087,0.126033209174418,0.00682499219022423,0.984874371859296,1,"S4","main",1000,25,0.21071211727688,31.9086719198976,0,0,0,"none",0,24,1
0.570515274143674,0.00899485564822162,1,1,0.381132492201691,NA,0.999528685667829,1,0.0638884343829789,NA,0.223237513139424,0,0.405398777205386,-0.106240589977095,0.00194124902835445,0.997188442211055,1,"S4","main",1000,25,0.21071211727688,33.7089484745062,0,0,0,"none",0,25,1
0.541535567330154,-0.0155592122839426,1,1,0.296865134268663,NA,0.99861435503397,1,0.0530417619114002,NA,0.239041444374902,0,0.323989022527828,-0.100070088370817,0.00682212670617839,0.977163316582915,1,"S4","main",1000,25,0.21071211727688,46.4110609619289,0,0,0,"none",0,26,1
0.515532067191688,0.0188432170904335,1,1,0.218742588888883,NA,0.952885799107681,1,0.0318366171182913,NA,0.150930195478836,0,0.0378790522576809,-0.00600590917271039,0.00660181672431624,0.190839195979899,0,"S4","main",1000,25,0.21071211727688,29.6631000154757,0,0,0,"none",0,27,1
0.476903451966286,-0.0110615119719567,1,1,0.142201483561265,NA,0.700042540362192,0,0.00695492762286102,NA,0.0490024964290384,0,0.0874975901887484,-0.160026036643717,0.0228079812779779,0.667211055276382,1,"S4","main",1000,25,0.21071211727688,21.6980903581624,0,0,0,"none",0,28,1
0.52189488878577,0.000858431961780522,1,1,0.305420912835991,NA,0.992179053980291,1,0.0505537115236363,NA,0.191645915083563,0,0.185299691798059,-0.0951543477871616,0.0183513872530307,0.670301507537688,1,"S4","main",1000,25,0.21071211727688,29.5956898304847,0,0,0,"none",0,29,1
0.554881744287593,-0.0184932903801087,1,1,0.397842838588787,NA,0.99998039055001,1,0.327711111816255,NA,0.936898076462073,1,0.421175751527496,-0.111337707769101,0.000457297922202631,0.999542713567839,1,"S4","main",1000,25,0.21071211727688,48.6055433106966,0,0,0,"none",0,30,1
0.540705204037675,0.0110801831959249,1,1,0.392466124202172,NA,0.999947180281455,1,0.317192330048316,NA,0.881678181411721,1,0.429533466638172,0.228449891322204,NA,1,1,"S4","main",1000,25,0.21071211727688,43.0170906787912,0,0,0,"none",0,31,1
0.54871430672735,0.0123287191409161,1,1,0.527533656926817,NA,0.999996212861787,1,0.465189126622176,NA,0.974469909560966,1,0.558972426634795,-0.0375447844578499,NA,1,1,"S4","main",1000,25,0.21071211727688,26.9092033844682,0,0,0,"none",0,32,1
0.494249397182161,-0.0122574537492507,1,1,0.311718999163476,NA,0.999403434261811,1,0.211115914518988,NA,0.73257089671735,1,0.313953973847173,-0.101061444636773,0.00882208258714313,0.96501256281407,1,"S4","main",1000,25,0.21071211727688,44.4461434943532,0,0,0,"none",0,33,1
0.506833735535546,0.0227506709769996,1,1,0.264781968834982,NA,0.983459409274952,1,0.0892219316647256,NA,0.323709830927651,0,0.164024885690905,0.107260373953854,0.0148360411202443,0.681042713567839,1,"S4","main",1000,25,0.21071211727688,31.0519430039082,0,0,0,"none",0,34,1
0.506552346825979,-0.0169286212493045,1,1,0.138376724794594,NA,0.782255110951026,0,0.00801648410449279,NA,0.0579822290978156,0,0.0427167161758302,0.00377957445477293,0.00946111080644294,0.205912060301508,0,"S4","main",1000,25,0.21071211727688,30.2151126090164,0,0,0,"none",0,35,1
0.570509413620043,-0.0173651740889334,1,1,0.465059156432247,NA,0.99999525937759,1,0.438795530531979,NA,0.990688202956796,1,0.518570107545248,-0.0912423372160972,NA,1,1,"S4","main",1000,25,0.21071211727688,39.2112158030195,0,0,0,"none",0,36,1
0.585658090485317,-0.00524923274048113,1,1,0.410804728089345,NA,0.999747585479161,1,0.368780453754632,NA,0.935504519433809,1,0.422078152669891,0.20579536962845,0.000499113112821644,0.999354271356784,1,"S4","main",1000,25,0.21071211727688,31.8607180357603,0,0,0,"none",0,37,1
0.509325727615502,0.00239303442255084,1,1,0.280862854829735,NA,0.957558289510751,1,0.0275144641197967,NA,0.111701355935244,0,0.0786833263107641,-0.0158385014613573,0.0137728267909064,0.300118090452261,0,"S4","main",1000,25,0.21071211727688,20.4174758352521,0,0,0,"none",0,38,1
0.534489234225065,0.0262504663834183,1,1,0.42051384589953,NA,0.999389874643713,1,0.097525744427763,NA,0.296619351159078,0,0.454108661357471,0.0180710245730392,0.00757112064241396,0.976560301507538,1,"S4","main",1000,25,0.21071211727688,25.3664408739282,0,0,0,"none",0,39,1
0.539752680827954,-0.00312509371459481,1,1,0.26219661958122,NA,0.981981632356749,1,0.0209175565863373,NA,0.106422915855846,0,0.0806862420888923,0.0133777822765118,0.0133312458005949,0.330145728643216,0,"S4","main",1000,25,0.21071211727688,33.1979331864266,0,0,0,"none",0,40,1
0.479615884776485,-0.00119947834090762,1,1,0.219521759851974,NA,0.961760541154513,1,0.0177171962192992,NA,0.0988228963556082,0,0.0416790277297412,-0.0236196778851475,0.00986584187203054,0.225969849246231,0,"S4","main",1000,25,0.21071211727688,32.5889674341344,0,0,0,"none",0,41,1
0.521833369748264,0.0226593506021375,1,1,0.136019202574577,NA,0.73948560520909,0,0.00482901711012469,NA,0.0451904029762102,0,0.0203577931818177,0.0822531731322354,0.0133039421200725,0.316979899497487,0,"S4","main",1000,25,0.21071211727688,25.0302349135218,0,0,0,"none",0,42,1
0.47311173789356,-0.0141449660847702,1,1,0.40896128579647,NA,0.999930646900837,1,0.28257124246426,NA,0.789594708149292,1,0.408834442872612,-0.081610411878036,0.0028325435848503,0.995291457286432,1,"S4","main",1000,25,0.21071211727688,35.4685154714437,0,0,0,"none",0,43,1
0.487556831927045,-0.0148286337907869,1,1,0.167638415048781,NA,0.8718748395036,0,0.0156539010834942,NA,0.0905199728000873,0,0.0055283461995592,0.0062462319381633,0.00260760987081647,0.0738241206030151,0,"S4","main",1000,25,0.21071211727688,30.3490132178498,0,0,0,"none",0,44,1
0.591745319358252,-0.01192026393837,1,1,0.31565136257386,NA,0.980046195825663,1,0.148975335922851,NA,0.441583810611988,0,0.0778893480795365,0.0302307978090204,0.0109451378529293,0.298753768844221,0,"S4","main",1000,25,0.21071211727688,22.9912337183938,0,0,0,"none",0,45,1
0.529058587854657,0.00775502532666629,1,1,0.342482216270917,NA,0.998192754615768,1,0.199834964300306,NA,0.581685019439965,1,0.363008308277437,0.0717943111845205,0.00815655320875438,0.965625628140704,1,"S4","main",1000,25,0.21071211727688,32.6612636000016,0,0,0,"none",0,46,1
0.565667544058246,-0.0365592863688051,1,1,0.305025801202727,NA,0.994228461136545,1,0.184882285780362,NA,0.587396185016883,1,0.289112777857135,-0.0321159758906366,0.0147101224558262,0.858072864321608,1,"S4","main",1000,25,0.21071211727688,31.2173629896509,0,0,0,"none",0,47,1
0.542503457272784,0.041558990629697,1,1,0.317312489877867,NA,0.996935584166287,1,0.0845175505881623,NA,0.305666712168908,0,0.180573349174082,0.0719932168562512,0.0187642187970894,0.66772864321608,1,"S4","main",1000,25,0.21071211727688,37.2979641193066,0,0,0,"none",0,48,1
0.539296194504613,0.0540954116963066,1,1,0.471540063665227,NA,0.999946661215373,1,0.247821225814301,NA,0.657106817898432,1,0.505886862191862,0.139709749017654,NA,1,1,"S4","main",1000,25,0.21071211727688,29.3590092585321,0,0,0,"none",0,49,1
0.54447731850249,-0.0221979034984659,1,1,0.185112762931557,NA,0.844116966132646,0,0.00895119023035407,NA,0.0572461137857513,0,0.0225439584122704,0.0263096122323743,0.00657372789204593,0.161690954773869,0,"S4","main",1000,25,0.21071211727688,24.3002183327209,0,0,0,"none",0,50,1
0.552809618019224,0.0358801930766965,1,1,0.272729263999538,NA,0.981984602439687,1,0.0682450601692345,NA,0.25598844103199,0,0.0799540036322679,0.0109721726910739,0.0149207400879923,0.323952261306533,0,"S4","main",1000,25,0.21071211727688,29.891727921334,0,0,0,"none",0,51,1
0.466919256408883,-0.00778815146405151,1,1,0.288690217604546,NA,0.992420333034082,1,0.0684754178399996,NA,0.260483154736741,0,0.235016012954636,-0.0477679171215794,0.0150874745511934,0.762645728643216,1,"S4","main",1000,25,0.21071211727688,33.764135477643,0,0,0,"none",0,52,1
0.530343286909934,0.0260660197833032,1,1,0.277623342884296,NA,0.979667894250541,1,0.020083512303755,NA,0.0961708086931247,0,0.263924873377188,-0.164240369294054,0.0136148861395573,0.848741206030151,1,"S4","main",1000,25,0.21071211727688,29.5264120767254,0,0,0,"none",0,53,1
0.519332066333879,-0.024646915893529,1,1,0.353600511841711,NA,0.99827159344318,1,0.11111108501789,NA,0.368740004697094,0,0.316596493766248,-0.0736249094676773,0.012109895697585,0.899806532663317,1,"S4","main",1000,25,0.21071211727688,29.6084910364787,0,0,0,"none",0,54,1
0.470408441660128,0.00311131871936946,1,1,0.222526892917457,NA,0.932055286046442,0,0.0206904682946833,NA,0.101800472859215,0,0.077847636274403,-0.0254030246757702,0.012734904468371,0.312763819095477,0,"S4","main",1000,25,0.21071211727688,24.0706914329288,0,0,0,"none",0,55,1
0.573405271533049,0.0237457817634523,1,1,0.491129680677558,NA,0.999999052978412,1,0.387443815399884,NA,0.961263044783823,1,0.540072601296594,0.102549253438364,NA,1,1,"S4","main",1000,25,0.21071211727688,39.6296327586727,0,0,0,"none",0,56,1
0.50100083507544,-0.0201553473865727,1,1,0.225665824686952,NA,0.98164576807132,1,0.0176486510465051,NA,0.104610106989649,0,0.10084501180033,0.0240126921571803,0.0115849274285826,0.440678391959799,0,"S4","main",1000,25,0.21071211727688,36.7851003638703,0,0,0,"none",0,57,1
0.540328587532537,-0.00874330314661127,1,1,0.303929860445579,NA,0.997596690906394,1,0.217667307734916,NA,0.717714748946928,1,0.205853658425356,0.0031424246547204,0.0135583280013942,0.725145728643216,1,"S4","main",1000,25,0.21071211727688,38.501604552376,0,0,0,"none",0,58,1
0.520585717106669,0.0296381381890919,1,1,0.308816290364246,NA,0.99696847626467,1,0.190569128745034,NA,0.612187323341248,1,0.307884091190756,0.00983247826667421,0.0140441525775257,0.890140703517588,1,"S4","main",1000,25,0.21071211727688,34.4206049203449,0,0,0,"none",0,59,1
0.520619765711738,0.0121885833940017,1,1,0.264193250450872,NA,0.96882050142046,1,0.017473074974507,NA,0.0878637204658741,0,0.0958932732839158,0.0168737981921355,0.0132255825134079,0.356967336683417,0,"S4","main",1000,25,0.21071211727688,24.3595687583091,0,0,0,"none",0,60,1
0.56191842624868,-0.000996551133124791,1,1,0.422668485671123,NA,0.999062601939274,1,0.146669181712768,NA,0.413161164544273,0,0.285956652180243,0.0159746006285337,0.0209254088673217,0.766236180904523,1,"S4","main",1000,25,0.21071211727688,24.439405654384,0,0,0,"none",0,61,1
0.501357382085848,0.000660061089181845,1,1,0.376059495109071,NA,0.999434245876848,1,0.208461981454711,NA,0.611371181481212,1,0.276427306614673,0.00289597278160245,0.0148773957187442,0.842806532663317,1,"S4","main",1000,25,0.21071211727688,30.025790678213,0,0,0,"none",0,62,1
0.520683303963161,0.0103176729675779,1,1,0.375399331097246,NA,0.999841433853315,1,0.376697593305015,NA,0.966442518900595,1,0.370786485099581,-0.146393364516975,0.000570263598410694,0.999236180904523,1,"S4","main",1000,25,0.21071211727688,39.1843522065939,0,0,0,"none",0,63,1
0.517127502237304,-0.0208252241700568,1,1,0.376181952698656,NA,0.99809927315758,1,0.123821694158478,NA,0.374737096766848,0,0.433476012928887,-0.013713956922957,0.00545013834805567,0.97927135678392,1,"S4","main",1000,25,0.21071211727688,29.0915251330455,0,0,0,"none",0,64,1
0.540314363613695,0.00166621180330716,1,1,0.487936655855425,NA,0.99999348654999,1,0.420083218363333,NA,0.974386167953379,1,0.489098732862175,0.108029545369705,NA,1,1,"S4","main",1000,25,0.21071211727688,30.5167572489343,0,0,0,"none",0,65,1
0.568835805636737,0.00804209779260609,1,1,0.491422811066614,NA,0.999992677189743,1,0.437244201840543,NA,0.966131567196137,1,0.495045952702348,0.159797522453087,NA,1,1,"S4","main",1000,25,0.21071211727688,31.825965578757,0,0,0,"none",0,66,1
0.464929447539895,0.0126493937222322,1,1,0.167715089626325,NA,0.844143568093336,0,0.00809187643134465,NA,0.0569540176656926,0,0.0318148630876721,0.0140957562829026,0.00687485151908801,0.172766331658291,0,"S4","main",1000,25,0.21071211727688,31.0644859496689,0,0,0,"none",0,67,1
0.489000435365471,-0.00917624577779949,1,1,0.287068059986133,NA,0.986981274702401,1,0.234216586612241,NA,0.691480008718344,1,0.0538126065508162,0.0102983854853947,0.0131542493268081,0.238849246231156,0,"S4","main",1000,25,0.21071211727688,26.8455742360877,0,0,0,"none",0,68,1
0.490822989676582,0.0112698361653545,1,1,0.381284533057752,NA,0.999870045212777,1,0.349808811041314,NA,0.954051216337526,1,0.40611848045533,-0.0167085640359155,0.0056073737317359,0.987494974874372,1,"S4","main",1000,25,0.21071211727688,38.7353576938703,0,0,0,"none",0,69,1
0.560426833905609,-0.0300291856105993,1,1,0.324862340024419,NA,0.980565532475805,1,0.0228497792986722,NA,0.0955833747222921,0,0.0927659782039771,0.0242244601397145,0.0136026292196281,0.325349246231156,0,"S4","main",1000,25,0.21071211727688,20.5034164914961,0,0,0,"none",0,70,1
0.522410350887027,0.00131383394691202,1,1,0.446013421866187,NA,0.999993241436566,1,0.422236150083348,NA,0.992110845477621,1,0.49874192830351,0.0303141046104117,NA,1,1,"S4","main",1000,25,0.21071211727688,36.5244042227033,0,0,0,"none",0,71,1
0.494529799960234,0.00302171760638029,1,1,0.235719606441737,NA,0.940473469734296,0,0.0327292246987707,NA,0.140312575923511,0,0.0672943950614656,0.0799473548852792,0.0158675169902656,0.409334170854271,0,"S4","main",1000,25,0.21071211727688,23.3986975457732,0,0,0,"none",0,72,1
0.545477323529472,-0.0184085597499152,1,1,0.25927943528524,NA,0.958748221694948,1,0.0385403774921812,NA,0.156813302848245,0,0.164411608701858,-0.00425366700451657,0.0176903227784179,0.518741206030151,1,"S4","main",1000,25,0.21071211727688,27.4743243595378,0,0,0,"none",0,73,1
0.509580436209389,-0.000600429302878195,1,1,0.434155633892508,NA,0.999730459266558,1,0.410826280971999,NA,0.94392976260657,1,0.386933118663042,-0.0815565869979753,0.00589450754929781,0.967585427135678,1,"S4","main",1000,25,0.21071211727688,27.4280558295923,0,0,0,"none",0,74,1
0.484911413442413,0.0253023435219578,1,1,0.263783963603224,NA,0.980149587140085,1,0.0725232505353441,NA,0.269305747403612,0,0.100319417567923,0.0126059236063735,0.0127952629693341,0.384751256281407,0,"S4","main",1000,25,0.21071211727688,27.9639479868584,0,0,0,"none",0,75,1
0.512820972740075,-0.0111263856643509,1,1,0.487220862867261,NA,0.999998214725921,1,0.467386966392835,NA,0.995118000129846,1,0.545125575271586,-0.135431922866282,NA,1,1,"S4","main",1000,25,0.21071211727688,36.921210240702,0,0,0,"none",0,76,1
0.477247633388773,0.0099909656631145,1,1,0.237676086011301,NA,0.953980092650409,1,0.0267975278361464,NA,0.123013051670263,0,0.110995575524535,-0.0582758375386764,0.0129344706298963,0.449763819095477,0,"S4","main",1000,25,0.21071211727688,25.3362882157073,0,0,0,"none",0,77,1
0.554338037179578,0.0176413204470981,1,1,0.248613376001224,NA,0.96683800873292,1,0.0476500545988967,NA,0.191921651994256,0,0.145786757047648,0.000534982415626341,0.015894733985155,0.508942211055276,1,"S4","main",1000,25,0.21071211727688,28.6717080462871,0,0,0,"none",0,78,1
0.549471427194654,-0.0189090431691624,1,1,0.329885677639098,NA,0.992700866561903,1,0.0741271336736511,NA,0.258921737659545,0,0.222422157027137,-0.120674013241439,0.0231660947986664,0.743261306532663,1,"S4","main",1000,25,0.21071211727688,28.8686953640542,0,0,0,"none",0,79,1
0.530673805536907,-0.00888119405316073,1,1,0.116871413777136,NA,0.554783602868037,0,0.00362269717185644,NA,0.0377067364293712,0,0.00730965868872656,0.00909778787653096,0.00470224922105347,0.0928291457286432,0,"S4","main",1000,25,0.21071211727688,16.7209705871326,0,0,0,"none",0,80,1
0.501358751406097,0.0095294903470646,1,1,0.309165641613008,NA,0.990509905504022,1,0.0180159176286574,NA,0.0889558269359812,0,0.386563494462069,0.172647477614861,0.00405930201475104,0.98643216080402,1,"S4","main",1000,25,0.21071211727688,29.773364441147,0,0,0,"none",0,81,1
0.529002105602304,-0.0348551690069237,1,1,0.227047046690698,NA,0.953831179438567,1,0.0831233433753705,NA,0.306847488451458,0,0.0729106783372175,-0.0285593090541465,0.0122906368934623,0.324281407035176,0,"S4","main",1000,25,0.21071211727688,33.0722809292096,0,0,0,"none",0,82,1
0.588854322194577,-0.00795339148252988,1,1,0.434029334603967,NA,0.999900870862667,1,0.366800976759741,NA,0.90009489905007,1,0.411788653765915,0.0400653393711987,0.0041263618907179,0.990201005025126,1,"S4","main",1000,25,0.21071211727688,31.0848681441699,0,0,0,"none",0,83,1
0.469628963932227,0.0107585779490086,1,1,0.221859230255207,NA,0.975874404499168,1,0.0185680854189545,NA,0.10123341170444,0,0.151655015788039,0.0125091165597788,0.0212494885095341,0.594997487437186,1,"S4","main",1000,25,0.21071211727688,39.6667060285617,0,0,0,"none",0,84,1
0.475463285892127,-0.0117061950921605,1,1,0.344006901055761,NA,0.999506215065274,1,0.371234361226414,NA,0.970543959653462,1,0.375169521324729,0.13812791164852,0.00277396513915377,0.995128140703518,1,"S4","main",1000,25,0.21071211727688,39.4693786458679,0,0,0,"none",0,85,1
0.545364300330905,9.59217197926628e-05,1,1,0.225721213179138,NA,0.928461519774179,0,0.00916654494966904,NA,0.0576861997848626,0,0.025427357418269,0.00123881074802419,0.00412951839647975,0.134082914572864,0,"S4","main",1000,25,0.21071211727688,26.0936440017366,0,0,0,"none",0,86,1
0.501843902195055,0.0120258096133301,1,1,0.422692636876246,NA,0.999917679139268,1,0.381596720462403,NA,0.935439685993189,1,0.496180400900809,0.041500552398314,NA,1,1,"S4","main",1000,25,0.21071211727688,33.8379690473545,0,0,0,"none",0,87,1
0.561066896147078,-0.0018724029915344,1,1,0.454126316946357,NA,0.99998694766794,1,0.425331764311013,NA,0.987926341669433,1,0.486739128493165,0.0797707794938019,0.000582929219511003,0.999417085427136,1,"S4","main",1000,25,0.21071211727688,40.4309477728344,0,0,0,"none",0,88,1
0.529295382971692,0.0155743192593605,1,1,0.246287966136083,NA,0.969065016486361,1,0.0210793030533908,NA,0.10380609111505,0,0.219375221516292,-0.000192832038693984,0.0160821162566626,0.68941959798995,1,"S4","main",1000,25,0.21071211727688,30.714287659962,0,0,0,"none",0,89,1
0.513311454764075,0.0101797832673716,1,1,0.323007752532331,NA,0.997406351820984,1,0.198474212622528,NA,0.633923313877951,1,0.285843743081578,0.000218139012184904,0.016498756915952,0.837811557788945,1,"S4","main",1000,25,0.21071211727688,33.9079688379002,0,0,0,"none",0,90,1
0.512175354978102,0.000152696131217349,1,1,0.285287317894133,NA,0.993507873130056,1,0.116085451338355,NA,0.419505102289212,0,0.30967988591181,0.262770555016073,0.001401349871127,0.996690954773869,1,"S4","main",1000,25,0.21071211727688,33.5987240323269,0,0,0,"none",0,91,1
0.503285625412683,0.00541945974427481,1,1,0.307111364773935,NA,0.994436421819614,1,0.0859478013752943,NA,0.30391499658013,0,0.340603241178312,-0.0560032165772322,0.0118470435010111,0.929876884422111,1,"S4","main",1000,25,0.21071211727688,30.5652806776156,0,0,0,"none",0,92,1
0.478175400227413,-0.0165602884836257,1,1,0.263523313535254,NA,0.971066077059239,1,0.0750914101986301,NA,0.260692481711672,0,0.130622417234267,0.0454772074909407,0.0193167987435664,0.484412060301508,0,"S4","main",1000,25,0.21071211727688,25.8775394582051,0,0,0,"none",0,93,1
0.488187867899353,0.0159744128922149,1,1,0.240246884312689,NA,0.98623139323733,1,0.0645209703923083,NA,0.277260721309541,0,0.12402187970811,0.0264589805477024,0.0146748891948485,0.511736180904523,1,"S4","main",1000,25,0.21071211727688,39.9987152560915,0,0,0,"none",0,94,1
0.601916818097849,0.00509023070536279,1,1,0.37151018459347,NA,0.99922474203253,1,0.166957740674612,NA,0.517403610359616,1,0.195543923233886,0.0893687708508323,0.0174573816938528,0.679939698492462,1,"S4","main",1000,25,0.21071211727688,34.3513864936403,0,0,0,"none",0,95,1
0.522900388540319,-0.0249701591067232,1,1,0.167006843498322,NA,0.799248996220928,0,0.00975227501848768,NA,0.0590827252653723,0,0.0692688795868995,0.132801355273893,0.0189787677007855,0.575718592964824,1,"S4","main",1000,25,0.21071211727688,22.7476604921653,0,0,0,"none",0,96,1
0.497846791973532,-0.00727344911733104,1,1,0.345599331230409,NA,0.998892858528129,1,0.148349685338707,NA,0.479777707156526,0,0.367353747450047,0.000779776911398254,0.00865969361044557,0.957914572864322,1,"S4","main",1000,25,0.21071211727688,31.7255786117255,0,0,0,"none",0,97,1
0.545751000188429,-0.0104457922562377,1,1,0.525572402445059,NA,0.999994474085859,1,0.503937426487967,NA,0.99543548195559,1,0.597263732031155,0.014531598010737,NA,1,1,"S4","main",1000,25,0.21071211727688,31.197651657367,0,0,0,"none",0,98,1
0.526878840385495,-0.0127138782040895,1,1,0.357526230648357,NA,0.999110539847815,1,0.332140122587894,NA,0.886135949100033,1,0.39891149086058,-0.0474743002207032,0.00403433318451984,0.989324120603015,1,"S4","main",1000,25,0.21071211727688,29.4050735266408,0,0,0,"none",0,99,1
0.50441378669021,0.0164746456251192,1,1,0.305144293432145,NA,0.995440436388452,1,0.0465649307529651,NA,0.19028622384204,0,0.379121762496118,0.0384742279767917,0.00797430761546719,0.965309045226131,1,"S4","main",1000,25,0.21071211727688,34.5850560827526,0,0,0,"none",0,100,1
0.46172857314723,0.0144034087500096,1,1,0.257495738559634,NA,0.999799546342739,1,0.0545845296648198,NA,0.30077522472668,0,0.248855536208869,0.0544676179803113,0.00566624036223741,0.976809045226131,1,"S4","main",1000,70,0.352588811263852,73.5346865739585,0,0,0,"none",0,1,1
0.508965105851718,-0.0285408039104703,1,1,0.312448904701136,NA,0.999994685586575,1,0.275752948538071,NA,0.965946216217137,1,0.319198705738034,0.06598147459817,9.54797859544085e-05,0.999904522613065,1,"S4","main",1000,70,0.352588811263852,79.3808946243552,0,0,0,"none",0,2,1
0.507243089017746,-0.00661278590391896,1,1,0.289284404103608,NA,0.999980848854218,1,0.275626668638777,NA,0.981978605353705,1,0.290669265544741,-0.0334390947630857,NA,1,1,"S4","main",1000,70,0.352588811263852,88.4364055869969,0,0,0,"none",0,3,1
0.439002891398819,-0.00733562062820965,1,1,0.261462180391022,NA,0.99966787424378,1,0.148726154481107,NA,0.632324826014667,1,0.249770506626713,0.0344461962048075,0.00858499212887464,0.953035175879397,1,"S4","main",1000,70,0.352588811263852,74.9445775479613,0,0,0,"none",0,4,1
0.499457124301032,-0.0203092123721562,1,1,0.291662868147953,NA,0.999986404765378,1,0.284992074745362,NA,0.990292690976468,1,0.283006267825179,0.0202461887366197,0.00141888749651585,0.997643216080402,1,"S4","main",1000,70,0.352588811263852,88.0068476897874,0,0,0,"none",0,5,1
0.507104216043245,0.00182802885149711,1,1,0.392828591665337,NA,0.999999999363375,1,0.357261395488454,NA,0.999831221121108,1,0.433473709475904,-0.0247004463034611,NA,1,1,"S4","main",1000,70,0.352588811263852,97.1473887919461,0,0,0,"none",0,6,1
0.526603660464914,0.0107938261050474,1,1,0.386230737342008,NA,0.999999988374361,1,0.320687126580517,NA,0.9930959077362,1,0.376318643365873,-0.0367607711438918,NA,1,1,"S4","main",1000,70,0.352588811263852,84.4667090192662,0,0,0,"none",0,7,1
0.502651190868107,-0.00480554529561707,1,1,0.331836140884543,NA,0.999997719250261,1,0.269149481422369,NA,0.954228876719746,1,0.338640712468954,-0.0455507581697441,4.77398929772099e-05,0.999952261306533,1,"S4","main",1000,70,0.352588811263852,85.3978013920349,0,0,0,"none",0,8,1
0.49213821566529,-0.00434100436105207,1,1,0.260383508069586,NA,0.99961969673012,1,0.271261391500834,NA,0.94805377525485,1,0.247384228714541,-0.053635119118353,0.00861290372412949,0.9651608040201,1,"S4","main",1000,70,0.352588811263852,76.8559230856222,0,0,0,"none",0,9,1
0.470152608315486,-0.00507621761620072,1,1,0.270138400208754,NA,0.999901703565397,1,0.142223306888027,NA,0.644360979197116,1,0.289520925869425,-0.00606438632555643,0.00370087178899167,0.992891959798995,1,"S4","main",1000,70,0.352588811263852,82.0241297333367,0,0,0,"none",0,10,1
0.518859970915444,-0.0114130723307829,1,1,0.33171464526189,NA,0.999998942486557,1,0.276216842470411,NA,0.983712187814458,1,0.361967102112909,0.0707146726837437,NA,1,1,"S4","main",1000,70,0.352588811263852,84.3506302408353,0,0,0,"none",0,11,1
0.498462092384241,-0.0155762820956377,1,1,0.373742757396135,NA,0.999999783601188,1,0.364911339288058,NA,0.999477442807296,1,0.389434406148861,-0.0764177751973517,NA,1,1,"S4","main",1000,70,0.352588811263852,78.1271480242047,0,0,0,"none",0,12,1
0.467285581366214,-0.0322962885469984,1,1,0.293103877264875,NA,0.999994339478013,1,0.265436065037479,NA,0.984623207031184,1,0.309327451326523,-0.00272788655758596,0.000140707052985411,0.999859296482412,1,"S4","main",1000,70,0.352588811263852,89.262729755857,0,0,0,"none",0,13,1
0.459383607255102,0.00546170334959113,1,1,0.317850064358931,NA,0.99999928609249,1,0.272079688507171,NA,0.986371160936791,1,0.341463600264033,0.0468515076359491,1.75883816231824e-05,0.999982412060301,1,"S4","main",1000,70,0.352588811263852,98.8938073079363,0,0,0,"none",0,14,1
0.491367872682949,0.0113590458359937,1,1,0.274007555858677,NA,0.999881654037897,1,0.182896598001737,NA,0.775511507701018,1,0.23692336542365,-0.00286453798201321,0.00806823547306612,0.954894472361809,1,"S4","main",1000,70,0.352588811263852,76.9991191109474,0,0,0,"none",0,15,1
0.504840546069276,-0.00493579137965278,1,1,0.307252379459988,NA,0.999997646195133,1,0.27956230676484,NA,0.985846522750009,1,0.305497432100916,0.0960573566042475,NA,1,1,"S4","main",1000,70,0.352588811263852,91.5076444006951,0,0,0,"none",0,16,1
0.468007312610803,0.0273184014486284,1,1,0.171705442937564,NA,0.972112978315903,1,0.00651205027114717,NA,0.0619255022567066,0,0.0251918925285799,0.0071974273042031,0.00672669215827531,0.173723618090452,0,"S4","main",1000,70,0.352588811263852,69.2471178845438,0,0,0,"none",0,17,1
0.449880109039312,0.00369522762625041,1,1,0.232451767081195,NA,0.999677569646056,1,0.182194441806734,NA,0.828455399983833,1,0.220714589768214,0.0408173013431656,0.00872967137273097,0.962886934673367,1,"S4","main",1000,70,0.352588811263852,95.4665714547462,0,0,0,"none",0,18,1
0.512361177823838,0.00851543586532703,1,1,0.200375123152393,NA,0.995424032124718,1,0.0444140258943698,NA,0.256764991926455,0,0.14632775107092,0.0376094792186951,0.0159566824262395,0.707829145728643,1,"S4","main",1000,70,0.352588811263852,78.2548237226121,0,0,0,"none",0,19,1
0.49730636548476,0.017519108043286,1,1,0.305656699087904,NA,0.99996563401132,1,0.259084060052603,NA,0.930500695950566,1,0.295750363768473,-0.0407147386209716,0.000749336244543759,0.99905527638191,1,"S4","main",1000,70,0.352588811263852,77.1302692837481,0,0,0,"none",0,20,1
0.455815259855526,-0.00564871493635761,1,1,0.258082786462586,NA,0.999685839601499,1,0.0406945040918782,NA,0.228336749785425,0,0.280354294810098,0.143272540810664,NA,1,1,"S4","main",1000,70,0.352588811263852,72.1117031681562,0,0,0,"none",0,21,1
0.439831306364709,-0.0162034327699557,1,1,0.310043346363993,NA,0.999997313547435,1,0.236168903704837,NA,0.92210352895465,1,0.320747023675663,-0.0832460099341144,NA,1,1,"S4","main",1000,70,0.352588811263852,82.3253089724387,0,0,0,"none",0,22,1
0.430311555016336,-0.00782212267625079,1,1,0.284902317660132,NA,0.9999866576394,1,0.231391651277628,NA,0.931808974208779,1,0.301152278675305,-0.0246522905861089,0.000693484761142521,0.999306532663317,1,"S4","main",1000,70,0.352588811263852,83.7624390326496,0,0,0,"none",0,23,1
0.52454705123777,0.0149206674587708,1,1,0.28539486302108,NA,0.999860124637734,1,0.24102718574279,NA,0.885051024924698,1,0.239286343232847,-0.0277115641705317,0.0128714868254093,0.928263819095477,1,"S4","main",1000,70,0.352588811263852,72.264403693062,0,0,0,"none",0,24,1
0.446360991326943,-0.00889908185660287,1,1,0.225728755145071,NA,0.9987944038619,1,0.0744482683714354,NA,0.399464711582499,0,0.217130358394123,-0.099737868969884,0.00659824666550772,0.961211055276382,1,"S4","main",1000,70,0.352588811263852,83.2023459046384,0,0,0,"none",0,25,1
0.469005286428299,-0.00268552882684793,1,1,0.284039010867498,NA,0.999962176035239,1,0.276315065323249,NA,0.976558182933988,1,0.229521975816531,-0.0267404022195647,0.0112287986754658,0.943861809045226,1,"S4","main",1000,70,0.352588811263852,78.4493610870005,0,0,0,"none",0,26,1
0.4859298370505,0.00483445919550898,1,1,0.297425360473449,NA,0.999993106683041,1,0.233302549987986,NA,0.925526922969446,1,0.259867194340152,-0.0662926948530948,0.00169660843512496,0.997065326633166,1,"S4","main",1000,70,0.352588811263852,89.6190031567259,0,0,0,"none",0,27,1
0.499282348040929,0.016787415542781,1,1,0.31727019456193,NA,0.999994815972671,1,0.30377299498827,NA,0.992042931697533,1,0.315546920649219,-0.0470471891629924,NA,1,1,"S4","main",1000,70,0.352588811263852,76.600330721631,0,0,0,"none",0,28,1
0.484291756740047,-0.010371192510407,1,1,0.276679560035763,NA,0.999915627803964,1,0.24335004570841,NA,0.929986182373907,1,0.258697382661504,0.00021550352203732,0.00626712248000644,0.976907035175879,1,"S4","main",1000,70,0.352588811263852,77.4343748038822,0,0,0,"none",0,29,1
0.483109046139748,-0.0244535059254144,1,1,0.239462671863845,NA,0.999436476078155,1,0.136936039434733,NA,0.630642135568611,1,0.217209407390422,-0.00316075990712798,0.0137291516538572,0.915542713567839,1,"S4","main",1000,70,0.352588811263852,86.1076930835592,0,0,0,"none",0,30,1
0.464993670451531,-0.000455329713996787,1,1,0.317522157630783,NA,0.999996542642346,1,0.286919414260169,NA,0.987967985834804,1,0.302830361561575,0.0480339154494526,0.000509174316171397,0.99927135678392,1,"S4","main",1000,70,0.352588811263852,83.5126099448995,0,0,0,"none",0,31,1
0.496776565940297,-0.0302483356342921,1,1,0.325325140036573,NA,0.99999858012938,1,0.316557829578527,NA,0.99410324492568,1,0.340569592205482,0.0352809069004261,NA,1,1,"S4","main",1000,70,0.352588811263852,75.9601945246143,0,0,0,"none",0,32,1
0.486970535490139,0.021993136641276,1,1,0.270488566657241,NA,0.999955942625123,1,0.249275080923261,NA,0.946391177261718,1,0.264302198106203,0.0564655270775679,0.00118428121719429,0.998658291457286,1,"S4","main",1000,70,0.352588811263852,87.2248900657085,0,0,0,"none",0,33,1
0.496089078464765,0.00475929173498944,1,1,0.223520333826444,NA,0.998833213535763,1,0.115301063088879,NA,0.556655785653911,1,0.0567404310883509,0.01972095437992,0.0152743759490652,0.381145728643216,0,"S4","main",1000,70,0.352588811263852,82.5423353321619,0,0,0,"none",0,34,1
0.526160156220899,0.0124589718850237,1,1,0.318676550737398,NA,0.999998447702698,1,0.244854183008745,NA,0.935868396013549,1,0.335252058808781,0.0388041436194831,0.000855263173737461,0.998768844221106,1,"S4","main",1000,70,0.352588811263852,89.0082660842796,0,0,0,"none",0,35,1
0.512848011111392,0.000552410613698707,1,1,0.313073654450938,NA,0.999989597080546,1,0.288658148451342,NA,0.978648237712469,1,0.31620338948884,-0.0119051292631592,NA,1,1,"S4","main",1000,70,0.352588811263852,73.5967846694925,0,0,0,"none",0,36,1
0.486269395122339,-0.00810498549369064,1,1,0.319858742985196,NA,0.999998258822297,1,0.29245007321718,NA,0.986687443595762,1,0.312401728266555,0.0936428969168518,NA,1,1,"S4","main",1000,70,0.352588811263852,83.7445804093748,0,0,0,"none",0,37,1
0.476190443112071,-0.0066139605630522,1,1,0.250143947946515,NA,0.999884652828693,1,0.184431734475843,NA,0.807596241941555,1,0.261970973126856,-0.00874913168927916,0.00276896662666437,0.996507537688442,1,"S4","main",1000,70,0.352588811263852,90.8348636808851,0,0,0,"none",0,38,1
0.484380502305565,0.0219910391814725,1,1,0.306444138386699,NA,0.999997192828402,1,0.294158206087635,NA,0.990764094369304,1,0.295737611187131,0.105977210339175,NA,1,1,"S4","main",1000,70,0.352588811263852,91.1380652802932,0,0,0,"none",0,39,1
0.494790599388873,-0.0104070993615228,1,1,0.358092762386311,NA,0.999999965144035,1,0.327560846139895,NA,0.999279957648956,1,0.376044430492976,-0.0190880885749307,NA,1,1,"S4","main",1000,70,0.352588811263852,89.5379509026937,0,0,0,"none",0,40,1
0.524355013451975,-0.00331541942282771,1,1,0.348544355064721,NA,0.999989946727275,1,0.255923097018399,NA,0.86610605672662,1,0.373173812647786,0.0320195046192245,NA,1,1,"S4","main",1000,70,0.352588811263852,64.929712875944,0,0,0,"none",0,41,1
0.45209892146063,-0.0169813101959683,1,1,0.266889499654359,NA,0.999873799772665,1,0.236370372320518,NA,0.932702024409621,1,0.256636688086253,-0.0388739888708757,0.00750708813966399,0.977236180904523,1,"S4","main",1000,70,0.352588811263852,80.9598921134362,0,0,0,"none",0,42,1
0.490041017747074,0.01469347813063,1,1,0.248966385192265,NA,0.99983564666106,1,0.162141778864281,NA,0.753896244188465,1,0.21417900225692,-0.122928937129543,0.00566873176628553,0.9821608040201,1,"S4","main",1000,70,0.352588811263852,90.5430268491176,0,0,0,"none",0,43,1
0.501979888608199,-0.0155224752601167,1,1,0.336663053701194,NA,0.999999066133525,1,0.258821813655921,NA,0.947319174249439,1,0.360669606520741,-0.0480164049128689,NA,1,1,"S4","main",1000,70,0.352588811263852,83.4012900257947,0,0,0,"none",0,44,1
0.49654794328189,-0.0117477697736116,1,1,0.376328667199275,NA,0.999999931589766,1,0.390757032930405,NA,0.999980991178999,1,0.392171092766306,0.0118369711510298,NA,1,1,"S4","main",1000,70,0.352588811263852,83.1693192166676,0,0,0,"none",0,45,1
0.481218395742389,-0.0147857146237015,1,1,0.365204262137697,NA,0.999999993623338,1,0.334131959037344,NA,0.999501868725839,1,0.386007392489105,-0.0369805918981254,NA,1,1,"S4","main",1000,70,0.352588811263852,91.6740373428663,0,0,0,"none",0,46,1
0.508504057647137,0.0069381493440572,1,1,0.28190097494577,NA,0.999853304877116,1,0.199160464018991,NA,0.821866580651352,1,0.218973195933971,0.0447279031939515,0.0144706895216543,0.898575376884422,1,"S4","main",1000,70,0.352588811263852,76.5541875584362,0,0,0,"none",0,47,1
0.47167783469919,0.00702260190684387,1,1,0.311666543093229,NA,0.999986120080775,1,0.20836010901628,NA,0.804608685210744,1,0.3792347679092,-0.0124699984073974,NA,1,1,"S4","main",1000,70,0.352588811263852,86.5206445149166,0,0,0,"none",0,48,1
0.50133994907164,0.00312575690392461,1,1,0.378431127427587,NA,0.999999978507564,1,0.339175734140318,NA,0.999195131386291,1,0.386097588975214,-0.134055945615141,NA,1,1,"S4","main",1000,70,0.352588811263852,86.8737497892072,0,0,0,"none",0,49,1
0.439145870252149,0.000469579929656863,1,1,0.235423775491555,NA,0.999600151268452,1,0.193642763425253,NA,0.854062541395498,1,0.276745594542502,-0.105134238681547,0.00166464965648373,0.997608040201005,1,"S4","main",1000,70,0.352588811263852,82.100075832703,0,0,0,"none",0,50,1
0.520945558691908,-0.0164672112589716,1,1,0.310561506945222,NA,0.99999049211302,1,0.28106906772548,NA,0.973610253055824,1,0.353190057254123,0.0769079112846255,3.76893891925205e-05,0.999962311557789,1,"S4","main",1000,70,0.352588811263852,79.0437972588214,0,0,0,"none",0,51,1
0.483000582680439,0.00377916502243818,1,1,0.334133885595329,NA,0.999997698237757,1,0.284722303026888,NA,0.965027254113326,1,0.335508975026774,0.086690738041001,NA,1,1,"S4","main",1000,70,0.352588811263852,75.1054745137119,0,0,0,"none",0,52,1
0.53501965206942,-0.0129461938630736,1,1,0.355806117065546,NA,0.999999855217596,1,0.301519643845759,NA,0.989801268867901,1,0.372059247118683,0.0130045323014067,NA,1,1,"S4","main",1000,70,0.352588811263852,86.0981649742543,0,0,0,"none",0,53,1
0.486749947545717,0.0239000406184702,1,1,0.322471666598241,NA,0.999997083623748,1,0.252721278132096,NA,0.932005998214204,1,0.349090386335182,0.0792638683679714,NA,1,1,"S4","main",1000,70,0.352588811263852,79.0706475703887,0,0,0,"none",0,54,1
0.486438611161667,-0.02748920787428,1,1,0.268936748081026,NA,0.999972491408157,1,0.22115610135932,NA,0.939169770727237,1,0.241697402956002,-0.144249758815463,0.00102012613414456,0.998979899497487,1,"S4","main",1000,70,0.352588811263852,96.2249320935806,0,0,0,"none",0,55,1
0.476658391191542,0.000748290863664592,1,1,0.19941651956553,NA,0.994300048747093,1,0.0615803174571868,NA,0.330531433925651,0,0.147571689206949,0.0202438695153639,0.0180121689733073,0.703618090452261,1,"S4","main",1000,70,0.352588811263852,74.5932307327883,0,0,0,"none",0,56,1
0.529985427243386,0.0188600786619654,1,1,0.373876658676427,NA,0.999999637926456,1,0.346286136382638,NA,0.990994934203343,1,0.34996870848876,-0.163603660381677,NA,1,1,"S4","main",1000,70,0.352588811263852,72.6413395159656,0,0,0,"none",0,57,1
0.48646087042702,-0.00212704884278998,1,1,0.393609536421388,NA,0.999999993599203,1,0.376734128213932,NA,0.999919853752562,1,0.412723229281146,0.0870859436102814,NA,1,1,"S4","main",1000,70,0.352588811263852,88.5606039168474,0,0,0,"none",0,58,1
0.461479093923432,-0.0149746442073365,1,1,0.293799898593712,NA,0.99996905646417,1,0.258806591706778,NA,0.936893147028885,1,0.300885106733513,-0.160372050218013,NA,1,1,"S4","main",1000,70,0.352588811263852,78.1923471602645,0,0,0,"none",0,59,1
0.479228052016597,-0.00957646055338321,1,1,0.261451727186646,NA,0.999921481977999,1,0.201031260691858,NA,0.848711172996161,1,0.26516297829407,0.0760848225967431,0.00252926147053896,0.996804020100503,1,"S4","main",1000,70,0.352588811263852,85.7828779650292,0,0,0,"none",0,60,1
0.491431137579795,0.00971839693770782,1,1,0.340270970108518,NA,0.99999954349638,1,0.279261692231553,NA,0.976706400381139,1,0.308060288285305,-0.0300269236656765,0.00279655267808601,0.99720351758794,1,"S4","main",1000,70,0.352588811263852,91.6176662781087,0,0,0,"none",0,61,1
0.464550341006254,0.0108099503865542,1,1,0.259621835161875,NA,0.999892270492918,1,0.155524806932067,NA,0.705483593583366,1,0.245402571030502,0.0192922731921223,0.00447316106350942,0.97998743718593,1,"S4","main",1000,70,0.352588811263852,88.6570823102944,0,0,0,"none",0,62,1
0.484890765820277,0.00729309176989163,1,1,0.29048489186776,NA,0.999829479921249,1,0.0693601272835769,NA,0.332218245950276,0,0.289759674568473,0.0349699492732317,0.00527784203028555,0.982454773869347,1,"S4","main",1000,70,0.352588811263852,67.9976393615969,0,0,0,"none",0,63,1
0.534211749791595,-0.0137712572282131,1,1,0.36598382663027,NA,0.999999992045304,1,0.325427929109862,NA,0.998714066207793,1,0.3624952123536,-0.0510942320754,NA,1,1,"S4","main",1000,70,0.352588811263852,99.4855017776923,0,0,0,"none",0,64,1
0.47462268438223,-0.00436302746181046,1,1,0.318413269851511,NA,0.999999014886679,1,0.264529200869644,NA,0.978223607713032,1,0.311557705819836,0.0305206261834422,1.25631297308414e-05,0.99998743718593,1,"S4","main",1000,70,0.352588811263852,94.2716898808582,0,0,0,"none",0,65,1
0.479526295219631,0.00243718129878259,1,1,0.358766250053718,NA,0.999999892585721,1,0.337359929124452,NA,0.998134185349843,1,0.373053736245783,0.0410977863327198,NA,1,1,"S4","main",1000,70,0.352588811263852,83.7428901870173,0,0,0,"none",0,66,1
0.459314377583013,-0.00054263971254861,1,1,0.255932320221812,NA,0.999553886885595,1,0.117443231028305,NA,0.544332306477987,1,0.196557328614587,0.000822917300711387,0.0110903952659208,0.86343216080402,1,"S4","main",1000,70,0.352588811263852,76.432910063988,0,0,0,"none",0,67,1
0.403279288624837,0.00115522854224509,1,1,0.233939083804111,NA,0.999412549102656,1,0.17687893966661,NA,0.807248060691349,1,0.210035748750084,0.0257689947376446,0.0111396718631862,0.9126608040201,1,"S4","main",1000,70,0.352588811263852,88.0283368031979,0,0,0,"none",0,68,1
0.482341693489687,0.0153880715411817,1,1,0.307176616095057,NA,0.999997795933701,1,0.282695098029372,NA,0.990763588923218,1,0.30059713441183,0.0458421913453213,NA,1,1,"S4","main",1000,70,0.352588811263852,89.6437117777764,0,0,0,"none",0,69,1
0.473173528208139,-0.0104801839786639,1,1,0.27750841540109,NA,0.999863766783813,1,0.206156174680683,NA,0.801962782057034,1,0.258864976971807,0.034641898102675,0.00713588454922373,0.974505025125628,1,"S4","main",1000,70,0.352588811263852,74.5957207399183,0,0,0,"none",0,70,1
0.482949680525623,0.00695095317099916,1,1,0.339548740248777,NA,0.999999670505394,1,0.30366859027312,NA,0.99220538146553,1,0.325019526543092,0.0608251788860105,NA,1,1,"S4","main",1000,70,0.352588811263852,83.2920836942557,0,0,0,"none",0,71,1
0.513227591062912,-0.00289017969829893,1,1,0.386597644631867,NA,0.999999976927765,1,0.338827091819973,NA,0.99586456823703,1,0.391554836205803,0.021758823118469,NA,1,1,"S4","main",1000,70,0.352588811263852,79.2983018363431,0,0,0,"none",0,72,1
0.5041682942129,-0.0147271333494741,1,1,0.306725862821255,NA,0.999988893821239,1,0.283442124154037,NA,0.978630161519295,1,0.258296742018929,-0.0719434208153484,0.00485763265479366,0.987811557788945,1,"S4","main",1000,70,0.352588811263852,84.6317620179335,0,0,0,"none",0,73,1
0.500468230173674,0.0225569405234068,1,1,0.27026767262726,NA,0.9999618528518,1,0.210168257702648,NA,0.86548459337215,1,0.254414689717977,-0.0287056261069025,0.00530201900241444,0.982829145728643,1,"S4","main",1000,70,0.352588811263852,84.5192319465287,0,0,0,"none",0,74,1
0.524133370895497,-0.00462947828320622,1,1,0.392181707990464,NA,0.99999999874295,1,0.383925946789925,NA,0.999998902000589,1,0.415002792186865,0.015936844218583,NA,1,1,"S4","main",1000,70,0.352588811263852,104.760694181581,0,0,0,"none",0,75,1
0.505115620689002,-0.00594876470084233,1,1,0.282055063256759,NA,0.999974865577078,1,0.282678443821116,NA,0.987508778378716,1,0.264006568334762,-0.0614980174836358,0.00325065443957712,0.992841708542714,1,"S4","main",1000,70,0.352588811263852,81.4492105256487,0,0,0,"none",0,76,1
0.475460196189249,-0.0188769347557933,1,1,0.279245404682807,NA,0.999877708808781,1,0.233389469932952,NA,0.865789070872932,1,0.269057948776487,0.00589965293971385,0.00628080689040615,0.980334170854271,1,"S4","main",1000,70,0.352588811263852,81.7529258132722,0,0,0,"none",0,77,1
0.526370511055546,0.0105563251104534,1,1,0.312451681797743,NA,0.999999610076206,1,0.282588608259442,NA,0.995044674171538,1,0.324900993389121,0.0134205491611313,NA,1,1,"S4","main",1000,70,0.352588811263852,94.6333214024892,0,0,0,"none",0,78,1
0.502715530624652,-0.00430862087870943,1,1,0.303095526699196,NA,0.999990528295179,1,0.215358671894059,NA,0.861484623812256,1,0.308949561884714,0.0492043020475578,0.00107983509096684,0.998404522613065,1,"S4","main",1000,70,0.352588811263852,87.8952479463907,0,0,0,"none",0,79,1
0.490544099268053,0.00539240959534951,1,1,0.303041458545045,NA,0.999990452310019,1,0.276585717605789,NA,0.980426962130543,1,0.260967048016749,0.00763988943361824,0.00647621913322772,0.977326633165829,1,"S4","main",1000,70,0.352588811263852,88.8332366011757,0,0,0,"none",0,80,1
0.533446613137909,0.00649571537758796,1,1,0.34028352187647,NA,0.999991586586135,1,0.273448970777251,NA,0.926235968827093,1,0.351876930880975,0.0600635078530226,4.77398929772099e-05,0.999952261306533,1,"S4","main",1000,70,0.352588811263852,68.6879634690274,0,0,0,"none",0,81,1
0.525654248888161,-0.0017440892638475,1,1,0.329525808872041,NA,0.999996002505961,1,0.330297908862289,NA,0.998387417344134,1,0.29715801021678,0.0534980163187215,0.00114377967262712,0.997879396984925,1,"S4","main",1000,70,0.352588811263852,74.0749263963875,0,0,0,"none",0,82,1
0.501390079059142,0.00932270522964718,1,1,0.329457182953429,NA,0.999999965885516,1,0.293544572754941,NA,0.998063023123532,1,0.353496893742675,-0.038518338388663,NA,1,1,"S4","main",1000,70,0.352588811263852,114.21254830562,0,0,0,"none",0,83,1
0.505557103595009,-0.0115112167618437,1,1,0.336095437439636,NA,0.999981355482904,1,0.286606692419971,NA,0.930969640363187,1,0.310527472376076,-0.0292333798892804,0.00305322596924325,0.989140703517588,1,"S4","main",1000,70,0.352588811263852,69.0800626785607,0,0,0,"none",0,84,1
0.499030866651086,-0.00169038949841258,1,1,0.302669610099918,NA,0.999984539292177,1,0.238346265671311,NA,0.912527559661384,1,0.297365280607562,-0.0445585799432368,0.00151162361949531,0.998022613065327,1,"S4","main",1000,70,0.352588811263852,77.4446179856502,0,0,0,"none",0,85,1
0.493779253659676,0.00665862209343199,1,1,0.33771083777758,NA,0.999999013746951,1,0.327759588540747,NA,0.99866061619519,1,0.289652410310566,-0.04623920172406,0.000216033436666682,0.999698492462312,1,"S4","main",1000,70,0.352588811263852,85.7329708245802,0,0,0,"none",0,86,1
0.461256671428411,0.00752719812697978,1,1,0.349373133234673,NA,0.999999961839437,1,0.317729171968417,NA,0.999641818064596,1,0.382012120173972,-0.0881086269308938,NA,1,1,"S4","main",1000,70,0.352588811263852,92.8043657124721,0,0,0,"none",0,87,1
0.46613956794073,0.011629449475593,1,1,0.296961742122011,NA,0.999996700751327,1,0.294032885306711,NA,0.99881871359103,1,0.276940917086684,0.0887655473590989,NA,1,1,"S4","main",1000,70,0.352588811263852,97.5038842840519,0,0,0,"none",0,88,1
0.50358914767697,-0.0106601826677036,1,1,0.348355947582881,NA,0.999999851576024,1,0.311186095129742,NA,0.997659680209141,1,0.354274363206302,-0.0287782378450536,NA,1,1,"S4","main",1000,70,0.352588811263852,88.036415754598,0,0,0,"none",0,89,1
0.489267871387009,0.0182460131226165,1,1,0.223088265209599,NA,0.99832281593478,1,0.0908373827273776,NA,0.451536912415454,0,0.243775880236441,-0.0318117497402231,0.00677513663088818,0.961517587939698,1,"S4","main",1000,70,0.352588811263852,84.9762570622886,0,0,0,"none",0,90,1
0.487884953828832,0.0335164911655066,1,1,0.412979140503639,NA,0.999999999981966,1,0.383454745642314,NA,0.999999181344398,1,0.3904207760102,0.0202899897809855,NA,1,1,"S4","main",1000,70,0.352588811263852,98.6408306720063,0,0,0,"none",0,91,1
0.4885721826669,-0.00261141585482292,1,1,0.240186765283998,NA,0.99901797393517,1,0.224819948675049,NA,0.86360701546239,1,0.240669597144162,-0.0163471536100711,0.00862252643897728,0.954213567839196,1,"S4","main",1000,70,0.352588811263852,75.6202793611806,0,0,0,"none",0,92,1
0.489594758999446,0.000222202487789271,1,1,0.379350268344515,NA,0.999999996525834,1,0.323035544289047,NA,0.998629977446838,1,0.40565417429881,-0.065212330666645,NA,1,1,"S4","main",1000,70,0.352588811263852,99.8367797435475,0,0,0,"none",0,93,1
0.514415404312378,-0.0119178408408517,1,1,0.340761703198047,NA,0.999999142113528,1,0.362013990629172,NA,0.999915433246922,1,0.345633635128402,0.006587785715075,NA,1,1,"S4","main",1000,70,0.352588811263852,87.0063350040422,0,0,0,"none",0,94,1
0.536486435994505,-0.0155977776541874,1,1,0.335371598421177,NA,0.999998861903463,1,0.318922964467945,NA,0.99702362494414,1,0.323522702192732,0.0734642972876232,NA,1,1,"S4","main",1000,70,0.352588811263852,81.3508825556344,0,0,0,"none",0,95,1
0.462426906421018,0.019407800281403,1,1,0.30602603255969,NA,0.999992935903998,1,0.263977695107904,NA,0.962719490669539,1,0.298528628217921,0.0209655636733831,0.000374381265979182,0.999625628140704,1,"S4","main",1000,70,0.352588811263852,86.3125230574722,0,0,0,"none",0,96,1
0.46381485062578,-0.00114956649262793,1,1,0.272508671988933,NA,0.999992185225099,1,0.296297563079526,NA,0.998801475331007,1,0.261992202731113,-0.0298789203752862,0.0012739272445915,0.997798994974874,1,"S4","main",1000,70,0.352588811263852,91.2770999454628,0,0,0,"none",0,97,1
0.483062241029598,0.0148534716103502,1,1,0.240717135076745,NA,0.999434539819652,1,0.104079623971226,NA,0.522901113841846,1,0.210945566984132,0.0330386245166157,0.0135055938713297,0.89801256281407,1,"S4","main",1000,70,0.352588811263852,84.4676084840656,0,0,0,"none",0,98,1
0.486170385668597,0.0294484939293099,1,1,0.274226688349712,NA,0.999418092203977,1,0.145302143616978,NA,0.582729494002103,1,0.219026195390761,0.0325027745858242,0.0161734825769742,0.852507537688442,1,"S4","main",1000,70,0.352588811263852,60.0694720039271,0,0,0,"none",0,99,1
0.461100592709096,0.00610197738557031,1,1,0.285139853531254,NA,0.999947533246255,1,0.191991931722581,NA,0.778161823736324,1,0.289656847927902,0.146346252310692,NA,1,1,"S4","main",1000,70,0.352588811263852,77.5421256512346,0,0,0,"none",0,100,1
