"scenario","n","gamma_true","beta_X_true","beta_XZ_true","OLS_score","OLS_reject","OLS_beta_X","OLS_beta_XZ","MVMR_score","MVMR_reject","MVMR_beta_X","MVMR_beta_XZ","MRBMA_score","MRBMA_reject","MRBMA_beta_X","MRBMA_beta_XZ","MR_score","MR_reject","MR_beta_X","MR_beta_XZ"
"S1",30000,0,0,0,1,1,0.147318408417929,-0.00370073785821428,0.511772751995531,0,-0.00546658941521756,NA,0.0448399282686321,0,-0.000326626651671266,NA,0.0471666666666667,0,-0.000455937916384914,-0.000226527241077292
"S2",30000,1,0.3,0.3,1,1,0.45414653852634,0.297868641624763,1,1,0.300680985615006,NA,1,1,0.276277087238414,NA,1,1,0.303777350209188,0.302224507703358
"S3",30000,1,0.3,0,1,1,0.446574353199168,0.000616494846327388,1,1,0.288591799497652,NA,1,1,0.26128094768807,NA,1,1,0.285957299012098,-0.000129925770917068
"S1",30000,0,0,0,1,1,0.14701488926896,-0.00236042126345324,0.389082338248503,0,-0.00401166386099514,NA,0.0431695231207459,0,-0.000297437287161559,NA,0.0378888888888889,0,-0.000148490263951847,9.24726540917564e-07
"S2",30000,1,0.3,0.3,1,1,0.457476192504641,0.298727803294412,1,1,0.307892693708049,NA,1,1,0.278085919773115,NA,1,1,0.305173731679488,0.297777154353367
"S3",30000,1,0.3,0,1,1,0.450339654991804,6.52470413245764e-05,1,1,0.298962088985166,NA,1,1,0.271856766917687,NA,1,1,0.303136907598895,0.0022272917082982
"S1",30000,0,0,0,1,1,0.155975911306349,-0.00383225797066704,0.509188840356974,0,0.00547095977950347,NA,0.0324715788600186,0,1.75491713771352e-05,NA,0.1445,0,0.00153036210763171,-0.00122566492762142
"S2",30000,1,0.3,0.3,1,1,0.453249764509784,0.303056234005265,1,1,0.308778952051218,NA,1,1,0.277619084036893,NA,1,1,0.306756617330218,0.307494165455682
"S3",30000,1,0.3,0,1,1,0.450929193615885,-0.00123674304135976,1,1,0.292234025785965,NA,1,1,0.262347855621888,NA,1,1,0.292254971971115,0.00775397404399925
"S1",30000,0,0,0,1,1,0.147140979994741,-0.000824238677695036,0.314706097671269,0,-0.00322033291364581,NA,0.032866640814352,0,4.96089996782219e-05,NA,0.0435555555555556,0,-7.91822581027527e-06,0.000202755644410094
"S2",30000,1,0.3,0.3,1,1,0.459922734111297,0.298619368326103,1,1,0.312873504866397,NA,1,1,0.28251983016158,NA,1,1,0.310393239607011,0.314755395783887
"S3",30000,1,0.3,0,1,1,0.447029693779746,-0.00218331193158596,1,1,0.295871914645244,NA,1,1,0.267854589971855,NA,1,1,0.293472948705037,-0.00982922553063086
"S1",30000,0,0,0,1,1,0.148146794440421,-0.00304482887758996,0.743885920124292,0,-0.00909650089677138,NA,0.0495940384256045,0,-0.000420806710447441,NA,0.117944444444444,0,-0.00103275061186977,-0.000855956967881191
"S2",30000,1,0.3,0.3,1,1,0.448984502723929,0.300244902750856,1,1,0.297437637467579,NA,1,1,0.271081118063102,NA,1,1,0.287090590514935,0.285938534954348
"S3",30000,1,0.3,0,1,1,0.451474660383007,-8.97404576209691e-05,1,1,0.293711718798857,NA,1,1,0.266559678469239,NA,1,1,0.30018282659493,0.00360017934284422
"S1",30000,0,0,0,1,1,0.151375451622604,-0.00088877054785241,0.441405515330185,0,-0.00461668520686616,NA,0.0393335050585769,0,-0.000220637787668217,NA,0.0327222222222222,0,-8.98528542451359e-05,-0.000167472898134878
"S2",30000,1,0.3,0.3,1,1,0.44953955594795,0.305966580511526,1,1,0.293692421838836,NA,1,1,0.266178952247479,NA,1,1,0.29949909499218,0.300069992160998
"S3",30000,1,0.3,0,1,1,0.45276588888088,-0.00124557303707855,1,1,0.304108563890019,NA,1,1,0.277741230428985,NA,1,1,0.304332912061777,0.0041666919978286
"S1",30000,0,0,0,1,1,0.154689027966838,0.000655229389144856,0.764395618988565,0,-0.00942184835260255,NA,0.0539405534029649,0,-0.000494734502196453,NA,0.0745555555555556,0,-0.000853177927233044,0.000230416201728356
"S2",30000,1,0.3,0.3,1,1,0.45599698015398,0.301992335246579,1,1,0.3077509779153,NA,1,1,0.280038742493532,NA,1,1,0.310171694583705,0.308913756224762
"S3",30000,1,0.3,0,1,1,0.457341631294698,0.00329851268368822,1,1,0.310510988575779,NA,1,1,0.278459653627304,NA,1,1,0.309179629393585,3.26503353094664e-05
"S1",30000,0,0,0,1,1,0.152942594580183,-0.00396899442076621,0.303661865065444,0,-0.00307358977548108,NA,0.0324992195689879,0,2.1009259401964e-05,NA,0.0480555555555556,0,-0.000381436772489061,6.16976111882215e-05
"S2",30000,1,0.3,0.3,1,1,0.448703944857422,0.299692847221884,1,1,0.290564821789674,NA,1,1,0.25734946457156,NA,1,1,0.299277745070371,0.30716775208398
"S3",30000,1,0.3,0,1,1,0.447049286159545,-0.000879318701518141,1,1,0.292825440803732,NA,1,1,0.263243274173781,NA,1,1,0.290564649241691,0.000448944614178655
"S1",30000,0,0,0,1,1,0.146062798387638,-7.00688643423666e-06,0.771754549967122,0,-0.00964446420796924,NA,0.0580162603221069,0,-0.000575724736529249,NA,0.0580555555555556,0,-0.000602021315187723,5.29076190064951e-06
"S2",30000,1,0.3,0.3,1,1,0.451038830233743,0.302426727395623,1,1,0.298321950711025,NA,1,1,0.268364556723917,NA,1,1,0.30759503514511,0.291137774324296
"S3",30000,1,0.3,0,1,1,0.444112090663326,0.000175198229379112,1,1,0.285350968311811,NA,1,1,0.266565385342194,NA,1,1,0.284690741730784,0.0066539061215491
"S1",30000,0,0,0,1,1,0.154500139405662,-0.000236796331926742,0.618046054377628,0,0.00695650356188205,NA,0.0364385230902499,0,0.000160814699435564,NA,0.0464444444444444,0,0.000374685664414794,7.18293958999796e-05
"S2",30000,1,0.3,0.3,1,1,0.446032080787067,0.30234951170245,1,1,0.302772502647122,NA,1,1,0.275328669732587,NA,1,1,0.299281470093294,0.317162229363442
"S3",30000,1,0.3,0,1,1,0.452787698356127,-0.00162660902793832,1,1,0.308033009181933,NA,1,1,0.280007931286676,NA,1,1,0.310366283951464,0.0102412057080712
"S1",30000,0,0,0,1,1,0.136955980203683,-0.00169215882676601,0.881699011502429,0,-0.012321848842831,NA,0.174683883091874,0,-0.00300873308889619,NA,0.0910555555555556,0,-0.0010151997212094,-0.000104230172946937
"S2",30000,1,0.3,0.3,1,1,0.447258081732473,0.301251623317334,1,1,0.282634141660494,NA,1,1,0.25346841536919,NA,1,1,0.281686462276911,0.284177500380605
"S3",30000,1,0.3,0,1,1,0.4517274237979,0.00557973778044073,1,1,0.303235106035351,NA,1,1,0.277037432818828,NA,1,1,0.307068587943283,0.00208304921983765
"S1",30000,0,0,0,1,1,0.154467577282967,-0.000105989133843971,0.717230460080012,0,0.00849816725897366,NA,0.0360796573770715,0,0.000151756109127069,NA,0.456777777777778,0,0.00542282967202779,-0.00529010194311339
"S2",30000,1,0.3,0.3,1,1,0.452222196922292,0.299339226358194,1,1,0.300528375653292,NA,1,1,0.272935278502941,NA,1,1,0.303865222483808,0.298969993557285
"S3",30000,1,0.3,0,1,1,0.45453035505697,-0.00116108433215219,1,1,0.310305240225769,NA,1,1,0.282962981113754,NA,1,1,0.317744770658712,-0.000720117485485384
"S1",30000,0,0,0,1,1,0.154802747820472,0.000133017633560927,0.213580280146467,0,0.00215304313201868,NA,0.03241541542466,0,-7.71641404198234e-07,NA,0.0565555555555556,0,0.000357736767755098,-0.000256588252911782
"S2",30000,1,0.3,0.3,1,1,0.452658356032211,0.29907447676812,1,1,0.300287425752035,NA,1,1,0.275256558180254,NA,1,1,0.294144525618809,0.304596727872116
"S3",30000,1,0.3,0,1,1,0.453009126227678,-0.000907854267704734,1,1,0.296021149975069,NA,1,1,0.267506815121158,NA,1,1,0.296296298676335,-0.00751023762271028
"S1",30000,0,0,0,1,1,0.152507802428959,-0.00430036645206938,0.676326719370397,0,0.0077571103796896,NA,0.0383598229552083,0,0.000200526382024863,NA,0.157388888888889,0,0.002425310807946,-0.000145013894117458
"S2",30000,1,0.3,0.3,1,1,0.458387189644392,0.299293097619786,1,1,0.308230007660725,NA,1,1,0.279201859366454,NA,1,1,0.305442884021624,0.297719232260434
"S3",30000,1,0.3,0,1,1,0.446264989657999,-0.0023554279817204,1,1,0.291700737558568,NA,1,1,0.266623193463379,NA,1,1,0.291964361428876,0.00192447814211955
"S1",30000,0,0,0,1,1,0.15059371409916,-0.000176697795085807,0.390007806721205,0,-0.00403804673852016,NA,0.0403849464533641,0,-0.000244150974396567,NA,0.0285,0,2.70266827747831e-05,0.000114750838596084
"S2",30000,1,0.3,0.3,1,1,0.456192377887073,0.304379260724112,1,1,0.299411737691595,NA,1,1,0.270745922165042,NA,1,1,0.300845246319343,0.302243938905094
"S3",30000,1,0.3,0,1,1,0.446391732280893,0.00353746974855003,1,1,0.298801720662658,NA,1,1,0.26773827751378,NA,1,1,0.297220628018856,0.0038514674549149
"S1",30000,0,0,0,1,1,0.15030053767365,0.00146039984701279,0.901845952219672,0,-0.0132826337474002,NA,0.122427594701894,0,-0.00188445400645748,NA,0.0455,0,-0.00057585289682884,-5.00966581259742e-06
"S2",30000,1,0.3,0.3,1,1,0.454042493677492,0.297201640617301,1,1,0.310936726508978,NA,1,1,0.283252489156553,NA,1,1,0.3125538168119,0.299063248077752
"S3",30000,1,0.3,0,1,1,0.453927710732099,-0.000875880851756808,1,1,0.300364220560419,NA,1,1,0.274169821501983,NA,1,1,0.301182616763224,-0.00365138552039254
"S1",30000,0,0,0,1,1,0.158295627086268,-0.00133833559372473,0.928852204142941,0,0.0142585170767851,NA,0.138922310093002,0,0.00219098120913705,NA,0.375055555555556,0,0.00730532435626885,-0.000214805446550975
"S2",30000,1,0.3,0.3,1,1,0.439622957214113,0.295867864370038,1,1,0.289072973276459,NA,1,1,0.259112452525261,NA,1,1,0.28965810712745,0.297695881415714
"S3",30000,1,0.3,0,1,1,0.453275672978596,-0.0047741877239943,1,1,0.295316387959355,NA,1,1,0.270037330538724,NA,1,1,0.297849246179609,-0.00394491841452066
"S1",30000,0,0,0,1,1,0.149451204879184,-0.00298370366527709,0.48936296185119,0,-0.00519706899147637,NA,0.0361155994958575,0,-0.000151117296386691,NA,0.0396666666666667,0,-0.000132810689752205,-7.53584591636501e-05
"S2",30000,1,0.3,0.3,1,1,0.453476156328978,0.297537380229547,1,1,0.300191509758727,NA,1,1,0.275323454404066,NA,1,1,0.302194491570379,0.310353723753908
"S3",30000,1,0.3,0,1,1,0.451646279526497,-0.00102153143657759,1,1,0.303561455129504,NA,1,1,0.27737335934033,NA,1,1,0.303519096854091,-0.000201809264989585
"S1",30000,0,0,0,1,1,0.150036352557237,0.000294408483644635,0.396670491966782,0,-0.00410660325345407,NA,0.0387288357803995,0,-0.000209326261465895,NA,0.0623888888888889,0,-0.000277289970189855,-0.00047058548566304
"S2",30000,1,0.3,0.3,1,1,0.4548886718211,0.30005313076373,1,1,0.30412068450058,NA,1,1,0.271283783699061,NA,1,1,0.310968447398344,0.292512579436689
"S3",30000,1,0.3,0,1,1,0.457194470731915,0.00277399785132743,1,1,0.303665236576145,NA,1,1,0.277447869806361,NA,1,1,0.307415095556981,0.00810626144186551
"S1",30000,0,0,0,1,1,0.157534770249226,-0.00322216833125288,0.311860867804786,0,-0.00316898215333395,NA,0.0329531753146182,0,5.43941375050197e-05,NA,0.0357222222222222,0,-5.3444820424414e-05,0.000105727215482441
"S2",30000,1,0.3,0.3,1,1,0.449358085489541,0.299506214955918,1,1,0.291066989135827,NA,1,1,0.261504626673156,NA,1,1,0.282731102073296,0.301779728483607
"S3",30000,1,0.3,0,1,1,0.446698715572536,-0.00140220661061983,1,1,0.296154765767198,NA,1,1,0.270916405631624,NA,1,1,0.297095673672975,-0.00789024714728365
"S1",30000,0,0,0,1,1,0.143691654544468,0.00165115864007257,0.644132353476903,0,-0.00722785218896002,NA,0.0347291230844851,0,-0.000115206399736959,NA,0.0439444444444444,0,-0.000227865563049389,-5.98145352737829e-05
"S2",30000,1,0.3,0.3,1,1,0.44532570284614,0.298762063601304,1,1,0.289852071143743,NA,1,1,0.266577957731942,NA,1,1,0.288991849282718,0.298353455126937
"S3",30000,1,0.3,0,1,1,0.448833266592792,-0.00130880018586747,1,1,0.299577272089366,NA,1,1,0.269767934736273,NA,1,1,0.299051953821509,-0.002497683404332
"S1",30000,0,0,0,1,1,0.150899329747218,-0.00050146052633173,0.354062065560026,0,0.00358241609338288,NA,0.0325165348127674,0,2.29724197132438e-05,NA,0.0419444444444444,0,0.000149087463199074,-0.000179241938458909
"S2",30000,1,0.3,0.3,1,1,0.461670655199593,0.29436555362191,1,1,0.315104749013714,NA,1,1,0.285670556624869,NA,1,1,0.317883919759605,0.295004832343376
"S3",30000,1,0.3,0,1,1,0.45266392468778,-0.00372498013042414,1,1,0.311909289998521,NA,1,1,0.287273381357579,NA,1,1,0.315609936221221,0.00379757432719966
"S1",30000,0,0,0,1,1,0.153030976662468,3.67099689112128e-05,0.822321619872246,0,0.0104856859350457,NA,0.0597422992439901,0,0.000588910520283928,NA,0.186555555555556,0,0.00289853038902321,-0.000807266469058705
"S2",30000,1,0.3,0.3,1,1,0.454835744209948,0.294247549998555,1,1,0.309991321169944,NA,1,1,0.279885124323418,NA,1,1,0.310267630104416,0.293000490014071
"S3",30000,1,0.3,0,1,1,0.45209207063898,-0.00464654158659072,1,1,0.296106246173143,NA,1,1,0.26662683828015,NA,1,1,0.296258113994904,0.000222156055744846
"S1",30000,0,0,0,1,1,0.158008895205405,-0.000140113044436886,0.465482714804614,0,0.0048503809850758,NA,0.0330659734558578,0,5.87146295944864e-05,NA,0.0573888888888889,0,0.000280150648249403,0.000253046583801279
"S2",30000,1,0.3,0.3,1,1,0.4597750045492,0.300068567348211,1,1,0.302787197128746,NA,1,1,0.274575457254068,NA,1,1,0.304997245357653,0.305785799937837
"S3",30000,1,0.3,0,1,1,0.448383189431266,0.000252171532827839,1,1,0.293269752225159,NA,1,1,0.266015287694205,NA,1,1,0.296932731452768,0.00543701225437293
"S1",30000,0,0,0,1,1,0.150236814373994,-0.00253525021359735,0.814123527353473,0,0.0103999900153036,NA,0.0564619093356179,0,0.000538840654554914,NA,0.296166666666667,0,0.00504333349531654,0.00105172292649321
"S2",30000,1,0.3,0.3,1,1,0.453832263227247,0.303175528652928,1,1,0.301368184449208,NA,1,1,0.275196695689751,NA,1,1,0.292997723506118,0.321750947421866
"S3",30000,1,0.3,0,1,1,0.449489547131266,-9.89951502811623e-05,1,1,0.294618633510835,NA,1,1,0.269255921718094,NA,1,1,0.298213647399786,0.00273416517459574
"S1",30000,0,0,0,1,1,0.158094233459334,-0.000426476855885506,0.17267017379184,0,0.00172253622837576,NA,0.0324313594374383,0,9.21818593313655e-06,NA,0.0386666666666667,0,0.000250359299639379,-0.000122265412247815
"S2",30000,1,0.3,0.3,1,1,0.45238818419814,0.298101230539561,1,1,0.293014992073182,NA,1,1,0.26395105349067,NA,1,1,0.287025662429711,0.285865069216218
"S3",30000,1,0.3,0,1,1,0.458071647219025,-0.00282342361919551,1,1,0.309992308124327,NA,1,1,0.279838827771118,NA,1,1,0.31253290473104,-0.00630842639962903
"S1",30000,0,0,0,1,1,0.147200796980186,-0.00392000416141789,0.729755431151908,0,-0.00875652091733637,NA,0.0407735397231093,0,-0.000251445665170439,NA,0.0832222222222222,0,-0.000975099399925214,-0.000570277821302033
"S2",30000,1,0.3,0.3,1,1,0.446273458601833,0.30443197693524,1,1,0.290223591042928,NA,1,1,0.261641658026345,NA,1,1,0.290179319242746,0.29730620229239
"S3",30000,1,0.3,0,1,1,0.453575057368119,-0.00210639147562962,1,1,0.308484125417398,NA,1,1,0.278746710939312,NA,1,1,0.312255971806869,0.00539438446856498
"S1",30000,0,0,0,1,1,0.145922584557072,0.00166584967625725,0.847412562349433,0,-0.0114261278833378,NA,0.069681326352682,0,-0.00079852212184372,NA,0.0761111111111111,0,-0.00107538962672231,-7.75285404958045e-05
"S2",30000,1,0.3,0.3,1,1,0.452544297843188,0.301834415695557,1,1,0.307888283035297,NA,1,1,0.280819681962212,NA,1,1,0.3119532358869,0.310055158468977
"S3",30000,1,0.3,0,1,1,0.453999648354614,0.000295603807216009,1,1,0.301671720358865,NA,1,1,0.274084089079652,NA,1,1,0.30385859996287,0.00504905413607137
"S1",30000,0,0,0,1,1,0.148149343290095,0.00293320758961134,0.241955381340916,0,-0.00243525579542826,NA,0.0353938141265504,0,-0.000134603823526991,NA,0.0406666666666667,0,-5.67152749071523e-05,6.44267322440768e-05
"S2",30000,1,0.3,0.3,1,1,0.459123833304444,0.301943631517557,1,1,0.305878660254117,NA,1,1,0.279074636690117,NA,1,1,0.313239271279071,0.300864668671252
"S3",30000,1,0.3,0,1,1,0.448311232121623,-0.00271018271739219,1,1,0.293048711260821,NA,1,1,0.265489888103001,NA,1,1,0.28751923411545,0.00736268390846825
"S1",30000,0,0,0,1,1,0.158465949176729,-0.00294047025799069,0.806036080035818,0,0.010482915661991,NA,0.0554132413590848,0,0.000538033883261903,NA,0.277222222222222,0,0.00467765492118093,0.00133945472878164
"S2",30000,1,0.3,0.3,1,1,0.451283520107089,0.301980523437846,1,1,0.294983520241496,NA,1,1,0.271640500112207,NA,1,1,0.293562950768386,0.302453125831467
"S3",30000,1,0.3,0,1,1,0.453234968432691,0.00359604849023097,1,1,0.313375885956404,NA,1,1,0.287400664041655,NA,1,1,0.319275843786912,0.00700789673782071
"S1",30000,0,0,0,1,1,0.155303733610874,0.00374500017096845,0.361512892382603,0,0.00376815734980519,NA,0.0414335626408265,0,0.000266436578381558,NA,0.0466666666666667,0,0.000347387800646508,0.000132945726989766
"S2",30000,1,0.3,0.3,1,1,0.449641016620592,0.300878884688494,1,1,0.307937009446872,NA,1,1,0.279060314827446,NA,1,1,0.309124832597907,0.292355896383683
"S3",30000,1,0.3,0,1,1,0.449824951668548,-0.00064563295563837,1,1,0.296296011062609,NA,1,1,0.267590762660136,NA,1,1,0.29816354567189,0.00220807526746984
"S1",30000,0,0,0,1,1,0.144476880811426,0.00200381500401465,0.15086227992394,0,-0.00151916624116457,NA,0.0350880118029435,0,-0.000127871420348961,NA,0.0343888888888889,0,-0.000154032936166242,-7.848933084268e-05
"S2",30000,1,0.3,0.3,1,1,0.455730598740228,0.302145595331215,1,1,0.303248119801782,NA,1,1,0.274972808132875,NA,1,1,0.312239066349392,0.300492768459562
"S3",30000,1,0.3,0,1,1,0.454978921958852,-0.000280823315564875,1,1,0.308161120774231,NA,1,1,0.277088579537585,NA,1,1,0.305377724092636,0.00609849123441115
"S1",30000,0,0,0,1,1,0.151978626866097,0.00199270789071087,0.451268317413438,0,0.00472908861975464,NA,0.0363442460253122,0,0.000156521176666499,NA,0.118055555555556,0,0.00144679275082633,0.000300799732981607
"S2",30000,1,0.3,0.3,1,1,0.446638824438436,0.298063910181128,1,1,0.306675140963724,NA,1,1,0.281904083180841,NA,1,1,0.308339125571057,0.298830245212195
"S3",30000,1,0.3,0,1,1,0.45633614155409,0.000397102188943567,1,1,0.303408138359274,NA,1,1,0.276812630763826,NA,1,1,0.301831611735145,0.0062842217307709
"S1",30000,0,0,0,1,1,0.15217152788333,0.00242229035277114,0.0305373823476038,0,-0.000305741649957454,NA,0.0326354999654951,0,-3.45261606897771e-05,NA,0.0889444444444445,0,9.69890445846865e-06,-0.000763346320194344
"S2",30000,1,0.3,0.3,1,1,0.461192663955618,0.299269480005847,1,1,0.308152121726356,NA,1,1,0.278679009491206,NA,1,1,0.3037802627174,0.311246988833251
"S3",30000,1,0.3,0,1,1,0.451601173066203,-0.00145664077164319,1,1,0.29240545119042,NA,1,1,0.266267118776385,NA,1,1,0.291936104450549,-0.00512475385409749
"S1",30000,0,0,0,1,1,0.152371825005448,-0.000592565982305445,0.700752073078969,0,0.00819416116632187,NA,0.0478533071506723,0,0.000380425840630671,NA,0.846277777777778,1,0.0163596406483401,-0.00879690127366966
"S2",30000,1,0.3,0.3,1,1,0.454746787042794,0.302940957029859,1,1,0.309025880716547,NA,1,1,0.282153683032048,NA,1,1,0.314733738304725,0.303231454922696
"S3",30000,1,0.3,0,1,1,0.4522641345201,-0.00413289099241894,1,1,0.300669164901195,NA,1,1,0.274449123304176,NA,1,1,0.301206657762871,-0.00982740570113838
"S1",30000,0,0,0,1,1,0.151404904419052,0.000320693402261298,0.0673001821187678,0,0.000668361528905628,NA,0.0340613277567353,0,-9.72889836617497e-05,NA,0.0653333333333333,0,-0.000154754336939973,0.000388652824659733
"S2",30000,1,0.3,0.3,1,1,0.449208793553181,0.295107312575542,1,1,0.297214096129481,NA,1,1,0.269375833112912,NA,1,1,0.299485705672289,0.29043556567001
"S3",30000,1,0.3,0,1,1,0.45807593834666,0.00100327596646697,1,1,0.299134353900798,NA,1,1,0.266655454936308,NA,1,1,0.296468656366159,0.00943493300342335
"S1",30000,0,0,0,1,1,0.143725465099129,0.00080766326090947,0.660943382808482,0,0.00735813929017527,NA,0.0397817889868615,0,0.000223245781115707,NA,0.0933333333333333,0,0.00115489108281375,7.3665822681721e-06
"S2",30000,1,0.3,0.3,1,1,0.448581221970886,0.29696915450518,1,1,0.295518405195062,NA,1,1,0.266802640083072,NA,1,1,0.297813030543521,0.300291930884611
"S3",30000,1,0.3,0,1,1,0.454152277599436,-0.00130067564509847,1,1,0.300595757526799,NA,1,1,0.273187051021312,NA,1,1,0.297427316865363,0.00864555840625022
"S1",30000,0,0,0,1,1,0.145288489539441,0.00115610977836004,0.804103294318367,0,-0.0101949400388555,NA,0.0837272908683576,0,-0.00104919201310124,NA,0.133388888888889,0,-0.00190215693611067,-4.73418163287682e-05
"S2",30000,1,0.3,0.3,1,1,0.451135319357322,0.301084536186454,1,1,0.296117489021578,NA,1,1,0.269684089862481,NA,1,1,0.291209811085968,0.298679598062331
"S3",30000,1,0.3,0,1,1,0.449289126418741,-0.00250469900470201,1,1,0.292044143778448,NA,1,1,0.267885309327674,NA,1,1,0.293275176248269,-0.00249329336566701
"S1",30000,0,0,0,1,1,0.149348915627392,0.00237363724404497,0.0339000624741143,0,0.000337025956811116,NA,0.0348532263546771,0,0.00011996727621856,NA,0.0382777777777778,0,-0.000103752547442937,-0.000114670913848552
"S2",30000,1,0.3,0.3,1,1,0.45880589702047,0.302784480801538,1,1,0.303631181973755,NA,1,1,0.276433047812518,NA,1,1,0.306644436180872,0.304223961101207
"S3",30000,1,0.3,0,1,1,0.450152670716342,-0.00041691058131466,1,1,0.290223385569476,NA,1,1,0.262749653742921,NA,1,1,0.287325380181745,-0.0129764394568396
"S1",30000,0,0,0,1,1,0.146299245616006,0.00173620470441341,0.492782354883744,0,-0.00523283324884384,NA,0.0494165951785303,0,-0.00041777133623903,NA,0.0273888888888889,0,-8.47514303895833e-05,2.42444339850284e-05
"S2",30000,1,0.3,0.3,1,1,0.452494448033559,0.298687786130518,1,1,0.314424709079959,NA,1,1,0.28724200500743,NA,1,1,0.309478698866091,0.294018509653397
"S3",30000,1,0.3,0,1,1,0.444622871106865,-0.000760087020714379,1,1,0.298949196392453,NA,1,1,0.274306881805636,NA,1,1,0.30295054230661,-0.00111185401447751
"S1",30000,0,0,0,1,1,0.156435852091616,0.00275593517073176,0.599537714982988,0,-0.00678234878041119,NA,0.0423504591421248,0,-0.00028946697467723,NA,0.293444444444444,0,-0.00199615412895097,0.00376176499970045
"S2",30000,1,0.3,0.3,1,1,0.452003407428932,0.298358633513086,1,1,0.299467121105749,NA,1,1,0.272592464229086,NA,1,1,0.302977084158638,0.295179308865203
"S3",30000,1,0.3,0,1,1,0.443299918927565,0.00304318478419956,1,1,0.297931471601163,NA,1,1,0.271799761481296,NA,1,1,0.299066493324828,-0.00761089222115574
"S1",30000,0,0,0,1,1,0.157797549615775,0.00250720870157205,0.557347251412751,0,0.00609455443015867,NA,0.0376605792496662,0,0.000188292243423227,NA,0.107777777777778,0,0.000732419138530185,-0.000794010803069583
"S2",30000,1,0.3,0.3,1,1,0.446349213352598,0.302026592301916,1,1,0.287632930615872,NA,1,1,0.262142366462544,NA,1,1,0.288540116252716,0.304267911196058
"S3",30000,1,0.3,0,1,1,0.451220038820889,0.00194918044105834,1,1,0.297286081162545,NA,1,1,0.267130166448061,NA,1,1,0.302619528442813,-0.000500283378166688
"S1",30000,0,0,0,1,1,0.159299298045516,0.000219680218776022,0.540281507242651,0,0.00593470837988609,NA,0.0388371015028562,0,0.000214443873847824,NA,0.0568333333333333,0,0.000457077576636091,0.000198640787051002
"S2",30000,1,0.3,0.3,1,1,0.455004387097777,0.297870535161036,1,1,0.308641857593667,NA,1,1,0.280650103505069,NA,1,1,0.317956070414613,0.298141692984172
"S3",30000,1,0.3,0,1,1,0.450176719658451,-0.00357466004438103,1,1,0.304088562819977,NA,1,1,0.278635653725959,NA,1,1,0.303064798638864,-0.00607300184848709
"S1",30000,0,0,0,1,1,0.159282631220597,0.00147643621697075,0.86408811202818,0,0.0118853327497443,NA,0.0934046115700823,0,0.00125375932343982,NA,0.124111111111111,0,0.00168527557033906,-0.000491483455422891
"S2",30000,1,0.3,0.3,1,1,0.454189012440038,0.298965839280354,1,1,0.294499868430178,NA,1,1,0.267154276668694,NA,1,1,0.294373064725695,0.30874491707408
"S3",30000,1,0.3,0,1,1,0.451186536771834,0.000412190101495808,1,1,0.294783799615705,NA,1,1,0.26770250777747,NA,1,1,0.299248971348579,-0.00105838210055745
"S1",30000,0,0,0,1,1,0.152698508825278,-0.00395546437681602,0.568625973262189,0,-0.00632765457362424,NA,0.0504795924552787,0,-0.000439312011993797,NA,0.0352777777777778,0,-8.94957824784506e-05,-5.22743158856374e-05
"S2",30000,1,0.3,0.3,1,1,0.454818793569556,0.297185128948901,1,1,0.30732218779852,NA,1,1,0.279947595611346,NA,1,1,0.30623374602377,0.298598030290392
"S3",30000,1,0.3,0,1,1,0.450264890686287,0.000370997948890361,1,1,0.297075039181063,NA,1,1,0.273214421506103,NA,1,1,0.294652785519364,-0.0129917059578354
"S1",30000,0,0,0,1,1,0.148364905757787,-0.000793949651407839,0.437114329561803,0,-0.00458881899401839,NA,0.0448693832942399,0,-0.000332385278749846,NA,0.0405,0,-0.000245529151872266,0.000123025621338912
"S2",30000,1,0.3,0.3,1,1,0.448661123298975,0.298504973193876,1,1,0.305663403509263,NA,1,1,0.278150836496573,NA,1,1,0.300905818271412,0.312890972564137
"S3",30000,1,0.3,0,1,1,0.452544264791668,-0.00293635335148948,1,1,0.292895720851496,NA,1,1,0.268184718674559,NA,1,1,0.294840468204309,-0.00203151627866205
"S1",30000,0,0,0,1,1,0.151020361254056,0.00436980750536733,0.603779862630818,0,-0.00676609416097147,NA,0.033636779828934,0,-8.3131967740343e-05,NA,0.0439444444444444,0,-0.000160082347744048,0.00019781225233042
"S2",30000,1,0.3,0.3,1,1,0.455597349923644,0.296929675512646,1,1,0.302284654404194,NA,1,1,0.275135770357291,NA,1,1,0.304280188246146,0.299614077551216
"S3",30000,1,0.3,0,1,1,0.453059272036682,-0.000695901265027478,1,1,0.301560217221951,NA,1,1,0.276437895933958,NA,1,1,0.303261183011225,0.00568049717934662
"S1",30000,0,0,0,1,1,0.150861478207497,0.0031001299159022,0.188429622554939,0,-0.00190059191194494,NA,0.0324716232391677,0,1.74888143376168e-05,NA,0.0236666666666667,0,-8.13467314402044e-05,6.87941301015923e-05
"S2",30000,1,0.3,0.3,1,1,0.449526660072539,0.29949681120017,1,1,0.307661857373215,NA,1,1,0.279418544130978,NA,1,1,0.312474520665483,0.304707825016002
"S3",30000,1,0.3,0,1,1,0.454832407519481,-0.0023935694681185,1,1,0.306480942339327,NA,1,1,0.279469428158126,NA,1,1,0.306922827563345,-0.00685416435429134
"S1",30000,0,0,0,1,1,0.151799253340005,-0.00397043332927401,0.0777748617687155,0,-0.000773434788003439,NA,0.0325226777230565,0,2.38025406678806e-05,NA,0.0575555555555556,0,0.000178481943537626,-0.000293041674131094
"S2",30000,1,0.3,0.3,1,1,0.454773836085135,0.301520427761812,1,1,0.296977630129157,NA,1,1,0.272354128600177,NA,1,1,0.302377363963963,0.307156385707442
"S3",30000,1,0.3,0,1,1,0.443464339247937,0.000445683118665197,1,1,0.290855771310523,NA,1,1,0.264310777529422,NA,1,1,0.287027490838126,-0.005710434527978
"S1",30000,0,0,0,1,1,0.154824426847798,-0.00298651327964395,0.557076222629091,0,-0.00614393607742531,NA,0.0487194985847424,0,-0.00040418060829558,NA,0.0230555555555556,0,-0.00016876839112764,2.29986153787556e-05
"S2",30000,1,0.3,0.3,1,1,0.454368978569306,0.302300116966564,1,1,0.2928809291032,NA,1,1,0.267506258636615,NA,1,1,0.300187836072505,0.312506135943785
"S3",30000,1,0.3,0,1,1,0.448719247140151,-0.000860011527252937,1,1,0.289112560275478,NA,1,1,0.26132054894967,NA,1,1,0.289340329256737,0.00444881444346486
"S1",30000,0,0,0,1,1,0.155572378449583,0.000649078316751097,0.296171469364898,0,0.00300570545936948,NA,0.0372749521188398,0,0.000176819089276274,NA,0.0431666666666667,0,0.000167473941615793,6.70218039449811e-05
"S2",30000,1,0.3,0.3,1,1,0.453747677684013,0.300473073943963,1,1,0.291989874607803,NA,1,1,0.261917105294127,NA,1,1,0.287793946885976,0.305616480227638
"S3",30000,1,0.3,0,1,1,0.451449977465767,-0.0015236849104326,1,1,0.292344844239686,NA,1,1,0.268892204886963,NA,1,1,0.292615178526335,-0.00843306415277944
"S1",30000,0,0,0,1,1,0.154465231231346,0.000393433001443915,0.26711688920519,0,-0.00271274448407004,NA,0.0328653657409499,0,-4.95561191369839e-05,NA,0.0633888888888889,0,-0.000207929007209577,0.000226122217986669
"S2",30000,1,0.3,0.3,1,1,0.451143198828629,0.299896659890643,1,1,0.31023717531498,NA,1,1,0.280975333192947,NA,1,1,0.306702659126295,0.305952297247497
"S3",30000,1,0.3,0,1,1,0.443203625562104,-0.0014812135895285,1,1,0.295057118903657,NA,1,1,0.269072467464672,NA,1,1,0.295395183015715,-0.00877694607485657
"S1",30000,0,0,0,1,1,0.14888945190216,0.000738664999611284,0.594667468296021,0,-0.00666872787139524,NA,0.0412175517802905,0,-0.000263260503250194,NA,0.0273333333333333,0,-0.000113610775641418,9.06755711061939e-06
"S2",30000,1,0.3,0.3,1,1,0.445594023518203,0.301239455427951,1,1,0.286080884845774,NA,1,1,0.259471963156597,NA,1,1,0.287745856943692,0.292842420099578
"S3",30000,1,0.3,0,1,1,0.452144526772687,-0.000867753331564375,1,1,0.300605999811869,NA,1,1,0.272674569688675,NA,1,1,0.30641595031809,-0.00332625300975415
"S1",30000,0,0,0,1,1,0.142079783484826,0.000241509670671481,0.708507022373661,0,-0.00832068789586235,NA,0.0461320174308592,0,-0.00035001120326344,NA,0.127111111111111,0,-0.000912387299386784,-0.00122533368385607
"S2",30000,1,0.3,0.3,1,1,0.457528642716865,0.299035883022292,1,1,0.311826460550293,NA,1,1,0.285352997513965,NA,1,1,0.311681604343374,0.302361255758832
"S3",30000,1,0.3,0,1,1,0.445383738703516,0.00104216041468954,1,1,0.29218714393119,NA,1,1,0.268239570317563,NA,1,1,0.290738543182318,-6.62585687058706e-05
"S1",30000,0,0,0,1,1,0.150764587138597,0.0027372479480327,0.546489335754902,0,-0.00596668370054092,NA,0.0522721827715213,0,-0.000471206172998155,NA,0.0654444444444444,0,-9.51139758914477e-05,0.000608676148700692
"S2",30000,1,0.3,0.3,1,1,0.454644830691052,0.30600643327848,1,1,0.300668107114673,NA,1,1,0.271017470732217,NA,1,1,0.309082731994899,0.295967614240634
"S3",30000,1,0.3,0,1,1,0.452911155183221,0.00107310828579256,1,1,0.303482672685703,NA,1,1,0.278500245461175,NA,1,1,0.302473709053289,0.00348882780897402
"S1",30000,0,0,0,1,1,0.15585172495016,-0.00292872284264739,0.414105333680349,0,0.00431277737999283,NA,0.0326818063466401,0,3.78436598645632e-05,NA,0.0766111111111111,0,0.000919747674628474,-0.000199687999540476
"S2",30000,1,0.3,0.3,1,1,0.44814795717665,0.296406706654883,1,1,0.296073628581822,NA,1,1,0.267671826046669,NA,1,1,0.300291320747085,0.300169320102673
"S3",30000,1,0.3,0,1,1,0.453457909731948,0.00141269643715578,1,1,0.302193390571793,NA,1,1,0.273973682650105,NA,1,1,0.299272427696739,-0.00753814316538325
"S1",30000,0,0,0,1,1,0.146746804086558,0.00178115583599713,0.266973095769473,0,-0.00270726931160489,NA,0.0328945054011739,0,-5.09677974925432e-05,NA,0.0975,0,-0.000209484991782862,0.0010007869030901
"S2",30000,1,0.3,0.3,1,1,0.448338109146923,0.300074865486493,1,1,0.284680611479077,NA,1,1,0.261768048173335,NA,1,1,0.278501174476814,0.302368884772686
"S3",30000,1,0.3,0,1,1,0.453717871453567,-0.00499379891065219,1,1,0.305472772032169,NA,1,1,0.275426512986141,NA,1,1,0.307406701552987,-0.00330410119773766
"S1",30000,0,0,0,1,1,0.149109579506353,-0.000891985099533304,0.421915639739316,0,0.00435227262604545,NA,0.0333869508505329,0,7.24504363827655e-05,NA,0.194444444444444,0,0.00164740942850779,-0.00207681739747159
"S2",30000,1,0.3,0.3,1,1,0.456501476150052,0.300655431851908,1,1,0.302714450683373,NA,1,1,0.281387185143441,NA,1,1,0.301764669985744,0.289236745480802
"S3",30000,1,0.3,0,1,1,0.453818350638089,-0.00247575411421656,1,1,0.30341673748442,NA,1,1,0.274870813235667,NA,1,1,0.307142054140958,-0.0024145087289189
"S1",30000,0,0,0,1,1,0.153007365965155,-0.00122859373599564,0.0203592773817459,0,-0.000201810164773138,NA,0.0362056557896611,0,0.000154039420908231,NA,0.0712777777777778,0,0.000397558550443076,0.000328719123671483
"S2",30000,1,0.3,0.3,1,1,0.447831242466721,0.301394081276751,1,1,0.281412353671478,NA,1,1,0.255916516065914,NA,1,1,0.287963302287622,0.296837584176759
"S3",30000,1,0.3,0,1,1,0.445024210383206,0.00193116404416851,1,1,0.295373522086967,NA,1,1,0.266987643477139,NA,1,1,0.296160859578636,0.00549172846321056
"S1",30000,0,0,0,1,1,0.153310478601127,0.00250548859146463,0.59647979304667,0,0.00660592800704267,NA,0.0441047364196933,0,0.000314422031386289,NA,0.0501666666666667,0,0.000391478600099014,0.000144024268104039
"S2",30000,1,0.3,0.3,1,1,0.449936699362957,0.301712122980079,1,1,0.294546622802896,NA,1,1,0.267716164642191,NA,1,1,0.292222205609377,0.30322358204464
"S3",30000,1,0.3,0,1,1,0.451155031809834,0.00069022898964121,1,1,0.303661535167395,NA,1,1,0.273300562769429,NA,1,1,0.303183230662702,0.00158708576402313
"S1",30000,0,0,0,1,1,0.151380801964476,-0.00010354764586616,0.0976890918897494,0,-0.000971227745522774,NA,0.032900152588617,0,5.078430483675e-05,NA,0.0709444444444444,0,-0.000426774161523919,-0.000435708715992883
"S2",30000,1,0.3,0.3,1,1,0.45522892917028,0.301034947008764,1,1,0.300254335168933,NA,1,1,0.275246302409242,NA,1,1,0.295785708408333,0.299793581495494
"S3",30000,1,0.3,0,1,1,0.450129708863726,0.00044164801342695,1,1,0.29566501209936,NA,1,1,0.267561200175483,NA,1,1,0.295521862376725,0.0090885657087382
"S1",30000,0,0,0,1,1,0.149590822649301,-0.000604970732779745,0.404972319450598,0,-0.00419028368698005,NA,0.0342314149334991,0,-0.000102310757319011,NA,0.0383333333333333,0,0.000111090017175429,0.000154294189484288
"S2",30000,1,0.3,0.3,1,1,0.463076998765172,0.298649387693832,1,1,0.307680124371227,NA,1,1,0.280767403525353,NA,1,1,0.305022410367283,0.294456647510388
"S3",30000,1,0.3,0,1,1,0.45084638021385,0.00107387159007658,1,1,0.30172327633127,NA,1,1,0.273905429031009,NA,1,1,0.30811008455865,-0.00310453672530693
"S1",30000,0,0,0,1,1,0.150877512258756,-0.00244115012398514,0.0620921627493816,0,-0.000617323653200055,NA,0.0324685067705808,0,1.68495797837355e-05,NA,0.0339444444444444,0,-0.000118210068148265,4.91185917678064e-05
"S2",30000,1,0.3,0.3,1,1,0.451040666618705,0.298988898249265,1,1,0.292857121693167,NA,1,1,0.268452926942896,NA,1,1,0.293828714407294,0.299979993085729
"S3",30000,1,0.3,0,1,1,0.448048893177954,0.00180348575332745,1,1,0.300063327581382,NA,1,1,0.27396805414188,NA,1,1,0.300039698600751,0.000213012431461115
"S1",30000,0,0,0,1,1,0.147493815905311,0.00179845583198586,0.288943610146369,0,-0.0029363895014499,NA,0.0420575717596067,0,-0.000276902783613663,NA,0.0362222222222222,0,-2.50188674379653e-05,-5.98752175992614e-06
"S2",30000,1,0.3,0.3,1,1,0.442520992227564,0.303051394177626,1,1,0.276558484972156,NA,1,1,0.253122747393633,NA,1,1,0.27911118412011,0.296221761168484
"S3",30000,1,0.3,0,1,1,0.449275120208247,0.0010726580165068,1,1,0.302525215975608,NA,1,1,0.276267378657118,NA,1,1,0.306114375021052,0.00338513527201015
"S1",30000,0,0,0,1,1,0.156911596039488,-0.000805699946805838,0.484821488534498,0,0.00511732238239875,NA,0.0428898753644827,0,0.000288656507371984,NA,0.0606666666666667,0,0.000469949447079911,-0.000185575720947293
"S2",30000,1,0.3,0.3,1,1,0.44872814526201,0.303344813705053,1,1,0.303866229078569,NA,1,1,0.27663847883698,NA,1,1,0.310912267000062,0.312275031996518
"S3",30000,1,0.3,0,1,1,0.451721149960406,0.00541283201945643,1,1,0.301411258609471,NA,1,1,0.270771556482012,NA,1,1,0.307019354327735,-0.00882395714554314
"S1",30000,0,0,0,1,1,0.152391468718337,-0.000149888391227281,0.0831596283261689,0,0.00082808261486891,NA,0.0325144197306026,0,-2.30969290454333e-05,NA,0.0282222222222222,0,0.000127088115149084,5.52548490763766e-05
"S2",30000,1,0.3,0.3,1,1,0.448336275155611,0.301232271073646,1,1,0.296974245585459,NA,1,1,0.26685083468584,NA,1,1,0.294662288615187,0.307806903055453
"S3",30000,1,0.3,0,1,1,0.45240048550402,-9.06085908285415e-06,1,1,0.300482865994148,NA,1,1,0.273682118876401,NA,1,1,0.301864459204531,-0.00688860291573298
"S1",30000,0,0,0,1,1,0.149247448635919,-0.00372635242573987,0.413382721578667,0,-0.00431751739029254,NA,0.0369454928662878,0,-0.000171769573349929,NA,0.0970555555555556,0,-0.00015248577960056,-0.00126073130625571
"S2",30000,1,0.3,0.3,1,1,0.451960594725352,0.303526504893171,1,1,0.294985774332251,NA,1,1,0.269732136780234,NA,1,1,0.290753506037475,0.295198017685249
"S3",30000,1,0.3,0,1,1,0.454331864182822,0.000442063473373425,1,1,0.307570952799556,NA,1,1,0.280595871187684,NA,1,1,0.310205115950304,-0.00749677141809749
"S1",30000,0,0,0,1,1,0.144903029419167,0.00195794593269052,0.510708276076586,0,-0.00539647330750006,NA,0.0324777409957677,0,-1.780735095963e-05,NA,0.0338333333333333,0,-0.000150567957796611,-8.90135841042439e-05
"S2",30000,1,0.3,0.3,1,1,0.448404427753553,0.300566239580425,1,1,0.310203805321354,NA,1,1,0.282199911934294,NA,1,1,0.30701618070934,0.299884208577992
"S3",30000,1,0.3,0,1,1,0.454858911480207,-7.30583663849625e-05,1,1,0.302714771600392,NA,1,1,0.281764688316044,NA,1,1,0.302223634052169,-0.00731285715369783
"S1",30000,0,0,0,1,1,0.147016696169206,-0.000910581862449284,0.744758397923769,0,-0.00910263498376743,NA,0.0338349243246724,0,-9.02533201027267e-05,NA,0.0796111111111111,0,-0.000630354234975977,0.000441773056071027
"S2",30000,1,0.3,0.3,1,1,0.444005940136076,0.301345713286395,1,1,0.290659012993384,NA,1,1,0.265541804018328,NA,1,1,0.292496600581452,0.299336146493365
"S3",30000,1,0.3,0,1,1,0.452618523068395,-0.00207827380822086,1,1,0.303927489866823,NA,1,1,0.271857304168713,NA,1,1,0.30453090600952,-0.0027519165862707
"S1",30000,0,0,0,1,1,0.151054743322062,0.00211921836751726,0.162829872045958,0,0.00163514244215972,NA,0.0333788625463936,0,-7.44628204437427e-05,NA,0.0882777777777778,0,0.00032425083211644,0.00094871082839128
"S2",30000,1,0.3,0.3,1,1,0.4452738445853,0.300461574266351,1,1,0.285412363901989,NA,1,1,0.256740455053583,NA,1,1,0.288238786866043,0.296862983171449
"S3",30000,1,0.3,0,1,1,0.458410976683399,-0.00107436578575399,1,1,0.306329903290238,NA,1,1,0.279894459498151,NA,1,1,0.309904026482324,0.00151154478489169
"S1",30000,0,0,0,1,1,0.151995217161714,-0.00033452787699747,0.778796237449752,0,-0.00984682606620025,NA,0.0583901664962922,0,-0.000587177536077002,NA,0.118888888888889,0,-0.00131420777072021,-0.000898162523074279
"S2",30000,1,0.3,0.3,1,1,0.453964180295557,0.302694783250391,1,1,0.303134627572881,NA,1,1,0.274060442185083,NA,1,1,0.295534538347986,0.311705841236888
"S3",30000,1,0.3,0,1,1,0.456767306179302,-0.000436746654802398,1,1,0.306797273787682,NA,1,1,0.278248003380254,NA,1,1,0.311276823516828,0.000979041020009513
"S1",30000,0,0,0,1,1,0.150475097530645,0.00418606830605287,0.482973468178379,0,-0.00514825198915424,NA,0.0360827441214554,0,-0.000152580078933394,NA,0.0377777777777778,0,-0.000313984871899856,3.59038521953571e-06
"S2",30000,1,0.3,0.3,1,1,0.443612589369043,0.294535179390619,1,1,0.308688020941324,NA,1,1,0.281167466505087,NA,1,1,0.305608761278486,0.296434377283617
"S3",30000,1,0.3,0,1,1,0.455000404408314,-0.000790383786671599,1,1,0.298423495354358,NA,1,1,0.269419690626972,NA,1,1,0.302948707421032,-0.0025200401514677
"S1",30000,0,0,0,1,1,0.149217090305679,-0.00111783843771767,0.53079581523717,0,-0.00577789393963483,NA,0.0412587848881047,0,-0.000263675478023333,NA,0.0536111111111111,0,-0.000378913966490712,4.71055309314531e-05
"S2",30000,1,0.3,0.3,1,1,0.447039936910531,0.30211928588744,1,1,0.296653427920464,NA,1,1,0.266678230761309,NA,1,1,0.30408973400509,0.292005426900711
"S3",30000,1,0.3,0,1,1,0.44845307426697,-0.00269601336857061,1,1,0.309669916525336,NA,1,1,0.284685963556375,NA,1,1,0.315754708055118,-0.00695104967681299
"S1",30000,0,0,0,1,1,0.152841977374575,0.00172746985939473,0.685877383606175,0,0.00794867236010076,NA,0.0433053454298057,0,0.000298834656215669,NA,0.1055,0,0.000956274761657907,-0.000535745621267453
"S2",30000,1,0.3,0.3,1,1,0.458366903567682,0.299077240770164,1,1,0.303404665512229,NA,1,1,0.276615285215553,NA,1,1,0.291385607280814,0.310896005800095
"S3",30000,1,0.3,0,1,1,0.448783309671929,0.000914067457724968,1,1,0.302295431414685,NA,1,1,0.276502152471529,NA,1,1,0.303308710426283,-0.00952674307991678
"S1",30000,0,0,0,1,1,0.159206007441035,0.000597274226344655,0.803685909256586,0,0.0102068521589496,NA,0.0557963419381838,0,0.00052560338524927,NA,0.148222222222222,0,0.00173904321078991,-0.000267643429471984
"S2",30000,1,0.3,0.3,1,1,0.44359896847241,0.301079107884641,1,1,0.298931181887566,NA,1,1,0.271996954572178,NA,1,1,0.296388641179739,0.298992277274493
"S3",30000,1,0.3,0,1,1,0.448097813345828,-0.00294341292436354,1,1,0.29107519588549,NA,1,1,0.27066278766236,NA,1,1,0.298231113309614,0.00435221189709968
"S1",30000,0,0,0,1,1,0.14975449682941,0.000622504734374253,0.520913804417111,0,0.0055231856472503,NA,0.0439543096508472,0,0.000306927281356262,NA,0.0755555555555556,0,0.000665785544646093,0.000327571184811092
"S2",30000,1,0.3,0.3,1,1,0.446072867657272,0.299042944289371,1,1,0.296463348466693,NA,1,1,0.267709685722913,NA,1,1,0.29651117254452,0.31332262630888
"S3",30000,1,0.3,0,1,1,0.448195314590185,0.000978606494151385,1,1,0.292792467159434,NA,1,1,0.267144289235877,NA,1,1,0.294492900948714,-0.00116760520740253
"S1",30000,0,0,0,1,1,0.149780279077122,-0.000380337743523186,0.253636656432566,0,0.00255767152942014,NA,0.0366964946434127,0,0.00016483642079425,NA,0.0518888888888889,0,0.000311310753312488,0.000171838062042092
"S2",30000,1,0.3,0.3,1,1,0.446099114531107,0.295983025027849,1,1,0.311805749451957,NA,1,1,0.290150292539641,NA,1,1,0.312752140419831,0.30620896788102
"S3",30000,1,0.3,0,1,1,0.453293695343834,-0.000216509395383993,1,1,0.302064077506207,NA,1,1,0.272908775397806,NA,1,1,0.306595571356255,0.00349742151301719
"S1",30000,0,0,0,1,1,0.144559851184917,0.0015653044015292,0.589122613384892,0,-0.00643909822043239,NA,0.035168988711654,0,-0.00012662329528772,NA,0.0952222222222222,0,-0.000751419497492149,0.000518945499013423
"S2",30000,1,0.3,0.3,1,1,0.448831892600806,0.301831579158694,1,1,0.287940860836869,NA,1,1,0.259787689420182,NA,1,1,0.295147969798812,0.29940481861277
"S3",30000,1,0.3,0,1,1,0.458838060337207,-0.00156173047713191,1,1,0.307245371197627,NA,1,1,0.275115871538974,NA,1,1,0.311045457802645,-0.00476645108609213
"S1",30000,0,0,0,1,1,0.156308456046533,0.000160981478403189,0.712116820228098,0,0.00837310518175222,NA,0.042695692228783,0,0.000286728679046411,NA,0.225888888888889,0,0.00348645147004053,-0.000575475403565193
"S2",30000,1,0.3,0.3,1,1,0.44654096661431,0.304318300883809,1,1,0.28836601470271,NA,1,1,0.263158620378257,NA,1,1,0.302877469842946,0.307636948498217
"S3",30000,1,0.3,0,1,1,0.456803664666464,0.0011011080070533,1,1,0.308525146257304,NA,1,1,0.281851334663261,NA,1,1,0.310730473654346,0.0113776776633396
"S1",30000,0,0,0,1,1,0.145646057455475,-0.00185831239157123,0.231517627074646,0,-0.00229389255374131,NA,0.0325136551576524,0,-2.25594858950476e-05,NA,0.124444444444444,0,0.000616090076889266,-0.00118445708255146
"S2",30000,1,0.3,0.3,1,1,0.452878347801606,0.303049088831992,1,1,0.297018930386136,NA,1,1,0.265818595067802,NA,1,1,0.29899071522177,0.314704172300511
"S3",30000,1,0.3,0,1,1,0.444497454666606,-0.000649036319660323,1,1,0.290619694867358,NA,1,1,0.261474723231414,NA,1,1,0.295015943668103,0.0034745097048372
"S1",30000,0,0,0,1,1,0.157273528467259,0.00148559608554124,0.419863034553157,0,0.00437005008364358,NA,0.0368651336311267,0,0.000169004541904867,NA,0.0527777777777778,0,0.000322530455578577,-0.000229966864865255
"S2",30000,1,0.3,0.3,1,1,0.454811840079026,0.301493033532858,1,1,0.300186494344378,NA,1,1,0.271258261139744,NA,1,1,0.297500498913561,0.302518075634227
"S3",30000,1,0.3,0,1,1,0.449838016770144,-0.00149648338492288,1,1,0.292378995992766,NA,1,1,0.266560030065624,NA,1,1,0.290138335502718,-0.00756054032470762
"S1",30000,0,0,0,1,1,0.154873730014944,0.000784210317145271,0.359732747214895,0,-0.00378060385424035,NA,0.0339000536791283,0,-9.48847563617001e-05,NA,0.146666666666667,0,0.000266483572227682,-0.00136369931568441
"S2",30000,1,0.3,0.3,1,1,0.452986836074127,0.303261569234194,1,1,0.295820277965672,NA,1,1,0.268603665587777,NA,1,1,0.300143940019124,0.304606988731715
"S3",30000,1,0.3,0,1,1,0.451935590123494,-0.00174749174562451,1,1,0.300447517262603,NA,1,1,0.268884301327388,NA,1,1,0.304615266307106,-0.00289797102228856
"S1",30000,0,0,0,1,1,0.153798660739165,6.5417740392538e-05,0.574322298319732,0,0.00629839214997925,NA,0.0363252424153274,0,0.000157153668417221,NA,0.106111111111111,0,0.00091915729682971,0.000910640568432379
"S2",30000,1,0.3,0.3,1,1,0.451389016683263,0.301231520599374,1,1,0.30913450229262,NA,1,1,0.283349243021811,NA,1,1,0.307131551483775,0.30875282431808
"S3",30000,1,0.3,0,1,1,0.448505661385827,0.000147830246694388,1,1,0.296971557834305,NA,1,1,0.265237150436452,NA,1,1,0.299195953600295,-0.00327025422184704
"S1",30000,0,0,0,1,1,0.146471773781137,0.0008463233409336,0.49280900407763,0,-0.0052643631232137,NA,0.0327018038923918,0,-3.89928692718668e-05,NA,0.117888888888889,0,-0.000273291747806577,0.00113020660701447
"S2",30000,1,0.3,0.3,1,1,0.451843316886884,0.296215686638084,1,1,0.312987843690145,NA,1,1,0.281026833394032,NA,1,1,0.305923518824348,0.298193190048385
"S3",30000,1,0.3,0,1,1,0.448066542821187,-0.00280578798337906,1,1,0.292150764323374,NA,1,1,0.264377304318391,NA,1,1,0.28995630292773,0.00354783970742047
"S1",30000,0,0,0,1,1,0.157110143377374,-0.00151605546917498,0.458995661274313,0,0.00488998382939762,NA,0.0542094570258435,0,0.00050519377592575,NA,0.0982222222222222,0,0.00116077492081467,-0.000328733660164018
"S2",30000,1,0.3,0.3,1,1,0.456363971109195,0.30157800843978,1,1,0.304086515172403,NA,1,1,0.276377333102899,NA,1,1,0.309971183248335,0.308209888173099
"S3",30000,1,0.3,0,1,1,0.455087352540746,0.00336753453614416,1,1,0.30391943419322,NA,1,1,0.272191920678707,NA,1,1,0.307411771789507,0.00492789573869475
"S1",30000,0,0,0,1,1,0.152843474578018,0.00309806543415131,0.0549073851038271,0,-0.000550721479355443,NA,0.0324159596919041,0,-1.87798052346274e-06,NA,0.0527222222222222,0,2.57344278701977e-05,-0.000425056094119447
"S2",30000,1,0.3,0.3,1,1,0.451764294288976,0.297960173867057,1,1,0.295481952890911,NA,1,1,0.269089213058027,NA,1,1,0.291266465194102,0.295673868222432
"S3",30000,1,0.3,0,1,1,0.450090629061392,-0.0046776590366745,1,1,0.294965075857777,NA,1,1,0.26783053968344,NA,1,1,0.293757534864868,0.00571449251555013
"S1",30000,0,0,0,1,1,0.154442998535681,0.00133778541566393,0.351254321196455,0,0.00363558575363252,NA,0.0336999009679205,0,8.6128045874259e-05,NA,0.0847222222222222,0,0.000488854030258129,0.000485244974058381
"S2",30000,1,0.3,0.3,1,1,0.450738226856103,0.296000583458931,1,1,0.299562281561701,NA,1,1,0.275462267467041,NA,1,1,0.302943554037705,0.296634113035701
"S3",30000,1,0.3,0,1,1,0.452962256979519,-0.000520418921033278,1,1,0.301464069911243,NA,1,1,0.279679650912398,NA,1,1,0.303267350258611,0.00348323485543531
"S1",30000,0,0,0,1,1,0.159331080073272,-0.00300592085450194,0.737938062599206,0,0.00889686302041982,NA,0.0740615792617225,0,0.00085559216365258,NA,0.078,0,0.000871680742653732,-0.000126812666749387
"S2",30000,1,0.3,0.3,1,1,0.453970701417997,0.29775609414272,1,1,0.293645693624181,NA,1,1,0.265847407463225,NA,1,1,0.303273635612546,0.317528575477342
"S3",30000,1,0.3,0,1,1,0.445924605197283,0.000178853351487811,1,1,0.296840790839974,NA,1,1,0.273603093726955,NA,1,1,0.293772477581495,0.00841965241630297
"S1",30000,0,0,0,1,1,0.146633264300647,0.0032769603232089,0.348569207144965,0,-0.00356612924605384,NA,0.0388349696096323,0,-0.000211093465363669,NA,0.0268888888888889,0,-4.6646678585266e-05,-0.000122869469041045
"S2",30000,1,0.3,0.3,1,1,0.447623304642597,0.302872712217263,1,1,0.302945574490342,NA,1,1,0.276865214134308,NA,1,1,0.294690185023537,0.321453746210982
"S3",30000,1,0.3,0,1,1,0.45325629243305,-0.00648170269848542,1,1,0.305277030497438,NA,1,1,0.275979197496165,NA,1,1,0.306479336976218,-0.009064829368441
"S1",30000,0,0,0,1,1,0.157249786305218,-0.00143776822347803,0.396387159773946,0,0.00415678620814758,NA,0.032778314580072,0,4.5145549457363e-05,NA,0.0767222222222222,0,0.000741053662093732,0.000434299918028258
"S2",30000,1,0.3,0.3,1,1,0.454760116201917,0.302173382028001,1,1,0.309925678584954,NA,1,1,0.279320298370545,NA,1,1,0.31587283909513,0.304904290184263
"S3",30000,1,0.3,0,1,1,0.450216983885241,-0.000234663348280487,1,1,0.301947695869264,NA,1,1,0.276772439035738,NA,1,1,0.304080532643781,-0.00223501940107712
"S1",30000,0,0,0,1,1,0.14683323979465,-0.00388515678568176,0.592855939933542,0,-0.00654471472772151,NA,0.0469910864746694,0,-0.000369514422964459,NA,0.232611111111111,0,-0.00198109602624454,-0.0024410454901792
"S2",30000,1,0.3,0.3,1,1,0.447264831327508,0.299285419503058,1,1,0.300184132874617,NA,1,1,0.275165887942718,NA,1,1,0.302188557022354,0.308034815534573
"S3",30000,1,0.3,0,1,1,0.449454654056491,0.000381770346024256,1,1,0.296180497437392,NA,1,1,0.269403498833469,NA,1,1,0.297012834882425,-0.00467833268572434
"S1",30000,0,0,0,1,1,0.147064714342618,0.00215418290213505,0.80738421465469,0,-0.0102595102870942,NA,0.0431263997545021,0,-0.000294064396762086,NA,0.783111111111111,1,-0.00587756036394067,0.0126123269150511
"S2",30000,1,0.3,0.3,1,1,0.452007843838002,0.299418710511118,1,1,0.300166297947574,NA,1,1,0.274334829709551,NA,1,1,0.308462160441576,0.307420697490056
"S3",30000,1,0.3,0,1,1,0.450787393049333,-0.000931705880843077,1,1,0.300281477746378,NA,1,1,0.27204769945852,NA,1,1,0.303894779233733,0.00187768573545021
"S1",30000,0,0,0,1,1,0.143507489143549,-0.000123007502919787,0.500559495201917,0,-0.00526674585459708,NA,0.0411743937616965,0,-0.000253982180246943,NA,0.3365,0,-0.000110433749366375,0.00451065140989431
"S2",30000,1,0.3,0.3,1,1,0.453098537360342,0.299269802205443,1,1,0.291272762806806,NA,1,1,0.264166607477399,NA,1,1,0.289289371710572,0.302042484302357
"S3",30000,1,0.3,0,1,1,0.452648567701217,-2.80913770592797e-05,1,1,0.298675939744983,NA,1,1,0.269907535666121,NA,1,1,0.301836725954871,-0.00594686250400951
"S1",30000,0,0,0,1,1,0.156163545297259,-0.00475122511778989,0.78199719489792,0,0.00975323207354223,NA,0.0639021202977419,0,0.000678387644345078,NA,0.275222222222222,0,0.00380943085488167,-0.00230935056311354
"S2",30000,1,0.3,0.3,1,1,0.454374458982419,0.302080113795023,1,1,0.312450658124155,NA,1,1,0.282664397235293,NA,1,1,0.30422132270827,0.304808953002797
"S3",30000,1,0.3,0,1,1,0.449254591888505,0.00389015278937768,1,1,0.299678512028554,NA,1,1,0.273884309902602,NA,1,1,0.304566727001158,0.0077991312430492
"S1",30000,0,0,0,1,1,0.153512117158796,-0.000257900637583574,0.512512577169901,0,0.00547890361460903,NA,0.0353900141701153,0,0.000134362162148247,NA,0.0653333333333333,0,0.00078254163592663,1.22138411535578e-06
"S2",30000,1,0.3,0.3,1,1,0.454362160313734,0.301232651658157,1,1,0.303217765102976,NA,1,1,0.273579497415593,NA,1,1,0.304717758972766,0.288211944061903
"S3",30000,1,0.3,0,1,1,0.459382525758305,-0.00136262767338998,1,1,0.304948703737823,NA,1,1,0.276399404392833,NA,1,1,0.308993462690775,0.00249488961110191
"S1",30000,0,0,0,1,1,0.151061679445915,0.000509410340426032,0.431479008755219,0,0.0045577561757196,NA,0.0354460123230002,0,0.000136752403345273,NA,0.0312777777777778,0,0.000232007171612291,-0.000116957768622998
"S2",30000,1,0.3,0.3,1,1,0.442241758175594,0.303053871281043,1,1,0.292484499765888,NA,1,1,0.272178497478263,NA,1,1,0.29141755017174,0.317515374242607
"S3",30000,1,0.3,0,1,1,0.443740646182161,-0.00401308714920235,1,1,0.297030728353923,NA,1,1,0.271698896342884,NA,1,1,0.295721137757684,-0.00206132253158944
"S1",30000,0,0,0,1,1,0.14327698225773,0.00428075092809172,0.53871704899446,0,-0.00583944121580405,NA,0.0327096888324465,0,-3.97515225091239e-05,NA,0.0398333333333333,0,-0.000279271393397281,-9.20470261267495e-05
"S2",30000,1,0.3,0.3,1,1,0.45495965782409,0.297078963094496,1,1,0.294947543217531,NA,1,1,0.270141056864151,NA,1,1,0.296140966096282,0.308048301700077
"S3",30000,1,0.3,0,1,1,0.449955300488232,-0.0026078924026382,1,1,0.293669482997367,NA,1,1,0.266800217764938,NA,1,1,0.295855752285904,-0.000364690553123105
"S1",30000,0,0,0,1,1,0.149802130202436,0.00178496316620343,0.769983137573806,0,-0.00949833271448892,NA,0.0399417310267118,0,-0.000233920751862612,NA,0.0424444444444444,0,-0.000339689484805405,7.58083602863743e-05
"S2",30000,1,0.3,0.3,1,1,0.457457925255979,0.297720438513669,1,1,0.305270679894522,NA,1,1,0.280589085223601,NA,1,1,0.308149528961106,0.307861197164939
"S3",30000,1,0.3,0,1,1,0.447976403934397,-0.000675144785071515,1,1,0.29745783147561,NA,1,1,0.269530250979107,NA,1,1,0.29276298660203,-0.00871451872880931
"S1",30000,0,0,0,1,1,0.154396797053148,0.000387772025036006,0.489523152312532,0,-0.00523654601323227,NA,0.0331970843427108,0,-6.59164292335607e-05,NA,0.109944444444444,0,-0.000534078776047944,0.0010752458573932
"S2",30000,1,0.3,0.3,1,1,0.45292809248412,0.298252961297919,1,1,0.310429411152709,NA,1,1,0.284237148040068,NA,1,1,0.310878116168125,0.310925846768137
"S3",30000,1,0.3,0,1,1,0.452765539362107,0.00340897888628507,1,1,0.300141142059568,NA,1,1,0.270964638412077,NA,1,1,0.303371780014846,0.00442407202950889
"S1",30000,0,0,0,1,1,0.150090226275142,-0.000419428216757792,0.240565149936252,0,-0.00240660947232636,NA,0.0356749320896761,0,-0.000140027024364323,NA,0.0221666666666667,0,-2.13247826262996e-06,0.000134772718971453
"S2",30000,1,0.3,0.3,1,1,0.443791120104454,0.297823272624557,1,1,0.293360263955971,NA,1,1,0.270762665087731,NA,1,1,0.293986955319532,0.293865073153203
"S3",30000,1,0.3,0,1,1,0.454729321464427,0.00378565086050395,1,1,0.300626362471955,NA,1,1,0.275926532167169,NA,1,1,0.300526354127161,0.0109166208158246
"S1",10000,0,0,0,1,1,0.150023375464119,-0.00625429087287971,0.187584456292253,0,-0.00324210078668135,NA,0.0341736803652595,0,-0.000173155559905322,NA,0.0433333333333333,0,-3.91965474845825e-05,0.000378420081552608
"S2",10000,1,0.3,0.3,1,1,0.442045216744669,0.294341668618476,1,1,0.300729708627093,NA,1,1,0.268177867575819,NA,1,1,0.301913905037304,0.320095569179911
"S3",10000,1,0.3,0,1,1,0.463741681417196,0.00581187838982752,1,1,0.320224971474651,NA,1,1,0.290506150724758,NA,1,1,0.332875969965267,-0.00753324302225326
"S1",10000,0,0,0,1,1,0.148217884378434,0.00307541656896452,0.563194929680044,0,-0.0105899892491245,NA,0.0434951600847215,0,-0.000520663415965151,NA,0.0684444444444444,0,-0.00135382658090243,0.000598127803229609
"S2",10000,1,0.3,0.3,1,1,0.431652038117655,0.306284554478614,1,1,0.269497687944151,NA,1,1,0.254241660677873,NA,1,1,0.281440435119331,0.312248243847122
"S3",10000,1,0.3,0,1,1,0.449104565285431,0.0035429930516535,1,1,0.303301166812077,NA,1,1,0.273407240076072,NA,1,1,0.305508438910623,0.0238253890566672
"S1",10000,0,0,0,1,1,0.146460819921076,-0.00517261028716298,0.676555729079154,0,-0.0133334380824162,NA,0.0394556767755665,0,-0.000383009007744567,NA,0.0728888888888889,0,-0.00151947913427338,0.000255597994981325
"S2",10000,1,0.3,0.3,1,1,0.462376413482143,0.293989708368508,1,1,0.305471336294121,NA,1,1,0.280715675491453,NA,1,1,0.301226881291562,0.293083146521522
"S3",10000,1,0.3,0,1,1,0.457968511764554,0.00247756923243658,1,1,0.308386394463664,NA,1,1,0.285107589439976,NA,1,1,0.31970513187705,-0.00537465114188409
"S1",10000,0,0,0,1,1,0.143856669022955,-0.00334337930057913,0.333040618162942,0,-0.00598948005577842,NA,0.0380479645788908,0,-0.000338912110758452,NA,0.0511111111111111,0,-0.000497699073576316,-0.000516813081506923
"S2",10000,1,0.3,0.3,1,1,0.454865592517538,0.298557533376205,1,1,0.307830849770587,NA,1,1,0.283955960393208,NA,1,1,0.32020572135331,0.295713711106312
"S3",10000,1,0.3,0,1,1,0.431556879241428,-0.00193065978876841,1,1,0.289265365043262,NA,1,1,0.258911070554737,NA,1,1,0.290952984024221,0.00147887415979038
"S1",10000,0,0,0,1,1,0.155625816697261,-0.00199558287441134,0.356272318633503,0,0.00626093448684477,NA,0.0366763952522026,0,0.000279441949800559,NA,0.0237777777777778,0,0.000183474369023082,7.36521646022213e-05
"S2",10000,1,0.3,0.3,1,1,0.451688979409758,0.302565620167716,1,1,0.300890551101619,NA,1,1,0.275396119343666,NA,1,1,0.299397130726112,0.301951801287679
"S3",10000,1,0.3,0,1,1,0.445546749009889,0.00152174160919246,1,1,0.306049937189598,NA,1,1,0.278522096007131,NA,1,1,0.308310383540645,0.00106808766133133
"S1",10000,0,0,0,1,1,0.147466394313716,0.000349252268416803,0.885461007346762,0,-0.021587199346984,NA,0.0679456864507173,0,-0.00130485734317454,NA,0.582111111111111,1,-0.0140934035592073,0.0121654497828127
"S2",10000,1,0.3,0.3,1,1,0.451144033914117,0.305967452167894,1,1,0.301052396096752,NA,1,1,0.266671955029687,NA,1,1,0.307606706653285,0.302427246151523
"S3",10000,1,0.3,0,1,1,0.448047546160642,0.00669721233525647,1,1,0.304678932202727,NA,1,1,0.279312039494385,NA,1,1,0.302308533380095,-0.00934802745780503
"S1",10000,0,0,0,1,1,0.152736005449265,0.00301817488959922,0.557525319619885,0,0.0102769382990585,NA,0.0496628734511389,0,0.000702064091583116,NA,0.195277777777778,0,0.00464052770471209,-0.001635525910963
"S2",10000,1,0.3,0.3,1,1,0.434690489772611,0.295872382523035,1,1,0.287186478770574,NA,1,1,0.264257036822038,NA,1,1,0.292793089173021,0.299519028965407
"S3",10000,1,0.3,0,1,1,0.441570303750171,0.00531787550318643,1,1,0.289114758753557,NA,1,1,0.264088722424673,NA,1,1,0.290467866839765,0.0413612006165744
"S1",10000,0,0,0,1,1,0.147507250795977,-0.001307332754356,0.362296137194314,0,-0.00633404953435952,NA,0.0353992685506395,0,-0.000227987783891111,NA,0.037,0,0.00011585516361606,0.000184173402769951
"S2",10000,1,0.3,0.3,1,1,0.455537137124288,0.302980144572138,1,1,0.303118717220696,NA,1,1,0.279343345029476,NA,1,1,0.293301201607184,0.296665181882001
"S3",10000,1,0.3,0,1,1,0.457005109756044,0.000588581214625271,1,1,0.304417250130903,NA,1,1,0.269135497599495,NA,1,1,0.305425286795739,0.0038654520979873
"S1",10000,0,0,0,1,1,0.151513841148132,0.00192265525237665,0.258787291669042,0,-0.00455436058753826,NA,0.0325125906520457,0,3.96858115699596e-05,NA,0.0517777777777778,0,-5.01744182666782e-05,0.000431106686223052
"S2",10000,1,0.3,0.3,1,1,0.442594074862501,0.293024397316166,1,1,0.302836198688461,NA,1,1,0.271690859624138,NA,1,1,0.302474660724606,0.296882658464585
"S3",10000,1,0.3,0,1,1,0.451122709934435,0.00275940609062907,1,1,0.308809283990619,NA,1,1,0.285818673122725,NA,1,1,0.307259304943516,-0.00988332623818251
"S1",10000,0,0,0,1,1,0.161012652099411,0.00324753019270786,0.11793739822749,0,0.00206847330103409,NA,0.0325187049871451,0,4.14271522855405e-05,NA,0.0661666666666667,0,0.000154066955163578,0.00089641024320833
"S2",10000,1,0.3,0.3,1,1,0.46609254944964,0.308334582770425,1,1,0.328050297683786,NA,1,1,0.295232498963113,NA,1,1,0.322617329216894,0.345814952266549
"S3",10000,1,0.3,0,1,1,0.445524554071439,-0.00394690373266711,1,1,0.297993266108726,NA,1,1,0.262854922628935,NA,1,1,0.300169498604942,0.00577010992367904
"S1",10000,0,0,0,1,1,0.148395875056966,0.0022520348053798,0.830284810155917,0,-0.0192099051371656,NA,0.0801417684565644,0,-0.00174378802264757,NA,0.0723333333333333,0,-0.00155642296967397,0.000241657663173939
"S2",10000,1,0.3,0.3,1,1,0.461903917543472,0.294566836649247,1,1,0.299070697926065,NA,1,1,0.267332188792455,NA,1,1,0.32335686204287,0.298511063578902
"S3",10000,1,0.3,0,1,1,0.455950077980029,0.00127273990425876,1,1,0.309595384235341,NA,1,1,0.283104922711585,NA,1,1,0.302861167358108,0.0123204689224023
"S1",10000,0,0,0,1,1,0.1516392395543,-0.00589241625236522,0.0408502975577912,0,0.000698103146255321,NA,0.0339930911821524,0,-0.000164419478191976,NA,0.0781666666666667,0,0.000354448497088667,-0.00103212709274531
"S2",10000,1,0.3,0.3,1,1,0.453926122742727,0.29099819906974,1,1,0.310841411917693,NA,1,1,0.277850431337185,NA,1,1,0.307623389441386,0.291725898810356
"S3",10000,1,0.3,0,1,1,0.449571099124709,0.000840174203292534,1,1,0.297985953991601,NA,1,1,0.271471552375591,NA,1,1,0.298065483081047,0.00753922478292741
"S1",10000,0,0,0,1,1,0.145310687068532,0.00139284591807288,0.137017298414909,0,-0.0023667845420916,NA,0.0348592948412127,0,-0.000212255534812384,NA,0.117944444444444,0,-0.00107117508540391,0.00197260475752491
"S2",10000,1,0.3,0.3,1,1,0.462520765559892,0.298751461766472,1,1,0.305482322245469,NA,1,1,0.279714211678883,NA,1,1,0.291530474799467,0.300104915108324
"S3",10000,1,0.3,0,1,1,0.454389964441187,0.00540810584145478,1,1,0.287114397733167,NA,1,1,0.262373645160658,NA,1,1,0.289630893072058,-0.00326015889239468
"S1",10000,0,0,0,1,1,0.154779760853395,0.000477987050921254,0.52473071895934,0,-0.00986379027992074,NA,0.0343186292662189,0,-0.000182423249542468,NA,0.0525555555555556,0,-0.000693190740623726,-0.00020804395231826
"S2",10000,1,0.3,0.3,1,1,0.462932052283366,0.297319531277745,1,1,0.292065338797818,NA,1,1,0.267475682299182,NA,1,1,0.303352961317523,0.292458788668984
"S3",10000,1,0.3,0,1,1,0.449465646137812,-0.00325647970409193,1,1,0.304978352043058,NA,1,1,0.284011098098576,NA,1,1,0.309110747663854,-0.00289538309444723
"S1",10000,0,0,0,1,1,0.16252971862188,0.00420321754321056,0.492702573836657,0,0.00899064362308614,NA,0.0389687214814654,0,0.000366456352650003,NA,0.182666666666667,0,0.00302858812118829,0.00271760418754346
"S2",10000,1,0.3,0.3,1,1,0.449940473131744,0.290697953821179,1,1,0.303120175606627,NA,1,1,0.276305065399071,NA,1,1,0.309930558495647,0.269987796598816
"S3",10000,1,0.3,0,1,1,0.457030602645908,0.00345550374958957,1,1,0.316874323931743,NA,1,1,0.285948489451406,NA,1,1,0.326474915173413,-0.0110736113579848
"S1",10000,0,0,0,1,1,0.156200833206112,-0.00101696022771219,0.112463989718538,0,0.00197445895914843,NA,0.0354177262850141,0,0.000234197559407958,NA,0.0392222222222222,0,-0.000283933998727419,8.03352353049774e-05
"S2",10000,1,0.3,0.3,1,1,0.454654353907744,0.303130618634013,1,1,0.294140059557004,NA,1,1,0.267806601772085,NA,1,1,0.300915536504986,0.303198830447647
"S3",10000,1,0.3,0,1,1,0.441684406930095,-0.00629944889730836,1,1,0.306520914769196,NA,1,1,0.282004950096988,NA,1,1,0.310692725072622,-0.00403060081283023
"S1",10000,0,0,0,1,1,0.154027522803544,0.000573833593885358,0.65438167483193,0,0.012574497425275,NA,0.039459553524424,0,0.000375848774111287,NA,0.0755,0,0.00111563066107674,-0.000635587485121874
"S2",10000,1,0.3,0.3,1,1,0.437855602342857,0.294323245552758,1,1,0.286555924683377,NA,1,1,0.269042816229773,NA,1,1,0.276633264903574,0.280824509078966
"S3",10000,1,0.3,0,1,1,0.450279538477825,-0.00173848010425998,1,1,0.293054146122883,NA,1,1,0.271562245884172,NA,1,1,0.298958312212695,-0.00458319999017816
"S1",10000,0,0,0,1,1,0.144890980889211,-0.000504458692893569,0.384262158251295,0,-0.00688430024209677,NA,0.0343964495029193,0,-0.000185679370312117,NA,0.0839444444444444,0,-0.000943118338003634,0.00108735017495707
"S2",10000,1,0.3,0.3,1,1,0.43090012756322,0.298933111225714,1,1,0.271992601089107,NA,1,1,0.247499062492987,NA,1,1,0.271297342596982,0.303081450394167
"S3",10000,1,0.3,0,1,1,0.439692217151808,-0.00141645651396085,1,1,0.287567634745635,NA,1,1,0.264680805687042,NA,1,1,0.291502077452846,0.00172504381349714
"S1",10000,0,0,0,1,1,0.145595474404989,0.00404713155438285,0.365943421442079,0,-0.00660526493606254,NA,0.0366274452439758,0,-0.000290581948540304,NA,0.0350555555555556,0,-0.000280557287200473,-0.000214011274320869
"S2",10000,1,0.3,0.3,1,1,0.44067833726015,0.29530389991225,1,1,0.294866159058144,NA,1,1,0.263750515369779,NA,1,1,0.289369923388245,0.285893585402151
"S3",10000,1,0.3,0,1,1,0.450854973923181,0.00221916184922143,1,1,0.299403525102998,NA,1,1,0.273210010377575,NA,1,1,0.300469453013437,-0.0117875868008285
"S1",10000,0,0,0,1,1,0.158049153746367,0.00207056690538059,0.46774353632592,0,0.00855378215165102,NA,0.0338112542578343,0,0.000155205525397156,NA,0.0650555555555556,0,0.00117023129524406,0.000243118736708455
"S2",10000,1,0.3,0.3,1,1,0.449321797724346,0.296697897519942,1,1,0.312730573752884,NA,1,1,0.280667243397784,NA,1,1,0.323155707472514,0.295098232883546
"S3",10000,1,0.3,0,1,1,0.461722832471635,-0.00138381816153162,1,1,0.301590751540614,NA,1,1,0.280702257070858,NA,1,1,0.300361266196467,-0.00851510923903399
"S1",10000,0,0,0,1,1,0.147877429772948,0.000139348827957672,0.290929162854665,0,0.00506929854580469,NA,0.0366073195129588,0,0.000282914574673016,NA,0.101666666666667,0,-0.00024023531421624,-0.00148866506666113
"S2",10000,1,0.3,0.3,1,1,0.449144526440439,0.304578424617434,1,1,0.313509090019597,NA,1,1,0.282149066998133,NA,1,1,0.313173998066373,0.31849214005494
"S3",10000,1,0.3,0,1,1,0.463372583969025,-0.00134664930940645,1,1,0.312018149734537,NA,1,1,0.279944724821345,NA,1,1,0.311351147355707,0.0150123816103773
"S1",10000,0,0,0,1,1,0.152536319685542,0.00365606047602887,0.568463671639337,0,0.0107242410503525,NA,0.048798164482595,0,0.000681787863940737,NA,0.049,0,0.00074206117208793,-0.000227336860209399
"S2",10000,1,0.3,0.3,1,1,0.468408853911568,0.297392594658207,1,1,0.29399026472338,NA,1,1,0.269354874238501,NA,1,1,0.289889092467729,0.299065385592663
"S3",10000,1,0.3,0,1,1,0.445188214607887,-0.00382611578491008,1,1,0.288625825143038,NA,1,1,0.264634588910226,NA,1,1,0.299911934455337,-0.00267318214616594
"S1",10000,0,0,0,1,1,0.163629377729838,0.00491239540649141,0.817094923420487,0,0.0180734698226782,NA,0.0440911836267321,0,0.000530565893301402,NA,0.2025,0,0.00537461419982499,-0.000229696270950194
"S2",10000,1,0.3,0.3,1,1,0.441629525724407,0.296843677707268,1,1,0.289290552811597,NA,1,1,0.267493151979126,NA,1,1,0.2881766698524,0.284611593769753
"S3",10000,1,0.3,0,1,1,0.456502515699781,0.0033630624776511,1,1,0.304734015938763,NA,1,1,0.277835159681196,NA,1,1,0.300384536248995,0.00377467292749101
"S1",10000,0,0,0,1,1,0.154999576909084,-0.00227602471274091,0.779112156465637,0,0.0162970461148801,NA,0.0819823606744042,0,0.00171088304690856,NA,0.0922222222222222,0,0.00204338414571674,-0.000617161915176733
"S2",10000,1,0.3,0.3,1,1,0.451328428218856,0.299959011653839,1,1,0.297706509242918,NA,1,1,0.27141047130498,NA,1,1,0.305825862263273,0.284321898767062
"S3",10000,1,0.3,0,1,1,0.456398445332872,-0.00254938051156655,1,1,0.289060074751975,NA,1,1,0.268078440677203,NA,1,1,0.285604659858688,-0.00258049629046939
"S1",10000,0,0,0,1,1,0.158366055142391,-0.00291625094362051,0.408000956524227,0,0.00736429856827086,NA,0.0375294397555834,0,0.000316232076306138,NA,0.0705555555555556,0,0.00116311815393092,-0.000615885416594134
"S2",10000,1,0.3,0.3,1,1,0.455249504067993,0.298101411906929,1,1,0.330970155427746,NA,1,1,0.302872672391545,NA,1,1,0.327491279271351,0.305659624477602
"S3",10000,1,0.3,0,1,1,0.451164099441929,-0.00119511745105991,1,1,0.301030327754947,NA,1,1,0.276271224797983,NA,1,1,0.299004255355855,0.00140553122113485
"S1",10000,0,0,0,1,1,0.165979664230719,-0.000688599737077786,0.927682099923733,0,0.0245296636278286,NA,0.0744591969647452,0,0.00151843171189004,NA,0.112722222222222,0,0.00250983111301534,0.000539406958865299
"S2",10000,1,0.3,0.3,1,1,0.445598049412721,0.301332323159128,1,1,0.290591189200808,NA,1,1,0.261788920712893,NA,1,1,0.273918178131625,0.320118846699922
"S3",10000,1,0.3,0,1,1,0.454651231124317,-0.000340196223514118,1,1,0.297104420417777,NA,1,1,0.270855661865346,NA,1,1,0.293186019747155,0.0104717499827239
"S1",10000,0,0,0,1,1,0.146751860816529,-0.0010790552819983,0.567539043153543,0,-0.0108887667890798,NA,0.0384220775068699,0,-0.000358859576903144,NA,0.0644444444444444,0,-0.000848382273145252,-0.000473658771011826
"S2",10000,1,0.3,0.3,1,1,0.456524126668818,0.304081682204836,1,1,0.285156531003874,NA,1,1,0.255238396346271,NA,1,1,0.287080670205493,0.298189379439407
"S3",10000,1,0.3,0,1,1,0.449159075210727,0.00660376039143467,1,1,0.29068222793545,NA,1,1,0.259939554386492,NA,1,1,0.292015569760705,-0.0179362396272552
"S1",10000,0,0,0,1,1,0.140202220696809,0.00160478004665278,0.101015561796363,0,0.00170805712666257,NA,0.0411295852145374,0,0.000428041204383152,NA,0.047,0,0.000238901302003307,-0.00028688719540937
"S2",10000,1,0.3,0.3,1,1,0.438278567720529,0.300592725597855,1,1,0.313255223451313,NA,1,1,0.276352573198428,NA,1,1,0.323078221978759,0.299224854647472
"S3",10000,1,0.3,0,1,1,0.441615853684407,-0.00243024150229073,1,1,0.286567203683221,NA,1,1,0.261843857177895,NA,1,1,0.283759717922549,0.0109185778849855
"S1",10000,0,0,0,1,1,0.143366660113745,0.00331843133940758,0.600345115327358,0,-0.011631897215011,NA,0.0492796790589753,0,-0.000718503579530697,NA,0.0678888888888889,0,-0.000974026967613373,-0.000610976010268313
"S2",10000,1,0.3,0.3,1,1,0.45222911237544,0.298944014741619,1,1,0.299203134591743,NA,1,1,0.280377488178076,NA,1,1,0.29722020861245,0.305459268408347
"S3",10000,1,0.3,0,1,1,0.449455457186147,0.00534237617718609,1,1,0.313465698469978,NA,1,1,0.285672728116053,NA,1,1,0.316327184241918,0.0070857625880157
"S1",10000,0,0,0,1,1,0.145179307168061,-0.00159193517659486,0.236077414039852,0,0.00416449357553475,NA,0.0398309730736618,0,0.00040539314263138,NA,0.041,0,0.000273057706664333,0.000174954734448332
"S2",10000,1,0.3,0.3,1,1,0.45801943720025,0.303060216973014,1,1,0.32343173370235,NA,1,1,0.293424662395337,NA,1,1,0.320789608885175,0.303844368692629
"S3",10000,1,0.3,0,1,1,0.448233784976757,-0.00340661743261235,1,1,0.299673669509131,NA,1,1,0.27632779686169,NA,1,1,0.301634414873374,0.00752562781413441
"S1",10000,0,0,0,1,1,0.152745668024922,0.0031234547313748,0.0461710274318028,0,0.000794447066830151,NA,0.0325380766500896,0,-4.44985759135825e-05,NA,0.0493333333333333,0,0.000344762169907635,0.000703513089009884
"S2",10000,1,0.3,0.3,1,1,0.454049683085534,0.29778911540115,1,1,0.311145460360484,NA,1,1,0.285314435814356,NA,1,1,0.312187553294699,0.324103270883632
"S3",10000,1,0.3,0,1,1,0.458456098608254,0.00618198725696971,1,1,0.311480451533475,NA,1,1,0.285344911310497,NA,1,1,0.317763225608125,0.00663787438816901
"S1",10000,0,0,0,1,1,0.144831055031107,0.00557794431122957,0.566222957514598,0,-0.0104429820439851,NA,0.034664182536066,0,-0.00019150918571656,NA,0.0588888888888889,0,-0.000431693431793295,0.000802403923089063
"S2",10000,1,0.3,0.3,1,1,0.450824088601823,0.301836438266993,1,1,0.292722942422663,NA,1,1,0.264917168617891,NA,1,1,0.291695715615869,0.290521202428737
"S3",10000,1,0.3,0,1,1,0.449485097554375,0.00165541910142481,1,1,0.291799740900665,NA,1,1,0.271990956383893,NA,1,1,0.294591656250187,-0.00107428457015052
"S1",10000,0,0,0,1,1,0.155405300628357,0.00250355777330706,0.543606375240837,0,-0.0104235609624803,NA,0.0342266100171445,0,-0.000180303305450424,NA,0.144,0,-0.00191218580318393,0.00230423001258001
"S2",10000,1,0.3,0.3,1,1,0.440511233106473,0.305091355074826,1,1,0.295567493222967,NA,1,1,0.26698379630983,NA,1,1,0.29097348279609,0.293478470854892
"S3",10000,1,0.3,0,1,1,0.450937186073005,0.00105907642525575,1,1,0.301684794682103,NA,1,1,0.276902084172253,NA,1,1,0.307831232593849,0.0115380987773392
"S1",10000,0,0,0,1,1,0.160555135103294,0.00361118450121991,0.180554410178915,0,-0.00327591113946774,NA,0.0351780877884097,0,-0.000238079799477787,NA,0.0393888888888889,0,-3.41187647555244e-05,0.00037458135222638
"S2",10000,1,0.3,0.3,1,1,0.44170767095388,0.296975836178162,1,1,0.274691802449989,NA,1,1,0.250531024471133,NA,1,1,0.281674619333563,0.304067747145754
"S3",10000,1,0.3,0,1,1,0.45018904999675,0.000560235607597334,1,1,0.300628874959669,NA,1,1,0.27672401744336,NA,1,1,0.29286453330369,0.0236654417913988
"S1",10000,0,0,0,1,1,0.153648350806299,-0.00108440037921174,0.298398192483811,0,0.00518838291915234,NA,0.0324616782491899,0,2.69303819525371e-05,NA,0.042,0,0.000322955044585202,-0.000469049729060552
"S2",10000,1,0.3,0.3,1,1,0.464968578247026,0.303726466846701,1,1,0.303297562856365,NA,1,1,0.273582766799182,NA,1,1,0.296911688739668,0.279017237917712
"S3",10000,1,0.3,0,1,1,0.45171406379497,-0.00220197856175531,1,1,0.294789971860467,NA,1,1,0.267691129569214,NA,1,1,0.30353863816614,0.000838721451307462
"S1",10000,0,0,0,1,1,0.159857316469453,-0.0116208130903893,0.461092827728254,0,0.00848246347769076,NA,0.0350114630018166,0,0.000219353818408861,NA,0.0423333333333333,0,0.000193814359538159,0.000249944898957656
"S2",10000,1,0.3,0.3,1,1,0.452683060869274,0.294323984302262,1,1,0.298361561514453,NA,1,1,0.273151924161413,NA,1,1,0.301618746782837,0.294449059065904
"S3",10000,1,0.3,0,1,1,0.455724093673899,-0.00124850140564749,1,1,0.31307795240174,NA,1,1,0.278153946681387,NA,1,1,0.305527108389284,0.00769726318958686
"S1",10000,0,0,0,1,1,0.156376191156094,-0.00295915488104119,0.00436662458258907,0,-7.59751035297035e-05,NA,0.0338477404091148,0,0.000156997027330254,NA,0.0296111111111111,0,-0.000133207112430243,-0.000227333839777104
"S2",10000,1,0.3,0.3,1,1,0.459255712297047,0.296057450549533,1,1,0.311799942727158,NA,1,1,0.283721401822676,NA,1,1,0.307476697983621,0.299900034749513
"S3",10000,1,0.3,0,1,1,0.449693077840816,0.00526231620496996,1,1,0.303854512098816,NA,1,1,0.275699619654253,NA,1,1,0.305199511678854,0.0253610610704182
"S1",10000,0,0,0,1,1,0.1383196438606,0.000834012172779163,0.582503871733952,0,-0.010926100387835,NA,0.0451896896257196,0,-0.00056912482213684,NA,0.108777777777778,0,-0.00189575153772477,0.00126505180229338
"S2",10000,1,0.3,0.3,1,1,0.439530267854537,0.295394700049201,1,1,0.279911220146827,NA,1,1,0.259964624762237,NA,1,1,0.286687509520844,0.307458328281502
"S3",10000,1,0.3,0,1,1,0.446762891145338,-0.000551792467190029,1,1,0.300131003894257,NA,1,1,0.274779629167418,NA,1,1,0.298305357135668,-0.00136942341100971
"S1",10000,0,0,0,1,1,0.150079654680681,0.000318372563102594,0.195317529125196,0,0.00331701183990064,NA,0.0325421051504682,0,4.47795478285626e-05,NA,0.566166666666667,1,0.00568618044634278,-0.0146524050682613
"S2",10000,1,0.3,0.3,1,1,0.45246593619221,0.306103397123179,1,1,0.286871635534432,NA,1,1,0.252513385048527,NA,1,1,0.276624939557765,0.297657179714017
"S3",10000,1,0.3,0,1,1,0.452228448682136,-0.00366653549634202,1,1,0.296885475920726,NA,1,1,0.265255983297693,NA,1,1,0.290822867987252,-0.0161214206003879
"S1",10000,0,0,0,1,1,0.155158866883316,-0.000544472197342042,0.61157697632201,0,0.01176291901067,NA,0.0357009649823884,0,0.000242618880221724,NA,0.0346666666666667,0,0.00034192951066702,0.000243809049479968
"S2",10000,1,0.3,0.3,1,1,0.456214192282012,0.298217240193833,1,1,0.326590012819228,NA,1,1,0.300798631113963,NA,1,1,0.332219267670522,0.298403314163988
"S3",10000,1,0.3,0,1,1,0.434175422559581,-0.00277655369070627,1,1,0.29078935962479,NA,1,1,0.270200228116307,NA,1,1,0.292756374169992,0.00153198345210108
"S1",10000,0,0,0,1,1,0.148483853943021,0.00568320839131189,0.293584378536106,0,-0.00518642351384333,NA,0.0329296547500004,0,-9.10920607428794e-05,NA,0.192222222222222,0,-0.00375540825655971,0.00321844595107658
"S2",10000,1,0.3,0.3,1,1,0.458605268267457,0.303090989655813,1,1,0.314111553077214,NA,1,1,0.290309500405019,NA,1,1,0.33431610112888,0.280912717812428
"S3",10000,1,0.3,0,1,1,0.455060835781658,0.00350481682493672,1,1,0.30739730520949,NA,1,1,0.278419842769645,NA,1,1,0.30300740554162,-0.0128068302703324
"S1",10000,0,0,0,1,1,0.166369196407678,0.00160884790864492,0.528255659621385,0,0.0100102759647527,NA,0.037189254100468,0,0.000312091914261842,NA,0.940777777777778,1,0.0213859050914043,0.0271422308463171
"S2",10000,1,0.3,0.3,1,1,0.435554211201847,0.300118215120682,1,1,0.292802011665714,NA,1,1,0.27060958133789,NA,1,1,0.295451514336185,0.300850635743819
"S3",10000,1,0.3,0,1,1,0.448742560071987,0.00249868143054921,1,1,0.292265804675348,NA,1,1,0.268194643224419,NA,1,1,0.286790485228771,-0.00609948591415617
"S1",10000,0,0,0,1,1,0.149874676296423,2.83690426065827e-05,0.0986239566781972,0,-0.00169015558232872,NA,0.0326092240541396,0,-5.55591090439125e-05,NA,0.0328888888888889,0,4.2760847640646e-05,0.000210414908788132
"S2",10000,1,0.3,0.3,1,1,0.459510978108759,0.295033246405515,1,1,0.330869543955608,NA,1,1,0.298355416548665,NA,1,1,0.328079161603124,0.311760630560908
"S3",10000,1,0.3,0,1,1,0.440432605586922,-0.00338384229455833,1,1,0.295459572589578,NA,1,1,0.272875790493223,NA,1,1,0.30500517173255,-0.00496098801829407
"S1",10000,0,0,0,1,1,0.148095342972666,0.00272678552147251,0.264921519749515,0,-0.00466545817830747,NA,0.0327477634911523,0,-7.43300606925093e-05,NA,0.0485555555555556,0,-6.46411294077828e-05,0.000512320900971508
"S2",10000,1,0.3,0.3,1,1,0.45092556263162,0.306373028539456,1,1,0.27399105905763,NA,1,1,0.247435466843664,NA,1,1,0.271973496618793,0.293654816596719
"S3",10000,1,0.3,0,1,1,0.465878488288368,-0.00280781717689581,1,1,0.315976339749424,NA,1,1,0.285706892151426,NA,1,1,0.3240141850818,-0.0138752687824613
"S1",10000,0,0,0,1,1,0.149295914571659,-0.00386399096988246,0.321013925216064,0,-0.0056280432450853,NA,0.0324217023030654,0,9.95747262015027e-06,NA,0.0333888888888889,0,9.57490695830313e-05,-4.27858662340758e-05
"S2",10000,1,0.3,0.3,1,1,0.444217927735044,0.299685016066274,1,1,0.298963818536276,NA,1,1,0.268146602987258,NA,1,1,0.310047854573647,0.309113126999283
"S3",10000,1,0.3,0,1,1,0.45482634829388,0.00244726395217178,1,1,0.307742604823518,NA,1,1,0.284019700365521,NA,1,1,0.317410175860131,-0.0251815365967147
"S1",10000,0,0,0,1,1,0.152660595289038,0.00547750920933489,0.563533809691497,0,0.0103315534505033,NA,0.0456318078986868,0,0.000565656542488752,NA,0.0998333333333333,0,0.00155981484576948,-0.00146488610801935
"S2",10000,1,0.3,0.3,1,1,0.45734757944177,0.302091306553279,1,1,0.280195243732958,NA,1,1,0.248499227615627,NA,1,1,0.276874001984881,0.295100198525718
"S3",10000,1,0.3,0,1,1,0.457079392511059,0.00351563403492521,1,1,0.30129481175227,NA,1,1,0.276382874015439,NA,1,1,0.30627591371669,0.00241292739712754
"S1",10000,0,0,0,1,1,0.143040078475022,0.00438161383098901,0.395722403100452,0,-0.00701458224447554,NA,0.0344724021675689,0,-0.000185394745317884,NA,0.157388888888889,0,-0.000757565207627956,0.0029631456826868
"S2",10000,1,0.3,0.3,1,1,0.43868652499955,0.29014560707879,1,1,0.311786460275347,NA,1,1,0.292115892985857,NA,1,1,0.313115329273138,0.281895044847007
"S3",10000,1,0.3,0,1,1,0.461256747441836,0.000657444085387666,1,1,0.307021048334086,NA,1,1,0.275247651685245,NA,1,1,0.313295156336837,0.00355215788350674
"S1",10000,0,0,0,1,1,0.141442413596369,-0.00431339015779578,0.350791615906916,0,-0.00613991712184961,NA,0.0324159828201356,0,3.20993415975482e-06,NA,0.0475,0,-0.000181231370796837,-0.00038707234904044
"S2",10000,1,0.3,0.3,1,1,0.43286983488607,0.298514265960713,1,1,0.30708943449619,NA,1,1,0.282203810586831,NA,1,1,0.289158443065446,0.291513545130199
"S3",10000,1,0.3,0,1,1,0.452648197894263,0.00491892308152567,1,1,0.306352765241436,NA,1,1,0.275071395929576,NA,1,1,0.311258828543671,0.00609999369389246
"S1",10000,0,0,0,1,1,0.160251638405368,0.000203164293850468,0.275717086117272,0,0.00491034491100326,NA,0.0325476976926169,0,4.69963149773214e-05,NA,0.0533333333333333,0,-1.84526540196543e-05,-0.000524555334388784
"S2",10000,1,0.3,0.3,1,1,0.43777849337267,0.307715755838719,1,1,0.296612321314252,NA,1,1,0.276625089521858,NA,1,1,0.301212658615668,0.316072182314082
"S3",10000,1,0.3,0,1,1,0.452649763361339,-0.00269310659320273,1,1,0.298874681757076,NA,1,1,0.261684492851574,NA,1,1,0.293097017272751,-0.00330211445572598
"S1",10000,0,0,0,1,1,0.153341862348901,-0.0031452334153863,0.591690148948522,0,0.0111583236023016,NA,0.0383134960982744,0,0.000337907486654151,NA,0.124444444444444,0,0.0025180458979595,-0.00126599636459655
"S2",10000,1,0.3,0.3,1,1,0.450635346635472,0.297178490888539,1,1,0.313537765582993,NA,1,1,0.283721318365319,NA,1,1,0.315703889642089,0.31479048470825
"S3",10000,1,0.3,0,1,1,0.45606182210924,-0.00173898132134371,1,1,0.291835866437522,NA,1,1,0.268643428389928,NA,1,1,0.292012103313572,0.00373533536776079
"S1",10000,0,0,0,1,1,0.144248090449748,0.00304189831770562,0.337143588656558,0,-0.00591702362479678,NA,0.0368128449512361,0,-0.000287197217083741,NA,0.0942222222222222,0,-0.000391645961496064,0.00155948577359199
"S2",10000,1,0.3,0.3,1,1,0.441439026537821,0.302641492741321,1,1,0.28606621255647,NA,1,1,0.26320218600794,NA,1,1,0.271422432991228,0.30422801292348
"S3",10000,1,0.3,0,1,1,0.459580310359142,-0.00486038732585691,1,1,0.299363762324878,NA,1,1,0.266096100386598,NA,1,1,0.296614052189659,-0.0163463123358087
"S1",10000,0,0,0,1,1,0.148471237214535,0.00427235970964778,0.302857020647474,0,-0.00537262524502028,NA,0.0350669459303026,0,-0.000218893165559586,NA,0.0302777777777778,0,4.76024869461488e-05,6.39151598007489e-05
"S2",10000,1,0.3,0.3,1,1,0.456141652454646,0.297037967351524,1,1,0.308132714684909,NA,1,1,0.278082624939739,NA,1,1,0.304612135723681,0.290209611563388
"S3",10000,1,0.3,0,1,1,0.445033642636342,-0.0014027210478462,1,1,0.280685585905424,NA,1,1,0.256928961327029,NA,1,1,0.269107768691369,-0.0119015714333327
"S1",10000,0,0,0,1,1,0.149755798950078,-0.00722712700468763,0.667178027851018,0,0.0133362065564877,NA,0.0607010250551538,0,0.00107467586212114,NA,0.0504444444444444,0,0.000861651824605029,0.000152122803714278
"S2",10000,1,0.3,0.3,1,1,0.449463488643742,0.30444240169112,1,1,0.315889709416911,NA,1,1,0.284443337060891,NA,1,1,0.305928139683746,0.302975502166735
"S3",10000,1,0.3,0,1,1,0.442427920718552,0.0023561865490895,1,1,0.302056965696241,NA,1,1,0.272988424593774,NA,1,1,0.315757270854563,0.0297327168184976
"S1",10000,0,0,0,1,1,0.145570055557887,-0.00270642948476662,0.340246605452105,0,-0.00630409048484693,NA,0.0362571538543279,0,-0.000280054069310385,NA,0.0347222222222222,0,-0.000237218034271199,-0.00021312190668428
"S2",10000,1,0.3,0.3,1,1,0.451339252381524,0.296898023671613,1,1,0.279418373383559,NA,1,1,0.253664470984394,NA,1,1,0.282592389383895,0.283782875731195
"S3",10000,1,0.3,0,1,1,0.461280075058093,0.00759597416944137,1,1,0.307011095565247,NA,1,1,0.273112149193044,NA,1,1,0.306555322834359,-0.00704265504125574
"S1",10000,0,0,0,1,1,0.15744233957091,-0.00038175521072476,0.517291648882048,0,0.00963861556235743,NA,0.0391544108364105,0,0.000381332109104934,NA,0.0713888888888889,0,0.000842223556340025,0.000280149249361828
"S2",10000,1,0.3,0.3,1,1,0.450235223494865,0.302456536469101,1,1,0.300355077116585,NA,1,1,0.273103886772173,NA,1,1,0.310473365190752,0.293476788240952
"S3",10000,1,0.3,0,1,1,0.445067457730006,0.000954545795025356,1,1,0.314967764918925,NA,1,1,0.28552197194721,NA,1,1,0.323757036184661,-0.0117896271374707
"S1",10000,0,0,0,1,1,0.144763605491923,-0.00205621246685418,0.469587283125446,0,-0.0086548154977753,NA,0.038772574969091,0,-0.000367199259223679,NA,0.163333333333333,0,-0.00109945061689895,-0.00291710746392169
"S2",10000,1,0.3,0.3,1,1,0.430852243343069,0.301851036884587,1,1,0.265948613067897,NA,1,1,0.236446106859258,NA,1,1,0.282773117870318,0.304551981406381
"S3",10000,1,0.3,0,1,1,0.46258060264827,0.00114389694811088,1,1,0.299847481440611,NA,1,1,0.271302822511317,NA,1,1,0.295987903332812,-0.0188862755250658
"S1",10000,0,0,0,1,1,0.155180312710181,0.00082770357627741,0.407333362496845,0,0.00728367264600427,NA,0.0369450724128869,0,0.000296122296378016,NA,0.064,0,0.000751759900697265,0.000244259886861249
"S2",10000,1,0.3,0.3,1,1,0.445685792166776,0.306995310025495,1,1,0.30079210542481,NA,1,1,0.275298795479536,NA,1,1,0.301880927361787,0.321347351609761
"S3",10000,1,0.3,0,1,1,0.4491522778164,-0.00156778291012178,1,1,0.286330740389886,NA,1,1,0.264918734625315,NA,1,1,0.271010141691116,0.00448975829838005
"S1",10000,0,0,0,1,1,0.15136138127282,0.00557810227821076,0.120888474138312,0,0.00207675877217157,NA,0.0372586220047652,0,0.000302752960054519,NA,0.0537777777777778,0,0.000197115673219059,0.000588090703259311
"S2",10000,1,0.3,0.3,1,1,0.449227210264266,0.297191188214942,1,1,0.301683678061911,NA,1,1,0.269741433405917,NA,1,1,0.296419451717748,0.29220534942036
"S3",10000,1,0.3,0,1,1,0.442014836879162,-0.00134560197710208,1,1,0.305018481875434,NA,1,1,0.277980339548056,NA,1,1,0.301735597794048,0.0224911477167639
"S1",10000,0,0,0,1,1,0.143329667847178,0.00210968125265061,0.363465295291014,0,-0.00659702993941026,NA,0.0344659541047965,0,-0.000194348591487565,NA,0.0422222222222222,0,-0.000330113613615681,0.000220150142060758
"S2",10000,1,0.3,0.3,1,1,0.452505865611233,0.303615836380266,1,1,0.327328771499788,NA,1,1,0.298097018275269,NA,1,1,0.32714811993397,0.324210380631675
"S3",10000,1,0.3,0,1,1,0.433181820563873,0.00171945485096822,1,1,0.2948033077689,NA,1,1,0.276275532203101,NA,1,1,0.285923791405992,-0.00482970181862639
"S1",10000,0,0,0,1,1,0.147772057245931,0.00420777838425328,0.0946249561047193,0,-0.00162568368843099,NA,0.0327505094383674,0,7.26675411226632e-05,NA,0.0261666666666667,0,-3.3986155556252e-05,0.000100648264544673
"S2",10000,1,0.3,0.3,1,1,0.452113316720803,0.296378562322044,1,1,0.297640820655374,NA,1,1,0.26550422108843,NA,1,1,0.313766424840544,0.28305288998279
"S3",10000,1,0.3,0,1,1,0.441664970171336,0.00380838427008771,1,1,0.285452465600722,NA,1,1,0.255400135200716,NA,1,1,0.280489206498735,0.00710717842812651
"S1",10000,0,0,0,1,1,0.155129790761475,0.00290046034424456,0.451088960272654,0,0.00827243966022626,NA,0.0336139693249399,0,0.000142895760928988,NA,0.0362222222222222,0,0.000607539196406026,0.000111569602445909
"S2",10000,1,0.3,0.3,1,1,0.447714165754726,0.310312294796241,1,1,0.30683406473568,NA,1,1,0.282768700292094,NA,1,1,0.318600021346191,0.321052114956388
"S3",10000,1,0.3,0,1,1,0.448680303126988,0.00427024463715458,1,1,0.297286741715953,NA,1,1,0.272556985894822,NA,1,1,0.301662012772534,0.0215883062379916
"S1",10000,0,0,0,1,1,0.140022437051179,-2.85232962706977e-05,0.245792910891493,0,-0.00418438465080521,NA,0.0327612400647648,0,-7.22834442982708e-05,NA,0.0259444444444444,0,2.22847945342173e-05,-8.69621085755658e-05
"S2",10000,1,0.3,0.3,1,1,0.452923217999795,0.299637382450984,1,1,0.302376235015627,NA,1,1,0.273417688834518,NA,1,1,0.307527499977445,0.298212656839075
"S3",10000,1,0.3,0,1,1,0.458600743784925,0.00182559827873627,1,1,0.329138298099276,NA,1,1,0.306209058275515,NA,1,1,0.34314574999551,0.0112980714757079
"S1",10000,0,0,0,1,1,0.145521097037307,0.00586678864906326,0.639341228627951,0,-0.0127512122131013,NA,0.0331450892046926,0,-0.000110629061494729,NA,0.0872222222222222,0,-0.00103303193700475,-0.00118408203557143
"S2",10000,1,0.3,0.3,1,1,0.459734801807053,0.296237999398678,1,1,0.317145978010361,NA,1,1,0.292300213603723,NA,1,1,0.315317108696167,0.291780102040879
"S3",10000,1,0.3,0,1,1,0.456641064051854,-0.000520188500294448,1,1,0.300505769955455,NA,1,1,0.275515559016086,NA,1,1,0.308519172439892,0.00462831034344029
"S1",10000,0,0,0,1,1,0.152934765748143,-0.0105571060373141,0.945460411370882,0,0.0258851645321006,NA,0.119123757036492,0,0.00303985854736711,NA,0.316,0,0.0107396415561158,-0.00271564717611098
"S2",10000,1,0.3,0.3,1,1,0.436965005263435,0.294846836915573,1,1,0.292345918231339,NA,1,1,0.264273852222148,NA,1,1,0.310108206469305,0.30193941548913
"S3",10000,1,0.3,0,1,1,0.450518510082191,-0.0105584566785677,1,1,0.298277725610048,NA,1,1,0.276621380038262,NA,1,1,0.296143867235303,-0.00508764105139089
"S1",10000,0,0,0,1,1,0.15395583070515,0.000269474472723562,0.405016493179647,0,0.0073063944361562,NA,0.042912393325519,0,0.000505203304916373,NA,0.0620555555555556,0,0.000821746561973312,-0.000583893960809684
"S2",10000,1,0.3,0.3,1,1,0.44541270244078,0.297848550613858,1,1,0.297957667972543,NA,1,1,0.270194768209615,NA,1,1,0.281685379394369,0.299252090906932
"S3",10000,1,0.3,0,1,1,0.433906123701975,0.00190471018552846,1,1,0.291495374789645,NA,1,1,0.259144513570819,NA,1,1,0.298091739825975,-0.0021058628248055
"S1",10000,0,0,0,1,1,0.135331791690104,-0.00168121462715984,0.597666365753321,0,-0.0113197700627954,NA,0.0334716461683789,0,-0.000130200879847583,NA,0.807388888888889,1,-0.0181032292968941,-0.021884655411807
"S2",10000,1,0.3,0.3,1,1,0.433589854147426,0.297862422620621,1,1,0.280585121046011,NA,1,1,0.257991674090793,NA,1,1,0.288158414787769,0.304489094297461
"S3",10000,1,0.3,0,1,1,0.451060684822104,-0.00560418018731546,1,1,0.302675752174543,NA,1,1,0.276191848320689,NA,1,1,0.304861356503958,0.00169897002657028
"S1",10000,0,0,0,1,1,0.136873182839526,0.00522651142920048,0.682508864120129,0,-0.0135378206385647,NA,0.035704496275004,0,-0.000239730531250732,NA,0.0631111111111111,0,-0.00125094112145625,0.000424369477987468
"S2",10000,1,0.3,0.3,1,1,0.451866794684478,0.305404885302538,1,1,0.297089141512788,NA,1,1,0.267094377093611,NA,1,1,0.295789378563932,0.311964421759261
"S3",10000,1,0.3,0,1,1,0.451989004605992,-9.65463749898244e-05,1,1,0.295783550339341,NA,1,1,0.272382639698982,NA,1,1,0.291336501967119,0.00338213015365401
"S1",10000,0,0,0,1,1,0.162094905194071,-0.0055002387735752,0.127499294356213,0,0.0022252695234474,NA,0.0325383210686041,0,4.45921315925762e-05,NA,0.0313333333333333,0,-6.65993056596465e-05,-0.000228099426751455
"S2",10000,1,0.3,0.3,1,1,0.439043674903734,0.298760988546822,1,1,0.283390746618831,NA,1,1,0.256798723706573,NA,1,1,0.292970454711569,0.27574189331402
"S3",10000,1,0.3,0,1,1,0.438825941311061,-0.000574849090405434,1,1,0.289823825176134,NA,1,1,0.264906341298504,NA,1,1,0.291519403113755,0.00404421002165689
"S1",10000,0,0,0,1,1,0.149646234879822,-0.000666660373619646,0.774103828807371,0,-0.016750131075699,NA,0.0511000439258889,0,-0.000774013195641015,NA,0.137111111111111,0,-0.0019866595039423,-0.00232263140316716
"S2",10000,1,0.3,0.3,1,1,0.461954379840647,0.299580956230862,1,1,0.331089543705857,NA,1,1,0.298525881214615,NA,1,1,0.317636186027464,0.292527277572432
"S3",10000,1,0.3,0,1,1,0.459518462806806,-0.000499037097135928,1,1,0.299552567274698,NA,1,1,0.270356495031675,NA,1,1,0.300426200990717,-0.0101030820078148
"S1",10000,0,0,0,1,1,0.158949302387373,0.00088565724177353,0.3375221985409,0,0.0059525245561944,NA,0.0325001936077462,0,3.66800056617801e-05,NA,0.0683333333333333,0,0.000918468693732524,0.000145153384701153
"S2",10000,1,0.3,0.3,1,1,0.46096141175621,0.297683137905857,1,1,0.312750579516468,NA,1,1,0.284979761635828,NA,1,1,0.33006956989877,0.313609838291578
"S3",10000,1,0.3,0,1,1,0.465202905598585,0.00101603251795976,1,1,0.303379613817069,NA,1,1,0.279961865936165,NA,1,1,0.301840063226098,-0.00860058612246353
"S1",10000,0,0,0,1,1,0.149701060456237,-0.00423012152004762,0.374078971013464,0,-0.00664929095740969,NA,0.0327997413601294,0,7.79059985579952e-05,NA,0.0624444444444444,0,-0.000485482783850166,-0.00068908338778583
"S2",10000,1,0.3,0.3,1,1,0.454358702810661,0.296118585672094,1,1,0.295733292886947,NA,1,1,0.268544966705802,NA,1,1,0.300945947314658,0.298068790087831
"S3",10000,1,0.3,0,1,1,0.446644759487598,0.00481054105851134,1,1,0.3047546865092,NA,1,1,0.283664369808963,NA,1,1,0.310187006031022,0.00814811330277954
"S1",10000,0,0,0,1,1,0.150444297842841,-0.000994257840964791,0.565529428592936,0,0.0104714174368114,NA,0.0429085042430074,0,0.000496247774308796,NA,0.0655,0,0.00084652411014149,0.000621986391807992
"S2",10000,1,0.3,0.3,1,1,0.446864755667342,0.299658450560983,1,1,0.314235331456602,NA,1,1,0.286306201428446,NA,1,1,0.318963644049755,0.306044470419356
"S3",10000,1,0.3,0,1,1,0.452975918210706,-0.00295639879949143,1,1,0.307718151894588,NA,1,1,0.280868230345698,NA,1,1,0.315974192227481,0.00737498153084868
"S1",10000,0,0,0,1,1,0.159083080643102,0.000143692930841668,0.945171426407739,0,0.026212818701523,NA,0.086031932774613,0,0.00189067578464354,NA,0.408833333333333,0,0.013900564245949,-0.000652368878956475
"S2",10000,1,0.3,0.3,1,1,0.453653423837549,0.292700613362083,1,1,0.31035957058814,NA,1,1,0.28015262131398,NA,1,1,0.310719443965171,0.304376641173998
"S3",10000,1,0.3,0,1,1,0.461881468546312,-0.000222672949233825,1,1,0.312168957157712,NA,1,1,0.283253066082025,NA,1,1,0.314771361538812,-0.007628720273715
"S1",10000,0,0,0,1,1,0.153911133967437,0.00387438813145453,0.405219726838325,0,-0.00718676921710719,NA,0.0325607958277601,0,-4.73689882907663e-05,NA,0.0521111111111111,0,-3.50198390002491e-05,0.00016787460793835
"S2",10000,1,0.3,0.3,1,1,0.454608789879363,0.301165815417698,1,1,0.296852460551764,NA,1,1,0.274317797380892,NA,1,1,0.313749076041051,0.286946601914601
"S3",10000,1,0.3,0,1,1,0.444951343656248,-0.00394983061703632,1,1,0.306277584882347,NA,1,1,0.27872025105801,NA,1,1,0.304014971990821,-0.0216654134147356
"S1",10000,0,0,0,1,1,0.154410248039138,0.00475255461794633,0.55524176749811,0,0.0102372863450889,NA,0.0345665774477416,0,0.000191398319706272,NA,0.114166666666667,0,0.0021292830646072,0.00087724607359085
"S2",10000,1,0.3,0.3,1,1,0.452882451143369,0.295855849177615,1,1,0.317231945667111,NA,1,1,0.292951812447505,NA,1,1,0.325980834839754,0.308373320381719
"S3",10000,1,0.3,0,1,1,0.449545465001061,0.000703615922336487,1,1,0.300829163067644,NA,1,1,0.275727851152729,NA,1,1,0.303853537825561,0.00616971092024016
"S1",10000,0,0,0,1,1,0.148105363891629,-0.00177452837436599,0.8981303802223,0,-0.0226742479564302,NA,0.0435245690001927,0,-0.000529817737744546,NA,0.0761666666666667,0,-0.00172019582680269,0.000392753402812676
"S2",10000,1,0.3,0.3,1,1,0.44077357028934,0.296256703144675,1,1,0.289597031392212,NA,1,1,0.263874095026917,NA,1,1,0.295817738507875,0.294366934003224
"S3",10000,1,0.3,0,1,1,0.451847671493989,-0.00378436381574618,1,1,0.311283080308787,NA,1,1,0.282938807029605,NA,1,1,0.314151418148574,-0.00516084954606047
"S1",10000,0,0,0,1,1,0.150688676427674,-2.72429895601083e-05,0.364925645931442,0,0.00653236697863245,NA,0.046003694091351,0,0.000598232676176249,NA,0.039,0,-1.37935317353329e-06,-0.000144969728816233
"S2",10000,1,0.3,0.3,1,1,0.461104903450818,0.300914239711396,1,1,0.328709571566784,NA,1,1,0.298896691087507,NA,1,1,0.324324286056774,0.302713152608263
"S3",10000,1,0.3,0,1,1,0.446428968595462,-0.00253876185795056,1,1,0.305436832657463,NA,1,1,0.272160230014122,NA,1,1,0.311891321096897,-0.000992043026933075
"S1",10000,0,0,0,1,1,0.157915638572499,-0.00198085937234362,0.0373752743012303,0,0.000639205512572227,NA,0.0334735126139281,0,0.000132874796310741,NA,0.0272777777777778,0,-9.18025774540893e-05,0.000198973378867655
"S2",10000,1,0.3,0.3,1,1,0.44915585377545,0.304332203836454,1,1,0.322892832066261,NA,1,1,0.301997047871963,NA,1,1,0.326976848909416,0.310989531967282
"S3",10000,1,0.3,0,1,1,0.448744684207999,0.00667883713719225,1,1,0.294212061817884,NA,1,1,0.272712554508064,NA,1,1,0.2963292786646,-0.00219997978476378
"S1",10000,0,0,0,1,1,0.148668114704958,0.0068817579705189,0.229747115026673,0,0.00396907801716184,NA,0.0324941727781645,0,3.47828464702834e-05,NA,0.0345,0,0.000317009752156353,-0.000158140428398712
"S2",10000,1,0.3,0.3,1,1,0.464838012037008,0.300873976087021,1,1,0.30549849986302,NA,1,1,0.282084893719729,NA,1,1,0.301383069449189,0.282932561969524
"S3",10000,1,0.3,0,1,1,0.455652727324119,0.00100232257860696,1,1,0.294921379065327,NA,1,1,0.266158610364798,NA,1,1,0.300751054477916,0.00738257609401478
"S1",10000,0,0,0,1,1,0.136583697643365,-0.00136521599693219,0.777684128303843,0,-0.016590018370735,NA,0.0447964636920129,0,-0.000560855320427715,NA,0.0583888888888889,0,-0.000989054258810474,-0.000536824508088495
"S2",10000,1,0.3,0.3,1,1,0.45717441927739,0.308804379118461,1,1,0.281268202440824,NA,1,1,0.250822240992777,NA,1,1,0.29251080359943,0.313070500651051
"S3",10000,1,0.3,0,1,1,0.456731508265316,-0.00174673272521932,1,1,0.313372103087932,NA,1,1,0.290987063883225,NA,1,1,0.310966029003144,0.00313447185254877
"S1",10000,0,0,0,1,1,0.147424290201142,0.00366689436832424,0.259615869872518,0,-0.00462406648458374,NA,0.0340470850782342,0,-0.000172366019283986,NA,0.0489444444444444,0,-9.39865033283207e-05,0.000479572320245242
"S2",10000,1,0.3,0.3,1,1,0.4557297583958,0.299253233264798,1,1,0.316822643422047,NA,1,1,0.286434807988287,NA,1,1,0.30666569673908,0.310248296409895
"S3",10000,1,0.3,0,1,1,0.451568480616084,-0.00413801543068345,1,1,0.302724956501386,NA,1,1,0.27390266107547,NA,1,1,0.2996354870441,-0.0257122880965212
"S1",10000,0,0,0,1,1,0.154856472270081,0.00857585775683087,0.488775985774321,0,0.00898964161606371,NA,0.0377346730442499,0,0.000326195334342697,NA,0.3005,0,0.00568817023381193,0.00617593075495147
"S2",10000,1,0.3,0.3,1,1,0.451555960744069,0.297184354160547,1,1,0.294801955568607,NA,1,1,0.263371552546114,NA,1,1,0.287662696146122,0.294068265344818
"S3",10000,1,0.3,0,1,1,0.458158576203386,-0.00310370134348488,1,1,0.300307023311002,NA,1,1,0.2734011717833,NA,1,1,0.306028956752391,-0.0186658464288899
"S1",10000,0,0,0,1,1,0.150191338065826,-0.0065699522639121,0.130212954063702,0,0.00222811297818235,NA,0.0324762093468383,0,-3.071118249777e-05,NA,0.0544444444444444,0,0.000150744514616118,3.45146362433344e-05
"S2",10000,1,0.3,0.3,1,1,0.443148598028367,0.298160105170642,1,1,0.293603898810435,NA,1,1,0.264742284874325,NA,1,1,0.286849914704462,0.322783654979229
"S3",10000,1,0.3,0,1,1,0.458401357585708,-0.000800102077042349,1,1,0.30511372013688,NA,1,1,0.283850377018371,NA,1,1,0.303145075889489,-0.00274166969772182
"S1",10000,0,0,0,1,1,0.158532818963942,0.0020417760623498,0.0403350117125423,0,0.000688025076020142,NA,0.0339441134251804,0,0.000158177426804192,NA,0.0906666666666667,0,-0.000412712206741002,-0.00140726367304403
"S2",10000,1,0.3,0.3,1,1,0.443568212997875,0.302174389028188,1,1,0.298636516162365,NA,1,1,0.274541875812526,NA,1,1,0.306788824130349,0.30919259612662
"S3",10000,1,0.3,0,1,1,0.45476105893975,0.00151694796643655,1,1,0.305924277557183,NA,1,1,0.277366682680369,NA,1,1,0.306256350984254,-0.00412657821148719
"S1",10000,0,0,0,1,1,0.15153507764374,0.00375309235150336,0.0703335448580504,0,-0.00119601468138978,NA,0.032698477941255,0,-6.69737957709806e-05,NA,0.0461666666666667,0,-0.000252257643432037,-4.738633673794e-05
"S2",10000,1,0.3,0.3,1,1,0.451794191645561,0.300527382214304,1,1,0.295557142281507,NA,1,1,0.268736457800266,NA,1,1,0.289501512900329,0.321776182305605
"S3",10000,1,0.3,0,1,1,0.43872871126116,0.000741208495483401,1,1,0.293468604320647,NA,1,1,0.274400464230551,NA,1,1,0.297076371320313,0.0155846671295283
"S1",10000,0,0,0,1,1,0.142867628931994,-0.00261057694029316,0.746999139076286,0,-0.0157051355172077,NA,0.0519379049976349,0,-0.000806704461935091,NA,0.213777777777778,0,-0.00466802722202252,-0.00329365818529356
"S2",10000,1,0.3,0.3,1,1,0.44312084988858,0.29963751146286,1,1,0.294586980483499,NA,1,1,0.266434107061695,NA,1,1,0.306889566977251,0.286620776370029
"S3",10000,1,0.3,0,1,1,0.46104270144355,-0.00350366009632188,1,1,0.304069925569096,NA,1,1,0.273633161522847,NA,1,1,0.305438770814208,-0.00691025694039621
"S1",10000,0,0,0,1,1,0.138477251729572,-0.000158813210498553,0.938514137713917,0,-0.0261241722462172,NA,0.112939592608771,0,-0.00292111121995527,NA,0.0889444444444445,0,-0.00217241429438911,0.000129628696210824
"S2",10000,1,0.3,0.3,1,1,0.455909732540075,0.301493448685609,1,1,0.314162770086879,NA,1,1,0.286208513574283,NA,1,1,0.319073702120785,0.30168221247759
"S3",10000,1,0.3,0,1,1,0.448372023780739,-0.00364341476094328,1,1,0.299613430649706,NA,1,1,0.271803568944536,NA,1,1,0.299195239754663,-0.00957662456752312
"S1",10000,0,0,0,1,1,0.158966710472753,-0.00407085855857747,0.63937964551113,0,0.0120906078339975,NA,0.0421685219523908,0,0.000460024834897958,NA,0.153055555555556,0,0.00172346416712202,-0.00247514309472397
"S2",10000,1,0.3,0.3,1,1,0.455805135619669,0.29794342391596,1,1,0.30157759665774,NA,1,1,0.275824617089714,NA,1,1,0.308792070688648,0.316122241249007
"S3",10000,1,0.3,0,1,1,0.46013520058655,-0.00322635609299429,1,1,0.30358049907781,NA,1,1,0.264294830955738,NA,1,1,0.297332344715924,-0.00978064712793163
"S1",10000,0,0,0,1,1,0.152997080388118,0.00327629077625112,0.323967718133559,0,-0.0059915036705466,NA,0.035014531364039,0,-0.000222641022810895,NA,0.0406666666666667,0,0.000107938783714074,0.000430929295879016
"S2",10000,1,0.3,0.3,1,1,0.453740446591528,0.298481559201234,1,1,0.307437174951675,NA,1,1,0.271777230394842,NA,1,1,0.326276243726918,0.301867162371018
"S3",10000,1,0.3,0,1,1,0.463722505132713,-0.00262139989672687,1,1,0.303953111403141,NA,1,1,0.277995464038035,NA,1,1,0.301218640451843,-0.0067978032363657
"S1",10000,0,0,0,1,1,0.150176497325373,-0.00290825906694136,0.685701334433635,0,0.013894663578313,NA,0.0436429359626738,0,0.000533421952075687,NA,0.142888888888889,0,0.00190850278956791,-0.00245711254135502
"S2",10000,1,0.3,0.3,1,1,0.437985203333642,0.299341375095233,1,1,0.266762220886256,NA,1,1,0.247055149080978,NA,1,1,0.263291293784297,0.297524244045799
"S3",10000,1,0.3,0,1,1,0.447621233985913,-0.00241343151299281,1,1,0.280841879569695,NA,1,1,0.259232654302098,NA,1,1,0.280335550987066,-0.00672413706197037
"S1",10000,0,0,0,1,1,0.158033644718225,-0.00140892229514897,0.489350454412506,0,0.00894564122154325,NA,0.040389941047614,0,0.000416266020866832,NA,0.0562222222222222,0,0.00092125897304575,0.000323348656907456
"S2",10000,1,0.3,0.3,1,1,0.436277847435491,0.296448065839016,1,1,0.282124504727235,NA,1,1,0.260042866134013,NA,1,1,0.289843697597436,0.307382907145814
"S3",10000,1,0.3,0,1,1,0.44729160923018,0.000232100854096392,1,1,0.302848103558214,NA,1,1,0.281194272558049,NA,1,1,0.301167146781564,0.00214091989266617
"S1",10000,0,0,0,1,1,0.142581046514166,-0.000613956577427962,0.457155368072676,0,-0.0084634806977314,NA,0.0413810669252549,0,-0.000461991620811095,NA,0.124833333333333,0,-0.00171463503779726,0.00217479445214644
"S2",10000,1,0.3,0.3,1,1,0.459201751046081,0.300216459021444,1,1,0.318435739348552,NA,1,1,0.292551158947517,NA,1,1,0.32322480908167,0.315173511603659
"S3",10000,1,0.3,0,1,1,0.445801285173512,-0.00317828552357484,1,1,0.288005017966718,NA,1,1,0.261910233922632,NA,1,1,0.284224625503644,0.000859318900506676
"S1",10000,0,0,0,1,1,0.160123341021866,-0.0028304325394446,0.739625778307027,0,-0.0153763279279099,NA,0.0518807513894636,0,-0.00079560214316941,NA,0.0617222222222222,0,-0.000837699471360127,2.30437934818935e-05
"S2",10000,1,0.3,0.3,1,1,0.472171092181117,0.298322316696224,1,1,0.332145762684582,NA,1,1,0.299413939533134,NA,1,1,0.312251121045888,0.27535909815432
"S3",10000,1,0.3,0,1,1,0.46155958756751,-0.0032533722186218,1,1,0.296621682358915,NA,1,1,0.272234445786775,NA,1,1,0.297801057839555,-0.00715934149898076
"S1",10000,0,0,0,1,1,0.159395055707003,0.00264260449823093,0.58473557846764,0,0.0110745721549541,NA,0.039790107707069,0,0.000398086314683529,NA,0.356888888888889,0,0.00648310710947145,-0.00779643273487935
"S2",10000,1,0.3,0.3,1,1,0.459111089877616,0.305489095734231,1,1,0.304680742695085,NA,1,1,0.280468866311257,NA,1,1,0.301822176650593,0.30857134038902
"S3",10000,1,0.3,0,1,1,0.465722054993512,-0.00145441591726139,1,1,0.319797216828761,NA,1,1,0.292874193653595,NA,1,1,0.318755447061595,-0.00485432358594205
"S1",10000,0,0,0,1,1,0.144983308987508,-0.00146948730877093,0.696505887518508,0,-0.014194476148749,NA,0.0439136256376633,0,-0.000543874256934934,NA,0.0789444444444444,0,-0.00140260359031956,-0.000462000412608536
"S2",10000,1,0.3,0.3,1,1,0.467619669901833,0.301180836611259,1,1,0.30145330751285,NA,1,1,0.270731886936139,NA,1,1,0.302739860661286,0.301836929185349
"S3",10000,1,0.3,0,1,1,0.442267533394788,0.00385342427285568,1,1,0.296244465140043,NA,1,1,0.273524704858976,NA,1,1,0.299428461664374,0.00133723687732581
"S1",10000,0,0,0,1,1,0.15482796670034,-0.00191836181411223,0.170517985236604,0,0.00293074244530227,NA,0.0324668600311048,0,2.87011058791326e-05,NA,0.0465555555555556,0,0.000709966601242716,0.000155873459462786
"S2",10000,1,0.3,0.3,1,1,0.443269850378888,0.30540455555484,1,1,0.295417454932956,NA,1,1,0.269899127312989,NA,1,1,0.306763260203471,0.32822342895294
"S3",10000,1,0.3,0,1,1,0.470155961080244,0.00145051407875302,1,1,0.318591343160578,NA,1,1,0.290819511260748,NA,1,1,0.318762851763397,-0.00192169698477096
"S1",10000,0,0,0,1,1,0.137245007184955,0.00599374649529586,0.736280546214889,0,-0.0153324832516458,NA,0.0458814838343596,0,-0.000603377640968678,NA,0.166555555555556,0,-0.00339311121767023,0.00193337892666451
"S2",10000,1,0.3,0.3,1,1,0.469642046779627,0.30375626768248,1,1,0.316492926922982,NA,1,1,0.287345434719553,NA,1,1,0.33180792150165,0.305849913188566
"S3",10000,1,0.3,0,1,1,0.439013634557558,0.0063767758956447,1,1,0.283940225102829,NA,1,1,0.260979696985587,NA,1,1,0.28621280677341,0.0174418964102326
"S1",10000,0,0,0,1,1,0.156819885662175,-0.000947290248957099,0.240497771887023,0,-0.00427120128227748,NA,0.032464081757971,0,2.85711574205281e-05,NA,0.0507777777777778,0,-0.000760293354771541,-0.000482328364273561
"S2",10000,1,0.3,0.3,1,1,0.457815911760112,0.297285296884836,1,1,0.299362480728362,NA,1,1,0.27027595801873,NA,1,1,0.32511008379662,0.302691402485104
"S3",10000,1,0.3,0,1,1,0.45759672987321,0.00181481473091784,1,1,0.301210017383155,NA,1,1,0.273894569956204,NA,1,1,0.308906826147183,0.000852008589104731
"S1",10000,0,0,0,1,1,0.161348210143811,2.26347373737844e-05,0.584312723913479,0,0.0110216751268164,NA,0.0361417992421484,0,0.000263013863244705,NA,0.0449444444444444,0,0.000554788952219081,-9.16883156460369e-05
"S2",10000,1,0.3,0.3,1,1,0.436871739761342,0.299789840703662,1,1,0.303942501876561,NA,1,1,0.27469706618041,NA,1,1,0.303157199055731,0.320429623482609
"S3",10000,1,0.3,0,1,1,0.45841538548487,-9.49995546673078e-05,1,1,0.31380789477092,NA,1,1,0.283645576869052,NA,1,1,0.320964399397666,-0.0210296468594484
"S1",10000,0,0,0,1,1,0.152410247564899,-0.00241979362454281,0.33842254729415,0,-0.00609476577162499,NA,0.0381048827176671,0,-0.000342638171717302,NA,0.111388888888889,0,-0.000513003853216477,-0.00189317745418392
"S2",10000,1,0.3,0.3,1,1,0.456889163259374,0.296402750661002,1,1,0.308172191288011,NA,1,1,0.277528235431195,NA,1,1,0.308598380259771,0.280722038606529
"S3",10000,1,0.3,0,1,1,0.45662106801541,0.00080356610303933,1,1,0.311441602849009,NA,1,1,0.286420809475275,NA,1,1,0.305712264127458,-0.00585858852165519
"S1",1000,0,0,0,0.99999999968225,1,0.149770607615903,0.00779014474986366,0.519315068976653,0,-0.0303516914617429,NA,0.0401037602591561,0,-0.0012234092672104,NA,0.0567777777777778,0,-0.00345280531033496,0.000308079576473222
"S2",1000,1,0.3,0.3,1,1,0.446158118648708,0.284994068557303,0.999999999933161,1,0.339812120228842,NA,0.999996801471723,1,0.321931850787617,NA,1,1,0.345648109815981,0.316730853016593
"S3",1000,1,0.3,0,1,1,0.433086688871552,0.0359093269031052,0.99999995029342,1,0.27788677399664,NA,0.999974565714146,1,0.291525226684145,NA,1,1,0.248902442033024,-0.0129408063450029
"S1",1000,0,0,0,0.99997937954937,1,0.107478824501593,-0.00915386798702224,0.808298254931594,0,-0.0579817278334916,NA,0.0766706998349489,0,-0.00518772657831579,NA,0.162777777777778,0,-0.0127609511468764,0.0020962915714706
"S2",1000,1,0.3,0.3,1,1,0.429860454219303,0.285173405458822,0.999999931721403,1,0.287207930876621,NA,0.996286829057462,1,0.256685260449423,NA,1,1,0.302766663719653,0.365290268828401
"S3",1000,1,0.3,0,1,1,0.450959084731185,0.00933615190177024,0.999999999999924,1,0.341229225113058,NA,0.999999760634008,1,0.322729666870385,NA,1,1,0.354092124694173,-0.0127947950260061
"S1",1000,0,0,0,0.999997389369542,1,0.121372524572659,0.00866354659096281,0.93173245538548,0,-0.0883286386433884,NA,0.116883965675474,0,-0.010664870591439,NA,0.640222222222222,1,-0.0891478854604638,-0.000124374158215178
"S2",1000,1,0.3,0.3,1,1,0.456897665957552,0.296513341784871,0.999999936509964,1,0.31754519547328,NA,0.996664712445961,1,0.274462693160327,NA,1,1,0.286078084328026,0.286224512250496
"S3",1000,1,0.3,0,1,1,0.457134994953253,0.0111697780814929,0.999999974254224,1,0.275538653188065,NA,0.999444082102982,1,0.261010264421012,NA,1,1,0.264394941822288,-0.0693970882069561
"S1",1000,0,0,0,0.999999999931144,1,0.15382520702804,-0.000557565171544312,0.469708687707113,0,0.0265076531190435,NA,0.0327649794186038,0,0.000227877819482954,NA,0.04,0,0.00177178063854819,-0.00029090967053683
"S2",1000,1,0.3,0.3,1,1,0.45360449684141,0.293928222126608,0.999999232302885,1,0.302288237943014,NA,0.995366391751052,1,0.282147997269575,NA,1,1,0.330965343008628,0.248358115768371
"S3",1000,1,0.3,0,1,1,0.459629417269675,-0.0128458900445432,0.999999999938967,1,0.312731796983038,NA,0.99998642145311,1,0.295844642025872,NA,1,1,0.305877174446347,-0.00969627105076297
"S1",1000,0,0,0,0.99999999991733,1,0.154294862881738,0.019207799462158,0.567206857589305,0,0.0343336468256004,NA,0.0393228346715947,0,0.00116776056333135,NA,0.0567222222222222,0,0.00207556148552742,0.00214237583773841
"S2",1000,1,0.3,0.3,1,1,0.469630084725102,0.303996110080119,0.999992955991598,1,0.260156576978212,NA,0.895064578973555,1,0.197626885461247,NA,1,1,0.265893913194332,0.235270364318019
"S3",1000,1,0.3,0,1,1,0.451952560928829,-0.00188756697592236,0.999997700546306,1,0.248405612661451,NA,0.947745019000857,1,0.20559237663512,NA,1,1,0.241683448455744,-0.0246907997927782
"S1",1000,0,0,0,0.999999999999975,1,0.181596745372067,0.00306044206641201,0.83615260563575,0,0.0580696988004205,NA,0.056901367375583,0,0.00295708760655092,NA,0.0851111111111111,0,0.00455295121582104,0.00194097236056129
"S2",1000,1,0.3,0.3,1,1,0.476360583703478,0.298633885368327,0.999999860468306,1,0.285480467016636,NA,0.998438447360778,1,0.262370278738658,NA,1,1,0.282517379077269,0.307896312928426
"S3",1000,1,0.3,0,1,1,0.489295551661716,-0.00563044179221605,0.999999999999781,1,0.34636767619815,NA,0.999999977644089,1,0.340979945371269,NA,1,1,0.349851894792638,0.0402115732769152
"S1",1000,0,0,0,0.99997026013847,1,0.104883753921523,-0.00755252217733334,0.0272015799844068,0,0.00140814303856219,NA,0.0333009412448122,0,0.000364780419912256,NA,0.0440555555555556,0,0.00105079036216523,-3.10973273146973e-05
"S2",1000,1,0.3,0.3,1,1,0.450404199474381,0.30093835188934,0.999999992454687,1,0.323600635894961,NA,0.999763350468581,1,0.305992278030484,NA,1,1,0.302351231959927,0.312398913356425
"S3",1000,1,0.3,0,1,1,0.458087703754458,0.00204699267753903,0.999999939682435,1,0.285421920540518,NA,0.999756278693908,1,0.283595218954904,NA,1,1,0.253750674691703,-0.0220108996088498
"S1",1000,0,0,0,0.99999998703127,1,0.138454967154914,0.00243188890077423,0.372950928624498,0,-0.0221624427923954,NA,0.0338990764198106,0,-0.000549781677298859,NA,0.0259444444444444,0,4.4869498963272e-06,-0.000158123974541758
"S2",1000,1,0.3,0.3,1,1,0.426175246499562,0.29338797360468,0.9999999999997,1,0.381029377650058,NA,0.999999270530886,1,0.342682907004038,NA,1,1,0.389847279835348,0.324001606493161
"S3",1000,1,0.3,0,1,1,0.413154312116394,-0.0100156253708692,0.999999967947025,1,0.268808133218689,NA,0.999421202933072,1,0.251915610195791,NA,1,1,0.292298632817567,-0.0138440923356189
"S1",1000,0,0,0,0.999999913228667,1,0.124075235150033,0.01892608760673,0.259327560540197,0,0.0140392878630027,NA,0.0513029725340949,0,0.00225959861926171,NA,0.052,0,0.000886312364094908,0.000147353634044303
"S2",1000,1,0.3,0.3,1,1,0.464173745689002,0.295307907529403,0.999999997176333,1,0.326558953861752,NA,0.999797506891078,1,0.295361145532056,NA,1,1,0.284390103368155,0.311548766913431
"S3",1000,1,0.3,0,1,1,0.416944865971896,-0.0145772929050274,0.999999999905996,1,0.288473717849597,NA,0.999964229971976,1,0.253578110600784,NA,1,1,0.27689760354448,-0.0120176851102314
"S1",1000,0,0,0,0.999999999996843,1,0.168552494137956,0.00709212779362597,0.183273080693694,0,-0.0104072831803189,NA,0.0324859106803398,0,-0.000104144208891995,NA,0.0714444444444444,0,-0.000212819832942186,0.00265392111347313
"S2",1000,1,0.3,0.3,1,1,0.519123919856691,0.287791238181544,0.9999999999998,1,0.406638445914488,NA,0.999999987248215,1,0.394180946708983,NA,1,1,0.391900674190419,0.278327578380681
"S3",1000,1,0.3,0,1,1,0.483584118036153,0.0193425554137975,0.999999999999988,1,0.364300928596188,NA,0.99999985808712,1,0.339629173224101,NA,1,1,0.39142515020415,0.027052662368034
"S1",1000,0,0,0,0.999884848722104,1,0.0941897383380835,-0.0153219246949934,0.336250113322497,0,-0.0191826603407275,NA,0.0368829204746973,0,-0.000941453226822065,NA,0.235166666666667,0,-0.0143655458091852,-0.0127121087646904
"S2",1000,1,0.3,0.3,1,1,0.427090951250151,0.290179418649023,0.99999673413351,1,0.242336057680893,NA,0.998429667252485,1,0.24102385519638,NA,1,1,0.261660892264894,0.180730313811107
"S3",1000,1,0.3,0,1,1,0.422854689746092,-0.0104733765119543,0.999995004046683,1,0.244534806698071,NA,0.990628125788376,1,0.241146837351683,NA,0.99,1,0.219088665889042,0.0185196213763429
"S1",1000,0,0,0,0.999999999999986,1,0.177762886947206,0.0162595532726693,0.698405592027853,0,0.0430718266522136,NA,0.0772536266968314,0,0.00454313631611854,NA,0.0425,0,0.00238929029861655,0.000700629240777946
"S2",1000,1,0.3,0.3,1,1,0.489820180228415,0.30794208535825,0.999999999848534,1,0.35878744989768,NA,0.999908664789373,1,0.319422503859684,NA,1,1,0.426354854511335,0.407855142836206
"S3",1000,1,0.3,0,1,1,0.460438558055506,0.00511535017584393,0.999999999996155,1,0.333635285655056,NA,0.999999378881994,1,0.320031415474618,NA,1,1,0.33840061539957,0.0543345702511316
"S1",1000,0,0,0,0.999999976450544,1,0.13235104608829,0.00166442298234885,0.882566641175187,0,-0.0657320044061492,NA,0.0624280315008648,0,-0.00336944100775269,NA,0.740888888888889,1,-0.0479448607862416,0.0500833485031782
"S2",1000,1,0.3,0.3,1,1,0.386033798278044,0.295778986838585,0.999999966598128,1,0.285099166021005,NA,0.997142470865253,1,0.245280665917946,NA,1,1,0.300516659080336,0.303616915208603
"S3",1000,1,0.3,0,1,1,0.468478758483132,-0.00291855144946925,0.999999995945138,1,0.297767279270044,NA,0.999669516202124,1,0.278868035205621,NA,1,1,0.295664954840403,0.000509540797782792
"S1",1000,0,0,0,0.999999949439466,1,0.125643815659129,-0.0196233718768264,0.908909747759362,0,-0.0726391719620426,NA,0.1104843483282,0,-0.00882486270568888,NA,0.297722222222222,0,-0.0225062385054825,-0.0134176781857466
"S2",1000,1,0.3,0.3,1,1,0.495394043505672,0.309964846091659,1,1,0.442023533077975,NA,0.99999999742493,1,0.408463902654639,NA,1,1,0.429937256528893,0.250950916217604
"S3",1000,1,0.3,0,1,1,0.461326561843119,-0.00155475591504046,0.999999999977288,1,0.334308698227346,NA,0.999963263886198,1,0.298565722404466,NA,1,1,0.343886980074395,-0.012872574600565
"S1",1000,0,0,0,0.999999999820933,1,0.149294746792206,0.00559113839287597,0.0741180931190191,0,0.0040017615295118,NA,0.036062126229116,0,0.000831691181237374,NA,0.053,0,0.00084573465308308,0.000308829645971585
"S2",1000,1,0.3,0.3,1,1,0.460392765236598,0.289686338209827,0.999999993442109,1,0.332114356627569,NA,0.999810652789506,1,0.309837910245288,NA,1,1,0.346277163739074,0.339184227944537
"S3",1000,1,0.3,0,1,1,0.427969831973483,-0.00205353058619257,0.999997643568496,1,0.230828229202153,NA,0.985314760276209,1,0.208936285774081,NA,1,1,0.224410939296039,0.0457770589001268
"S1",1000,0,0,0,0.999959331572931,1,0.102326256270261,-0.00653276216302412,0.798270327142977,0,-0.0536861171461356,NA,0.0752173800629365,0,-0.00469211932223923,NA,0.204666666666667,0,-0.0158007101017636,-0.00801826681334794
"S2",1000,1,0.3,0.3,1,1,0.465369937782972,0.304734339314126,0.999992506423916,1,0.25688451943752,NA,0.940396128309237,1,0.210773521288213,NA,1,1,0.202846239692729,0.255729605925848
"S3",1000,1,0.3,0,1,1,0.450544584987737,-0.0196374214660464,0.999999999929605,1,0.309731800379245,NA,0.999954032075708,1,0.270816893273948,NA,1,1,0.314563099838837,-0.0452802862395474
"S1",1000,0,0,0,0.999999999999551,1,0.168622664526063,0.0152802722651752,0.751616126506105,0,0.0493852565549113,NA,0.0716934392811099,0,0.00439080451304974,NA,0.0963333333333333,0,0.00580955218065156,0.00296486388250625
"S2",1000,1,0.3,0.3,1,1,0.481024397943707,0.303351596777477,0.999999999687879,1,0.367459741772217,NA,0.999982332026405,1,0.337079723814777,NA,1,1,0.326301800164342,0.389431521884473
"S3",1000,1,0.3,0,1,1,0.449741627004302,0.0158532324765927,0.999999999980782,1,0.309208901124142,NA,0.99998915142297,1,0.284397149538482,NA,1,1,0.297358148528606,0.0378576592859136
"S1",1000,0,0,0,0.999999999898709,1,0.154451210998865,-0.0152648437822634,0.0479739108421627,0,-0.00253699375123653,NA,0.0330204628397261,0,-0.000311931540321041,NA,0.102,0,-0.00325908664222393,-0.00465462170607548
"S2",1000,1,0.3,0.3,1,1,0.420735598532756,0.307808410739515,0.999998650142025,1,0.259212191061408,NA,0.993053455425318,1,0.238159317412804,NA,1,1,0.248399989748491,0.31431521957747
"S3",1000,1,0.3,0,1,1,0.473451093241482,-0.00586180624826309,0.999999999999978,1,0.365882102425845,NA,0.999999956511041,1,0.349250243425036,NA,1,1,0.374974466454451,0.0409478951663846
"S1",1000,0,0,0,0.999999999999653,1,0.178410380996295,0.00143484689713083,0.00179340711159415,0,0.000102262866794534,NA,0.0335421593893644,0,-0.000460717577368383,NA,0.0262777777777778,0,0.000838548560929663,-0.00022712594246235
"S2",1000,1,0.3,0.3,1,1,0.495860747066506,0.330848671748585,0.999999997534575,1,0.328682293629604,NA,0.999727666631921,1,0.290493422588528,NA,1,1,0.318600186733921,0.283899771566165
"S3",1000,1,0.3,0,1,1,0.471921535364719,0.0141787210457379,0.999999999895656,1,0.319649338965442,NA,0.999997673734187,1,0.317164617333892,NA,1,1,0.306465322255925,0.0489722451459731
"S1",1000,0,0,0,0.999999999998847,1,0.162427749600697,0.0139416649262666,0.504566623653935,0,-0.0292309026644665,NA,0.0347635919236031,0,-0.000638390559702765,NA,0.0292777777777778,0,-0.000357796594491734,0.000410332471855939
"S2",1000,1,0.3,0.3,1,1,0.505337528574759,0.311379879924437,0.999999999996315,1,0.395995757116932,NA,0.999998169199353,1,0.367020155428451,NA,1,1,0.39436094602126,0.280011990513056
"S3",1000,1,0.3,0,1,1,0.416961613078478,-0.0165851681646783,0.999999999665454,1,0.306737477164305,NA,0.999925895896122,1,0.280657247173175,NA,1,1,0.319485723139648,-0.0208518106381895
"S1",1000,0,0,0,0.999999845498176,1,0.12285946010386,0.0171142443082669,0.200508914982172,0,0.0110962997192455,NA,0.0364252848137923,0,0.000861813287281369,NA,0.1615,0,0.00667208949684909,0.00802173908256925
"S2",1000,1,0.3,0.3,1,1,0.429716620183749,0.274779251667292,0.999999999901058,1,0.348907122103407,NA,0.999955631655651,1,0.312368710296859,NA,1,1,0.351630563964271,0.260739428463904
"S3",1000,1,0.3,0,1,1,0.484503014938682,0.00227014012010472,0.99999999999989,1,0.359623650923603,NA,0.999999983720291,1,0.342143517936483,NA,1,1,0.383236491183565,0.00723369052202071
"S1",1000,0,0,0,0.999999999689575,1,0.152531564445623,0.000115397219194742,0.326060712802127,0,0.0174527583555722,NA,0.0341100331048945,0,0.000509433632727054,NA,0.0374444444444444,0,0.00031280735955139,0.000905943453425359
"S2",1000,1,0.3,0.3,1,1,0.501173867150092,0.302176025979837,0.999999999882627,1,0.382586274830793,NA,0.999983664691853,1,0.344746003216502,NA,1,1,0.36994003872705,0.205709480681096
"S3",1000,1,0.3,0,1,1,0.44702364956018,0.0108817463069447,0.999999803927091,1,0.259062236451265,NA,0.995676750816231,1,0.239293360119083,NA,1,1,0.227089616513307,-0.0175201167524661
"S1",1000,0,0,0,0.99999999999728,1,0.139436116424608,-0.0400873755010521,0.170026688076778,0,-0.00863310350195816,NA,0.0324166352568541,0,1.28428225300345e-05,NA,0.304277777777778,0,0.00249485008221609,-0.0198434295477282
"S2",1000,1,0.3,0.3,1,1,0.491360225454733,0.296476741130234,0.999999997894894,1,0.326793648050204,NA,0.999986262434697,1,0.309215948412705,NA,1,1,0.29250598807569,0.301286354016837
"S3",1000,1,0.3,0,1,1,0.461066677068754,0.0102996127519575,0.999999970187573,1,0.283252264551291,NA,0.995931157287197,1,0.237218485041298,NA,1,1,0.267417831394297,0.0481615632129628
"S1",1000,0,0,0,0.999999999894175,1,0.152046766059875,0.0176467978868782,0.346524913831405,0,-0.0193419235250729,NA,0.0387343856658333,0,-0.00118155257803024,NA,0.0438333333333333,0,-0.00100654594191432,0.00093405704057355
"S2",1000,1,0.3,0.3,1,1,0.423946981914476,0.300037473922407,0.999992955447883,1,0.241312422846513,NA,0.965339059227154,1,0.208148188329863,NA,1,1,0.261120108559778,0.34588613045838
"S3",1000,1,0.3,0,1,1,0.455783274711747,-0.0051212612955607,0.999999999845903,1,0.301633745842069,NA,0.999973386279407,1,0.283133368771665,NA,1,1,0.311618577366853,-0.0595429707780621
"S1",1000,0,0,0,0.999999999999905,1,0.177498801653762,-0.00593252506219654,0.839820633652897,0,0.0595057157295006,NA,0.0772781268876476,0,0.00474615633372688,NA,0.337444444444444,0,0.0247580112274787,0.0178511576016193
"S2",1000,1,0.3,0.3,1,1,0.462270905340997,0.312888176091082,0.99999988274425,1,0.293689601998405,NA,0.985674799878053,1,0.234199446408966,NA,1,1,0.322307785124968,0.394754211237947
"S3",1000,1,0.3,0,1,1,0.461822549251044,-0.0175988750003577,0.999999956240217,1,0.275616737055478,NA,0.997841411305543,1,0.253620316018976,NA,1,1,0.260970973067025,0.0285595688666547
"S1",1000,0,0,0,0.99999999759198,1,0.158495331777924,0.00454999137831993,0.114893097692172,0,0.00694338410275202,NA,0.0416997413925571,0,0.00159978766218214,NA,0.0422222222222222,0,-0.000459672102798108,0.00108950886982844
"S2",1000,1,0.3,0.3,1,1,0.472986538731698,0.310521034676149,0.999999934017379,1,0.296518200301027,NA,0.999859015271057,1,0.283490862279716,NA,1,1,0.309154550824915,0.254856507676201
"S3",1000,1,0.3,0,1,1,0.45469739916457,-0.00200710754738594,0.999999997986902,1,0.294551624833805,NA,0.999021422344071,1,0.259124395681178,NA,1,1,0.286906699654871,-0.0289976272226783
"S1",1000,0,0,0,1,1,0.196902877083793,-0.0164626137343009,0.753116524006554,0,0.0531941155853597,NA,0.0413599808822803,0,0.00155193704399223,NA,0.1,0,0.0080532852271473,-0.000249489002305289
"S2",1000,1,0.3,0.3,1,1,0.488044134533382,0.310467380916464,0.999999950922331,1,0.314893305028233,NA,0.999610593663382,1,0.296752314821648,NA,1,1,0.330530336290822,0.343948203832095
"S3",1000,1,0.3,0,1,1,0.460548962874353,-0.0119209075017013,0.999998689268498,1,0.273933403943518,NA,0.91828210001266,1,0.210763811259596,NA,1,1,0.258390138621708,-0.00202251096048627
"S1",1000,0,0,0,0.999999785446354,1,0.119043085391919,0.00587141696696703,0.490098670508166,0,-0.0275126708523524,NA,0.047841181433954,0,-0.00200898045611842,NA,0.768777777777778,1,-0.0357151166864124,-0.0696532096401473
"S2",1000,1,0.3,0.3,1,1,0.458980294716472,0.294353527813518,0.99994359925942,1,0.23197410384485,NA,0.938306940047698,1,0.208598290606568,NA,1,1,0.270700264109834,0.27410619673212
"S3",1000,1,0.3,0,1,1,0.423608606261103,-0.00413330493205789,0.999999997819637,1,0.290508562358213,NA,0.999958354139199,1,0.285538637124848,NA,1,1,0.284061983546124,-0.0383188503945017
"S1",1000,0,0,0,0.999999999978223,1,0.151164028370025,-0.0100848323479142,0.869367619897645,0,0.0590770532158268,NA,0.0986513173153687,0,0.00624814914231813,NA,0.476722222222222,0,0.0456265003378398,0.0113668850851176
"S2",1000,1,0.3,0.3,1,1,0.448041445756958,0.299070315729823,0.99999982976739,1,0.294488111563702,NA,0.999580031713944,1,0.286600884496324,NA,1,1,0.284795813154218,0.267762515655371
"S3",1000,1,0.3,0,1,1,0.434168924335114,-0.0115770561345189,0.99999999942156,1,0.303376928079681,NA,0.997554488855829,1,0.245136919217492,NA,1,1,0.312761225144395,-0.0460364910023965
"S1",1000,0,0,0,0.999999868859967,1,0.130425536673195,-0.0165332805945704,0.213525943848702,0,-0.0122438761377711,NA,0.0334871320892849,0,-0.0004531261571976,NA,0.0234444444444444,0,-0.000275085742540064,0.000253941744892779
"S2",1000,1,0.3,0.3,1,1,0.469604854127782,0.301423804303828,0.999999964648128,1,0.301699280332516,NA,0.998875847468005,1,0.274878807849375,NA,1,1,0.30540914687537,0.24111226204491
"S3",1000,1,0.3,0,1,1,0.43032177811231,0.00222177248226851,0.999997564626772,1,0.245957923556159,NA,0.969075788765102,1,0.211773460746585,NA,1,1,0.226926086616028,-0.0244435684832492
"S1",1000,0,0,0,0.999996902401746,1,0.104092449198146,0.021146786492656,0.052182301931137,0,0.00254372991189783,NA,0.0349017277285834,0,-0.000613195151378211,NA,0.0391666666666667,0,0.000112857362637051,0.00117291949697612
"S2",1000,1,0.3,0.3,1,1,0.454257201051852,0.309514903826863,0.999929493348136,1,0.241003958065326,NA,0.856874181883006,1,0.18236737294756,NA,1,1,0.222419641977776,0.191998567360225
"S3",1000,1,0.3,0,1,1,0.472254193705653,0.00477446533951354,0.999999998747768,1,0.301119848155299,NA,0.999959454707417,1,0.292937106064945,NA,1,1,0.289392808825882,-0.0139770861062599
"S1",1000,0,0,0,0.999986026609287,1,0.0998392108347636,0.0202371939004621,0.211717870725608,0,-0.0121563590806078,NA,0.0399809669868651,0,-0.00142647607314036,NA,0.0981111111111111,0,-0.000424723509166964,0.00603808983511418
"S2",1000,1,0.3,0.3,1,1,0.45290978914923,0.29573449790047,0.999999999905125,1,0.339664879323487,NA,0.999987861972849,1,0.304682906358389,NA,1,1,0.313217301606456,0.24759711154158
"S3",1000,1,0.3,0,1,1,0.459441067153783,0.00521763805968892,0.999999999954384,1,0.318455673663305,NA,0.999877564826822,1,0.274113650033173,NA,1,1,0.321497487679702,-0.0404842474438609
"S1",1000,0,0,0,0.99999807038616,1,0.11541020868708,0.0160249173931499,0.247970803416139,0,-0.0149837374631378,NA,0.0326158404366814,0,-0.000203323116478647,NA,0.251277777777778,0,-0.0055482889922201,0.0171955074463812
"S2",1000,1,0.3,0.3,1,1,0.394703067889492,0.295657329274331,0.999999999683055,1,0.326850644361379,NA,0.999944604909569,1,0.291797394887478,NA,1,1,0.341634240854142,0.336565008618775
"S3",1000,1,0.3,0,1,1,0.467721079138463,0.00670125437374833,0.999999999918138,1,0.31374584579268,NA,0.999615795391119,1,0.271236473684452,NA,1,1,0.291671210850723,-0.0641050927637384
"S1",1000,0,0,0,0.999999999999304,1,0.166278474129187,-0.000439502970975161,0.471321487833143,0,-0.0258858539863751,NA,0.0363548881692638,0,-0.000795357648799939,NA,0.0381111111111111,0,-0.000799054071063114,0.000902322044661032
"S2",1000,1,0.3,0.3,1,1,0.452999996965838,0.301972005861351,0.999999995601872,1,0.336739950168325,NA,0.999880851500669,1,0.312988782923272,NA,1,1,0.331148475866418,0.31782835455841
"S3",1000,1,0.3,0,1,1,0.4449893830314,0.0149390313977953,0.999999999960637,1,0.30595310204705,NA,0.999992109220376,1,0.277357848171585,NA,1,1,0.336800896098834,0.0418046100036369
"S1",1000,0,0,0,0.999999911662943,1,0.123200220610972,-0.0180224828813168,0.475249293272383,0,-0.0264657363648808,NA,0.0366888622944673,0,-0.000846497101117545,NA,0.0732777777777778,0,-0.00334699232424937,-0.00134047056476144
"S2",1000,1,0.3,0.3,1,1,0.442915867795341,0.282266559230961,0.999999939789791,1,0.320541521330659,NA,0.999530208624003,1,0.303029154127373,NA,1,1,0.277948186310041,0.355661818676287
"S3",1000,1,0.3,0,1,1,0.411347503370318,-0.00553788998912595,0.999999999615252,1,0.280006657397446,NA,0.999997720864957,1,0.27670254559211,NA,1,1,0.288529060072375,-0.00881064296212886
"S1",1000,0,0,0,0.999999998294124,1,0.140601580156728,0.0145182382683905,0.619095763725775,0,-0.0378663259305523,NA,0.0601673632839507,0,-0.00328477923689124,NA,0.0592777777777778,0,-0.00229868512711906,-0.00198358032904229
"S2",1000,1,0.3,0.3,1,1,0.472944088707776,0.302822082298284,0.999999994847632,1,0.319676407781284,NA,0.999595089898459,1,0.276934748256253,NA,1,1,0.290527670658578,0.296776900489862
"S3",1000,1,0.3,0,1,1,0.447431228516499,-0.00175601346014023,0.999999999786526,1,0.315422945622061,NA,0.999989394087403,1,0.294212801049838,NA,1,1,0.305017330590355,0.0103831598188735
"S1",1000,0,0,0,0.999999999262009,1,0.147620360679773,0.0143659706333009,0.1970505495264,0,-0.0109949138837002,NA,0.0343859330072435,0,-0.000603725087723941,NA,0.0498888888888889,0,-0.00115215848287756,0.000875353034585125
"S2",1000,1,0.3,0.3,1,1,0.393022014278436,0.312075196792748,0.998045624263314,1,0.17971029404174,NA,0.465755303139613,0,0.0774971884781982,NA,1,1,0.217342093036684,0.343271862349246
"S3",1000,1,0.3,0,1,1,0.430808522627176,-0.00331323839211725,0.999999985583651,1,0.273428113165718,NA,0.999686139436784,1,0.256179158145795,NA,1,1,0.251073115781672,-0.026828800872201
"S1",1000,0,0,0,0.999999950503537,1,0.125284824807291,-0.000574294250221411,0.325142976077256,0,0.0164263851951671,NA,0.0430643988748039,0,0.00144333864536479,NA,0.0447222222222222,0,0.00129745830637025,0.000359199315981419
"S2",1000,1,0.3,0.3,1,1,0.414642880130727,0.318896430365196,0.999982830530775,1,0.251391186337792,NA,0.93211253008722,1,0.210692479419548,NA,1,1,0.283053923306756,0.361938698373532
"S3",1000,1,0.3,0,1,1,0.446334079889341,-0.0033233249909579,0.99999999996124,1,0.304850634373453,NA,0.999985973044699,1,0.283281942410032,NA,1,1,0.321374979834279,0.0231542352045322
"S1",1000,0,0,0,0.99999999999999,1,0.176330507651314,-0.0073984352170382,0.212918215706693,0,0.0114581785080198,NA,0.0355406563032039,0,0.000773009585021753,NA,0.0389444444444444,0,-0.000576942266937366,-0.000393866643734257
"S2",1000,1,0.3,0.3,1,1,0.435021122274253,0.302798705421786,0.999999999993975,1,0.343600269138249,NA,0.999999309497374,1,0.322834566494473,NA,1,1,0.351505509433461,0.253315712660795
"S3",1000,1,0.3,0,1,1,0.451757602562817,0.0154641780892412,0.999996335025415,1,0.240130677077412,NA,0.908769078431768,1,0.182537814983418,NA,1,1,0.254060916841223,0.0323324940864091
"S1",1000,0,0,0,0.999999966954128,1,0.136871458051123,-0.00321477529063866,0.562457071795887,0,-0.0339265252823321,NA,0.040781221611706,0,-0.0013906593790333,NA,0.0487777777777778,0,-0.00153030892491973,-0.00141924612405256
"S2",1000,1,0.3,0.3,1,1,0.453639129656704,0.326850716262882,0.999999997445569,1,0.354269756830092,NA,0.999981222988238,1,0.344397090430198,NA,1,1,0.374067619954883,0.347196801041356
"S3",1000,1,0.3,0,1,1,0.451888943741947,0.00586174271262466,0.9999999999869,1,0.319356540654039,NA,0.999779452834077,1,0.272138792023406,NA,1,1,0.335922655217982,0.00455803456271166
"S1",1000,0,0,0,0.999999999999895,1,0.162750071568961,0.0122295141514054,0.862373429079577,0,0.0611071524944863,NA,0.0531770895882744,0,0.00253125461046293,NA,0.181277777777778,0,0.0146930957245219,0.00351993002590354
"S2",1000,1,0.3,0.3,1,1,0.461760175265584,0.331666502257,0.999999977397934,1,0.311976049888416,NA,0.999001577499552,1,0.275508383308132,NA,1,1,0.305024905090862,0.255694045827024
"S3",1000,1,0.3,0,1,1,0.420684387188542,-0.025612412176084,0.999999999413815,1,0.301703666950165,NA,0.999584621622229,1,0.265024260618756,NA,1,1,0.330074272790182,0.00886492321377595
"S1",1000,0,0,0,0.99999999557418,1,0.143207822974617,2.24091781455608e-05,0.66944318402552,0,0.0405482194592333,NA,0.0524369149211375,0,0.00241617020566066,NA,0.124888888888889,0,0.0087520425685112,0.00241320035196595
"S2",1000,1,0.3,0.3,1,1,0.484149636545148,0.288155034480104,0.999999999677353,1,0.363135272351395,NA,0.999847712551294,1,0.323518855121557,NA,1,1,0.330820312160127,0.281251696608357
"S3",1000,1,0.3,0,1,1,0.430554414341403,-0.000154500168367024,0.999999426585777,1,0.244940829001639,NA,0.994399275665385,1,0.230651504515652,NA,1,1,0.238793914981963,0.0841310468082948
"S1",1000,0,0,0,0.999999999979385,1,0.169573793858192,-0.0154131692090922,0.181960734036128,0,0.0103733324387171,NA,0.0361518247173543,0,0.000868655692433933,NA,0.0751111111111111,0,0.000287880825994213,0.00344077609066309
"S2",1000,1,0.3,0.3,1,1,0.510461638158019,0.295665082833099,0.999999996238069,1,0.318515373103772,NA,0.999988496230454,1,0.303540770295739,NA,1,1,0.370535829494228,0.297185243532827
"S3",1000,1,0.3,0,1,1,0.405077874165448,-0.00535515196801957,0.999998774190886,1,0.249100569164452,NA,0.980375021432928,1,0.214827978771075,NA,1,1,0.227937324889125,0.0214722323727297
"S1",1000,0,0,0,0.99999999984954,1,0.148515047712167,-0.0034588453468861,0.616506299496611,0,0.036323975480427,NA,0.0355961656507077,0,0.000742764997315857,NA,0.0582777777777778,0,0.00244410433826353,-0.000646807291152073
"S2",1000,1,0.3,0.3,1,1,0.438999889988366,0.294215225630673,0.999998472100665,1,0.264480352907507,NA,0.998871640372856,1,0.257926357018639,NA,1,1,0.334973890275819,0.353055435630093
"S3",1000,1,0.3,0,1,1,0.43031765463614,0.0218027049218041,0.999999999573288,1,0.295936155385555,NA,0.999997571535549,1,0.295270953701341,NA,1,1,0.330415754562894,0.00230058631226751
"S1",1000,0,0,0,0.999999999070563,1,0.146633975377443,0.0048168044438308,0.104669427319863,0,-0.00557905875078889,NA,0.0361321747261028,0,-0.000826082610918155,NA,0.0667777777777778,0,-0.00086391970690328,-0.00242804837296126
"S2",1000,1,0.3,0.3,1,1,0.433547349443638,0.291832011466549,0.99999999967152,1,0.343854624593895,NA,0.999972659176905,1,0.31716167585422,NA,1,1,0.361067606005696,0.304160070366705
"S3",1000,1,0.3,0,1,1,0.423325271210314,0.00401143299882597,0.999981398640091,1,0.209524169687281,NA,0.987118294038215,1,0.207008671897873,NA,0.939666666666667,1,0.165599107323627,-0.00337391912672289
"S1",1000,0,0,0,0.999999999802782,1,0.154117781008024,-0.00110758940977647,0.566214152761678,0,0.0335618427537421,NA,0.0333821731426034,0,0.000402808574327668,NA,0.343166666666667,0,0.0185369198187721,0.0251157352748579
"S2",1000,1,0.3,0.3,1,1,0.420550060835451,0.299839546690091,0.999999620692755,1,0.273532563264698,NA,0.994060383165972,1,0.247915656799041,NA,1,1,0.274932340122551,0.229450226211104
"S3",1000,1,0.3,0,1,1,0.438961139406517,0.00984064837804516,0.999999999999984,1,0.33838591098412,NA,0.999999977143712,1,0.307338084962084,NA,1,1,0.316913860107368,0.0195565548811963
"S1",1000,0,0,0,0.999999935286704,1,0.126150180571082,-0.00690384701488315,0.417285060936309,0,-0.0229646471708108,NA,0.0355376905768987,0,-0.000701102690836145,NA,0.0326666666666667,0,-0.000417837456481283,-0.00062885472049732
"S2",1000,1,0.3,0.3,1,1,0.485327700455278,0.300629193104455,0.999999997576716,1,0.333047798646507,NA,0.999902902274496,1,0.306362878675471,NA,1,1,0.400552219746583,0.322467291846123
"S3",1000,1,0.3,0,1,1,0.460092829147875,0.00222538566552289,0.999999999999998,1,0.351521930885751,NA,0.999999999320498,1,0.341889844250355,NA,1,1,0.362477541867253,0.0584091686501891
"S1",1000,0,0,0,0.999999998005156,1,0.142828250036067,0.016017078281979,0.527380963767468,0,0.0323983027080486,NA,0.0471559720709343,0,0.00210989150274061,NA,0.0758333333333333,0,0.00109648035431539,-0.00286353220578933
"S2",1000,1,0.3,0.3,1,1,0.497682798993351,0.286771502902269,0.99999955046429,1,0.301606118351578,NA,0.998514230421935,1,0.285900838767065,NA,1,1,0.319155074357891,0.240217227092254
"S3",1000,1,0.3,0,1,1,0.429347725534083,0.00105664902015491,0.999999996747183,1,0.285312989253582,NA,0.999983455422948,1,0.287367942490827,NA,1,1,0.286701709649573,-0.0279823724827307
"S1",1000,0,0,0,0.99999999999999,1,0.181273113809395,0.00714323584834763,0.155384943378947,0,-0.00830780860359246,NA,0.0325622076852099,0,0.000146858799501449,NA,0.0455555555555556,0,-0.00115500278412425,0.00123102566530873
"S2",1000,1,0.3,0.3,1,1,0.467858949997151,0.315216776726803,0.999997121705076,1,0.27450413379265,NA,0.99760452435655,1,0.274769827187146,NA,1,1,0.302855217866391,0.347649688153049
"S3",1000,1,0.3,0,1,1,0.453724229615781,-0.0204168302208206,0.999999990942437,1,0.298769744762693,NA,0.999655493757486,1,0.282655490537769,NA,1,1,0.276921669842623,-0.0325641225763268
"S1",1000,0,0,0,0.999999988721753,1,0.1336082448073,0.0123776887181384,0.228371101622269,0,-0.012433912356562,NA,0.0324812599007134,0,-9.90538440159076e-05,NA,0.0348888888888889,0,-0.000709791756151884,-0.000467819218168773
"S2",1000,1,0.3,0.3,1,1,0.440529749227451,0.325043202506607,0.999999819702948,1,0.286030666262838,NA,0.987577574587722,1,0.240340199461347,NA,1,1,0.26781205579617,0.272197496503137
"S3",1000,1,0.3,0,1,1,0.487827148747225,0.00780809830558702,0.999999999999896,1,0.354503556066558,NA,0.999999975753048,1,0.337556775847135,NA,1,1,0.355242803467997,0.0853046368313638
"S1",1000,0,0,0,0.999999999873338,1,0.158948234126248,0.00654192662652691,0.119863590257752,0,-0.00692252995586002,NA,0.0326161386291135,0,-0.000190891012908761,NA,0.142277777777778,0,-0.00298171734368815,-0.0091717539416432
"S2",1000,1,0.3,0.3,1,1,0.415571950754354,0.313434265679885,0.992247574232132,1,0.157629728742851,NA,0.125724093865766,0,0.014345228275491,NA,1,1,0.156546556859474,0.343563701686669
"S3",1000,1,0.3,0,1,1,0.450889561387005,-0.0040593930667251,0.99999999958285,1,0.299407692549421,NA,0.997625270603685,1,0.241088594027087,NA,1,1,0.287128016558796,0.0522817436817292
"S1",1000,0,0,0,0.999999999999612,1,0.165316944804879,0.0076246076173985,0.0896867108167477,0,0.00467350492981654,NA,0.0324160913001804,0,1.05986445196484e-05,NA,0.0539444444444444,0,0.000396510077937318,0.000974431232828405
"S2",1000,1,0.3,0.3,1,1,0.464250596556369,0.312998487390548,0.99999999438635,1,0.323812460394396,NA,0.999568424583475,1,0.285990790019578,NA,1,1,0.319637930942658,0.304266081737127
"S3",1000,1,0.3,0,1,1,0.464251214973101,-0.0038827828967009,0.999999999692873,1,0.323661329834744,NA,0.999873023819032,1,0.294124886295519,NA,1,1,0.299484147520605,-0.0247287856535867
"S1",1000,0,0,0,0.99999999999374,1,0.159239737466445,0.0118194556630206,0.105218082742456,0,0.00542006664157611,NA,0.032440862535267,0,-5.94821862525142e-05,NA,0.0415,0,0.00117850487115952,-0.000400671356718799
"S2",1000,1,0.3,0.3,1,1,0.432363360544307,0.301651323245427,0.999999999945005,1,0.360554482199064,NA,0.999995616575122,1,0.335432532808826,NA,1,1,0.387457124751753,0.276005725703606
"S3",1000,1,0.3,0,1,1,0.461227079550278,0.0120679521429812,0.999999998590784,1,0.308456290739039,NA,0.999983943145769,1,0.292244819773152,NA,1,1,0.295574207838432,-0.0120064465878899
"S1",1000,0,0,0,0.999999999999274,1,0.160673105305188,-0.0186055133841687,0.701377621054849,0,0.0421472498353556,NA,0.0542602236129737,0,0.002549767084032,NA,0.131555555555556,0,0.00536515121868961,-0.00624419461554143
"S2",1000,1,0.3,0.3,1,1,0.458867048489601,0.292237989932973,0.999999996804335,1,0.322836654203484,NA,0.999990498602564,1,0.315340660294676,NA,1,1,0.302172811075068,0.329252964826979
"S3",1000,1,0.3,0,1,1,0.445300301284035,0.00201418913359202,0.999997240017313,1,0.25683310000673,NA,0.996051556379479,1,0.245771083492882,NA,1,1,0.23048265073515,-0.0877641026009758
"S1",1000,0,0,0,0.999999999999899,1,0.170569758045621,0.0155159544629948,0.672487093415732,0,0.0422319584888846,NA,0.0381664022755502,0,0.00112643792890747,NA,0.073,0,0.00264702599172163,-0.00197810421778227
"S2",1000,1,0.3,0.3,1,1,0.421947987573395,0.306547279373016,0.999994643514979,1,0.243239751293051,NA,0.97029997082869,1,0.211372400559804,NA,1,1,0.278642820138148,0.261630335839216
"S3",1000,1,0.3,0,1,1,0.502159131321499,0.0177698329222338,0.99999999999928,1,0.356751679739267,NA,0.999998239420674,1,0.328060345459743,NA,1,1,0.362482965448771,0.000617035594455246
"S1",1000,0,0,0,0.999999992499812,1,0.140057814680605,-0.00894875136180642,0.0598352896979345,0,-0.00325921821743057,NA,0.0324373223011603,0,-5.92213006758967e-05,NA,0.0470555555555556,0,-0.00030420326480775,0.00118341068520833
"S2",1000,1,0.3,0.3,1,1,0.445800404227664,0.286492663174933,0.999999999997215,1,0.373954905477756,NA,0.999999742274719,1,0.349083323192194,NA,1,1,0.42249129071974,0.319341685949966
"S3",1000,1,0.3,0,1,1,0.468754364940687,-1.15156629668527e-05,0.999999999945516,1,0.334175718421827,NA,0.999991974123606,1,0.315434100480264,NA,1,1,0.311118239841009,-0.0470110691867752
"S1",1000,0,0,0,0.999999999814749,1,0.150523365536416,0.0031225698122769,0.604785349442799,0,-0.0376373165668075,NA,0.0377573644507398,0,-0.00102212340715114,NA,0.0450555555555556,0,-0.00144380635704799,0.000136337994865813
"S2",1000,1,0.3,0.3,1,1,0.479300814708044,0.301701552586462,0.999999999994587,1,0.368968338761702,NA,0.99999825603713,1,0.335749782311086,NA,1,1,0.333047124628746,0.280648946963408
"S3",1000,1,0.3,0,1,1,0.451199515330634,-0.00843206884218167,0.999999999994297,1,0.324935107455166,NA,0.999997081545817,1,0.30113848089788,NA,1,1,0.33437770736073,-0.03690668029447
"S1",1000,0,0,0,0.99999998073364,1,0.136556205832561,-0.00853651332617441,0.11302568573942,0,-0.00624902836353152,NA,0.0327850435677941,0,0.000242227007496329,NA,0.0328888888888889,0,3.87757398058e-05,-0.00104626059364376
"S2",1000,1,0.3,0.3,1,1,0.42533230836328,0.28221578857954,0.999999994477962,1,0.312393849055574,NA,0.999843220047901,1,0.286550446603067,NA,1,1,0.317075241348358,0.249843079344568
"S3",1000,1,0.3,0,1,1,0.470013257422889,0.00983669663741634,0.999999999997823,1,0.336819648433245,NA,0.999997094239372,1,0.302612780815903,NA,1,1,0.379816168095661,0.0153385410157242
"S1",1000,0,0,0,0.999999999923267,1,0.154082115663302,0.00381334942374386,0.531068585711027,0,0.0312484553868015,NA,0.0357552848394568,0,0.000753330840281405,NA,0.0978888888888889,0,0.0020329524655157,-0.00444852342668806
"S2",1000,1,0.3,0.3,1,1,0.423208843572461,0.295140547937855,0.999999934411069,1,0.269241473891226,NA,0.999354518560009,1,0.248027668210113,NA,1,1,0.256826915778173,0.333736250809013
"S3",1000,1,0.3,0,1,1,0.457855073624119,-0.0170860539203275,0.999999999919002,1,0.310341024993772,NA,0.999987363999085,1,0.282889659012811,NA,1,1,0.326538675899929,0.00459784250628002
"S1",1000,0,0,0,0.999999999977865,1,0.160053237576173,0.00186276516864161,0.0355911571109322,0,-0.00191774699150868,NA,0.0325433051232428,0,0.000142788550301757,NA,0.0443333333333333,0,-0.000852656041602875,-0.00131341455343684
"S2",1000,1,0.3,0.3,1,1,0.486874625608334,0.299610255989186,0.999998018878993,1,0.274496707042194,NA,0.985552166885769,1,0.249595788813326,NA,1,1,0.260280618800526,0.293409112990413
"S3",1000,1,0.3,0,1,1,0.447630021460498,0.0178085678217638,0.999999999985548,1,0.321172990250086,NA,0.999987897863334,1,0.294694336160525,NA,1,1,0.309266003025524,0.0326858801433983
"S1",1000,0,0,0,0.999999999960944,1,0.156218685288491,-0.00630188531127898,0.0734837748587434,0,-0.00379887478326235,NA,0.0324416659090617,0,6.16536803385733e-05,NA,0.4225,0,0.000740565049686716,-0.0317732028968962
"S2",1000,1,0.3,0.3,1,1,0.456707097299912,0.309585831589999,0.999999969689341,1,0.311771061291372,NA,0.999072406881689,1,0.285156794819557,NA,1,1,0.332013017101272,0.374428485941885
"S3",1000,1,0.3,0,1,1,0.478637701212407,0.00771643447616552,0.999999999411566,1,0.316141203966169,NA,0.999989202019207,1,0.303789463000744,NA,1,1,0.334388991858161,0.00438968156614924
"S1",1000,0,0,0,0.99999999991129,1,0.156125648756602,-0.0133554000609507,0.340387597222549,0,-0.0198472222376472,NA,0.0324249214979856,0,-3.96291514022059e-05,NA,0.0694444444444444,0,-0.00042888203103085,-0.00308767293589579
"S2",1000,1,0.3,0.3,1,1,0.456216249616088,0.307251274038312,0.999999832609329,1,0.296202599371179,NA,0.995202294772419,1,0.256601626883654,NA,1,1,0.350403999576595,0.329125218776405
"S3",1000,1,0.3,0,1,1,0.44828971043613,0.00476003190102341,0.999999999996046,1,0.326539399319659,NA,0.9999781161007,1,0.289363037164717,NA,1,1,0.338818054440155,-0.0325847952011833
"S1",1000,0,0,0,0.999999948022341,1,0.130348119874174,-0.00572428848717232,0.0587087073447379,0,0.00313500412867263,NA,0.0324380982104045,0,-5.99495670257516e-05,NA,0.0267777777777778,0,0.000554385805709992,-0.000146164162512992
"S2",1000,1,0.3,0.3,1,1,0.504089950353584,0.310406470206506,0.999999998774153,1,0.344575749474723,NA,0.999974801788075,1,0.320646720497499,NA,1,1,0.371490083985192,0.308821929914291
"S3",1000,1,0.3,0,1,1,0.422133507576428,0.0165674575761538,0.999999900408286,1,0.264258314554896,NA,0.998503309032899,1,0.247066041404541,NA,1,1,0.226932252973551,0.0155484492623991
"S1",1000,0,0,0,0.999999999989578,1,0.168794687783047,0.000910418850755382,0.497354141447189,0,0.0311384154066603,NA,0.0335807114952233,0,0.000483330043237461,NA,0.0878888888888889,0,0.00316028655485601,0.00451270445690359
"S2",1000,1,0.3,0.3,1,1,0.442036861164104,0.257793854931423,0.999998338152595,1,0.264547248102945,NA,0.960301054797809,1,0.215389649982849,NA,1,1,0.231007674015038,0.252146473367662
"S3",1000,1,0.3,0,1,1,0.45906946103423,-0.00634636562412396,0.999999813571041,1,0.248539223410387,NA,0.989115579984864,1,0.200120077345482,NA,1,1,0.213979341845415,-0.0516770574298319
"S1",1000,0,0,0,0.999999998204054,1,0.121771195097455,0.0312380044864459,0.0194501338045517,0,-0.00100727626240122,NA,0.0332814424184684,0,0.000354364126578508,NA,0.197722222222222,0,-0.00147915262890938,0.0108962944587708
"S2",1000,1,0.3,0.3,1,1,0.413438806349593,0.290986112925127,0.999999983798962,1,0.314952506256335,NA,0.999969952910587,1,0.314024642196946,NA,1,1,0.333208520586267,0.291535884255391
"S3",1000,1,0.3,0,1,1,0.460131316830908,-0.00674279327841614,0.999999999864088,1,0.312054668160995,NA,0.999799785194108,1,0.272994951604498,NA,1,1,0.328258803788533,-0.0625075195984704
"S1",1000,0,0,0,0.99999999998303,1,0.163832766847975,0.00605294613359849,0.238692666842785,0,-0.0134225474359914,NA,0.0443040838839377,0,-0.00172584930964252,NA,0.108333333333333,0,-0.00243259707044277,-0.00577909769613039
"S2",1000,1,0.3,0.3,1,1,0.451830147675366,0.315572819085553,0.999999988678621,1,0.326925250815812,NA,0.999664415655651,1,0.296576484462556,NA,1,1,0.323130195322835,0.348827065256271
"S3",1000,1,0.3,0,1,1,0.434696437970355,0.00500444978879701,0.999999900356342,1,0.265860248570194,NA,0.996969711215572,1,0.24022446215586,NA,1,1,0.268358623772478,0.0136352345520046
"S1",1000,0,0,0,0.999999999989909,1,0.157139818758455,0.0013103743866095,0.742375995354952,0,0.0454306457220117,NA,0.0674820561895029,0,0.00376966294187243,NA,0.0458888888888889,0,0.00262427573920713,0.00135250044418823
"S2",1000,1,0.3,0.3,1,1,0.455933750324409,0.295753259598426,0.99999999563566,1,0.319438955403677,NA,0.999966311054385,1,0.312080919431127,NA,1,1,0.287268247224593,0.362963108114495
"S3",1000,1,0.3,0,1,1,0.467511504326043,0.000827225558433761,0.99999999999963,1,0.345858118185424,NA,0.999999972427551,1,0.343732821482788,NA,1,1,0.393161317532461,-0.00987399066497709
"S1",1000,0,0,0,0.999999895079941,1,0.131782941317894,-0.00463886137710485,0.0915337809846901,0,0.00488219115893817,NA,0.0324164868881877,0,-1.26610216674541e-05,NA,0.0419444444444444,0,0.000301359443409208,-0.000389975624443363
"S2",1000,1,0.3,0.3,1,1,0.44025105515338,0.31608007998893,0.999981802110046,1,0.245386237070179,NA,0.976907825496824,1,0.223746487794064,NA,1,1,0.22564747222568,0.276968156843753
"S3",1000,1,0.3,0,1,1,0.454504662647137,0.0057012745769393,0.999999999999392,1,0.326833996087852,NA,0.999999354087431,1,0.30023730507945,NA,1,1,0.3017063209936,0.0109141951039379
"S1",1000,0,0,0,0.999999987946843,1,0.139790832342013,0.00176430084414022,0.701337459465513,0,-0.0464237015501607,NA,0.0368973836422606,0,-0.000946533623591891,NA,0.294888888888889,0,-0.0184076535058662,0.0190523261321133
"S2",1000,1,0.3,0.3,1,1,0.453144830067945,0.318830211847325,0.999999999724236,1,0.346541980368302,NA,0.99999411514599,1,0.319171987424359,NA,1,1,0.384927612242573,0.262858360554693
"S3",1000,1,0.3,0,1,1,0.438006619436348,-0.00880936283795391,0.999999996338435,1,0.272813684241645,NA,0.999982705362084,1,0.270159434637993,NA,1,1,0.277968026965071,0.00274037260408999
"S1",1000,0,0,0,0.999999999226891,1,0.151766268788463,-0.017731001665613,0.0542663903539373,0,-0.0032093966507813,NA,0.0344986239130478,0,-0.000656376483796479,NA,0.0905555555555556,0,-0.00513200120989488,-0.00303279627442111
"S2",1000,1,0.3,0.3,1,1,0.434389811508278,0.300007672159655,0.999999999908411,1,0.345360734438435,NA,0.999980804731775,1,0.311657618548775,NA,1,1,0.351405782464653,0.329842399778468
"S3",1000,1,0.3,0,1,1,0.457598927496178,0.00371814388017095,0.999999995820041,1,0.283382572055863,NA,0.999946322694039,1,0.275708058672513,NA,1,1,0.290968598227748,-0.0425205372729744
"S1",1000,0,0,0,0.999999999509789,1,0.14487220148394,-0.0166191252762564,0.0250620117198274,0,0.00133054783478644,NA,0.0325049993271502,0,0.000118190195947398,NA,0.068,0,-0.00166681127355671,-0.00292092166787207
"S2",1000,1,0.3,0.3,1,1,0.398609430670577,0.304420243910498,0.999432619297243,1,0.193737922592955,NA,0.86853082823757,1,0.170077722715076,NA,1,1,0.274488406775757,0.379132415274065
"S3",1000,1,0.3,0,1,1,0.437654826079999,-0.0171729147106012,0.999999087406751,1,0.244277559141076,NA,0.986998948438033,1,0.225623040484315,NA,1,1,0.209688571750583,-0.00613172801478601
"S1",1000,0,0,0,0.999999999999968,1,0.185291738493607,0.01352778606779,0.13617952849734,0,0.0076173077563454,NA,0.0334784410203044,0,0.000451916137718008,NA,0.0361111111111111,0,3.13564088105164e-06,-0.000487746042951794
"S2",1000,1,0.3,0.3,1,1,0.448720895114912,0.309116046524712,0.99999997191991,1,0.293241439350716,NA,0.999436189979954,1,0.26725744578256,NA,1,1,0.315401690101626,0.324635983032492
"S3",1000,1,0.3,0,1,1,0.436246272744585,0.00925483904366336,0.999999998773455,1,0.293467310374413,NA,0.99989724194993,1,0.26860488867614,NA,1,1,0.313850632621236,0.028547454498805
"S1",1000,0,0,0,0.999999999889815,1,0.15238444292818,-0.0173807261632381,0.278540390080545,0,0.015437180760621,NA,0.0327472563300075,0,0.000228108453139488,NA,0.0335555555555556,0,0.000505819385106406,2.4285770844889e-05
"S2",1000,1,0.3,0.3,1,1,0.440504392971892,0.311655400142024,0.999999999965217,1,0.357729445234101,NA,0.999997480345374,1,0.335058359665934,NA,1,1,0.330441035004788,0.336274439337229
"S3",1000,1,0.3,0,1,1,0.423683748103738,0.033925278987083,0.999999999998877,1,0.320036411179151,NA,0.999995561779284,1,0.285521031752129,NA,1,1,0.329856970557753,0.0410399090606013
"S1",1000,0,0,0,0.999999983362026,1,0.128387922776565,0.0143649021558414,0.77204979153186,0,0.0456837215362606,NA,0.0611764315483194,0,0.00306087996728096,NA,0.125944444444444,0,0.00741752134577868,0.00213878637967607
"S2",1000,1,0.3,0.3,1,1,0.490903866620051,0.289607066131328,0.999999999999736,1,0.406059194966514,NA,0.99999997658177,1,0.39276926449835,NA,1,1,0.398728987941831,0.298643177061791
"S3",1000,1,0.3,0,1,1,0.419846750369366,-0.0116231753769865,0.999999999858901,1,0.31341159124065,NA,0.99998608646833,1,0.291672316507349,NA,1,1,0.295506476995527,-0.00653357662653906
"S1",1000,0,0,0,0.999999978619056,1,0.132766827387603,-0.0104594267788781,0.379097164078639,0,-0.0215036392346113,NA,0.0338103042574386,0,-0.000515524602286777,NA,0.109277777777778,0,-0.0056453471476447,-0.00360936259031145
"S2",1000,1,0.3,0.3,1,1,0.482850605048503,0.301431083060726,0.999999956359637,1,0.333803930752301,NA,0.999707865627892,1,0.317756116188494,NA,1,1,0.341942444670423,0.309056274073838
"S3",1000,1,0.3,0,1,1,0.442209327576302,0.00950138405943401,0.999998034396911,1,0.238862446610501,NA,0.978333513290566,1,0.218182864422091,NA,0.972111111111111,1,0.217348815617689,-0.0144092210292142
"S1",1000,0,0,0,0.999999502133427,1,0.13617691959318,-0.00265707946483876,0.791352255971498,0,-0.0591250152277712,NA,0.114093094164447,0,-0.0102264921023018,NA,0.105722222222222,0,-0.00653468530083615,-0.00451919484620886
"S2",1000,1,0.3,0.3,1,1,0.455182714662681,0.291300370450931,0.999999998071997,1,0.321233997983903,NA,0.999890157852741,1,0.30154950406598,NA,1,1,0.338325744770346,0.351494469914003
"S3",1000,1,0.3,0,1,1,0.465187747620662,-0.011289311507748,0.999999999983379,1,0.328350441428405,NA,0.999996731570333,1,0.309245975489676,NA,1,1,0.33201632562702,0.0650868909303726
"S1",1000,0,0,0,0.999988569079316,1,0.111445422872198,0.00230237716649332,0.357173486500776,0,-0.0202380198291215,NA,0.0337361281372708,0,-0.000469445186539768,NA,0.0862222222222222,0,-0.00104761912414276,0.00432081722509031
"S2",1000,1,0.3,0.3,1,1,0.486921396825812,0.278068927185795,0.999999598541997,1,0.275784854779672,NA,0.99812790191673,1,0.258249119073336,NA,1,1,0.237300442227865,0.271324546347089
"S3",1000,1,0.3,0,1,1,0.490911454782159,-0.0151818403508119,0.999999999988251,1,0.342149663339821,NA,0.999975677517711,1,0.306237902039044,NA,1,1,0.388330746606544,0.0139342470799187
"S1",1000,0,0,0,1,1,0.201907810430579,-0.00307609868073006,0.585557975521883,0,0.0331992527906269,NA,0.0406091111865214,0,0.00131477247327445,NA,0.0571666666666667,0,0.00187196727353471,-0.000377292515282383
"S2",1000,1,0.3,0.3,1,1,0.457262146201464,0.30032397860951,0.99999999997948,1,0.364064288588986,NA,0.999978395664655,1,0.315838663991768,NA,1,1,0.347007770184996,0.30428567477023
"S3",1000,1,0.3,0,1,1,0.454482111738914,0.0141540708811369,0.999999999400326,1,0.307603229084685,NA,0.999994249210115,1,0.301436288035185,NA,1,1,0.329821329172614,0.00835836611151079
"S1",1000,0,0,0,0.99993124112645,1,0.0999534545457652,0.0043978879559521,0.834087140650601,0,-0.0581144553589894,NA,0.0493140852566135,0,-0.00205948386308296,NA,0.4405,0,-0.0439829400426114,0.0178789785546414
"S2",1000,1,0.3,0.3,1,1,0.467053179175309,0.288060506485352,0.999999999991035,1,0.367032938462977,NA,0.999997890490365,1,0.336576178867759,NA,1,1,0.326450989632806,0.386177295223158
"S3",1000,1,0.3,0,1,1,0.417376166496415,0.0073388029874194,0.999999998774828,1,0.268683436083548,NA,0.999485977737125,1,0.234045041606974,NA,1,1,0.262813832957831,-0.0011382331693869
"S1",1000,0,0,0,0.999999999892965,1,0.166294690647481,-0.00148257911266892,0.12682023500574,0,-0.00734169528976844,NA,0.0337503910717978,0,-0.00049692413524945,NA,0.100777777777778,0,0.000948832272798208,-0.00397196944344236
"S2",1000,1,0.3,0.3,1,1,0.448517761387012,0.300012536893738,0.999999803005624,1,0.266788759070405,NA,0.999306162006038,1,0.252322093911654,NA,1,1,0.314730592162112,0.231464392778988
"S3",1000,1,0.3,0,1,1,0.427237281256555,-0.00539547191629432,0.99999986014868,1,0.255650933808101,NA,0.977878647317561,1,0.209698207029462,NA,1,1,0.250495830789141,0.044610780516065
"S1",1000,0,0,0,0.999999999999979,1,0.185226347634741,-0.00528579256976423,0.0245067207354726,0,0.00139816930543992,NA,0.0341023911563901,0,0.000536147389066379,NA,0.0437222222222222,0,-0.000387125010837443,0.00135299165064219
"S2",1000,1,0.3,0.3,1,1,0.470665418726105,0.310292339841443,0.999999999996903,1,0.387164226868242,NA,0.999999876193214,1,0.368443906570861,NA,1,1,0.363914187938683,0.296548984576812
"S3",1000,1,0.3,0,1,1,0.442234369261703,-0.00298202894932294,0.999999999997343,1,0.318777932738325,NA,0.999993189651955,1,0.287184307344484,NA,1,1,0.294561589131055,0.0168489901139504
"S1",1000,0,0,0,0.999999999634351,1,0.135551154750275,-0.0230993415468338,0.211386645068849,0,-0.0117341679676528,NA,0.0330057194552053,0,-0.000319481551315448,NA,0.0773888888888889,0,0.00107363919223405,-0.0034777124454314
"S2",1000,1,0.3,0.3,1,1,0.462187109744156,0.29422419009546,0.999999995110082,1,0.320114486483991,NA,0.999958278859773,1,0.301283597316001,NA,1,1,0.306056611233193,0.319626527828188
"S3",1000,1,0.3,0,1,1,0.492920261367723,-0.00535277035669412,0.999999999999998,1,0.373862111110136,NA,0.999999940890345,1,0.338187078631549,NA,1,1,0.367232796418944,0.0142965063147488
"S1",1000,0,0,0,0.999999997172202,1,0.145320656494587,0.00481074647625722,0.267247588239224,0,-0.0151454902168471,NA,0.035782278032377,0,-0.000821797842148316,NA,0.0488888888888889,0,-0.00102818988942008,-0.00158114411839451
"S2",1000,1,0.3,0.3,1,1,0.399304585731429,0.30037679077058,0.999999995269144,1,0.28558697809796,NA,0.999942994109608,1,0.26935114881215,NA,1,1,0.284193329143553,0.233428095532559
"S3",1000,1,0.3,0,1,1,0.43754647315819,0.00508662297429479,0.999999993606004,1,0.276272989374722,NA,0.999549213874163,1,0.248367063367296,NA,1,1,0.268296664690064,-0.0178506871668554
"S1",1000,0,0,0,0.99999999999995,1,0.175387828889705,-0.0101739192801356,0.76193651176741,0,0.0532110195177655,NA,0.0561259551044712,0,0.00312831339266063,NA,0.083,0,0.00401712471534567,-0.00202847176959392
"S2",1000,1,0.3,0.3,1,1,0.441644000197673,0.311886399982489,0.999999999992675,1,0.365808306624165,NA,0.999999473061226,1,0.339052991348251,NA,1,1,0.318603956990162,0.345016543673042
"S3",1000,1,0.3,0,1,1,0.43819224301432,0.00197531131108835,0.999999999981533,1,0.310070305004021,NA,0.999993202074723,1,0.287216753514511,NA,1,1,0.303616883599071,-0.047862650803228
"S1",1000,0,0,0,0.999999999901008,1,0.161110764426227,-0.00950760174518461,0.191225416411161,0,-0.0112083277157933,NA,0.0325688459205613,0,-0.000168031315305223,NA,0.0490555555555556,0,-0.000966843564807858,-0.00077300947608131
"S2",1000,1,0.3,0.3,1,1,0.41433926114579,0.284749079425952,0.999998989329647,1,0.262739898412222,NA,0.999168346733147,1,0.268911551438391,NA,1,1,0.245370366146006,0.349112148650472
"S3",1000,1,0.3,0,1,1,0.440521030357348,-0.024214034502953,0.999999999612114,1,0.303613256005902,NA,0.995939418160675,1,0.246169821757189,NA,1,1,0.319674752369751,-0.0644874519806736
"S1",1000,0,0,0,0.999999999999651,1,0.167564455181686,-0.0177661897765611,0.553109329098593,0,0.032691178591695,NA,0.0407689574617533,0,0.00135348553876404,NA,0.0532777777777778,0,0.00125645762809146,-0.00145598069309804
"S2",1000,1,0.3,0.3,1,1,0.484292674943051,0.309570793853361,0.999999994490311,1,0.32589102482616,NA,0.99999425862009,1,0.336098213313884,NA,1,1,0.334880852131652,0.290539578704587
"S3",1000,1,0.3,0,1,1,0.455770050595375,-0.00184983047273252,0.999999999997813,1,0.334751791178396,NA,0.999999531190191,1,0.323138693262193,NA,1,1,0.347670732340493,0.0288445270259104
"S1",1000,0,0,0,0.999999999996931,1,0.167471432455527,0.01222349514592,0.316495732052565,0,0.0175808905909184,NA,0.0418753541114154,0,0.00149214595293336,NA,0.09,0,7.57374289465052e-05,0.00393898970994832
"S2",1000,1,0.3,0.3,1,1,0.42764535211755,0.300062211537978,0.999999214838118,1,0.264202661210566,NA,0.968625563811471,1,0.213407297287245,NA,1,1,0.25085514888159,0.30643007137689
"S3",1000,1,0.3,0,1,1,0.473617957725214,-0.00255430180846195,0.999999999998941,1,0.341900041694826,NA,0.999989591699642,1,0.306599524862172,NA,1,1,0.377708321740246,-0.0224387603917782
"S1",1000,0,0,0,0.999999999999896,1,0.175483052921399,0.0136761748839791,0.527623000931118,0,-0.0315174057340231,NA,0.0352437182073666,0,-0.000767952614156622,NA,0.0967777777777778,0,-0.00285392263941264,-0.00316582962752038
"S2",1000,1,0.3,0.3,1,1,0.426066848098278,0.306077501331122,0.999999958311312,1,0.312228490541708,NA,0.99905468586705,1,0.287035362225146,NA,1,1,0.275158638092556,0.345969804431476
"S3",1000,1,0.3,0,1,1,0.455116934174724,0.0197509720266632,0.999999999998692,1,0.338064494595531,NA,0.999976830832043,1,0.301037269721804,NA,1,1,0.357083094723348,0.0100672032796145
"S1",1000,0,0,0,0.999999999969662,1,0.166546489977378,0.00869547665819734,0.0559299291510789,0,0.00327009817067423,NA,0.0324505328576407,0,-8.1203151793736e-05,NA,0.0353333333333333,0,3.50393786925241e-05,0.000903046300148706
"S2",1000,1,0.3,0.3,1,1,0.486214708962637,0.304405368178202,1,1,0.432656843451131,NA,0.999999978273313,1,0.38483839960679,NA,1,1,0.462140363488665,0.349188316342449
"S3",1000,1,0.3,0,1,1,0.453770867670186,0.00706883726736944,0.999999997638244,1,0.299262394027807,NA,0.999977780264366,1,0.301743004229762,NA,1,1,0.30438255220087,0.0711555088631983
"S1",1000,0,0,0,0.999999999998347,1,0.169614351679431,-0.0196860117639304,0.390707026682122,0,0.0234278203208811,NA,0.0416622965081922,0,0.00155309464759286,NA,0.0865,0,0.00361001404381989,-0.00315537307423527
"S2",1000,1,0.3,0.3,1,1,0.482849285732248,0.295903534943113,0.999999997913551,1,0.337204002823583,NA,0.999998699734521,1,0.33900687809791,NA,1,1,0.332647417675279,0.296261516670871
"S3",1000,1,0.3,0,1,1,0.439764049081246,-0.0248536007367324,0.999999995734787,1,0.283725559569048,NA,0.99984213235053,1,0.269117271017569,NA,1,1,0.299910348476265,-0.00759081913299485
"S1",1000,0,0,0,0.999999999996689,1,0.164566255706644,0.00344610741877123,0.154878869136078,0,0.00849769967958906,NA,0.0344054043725144,0,0.000569514693099073,NA,0.0904444444444444,0,0.000312504202150438,0.00402956729501377
"S2",1000,1,0.3,0.3,1,1,0.438698713488383,0.324579432452197,0.999998308537468,1,0.281114164419327,NA,0.967802353647707,1,0.230705136733896,NA,1,1,0.311187193754535,0.35441357576879
"S3",1000,1,0.3,0,1,1,0.469819983072227,0.00189809490520687,0.999999999300622,1,0.301013266725677,NA,0.999792302152454,1,0.265190784807547,NA,1,1,0.301974392391743,0.0173021955783436
"S1",1000,0,0,0,0.999997664231504,1,0.110606799829513,0.00838495226329347,0.778010514782404,0,-0.0484577957700833,NA,0.0547252974266193,0,-0.00259608421924837,NA,0.735833333333333,1,-0.0449643116374096,0.0527666708014348
"S2",1000,1,0.3,0.3,1,1,0.418429588104722,0.292309896954597,0.999995467523883,1,0.244146824790895,NA,0.991924562961497,1,0.223970176331367,NA,1,1,0.256080701953156,0.235060797891505
"S3",1000,1,0.3,0,1,1,0.458324511634641,-0.00127759369028983,0.999999928768257,1,0.289841781284696,NA,0.999868034995891,1,0.29386886504413,NA,1,1,0.284410658701344,0.0613327437738751
"S1",1000,0,0,0,0.999999999999987,1,0.177080386392084,0.0145375580221624,0.205664193009019,0,0.0112817156891087,NA,0.0334940385599137,0,0.000410105849031602,NA,0.106277777777778,0,0.000645745748789108,0.00516951006598575
"S2",1000,1,0.3,0.3,1,1,0.409342557588472,0.286455707474995,0.99999063235087,1,0.242552092626172,NA,0.989208320960486,1,0.22929330906086,NA,1,1,0.230777803934012,0.279991672363368
"S3",1000,1,0.3,0,1,1,0.476521211851407,0.0201085915511422,0.99999999989291,1,0.32246817820308,NA,0.999980660979924,1,0.303035108519496,NA,1,1,0.306619268999113,-0.00165208540352402
"S1",1000,0,0,0,0.999999997345692,1,0.14067932879828,-0.00652176422994863,0.122470823599939,0,0.00613887987438951,NA,0.0325237845170986,0,0.000122601065983019,NA,0.0426111111111111,0,-0.000646907448097924,0.000994215269427257
"S2",1000,1,0.3,0.3,1,1,0.474523352503238,0.310785781527323,0.999999999882197,1,0.372925735997484,NA,0.999935459128937,1,0.326861752379632,NA,1,1,0.311561529937947,0.386369485149381
"S3",1000,1,0.3,0,1,1,0.459109556823384,0.000250133336193589,0.999999999999919,1,0.351084369667227,NA,0.999999146050607,1,0.313587229004201,NA,1,1,0.372121443416521,-0.00844015434489268
"S1",1000,0,0,0,0.999994196996594,1,0.109778397215984,-0.00615457382698495,0.64963909850492,0,-0.0390502577498467,NA,0.0346947584365285,0,-0.000588933106753862,NA,0.0852777777777778,0,-0.00408724845785568,-0.00399015534434795
"S2",1000,1,0.3,0.3,1,1,0.420688888754119,0.297279293707634,0.99998880373493,1,0.237968761397473,NA,0.979533908263967,1,0.216902300507196,NA,1,1,0.251529459708854,0.306571552583953
"S3",1000,1,0.3,0,1,1,0.43572229690841,0.0267213513912332,0.999999898327238,1,0.26407388475995,NA,0.99941541021635,1,0.257097549133676,NA,1,1,0.253566441979592,0.0116383706779796
"S1",1000,0,0,0,0.999999999998853,1,0.16374169836647,0.0102905744188857,0.520471667865948,0,0.0304847400602771,NA,0.0371282612868213,0,0.000954409146232247,NA,0.0736111111111111,0,0.000239607741578743,-0.00333368522329129
"S2",1000,1,0.3,0.3,1,1,0.504870041298118,0.289703758131344,0.999999999994256,1,0.376425845705059,NA,0.999999921363641,1,0.352627548314219,NA,1,1,0.344758817492664,0.311626235424333
"S3",1000,1,0.3,0,1,1,0.462742240568851,0.0038646154378745,0.999999998908459,1,0.312342872831269,NA,0.999009630919957,1,0.268865694321349,NA,1,1,0.307090824084762,0.0811787543921096
"S1",1000,0,0,0,1,1,0.198349311069462,-0.00742682292695599,0.764824198360513,0,0.0521129181835805,NA,0.056158640929722,0,0.00283582437912068,NA,0.0953888888888889,0,0.00452657583708323,0.00298986572397222
"S2",1000,1,0.3,0.3,1,1,0.536779004419117,0.284939649122544,0.999999999989839,1,0.381814004429807,NA,0.999999920727907,1,0.370566568204591,NA,1,1,0.323859448080701,0.250415682238268
"S3",1000,1,0.3,0,1,1,0.455905240616584,-0.00955460943692961,0.999999999129436,1,0.308400540447487,NA,0.999098984769067,1,0.261335950597759,NA,1,1,0.316450997586417,-0.0173938265583544
"S1",1000,0,0,0,0.999999998347905,1,0.13783992842919,0.00919540875515415,0.0479774104821895,0,0.00249096475550318,NA,0.0328420518723426,0,0.000243094438580015,NA,0.0515555555555556,0,0.000557703860544484,0.0013405643091117
"S2",1000,1,0.3,0.3,1,1,0.390454206176363,0.299477240120603,0.999999734284144,1,0.275833560918193,NA,0.99969976230335,1,0.297102248522486,NA,1,1,0.266167440439974,0.327919638617422
"S3",1000,1,0.3,0,1,1,0.475592875643884,0.00690302307593855,0.999999999868633,1,0.323234729254555,NA,0.999988416396559,1,0.308978402815389,NA,1,1,0.308373499450026,0.0507044114206718
"S1",1000,0,0,0,0.999999999999986,1,0.182270673986686,-0.00662600478227967,0.846711751993139,0,0.0607077137890578,NA,0.099156302566861,0,0.00666303266641397,NA,0.0739444444444444,0,0.00448907062749106,0.00152999844351734
"S2",1000,1,0.3,0.3,1,1,0.45731893249722,0.317492527241571,0.999999997021726,1,0.309029781462452,NA,0.999533095118006,1,0.267462420698974,NA,1,1,0.348381038404472,0.32443526080006
"S3",1000,1,0.3,0,1,1,0.477461189371802,-0.0183969648110086,0.99999999950104,1,0.311651476302037,NA,0.99999372814962,1,0.307043654903086,NA,1,1,0.302444523317308,-0.0276614886977903
"S1",1000,0,0,0,0.999999945425328,1,0.137039066318536,-0.00271172616359728,0.269690820600867,0,-0.0144920525472999,NA,0.0330949000584349,0,-0.000319854155530682,NA,0.0466111111111111,0,-0.00141120465694369,-0.00152234744316065
"S2",1000,1,0.3,0.3,1,1,0.44444582534414,0.31319470500254,0.999999000608815,1,0.27047571759754,NA,0.998885511473937,1,0.26128761987974,NA,1,1,0.320861153032226,0.344046716994364
"S3",1000,1,0.3,0,1,1,0.45730144531678,-0.0117331420423649,0.999999999997538,1,0.348900221464648,NA,0.999992311213118,1,0.307689674199834,NA,1,1,0.349997832653513,-0.0498254531361098
"S1",500,0,0,0,0.968537600905172,1,0.0655915178963693,-0.029440220444061,0.248124875405612,0,-0.0180558246138909,NA,0.0362541020985362,0,-0.00107764889595666,NA,0.0583888888888889,0,-0.00196476302697925,-0.00325067786489169
"S2",500,1,0.3,0.3,1,1,0.494327133763722,0.292365661176255,0.999999934084939,1,0.360678630712462,NA,0.995821140198364,1,0.315359731438179,NA,1,1,0.352721365727994,0.250149420520201
"S3",500,1,0.3,0,1,1,0.471871750275318,-0.00202342926993992,0.999999943190694,1,0.360672975364896,NA,0.973851780827485,1,0.276818991787119,NA,1,1,0.375874508563364,0.0148078526806524
"S1",500,0,0,0,0.999971256366851,1,0.151942285282792,0.0110802235644541,0.141372587015666,0,0.0110994005063393,NA,0.0337393848809514,0,0.000661164104676496,NA,0.0584444444444444,0,0.000160820602872755,0.00352417539504398
"S2",500,1,0.3,0.3,1,1,0.457985241248245,0.287387997897566,0.999942060631716,1,0.301049238101891,NA,0.906730186767406,1,0.237057163212827,NA,1,1,0.245041967554419,0.322518129860609
"S3",500,1,0.3,0,1,1,0.441170910217134,-0.00638640315098441,0.999999969109161,1,0.359382266432228,NA,0.999816094805652,1,0.357660426836761,NA,1,1,0.408308307921653,0.0411862921286708
"S1",500,0,0,0,0.997164222680042,1,0.116631336057383,-0.0152238173531178,0.513522378017283,0,-0.0427639467338863,NA,0.0395643239662017,0,-0.00174257548865798,NA,0.135166666666667,0,-0.0160832993140333,0.00173211686351457
"S2",500,1,0.3,0.3,1,1,0.45415436668205,0.290604534120731,0.999587487907189,1,0.258905556262392,NA,0.81623487233235,1,0.194909034480416,NA,1,1,0.252151055044776,0.276262630506831
"S3",500,1,0.3,0,1,1,0.427384858209879,0.0231223808851195,0.99661169628868,1,0.217555941909051,NA,0.688123364134345,1,0.158837990663364,NA,0.190555555555556,0,0.0301786813601459,0.00300403893500555
"S1",500,0,0,0,0.99997932520356,1,0.154316516363865,-0.00341140747835869,0.60930647098161,0,-0.0600291307175798,NA,0.0385413891839472,0,-0.0017949177492486,NA,0.0498888888888889,0,-0.00320825187132985,-0.000300869374707604
"S2",500,1,0.3,0.3,1,1,0.501761748475942,0.279248299967252,0.999987961644245,1,0.361469574061229,NA,0.834064491119439,1,0.251577222254299,NA,1,1,0.302664926679195,0.194580239225325
"S3",500,1,0.3,0,1,1,0.463791731937426,0.0102782485864771,0.999999150986676,1,0.340508154611503,NA,0.986502885576109,1,0.297644403090806,NA,1,1,0.340919966881798,0.0111273942037003
"S1",500,0,0,0,0.999992885238538,1,0.152637176830419,-0.0152971139670286,0.691656480404218,0,0.0578490861299573,NA,0.0476356138255009,0,0.00258142727081826,NA,0.0560555555555556,0,0.00309083658097024,-0.00199338639558563
"S2",500,1,0.3,0.3,1,1,0.497598637700631,0.29501523586066,0.999860718619432,1,0.325803523084033,NA,0.913881291878306,1,0.285742899141647,NA,1,1,0.287195446923489,0.31775663499298
"S3",500,1,0.3,0,1,1,0.41861626676884,-0.0111152321412827,0.999875470140031,1,0.237864116996885,NA,0.721999105820325,1,0.156794104705101,NA,1,1,0.257879282095023,-0.0119986824112979
"S1",500,0,0,0,0.999994363099461,1,0.162359331028691,0.00670739063895979,0.177202993591895,0,0.0146896207172619,NA,0.0324590950759066,0,-0.000133483296218211,NA,0.0431666666666667,0,0.000882956088295066,0.00205959233505082
"S2",500,1,0.3,0.3,1,1,0.465725751189365,0.313262901980313,0.998622309793358,1,0.272098419859231,NA,0.713158266079495,1,0.178300934840456,NA,1,1,0.248310179709024,0.325646131429311
"S3",500,1,0.3,0,1,1,0.335730849847446,-0.0164223553866254,0.988532140311998,1,0.178870545377658,NA,0.217284553145317,0,0.0336784253737343,NA,0.342388888888889,0,0.0563229754901751,-0.00874999207234463
"S1",500,0,0,0,0.999997590501925,1,0.149368960209679,-0.0370450302174071,0.799601016967948,0,0.0835327963792152,NA,0.0555808103192092,0,0.00437542065819428,NA,0.224111111111111,0,0.0240231600909358,-0.0149146987926451
"S2",500,1,0.3,0.3,1,1,0.437607754868693,0.298849432552049,0.999999884594385,1,0.387413024222928,NA,0.998731917726351,1,0.32887334962906,NA,1,1,0.383141278428068,0.289645476171259
"S3",500,1,0.3,0,1,1,0.442245760803947,-0.0167954724798504,0.998304613523156,1,0.231466686967563,NA,0.301406666631112,0,0.0578094341273743,NA,0.844,1,0.204540401682563,0.0219230187128096
"S1",500,0,0,0,0.999850402726049,1,0.131417610889981,-0.0094302910355226,0.192512268037675,0,-0.0132291119573308,NA,0.0352869233575102,0,-0.000869570181657654,NA,0.169277777777778,0,-0.00742638827588756,-0.0117978256844654
"S2",500,1,0.3,0.3,1,1,0.437356984016505,0.324199967885183,0.999944261507955,1,0.315331799050152,NA,0.927019750058716,1,0.26878160497874,NA,1,1,0.293294751181906,0.33897915237727
"S3",500,1,0.3,0,1,1,0.421453016995481,-0.00558619408660132,0.999998948935314,1,0.332325781505727,NA,0.988147768690914,1,0.297809499743723,NA,1,1,0.327319214311071,-0.00039720640119913
"S1",500,0,0,0,0.999897247363738,1,0.133467919688717,0.0099832453756795,0.442157283456074,0,0.0374849010663423,NA,0.0364184124074218,0,0.0012408725615303,NA,0.0530555555555556,0,0.00215723144693628,0.00204195719849335
"S2",500,1,0.3,0.3,1,1,0.485221067619736,0.276887048719017,0.999999587617242,1,0.371788845968965,NA,0.998600969904194,1,0.34861246871775,NA,1,1,0.403722824882692,0.235359350824878
"S3",500,1,0.3,0,1,1,0.44189908180068,0.0236226943957491,0.99999509579316,1,0.321767928049257,NA,0.994501535630455,1,0.328672019903076,NA,1,1,0.324616563210194,0.00791673134233423
"S1",500,0,0,0,0.999938047668758,1,0.140547126187342,-0.0121602769050131,0.184328104857252,0,-0.0139772855598853,NA,0.0363818385709801,0,-0.00128688333319242,NA,0.102055555555556,0,-0.00595012222175712,-0.0069040415731523
"S2",500,1,0.3,0.3,1,1,0.390101224333916,0.280255179853057,0.976248851037123,1,0.175943602444069,NA,0.0728613656627423,0,0.00850696154677953,NA,1,1,0.151851461145005,0.33829442134045
"S3",500,1,0.3,0,1,1,0.468823179842639,-0.00324245564105254,0.99998826043665,1,0.292881479101997,NA,0.951731030754876,1,0.250470088109279,NA,1,1,0.304493320213899,0.000593443895624606
"S1",500,0,0,0,0.997142443637547,1,0.113151712216737,0.00752782973583883,0.139166393756829,0,0.010516971210183,NA,0.0347335813304259,0,0.000891216604069661,NA,0.079,0,0.00324591915190857,-0.00397808515561196
"S2",500,1,0.3,0.3,1,1,0.44223997168545,0.286897062667731,0.99995342118745,1,0.347585790057952,NA,0.812930872893403,1,0.249152635138858,NA,1,1,0.385728412351781,0.363956155173542
"S3",500,1,0.3,0,1,1,0.446253039077441,-0.0226101145439149,0.999999931157032,1,0.351070514632008,NA,0.998849397388325,1,0.332686444134445,NA,1,1,0.384940377269424,-0.018107774111145
"S1",500,0,0,0,0.999235498152366,1,0.109967686187148,0.0236134227231151,0.469631955748267,0,-0.0377044855920699,NA,0.0391855693802422,0,-0.00161608352597323,NA,0.0289444444444444,0,-0.000937267171991919,-0.000116198529439974
"S2",500,1,0.3,0.3,1,1,0.453042372853221,0.319946053413816,0.999881507451477,1,0.339969344800921,NA,0.906197955456309,1,0.301702932724288,NA,1,1,0.375600638703042,0.41336749989731
"S3",500,1,0.3,0,1,1,0.444258456265237,0.0182532487869243,0.999995840445731,1,0.29991009403024,NA,0.85717773668984,1,0.207034724177299,NA,1,1,0.309388516656081,0.0547422884673011
"S1",500,0,0,0,0.999637709649462,1,0.129243324279129,-0.00115438699046829,0.416932929347965,0,-0.0351344132860607,NA,0.0335460860575563,0,0.000660932228248768,NA,0.0525555555555556,0,-0.00362556586934633,0.000546910103112082
"S2",500,1,0.3,0.3,1,1,0.497687702970174,0.293589658061554,0.999989238500339,1,0.372518123870224,NA,0.953526461627372,1,0.317631669052293,NA,1,1,0.334986145145832,0.369015914047385
"S3",500,1,0.3,0,1,1,0.440725483801624,0.0087785559545279,0.999999960888976,1,0.353250647447121,NA,0.999782160273294,1,0.339013406263017,NA,1,1,0.342254074010642,0.0340019011609076
"S1",500,0,0,0,0.999687151339909,1,0.122753497480347,-0.0145536257861306,0.125876649268426,0,-0.00936777586867597,NA,0.0327929721188419,0,-0.000334125432590983,NA,0.0736666666666667,0,-0.000678306908186287,0.00421331375652364
"S2",500,1,0.3,0.3,1,1,0.366125294846792,0.302747211182864,0.99993433016365,1,0.288227134319115,NA,0.840837650218911,1,0.208108780812247,NA,1,1,0.296426294824074,0.350736702877867
"S3",500,1,0.3,0,1,1,0.545718028314918,0.0220663251886549,0.999999981741855,1,0.399346944805726,NA,0.998788463850331,1,0.349971986728777,NA,1,1,0.391336362119268,0.00480222666887496
"S1",500,0,0,0,0.999999711978449,1,0.169777309321893,-0.0229857573975931,0.843381509376556,0,0.0817516175699663,NA,0.071532424655596,0,0.00597556160344309,NA,0.2315,0,0.0224415939866255,-0.0142826625786993
"S2",500,1,0.3,0.3,1,1,0.439084393312795,0.299345225686751,0.999365764315454,1,0.247786500563893,NA,0.481464699986744,0,0.101179597994116,NA,1,1,0.339915030122687,0.343260249141925
"S3",500,1,0.3,0,1,1,0.436351148396063,-0.0034769960147718,0.997930054565513,1,0.251357943740246,NA,0.349589972071785,0,0.0736418499670296,NA,0.211166666666667,0,0.0395925882006213,0.00338280203969691
"S1",500,0,0,0,0.999956778577429,1,0.142019493210059,-0.0221230630937932,0.328793913537067,0,-0.0271079805560716,NA,0.0380016530345754,0,-0.00154453119237034,NA,0.0507777777777778,0,-0.00114901615085407,-0.00320365337633235
"S2",500,1,0.3,0.3,1,1,0.40649078308039,0.309784145632661,0.999999670674814,1,0.428052319005426,NA,0.995942072216456,1,0.403167235427955,NA,1,1,0.343961126453618,0.327142177161689
"S3",500,1,0.3,0,1,1,0.448737064349818,-0.0106245722955658,0.99997449241683,1,0.290154145096016,NA,0.957629258062725,1,0.259177249887978,NA,1,1,0.278114251224765,0.12700573603083
"S1",500,0,0,0,0.999991857921704,1,0.152245827993067,-0.0287359801014949,0.378682678962886,0,-0.0325703380734974,NA,0.0386142763492176,0,-0.00176415232371315,NA,0.330277777777778,0,-0.0161717194848541,-0.0392091094110473
"S2",500,1,0.3,0.3,1,1,0.494952697619717,0.311256411956266,0.999971384500039,1,0.320339940705309,NA,0.917413456809265,1,0.26072607805116,NA,1,1,0.329870470999188,0.243670689383009
"S3",500,1,0.3,0,1,1,0.483547052906434,0.00362052997641634,0.999999361874664,1,0.360744218807054,NA,0.902083106742464,1,0.260468182851129,NA,1,1,0.36759025019227,0.0162908526615471
"S1",500,0,0,0,0.997993590432423,1,0.120210786473845,0.00890513634787569,0.196321864072754,0,0.0152556552094796,NA,0.0423615232308273,0,-0.00233748906367924,NA,0.0483888888888889,0,0.000524776848461324,0.00138589949722102
"S2",500,1,0.3,0.3,1,1,0.500966480178406,0.291176283944574,0.999968379137476,1,0.357327554915064,NA,0.84053056397269,1,0.267513647754621,NA,1,1,0.340292093971897,0.284591791573547
"S3",500,1,0.3,0,1,1,0.402530658621524,0.0239792931017134,0.99956959344402,1,0.243917992525292,NA,0.866811150862659,1,0.220683987362989,NA,0.983777777777778,1,0.229208287832772,0.0878578599579084
"S1",500,0,0,0,0.9996015670551,1,0.123985529712404,-0.00906108548288239,0.480409929507193,0,0.037455743645956,NA,0.03554247239826,0,0.00108403828263558,NA,0.138333333333333,0,0.0144299409273132,-0.00156493303061511
"S2",500,1,0.3,0.3,1,1,0.476808649284968,0.313916473498842,0.999857731412671,1,0.306722381308572,NA,0.898646993876296,1,0.260360123878268,NA,1,1,0.349376619111819,0.314390813985785
"S3",500,1,0.3,0,1,1,0.4818949819856,0.0541748989394446,0.999994511469132,1,0.336391938296137,NA,0.844512130079594,1,0.223105634192849,NA,1,1,0.303946844519589,0.024920121662639
"S1",500,0,0,0,0.999999987033886,1,0.183651108520419,-0.02495162867873,0.370933584929314,0,0.0296286435695338,NA,0.0335647988011936,0,0.000600372478277926,NA,0.0599444444444444,0,0.00250572263257802,-0.00239407244236239
"S2",500,1,0.3,0.3,1,1,0.459893498532398,0.305853963399368,0.999993514420632,1,0.372500728996699,NA,0.971199562767837,1,0.322075519770482,NA,1,1,0.298490181191858,0.412989980039821
"S3",500,1,0.3,0,1,1,0.431883149570353,-0.000113921846116365,0.999970493521181,1,0.274812232278793,NA,0.772539252226028,1,0.181689439576131,NA,1,1,0.245548979088138,-0.0513122424061039
"S1",500,0,0,0,0.999996892996307,1,0.148485630069899,0.014498429492509,0.870507183716199,0,0.0818595924715402,NA,0.0627677912657109,0,0.00428880981838839,NA,0.172666666666667,0,0.0185181745794038,0.00252098280453378
"S2",500,1,0.3,0.3,1,1,0.481849933154218,0.276577722388585,0.999982219993141,1,0.319277739209473,NA,0.977773161895669,1,0.297987871708393,NA,1,1,0.291062032942152,0.315366288462743
"S3",500,1,0.3,0,1,1,0.468300084728606,0.00368430744698736,0.99999901916507,1,0.342283191491245,NA,0.997342383694827,1,0.336246516599852,NA,1,1,0.354629847158212,-0.00448479855958665
"S1",500,0,0,0,0.999999578593259,1,0.18499691057038,3.95655447868e-06,0.0801538016609301,0,0.00655605151199014,NA,0.033477546417243,0,0.00063361358091837,NA,0.0351111111111111,0,-0.000598156246240583,-0.00141542126266039
"S2",500,1,0.3,0.3,1,1,0.398310885060728,0.303343079567058,0.987234705799286,1,0.198127183189301,NA,0.244120062159778,0,0.0458151752644756,NA,1,1,0.293076846457055,0.362903471998786
"S3",500,1,0.3,0,1,1,0.411835296730276,0.00927910208003027,0.99998582984196,1,0.280892387152871,NA,0.704385193736494,1,0.159491365142124,NA,1,1,0.270402904294769,0.0354235125472696
"S1",500,0,0,0,0.99999795704515,1,0.156270027014927,-0.011380512247685,0.282820830481304,0,-0.0222524296102969,NA,0.032571946444828,0,-0.000219098432336544,NA,0.135166666666667,0,-0.00725182577669496,0.0101829570743882
"S2",500,1,0.3,0.3,1,1,0.459146650103609,0.30872585867481,0.998835641770799,1,0.233269756303174,NA,0.829373641480118,1,0.203689118211155,NA,1,1,0.28363047059171,0.237229604711601
"S3",500,1,0.3,0,1,1,0.496508336300152,-0.0412284500971203,0.999984961794743,1,0.311875239064619,NA,0.942785874097667,1,0.277342047876776,NA,1,1,0.322863027574927,0.0384427901193073
"S1",500,0,0,0,0.999921962953529,1,0.133383089491073,0.0197707961244228,0.216743012763043,0,0.016366019635052,NA,0.034151973680765,0,0.000730275899345052,NA,0.0476111111111111,0,0.00118479930547652,-0.000699955230120137
"S2",500,1,0.3,0.3,1,1,0.418328366682421,0.325489918682994,0.999877250795213,1,0.301857434745142,NA,0.793784467550504,1,0.220063884656319,NA,1,1,0.270582838591337,0.322152207476059
"S3",500,1,0.3,0,1,1,0.410262924512713,-0.0167189468411673,0.999998685663486,1,0.306892995049936,NA,0.979890853087131,1,0.275942270017147,NA,1,1,0.284185028325331,-0.0331244337118517
"S1",500,0,0,0,0.999999745000096,1,0.167944783482021,-0.0276800352215369,0.605896540499879,0,0.0550062796612556,NA,0.0414535166431248,0,0.00215473875773337,NA,0.181222222222222,0,0.00140440008112545,-0.0156574639533755
"S2",500,1,0.3,0.3,1,1,0.513460697219166,0.299447450110329,0.999998454259694,1,0.380128851874586,NA,0.997000983724997,1,0.36374488727012,NA,1,1,0.449833312076638,0.30334059522779
"S3",500,1,0.3,0,1,1,0.447398591043661,-0.0141792094325989,0.999891443827953,1,0.257658821197537,NA,0.959834327980835,1,0.237714584443488,NA,1,1,0.250502278294914,-0.0956387800379215
"S1",500,0,0,0,0.999999765900974,1,0.168893598358391,-0.0255006172471067,0.233400435818448,0,-0.0187351228185904,NA,0.03360090086608,0,-0.000686457644868966,NA,0.146333333333333,0,-0.00770558500003046,-0.00999399868678876
"S2",500,1,0.3,0.3,1,1,0.43366569873154,0.299896189313314,0.996505760529689,1,0.222655814185053,NA,0.1530788498555,0,0.0229484658977725,NA,1,1,0.262136647102794,0.455745770033783
"S3",500,1,0.3,0,1,1,0.46376442421232,-0.00128298340319366,0.999958030178492,1,0.296903892340125,NA,0.707846893844525,1,0.182306291553393,NA,1,1,0.315688294152227,0.0382187974742054
"S1",500,0,0,0,0.99999717036141,1,0.16088138314754,-0.0255276685032152,0.37076590858441,0,0.0304842343816479,NA,0.0343545112672745,0,0.000865186134784595,NA,0.0493888888888889,0,0.00239736156963044,-0.00102273159503553
"S2",500,1,0.3,0.3,1,1,0.489870795092166,0.27683757139868,0.999985812291588,1,0.33610169897397,NA,0.901871312215107,1,0.273114818345173,NA,1,1,0.347916683812708,0.321825800110477
"S3",500,1,0.3,0,1,1,0.419490660995482,-0.0101316156021519,0.999679410165812,1,0.258443032013012,NA,0.719506121773721,1,0.174315399155921,NA,1,1,0.251987559020915,-0.0548133296831278
"S1",500,0,0,0,0.999999990591708,1,0.183434526100171,-0.0110407675368798,0.395879607047134,0,0.0304059741587395,NA,0.0338016423091641,0,0.000635759772245233,NA,0.0485,0,9.92881630397383e-05,-0.00137061526033901
"S2",500,1,0.3,0.3,1,1,0.428798515003365,0.317972934474284,0.999998378889604,1,0.345365566761728,NA,0.997230949157641,1,0.325095851604661,NA,1,1,0.382920283865437,0.308347926308051
"S3",500,1,0.3,0,1,1,0.485958644324454,0.0122310207001367,0.999996639327793,1,0.352512893421316,NA,0.948511718698375,1,0.296060687925583,NA,1,1,0.322221557897689,0.0552557371114615
"S1",500,0,0,0,0.999870062415078,1,0.146408502105376,0.0125670885538699,0.128877209887339,0,-0.0103675707699542,NA,0.0325146780273327,0,0.000198467491759755,NA,0.0653888888888889,0,0.00128512648755401,0.0029794767097031
"S2",500,1,0.3,0.3,1,1,0.469264885856681,0.311807939317211,0.995940474203653,1,0.236517509061148,NA,0.254439769766194,0,0.0503305854743211,NA,1,1,0.264530163040356,0.364639355252539
"S3",500,1,0.3,0,1,1,0.462122955689197,-0.0020977327238063,0.999999782081105,1,0.338097507558477,NA,0.996509102826204,1,0.307913189448373,NA,1,1,0.344707178991651,0.0131384807266825
"S1",500,0,0,0,0.999992563677224,1,0.162064617639478,0.0207488835462054,0.83693017647431,0,0.0831278843419341,NA,0.0605128695815882,0,0.00448558317642212,NA,0.127111111111111,0,0.0147926913734163,0.00130448617652405
"S2",500,1,0.3,0.3,1,1,0.474836490041366,0.321058195971504,0.999979923485303,1,0.311389944220364,NA,0.95931426539282,1,0.259342620360957,NA,1,1,0.346081874216519,0.349983910268944
"S3",500,1,0.3,0,1,1,0.444084741219513,0.00940141485634147,0.999999628919196,1,0.34268368895595,NA,0.985357232096482,1,0.305231062019535,NA,1,1,0.401902659211035,0.00883388206679418
"S1",500,0,0,0,0.999999999904524,1,0.189819553767161,0.0363227878079488,0.650746234028356,0,0.0522538410371045,NA,0.0537329511408616,0,0.0036708545216648,NA,0.06,0,0.00374346890068767,0.00144285489750974
"S2",500,1,0.3,0.3,1,1,0.551512061371662,0.310806057780481,0.999999910961361,1,0.425954724176866,NA,0.995925074233168,1,0.368410738684674,NA,1,1,0.429617480355045,0.351068991619151
"S3",500,1,0.3,0,1,1,0.461468795843225,-0.0193580470933069,0.999999878067887,1,0.354407267394754,NA,0.999228580495784,1,0.345501133394628,NA,1,1,0.27265678319219,-0.161272464698607
"S1",500,0,0,0,0.999999298579983,1,0.161476899492093,0.0307747102103937,0.419957856695729,0,0.0344470724467422,NA,0.0370011124164906,0,0.0012872150357655,NA,0.041,0,0.00165877833237391,0.000667107121839568
"S2",500,1,0.3,0.3,1,1,0.413032613311293,0.289395038445593,0.980061383237057,1,0.182247663964664,NA,0.17745069231488,0,0.0281614916581683,NA,1,1,0.13992353939258,0.233491409200444
"S3",500,1,0.3,0,1,1,0.429996300674594,-0.0154277205486537,0.999999587630456,1,0.322850175469797,NA,0.991529653541722,1,0.279325026745126,NA,1,1,0.309045040809876,-0.0048121642044282
"S1",500,0,0,0,0.9924661875905,1,0.0959496359963474,0.00251641975963441,0.0542695564558178,0,0.00378918414562718,NA,0.032872090756667,0,0.000346278125141847,NA,0.0542777777777778,0,0.00127919503691815,-0.00146699121837525
"S2",500,1,0.3,0.3,1,1,0.406795745042101,0.284674494888323,0.960751430092805,1,0.182549517756399,NA,0.261650164836466,0,0.0537967779320883,NA,1,1,0.225401891496529,0.241265618840944
"S3",500,1,0.3,0,1,1,0.455109332547902,0.0132466738359678,0.999890660456683,1,0.25915371808723,NA,0.970715898799253,1,0.270808102430351,NA,0.952166666666667,1,0.269841644356505,0.0141380515451005
"S1",500,0,0,0,0.99999233351065,1,0.144352004680508,-0.00101323453543836,0.156906976839696,0,-0.0116462241689467,NA,0.0325778289271225,0,0.000216048752862545,NA,0.0260555555555556,0,8.34824127797007e-06,-0.000606160875316842
"S2",500,1,0.3,0.3,1,1,0.523887492858288,0.285482410852058,0.999977081479537,1,0.360953175324733,NA,0.833663808360539,1,0.265013953810914,NA,1,1,0.352915681358388,0.23401510152986
"S3",500,1,0.3,0,1,1,0.492942987356016,-0.0136153919296561,0.999997061964014,1,0.33366351244695,NA,0.986356666199942,1,0.289556595412069,NA,1,1,0.317170917557205,-0.124532411634364
"S1",500,0,0,0,0.999999870063308,1,0.175930283100382,0.0167684786737271,0.792166008632026,0,0.0738742547870774,NA,0.0350703771235357,0,0.000990881416291481,NA,0.0827777777777778,0,0.00669857742798464,0.00186054237826568
"S2",500,1,0.3,0.3,1,1,0.457749796184921,0.297009012643134,0.999825582843123,1,0.321186778780045,NA,0.392943807741463,0,0.100010306372461,NA,1,1,0.238524962614754,0.205559310175156
"S3",500,1,0.3,0,1,1,0.493891117049211,0.00295266007751867,0.99997189544019,1,0.317281121389065,NA,0.86245124893982,1,0.251416645392839,NA,1,1,0.32722936230104,0.00444405155315839
"S1",500,0,0,0,0.999768380506417,1,0.122839327474869,-0.014739001406002,0.426986676024318,0,0.0316336615341191,NA,0.0325576706341627,0,0.000190370940691869,NA,0.101111111111111,0,0.00565459632888102,-0.00563260876222945
"S2",500,1,0.3,0.3,1,1,0.464933504778275,0.297625166323295,0.999999128539768,1,0.378923924042296,NA,0.999950678626714,1,0.407647548692157,NA,1,1,0.412251536932425,0.329894631759336
"S3",500,1,0.3,0,1,1,0.467075263784915,0.00516629961794127,0.999999131885477,1,0.319586970670926,NA,0.997281999175274,1,0.315036100087437,NA,1,1,0.295754966528117,-0.00249328450630793
"S1",500,0,0,0,0.999277575674483,1,0.114404597451249,0.0242367713593982,0.8260719482122,0,-0.0814210805528202,NA,0.124437111157127,0,-0.0146743178319838,NA,0.1555,0,-0.0127353631055142,0.00608845147554642
"S2",500,1,0.3,0.3,1,1,0.398116638551997,0.317114741081853,0.966122311188388,1,0.156915095280277,NA,0.178495930302625,0,0.0269195084930202,NA,1,1,0.216680319665178,0.330348881962261
"S3",500,1,0.3,0,1,1,0.441200150162481,0.000107005784764066,0.999999111039656,1,0.300266869361699,NA,0.999483329381641,1,0.317320436580027,NA,1,1,0.277607210300579,-0.0242828531420927
"S1",500,0,0,0,0.999270375922556,1,0.118913371746616,-0.00929681541089765,0.219996051777332,0,-0.0171852675295808,NA,0.0327436528806094,0,-0.000310901389376277,NA,0.0698888888888889,0,-0.00365540821895184,-0.00452859309751863
"S2",500,1,0.3,0.3,1,1,0.356076178727497,0.265669389015019,0.945338285258899,0,0.134889582629073,NA,0.0884525630194452,0,0.00972942232660678,NA,1,1,0.167882446581074,0.284476701819116
"S3",500,1,0.3,0,1,1,0.506500027151057,0.0152106380299533,0.999999952032934,1,0.354582729207153,NA,0.999189755814639,1,0.327332941692289,NA,1,1,0.353126920047597,0.0221624391353184
"S1",500,0,0,0,0.997332535046356,1,0.119236726301692,0.0019589728349301,0.434456445557244,0,-0.0375284274485558,NA,0.040479343655022,0,-0.00210785420543517,NA,0.0456111111111111,0,-0.00181216709709878,-0.000468630478281512
"S2",500,1,0.3,0.3,1,1,0.432252952954216,0.303079695721127,0.999536545116562,1,0.291524078184278,NA,0.906255507076593,1,0.269550979402295,NA,1,1,0.217599702429686,0.325013910559146
"S3",500,1,0.3,0,1,1,0.481162375366683,0.0201566832395165,0.999999999781461,1,0.400164177340638,NA,0.999896654691385,1,0.357759337385744,NA,1,1,0.391470559765122,0.000910750708242115
"S1",500,0,0,0,0.999884826221046,1,0.133064015460836,-0.0084048275698218,0.419689372543852,0,-0.0325470396043282,NA,0.038340773858634,0,-0.00148031572726875,NA,0.0287777777777778,0,-0.000499310730395545,0.000909293287331527
"S2",500,1,0.3,0.3,1,1,0.428695370487323,0.308931882004146,0.999617894983311,1,0.258095258756542,NA,0.741388116857697,1,0.171780124083321,NA,1,1,0.288621025350512,0.304489595431198
"S3",500,1,0.3,0,1,1,0.459350082246179,0.00811744431936649,0.999984292450116,1,0.292973721892146,NA,0.933850507233909,1,0.250851061607441,NA,0.9885,1,0.260606166999187,0.0132050436482781
"S1",500,0,0,0,0.999167921004247,1,0.123616651542445,-0.0125440438047754,0.393379983155252,0,0.0329698256715723,NA,0.0393919769374815,0,0.00190636882801516,NA,0.0323333333333333,0,0.0018865697016826,-0.000572927070756524
"S2",500,1,0.3,0.3,1,1,0.441157669454667,0.282769129920797,0.999192088530601,1,0.256167820329088,NA,0.714577858867916,1,0.177979404777874,NA,1,1,0.234039361651093,0.352675469628709
"S3",500,1,0.3,0,1,1,0.461969917471918,0.0174196715968129,0.999080668711477,1,0.243484679297079,NA,0.905177779078042,1,0.230372082053628,NA,0.993388888888889,1,0.256513050185468,0.0409890395175041
"S1",500,0,0,0,0.999999923836495,1,0.176950849346406,0.00792824391155141,0.70136422538972,0,0.0581618696247954,NA,0.044351550598524,0,0.00223788360207834,NA,0.084,0,0.00507941276679008,0.00292544882227362
"S2",500,1,0.3,0.3,1,1,0.431637177944561,0.265341170517245,0.999996165481487,1,0.299927151492096,NA,0.990831556089441,1,0.276007308682065,NA,1,1,0.329626736459277,0.206920780895198
"S3",500,1,0.3,0,1,1,0.538321921469299,-0.0370408367555602,0.99999996032753,1,0.398801694810798,NA,0.998989303012568,1,0.380850396348325,NA,1,1,0.38759843252491,-0.0360713415016804
"S1",500,0,0,0,0.999982823554625,1,0.156040969166966,-0.000486839334331354,0.0404068899128498,0,-0.00342185442517953,NA,0.0386000450434941,0,-0.00195255587170557,NA,0.0417222222222222,0,-0.00063053984045067,0.000638191146366014
"S2",500,1,0.3,0.3,1,1,0.489603254265815,0.29000910023369,0.999693402496049,1,0.298445306459751,NA,0.742999546563886,1,0.20994552249854,NA,1,1,0.307655583241159,0.245008828295988
"S3",500,1,0.3,0,1,1,0.476740102228154,0.00433328733871355,0.999825775881985,1,0.299000354104656,NA,0.490147582445644,0,0.118954592130751,NA,0.985666666666667,1,0.334840505362227,0.0304597468435725
"S1",500,0,0,0,0.9998440816438,1,0.133884056608545,-0.0180546225401283,0.214644671104148,0,-0.0166503328072625,NA,0.0340623451363749,0,-0.000753334830900195,NA,0.0645555555555556,0,5.46764310059468e-05,0.00352770740739172
"S2",500,1,0.3,0.3,1,1,0.443872719635158,0.324276261430067,0.999997789757934,1,0.36612924142752,NA,0.996407263507402,1,0.341465939728297,NA,1,1,0.424693274527866,0.419176826642623
"S3",500,1,0.3,0,1,1,0.482909374216593,-0.0171546696229155,0.999999791303352,1,0.353754599082454,NA,0.998209468020213,1,0.326820563369705,NA,1,1,0.373087935875806,0.00268246854825656
"S1",500,0,0,0,0.99999999030271,1,0.208434865718142,-0.00514090723806285,0.468306730781451,0,0.0415136638363418,NA,0.0378204679372392,0,0.00162351871966636,NA,0.0727222222222222,0,0.0054528686653227,0.00412103447755632
"S2",500,1,0.3,0.3,1,1,0.381662155185281,0.282103694877194,0.995159009639282,1,0.196384951003905,NA,0.756776865717632,1,0.166433544985783,NA,1,1,0.253242603870027,0.165142612204093
"S3",500,1,0.3,0,1,1,0.482816649854793,0.0253077653392416,0.999997750180253,1,0.324256403705191,NA,0.97226148546152,1,0.276491450361467,NA,1,1,0.389967984556548,0.0739910486549486
"S1",500,0,0,0,0.999953634059589,1,0.157628298988045,0.00206381079747432,0.450904399594535,0,0.0413537917550467,NA,0.0357595075075919,0,0.00131216656686974,NA,0.0743333333333333,0,0.00253582029663522,-0.00381249279316295
"S2",500,1,0.3,0.3,1,1,0.407012113747001,0.294754328077912,0.999991281448659,1,0.373895538033741,NA,0.920404438720809,1,0.30651385240207,NA,1,1,0.321120670674387,0.415858177455002
"S3",500,1,0.3,0,1,1,0.421650060019823,0.0080688290527302,0.999960915331424,1,0.273613500324788,NA,0.95593360142342,1,0.251365817425219,NA,1,1,0.256250023602608,0.0215984419129974
"S1",500,0,0,0,0.999999786868379,1,0.169835544103436,0.0379689708593075,0.317759391110943,0,0.0276678791261562,NA,0.0424465170188039,0,0.002334204161491,NA,0.117388888888889,0,0.00206611633460764,0.0083816329682761
"S2",500,1,0.3,0.3,1,1,0.417069329007011,0.302816231365937,0.999990229134385,1,0.32873047258843,NA,0.988160810600038,1,0.313828966723,NA,1,1,0.294905753684314,0.237519326083465
"S3",500,1,0.3,0,1,1,0.450815333757941,-0.00937398874736723,0.999997614196893,1,0.324727084849752,NA,0.965296186178782,1,0.291288945341618,NA,1,1,0.325086073452423,0.033062755857648
"S1",500,0,0,0,0.999995038519207,1,0.153599048865589,-0.00021664206876954,0.471530375035618,0,-0.0394987503250694,NA,0.036096197653803,0,-0.00122238507021873,NA,0.0517777777777778,0,-0.00401883130604836,0.00111424095758229
"S2",500,1,0.3,0.3,1,1,0.566461674995043,0.299264747645084,0.999999275689521,1,0.452889511257058,NA,0.978535874543967,1,0.405808430951307,NA,1,1,0.385769153262182,0.334651642841587
"S3",500,1,0.3,0,1,1,0.46973185363837,-0.011536467405244,0.999994969478335,1,0.304088300732946,NA,0.985758449019112,1,0.289888984654069,NA,1,1,0.298033828701721,0.0228905224268947
"S1",500,0,0,0,0.999966206186133,1,0.146191938079406,0.0132603923644526,0.202770216285821,0,-0.0154496743393477,NA,0.0324234612816656,0,-4.63480366604724e-05,NA,0.0630555555555556,0,-0.000709647804439528,0.00251532317087616
"S2",500,1,0.3,0.3,1,1,0.444659300229395,0.326212597652742,0.995466334072242,1,0.225331138506122,NA,0.453662603441602,0,0.101725078046325,NA,1,1,0.295374450417371,0.340820504498659
"S3",500,1,0.3,0,1,1,0.440009576935019,-0.0153876370100568,0.999959543374235,1,0.272606323707132,NA,0.784581096174869,1,0.181193410715596,NA,1,1,0.253070776052118,-0.0658156712101348
"S1",500,0,0,0,0.999425555644419,1,0.118827495406814,-0.0180985652017653,0.272642802562874,0,-0.0230917776303373,NA,0.0327162718508671,0,-0.00034675578954569,NA,0.0461111111111111,0,-0.00122013097905173,0.0011350834086676
"S2",500,1,0.3,0.3,1,1,0.477333448953133,0.29428520403211,0.999626732207558,1,0.272084226178288,NA,0.752265465592884,1,0.201984936861612,NA,1,1,0.256990029651556,0.310004342349541
"S3",500,1,0.3,0,1,1,0.51140082088352,0.0236923195794366,0.999912177231209,1,0.291029925235864,NA,0.803663194912771,1,0.210311060178212,NA,1,1,0.297380048427767,-0.0749471828347499
"S1",500,0,0,0,0.999999948148925,1,0.191744816151665,-0.00572692936199055,0.535402035387814,0,-0.0462353752317538,NA,0.0343700696870162,0,-0.000827508712854905,NA,0.110444444444444,0,-0.00766013063017112,-0.00751299855858199
"S2",500,1,0.3,0.3,1,1,0.480038068251697,0.308378208557871,0.998850360285131,1,0.255761541275282,NA,0.417037779127686,0,0.0898698307215722,NA,1,1,0.2954431450684,0.286819921551556
"S3",500,1,0.3,0,1,1,0.475029202003623,-0.0181861266215664,0.999999777386404,1,0.34358699029257,NA,0.998350537710435,1,0.318015530048154,NA,1,1,0.326185873935384,-0.0339177117711589
"S1",500,0,0,0,0.999857726895391,1,0.139389144444761,-0.00564034030139006,0.157527765413175,0,-0.0128799589943515,NA,0.0365541815575068,0,-0.00137955219385809,NA,0.0282222222222222,0,-0.000969712628257107,-0.000518158831663796
"S2",500,1,0.3,0.3,1,1,0.503688785126843,0.242365914270909,0.999998891819171,1,0.356348745517669,NA,0.952162263368331,1,0.293040408944863,NA,1,1,0.352608315756081,0.196953422156995
"S3",500,1,0.3,0,1,1,0.497012051262524,-0.00542841868585242,0.999999999974987,1,0.400569152714618,NA,0.999993207644941,1,0.379418620363404,NA,1,1,0.435852230336875,0.0441766406303422
"S1",500,0,0,0,0.999996215569603,1,0.143809749525698,0.0238032979484863,0.378863641737522,0,0.030324850406202,NA,0.0415472291173506,0,0.00202411260921859,NA,0.160555555555556,0,0.0137387080672494,0.00956879475281453
"S2",500,1,0.3,0.3,1,1,0.464078210739261,0.295455940133316,0.999958772273593,1,0.330119089440365,NA,0.67233473986326,1,0.185732533914032,NA,1,1,0.315501513929544,0.310129291472219
"S3",500,1,0.3,0,1,1,0.402411346574844,-0.00478795429572685,0.99987605933483,1,0.248256870699283,NA,0.423712980300635,0,0.081547089096597,NA,1,1,0.295631794644341,-1.81047033168436e-05
"S1",500,0,0,0,0.999775729309124,1,0.129523840683797,0.0218362270739897,0.016401030878852,0,0.00127266632497886,NA,0.0363587738883812,0,0.00119270477749381,NA,0.0723888888888889,0,-0.000484488160683654,-0.00337845442201712
"S2",500,1,0.3,0.3,1,1,0.445835979029217,0.310083009244824,0.999246208729437,1,0.250363723036366,NA,0.801085756226736,1,0.189512887129704,NA,1,1,0.201764793358404,0.243234272539502
"S3",500,1,0.3,0,1,1,0.480774960186885,0.0239870958749942,0.999992870392046,1,0.316051804084809,NA,0.997089401716458,1,0.30698145972293,NA,1,1,0.332490001988091,-0.0257395597191006
"S1",500,0,0,0,0.999940224330255,1,0.137049735479231,-0.00605129951198702,0.261051961035163,0,-0.0205356363953967,NA,0.0349734123274627,0,-0.000908307238120325,NA,0.0286111111111111,0,-0.000544109173021192,0.000850241918203705
"S2",500,1,0.3,0.3,1,1,0.453055863377636,0.305637113011951,0.999992171777392,1,0.329374602038793,NA,0.914813429972756,1,0.265936623831133,NA,1,1,0.325067084960745,0.319025478904794
"S3",500,1,0.3,0,1,1,0.433991507049281,-0.0159455833970359,0.999705257388018,1,0.266405244391301,NA,0.689143389328638,1,0.170665939298951,NA,1,1,0.26544399508272,-0.0669998982979795
"S1",500,0,0,0,0.999999965491878,1,0.176591154995106,-0.0299305742960298,0.585135982982439,0,0.0462084673904424,NA,0.0349375847475546,0,0.000847276958439029,NA,0.132944444444444,0,0.0140002619974018,-0.00155245941197837
"S2",500,1,0.3,0.3,1,1,0.417785850145628,0.304424193068219,0.999793771526215,1,0.253386918923605,NA,0.751420745792405,1,0.173873711922004,NA,1,1,0.253540426652365,0.271675021247709
"S3",500,1,0.3,0,1,1,0.409585487043181,-0.00101095207051679,0.995188699764472,1,0.199459047417323,NA,0.471723792962697,0,0.094371155401751,NA,0.594555555555556,1,0.117490027800997,0.0410189497599013
"S1",500,0,0,0,0.999755721360319,1,0.137388664329443,0.00304535590036663,0.480990483504585,0,0.0412582723404845,NA,0.0469868270515071,0,0.00294835753396846,NA,0.0507777777777778,0,0.000113187645713223,0.00201741049428993
"S2",500,1,0.3,0.3,1,1,0.421513361121043,0.276956719835249,0.999998817582739,1,0.348084977922341,NA,0.962823379138748,1,0.288846359822487,NA,1,1,0.326780133663375,0.32855354417138
"S3",500,1,0.3,0,1,1,0.45666294489658,0.0258332267440245,0.999989771807752,1,0.28639826168848,NA,0.986189209701735,1,0.2770161534226,NA,1,1,0.295586320245177,0.011580625232223
"S1",500,0,0,0,0.98802575515198,1,0.0988346722077209,-0.000325795065393715,0.483540434895519,0,-0.0419970904128537,NA,0.0349358109313404,0,-0.000958041394538648,NA,0.0435,0,-0.0035495509740558,0.000394813619322825
"S2",500,1,0.3,0.3,1,1,0.481725502865434,0.290099898410305,0.999979140892787,1,0.302075987264423,NA,0.920067391616766,1,0.252961483612801,NA,1,1,0.272539334736366,0.222076914207288
"S3",500,1,0.3,0,1,1,0.441854612450319,-0.0142366746558728,0.999999815704321,1,0.331502050945022,NA,0.999578591702149,1,0.318519564448247,NA,1,1,0.383117473009754,-0.0702902093954337
"S1",500,0,0,0,0.999988824202408,1,0.144636730323165,-0.0174501564334688,0.607859639252509,0,0.0465366570532161,NA,0.035198114975701,0,0.000855452756089851,NA,0.0379444444444444,0,0.00241650966043494,0.000764493821391508
"S2",500,1,0.3,0.3,1,1,0.500102844450639,0.303485043557831,0.999978803405597,1,0.362588355681239,NA,0.952401288010187,1,0.322693212266784,NA,1,1,0.305083002048064,0.199448945503886
"S3",500,1,0.3,0,1,1,0.466881759049796,-0.0115572317886492,0.999961292400621,1,0.293937745228173,NA,0.840593147537058,1,0.217400211272575,NA,0.953055555555556,1,0.256711881597963,-0.026574040582406
"S1",500,0,0,0,0.9999740790308,1,0.139892715639076,0.00280150740180582,0.244699998618794,0,-0.0183814662191469,NA,0.0326377543835577,0,-0.000251404497384134,NA,0.0343333333333333,0,-0.000704512823720154,0.00111455106261693
"S2",500,1,0.3,0.3,1,1,0.464946674528274,0.311995492506796,0.999999975849215,1,0.400801265139962,NA,0.999533100985977,1,0.35654470970766,NA,1,1,0.327627827934586,0.262409302049335
"S3",500,1,0.3,0,1,1,0.490274262094774,0.00125973445075802,0.999999999682085,1,0.428091854297352,NA,0.99979997983545,1,0.381370446518395,NA,1,1,0.45229020240026,0.0247478019871785
"S1",500,0,0,0,0.99844795555337,1,0.105580628407248,0.0113926641707011,0.266926792484084,0,-0.0195054334210841,NA,0.0359931486381739,0,-0.00108456223589704,NA,0.0848333333333333,0,-0.00371250602629363,0.00560163782977555
"S2",500,1,0.3,0.3,1,1,0.467824013869892,0.285180136378645,0.999998568819276,1,0.322990940446465,NA,0.9648066352885,1,0.257864078416732,NA,1,1,0.344363498774968,0.309634959173272
"S3",500,1,0.3,0,1,1,0.443043906260797,0.00924295797848933,0.999868425458951,1,0.272223643481449,NA,0.687675199746429,1,0.164973356208267,NA,0.983777777777778,1,0.258722546692959,-0.0236636334012232
"S1",500,0,0,0,0.999999995337317,1,0.193865066656061,-0.00494877022838932,0.30999355702943,0,0.0241268214282122,NA,0.0353430812658763,0,0.00100421216706484,NA,0.0587222222222222,0,0.00138015768339531,-0.00220765860742116
"S2",500,1,0.3,0.3,1,1,0.481148303297926,0.309686220469891,0.999905842703777,1,0.294701195262583,NA,0.749614591008021,1,0.185395579379772,NA,1,1,0.302723527834749,0.272819536549962
"S3",500,1,0.3,0,1,1,0.403581370829852,0.0228017733116836,0.99842458165982,1,0.215477158641077,NA,0.276917769296118,0,0.0469334440663551,NA,1,1,0.237928319352412,0.0265743407360901
"S1",500,0,0,0,0.999999794954447,1,0.17184497187808,0.0130345048300866,0.52045578016012,0,0.0421191876927825,NA,0.0391387544021029,0,0.00154206167153896,NA,0.0528333333333333,0,0.00386960094681249,-0.000265233733282646
"S2",500,1,0.3,0.3,1,1,0.43844198214018,0.312833829290013,0.999809717124818,1,0.268859292792545,NA,0.548442785853252,1,0.121113183783145,NA,1,1,0.258586142774982,0.186623595332313
"S3",500,1,0.3,0,1,1,0.45449798806103,-0.0349271796527799,0.999991609284517,1,0.309493260865282,NA,0.953808820094983,1,0.261599438844944,NA,1,1,0.293565793867972,-0.133339920276751
"S1",500,0,0,0,0.999979568475576,1,0.136707389758559,0.030781024263767,0.151443886625105,0,0.0119576069271868,NA,0.0332178248766753,0,0.000537119974595074,NA,0.0381111111111111,0,-0.00102322403443943,0.000750631506350039
"S2",500,1,0.3,0.3,1,1,0.413499626695403,0.293631961939306,0.999993120200329,1,0.356123945950668,NA,0.977374945970664,1,0.321359559580017,NA,1,1,0.275624920945057,0.380017623743312
"S3",500,1,0.3,0,1,1,0.495087719500935,-0.0243333831002295,0.999999999791352,1,0.417194748052703,NA,0.99995740085215,1,0.384048545771048,NA,1,1,0.434562758886454,-0.102887547543349
"S1",500,0,0,0,0.999277237828965,1,0.12644717301707,0.00170669662966761,0.604130657461986,0,-0.0536543185707433,NA,0.0536119099079406,0,-0.00417541956240576,NA,0.0506111111111111,0,-0.00337825836242053,-1.79653341571442e-05
"S2",500,1,0.3,0.3,1,1,0.449678436998871,0.314490782299262,0.999639912806345,1,0.289692292987696,NA,0.760481866192653,1,0.199971489450104,NA,1,1,0.332111722034203,0.281157107322202
"S3",500,1,0.3,0,1,1,0.412913659465825,-0.00139853357425431,0.999948842326721,1,0.262119558713379,NA,0.768218007096779,1,0.170478241054417,NA,1,1,0.279941045286145,-0.0559422308396062
"S1",500,0,0,0,0.999164521052306,1,0.123145132483659,0.00187013266764979,0.134328847216262,0,0.00978291851126731,NA,0.0342331504861434,0,0.000703682783393666,NA,0.0763333333333333,0,0.00347721881328576,0.0044313427510169
"S2",500,1,0.3,0.3,1,1,0.434115350820915,0.293941549246089,0.999982522560536,1,0.368979710673003,NA,0.948975730212907,1,0.308910214303785,NA,1,1,0.316160019800623,0.387408732606453
"S3",500,1,0.3,0,1,1,0.43762891771498,0.0104095894598345,0.999972838741097,1,0.27191264655272,NA,0.931972327445163,1,0.244145937418852,NA,0.900055555555556,1,0.206088826933625,-0.00993962445654133
"S1",500,0,0,0,0.999999979817556,1,0.205872376561712,0.00281462769193366,0.813081472053311,0,0.0791768208532224,NA,0.045949078120833,0,0.0026541048886967,NA,0.167,0,0.0209265863527281,-0.00169762445297936
"S2",500,1,0.3,0.3,1,1,0.422089458818848,0.319189343707448,0.999997655970923,1,0.362646901208893,NA,0.989742048658777,1,0.324280380944366,NA,1,1,0.3274975754513,0.419422338919652
"S3",500,1,0.3,0,1,1,0.417096550882923,-0.00179461845521656,0.999963414098138,1,0.278180618790591,NA,0.869887681024164,1,0.214414693191548,NA,1,1,0.276051512870759,-0.0132991701110496
"S1",500,0,0,0,0.999999826575883,1,0.176376247554133,0.00606843266635032,0.73958949808857,0,0.0650109954586688,NA,0.0641700571038296,0,0.00460870416572418,NA,0.167777777777778,0,0.0097086442833381,0.0112045415315684
"S2",500,1,0.3,0.3,1,1,0.46109277162922,0.284678832393405,0.9999975841311,1,0.330382885233202,NA,0.929396562168422,1,0.248139716951314,NA,1,1,0.290787742849209,0.348376518969881
"S3",500,1,0.3,0,1,1,0.470294284599598,-0.0203215209847818,0.999973267237223,1,0.291132597583562,NA,0.894469313978865,1,0.227655040491116,NA,1,1,0.300721993540241,-0.0602490592308671
"S1",500,0,0,0,0.999999025888138,1,0.170161182680969,0.0123435252434787,0.567337217264666,0,0.0481986181632774,NA,0.0562286678397181,0,0.00409919643852044,NA,0.0856666666666667,0,0.00518671888155556,0.00332010206865485
"S2",500,1,0.3,0.3,1,1,0.440465880538915,0.331309812443831,0.999955030221991,1,0.342893956745397,NA,0.723498908164518,1,0.203155804362644,NA,1,1,0.313581107418571,0.42337836473229
"S3",500,1,0.3,0,1,1,0.43893340073056,-0.0331616390740566,0.994263198491846,1,0.232363070539876,NA,0.410454422773629,0,0.0949799680599404,NA,0.755833333333333,1,0.17294528664936,-0.0619457034003537
"S1",500,0,0,0,0.999999568398018,1,0.170075267820205,0.00293290424842441,0.863080689069953,0,0.0838858980258015,NA,0.0635916090782836,0,0.00478447179274871,NA,0.118,0,0.01230869423778,-0.00146212511264134
"S2",500,1,0.3,0.3,1,1,0.477045440879163,0.298613254753479,0.999934989598113,1,0.315541721312686,NA,0.968892461841234,1,0.321109599965962,NA,1,1,0.287949612587477,0.308227963790966
"S3",500,1,0.3,0,1,1,0.43755102204241,0.0263077007757844,0.999837652215159,1,0.270769685456522,NA,0.920431482251535,1,0.247140460354572,NA,1,1,0.319582761036272,0.0146388677289125
"S1",500,0,0,0,0.999996708338366,1,0.155034891854381,-0.0392986911499995,0.421628397786189,0,0.0370298694071992,NA,0.0360432579029732,0,0.00134749722780028,NA,0.0604444444444444,0,0.0036774471833059,-0.00259385369491662
"S2",500,1,0.3,0.3,1,1,0.47833811176081,0.289188426778548,0.999854435678264,1,0.281170333051789,NA,0.897604327894615,1,0.225643347117938,NA,1,1,0.286377300571319,0.267828085666304
"S3",500,1,0.3,0,1,1,0.478080361984052,0.00170270164220753,0.999999991410699,1,0.369011600721201,NA,0.999993704058293,1,0.361659917628777,NA,1,1,0.399753522679553,0.0643399483073944
"S1",500,0,0,0,0.999999098301863,1,0.180761673019921,-0.000114593920067417,0.71367796253667,0,0.0679706143516509,NA,0.0548740123769891,0,0.00398009854593512,NA,0.0591666666666667,0,0.00385114941173819,0.00211888365072669
"S2",500,1,0.3,0.3,1,1,0.457049004643621,0.292696510963391,0.99978782977961,1,0.289767509183571,NA,0.914550229957981,1,0.25395389686489,NA,1,1,0.276762322596514,0.367440361900265
"S3",500,1,0.3,0,1,1,0.497682804203194,0.0116692008515987,0.999978718576254,1,0.316687764406264,NA,0.986573862203907,1,0.318863683243449,NA,1,1,0.330201951752054,0.0112721203629349
"S1",500,0,0,0,0.98551556804567,1,0.085872070845105,0.01888233912124,0.871713904705892,0,-0.0946091479347,NA,0.0717885510662376,0,-0.00663672691518136,NA,0.271,0,-0.0320443461598825,0.0193673635727692
"S2",500,1,0.3,0.3,1,1,0.431617355463421,0.275302258427534,0.999802091312924,1,0.27804975247793,NA,0.972889603518572,1,0.284678654063971,NA,1,1,0.282040216448327,0.244737391914088
"S3",500,1,0.3,0,1,1,0.443561316417722,0.00911936299220384,0.998352804889543,1,0.228617179848789,NA,0.266539331742284,0,0.0463039045513137,NA,0.383333333333333,0,0.0713814186896633,-0.00533293985646246
"S1",500,0,0,0,0.9999994466513,1,0.167141804372522,-0.00245108923910904,0.00642273808976135,0,0.000466919439360675,NA,0.0331897915592758,0,-0.000476955535777523,NA,0.1,0,0.00344319479102547,-0.00656474033987423
"S2",500,1,0.3,0.3,1,1,0.393469332577132,0.288835793581746,0.994608886852903,1,0.213089680982571,NA,0.280073164876745,0,0.0529128969008187,NA,1,1,0.20557504336395,0.248908786977619
"S3",500,1,0.3,0,1,1,0.429548446710719,-0.0109668923097451,0.999998556414283,1,0.326074752191268,NA,0.997064250327858,1,0.333979450812463,NA,1,1,0.297993439640179,0.0500169254635153
"S1",500,0,0,0,0.999997308450328,1,0.150685404035405,-0.0307474742589414,0.483287941258504,0,0.0394560853097136,NA,0.0359345328075659,0,0.00116345447569767,NA,0.0347222222222222,0,0.000899388997008352,-0.000723064335350811
"S2",500,1,0.3,0.3,1,1,0.44575312552268,0.267732421103708,0.99999989931063,1,0.38446359454868,NA,0.999064576351292,1,0.346242603371117,NA,1,1,0.396459508472001,0.321833965750997
"S3",500,1,0.3,0,1,1,0.439338089727238,0.0105925336831877,0.999999937695564,1,0.339488197893103,NA,0.998950986046695,1,0.314518625678531,NA,1,1,0.349952723606803,0.087950495049913
"S1",500,0,0,0,0.999997445756379,1,0.173970344070992,-0.00868728647645046,0.182812923486744,0,0.0148813374670477,NA,0.0327234080708734,0,-0.000357066653927186,NA,0.109111111111111,0,-0.00251131958339296,-0.0093222067746243
"S2",500,1,0.3,0.3,1,1,0.458865903217361,0.310451895915477,0.999992541543635,1,0.324223320101724,NA,0.988110617872969,1,0.289566792894061,NA,1,1,0.326720298799347,0.308969229307958
"S3",500,1,0.3,0,1,1,0.410311037981929,0.0146774638074912,0.998489930099258,1,0.236701733563832,NA,0.537148947117038,1,0.121926940506237,NA,0.943388888888889,1,0.210065003702967,-0.0184186457842912
"S1",500,0,0,0,0.999991065046275,1,0.152847861168623,0.00923666921042508,0.0975533046789354,0,0.007234801256842,NA,0.0325676292316564,0,-0.0002049359802251,NA,0.0332777777777778,0,0.00026687231821325,0.000555345793300542
"S2",500,1,0.3,0.3,1,1,0.458622348507738,0.300796007872091,0.999883885652563,1,0.299034959144937,NA,0.666463042844051,1,0.169594450926139,NA,1,1,0.331090463927571,0.236144612210939
"S3",500,1,0.3,0,1,1,0.502655079389493,0.00527504311707913,0.999998515523728,1,0.339788654739129,NA,0.872939074405673,1,0.238891552987867,NA,1,1,0.309982891483104,0.0516302410572161
"S1",500,0,0,0,0.999998687689045,1,0.17540599083471,0.0061916544064105,0.269422604703434,0,0.0226912327378862,NA,0.0325545189627829,0,0.000220776176605317,NA,0.0939444444444444,0,0.00745662139575734,0.00281580696637451
"S2",500,1,0.3,0.3,1,1,0.433014746769229,0.305953603746617,0.99993674415198,1,0.300344469709448,NA,0.645843081687733,1,0.151165345521227,NA,1,1,0.326104732816736,0.280442170559757
"S3",500,1,0.3,0,1,1,0.502612171581773,-0.0201318928693776,0.999999989467523,1,0.378232434522777,NA,0.998745264619629,1,0.338854116580511,NA,1,1,0.414844622033268,-0.0902814740108306
"S1",500,0,0,0,0.99997615250451,1,0.142752451572472,-0.0296947799802838,0.497823781670001,0,-0.0420545087302359,NA,0.0444462014339509,0,-0.00255153780538031,NA,0.0581111111111111,0,-0.00439850990855416,-0.000254817620328082
"S2",500,1,0.3,0.3,1,1,0.480149601364569,0.290130428690428,0.999984116417441,1,0.323893813427377,NA,0.737972360171985,1,0.189465043518796,NA,1,1,0.378164868827939,0.228335486950329
"S3",500,1,0.3,0,1,1,0.483426862382014,0.020707689094826,0.999999843265038,1,0.361467140486058,NA,0.99680418886166,1,0.314199497675038,NA,1,1,0.335076005773399,0.0123983723315137
"S1",500,0,0,0,0.999855794562994,1,0.130783649078014,0.0025486105993922,0.656836506186732,0,-0.0588185463282351,NA,0.0355230531627461,0,-0.00110890700188292,NA,0.0491666666666667,0,-0.00340538403107595,2.65358590009911e-05
"S2",500,1,0.3,0.3,1,1,0.409335462596738,0.273968207272851,0.972635379452194,1,0.173442472008656,NA,0.107381534505356,0,0.0147260662263164,NA,1,1,0.164548504034791,0.343968670552834
"S3",500,1,0.3,0,1,1,0.513100366289383,-0.009557501867788,0.999979908474091,1,0.323826385110696,NA,0.919485479693203,1,0.264866835820185,NA,1,1,0.323267493230099,0.0371728233842373
"S1",500,0,0,0,0.999765228110512,1,0.125577724582265,0.00392792501495755,0.44948450128808,0,-0.0339032974964864,NA,0.0326626252981994,0,0.000279720931206796,NA,0.0951666666666667,0,-0.0061228318837025,0.00282030079634966
"S2",500,1,0.3,0.3,1,1,0.44824066228354,0.304623775533761,0.999906207522627,1,0.321323731024514,NA,0.980927360317915,1,0.312515322978629,NA,1,1,0.286193718353156,0.300418570226161
"S3",500,1,0.3,0,1,1,0.436405713160026,0.0145418500058959,0.999995930339188,1,0.310894719724911,NA,0.947941056736536,1,0.264532900365283,NA,1,1,0.294566381636317,0.0625767441228024
"S1",500,0,0,0,0.999999985873628,1,0.194989595430651,0.0115627154210919,0.309542883233404,0,0.0257749223341394,NA,0.0362520714919626,0,0.00125204553709687,NA,0.0715,0,0.0034931083353502,0.00407460095506887
"S2",500,1,0.3,0.3,1,1,0.491721971487166,0.30670771191367,0.999919453783378,1,0.315793914898198,NA,0.931148162299445,1,0.272824294817897,NA,1,1,0.328442464235823,0.346033380299584
"S3",500,1,0.3,0,1,1,0.448678372193949,0.0124872379683513,0.999999894909418,1,0.337816810674547,NA,0.997169589268183,1,0.30843316914398,NA,1,1,0.321786738413314,-0.0567156641284446
"S1",500,0,0,0,0.999986337546148,1,0.149665970790786,-0.00124369555566991,0.193683261860045,0,0.0143231171523795,NA,0.0363615139784364,0,0.00117661077986078,NA,0.0549444444444444,0,0.000499031595792345,-0.00199309956824295
"S2",500,1,0.3,0.3,1,1,0.485271787831089,0.303361323502578,0.999998873241091,1,0.398042402403127,NA,0.999735250099863,1,0.395767004239466,NA,1,1,0.3977762164507,0.356487855940653
"S3",500,1,0.3,0,1,1,0.552586059408586,0.00606131071089566,0.999999933470245,1,0.426249303116442,NA,0.994192191576753,1,0.383498298533702,NA,1,1,0.454400268572226,0.0682351792333246
"S1",500,0,0,0,0.98709115928936,1,0.0988217936405831,0.00595038060884413,0.559459131766467,0,-0.0488201888311617,NA,0.0334868717506884,0,-0.000571112781325285,NA,0.048,0,-0.00397416710028959,-0.00231472312721944
"S2",500,1,0.3,0.3,1,1,0.484869313773254,0.296235238463784,0.989961065233692,1,0.205779119645538,NA,0.317633307933396,0,0.0620651183847868,NA,1,1,0.22430964611244,0.250191552171282
"S3",500,1,0.3,0,1,1,0.45524416358456,-0.0167164818103625,0.999989058713084,1,0.294464938113295,NA,0.916248520294024,1,0.228097202558916,NA,0.997888888888889,1,0.286740133556132,-0.0507250297494241
"S1",500,0,0,0,0.999843873884006,1,0.139411127464931,0.00443798264925454,0.146450286733764,0,0.0110996498113763,NA,0.0344940702241477,0,0.000787228850688273,NA,0.0465,0,0.00237440363079619,0.0011829630809453
"S2",500,1,0.3,0.3,1,1,0.382394944397715,0.329844129665084,0.998205812493075,1,0.25574781774438,NA,0.670698757810038,1,0.169605536532029,NA,1,1,0.279547218147919,0.378339630050326
"S3",500,1,0.3,0,1,1,0.452139149037552,0.00407350777208509,0.997279275806838,1,0.211617030575484,NA,0.465082476742591,0,0.0923027832134565,NA,0.689333333333333,1,0.145880547851167,0.000366605278079859
"S1",500,0,0,0,0.99999195849407,1,0.147751686407278,-0.0270072615115976,0.47815681002912,0,0.0360762158217069,NA,0.0468131660570916,0,0.00249721738991944,NA,0.0356111111111111,0,0.000307853411764271,-0.00179678912436126
"S2",500,1,0.3,0.3,1,1,0.408294970391205,0.304352018424411,0.995512368643395,1,0.203841586179078,NA,0.136736961141354,0,0.0186759358958748,NA,1,1,0.223002586558473,0.365129708354074
"S3",500,1,0.3,0,1,1,0.464047005583235,0.0079224164631372,0.999939036607133,1,0.297426443525574,NA,0.656499310723722,1,0.165129211795124,NA,1,1,0.309728564411129,0.099254051652862
"S1",500,0,0,0,0.999880140066618,1,0.140151270528124,0.000527774899768491,0.0597093098785724,0,-0.00495632553335836,NA,0.0327437406539207,0,0.00035303226820937,NA,0.0391666666666667,0,-0.00147342938152519,-0.000987237271057757
"S2",500,1,0.3,0.3,1,1,0.496356660915005,0.29326589241233,0.999999999993149,1,0.493845025408719,NA,0.999999200861283,1,0.447337492610496,NA,1,1,0.479495971260543,0.276657284837259
"S3",500,1,0.3,0,1,1,0.455555095572868,0.0236881214410315,0.9999965565244,1,0.323238406091768,NA,0.984328509551422,1,0.308651703934748,NA,1,1,0.308425260540267,-0.037852368025682
"S1",500,0,0,0,0.987831408726276,1,0.0925176872736443,0.0046504126127421,0.196188365308552,0,-0.0145896604391528,NA,0.0328584135794688,0,-0.000367022628103856,NA,0.0365555555555556,0,-0.000530016718495633,-0.000648812397247201
"S2",500,1,0.3,0.3,1,1,0.536527924439546,0.291606287135836,0.999956141521854,1,0.318912004391775,NA,0.979344722456058,1,0.2970949090368,NA,1,1,0.315306495061679,0.258146205063884
"S3",500,1,0.3,0,1,1,0.497016644460141,0.00328585991731645,0.99999661213788,1,0.363531094241318,NA,0.873947010490184,1,0.276811205722752,NA,1,1,0.335658808070358,0.0236303839722122
"S1",500,0,0,0,0.99999267605445,1,0.162990466879281,-0.00980884232567295,0.731689112971447,0,0.0628971781602357,NA,0.042033751381864,0,0.00196333929517021,NA,0.0789444444444444,0,0.00697220690963828,-0.00177043603455237
"S2",500,1,0.3,0.3,1,1,0.473334322792879,0.307340182468621,0.999982355154384,1,0.349614928154212,NA,0.97119746102279,1,0.319397170443782,NA,1,1,0.331320504155792,0.416543384270613
"S3",500,1,0.3,0,1,1,0.492399043922858,-0.00299021952447663,0.99999999998592,1,0.405826047471438,NA,0.999972427553822,1,0.354888502069115,NA,1,1,0.426223537359348,-0.0369634505549125
"S1",500,0,0,0,0.99999999244495,1,0.18833254697498,0.000373472546083779,0.320400014418357,0,0.0233566983932423,NA,0.0349127161924299,0,0.000873393570105807,NA,0.0646111111111111,0,0.00345944983768267,0.00285118038720958
"S2",500,1,0.3,0.3,1,1,0.503746247582054,0.274887872464841,0.999998969867282,1,0.367090024667347,NA,0.982986587470345,1,0.315605119460541,NA,1,1,0.394988141182572,0.279498983714734
"S3",500,1,0.3,0,1,1,0.441425613129958,-0.000677481585658137,0.999807515997642,1,0.261308880790456,NA,0.693842479356913,1,0.165006906424838,NA,0.954111111111111,1,0.221673105497128,0.0153399295634925
"S1",500,0,0,0,0.99984415071144,1,0.131992742299173,-0.00487865624241474,0.244988886224989,0,0.0177377796907723,NA,0.0338800527005419,0,0.000640663660295221,NA,0.0571111111111111,0,0.00241948824583937,0.00312008879957615
"S2",500,1,0.3,0.3,1,1,0.442575281294471,0.301085192747424,0.999999382287032,1,0.378205665142777,NA,0.994448379696553,1,0.350978306359852,NA,1,1,0.388823212674287,0.21576761686694
"S3",500,1,0.3,0,1,1,0.466435950674092,0.0174247801500005,0.999999842728963,1,0.365994006117308,NA,0.99641604764792,1,0.329801095882865,NA,1,1,0.355198565009013,0.109542160410884
"S1",500,0,0,0,0.999999999222189,1,0.198947035662722,0.00814610919029043,0.746704102589905,0,0.0679564167112404,NA,0.0723777870981852,0,0.00623497918871926,NA,0.0881666666666667,0,0.00653465325133919,-0.000980370623971788
"S2",500,1,0.3,0.3,1,1,0.398242972567147,0.302790832152918,0.999998686134978,1,0.340339629053127,NA,0.984196162523043,1,0.289696586944279,NA,1,1,0.31625364094588,0.310934253265097
"S3",500,1,0.3,0,1,1,0.441024655050799,-0.0125598890793979,0.999987475989283,1,0.300471000237734,NA,0.89788730992989,1,0.247084970679027,NA,1,1,0.324360265658804,0.00457246181983808
"S1",500,0,0,0,0.999977840237404,1,0.150737580614341,0.00206591970806636,0.556429323639552,0,0.0480551028940672,NA,0.0344772103473969,0,0.000878666599198887,NA,0.0325555555555556,0,0.00230461140000072,0.000616320796036723
"S2",500,1,0.3,0.3,1,1,0.514702540964923,0.326686253759305,0.999999957189037,1,0.411789514985015,NA,0.998764427783087,1,0.369440720288766,NA,1,1,0.450145073535182,0.274516263574382
"S3",500,1,0.3,0,1,1,0.454570227492,0.0164388212140506,0.999999149103843,1,0.31091470511605,NA,0.990272339432544,1,0.274215593952428,NA,1,1,0.365112844363416,0.00686575339325012
"S1",500,0,0,0,0.999999912201348,1,0.169747280528967,0.000845708881774822,0.651838884181129,0,0.0533746820684319,NA,0.0380455588887069,0,0.00145372095505837,NA,0.15,0,0.0172297505637243,-0.00098593717020305
"S2",500,1,0.3,0.3,1,1,0.483863491102907,0.328938536065641,0.999875471685268,1,0.303121690053101,NA,0.955713035024745,1,0.281171153641658,NA,1,1,0.239748927538811,0.388283092399205
"S3",500,1,0.3,0,1,1,0.438700142667263,0.0173782759622459,0.999781350553608,1,0.242338009947233,NA,0.836896343718705,1,0.19372174359315,NA,0.898222222222222,1,0.189500489923635,-0.0130991907090937
"S1",500,0,0,0,0.999999511812456,1,0.176132772896067,-0.0203404945675209,0.577343209283249,0,0.0476486408879527,NA,0.0373653399836118,0,0.00135557296150475,NA,0.0387222222222222,0,0.000745727605824583,-0.00116713265586685
"S2",500,1,0.3,0.3,1,1,0.468805591540882,0.280072074340769,0.999918466179269,1,0.295632380285555,NA,0.62052921820192,1,0.152031749946343,NA,1,1,0.340304660095869,0.267910251180686
"S3",500,1,0.3,0,1,1,0.461982292254795,0.023239427308972,0.999999948534207,1,0.361552172415131,NA,0.999617937033094,1,0.337420192731463,NA,1,1,0.348344197700707,0.0384477611769146
"S1",500,0,0,0,0.999999088159162,1,0.169594274767034,-0.0155756892483837,0.373620049556273,0,0.0304174066659654,NA,0.0373527967558554,0,0.00132688498422919,NA,0.0732777777777778,0,0.00402166182469054,-0.00385351957494835
"S2",500,1,0.3,0.3,1,1,0.419831396746109,0.311552211341793,0.997229124073414,1,0.247857003088887,NA,0.45747108531416,0,0.103391709942954,NA,1,1,0.284907503841439,0.262244986066257
"S3",500,1,0.3,0,1,1,0.489170593843704,-0.023477302153805,0.999999979660964,1,0.401214630495492,NA,0.99176731702617,1,0.342430434993863,NA,1,1,0.338050408969798,0.0146242186911877
"S1",500,0,0,0,0.99999997048513,1,0.191244934426025,0.0113514890500728,0.236400332966438,0,0.0185407560865735,NA,0.0375254895713743,0,0.00133799846244313,NA,0.721277777777778,1,0.0266875109672195,0.0880791882745811
"S2",500,1,0.3,0.3,1,1,0.430296189569941,0.308337324169696,0.958356749471177,1,0.162982426982773,NA,0.0865030125191696,0,0.01110247242263,NA,1,1,0.167569709924871,0.33700323095212
"S3",500,1,0.3,0,1,1,0.482117074199999,-0.0223965868056882,0.999982532201813,1,0.320422906588159,NA,0.97155265540072,1,0.303721709254406,NA,1,1,0.307697052666133,0.0168211152720438
"S1",500,0,0,0,0.999903959708649,1,0.137877890027373,-0.000256559639816719,0.245931822378636,0,-0.0180840929680585,NA,0.0375793559441402,0,-0.00133295146130215,NA,0.0437777777777778,0,0.000424963109687383,0.00197478393225766
"S2",500,1,0.3,0.3,1,1,0.506993889278511,0.328684850317156,0.999990327486901,1,0.3640582150749,NA,0.923313022390124,1,0.28947186007236,NA,1,1,0.386656549606111,0.423933152483146
"S3",500,1,0.3,0,1,1,0.409883937672708,-0.0133911753524398,0.999628844859814,1,0.247166861169359,NA,0.566791570655089,1,0.115237016150894,NA,1,1,0.27680294358002,-0.0974647709429975
"S1",500,0,0,0,0.999999543662804,1,0.158098474225782,-0.0312953596708903,0.164893921589022,0,0.0113738785476134,NA,0.033651867318757,0,0.000556331844409855,NA,0.303111111111111,0,-0.00624006866812326,-0.025676894897281
"S2",500,1,0.3,0.3,1,1,0.528420738311065,0.309496713950749,0.999999922841436,1,0.42292878165189,NA,0.999256010928955,1,0.374537214912185,NA,1,1,0.453308104231779,0.393745619120694
"S3",500,1,0.3,0,1,1,0.401751397664853,0.0218615264469546,0.984398953225445,1,0.177159859660556,NA,0.20760695604708,0,0.0344977947092485,NA,0.320555555555556,0,0.0554719737803181,0.00947826843717189
"S1",500,0,0,0,0.99988075659371,1,0.129637466697827,-0.000452804625606598,0.192890410238709,0,-0.01367938946449,NA,0.038197517365927,0,-0.00141040230429109,NA,0.0503333333333333,0,0.000475311664255558,-0.00211646506831162
"S2",500,1,0.3,0.3,1,1,0.445534278581039,0.299708929144255,0.99999903077745,1,0.386597658134272,NA,0.99058406469007,1,0.341930930927339,NA,1,1,0.439848881362301,0.353283752765536
"S3",500,1,0.3,0,1,1,0.431770224343299,0.00803081512758442,0.99998351327429,1,0.296251301324266,NA,0.982663369056921,1,0.276133798445218,NA,1,1,0.308795596981074,0.04160797531999
